Price,Close,High,Low,Open,Volume
2021-08-10,1.960498332977295,1.9746920145859852,1.960498332977295,1.9658209900182924,6127240
2021-08-11,1.951627492904663,1.9675952540352422,1.9338854420920513,1.9640468861731057,10815670
2021-08-12,1.9587241411209106,1.9675951661308944,1.9392080130000982,1.9640467984272847,9148590
2021-08-13,1.9675952196121216,1.9995309528164922,1.9427564335097915,1.9640468518120637,22406420
2021-08-16,1.9800145626068115,1.9924339540173843,1.9658208817796292,1.9693692491109505,8502970
2021-08-17,1.9640469551086426,1.9817890065439778,1.9640469551086426,1.9800149283016062,4753600
2021-08-18,1.951627492904663,1.9817889369857176,1.9498532032226303,1.969369543717275,17100340
2021-08-19,1.9303369522094727,1.949853079968535,1.9285626626395964,1.949853079968535,6376530
2021-08-20,1.9232401847839355,1.9409822361295748,1.916143448846454,1.9303371322233525,6249820
2021-08-23,1.9427564144134521,1.9587241751077198,1.9267884422172614,1.9267884422172614,8124560
2021-08-24,1.951627492904663,1.9835632266677503,1.9498532032226303,1.9498532032226303,12984690
2021-08-25,1.9267884492874146,1.9622725500732572,1.9267884492874146,1.9516274467386587,6526490
2021-08-26,1.903723955154419,1.9374339815858117,1.9001755869779429,1.9285629553936474,9442980
2021-08-27,1.8895301818847656,1.9090463095019674,1.8895301818847656,1.9037236523329437,7679760
2021-08-31,1.9463046789169312,1.9480789684563469,1.896626898334322,1.9019495554506571,13256210
2021-09-01,1.9853371381759644,1.9924340848063675,1.9463046719654353,1.9569499861600848,13627890
2021-09-02,2.0137245655059814,2.0190472227719742,1.9871114906779368,1.9871114906779368,16662570
2021-09-03,1.997756838798523,2.026143992191231,1.9942082595602533,2.015498888982186,8536240
2021-09-06,1.9959825277328491,2.0243698923224605,1.9835631350381138,1.9942082381327786,11282920
2021-09-07,1.956950306892395,2.013724831731066,1.9569503068923948,1.9906601215304338,8810830
2021-09-08,1.9143691062927246,1.9587242334330428,1.9143691062927246,1.9569501552485877,10576430
2021-09-09,1.951627492904663,1.9569501504488325,1.905498076191101,1.912594811915374,8351980
2021-09-10,1.9250141382217407,1.9587239452886205,1.9250141382217407,1.9516272105909294,7118760
2021-09-13,1.9196914434432983,1.9338851240595856,1.9143687867744537,1.9267881780004947,4264920
2021-09-14,1.9285627603530884,1.956950125897905,1.9179174453983003,1.9321111281707088,12496040
2021-09-15,1.9285627603530884,1.9374337856481028,1.9143690775806799,1.9356594959883293,10370210
2021-09-16,1.9161432981491089,1.935659426193282,1.9090463512678397,1.9250143231242562,8980810
2021-09-17,1.8522717952728271,1.9267883612166659,1.8522717952728271,1.91614325836864,16643140
2021-09-20,1.8096908330917358,1.8469492235381948,1.8043681756705383,1.8469492235381948,23998610
2021-09-21,1.804368257522583,1.8363039919965538,1.7954972319188096,1.825658888173186,8877950
2021-09-22,1.813239336013794,1.825658941422871,1.7990458638353173,1.8150136257870735,6654640
2021-09-23,1.8114650249481201,1.8345297315269715,1.8043680782689822,1.8203360496706082,9953830
2021-09-24,1.7813035249710083,1.8238845742041907,1.7715454603871654,1.811465180824403,10266720
2021-09-27,1.8008198738098145,1.8185619248619758,1.784852112463642,1.7919488482837338,14413310
2021-09-28,1.8256587982177734,1.8256587982177734,1.7919487756832635,1.8025940904840398,15172160
2021-09-29,1.8842076063156128,1.8842076063156128,1.8256587979245908,1.834529823089839,20941720
2021-09-30,1.8984014987945557,1.8984014987945557,1.8363041042695283,1.8842078146603192,15413440
2021-10-01,1.8842076063156128,1.8948527096127565,1.8646912663512978,1.8895302637151463,10590450
2021-10-04,1.9250141382217407,1.9516272105909294,1.8842073849552714,1.8842073849552714,14491390
2021-10-05,1.907272458076477,1.9463049294507855,1.8877561166383532,1.9303371675482763,18498540
2021-10-06,1.873562216758728,1.9090463160038538,1.8717879271957059,1.8966269235684428,10982250
2021-10-07,1.8682397603988647,1.8930787594416814,1.8593687346339884,1.8806591541693043,10106900
2021-10-08,1.873562216758728,1.885981609194139,1.8664654815104686,1.8717879271957059,9056090
2021-10-11,1.8717880249023438,1.9072723375016523,1.87001394674863,1.8984013122273065,11687240
2021-10-12,1.8646912574768066,1.8771106503486625,1.8593686001026049,1.8682396252256337,8951010
2021-10-13,1.8593686819076538,1.877110732934293,1.8522719460977706,1.8629170498125953,8982450
2021-10-14,1.8717880249023438,1.8859817076416818,1.8540459743536524,1.8558202640092918,8882340
2021-10-15,1.85759437084198,1.8771104976236235,1.8434006894995727,1.873562130163498,10281050
2021-10-18,1.8753366470336914,1.8877560404009655,1.8522719384933646,1.8593686742741125,13801690
2021-10-19,1.8930788040161133,1.901949829989867,1.878885120157719,1.878885120157719,11586400
2021-10-20,1.8788851499557495,1.9019498601536904,1.8664657556959185,1.8930788340392475,14884810
2021-10-21,1.8984014987945557,1.901949866952628,1.8629171827079916,1.8859818929883823,6882800
2021-10-22,1.9374340772628784,1.9392083671897107,1.8913046541848177,1.8984016023901893,10409200
2021-10-25,1.9711434841156006,1.9746920632316225,1.9267883601844682,1.9338853069145978,16624310
2021-10-26,1.9871114492416382,1.9906598168443348,1.971143477776633,1.9817887920866364,12710390
2021-10-27,1.9853371381759644,1.994208162837535,1.971143456417069,1.987111427709043,7287960
2021-10-28,1.9693695306777954,1.9871115813729348,1.965821162839153,1.9871115813729348,3403320
2021-11-01,2.0598537921905518,2.0598537921905518,1.9729176287695482,1.9729176287695482,24613020
2021-11-02,2.091789960861206,2.091789960861206,2.0137248051733803,2.066950961164285,20863520
2021-11-03,2.1219513416290283,2.123725631374879,2.0385637421108465,2.0811445809918943,26969570
2021-11-04,2.1379191875457764,2.176951656113096,2.1308222404868578,2.157435316078474,20854820
2021-11-05,2.0687248706817627,2.123725306362696,2.065176503235036,2.118402649441653,20363120
2021-11-08,2.139693021774292,2.139693021774292,2.075821563034534,2.075821563034534,12039280
2021-11-09,2.139693021774292,2.1698546732081168,2.127273630214311,2.139693021774292,12892560
2021-11-10,2.1787259578704834,2.191145350915258,2.1237255167411497,2.1343706201358454,14879740
2021-11-11,2.1964681148529053,2.2159842444403264,2.171629116057185,2.178726063499649,14014380
2021-11-12,2.164532423019409,2.2266296039866225,2.146790371314491,2.1982422366579777,14329790
2021-11-15,2.207113027572632,2.2337261022971604,2.16808056027704,2.16808056027704,23719560
2021-11-16,2.1964681148529053,2.2159842444403264,2.171629116057185,2.212435876470062,21497380
2021-11-17,2.2000162601470947,2.2195325992610924,2.194693602979467,2.196467892535981,18894340
2021-11-18,2.191145181655884,2.208887230778449,2.1716288430202986,2.200016206217166,40295730
2021-11-19,2.182274341583252,2.2337262037876484,2.1734033162720165,2.2000163922057236,28984340
2021-11-22,2.1858227252960205,2.2142100910990923,2.1822743574461185,2.1893710931459225,17391590
2021-11-23,2.1556613445281982,2.200016472707393,2.0917898753493844,2.185822789389664,58867220
2021-11-24,2.240823268890381,2.240823268890381,2.1592097471302645,2.1592097471302645,64908710
2021-11-25,2.2443716526031494,2.2692106518570183,2.2319522587271843,2.2621137042836534,39655750
2021-11-26,2.152113199234009,2.2301781483052943,2.141467882768853,2.226629779984228,27839800
2021-11-29,2.215984344482422,2.2177586342986233,2.1467904256816897,2.1556614517588066,34677870
2021-11-30,2.2266294956207275,2.2496942040149928,2.2035647872264623,2.2159841805150884,30172110
2021-12-01,2.249694347381592,2.267436399353688,2.2408233213955437,2.2443716894895744,29073430
2021-12-02,2.329533338546753,2.3419529428348014,2.2479198233774778,2.249694112990605,43139550
2021-12-03,2.343726873397827,2.3756626039101723,2.3366301383959316,2.3401785058968794,21143520
2021-12-06,2.402275800704956,2.4838893149246988,2.334855968719332,2.3863080403802717,32132690
2021-12-07,2.467921495437622,2.498082937273378,2.41646942501012,2.41646942501012,28949990
2021-12-08,2.5193731784820557,2.558405853840719,2.4892117387519144,2.4892117387519144,27063210
2021-12-09,2.616955041885376,2.6346970927590183,2.49808313183043,2.5264704978290293,25091830
2021-12-10,2.682600259780884,2.707439254867752,2.6240514567570057,2.6275998241974428,36711060
2021-12-13,2.8156661987304688,2.886634402675163,2.714536338907734,2.725181654100211,47753790
2021-12-14,2.8671181201934814,2.9008279306640548,2.7606656084662737,2.879537512919381,48014690
2021-12-15,2.9292151927948,2.971796026793708,2.847601680877995,2.9256668252118763,32615640
2021-12-16,3.0392160415649414,3.078248507636557,2.89727943598304,2.9700219225497997,40052870
2021-12-17,3.115507125854492,3.3426054154607003,2.9664737741588905,3.085345470682647,63818000
2021-12-20,3.101313352584839,3.186475235139435,2.8830858831311152,2.936312033289998,40571210
2021-12-21,2.7926013469696045,3.095990699380911,2.7926013469696045,3.095990699380911,36852800
2021-12-22,2.5140507221221924,2.6222773005905506,2.5140507221221924,2.6098576976665213,77478000
2021-12-23,2.483889579772949,2.5885678123468594,2.409373004475789,2.537115735199769,33884450
2021-12-24,2.558406114578247,2.5814708219584666,2.490986282044498,2.492760360149487,13312590
2021-12-27,2.5655031204223633,2.64179398602836,2.5317933063532205,2.5761484361820624,28148150
2021-12-28,2.5655031204223633,2.6311488817706032,2.5477610684908267,2.620503566010904,16046220
2021-12-29,2.590341806411743,2.6293742736350256,2.538889735138488,2.5637287317365165,13631380
2021-12-30,2.5956647396087646,2.6684070245535954,2.5956647396087646,2.6169551593120826,13824330
2021-12-31,2.6276001930236816,2.641793876279648,2.593890380354954,2.606309773890699,10306340
2022-01-03,2.7003424167633057,2.725181412846168,2.611632169685752,2.6826003673477947,13759610
2022-01-04,2.638245105743408,2.773084758845577,2.6205030572563808,2.7021165648974677,37231340
2022-01-05,2.6932458877563477,2.723407331771086,2.632922788224943,2.6471164711442103,21157330
2022-01-06,2.680826425552368,2.7021168436326204,2.654213350076572,2.680826425552368,13540880
2022-01-07,2.600986957550049,2.7021168123903334,2.5885675647719903,2.6950200769462773,30646610
2022-01-10,2.625826120376587,2.647116539554741,2.6098581473665208,2.6098581473665208,31343190
2022-01-11,2.57614803314209,2.6453421517507856,2.5708253760949735,2.6453421517507856,18321140
2022-01-12,2.5796964168548584,2.65243890345063,2.567277024668288,2.6506646139231584,29353410
2022-01-13,2.5956647396087646,2.6134067912785195,2.5708257403699446,2.579696766204822,18730730
2022-01-14,2.625826120376587,2.6488908292787263,2.593890385858389,2.5974387538044255,38182590
2022-01-17,2.6400198936462402,2.6790523653869114,2.627600288158896,2.6559876556986244,33952390
2022-01-18,2.508728504180908,2.640019810541847,2.508728504180908,2.640019810541847,33295030
2022-01-19,2.583245038986206,2.595664643898637,2.4395343411594723,2.5193735707294507,40456860
2022-01-20,2.5725998878479004,2.6222776720759366,2.5353414968013914,2.593890306373651,21865320
2022-01-21,2.5708255767822266,2.5867933376681638,2.530018818238034,2.569051287127378,12264060
2022-01-24,2.467921495437622,2.577922159986686,2.457276181141749,2.5672770571927264,13775370
2022-01-25,2.4572763442993164,2.4945347353068312,2.416469585458211,2.4785667628027848,11897290
2022-01-26,2.5211477279663086,2.5335671207242716,2.4590505526745745,2.4590505526745745,13394410
2022-01-27,2.5974388122558594,2.5974388122558594,2.524696315966444,2.524696315966444,21508910
2022-01-28,2.5796964168548584,2.631148486630522,2.570825392221321,2.6222774619969846,24812520
2022-01-31,2.57614803314209,2.615180498984429,2.57614803314209,2.5992127393449884,8821040
2022-02-01,2.5885672569274902,2.608083594330552,2.5832446002264833,2.586792967526523,14786210
2022-02-02,2.590341806411743,2.6116322238515415,2.581470781520001,2.602761198959799,18762260
2022-02-03,2.5477607250213623,2.5956644279800574,2.5229219402665612,2.579696456493188,25625860
2022-02-04,2.49276065826416,2.553083762588284,2.4679218698084266,2.553083762588284,16677170
2022-02-07,2.5317931175231934,2.5317931175231934,2.4555020461053103,2.499857384127918,18154380
2022-02-08,2.5371158123016357,2.590342180847923,2.5051800757746423,2.5317933657987597,11302470
2022-02-09,2.6222779750823975,2.6222779750823975,2.5388901580096226,2.561954868870136,12627710
2022-02-10,2.5619544982910156,2.6080839133395592,2.5619544982910156,2.6080839133395592,11690800
2022-02-11,2.574373722076416,2.5814706685804683,2.5122765505509763,2.5459863590640235,9358620
2022-02-14,2.5477607250213623,2.561954406953497,2.5069539687796913,2.5371154106967824,16699660
2022-02-15,2.6045355796813965,2.6080839474618807,2.5282445091404018,2.5708255570119856,12539170
2022-02-16,2.592115879058838,2.6258259004779907,2.5885675114099573,2.6258259004779907,9587420
2022-02-17,2.5566318035125732,2.6151806105241944,2.547760778556325,2.6151806105241944,12181070
2022-02-18,2.6063098907470703,2.615180916742048,2.5672774186695557,2.5672774186695557,8089400
2022-02-21,2.592115879058838,2.6258259004779907,2.5779221969614006,2.616954875604832,6286970
2022-02-22,2.5495352745056152,2.5743740617927737,2.526470565452148,2.5672773258541386,10761800
2022-02-23,2.5300185680389404,2.5885673713338995,2.5300185680389404,2.5459863273457906,9943740
2022-02-24,2.3419530391693115,2.4501796339757904,2.2780815714963194,2.3863081663027983,37060780
2022-02-25,2.3809854984283447,2.46437330627948,2.343727107196904,2.343727107196904,16165740
2022-02-28,2.1432416439056396,2.370340143862962,2.1432416439056396,2.370340143862962,34390450
2022-03-01,2.082918882369995,2.168080772109622,2.0527572255337145,2.1450160627944403,32148050
2022-03-02,2.0137245655059814,2.1024348149327974,2.0137245655059814,2.0900154223134266,24882860
2022-03-03,2.0048534870147705,2.0669506599549607,2.0030791974728572,2.024369825968167,40980630
2022-03-04,1.9090465307235718,2.0030794465998762,1.9072724524629252,1.9959827105534125,45778600
2022-03-07,1.955175757408142,1.9835631218084193,1.8859816359956851,1.8877559255839218,46774220
2022-03-08,1.9445302486419678,1.9693692428865042,1.921465543808433,1.9551755621041829,38063560
2022-03-09,1.9924345016479492,2.0154992128938343,1.9516277373670694,1.9658214220954566,54110780
2022-03-10,1.956950306892395,2.0296928056400945,1.9427566228072406,2.011950541907192,42033620
2022-03-11,1.9782408475875854,2.0172733225692916,1.9356597927423036,1.9569504259159238,45320500
2022-03-14,1.9871114492416382,2.011950233962428,1.9746920568812432,1.9888857387939431,23934780
2022-03-15,2.024369955062866,2.0509830308772146,1.990659932130203,1.990659932130203,44784630
2022-03-16,2.058079719543457,2.08824137397986,2.042111959019884,2.042111959019884,35242150
2022-03-17,2.0722734928131104,2.0900155437291663,2.0563057315894318,2.0722734928131104,29547180
2022-03-18,2.1450157165527344,2.1450157165527344,2.0722732323394726,2.086466913588634,39608790
2022-03-21,2.164532423019409,2.173403448871868,2.1450160815432233,2.146790371314491,26263720
2022-03-22,2.18937087059021,2.2053388415444717,2.1574351401835936,2.1663061646575477,29294180
2022-03-23,2.1609840393066406,2.196468142459134,2.148564434001717,2.1946938527007345,27388460
2022-03-24,2.1290478706359863,2.1734029905446746,2.1201768466542488,2.1698546232523586,28420180
2022-03-25,2.114854574203491,2.145016018920921,2.111306206266488,2.130822335670974,23893310
2022-03-28,2.164532423019409,2.1805001849530594,2.1201772937571137,2.1201772937571137,28052920
2022-03-29,2.3809854984283447,2.3809854984283447,2.2355005128594274,2.2355005128594274,134538580
2022-03-30,2.4146952629089355,2.528244512551083,2.405824237694796,2.430663235195542,115095150
2022-03-31,2.3809854984283447,2.4306632829029557,2.3685661051851743,2.420017967836279,39411950
2022-04-01,2.4306631088256836,2.4714698649895745,2.3827596174602084,2.3827596174602084,51375700
2022-04-04,2.499857187271118,2.5087282118766856,2.450179407179557,2.450179407179557,34053470
2022-04-05,2.49276065826416,2.5282447626306053,2.4395345017144927,2.5069543423111273,44160370
2022-04-06,2.4714701175689697,2.5105025881705503,2.453728066249894,2.485663800924618,35601360
2022-04-07,2.467921495437622,2.4856635449294684,2.455501891591799,2.4714698630356087,24782140
2022-04-08,2.4874377250671387,2.4909863043126794,2.4661473071035025,2.4750183322135113,31501300
2022-04-11,2.583245038986206,2.5885676965912574,2.487437836601073,2.5016315197139,54994360
2022-04-12,2.599212884902954,2.6364710633154385,2.5459865229529806,2.6063096203619263,39866660
2022-04-13,2.5725998878479004,2.6471164584389912,2.531793128964088,2.6134066467317134,42133340
2022-04-14,2.574373722076416,2.597438428086247,2.570825354575344,2.5832447465800503,28376160
2022-04-15,2.5974388122558594,2.5974388122558594,2.558406340967221,2.5867934966762585,18085040
2022-04-18,2.6027612686157227,2.636471079505729,2.5956645331131702,2.6187290292474263,25432110
2022-04-19,2.58501935005188,2.6169550844441836,2.5459866682935455,2.6169550844441836,37808720
2022-04-20,2.57614803314209,2.6116321314536544,2.556631694469966,2.5903417147670975,45803480
2022-04-21,2.6967945098876953,2.6967945098876953,2.5921162735523193,2.5938905633977463,91155320
2022-04-22,2.6559877395629883,2.8351827648760293,2.6524393713839656,2.7500206595678,86869340
2022-04-25,2.625826120376587,2.6559875651708,2.5548579154481175,2.6559875651708,37076590
2022-04-26,2.57614803314209,2.668406646451775,2.5601800620007404,2.6524388868123348,30805210
2022-04-27,2.5690510272979736,2.5956643119194567,2.5140508030853206,2.570825316773374,30803060
2022-04-28,2.6276001930236816,2.6400197980613607,2.56905138178153,2.5725999612219717,30858350
2022-04-29,2.625826120376587,2.6435681716087043,2.58501936024233,2.6293744883226235,22787910
2022-05-05,2.721633195877075,2.750020349611674,2.631148654249843,2.636471100167507,43705100
2022-05-06,2.8245372772216797,2.8706666952520514,2.6684069718114882,2.696794338522784,49571880
2022-05-09,2.7677624225616455,2.9274410889407947,2.762439976600612,2.8351824684232287,43063710
2022-05-10,2.748246192932129,2.7855045823025324,2.718084538917079,2.7677623209103115,10521320
2022-05-11,2.7003424167633057,2.744697751803995,2.6559872932245288,2.7269554908865716,37156670
2022-05-12,2.5974388122558594,2.691471728202537,2.5743741028346836,2.677278044597049,31149410
2022-05-13,2.6524393558502197,2.679052434289954,2.6027615671289928,2.6027615671289928,22579960
2022-05-16,2.7180845737457275,2.7482462281472593,2.6648584233927957,2.6648584233927957,28142380
2022-05-17,2.6879231929779053,2.748246291673426,2.661310117186274,2.72518158368696,19269500
2022-05-18,2.682600259780884,2.6967939410445365,2.6471161623727038,2.6914712841329287,19767230
2022-05-20,2.5989158153533936,2.7879279197158087,2.5989158153533936,2.7879279197158087,28375660
2022-05-23,2.532761573791504,2.644278713924554,2.532761573791504,2.60269592165668,28766870
2022-05-24,2.534651517868042,2.5648935071702494,2.5252009243760924,2.5327615343616054,21567080
2022-05-25,2.536541700363159,2.551662694857295,2.5214207058690232,2.538431909169896,18382760
2022-05-26,2.5554428100585938,2.5648934031673347,2.534651415091399,2.5441020082001398,17114560
2022-05-27,2.5384318828582764,2.5648934539587924,2.5289812895623895,2.55733306945005,13640800
2022-05-30,2.7066524028778076,2.725553588241655,2.557332903311471,2.56111309532026,44914560
2022-05-31,2.672630548477173,2.7879278833157,2.668850130689735,2.746345090213326,26748380
2022-06-01,2.674520492553711,2.7274438622770365,2.6631799153186653,2.7123228673103825,22062250
2022-06-02,2.6593992710113525,2.7028720433417135,2.649948678127357,2.6801906654841057,15853130
2022-06-03,2.674520492553711,2.7028722736212143,2.6631799153186653,2.6669601077303473,18649850
2022-06-06,2.7161033153533936,2.7274438927149984,2.674520522401054,2.6858613250825885,22285710
2022-06-07,2.6934216022491455,2.7350043935381065,2.67641062422724,2.717993190196281,20268480
2022-06-08,2.559222936630249,2.7217734493813497,2.559222936630249,2.7047622470297648,29183690
2022-06-09,2.6329379081726074,2.646168694186961,2.5365417630453106,2.561113351540497,23045050
2022-06-10,2.58001446723938,2.6650698075268613,2.5611132805088284,2.632937835148908,26195080
2022-06-13,2.5535526275634766,2.591355225707024,2.547882451895864,2.580014423731968,21041780
2022-06-14,2.5630030632019043,2.598915450368494,2.551662487243956,2.551662487243956,22333580
2022-06-15,2.5989158153533936,2.6083664093055177,2.5365418502053876,2.572454017095486,14352940
2022-06-16,2.5497725009918213,2.632937858536946,2.5422121163604103,2.6026958693714604,12506030
2022-06-17,2.629157543182373,2.629157543182373,2.542211997390406,2.549772381668007,17953090
2022-06-20,2.583794593811035,2.636717960374628,2.568673599747164,2.6310475594356872,14866780
2022-06-21,2.6008057594299316,2.6102563524196953,2.5837945568564114,2.6008057594299316,18651420
2022-06-22,2.65372896194458,2.6896411229679336,2.566783421660814,2.5989153907848506,29453880
2022-06-23,2.665069580078125,2.693421357754287,2.625377226523438,2.6593991794789127,15690440
2022-06-24,2.6461687088012695,2.6896414847913177,2.629157730305998,2.665069896160427,16406190
2022-06-27,2.5894649028778076,2.5894649028778076,2.5894649028778076,2.5894649028778076,218990
2022-06-28,2.5856847763061523,2.668849904833026,2.5648933815144783,2.5894649684537536,32235440
2022-06-29,2.5062994956970215,2.606475822115159,2.5062994956970215,2.5894648455980738,25485970
2022-06-30,2.566783905029297,2.566783905029297,2.4609371599963326,2.5044099383248692,19678370
2022-07-01,2.557332992553711,2.5800143707178504,2.528981213518559,2.561113184694416,18821680
2022-07-04,2.498739242553711,2.561113201914407,2.498739242553711,2.5573330097482856,12582240
2022-07-05,2.525200605392456,2.583794367768941,2.4968488284980075,2.57056358361551,33180460
2022-07-06,2.7406747341156006,2.769026513739152,2.5989156106779294,2.5989156106779294,80094000
2022-07-07,2.791707992553711,2.8181697896772158,2.7142130353404856,2.742564815981433,44648840
2022-07-08,2.8918843269348145,2.8975547281225165,2.778477204460472,2.8106091774308846,27051900
2022-07-13,2.8899941444396973,2.954258085955882,2.871092958662007,2.8994447373285426,37796050
2022-07-14,2.8786535263061523,2.9769398788700094,2.854081938165188,2.8899943286234966,41208770
2022-07-18,3.005291700363159,3.0128520851313,2.8465215923528726,2.8918843516015684,37167010
2022-07-19,3.0544345378875732,3.0695553057435387,3.003401157754039,3.0241925515358417,32120140
2022-07-20,3.0676658153533936,3.1186989783673584,3.060105204890624,3.099797790190339,30313900
2022-07-21,3.0449836254119873,3.109247788083216,3.0355330331356205,3.0676652271311813,24008650
2022-07-22,3.018522262573242,3.0865666217213827,2.986390291711029,3.0506542334354556,23500380
2022-07-25,3.2075343132019043,3.2226553067810872,3.0034012378627915,3.0204124401343373,55284270
2022-07-26,3.2699084281921387,3.290699823528687,3.192413473195822,3.20753446750241,33619720
2022-07-27,3.3039305210113525,3.3285021079398036,3.266128148912169,3.2888095271076967,38677600
2022-07-28,3.3379523754119873,3.383315127378785,3.292589398125301,3.3190511912058405,31119750
2022-07-29,3.462700843811035,3.462700843811035,3.3417331100487346,3.3417331100487346,61756460
2022-08-01,3.5137336254119873,3.543975611920724,3.4702608543006415,3.506173241444754,41426240
2022-08-02,3.4532501697540283,3.5175141148699867,3.443799576335804,3.5118439390749883,42041250
2022-08-03,3.3492932319641113,3.511843745233228,3.334172463585503,3.4532499791464435,42998320
2022-08-04,3.4570302963256836,3.496722878055483,3.362524363940366,3.3757551494103275,54154260
2022-08-05,3.4532501697540283,3.4872723511236203,3.3663046201783957,3.4645907466639456,30320940
2022-08-08,3.440019369125366,3.5401957039884207,3.417337764763981,3.494832720585569,31490150
2022-08-09,3.5156240463256836,3.547756018106302,3.419227905663914,3.4437994930208276,65306680
2022-08-10,3.629031181335449,3.629031181335449,3.4872722828379215,3.5250746557705956,51827140
2022-08-11,3.5231845378875732,3.8029226005098957,3.4816019716528626,3.751889215478287,86323540
2022-08-12,3.534525156021118,3.6006793069129825,3.49672278408291,3.528854755166405,41184680
2022-08-15,3.49672269821167,3.576107632268419,3.4494697344493304,3.543975661974009,34859950
2022-08-16,3.7178666591644287,3.723537059743065,3.4834918293666717,3.502393014415528,101055330
2022-08-17,3.780241012573242,3.8161534031360134,3.6914052532421238,3.723537451461425,45631960
2022-08-18,3.7027456760406494,3.7991418101775736,3.6101297338597047,3.7991418101775736,32908210
2022-08-19,3.685734987258911,3.7575595413081913,3.6781743774369295,3.719757168158035,22962030
2022-08-22,3.685734987258911,3.7292077614455743,3.661163399647326,3.670613992934865,23384150
2022-08-23,3.884197473526001,3.9238898281174346,3.7121963690168327,3.7121963690168327,48284010
2022-08-24,3.8237133026123047,3.9314500099895078,3.8161529188847405,3.897428057895576,29126110
2022-08-25,3.9598021507263184,4.010835305971539,3.8256034196505575,3.8256034196505575,35180620
2022-08-26,4.012725353240967,4.0354069562179005,3.8860874547793145,3.9635821805508185,36116630
2022-08-29,3.921999931335449,4.003275076321634,3.7953615793692017,4.003275076321634,43903450
2022-08-31,3.9049887657165527,3.9352307537765214,3.8369444052415793,3.9219999684952525,32634000
2022-09-01,3.812373161315918,3.8993187158256486,3.80481277628026,3.8993187158256486,29484240
2022-09-02,3.8652963638305664,3.9257798885902178,3.7953615701200056,3.8142627561023628,28378240
2022-09-05,3.899318218231201,3.9238898044413935,3.8369442610268383,3.865296264592371,32331900
2022-09-06,3.9598021507263184,3.986263720017943,3.840724638274203,3.9314501474568604,35942030
2022-09-07,3.9957149028778076,4.016506073414198,3.785911411443901,3.9484617099934676,36335080
2022-09-08,4.111011981964111,4.162045141539753,4.003275261677773,4.003275261677773,43524330
2022-09-09,4.069429397583008,4.165825309829426,4.03918741021948,4.156374491623405,36703680
2022-09-12,4.1696062088012695,4.230089739873951,4.046748261772613,4.075099818385461,34319120
2022-09-13,4.233869552612305,4.436112189764122,4.169605612877302,4.213078384025052,73968260
2022-09-14,4.403980731964111,4.420991935862441,4.120462920191231,4.224419225854692,57094390
2022-09-15,4.328375816345215,4.528728485784181,4.288683459409516,4.409650964337245,56726940
2022-09-16,4.428552150726318,4.441782936370541,4.313255046889618,4.392639760754951,45760040
2022-09-19,4.2905731201171875,4.540068946406317,4.256551166823126,4.42666183457304,20170720
2022-09-20,4.356727600097656,4.371848368454379,4.092110548736488,4.29057322459741,41867550
2022-09-21,4.139363765716553,4.426661971503825,4.063759022155673,4.347276810508974,28447450
2022-09-22,4.139363765716553,4.199847290181366,4.063759022155673,4.14125374911363,24641880
2022-09-23,4.199847221374512,4.277342397702669,4.118572078314129,4.139363697900611,28990970
2022-09-26,4.152595043182373,4.1960678209487785,4.039187914393456,4.1885074358241585,18613130
2022-09-27,4.145034313201904,4.290573404641895,4.107231940083989,4.173385867720424,26766980
2022-09-28,4.033517360687256,4.165825672615071,4.033517360687256,4.116682495199626,15367720
2022-09-29,3.850174903869629,4.092110339696977,3.7840209823885753,4.063758787816466,22342750
2022-09-30,3.7859110832214355,3.9257797649581208,3.7821306658880904,3.8558454240897784,31133250
2022-10-03,3.969252824783325,3.9768136599993196,3.7859113582723247,3.7859113582723247,23858870
2022-10-04,4.012725353240967,4.082660145539908,3.952241829702163,4.0183957539852,28046090
2022-10-05,4.037297248840332,4.094000809986309,3.9843741053600246,4.024066462970255,20856390
2022-10-06,3.978703737258911,4.092110860493691,3.9616925335817395,4.041077700102025,28467180
2022-10-07,4.058088779449463,4.082660367128171,3.9749231977800643,3.984374016413338,52272600
2022-10-10,4.231980323791504,4.2489910781048925,4.073209978840737,4.088331200123606,42231390
2022-10-11,4.243319988250732,4.3113643463881575,4.173385646749432,4.260331190445041,30277980
2022-10-12,4.390749931335449,4.409651118724656,4.167715649758894,4.2811232247339905,46263460
2022-10-13,4.298133850097656,4.489036152498567,4.281123097401216,4.420991789793284,32522840
2022-10-14,4.7253007888793945,4.7253007888793945,4.3321558677930625,4.369958238052914,54916710
2022-10-17,4.919038772583008,5.018270121769403,4.800906235486817,4.843434020943825,45971730
2022-10-18,4.696949005126953,4.9804672459507975,4.681828236573067,4.9804672459507975,44023430
2022-10-19,4.568421363830566,4.7253012611523815,4.568421363830566,4.708290057643314,47210320
2022-10-20,4.685608863830566,4.685608863830566,4.547629704059159,4.574091726173034,53161290
2022-10-21,4.564640998840332,4.68938892473322,4.564640998840332,4.685608957669708,32185160
2022-10-24,4.600553035736084,4.644025808099866,4.523057858579872,4.583541833339869,31229650
2022-10-25,4.517388343811035,4.636465870781709,4.489036337084752,4.630795469436452,35675720
2022-10-26,4.530618667602539,4.594882608769164,4.492816296252782,4.492816296252782,16953750
2022-10-27,4.572201728820801,4.630795729127739,4.532509367817947,4.583542532147297,27674760
2022-10-28,4.4417829513549805,4.589212478699106,4.4417829513549805,4.581652094111165,11630200
2022-10-31,4.532508850097656,4.53439883355623,4.434222500014504,4.4606840709938655,20725300
2022-11-01,4.5476298332214355,4.604333846047509,4.519278277448253,4.555190668691481,25949590
2022-11-02,4.420991897583008,4.589212599636991,4.4172114798694935,4.589212599636991,32519540
2022-11-03,4.708289623260498,4.739476601496582,4.608113296237914,4.649696084099293,130509440
2022-11-04,4.838708877563477,4.857610066513338,4.619454995617104,4.73947752291673,90404010
2022-11-07,4.791455268859863,4.961565938817563,4.791455268859863,4.914312749620518,55621120
2022-11-08,5.0796990394592285,5.15057838068411,4.805631592451221,4.810357002036843,153979590
2022-11-09,4.994643211364746,5.126951969085549,4.942665060528612,5.084424186292422,47992760
2022-11-10,5.169478416442871,5.297061742985384,5.008818582091213,5.027719765581982,180313140
2022-11-11,5.112775802612305,5.268710707637792,5.07497342870551,5.207282188019135,32052610
2022-11-14,5.155303478240967,5.1931058513582,4.994643167172806,5.103325327864729,39988990
2022-11-15,5.2214579582214355,5.230908326364904,5.01826986077866,5.178930174976218,39696260
2022-11-16,5.060797214508057,5.297062256360646,5.0229948438628265,5.282886480028636,41524930
2022-11-17,5.070248126983643,5.268710819528971,4.909588259787768,5.160029104898833,49622630
2022-11-18,5.2214579582214355,5.297062705928559,4.961566299998317,4.985192896316754,45197220
2022-11-21,5.5522284507751465,5.561679268700592,5.245084078434996,5.245084078434996,50385680
2022-11-22,5.651460647583008,5.698713843136259,5.457723356966446,5.552229297433078,59231470
2022-11-23,5.779042720794678,5.80266931516263,5.580580499767375,5.651459832231425,36981970
2022-11-24,5.736515522003174,5.831021450981847,5.61365758901099,5.812120265186112,28689600
2022-11-25,5.651460647583008,5.79794519328619,5.651460647583008,5.712889621546286,27711030
2022-11-28,5.906626224517822,5.916077042784163,5.646734580511074,5.6656357664039385,59647190
2022-11-29,5.916077136993408,6.062561217335805,5.831021573801162,5.944428690964274,35531810
2022-11-30,6.076736927032471,6.076736927032471,5.89717543485928,5.925527439156024,36109520
2022-12-01,5.9822306632995605,6.190144148167866,5.897175105795273,6.105088590663578,51975850
2022-12-02,6.0483856201171875,6.109814589732921,5.930253090234586,6.038934801419457,33632470
2022-12-05,5.916077136993408,6.1239901851257805,5.816845796815729,6.0720120357526435,41284820
2022-12-06,6.1050896644592285,6.1239908527135345,5.859373766513375,5.906626962469078,45382890
2022-12-07,5.963329792022705,6.119264688555737,5.812120304630629,6.11453927941478,33498320
2022-12-08,5.94442892074585,6.015308259052675,5.831021799198991,5.93970351135477,26937690
2022-12-09,6.128715515136719,6.152342110233678,5.986956395194778,5.986956395194778,32717550
2022-12-12,6.331902980804443,6.440585135065791,6.171243129882141,6.171243129882141,38397360
2022-12-13,6.398057460784912,6.549266946803167,6.3508042710843,6.383881684130654,27129290
2022-12-14,6.23739767074585,6.520915931041509,6.086188172262752,6.402783397691627,35525120
2022-12-15,6.331902980804443,6.412233131585498,6.2704744661034555,6.284650242523698,21746500
2022-12-16,6.388607501983643,6.4453110628684875,6.331903490458955,6.331903490458955,5616980
2022-12-19,6.502014636993408,6.653224132994236,6.412233660763033,6.539817010993615,35629230
2022-12-20,6.601245880126953,6.657949440257312,6.492563718563887,6.502014537238866,38042180
2022-12-21,6.412233352661133,6.743004785229448,6.3933321665692135,6.6154214411291274,47190910
2022-12-22,6.412233352661133,6.535091287578517,6.3933321665692135,6.464211952393777,32459730
2022-12-23,6.516190528869629,6.516190528869629,6.398057995387119,6.412233773225862,22397540
2022-12-26,6.511465072631836,6.558718265941557,6.473662698239999,6.530366259827754,23981370
2022-12-27,6.4264092445373535,6.634322280688476,6.4264092445373535,6.5350909462291265,31276130
2022-12-28,6.379156589508057,6.487838300281442,6.336628806808962,6.426409781538125,28428530
2022-12-29,6.4264092445373535,6.4547607968744245,6.355529462415076,6.383881465391946,22049090
2022-12-30,6.402782917022705,6.483113069721279,6.360255136107011,6.45476106556421,28042910
2023-01-02,6.492563247680664,6.511464433019946,6.407508138973799,6.421683915318309,28070950
2023-01-03,6.511465072631836,6.558718265941557,6.421684546111186,6.502014704353801,33228560
2023-01-04,6.539816856384277,6.780807322918168,6.497289073979493,6.549267224340988,46489590
2023-01-05,6.379156589508057,6.653224021746845,6.346079625470911,6.5965204616946655,31168460
2023-01-06,6.421684265136719,6.440585451505634,5.991681937264017,6.142891428215342,46067360
2023-01-09,6.057835578918457,6.539816484584821,5.991681655062939,6.511464481046879,67762150
2023-01-10,5.712889671325684,6.053111510609958,5.712889671325684,6.053111510609958,28247810
2023-01-11,5.278162002563477,5.78376913715622,5.278162002563477,5.712889792347103,49111880
2023-01-12,5.363216876983643,5.438821621751441,5.065522856480568,5.344315690791693,49900730
2023-01-13,5.150578022003174,5.41046967279559,5.103325281357172,5.367941890766308,37703650
2023-01-16,5.339590072631836,5.349040440038081,5.150577767469053,5.263985330822646,28991300
2023-01-17,5.396293640136719,5.509700753084787,5.349040451088453,5.396293640136719,45117590
2023-01-18,5.434095859527588,5.684536672961455,5.405743856761585,5.4624478622935895,54282020
2023-01-19,5.467173099517822,5.5286020664454165,5.401019174087967,5.448271913589318,25683460
2023-01-20,5.476624011993408,5.538052979977507,5.443547048709596,5.48134942121676,37006580
2023-01-23,5.35849142074585,5.585305653058565,5.29233704433473,5.5286020949803865,59018810
2023-01-24,5.301787853240967,5.363216820376394,5.169479100653977,5.358491411218326,27662320
2023-01-25,5.2214579582214355,5.405744418097588,5.084424240342314,5.358491676100558,36282280
2023-01-26,5.126952171325684,5.23090847709866,5.0986001647986,5.221458108682869,24825710
2023-01-27,4.980467319488525,5.093874437236616,4.900137165090338,5.027720510536811,33001900
2023-01-30,4.9662909507751465,5.089148872352252,4.96156554210531,4.985192134814718,22181200
2023-01-31,4.93321418762207,5.0371709387915296,4.8717856694181245,4.956840783429652,40319240
2023-02-01,4.674267768859863,4.9568405622952865,4.674267768859863,4.933213967541734,35531120
2023-02-02,4.6194539070129395,4.7158498127489485,4.413430860818143,4.679937877655014,57996530
2023-02-03,4.833982467651367,4.8387078765712515,4.606223255518478,4.657256410061795,32718190
2023-02-06,4.7253007888793945,4.786729753211603,4.536288937580139,4.734751606764258,6510540
2023-02-07,4.411540985107422,4.696948742758007,4.35861739684546,4.696948742758007,16237380
2023-02-08,4.243319988250732,4.243319988250732,4.243319988250732,4.243319988250732,570
2023-02-15,4.848159313201904,4.848159313201904,4.434222722167414,4.434222722167414,27583880
2023-02-16,4.651585578918457,5.150577178290963,4.630794412491188,5.004093120452022,24730740
2023-02-17,4.710180282592773,4.739476828255157,4.536289189485178,4.621344301973146,16259260
2023-02-20,4.700729846954346,4.7961807773373755,4.679938675655827,4.717741051093059,15073440
2023-02-21,4.843433856964111,4.881236231503863,4.679938564547695,4.696949317642686,28442640
2023-02-22,4.7820048332214355,4.989918341549237,4.734752090885005,4.843433803834657,24918920
2023-02-23,4.76310396194458,4.895412280154186,4.708290380637209,4.782005150260238,22647210
2023-02-24,4.914313316345215,4.923764135530428,4.748928036362747,4.772554633685917,26097130
2023-02-27,4.994643211364746,5.008819439389014,4.84343371755793,4.956840837913042,32081010
2023-02-28,5.2639851570129395,5.2639851570129395,5.018269303606471,5.046621306168676,52234280
2023-03-01,5.070248126983643,5.230908444819371,5.041896571271368,5.1080509523330955,47280690
2023-03-02,5.074973106384277,5.212006815753096,5.070247697286087,5.103325110333605,26359990
2023-03-03,4.9379401206970215,5.126952456567074,4.84815958787266,5.103325858253332,21311460
2023-03-06,5.349040985107422,5.382118400999399,4.9237640437749395,4.947390640657822,47795530
2023-03-07,5.434095859527588,5.7554164545565625,5.325414158644138,5.481349047257659,64401430
2023-03-08,5.642009258270264,5.642009258270264,5.320689093142931,5.391568428672827,33769840
2023-03-09,5.878274440765381,5.925527632589216,5.538053081937174,5.642009382925875,65500730
2023-03-10,5.911351680755615,5.982231015758704,5.755416783236963,5.812120341367398,36328290
2023-03-13,5.892450332641602,5.949153889212418,5.717614253888298,5.911351518165207,26927520
2023-03-14,5.906626224517822,6.010582972248485,5.717614365589179,5.901900815384652,22571450
2023-03-15,5.8451972007751465,5.977505500736544,5.7554166813184375,5.95387935658044,29619840
2023-03-16,6.067286014556885,6.128714976150721,5.8735487629515895,5.906625722794509,30893550
2023-03-17,5.859373569488525,6.138166424844874,5.840472381869783,6.11453982766148,35229380
2023-03-20,5.571130275726318,5.8073953433154575,5.566404866220971,5.797944974944616,32187230
2023-03-21,5.566404819488525,5.68453735229132,5.443547327859905,5.59475682564273,23242760
2023-03-22,5.760141372680664,5.760141372680664,5.575854933225058,5.604206485153709,16689770
2023-03-23,5.764867305755615,5.793219310902144,5.689262559551319,5.764867305755615,12503600
2023-03-24,5.774317741394043,5.79794433567591,5.5758550704500385,5.764866923425374,14711080
2023-03-27,5.968055248260498,6.024758806480001,5.774317978350571,5.779042936888996,33551520
2023-03-28,5.930253028869629,6.043660148229853,5.916077251609559,5.982231179249773,43332010
2023-03-29,6.123990058898926,6.128715468009945,5.77904285467135,5.887725011025726,31136950
2023-03-30,6.128715515136719,6.20904566808249,6.048385362190946,6.123990105989363,18252660
2023-03-31,6.067286014556885,6.128714976150721,5.8735487629515895,6.114538749955373,28842320
2023-04-03,6.020033359527588,6.053110772927946,5.7743179421182065,6.053110772927946,29410770
2023-04-04,6.067286014556885,6.1098137918633695,5.972780093120129,6.038934012805968,22136990
2023-04-05,6.029484272003174,6.123990203252162,5.991681899503579,6.095638198557552,12401840
2023-04-06,5.949153900146484,6.062561013496551,5.887724934421913,6.03420946047894,12052630
2023-04-07,5.94442892074585,5.972780926452486,5.854648395514547,5.949154330136929,7969480
2023-04-10,6.057835578918457,6.095637949875842,5.953879284105554,5.953879284105554,11423290
2023-04-11,6.227946758270264,6.237397125779846,6.057835636699662,6.067286454849056,19187350
2023-04-12,6.119264602661133,6.289375724229228,6.10981423515169,6.275199497005346,19019170
2023-04-13,5.986956596374512,6.147616907664725,5.986956596374512,6.133440679746294,17267090
2023-04-14,5.916077136993408,6.062561217335805,5.9113517277849885,5.977505654143558,11130290
2023-04-17,5.873549461364746,5.949154207504175,5.849922865536216,5.925527611675645,9017760
2023-04-18,5.977506160736084,6.034210174763119,5.868824443570636,5.892451040975257,14991290
2023-04-19,5.94442892074585,6.048385674150391,5.911351956287977,5.977505885203723,10804510
2023-04-20,5.939703941345215,6.010583735423054,5.930253572518762,5.949154760811544,4422590
2023-04-24,6.053110599517822,6.076736743304323,5.920801850986423,5.939703036399507,18182160
2023-04-25,6.001132011413574,6.175968089428952,5.953879273123903,6.0625609767659725,36524220
2023-04-26,6.034209728240967,6.0720121010350985,5.859373190768322,5.953879573393481,18641860
2023-04-27,6.010583400726318,6.086188149687429,5.986956804016009,6.024759178496564,11247550
2023-04-28,5.949153900146484,6.246847910670267,5.835746786796419,6.062561013496551,30915800
2023-05-02,5.906626224517822,6.062561120793907,5.831021480946364,5.944428596303551,17904890
2023-05-03,5.9538798332214355,6.053111178796454,5.76486751036243,5.897175820915839,30027140
2023-05-04,5.94442892074585,6.057836042292708,5.901901137505817,5.930253143212453,21486510
2023-05-05,5.934978485107422,6.005857822608165,5.906626479723222,5.9586046305144444,19833540
2023-05-08,6.199594974517822,6.242122756420005,5.939703324502125,5.958604510832004,18525250
2023-05-09,6.5776190757751465,6.6059706296225515,6.237397275127515,6.237397275127515,38222580
2023-05-10,6.653224468231201,6.691026844136162,6.553993118820713,6.596520904373761,31076180
2023-05-11,7.276963710784912,7.314766084557314,6.615421719128045,6.71937847232207,70684670
2023-05-12,7.215534687042236,7.626635360422542,7.154105721295808,7.347842985997722,75827220
2023-05-15,6.497288227081299,6.497288227081299,6.497288227081299,6.497288227081299,2283410
2023-05-16,5.8499226570129395,5.925527400457401,5.8499226570129395,5.8499226570129395,119868320
2023-05-17,5.854648113250732,5.934978266466847,5.741240546531627,5.89245048527716,70736240
2023-05-18,5.764867305755615,6.0011323629639595,5.651460186449171,5.8688240571064405,69843800
2023-05-22,5.590031147003174,5.826296201232013,5.575855369928595,5.788493828606586,53536080
2023-05-23,5.538610458374023,5.6252261204853875,5.528986240968347,5.610790253284818,26904110
2023-05-24,5.6829705238342285,5.702218499794302,5.500114522759551,5.5530463419227685,20804690
2023-05-25,5.692594051361084,5.721466243583566,5.6252259087805765,5.687781942839349,14583960
2023-05-26,5.6829705238342285,5.735902342997446,5.577106426599848,5.678158415117223,31283900
2023-05-29,5.528985977172852,5.697406102473075,5.48086626916416,5.673346019014769,82946570
2023-05-30,5.654098033905029,5.702218200735475,5.528985967272209,5.567481917173396,67186250
2023-05-31,5.601166725158691,5.735902562024128,5.601166725158691,5.678158631938941,88498780
2023-06-01,5.654098033905029,5.71665406722144,5.625225842025178,5.644473816975772,41256220
2023-06-02,5.812894821166992,5.8562028860830955,5.687782735611135,5.707030713472959,77173580
2023-06-05,6.130486011505127,6.255598083309217,5.875450218141359,5.918758278297232,83049000
2023-06-06,6.168981552124023,6.347025430644823,6.082365896489092,6.15935779434588,52401000
2023-06-07,6.414393901824951,6.46251406992329,6.202666171789713,6.255597989571539,70451760
2023-06-08,6.3758978843688965,6.462514002478785,6.2700337910021355,6.3999579681669685,39799360
2023-06-09,6.4384541511535645,6.520258163675945,6.337402162679327,6.433642042438614,38471460
2023-06-12,6.462514400482178,6.568378041460776,6.43364220636477,6.462514400482178,49430960
2023-06-13,6.409582138061523,6.553942191215008,6.395146270418563,6.452890199898365,40915200
2023-06-14,6.5539422035217285,6.5683780711917965,6.347026111649597,6.414394258956513,38140900
2023-06-15,6.3518385887146,6.640558712300348,6.308530524285938,6.61168651637858,42039890
2023-06-16,6.236350059509277,6.462514116965065,6.236350059509277,6.399958081545042,29146330
2023-06-19,6.144922256469727,6.313341927300994,6.14011014786965,6.241162133931584,27351740
2023-06-20,6.159358501434326,6.20747821366496,6.087178244726431,6.144922633655932,25141830
2023-06-21,6.125674247741699,6.2411625676291305,6.048682340422056,6.212290372930281,25063390
2023-06-22,6.255598068237305,6.274846043937102,6.010186033883936,6.140110214038521,43214600
2023-06-23,6.361462116241455,6.428829801230589,6.303718189575939,6.313341947899557,51774950
2023-06-26,6.428829669952393,6.491385703956277,6.294093843817525,6.366273635948509,53150700
2023-06-27,6.385522365570068,6.438454184988857,6.366273930609112,6.438454184988857,14308440
2023-07-03,6.5635666847229,6.789730303295412,6.428830384700323,6.428830384700323,44450510
2023-07-04,6.9004058837890625,6.987022003154628,6.544318106920746,6.592437816306555,59551070
2023-07-05,6.991833209991455,7.01589329261435,6.688677270321958,6.895593338407783,43862110
2023-07-06,6.818601608276367,7.011081356161718,6.770481441851071,6.9918333813731826,44262480
2023-07-07,6.842661380767822,6.9148411682202084,6.799353324733232,6.833037164356626,24547450
2023-07-10,7.039953708648682,7.097697634333631,6.934089615438977,6.934089615438977,46423200
2023-07-11,7.213185787200928,7.34792207833879,7.068825737500616,7.126570124507098,38274690
2023-07-12,7.559649467468262,7.578897442617004,7.121757688653437,7.217997564397146,39681030
2023-07-13,7.973481178283691,8.02160134570404,7.482657581572608,7.583709566028997,45856320
2023-07-14,8.358441352844238,8.526860557114999,7.944609210199907,7.983105159435485,57167640
2023-07-17,8.329568862915039,8.642348571202666,8.319945563782749,8.372876921365801,43734250
2023-07-18,7.987917423248291,8.44024552392974,7.987917423248291,8.416184981554435,30385320
2023-07-19,8.44505786895752,8.483553824204238,7.891678168104959,7.983106405996904,36926200
2023-07-20,8.420997619628906,8.565357211696185,8.291073436078815,8.526861259290516,34738070
2023-07-21,8.53648567199707,8.680846185180451,8.396938185517318,8.473930092088752,31804140
2023-07-24,8.478741645812988,8.618289123155575,8.387313418564895,8.603852797437709,21037930
2023-07-25,8.815581321716309,8.844453056437137,8.377689520884166,8.507613703851742,33385140
2023-07-26,8.805956840515137,8.892572959899855,8.54129729156483,8.810768949127162,22184610
2023-07-27,8.661596298217773,8.921444627715877,8.574980188385073,8.863700248555485,29248010
2023-07-28,8.786709785461426,8.820393629699195,8.642349272964807,8.690469443797014,27914970
2023-07-31,8.666409492492676,9.046556900406664,8.666409492492676,8.805956973078658,40930140
2023-08-01,9.080241203308105,9.162045211187127,8.517237365038563,8.666409055471188,41574570
2023-08-02,9.465200424194336,9.758732605865088,9.012872339842778,9.152420727134057,54791280
2023-08-03,9.662492752075195,9.883845155775816,9.527756466439346,9.527756466439346,38389780
2023-08-04,9.82610034942627,9.941588195951018,9.41708031934956,9.729860018414403,43356020
2023-08-07,10.365045547485352,10.47090918752313,9.84534881143833,9.960837586881606,34090320
2023-08-08,10.105195999145508,10.490155479605683,9.970459722076546,10.365044336817975,22047170
2023-08-09,10.35542106628418,10.605645210348298,10.134068656437957,10.490156437844949,53070160
2023-08-10,9.931964874267578,10.499780859209354,9.89346892195708,10.36504548503056,43377460
2023-08-11,10.57677173614502,10.57677173614502,9.941588125831059,9.941588125831059,38106050
2023-08-14,10.903989791870117,11.183085700518085,10.490157579186036,10.63451810161387,47809220
2023-08-15,10.682636260986328,11.01947558082396,10.470908085380856,10.90398773535256,32530580
2023-08-16,10.730755805969238,11.115716219370688,10.615267957293554,10.730755805969238,46112590
2023-08-17,10.586397171020508,10.83662132442954,10.586397171020508,10.730756765317148,33422360
2023-08-18,10.182188987731934,10.711509018519731,10.124445518375241,10.59602116199045,31985420
2023-08-21,10.345797538757324,10.596021699505421,9.93196534350593,10.143693550124777,37790670
2023-08-22,10.778876304626465,10.884740857537622,10.403541014314872,10.403541014314872,40625330
2023-08-23,10.711507797241211,10.913611752578433,10.63451590166663,10.855867371989602,25895810
2023-08-24,10.008956909179688,10.759629365730097,10.008956909179688,10.72113341291848,39444680
2023-08-25,9.874221801757812,10.191813650543946,9.431517873477755,10.085949089071276,44617670
2023-08-28,10.345797538757324,10.345797538757324,9.883846089206324,9.912717825349276,28889310
2023-08-29,10.64414119720459,10.846245173031761,10.191813076483607,10.355421100620646,37348840
2023-08-31,10.384291648864746,10.740379390780943,10.057075637964518,10.692259227210478,47286060
2023-09-01,10.442037582397461,10.596021394481788,10.220685164164303,10.38429319395788,26485270
2023-09-04,11.308196067810059,11.308196067810059,10.50940441899853,10.634516485631352,43721880
2023-09-05,11.000227928161621,11.529546983843655,10.903987599228998,11.356315676707052,37355320
2023-09-06,10.817373275756836,11.163837782960801,10.798125757476589,11.067597438111711,24352030
2023-09-07,11.077220916748047,11.15421282036168,10.84624520590715,10.84624520590715,18105820
2023-09-08,11.02910041809082,11.317820506925672,10.855868181226736,11.07722058586594,23086640
2023-09-11,10.519028663635254,11.134963863676651,10.519028663635254,11.11571634758328,23736500
2023-09-12,10.413164138793945,10.692260006464265,10.403540839631129,10.547900423047697,22848000
2023-09-13,10.393916130065918,10.8558675093589,10.288051583949423,10.413163645295224,37086300
2023-09-14,10.480533599853516,10.54790128860061,10.028205460712927,10.442037646595757,24828940
2023-09-15,10.057077407836914,10.586397464631686,10.057077407836914,10.509405556496004,36672030
2023-09-18,9.693985939025879,10.1704203185769,9.645369977847292,10.092635151600094,25845970
2023-09-19,9.946785926818848,9.946785926818848,9.557860144378386,9.674537879110524,22645480
2023-09-20,9.732878684997559,10.044019358099048,9.72315530714505,9.966234189823675,15613340
2023-09-21,10.481560707092285,10.491284084523288,9.669677237049786,9.907894420475484,31193330
2023-09-22,10.335714340209961,10.539900641466126,10.092635454298923,10.481561300847638,19966000
2023-09-25,10.394051551818848,10.60796120632506,10.257927984901285,10.374605725375876,30196190
2023-09-26,10.481560707092285,10.57879262685769,10.238481834951086,10.413498919619888,31774290
2023-09-27,10.160696029663086,10.666300496941432,10.160696029663086,10.617684540122784,23372360
2023-09-28,9.917617797851562,10.335713754659249,9.917617797851562,10.238481834894385,25337500
2023-09-29,10.277374267578125,10.394052013232283,9.946786857921863,9.96623361250037,35869110
2023-10-02,10.685747146606445,10.724639729603457,10.355159727495684,10.355159727495684,39790750
2023-10-03,11.239968299865723,11.278860885238032,10.724640384592162,10.724640384592162,54676400
2023-10-04,10.773255348205566,11.298305665635358,10.695470184680582,11.24968970661417,43955040
2023-10-05,10.977442741394043,11.064951291003297,10.549624298859493,10.77325643472991,40216590
2023-10-06,11.152459144592285,11.181628350217471,10.851040928890946,10.948272850671334,25678240
2023-10-09,10.578792572021484,10.94827256703355,10.3940521108793,10.880209852641654,45943030
2023-10-10,11.133012771606445,11.210797940792768,10.65657837852213,10.65657837852213,26357640
2023-10-11,10.685747146606445,11.317752779398289,10.685747146606445,11.123288937140908,33248790
2023-10-12,10.627408027648926,10.928825293974425,10.257928050159395,10.841316756243712,32701060
2023-10-13,10.335714340209961,10.61768581077587,10.121804660971987,10.598239054812252,22714620
2023-10-16,9.956510543823242,10.510731011949487,9.956510543823242,10.4037757129971,23301210
2023-10-17,10.092634201049805,10.141250157649615,9.888447925148395,10.034294867675582,27057520
2023-10-18,9.552999496459961,10.082911512284836,9.552999496459961,9.89817197732651,34966500
2023-10-19,9.217550277709961,9.69398556621036,9.13976511372465,9.582168581618214,35710150
2023-10-20,9.24185848236084,9.538414991942453,9.081426469874714,9.139764877721156,38603610
2023-10-23,9.640508651733398,9.703708754552878,9.271028631055446,9.45090741600259,25516890
2023-10-24,10.014849662780762,10.082911449880113,9.69398562749481,9.69398562749481,23345180
2023-10-25,9.70370864868164,10.053742836700886,9.65509361347662,10.014850252173455,34998530
2023-10-26,10.005125999450684,10.014849376550492,9.484937379150523,9.723154554462173,40657210
2023-10-27,10.1023588180542,10.296821741054707,9.708570355796768,10.112081268749955,32735310
2023-10-30,10.112080574035645,10.12180395133575,9.888448459766996,10.102358124007836,15929360
2023-10-31,9.70857048034668,10.287098495058357,9.698848029526197,10.112081398476452,25020490
2023-11-01,10.005125999450684,10.07318778460479,9.674538596235406,9.830108920743236,33690100
2023-11-02,10.919102668762207,10.996888762200763,10.073188291250199,10.112080874333314,114366060
2023-11-03,10.792702674865723,11.152459307058267,10.695470751668887,10.928826254614481,42337740
2023-11-06,10.987165451049805,11.19135174528893,10.9288261124362,10.967718695754494,32003180
2023-11-07,10.987165451049805,11.210797573311911,10.909380284413217,10.987165451049805,31473980
2023-11-08,11.249690055847168,11.249690055847168,10.987165352618657,11.074673896118934,33575940
2023-11-09,11.483046531677246,11.541384942753655,11.084396395384264,11.220520900016428,40603730
2023-11-10,11.492769241333008,11.765018256740404,11.356645660901656,11.492769241333008,31071490
2023-11-13,10.889932632446289,11.667785162036507,10.62740794848204,11.56083079853585,57041370
2023-11-14,11.074673652648926,11.074673652648926,10.65657769946022,10.889933192149233,18943690
2023-11-15,10.724639892578125,11.220521028779817,10.685747308990091,11.162181689761598,21940460
2023-11-16,10.744087219238281,10.880210805397505,10.607962705806672,10.782979804894115,20214370
2023-11-17,10.617685317993164,10.83159498730327,10.54962352982408,10.734363066542588,23075100
2023-11-20,10.763532638549805,10.870487940484729,10.646854886025446,10.695470848062016,19148150
2023-11-21,10.753809928894043,10.96771867306599,10.685747212773581,10.821871717742178,18674920
2023-11-22,10.889932632446289,11.142734866835754,10.705193108713836,10.79270164579267,30444450
2023-11-23,11.113566398620605,11.32747513976989,10.792702359624364,10.899656730199007,38476270
2023-11-24,11.055227279663086,11.356645496914458,11.016334696205393,11.317752913456765,33120580
2023-11-27,11.201075553894043,11.376091721923887,11.09412025019942,11.09412025019942,25986330
2023-11-28,11.220520973205566,11.34692210105871,11.094119845352424,11.210797595538633,18996470
2023-11-29,11.133012771606445,11.414984241724953,11.103843564979664,11.327475694572252,19659370
2023-11-30,10.782979011535645,11.171904839478731,10.763532256502332,11.152459011717736,24566150
2023-12-01,10.851040840148926,10.967718588967779,10.569069382018615,10.86076421770191,23083240
2023-12-04,11.152459144592285,11.278860271997857,10.812148345633258,10.860764306523452,21600230
2023-12-05,11.424707412719727,11.55110854217569,11.064950779932298,11.133012569919222,30498500
2023-12-06,11.201075553894043,11.77474094809237,11.171905419828764,11.434431062782078,32988290
2023-12-07,10.889932632446289,11.22052002706755,10.578791991519104,11.201074200645728,32046840
2023-12-08,11.54138469696045,11.755294363320475,10.889933247756238,10.938549207466105,43158880
2023-12-11,11.570552825927734,11.881694382774333,11.308028151542407,11.541383623723192,40604850
2023-12-12,11.512215614318848,11.667785945224944,10.977441906374908,11.570554024772477,35747700
2023-12-13,11.152459144592285,11.590000938059372,11.152459144592285,11.453876433021296,20147130
2023-12-14,11.308029174804688,11.414983544081114,11.006610967175044,11.269136592588504,20916800
2023-12-15,11.492769241333008,11.82335666913317,11.38581486709804,11.38581486709804,44592860
2023-12-18,11.308029174804688,11.803910293515244,11.288582420060443,11.492768708513479,36645340
2023-12-19,12.24145221710205,12.377575792799748,11.502492219160251,11.551108179311848,66065690
2023-12-20,12.52342414855957,12.591485938991587,11.949757836997295,12.163667513419508,56756920
2023-12-21,12.328961372375488,12.57204025793638,11.599724715692819,12.542870124032973,45636400
2023-12-22,13.077643394470215,13.106812600067995,12.328960935644984,12.328960935644984,49681930
2023-12-25,12.620654106140137,13.019304219872009,12.416468751655996,12.708162645074639,23583770
2023-12-26,12.640101432800293,13.34989129893606,12.29006818847924,12.931796266703993,41844120
2023-12-27,12.435914993286133,12.688717241468547,12.115050958005492,12.688717241468547,34494900
2023-12-28,13.029027938842773,13.05819807284399,12.377576449173398,12.43591578990347,29803540
2023-12-29,13.36933708190918,13.417953038570571,13.106811472301011,13.272105168586396,31018700
2024-01-02,13.417953491210938,13.612416397144257,13.14570542290429,13.320721574608138,34389780
2024-01-03,12.824841499328613,13.437400397683701,12.824841499328613,13.417954569164296,18982580
2024-01-04,12.766502380371094,12.912349331652939,12.455361723091263,12.844287544691053,27537690
2024-01-05,12.776226043701172,12.92207299824753,12.53314716794236,12.80539524915598,17039450
2024-01-08,12.669271469116211,12.931797115032982,12.640102261994029,12.834565188262538,18072510
2024-01-09,12.124773979187012,12.727609449800584,12.115050602095113,12.62065415633425,26848310
2024-01-10,12.358129501342773,12.397022082550079,11.881695149735215,12.13449646394656,44167850
2024-01-11,12.552592277526855,12.824840343161675,12.426191158092623,12.484530492936218,36238140
2024-01-12,12.941519737243652,13.213767818117415,12.37757589309666,12.513700397169703,34186610
2024-01-15,12.951242446899414,13.213768082739325,12.76650290585352,13.038750992179384,17884100
2024-01-16,12.999857902526855,13.174874986275976,12.785948236530409,12.999857902526855,14707190
2024-01-17,12.805395126342773,13.077643204945332,12.747055788720354,12.999858039630315,10369390
2024-01-18,13.00958251953125,13.155429485037748,12.678995075292637,12.951243176965216,21155040
2024-01-19,13.097090721130371,13.135983306048368,12.931797003410795,13.038751380117192,12549200
2024-01-22,13.291552543640137,13.359614329785138,12.980411890094652,13.126258839626026,16019010
2024-01-23,12.785948753356934,13.417954399512947,12.698441135217493,13.369338437920586,27449910
2024-01-24,12.892903327941895,13.106812063261144,12.785948033009982,12.95124173674813,20730600
2024-01-25,13.174875259399414,13.184598636980892,12.873457045279817,12.93179638349637,18065000
2024-01-26,13.524908065795898,13.563800647581093,13.116535493415194,13.272105820555979,21973520
2024-01-29,13.602692604064941,13.738817097691776,13.398506327260817,13.622139357699739,23867740
2024-01-30,13.690201759338379,13.904111422623373,13.51518467780772,13.680478382081722,19245890
2024-01-31,13.690201759338379,13.991619963388702,13.379061105303691,13.670755932097357,21774290
2024-02-01,14.623624801635742,14.82781108979928,13.74854123937618,13.74854123937618,58159560
2024-02-02,14.52639389038086,14.720857741949498,14.351377722150398,14.681965157090243,17591730
2024-02-05,14.925043106079102,14.925043106079102,14.341653442590237,14.526392977240736,54167530
2024-02-06,15.100058555603027,15.148674513160632,14.691685995754762,14.886149825985186,46622740
2024-02-07,15.080613136291504,15.275076044502374,14.944488636907751,15.129229095162295,39358860
2024-02-08,15.313968658447266,15.313968658447266,15.002828004653566,15.08061316810199,14912660
2024-02-09,15.158397674560547,15.401476531619512,15.022273180789517,15.313967994714725,14543960
2024-02-12,15.362585067749023,15.391754273079156,15.216737186553722,15.265353146952155,13652610
2024-02-13,15.304244995117188,15.440369492243512,14.993104347139612,15.362584330249119,28495450
2024-02-14,15.070889472961426,15.275075754524696,14.633347705975064,15.275075754524696,25864940
2024-02-15,15.333415031433105,15.488985354459194,15.03199683511586,15.070889415872381,19402270
2024-02-16,15.430646896362305,15.57649477793964,15.33341590258307,15.37230848554923,21153940
2024-02-19,15.197290420532227,15.537600267767132,15.031996721745575,15.469538483774604,21572850
2024-02-20,15.226459503173828,15.28479883704158,15.002827399104,15.21673612631716,17573410
2024-02-21,15.352861404418945,15.382030609206089,14.973658033096875,15.313968822278653,17515760
2024-02-22,15.061166763305664,15.382030801798562,14.954212392898803,15.372308351595985,19523720
2024-02-23,14.886150360107422,15.236183597991467,14.827811023490598,15.138951679387528,13582570
2024-02-26,14.95421314239502,15.14867606527764,14.876427973241972,14.96393652035724,15665400
2024-02-27,14.759749412536621,14.993104907237267,14.633348287755695,14.973658152376059,14122740
2024-02-28,14.341653823852539,14.81808820291313,14.32220706849219,14.77919561946476,17841910
2024-02-29,15.138951301574707,15.284799175840787,14.419438089133324,14.419438089133324,34637300
2024-03-01,14.5750093460083,15.284800154076784,14.497224178997007,15.168122403559842,22167740
2024-03-04,14.40971565246582,14.70141049276225,14.205529356985553,14.672241286914307,13220820
2024-03-05,14.16663646697998,14.487500506183464,13.933280970699688,14.4097153407567,28867420
2024-03-06,13.437399864196777,14.224975824320213,13.388784831192185,14.215252446810368,42653610
2024-03-07,13.94300365447998,13.962449481233012,13.505461888905677,13.515184338646057,28604060
2024-03-08,14.331930160522461,14.458331286028438,13.952727711276848,13.962450161490912,21490830
2024-03-11,14.604179382324219,14.847258259441954,14.088851495198545,14.516670838198262,45417900
2024-03-12,14.866703987121582,14.866703987121582,14.33193027561631,14.77919544358606,62310540
2024-03-13,14.40971565246582,14.895873410535758,14.370823068911118,14.866704204687816,20314060
2024-03-14,13.524908065795898,14.555562874012029,13.495738861275074,14.555562874012029,41780390
2024-03-15,13.47629165649414,13.661032109255734,13.349890538097329,13.661032109255734,29788270
2024-03-18,13.36933708190918,13.699924474479948,13.272105168586396,13.602692561157165,15815560
2024-03-19,13.661032676696777,13.699925258798034,13.330445265199943,13.398507052059069,12748940
2024-03-20,14.108298301696777,14.166636713144403,13.554077829310359,13.67075650675027,52107780
2024-03-21,14.788919448852539,14.963936543352022,14.137467960740421,14.176360545376712,56143090
2024-03-22,15.0222749710083,15.245908028334682,14.331930897600994,14.740303500307984,65469080
2024-03-25,14.584732055664062,15.08061316810199,14.438885106016338,15.0125504546304,55384420
2024-03-26,14.195806503295898,14.681964247555726,14.049958623654565,14.584732327794837,22148590
2024-03-27,14.361100196838379,14.691686683711238,14.166636357501945,14.28331410474042,32180870
2024-03-28,14.701410293579102,14.711133671154123,14.341653668754217,14.399993006932021,24579450
2024-03-29,14.866703987121582,14.915319947671575,14.662517694629472,14.711133655179463,20358900
2024-04-01,15.070889472961426,15.508431239947786,14.720856244826791,14.97365755706567,93850370
2024-04-02,14.827812194824219,15.557048860143443,14.711134439645827,15.119507046406383,73745060
2024-04-03,15.04172134399414,15.061167172199541,14.565286034785238,14.827811670100695,37864900
2024-04-04,15.479262351989746,15.605662547052633,14.983381239891504,15.05144302604418,54943730
2024-04-05,15.907082557678223,15.955697592034628,15.51815579192059,15.557048375769119,37560890
2024-04-08,16.305728912353516,16.305728912353516,15.848739509606512,15.926524663652588,27932060
2024-04-09,16.305728912353516,16.305728912353516,16.305728912353516,16.305728912353516,0
2024-04-15,15.430646896362305,16.286284648890106,15.275076564497672,16.286284648890106,53255840
2024-04-16,15.732064247131348,15.916804701544535,15.168121361409888,15.216736391997523,40994340
2024-04-17,16.21822166442871,16.490468797841356,15.7515107032546,15.887634269960921,39473140
2024-04-18,16.723825454711914,16.77244048240837,16.111265720287772,16.315452916610628,22656170
2024-04-19,16.684932708740234,16.869673160579698,16.286283528932902,16.43213047320847,26490980
2024-04-22,17.015520095825195,17.38499914476353,16.82105626719796,16.859949774741214,19573760
2024-04-24,17.151643753051758,17.346107582698433,16.752994571366145,17.08358196903878,20617110
2024-04-25,17.618356704711914,17.647524981195318,17.07385871945757,17.161367257996854,29014300
2024-04-26,17.52112579345703,17.91005162339974,17.375278839046594,17.61835771457887,27175750
2024-04-29,17.754480361938477,17.86143565502763,17.307214290011192,17.744756984880866,27903140
2024-04-30,17.7447566986084,18.269807923981467,17.569739623484043,17.7933717285676,29113850
2024-05-02,18.075345993041992,18.211469574856913,17.832267108632653,17.832267108632653,25708060
2024-05-03,18.814306259155273,18.911538185042236,18.094792974863314,18.094792974863314,20264770
2024-05-06,18.678180694580078,19.047661639538937,18.59067400187374,18.960153092287875,19939600
2024-05-07,19.057384490966797,19.135169658091367,18.522609844258778,18.76568872334115,21038970
2024-05-08,18.85319709777832,19.193507896326828,18.75596703065988,19.10599935228451,19021960
2024-05-09,19.446311950683594,19.456035329204315,18.78513704763318,18.960154151916505,17516390
2024-05-10,19.349079132080078,20.02970076093779,19.281017340103254,19.465757814429445,22780950
2024-05-13,18.979598999023438,19.738003901872425,18.853196945518846,19.44630999378353,24810760
2024-05-14,19.19350814819336,19.26156993788727,18.814305688730325,19.067107946553907,14238210
2024-05-15,18.901813507080078,19.41713952611484,18.726796423428794,19.154615755182526,17448840
2024-05-16,20.22416114807129,20.22416114807129,18.901813362515014,18.901813362515014,23421720
2024-05-17,20.243608474731445,20.525580860768926,20.0296997317181,20.224161719581694,25327340
2024-05-20,20.233882904052734,20.61308717019326,19.981080678140533,20.282499786657645,20984480
2024-05-21,19.86440658569336,20.651981646159594,19.86440658569336,20.263055804851867,26785110
2024-05-22,19.874128341674805,20.389454343899036,19.844958210502952,19.932466749473964,17681870
2024-05-23,19.718557357788086,20.04914474849147,19.660217097397265,19.81578741601715,21653400
2024-05-24,19.679664611816406,20.272777633578997,19.446309124863394,20.058867046296985,24302670
2024-05-27,20.214439392089844,20.30194607769199,19.70883490558537,19.70883490558537,20578180
2024-05-28,20.298030853271484,20.543888792388618,19.914493068487864,20.435712574685187,19602290
2024-05-29,19.639131546020508,20.484883458743795,19.383439063668185,20.307865442057782,31125820
2024-05-30,19.19658660888672,19.66863335933138,18.931059608356453,19.639129734023445,23538430
2024-05-31,19.570289611816406,20.347201521707795,19.5604550701504,19.66863315272946,44258680
2024-06-03,21.045438766479492,21.045438766479492,19.717805548283373,19.717805548283373,38307700
2024-06-04,21.045438766479492,21.724007189245896,20.829084459918644,21.14378231518794,26514230
2024-06-05,21.31096649169922,21.546989890975063,20.48488365636015,21.045439464108682,33929580
2024-06-06,20.750410079956055,21.605994642958567,20.750410079956055,21.38964033552341,24136340
2024-06-07,20.170185089111328,20.996267895718063,20.160350546681823,20.81924988348131,23954490
2024-06-10,20.65206527709961,20.917592280841617,20.032504144115332,20.229189354639466,22258230
2024-06-11,21.133947372436523,21.310965381609336,20.58322613614667,20.652066056214508,23809360
2024-06-12,21.871519088745117,22.068206163808604,21.094609081312967,21.133945370877488,33134730
2024-06-13,22.15671730041504,22.854952920422754,21.75351044575622,22.205888136057474,36696920
2024-06-14,22.17638397216797,22.373071061468732,21.684668124663162,22.32390022701709,30290400
2024-06-20,22.23539161682129,22.530420380232062,21.861686515704037,22.32390062099395,27876380
2024-06-21,21.763341903686523,22.510750193577415,21.763341903686523,22.26489227752437,24873850
2024-06-24,22.33373260498047,22.412408940282738,21.655166094722063,21.783011388094103,29860810
2024-06-25,23.051639556884766,23.100810391551104,21.90102439366971,22.36323661707343,37546700
2024-06-26,22.687768936157227,23.14998303395007,22.54025455684451,23.071306697519713,19955800
2024-06-27,22.815616607666016,23.258159755313216,22.658267682847395,22.71727306071759,23964360
2024-06-28,24.300596237182617,24.708721290195193,23.356502712124808,23.356502712124808,49298640
2024-07-01,23.808879852294922,24.634962605916396,23.474514809873902,24.44811193898198,36128230
2024-07-02,24.4677791595459,24.4677791595459,23.218822362413064,23.907223406957286,43390340
2024-07-03,25.003751754760742,25.44629679718458,24.467781370379527,24.487450455764414,37701920
2024-07-04,25.938011169433594,25.938011169433594,24.78247966858232,25.028337594358938,26423570
2024-07-05,26.798513412475586,26.970613207027515,26.036354231857345,26.35596840398908,30665140
2024-07-08,27.167301177978516,27.290230142584754,26.552656354947327,27.1427157602067,23360520
2024-07-09,26.89685821533203,27.38857408078327,26.47889860425018,27.191886984303906,24028480
2024-07-10,28.470348358154297,28.81454795126126,26.8476845586633,27.142715193001255,45617410
2024-07-11,28.372005462646484,29.183335505211545,28.2244910799753,28.691619645809514,32278310
2024-07-12,28.51951789855957,28.888304767937495,28.027802072722334,28.27365998564095,27117810
2024-07-16,29.40460777282715,29.871738210528044,28.42117606219248,28.716206700831158,37845930
2024-07-17,29.675050735473633,29.9700813703082,29.08499321729871,29.699638028520177,25202100
2024-07-18,28.298246383666992,29.97008099982118,28.298246383666992,29.797979329358412,41162580
2024-07-19,28.12614631652832,28.617862154664316,27.314814433305106,28.347418818838932,38714710
2024-07-22,28.814546585083008,29.158748037617517,28.126145555761003,28.470347008295512,32127750
2024-07-23,27.929460525512695,28.962064958908,27.68360259504912,28.814548700032134,28206070
2024-07-24,27.437744140625,27.954045409589614,27.14271538000154,27.929459992162176,32801800
2024-07-25,26.995201110839844,27.904874689630265,26.405141711416302,27.904874689630265,28648130
2024-07-26,26.282211303710938,27.29022837296848,26.085524222796142,27.29022837296848,29481470
2024-07-29,25.987180709838867,26.257625915319657,25.520052174729184,26.257625915319657,23128260
2024-07-30,26.552656173706055,26.552656173706055,25.86425322631112,26.110111153845434,26010350
2024-07-31,26.257627487182617,26.970613978504037,25.815082466037406,26.552656250781332,26631420
2024-08-01,26.06093978881836,26.847684390634797,25.83966728338652,26.52807021678622,33121450
2024-08-02,25.83966827392578,26.5526566517614,25.667568471852118,25.96259723990616,33916210
2024-08-05,24.954578399658203,25.42170881381599,23.258158409162572,24.50711706890111,26379500
2024-08-06,23.415508270263672,25.91342569059293,22.510751030520012,25.66756776539897,102404600
2024-08-07,23.258159637451172,23.749875493954356,22.697603861157084,23.602361112152828,71501720
2024-08-08,24.21208953857422,24.566123678856925,23.002467109054656,23.110645197452023,43743210
2024-08-09,25.05292320251465,25.347951965393797,24.22192220658512,24.22192220658512,39101700
2024-08-12,24.4677791595459,25.54463804022649,24.172750408419382,25.298780122372044,36884990
2024-08-13,25.4462947845459,25.4462947845459,24.320265057910365,24.929993526385687,36252790
2024-08-14,25.4462947845459,26.085525003017928,25.102093320523398,25.61839457868361,29918760
2024-08-15,25.741323471069336,25.76591076366448,24.880820751157316,25.470880134246404,29472050
2024-08-16,25.29878044128418,25.913425243668406,25.249607731645195,25.765910866245605,20008860
2024-08-19,25.47088050842285,25.618394887425396,24.88082111666558,25.42170967400437,21194600
2024-08-20,24.39893913269043,25.642981466934536,23.985897757526818,25.421708966713485,41678800
2024-08-21,24.064573287963867,24.73330715142621,23.602361059157666,23.799048151616162,44249690
2024-08-22,22.963130950927734,24.428443983136138,22.864787404147563,24.428443983136138,46973860
2024-08-23,22.343568801879883,23.23849154901225,22.343568801879883,23.012302695505653,27593780
2024-08-26,22.599260330200195,22.972965431817208,22.3927405706859,22.62876395687958,28444550
2024-08-27,22.540254592895508,23.081141276489603,21.910858906422803,22.697603514513684,46231940
2024-08-28,22.15671730041504,22.94346192517685,21.930526579517267,22.618929532994212,39872470
2024-08-29,21.901023864746094,22.65826670510125,21.901023864746094,22.19605261711319,182685820
2024-09-02,22.17638397216797,22.274727516818352,21.91085884008317,21.989533300654053,45546330
2024-09-03,21.753509521484375,22.461579653685238,21.202786431803307,22.274727109838192,43683210
2024-09-04,21.03560447692871,21.655167528217444,20.779911997511622,21.625663900526057,42356100
2024-09-05,20.799579620361328,21.173284708524086,20.65206524376953,21.045437539930013,28967380
2024-09-06,20.445545196533203,20.799579320093173,20.42587611307236,20.789744778362753,22826660
2024-09-09,21.11427879333496,21.301131349239782,19.973498124411012,19.973498124411012,31623910
2024-09-10,21.33063507080078,21.360136822667794,20.779911943152094,21.261795148781495,24399330
2024-09-11,20.602893829345703,21.25195856864971,20.53405203817963,21.25195856864971,20894000
2024-09-12,20.760242462158203,20.9175913740552,20.160348563209045,20.878253208207454,18098410
2024-09-13,20.691404342651367,20.868420477081397,20.347202864612086,20.760244263109794,21890500
2024-09-16,20.28819465637207,20.799579578218083,20.20952019729938,20.69140336933505,22518480
2024-09-17,20.848752975463867,20.956929187916586,20.26852811725092,20.406207956234628,24905490
2024-09-18,20.33736801147461,21.02576908128497,20.317698927145052,20.848752949560332,27476610
2024-09-19,20.553722381591797,20.711071305267847,20.248859076437846,20.524220630744495,48543560
2024-09-20,20.671735763549805,20.838919235500388,20.55372312862996,20.72090660058054,34142720
2024-09-23,20.160350799560547,20.848753772283445,20.111179962543424,20.819250144624853,27813330
2024-09-24,19.786645889282227,20.2881943868662,19.75714226411674,20.26852717916958,38525550
2024-09-25,18.921226501464844,19.89482370149415,18.852386579606286,19.78664748532235,68671080
2024-09-26,19.65880012512207,19.747309131185798,19.019569873576277,19.019569873576277,51710500
2024-09-27,19.707971572875977,19.914491323277304,19.521119030312594,19.658798863913482,25127770
2024-09-30,19.304763793945312,19.678468897105645,19.137580326899297,19.570290807914947,26709360
2024-10-01,18.97039794921875,19.530953704975335,18.852385322652964,19.304762993703168,23869150
2024-10-02,18.645864486694336,19.009735047951857,18.449179268397337,18.970398754591315,29946750
2024-10-03,18.291828155517578,18.714704044107965,18.144313790502704,18.636029591050235,24239520
2024-10-04,18.872055053710938,18.891722262357295,18.183652105915932,18.34100102956957,22544460
2024-10-07,18.931058883666992,19.294929412214195,18.881888052449764,18.881888052449764,25202520
2024-10-08,18.813047409057617,19.24575787797459,18.655698488678187,18.911390953231532,23215710
2024-10-09,19.521120071411133,19.599794534199933,18.508184721726565,18.813048030564772,28677060
2024-10-10,19.550621032714844,19.9833314984441,19.501450198863665,19.717804493854757,35932240
2024-10-11,18.999900817871094,19.65880015527436,18.990066275432575,19.57029114907488,29368820
2024-10-14,18.095142364501953,18.931059659689605,18.05580607306509,18.90155603430167,25213240
2024-10-15,18.114810943603516,18.537686850318405,17.829614866703896,18.095141860559334,34521450
2024-10-16,17.819782257080078,17.868953089098472,17.377237265926524,17.80011317397392,40084070
2024-10-17,17.986967086791992,18.173817763341106,17.72144007180475,17.819783619105262,24982930
2024-10-18,17.59359359741211,18.1443167339023,17.48541737925104,18.00663501190614,21079910
2024-10-21,17.328067779541016,17.77061092931381,17.328067779541016,17.59359291910583,18199470
2024-10-22,17.99679946899414,18.26232647978597,17.278894773813676,17.44607823885885,32555110
2024-10-23,18.734373092651367,19.471946865995864,18.557356962676256,19.176918106956908,65780700
2024-10-24,18.783546447753906,19.0294043806414,18.488515802840613,18.744208278133268,26232350
2024-10-25,19.235923767089844,19.3441018556803,18.586858987041364,18.783546079797265,24960440
2024-10-28,18.96056365966797,19.422775878728245,18.85238557352206,19.422775878728245,9339930
2024-10-30,18.99006462097168,19.12774632736858,18.773710333415135,18.980230079389973,22026760
2024-10-31,18.852384567260742,19.127746101049464,18.66553203091315,18.980229854816262,20778110
2024-11-01,18.83271598815918,19.029403071234064,18.567188988732198,18.891721362782828,21032280
2024-11-04,17.800113677978516,18.78354535216797,17.66243196808399,18.78354535216797,29607250
2024-11-05,17.4755802154541,17.829614320672064,17.1805496060677,17.829614320672064,26102940
2024-11-06,19.216257095336914,19.216257095336914,17.318233537473862,17.800114864868302,65055750
2024-11-07,20.0620059967041,20.278362167859083,18.960563560040313,19.23592323133272,81455290
2024-11-08,20.042335510253906,20.16034812951141,19.570288784717786,20.062004592754647,43319010
2024-11-11,19.81614875793457,20.13084660781934,19.67846891754677,20.022670394263415,23641060
2024-11-12,20.868419647216797,21.192952027720388,19.825982587985127,19.865320755681115,59183130
2024-11-13,20.947093963623047,21.173284674834104,20.602894377372216,20.82908321283621,33882430
2024-11-14,21.38964080810547,21.94036206921988,21.163451953187597,21.232291876358495,44388370
2024-11-15,20.96676254272461,21.763341656479035,20.96676254272461,21.458478369245345,41026250
2024-11-18,21.143781661987305,21.143781661987305,20.248858960307146,20.947094570646716,46903550
2024-11-19,20.298030853271484,21.50765333929567,19.973498448666756,21.232291772215483,47559230
2024-11-20,19.34410285949707,20.76024512388437,19.34410285949707,20.730741495715826,37102820
2024-11-21,19.235923767089844,19.521119864011183,19.058905758758964,19.422776317633236,45513280
2024-11-22,20.848752975463867,20.848752975463867,18.911391308779336,19.235923697631737,63193530
2024-11-25,21.48798370361328,21.48798370361328,20.445546593665892,20.809415283821007,52226810
2024-11-26,20.829084396362305,21.35030201415648,20.829084396362305,21.232291256664173,24981430
2024-11-27,20.593061447143555,21.1536172466182,20.593061447143555,20.99626831609013,34442860
2024-11-28,20.170185089111328,20.55372286512618,19.934161698044715,20.55372286512618,33620890
2024-11-29,19.629295349121094,20.22918927161379,19.629295349121094,20.18985297996924,37274610
2024-12-02,20.042335510253906,20.16034812951141,19.353934504450464,19.668632321474547,36447290
2024-12-03,20.18001937866211,20.366870055239744,19.825983358625077,20.101344915959118,34086810
2024-12-04,20.36686897277832,20.612726890126666,19.983331221953957,20.180018306131455,40952500
2024-12-05,20.947093963623047,21.26179367579776,20.406207291731402,20.504550834551807,48446770
2024-12-06,22.363237380981445,22.412410093074584,21.06510779367734,21.1831204269537,76887410
2024-12-09,22.963130950927734,23.238490631015644,22.412409715004777,22.71727302185088,48160590
2024-12-10,22.677934646606445,23.21882321110496,22.432076719765426,22.87462173837811,42514330
2024-12-11,22.363237380981445,23.061474886726636,22.363237380981445,22.677935235388844,25090270
2024-12-12,22.47141456604004,22.90412503628169,22.422241855929002,22.569758110515018,24035750
2024-12-13,22.6484317779541,22.70743715227429,22.087874156797696,22.471413779246504,23304890
2024-12-16,21.94036102294922,23.090976203821565,21.94036102294922,22.81561652426906,26943530
2024-12-17,21.70433807373047,22.068208640714165,21.46831468261152,22.02887047098742,40241230
2024-12-18,21.812515258789062,22.26489293737491,21.3896393305258,21.704337172280667,39402650
2024-12-19,22.03870391845703,22.68776868072306,21.51748444995676,21.63549707752653,39472480
2024-12-20,23.071306228637695,23.57285660870552,22.0288691768334,22.264892554086426,85501990
2024-12-23,22.56975746154785,23.366336584971,22.432075752942918,23.071305960029324,34314990
2024-12-24,23.130313873291016,23.19915379169265,22.44191093778052,22.569758108309628,31887780
2024-12-25,23.23849105834961,23.504018076814717,23.179485679495308,23.395841861539697,18907070
2024-12-26,23.356502532958984,23.582691370467288,23.081140985722516,23.356502532958984,29694830
2024-12-27,23.248323440551758,23.779377428136502,23.238488899032003,23.415506894893586,32824180
2024-12-30,20.927427291870117,23.55319001099423,20.927427291870117,23.258159374973577,59234430
2024-12-31,18.842552185058594,18.842552185058594,18.842552185058594,18.842552185058594,28940880
2025-01-02,16.99370002746582,18.02630253641507,16.974030943777038,17.80011370123526,593054120
2025-01-03,17.25922393798828,17.524750921833498,16.993698829889993,17.210053107978542,267517840
2025-01-06,17.288728713989258,17.603426548823435,16.983865420962033,17.367403172697802,205397150
2025-01-07,16.964197158813477,17.337900386838303,16.964197158813477,17.318233178019106,143508640
2025-01-08,16.86585235595703,17.13137935059105,16.797012440847546,17.01336672772693,119811140
2025-01-09,17.0035343170166,17.12154506590416,16.92485798342885,16.92485798342885,67737710
2025-01-10,16.442975997924805,17.23955696002283,16.423308791108287,17.07237350972723,131762120
2025-01-13,16.07910919189453,16.59049414266758,16.01026927078031,16.462646967100735,85949020
2025-01-14,16.010269165039062,16.32496701705259,15.843085696688481,16.226623469361574,74770060
2025-01-15,16.05944061279297,16.138115078793444,15.793913586636158,16.039771527356045,57170070
2025-01-16,16.90519142150879,16.974031340280526,15.88242155476556,16.2069539402231,108186500
2025-01-17,16.29546356201172,16.816683057252312,16.2856290195641,16.816683057252312,91050160
2025-01-20,16.777345657348633,16.865854667691544,16.206955299442793,16.37413877722971,98122250
2025-01-21,16.55115509033203,16.82651663585061,16.4626460891206,16.77734392642922,63588670
2025-01-22,16.029935836791992,16.42331001437349,16.000434086496345,16.42331001437349,102176740
2025-01-23,16.039770126342773,16.216788128318793,15.961095667214217,16.128279127330785,67627390
2025-01-24,16.305295944213867,16.472479392179295,16.049603501693394,16.049603501693394,66822410
2025-01-27,16.246292114257812,16.37413740977232,16.020103273714476,16.246292114257812,61147900
2025-01-28,16.15778350830078,16.33480151855256,16.049605418536437,16.2561270557459,43157500
2025-01-29,16.177452087402344,16.47248084477105,16.157783003378537,16.21678837970286,61792630
2025-01-30,16.197120666503906,16.4036423147384,16.13811528518573,16.206955209348145,49126390
2025-01-31,15.872587203979492,16.128279673746768,15.62673021427842,16.128279673746768,93371840
2025-02-03,15.498884201049805,15.744742132140543,15.430043342590366,15.734907589807255,42053510
2025-02-04,15.626729965209961,15.784077948416485,15.321865727212156,15.557889108832265,62759170
2025-02-05,15.793912887573242,16.118445279929297,15.607061273560861,15.666067589386314,93589250
2025-02-06,15.567724227905273,15.980765629987134,15.51855245377675,15.921760251331774,51717730
2025-02-07,15.990598678588867,16.108609424875343,15.489048317503865,15.626729084627247,95811510
2025-02-10,15.774245262145996,16.315131943205206,15.734907094052259,16.069274019860636,54733210
2025-02-11,15.734907150268555,15.892256071711472,15.469380141928468,15.734907150268555,79601400
2025-02-12,16.147947311401367,16.305296220892124,15.73490595505139,15.73490595505139,114358070
2025-02-13,16.934694290161133,17.141215935859815,16.551156502681444,16.688836349315746,134799970
2025-02-14,16.90519142150879,17.03303671697814,16.669168038971222,16.974031340280526,63646900
2025-02-17,16.92485809326172,17.25922501019138,16.60032571809435,16.983865343835458,62436980
2025-02-18,17.18054962158203,17.42640752508591,16.81668097481458,16.895355428905944,71671410
2025-02-19,16.62982940673828,17.29856324314537,16.541320406287518,17.278894159545857,56409300
2025-02-20,16.68883514404297,17.03303661151762,16.62982976771069,16.649498851737146,56555600
2025-02-21,16.177452087402344,16.718338767827333,15.921759622334157,16.718338767827333,57658630
2025-02-24,15.931594848632812,16.374138003693783,15.83325130003687,16.33480170970371,56652070
2025-02-25,15.882420539855957,16.177451155985363,15.862751456964599,15.951260454228722,46234790
2025-02-26,16.76750946044922,17.072374633000717,15.833250486178365,15.921759487790467,103116320
2025-02-27,17.052705764770508,17.2002201440736,16.66916800343304,16.787178756576676,90885240
2025-02-28,16.99370002746582,17.22972340449002,16.777343858383343,17.160883487326345,239978480
2025-03-03,16.92485809326172,17.160883344062576,16.84618363491045,16.9445271767863,101103880
2025-03-04,17.23955726623535,17.416573385209933,16.885521276792215,16.895355818248632,100282080
2025-03-05,17.328067779541016,17.564091167902603,17.03303713727867,17.27889506795705,105263970
2025-03-06,17.65260124206543,17.760777462607113,16.90519286244971,17.219890732656904,109794310
2025-03-07,17.603425979614258,17.7509403504545,17.505082440471767,17.652598687059,63388340
2025-03-10,17.505083084106445,18.1541478402662,17.426408625049113,17.603426626864877,75096930
2025-03-11,17.406742095947266,17.84928524199852,17.24939317169609,17.593592771153574,72253100
2025-03-12,17.898456573486328,18.262325229363583,17.741107661364218,17.898456573486328,104655320
2025-03-13,17.96729850769043,18.065642057757827,17.71160602781407,17.996800259687607,96384220
2025-03-14,18.685203552246094,18.822883399234055,17.97713335606156,18.085309574803286,122162040
2025-03-17,18.626197814941406,18.91139204620663,18.537688807644255,18.842552124030444,72042570
2025-03-18,18.51801872253418,18.88188927463394,18.23282450666969,18.596693183022357,83447320
2025-03-19,16.66916847229004,17.81978366441312,16.66916847229004,17.160884334295677,95636810
2025-03-20,17.013368606567383,17.318233801072342,16.511820062311532,16.57082544238624,114754490
2025-03-21,15.312030792236328,17.072374380797672,15.312030792236328,17.013367130096576,140980590
2025-03-24,15.449712753295898,15.823416928985019,14.70230440191766,15.331701056426745,119013110
2025-03-25,16.53148651123047,16.61016097295937,15.518552113065713,15.518552113065713,101663090
2025-03-26,16.718339920043945,17.160884962344,16.226624040042655,16.52165281774454,105903860
2025-03-27,16.47248077392578,17.023201993994114,16.47248077392578,16.983865701862776,53047730
2025-03-28,16.433143615722656,16.54132170828785,16.098778546947624,16.49215087116578,53072710
2025-04-02,16.738008499145508,16.954362804532966,16.256127176409468,16.44297785462025,66840380
2025-04-03,16.29546356201172,16.865853893743214,16.29546356201172,16.816683057252312,48543820
2025-04-04,15.862751960754395,16.374136877689,15.83325021122739,16.295462419371912,46079130
2025-04-07,15.961094856262207,16.147947390604067,15.33169921521211,15.469379042755076,73141980
2025-04-08,16.29546356201172,16.45281248967922,16.118445549448982,16.14794917679183,52815560
2025-04-09,16.118446350097656,16.433144221064595,15.88242294687245,16.167619064778282,72081670
2025-04-10,16.167617797851562,16.66916819380786,16.167617797851562,16.61016094081503,48928190
2025-04-11,16.167617797851562,16.324966721004856,16.000434332532798,16.226623175097266,38651250
2025-04-14,16.088943481445312,16.315132326050684,16.010269019158788,16.236457863764155,36632550
2025-04-15,16.00043487548828,16.216789183229004,15.911925868742717,16.157783803981022,39405190
2025-04-16,15.45954704284668,15.990600139004174,15.341535347908746,15.961096511864504,47104150
2025-04-17,16.029935836791992,16.088943088877475,15.449711926054631,15.479214614223824,68128010
2025-04-18,16.020103454589844,16.108610582793265,15.53822120395613,16.00043437021258,41896560
2025-04-21,16.275794982910156,16.541322010005896,15.911926279776502,16.010269831561654,53268260
2025-04-22,16.55115509033203,17.023201846294963,16.472480631004878,16.482315172889155,69448960
2025-04-24,16.728174209594727,16.92485943317057,16.452812645691907,16.639665202474077,56880250
2025-04-25,16.68883514404297,17.003534861225024,16.61999522569746,16.787178688428167,38793450
2025-04-28,16.344635009765625,16.78717813118844,16.315131384705293,16.688834590067692,37312910
2025-04-29,16.265960693359375,16.521651276449266,16.15778260961185,16.285627901156797,36048280
2025-04-30,15.69556999206543,16.462646456562926,15.538221069899128,16.28562845018906,45907380
2025-05-02,15.646398544311523,15.882421932461911,15.607061312953126,15.764411176260293,28261100
2025-05-05,15.636563301086426,15.843084928802543,15.538220696035479,15.7152377602766,25678630
2025-05-06,15.626729965209961,15.793912490452376,15.469380106256338,15.636563569372303,38134110
2025-05-07,14.790812492370605,15.626729799062755,14.790812492370605,15.626729799062755,56749400
2025-05-08,14.603960990905762,14.879321601864252,14.328599442073726,14.79081259958778,52947480
2025-05-09,14.957996368408203,15.017002683758541,14.72197298275398,14.72197298275398,78005880
2025-05-12,16.45281219482422,16.45281219482422,15.813581953162393,15.813581953162393,95455230
2025-05-13,16.521650314331055,17.21005319232274,16.48231402527987,17.21005319232274,146803880
2025-05-14,16.78717803955078,17.249392117571055,16.108609672843517,16.521651042698327,145507740
2025-05-15,16.049604415893555,16.679000079027563,16.049604415893555,16.521651163244062,112804630
2025-05-16,15.951261520385742,16.138114068848594,15.577558299207148,15.951261520385742,115238430
2025-05-20,15.508718490600586,16.36430302643245,15.508718490600586,16.30529764914163,75999110
2025-05-21,15.08584213256836,15.469379887816803,15.08584213256836,15.439877199999277,59127930
2025-05-22,15.036670684814453,15.233356837623385,14.918658993129096,15.184185064952763,59680620
2025-05-23,14.83014965057373,15.21368834318071,14.83014965057373,15.02683579888236,79432890
2025-05-26,14.97766399383545,15.01700216128272,14.761309700116655,14.898989534687974,54652960
2025-05-27,14.598230361938477,15.024672581695961,14.58831285906885,14.985003516002587,56500810
2025-05-28,14.419718742370605,14.67756813599263,14.19162185663312,14.598230006537408,51200700
2025-05-29,14.409801483154297,14.647816821325648,14.399884926143711,14.548643684938824,39681990
2025-05-30,13.814765930175781,14.439554438884677,13.785013420866916,14.409801929575812,76058660
2025-06-02,13.596585273742676,13.90402124226833,13.586667770871014,13.785013099378629,69297900
2025-06-03,13.874268531799316,13.963524164775464,13.666005703450011,13.725509774029149,74421480
2025-06-04,14.24120807647705,14.300712148960786,13.785013340052227,13.884186478930072,64783160
2025-06-05,14.261042594909668,14.310629162652976,13.993275696566876,14.171786962128738,30967780
2025-06-10,14.687485694885254,14.717237257098658,14.35029817051632,14.35029817051632,60094120
2025-06-11,14.469305992126465,14.598230695017811,14.459388489030557,14.578395688825996,34346360
2025-06-12,14.052780151367188,14.4296367524244,14.013111085244594,14.4296367524244,57716880
2025-06-13,13.735427856445312,13.735427856445312,13.308984679021757,13.596585649757719,64599080
2025-06-16,13.933773040771484,14.032945233810107,13.616419564006508,13.775096775281568,48885470
2025-06-17,13.487495422363281,13.953606702479108,13.457742914094945,13.933772642752004,74408370
2025-06-18,13.477578163146973,13.646171929906886,13.388322528299355,13.408157534169996,63388190
2025-06-19,13.626337051391602,13.854434892110168,13.527164858466909,13.527164858466909,55019960
2025-06-20,13.348653793334961,13.894104173095778,13.328818786972493,13.824682596612297,81138650
2025-06-23,13.160225868225098,13.318902134855744,13.14039086200369,13.289149625523633,34955890
2025-06-24,13.725509643554688,13.814765275682372,13.497411811918926,13.586667444046611,68404820
2025-06-25,13.814765930175781,13.913938123849878,13.715592790716533,13.785013420866916,55964900
2025-06-26,13.99327564239502,14.568477556106345,13.735427193541229,13.735427193541229,44112605
2025-06-27,14.032944679260254,14.389967208288995,13.765178728273806,14.132117814164928,57464711
2025-06-30,14.846161842346191,14.875913404335034,13.993275535195185,14.05277960495797,95765547
2025-07-01,15.232935905456543,15.262688415027208,14.627982397630417,14.846162738889495,75289060
2025-07-02,15.193265914916992,15.67921313806148,15.153596850352656,15.302356551807742,71512192
2025-07-03,15.946979522705078,16.194911419445873,15.242852898129817,15.342026035140185,88028061
2025-07-04,15.946979522705078,16.036235156857384,15.639544500386164,15.917227014130889,45530536
2025-07-07,15.391613006591797,15.758552109880279,15.302357370102811,15.68913053384154,46060561
2025-07-08,15.06434154510498,15.520536270373858,14.965169354437474,15.490784707752118,36183334
2025-07-09,15.490784645080566,15.570122775607642,14.975086796654585,15.074258986920869,38186945
2025-07-10,15.689129829406738,15.976731732195896,15.232935110112207,15.589957640037996,60085663
2025-07-11,15.560205459594727,15.986649571419772,15.421364202398573,15.818054859794914,35168006
2025-07-14,15.074258804321289,15.589957592285558,15.064341301679258,15.560205084359467,43719205
2025-07-16,14.637899398803711,15.27260444864769,14.489139693407683,15.074259120571448,59188269
2025-07-17,15.054425239562988,15.123845868768385,14.746989268052399,14.776740831171121,49714973
2025-07-18,14.8560791015625,15.133763512537888,14.766824411375927,15.123846009477663,51360499
2025-07-21,15.5304536819458,15.58004024988083,14.935417704080802,14.935417704080802,61851381
2025-07-22,15.46103286743164,15.728798817788148,15.371777235384437,15.58995756419037,46370545
2025-07-23,15.659379005432129,15.758552145261476,15.312273961814569,15.461033671558589,53872804
2025-07-24,15.441198348999023,15.837889954405886,15.35194271413785,15.778385882570058,73268340
2025-07-25,15.104010581970215,15.520536241027495,15.044507456839245,15.461033115896523,50338527
2025-07-28,15.06434154510498,15.242852812405665,15.06434154510498,15.173432184359898,28191280
2025-07-29,14.97508716583252,15.153597491026657,14.925500596584369,15.074259358543674,32613441
2025-07-30,15.193265914916992,15.242852482068686,14.895748403577029,14.9750865327057,45707844
2025-07-31,15.034589767456055,15.411446356487012,14.94533413508226,15.203183529543196,69534096
2025-08-01,15.272604942321777,15.431282155697007,15.044508044107339,15.054425547278008,79339397
2025-08-04,15.550289154052734,15.689130413494897,15.421364451867051,15.421364451867051,56754779
2025-08-05,15.560205459594727,15.758551734078027,15.490784830996649,15.629627033977934,53940957
2025-08-06,16.11557388305664,16.234582030176313,15.391613171825437,15.570123500934615,113503464
2025-08-07,16.641189575195312,17.127135865380463,16.45276080420262,16.45276080420262,132729269
2025-08-08,17.067630767822266,17.23622453232191,16.581684479928054,16.65110699954458,109782306
2025-08-11,17.137052536010742,17.49407316338981,17.018044399170943,17.30564629311786,71868088
2025-08-12,16.819698333740234,17.275893990185693,16.780030215371603,17.13705273854021,59092792
2025-08-13,17.01804542541504,17.553579236133338,16.661022884936173,17.008127922449486,107985169
2025-08-14,16.462678909301758,17.265977753764478,16.403175781600527,17.018045848177316,75819978
2025-08-15,17.15688705444336,17.434571468767057,16.36350571576182,16.512264480318322,93651800
2025-08-18,16.958541870117188,17.256059385275115,16.730444982391425,17.236224379845858,75726195
2025-08-19,17.34531593322754,17.444489074035694,16.91887275185171,17.166804658086928,81652386
2025-08-20,17.68250274658203,17.82134400303582,17.20647396025168,17.345315216705472,102571535
2025-08-21,17.801511764526367,17.980021149502637,17.59324797803187,17.791594261210406,100746198
2025-08-22,17.593246459960938,17.890765859056643,17.54366083923008,17.80151022848495,68930255
2025-08-25,17.523826599121094,17.771758496736517,17.404818455974773,17.69242036516239,57207965
2025-08-26,17.365150451660156,17.622999853886434,17.226309193373037,17.523826715865514,67578230
2025-08-27,17.107301712036133,17.44448925942508,17.037881080203764,17.384986130935957,59535656
2025-08-28,17.176721572875977,17.305647218980877,16.88912155511244,17.14697095575197,53927180
2025-08-29,16.780031204223633,17.21639188141454,16.750278695016195,17.19655687527625,53281564
2025-09-01,16.928789138793945,17.018044770478674,16.76019537800837,16.85936851227698,34114914
2025-09-02,15.60979175567627,16.53209870025115,15.342025803055083,16.462678072865124,343068018
2025-09-03,15.32219123840332,15.669296276888646,15.034590272092816,15.649461270901993,97926327
2025-09-04,15.25277042388916,15.540371386708896,15.153597286729887,15.351942615263303,76401369
2025-09-05,14.776741027832031,15.351942966636651,14.776741027832031,15.332108906221913,93711569
2025-09-08,14.380049705505371,14.627981596979602,14.380049705505371,14.518891905213579,55701932
2025-09-09,14.548644065856934,14.717237834657647,14.340381230619887,14.439554369603298,60628937
2025-09-10,14.89574909210205,14.90566564936268,14.399885289235034,14.687486257066498,63656264
2025-09-11,14.290794372558594,14.915582865653576,14.261042809778393,14.895748805728486,77070129
2025-09-12,14.201539039611816,14.32054623904159,14.013111210294294,14.290794675630433,46293498
2025-09-15,15.06434154510498,15.074259047907269,13.983359275853953,14.191622105776377,82619409
2025-09-16,15.32219123840332,15.32219123840332,14.85607900135349,15.074259338280985,64402135
2025-09-17,15.094094276428223,15.33210867248749,15.084176773479468,15.33210867248749,43825334
2025-09-18,15.213101387023926,15.629627050626324,15.123845752568393,15.123845752568393,67042358
2025-09-19,15.46103286743164,15.609791623653576,15.113927841866982,15.272604100713075,66506900
2025-09-22,15.480867385864258,15.798220858750296,15.371777691119606,15.768468349995736,58440299
2025-09-23,14.99492073059082,15.381694823004226,14.975086671018014,15.361859817646307,59067657
2025-09-24,14.697402954101562,15.024672991443367,14.608147317411042,15.004838930948338,69295485
2025-09-25,14.370132446289062,14.885831243268289,14.251125249859653,14.72715498136241,97773599
2025-09-26,13.904021263122559,14.370132549368282,13.775096562952955,14.370132549368282,80939711
2025-09-29,13.537080764770508,13.913937349647293,13.537080764770508,13.824681718257384,52133093
2025-09-30,13.715592384338379,13.884186148952757,13.437908926179158,13.576750182366206,72770483
2025-10-01,13.923855781555176,13.993276412476364,13.596585741805058,13.715592943006449,70490043
2025-10-02,13.63625431060791,13.993275901166635,13.616419304906529,13.96352433839969,48853322
2025-10-03,13.556916236877441,13.785013128700093,13.477578105305637,13.74534406291419,51484185
2025-10-06,13.398240089416504,13.794930750700614,13.348653520309705,13.58666791708017,69295888
2025-10-07,13.685840606689453,13.705674666210953,13.427991212414184,13.427991212414184,48362663
2025-10-08,13.834599494934082,14.479222986753484,13.666005731364788,13.705674796570202,101664617
2025-10-09,13.666006088256836,14.062697696455837,13.48749576306317,13.973442060966432,73411687
2025-10-10,13.70567512512207,13.923855461874625,13.546998860496627,13.66600605896571,63344809
2025-10-13,13.606502532958984,13.745343787535484,13.427991267606215,13.58666752757085,59365996
2025-10-14,13.2792329788208,13.695758648815355,13.259397972732895,13.606503012990071,51877664
2025-10-15,13.884185791015625,14.1023661182657,13.31890138646122,13.31890138646122,127903675
2025-10-16,13.785013198852539,14.211456367560016,13.74534413286476,13.884186336714555,76137577
2025-10-17,14.161870002746582,14.370132838630436,13.70567526441934,13.794930900624584,105468788
2025-10-20,14.618064880371094,14.677568953669995,13.83460009901566,14.399885485107163,103480909
2025-10-21,14.161870002746582,14.667651310719533,14.013111239594608,14.657733807633361,91838287
2025-10-22,14.231291770935059,14.51889274382561,14.032945489671095,14.161870194178606,68730842
2025-10-23,13.755261421203613,14.340380844733394,13.755261421203613,14.231291151415261,85950420
2025-10-24,14.330463409423828,14.459388108926039,13.76517898880925,13.824682114250193,121358273
2025-10-27,14.290794372558594,14.439554078029854,14.082531541526933,14.330463438193904,67294425
2025-10-28,14.399885177612305,14.399885177612305,14.211456404343789,14.290794536524698,20583147
2025-10-30,14.32054615020752,14.489139918133489,14.23129146052772,14.39988522845369,53753230
2025-10-31,14.409801483154297,14.459388051347707,14.221373658961479,14.32054584956318,71615742
2025-11-03,14.568477630615234,14.727154836748094,14.40980137026749,14.40980137026749,66866450
2025-11-04,14.280877113342285,14.578395583575487,14.161869914406033,14.56847808055118,60120572
2025-11-05,14.667651176452637,14.796575878037247,14.26104301149317,14.38996771307778,104450809
2025-11-06,14.71723747253418,14.9651693681071,14.399884948852081,14.697402466911486,110133808
2025-11-07,14.310629844665527,14.826327714731633,14.161870134346051,14.737072077696979,98156219
2025-11-10,14.092449188232422,14.469305788507244,14.092449188232422,14.350298590386531,62250768
2025-11-11,13.99327564239502,14.49905692900553,13.546998426003144,14.13211784238176,118627917
2025-11-12,14.231291770935059,14.39988554253833,13.943690798044507,14.062697999331787,59708547
2025-11-13,14.201539039611816,14.429636881191078,14.181704979266096,14.30071217869587,47234500
2025-11-14,14.112282752990723,14.241207449542264,13.983359002224287,14.20153838489449,53590213
2025-11-17,14.360215187072754,14.588313026770626,14.142035796143654,14.142035796143654,80220631
2025-11-18,14.57839584350586,14.776741178602744,14.231291743532601,14.310629877571355,74283990
2025-11-19,14.985003471374512,15.094094111045246,14.55856125288705,14.647816886877603,89872052
2025-11-20,14.905665397644043,15.21310136637525,14.756906637610152,15.034590097706477,86161890
2025-11-21,14.826327323913574,14.925500461512382,14.518892299770515,14.86599638979607,68018337
2025-11-24,15.60979175567627,15.867641151374533,15.014755779970793,15.014755779970793,241709762
2025-11-25,15.86764144897461,16.561851518995354,15.381695156588194,15.60979204844034,212154491
2025-11-26,15.808136940002441,16.016399766089243,15.560205049222205,15.847806004695876,87927569
2025-11-27,16.145326614379883,16.413091638827073,15.877559698362338,15.956897833674535,111460369
2025-11-28,15.659379005432129,16.15524375879371,15.659379005432129,16.115573746233846,56985871
2025-12-01,16.05607032775879,16.065987830718882,15.540371523255551,15.659378721421266,70184488
2025-12-02,15.818055152893066,16.065988000591226,15.788303589483347,16.065988000591226,56106218
2025-12-03,15.639544486999512,15.946979509055277,15.47095072169727,15.758551683839015,67114866
2025-12-04,15.5106201171875,15.80813764272124,15.490785111066504,15.65937887995437,46294014
2025-12-05,15.560205459594727,15.758551734078027,15.342026070919305,15.570122962475917,46905418
2025-12-08,15.71888256072998,15.847806314162355,15.599874418540653,15.599874418540653,45678021
2025-12-09,15.649460792541504,15.73871642518287,15.401528899997757,15.71888236558763,40686090
2025-12-10,15.758551597595215,16.04615255816297,15.68913002381326,15.71888253219915,79835370
2025-12-11,15.887476921081543,16.175076947169117,15.788303780800533,15.827972847755905,81510793
2025-12-12,16.184993743896484,16.244496868839715,15.887476227610097,15.887476227610097,57019309
2025-12-15,16.571767807006836,16.571767807006836,16.10565650137542,16.18499463619716,61489446
2025-12-16,16.591602325439453,16.94862486741797,16.363505430984418,16.849451728916126,89985668
2025-12-17,16.69077491760254,16.69077491760254,16.38333990072335,16.55193366318682,65062426
2025-12-18,16.661022186279297,16.789947827854913,16.413090297247937,16.661022186279297,56072096
2025-12-19,16.38334083557129,16.760196501162056,16.304002701153742,16.700693373241478,56029463
2025-12-22,16.046152114868164,16.512263383948753,15.986648991310476,16.38333963431206,69005771
2025-12-23,15.451115608215332,16.02631752848637,15.451115608215332,16.016400025705977,52329285
2025-12-24,15.589958190917969,15.629627257224218,15.332108787034782,15.431281925692975,46531906
2025-12-25,15.619709968566895,15.778386235969567,15.580040901716226,15.580040901716226,19348274
2025-12-26,16.016399383544922,16.075902506271316,15.580039682339402,15.61970874608536,70436960
2025-12-29,15.470951080322266,16.571767440158894,15.470951080322266,16.35358804712152,80314945
2025-12-30,15.570122718811035,15.629626789381842,15.203183630015555,15.391612398668846,49301007
2025-12-31,15.58004093170166,15.956897540400888,15.520536858418557,15.560205925345572,44286862
2026-01-02,15.827972412109375,15.986649621348615,15.570123011103883,15.599874574055244,36858735
2026-01-05,16.036235809326172,16.07590393080215,15.808137963235723,15.86764203702002,43690186
2026-01-06,16.264331817626953,16.28416682306227,15.956896799660417,16.065987437984447,60482229
2026-01-07,16.373422622680664,16.6114370156175,16.11557322410653,16.31391949733902,67818057
2026-01-08,16.462678909301758,16.472596412513685,15.98665010455128,16.383340775176677,64518104
2026-01-09,16.353588104248047,16.56185188650376,16.264332467791355,16.512264370933206,65155739
2026-01-12,16.264331817626953,16.512263710857763,16.224663698326545,16.413090575251392,85344614
2026-01-13,16.373422622680664,16.522181381819905,16.12549072692518,16.28416698888307,74172126
2026-01-14,16.849451065063477,16.869286070296422,16.403174796743485,16.442842915639165,132011099
2026-01-15,17.01804542541504,17.394902971825015,16.760196023021447,16.899039172968937,105365261
2026-01-16,17.910600662231445,17.910600662231445,16.998211157082395,17.06763178928335,95949285
2026-01-19,17.880849838256836,18.069276725903862,17.42465414513643,17.940352966378512,86014302
2026-01-20,16.948625564575195,17.93043570383117,16.84945242199401,17.880850078325757,108585175
2026-01-21,16.75027847290039,17.01804537750572,16.512264077107965,17.01804537750572,84326665
2026-01-22,17.444488525390625,17.50399165137596,16.50234655469988,16.849451590826487,154096555
2026-01-23,17.70233726501465,17.801510398996477,17.494073494495783,17.553578509827002,54802767
2026-01-26,18.019689559936523,18.069275180535403,17.474240167068142,17.62299892043496,84943250
2026-01-27,17.751922607421875,18.198200757546097,17.652749474997584,18.0395245022953,71110778
2026-01-28,18.4163818359375,18.465969352512957,17.732089239758963,17.742006743074054,92619562
2026-01-29,18.64447784423828,18.91224474620631,18.27753969701121,18.44613346214994,83515533
2026-01-30,19.05108642578125,19.05108642578125,18.436216368615238,18.644478258167187,66782245
2026-02-02,19.477529525756836,19.725461426610444,18.51555443141015,18.872576973941833,87555144
2026-02-03,20.052730560302734,20.171738699663464,19.69570992536095,19.953559317667363,84282960
2026-02-04,20.013063430786133,20.270912835837752,19.38827397850751,20.251077829702176,79025862
2026-02-05,19.814716339111328,20.40975325775835,19.59653695528785,20.01306260918374,106032506
2026-02-06,20.013063430786133,20.132069684459005,19.54695024445154,19.735379019598934,61433785
2026-02-09,20.38991928100586,20.528762433688573,20.151904879854467,20.25107801989346,46188943
2026-02-10,20.151905059814453,20.48909260401598,20.013063797462173,20.48909260401598,49602565
2026-02-11,20.270912170410156,20.389918420176443,19.82463400486099,20.151904029073634,48771126
2026-02-12,21.341978073120117,21.341978073120117,20.290745471584895,20.42958861968724,84043240
2026-02-13,21.718833923339844,23.087419061901496,21.302308258330246,21.93701520455504,150829432
2026-02-16,21.639495849609375,22.11552464187839,21.302308315526254,21.917180257551436,63039321
2026-02-17,21.3221435546875,21.79817235216412,21.3221435546875,21.63949608633858,48399730
2026-02-18,21.044458389282227,21.798171570718726,20.885782129145092,21.322142790307325,72440080
2026-02-19,19.745296478271484,21.20313537769331,19.626290224866185,21.06429411819703,88942235
2026-02-20,19.854387283325195,19.993228543962193,19.48744723390844,19.76513164675275,54958924
2026-02-23,20.17173957824707,20.35025084927815,19.993228307215986,20.092401445741064,42175573
2026-02-24,20.013063430786133,20.151904690594584,19.77504903187009,20.09240156375815,42442677
2026-02-25,19.4378604888916,20.132068643612968,19.368439862576487,20.032897401202913,50801353
2026-02-26,19.23951530456543,19.54695033480681,19.11059154722882,19.437861583697465,36919977
2026-02-27,18.793237686157227,19.427942708026205,18.465967672809764,19.35852208270556,81200524
2026-03-02,18.247787475585938,18.52547188476276,17.563494901425006,17.563494901425006,38418370
2026-03-03,18.39654541015625,18.96183170608692,18.18828353131616,18.227951649946093,53827738
2026-03-04,18.545307159423828,18.882494699891193,18.198202115816798,18.376713389190144,37366016
2026-03-05,18.594892501831055,18.98166566056665,18.55522248987341,18.77340377249988,30025723
2026-03-06,16.75027847290039,18.178366739225215,16.740360969962754,18.029607978301232,86904539
2026-03-09,16.75027847290039,16.75027847290039,15.55028899100063,16.19491154938473,70225302
2026-03-10,17.4345703125,17.57341156466869,16.85936840721091,17.345314681371505,54156120
2026-03-11,17.305646896362305,17.851096304596897,16.908954354115078,17.494073773202484,61855802
2026-03-12,17.49407386779785,17.563494495595425,16.978376964914354,17.067630706675345,34549380
2026-03-13,17.146970748901367,17.355232632538108,16.90895446535903,17.315562621424306,32777864
2026-03-16,17.04779815673828,17.295730059401148,16.829616871789966,17.21639192621184,25996409
2026-03-17,17.583330154418945,17.652750784795767,17.097383850210882,17.18663948685831,30963306
2026-03-18,17.365150451660156,17.771758615132672,17.18663918153656,17.622999853886434,32976632
2026-03-19,17.37506866455078,17.563495553762195,17.156887373675993,17.3552336578221,17902787
2026-03-23,17.32547950744629,17.32547950744629,16.085820077823254,17.295728891740247,62390332
2026-03-24,17.176721572875977,17.23622469869425,16.918872172236444,17.107300944159615,30134148
2026-03-25,17.49407386779785,17.543661381632003,17.107300717742667,17.355232612202705,35194064
2026-03-26,17.04779815673828,17.67258571915777,16.988293138168576,17.54366196206401,24060972
2026-03-27,16.591602325439453,17.19655676788743,16.423008557457408,17.15688675585858,32064243
2026-03-30,16.036235809326172,16.532099622983047,16.016400802803016,16.51226461645989,30123436
2026-03-31,16.641189575195312,16.720527706417986,16.036235142391025,16.036235142391025,40022377
2026-04-01,16.789947509765625,17.03787939409986,16.651106259840905,16.809782514489203,23125350
2026-04-02,17.097383499145508,17.097383499145508,16.37342280926635,16.413090929422744,28957178
2026-04-03,17.35523223876953,17.533743501590966,16.978376599589996,17.117217852197687,40599654
2026-04-06,17.097383499145508,17.583329793375498,16.97837724710606,17.444488535472722,57795396
2026-04-07,16.47259521484375,17.256058995919464,16.423007702389473,17.09738273920615,40849979
2026-04-08,17.305646896362305,17.543661286768504,17.087465619812285,17.156886247234482,74739118
2026-04-09,17.65275001525879,17.65275001525879,17.137053115695917,17.256059364991106,36016235
2026-04-10,19.14034080505371,19.20976332191658,17.70233700401454,17.861013259417895,124323485
2026-04-13,18.287456512451172,18.93207904025576,18.089110246248136,18.79323778885575,70315764
2026-04-14,18.743650436401367,18.822988565245293,18.218036042149198,18.446132926129202,70103118
2026-04-15,18.6643123626709,18.892409247324448,18.396545467693148,18.822988620827296,45271827
2026-04-16,18.426298141479492,18.93207942824954,18.33704250901594,18.74365066065202,40229914
2026-04-17,19.259349822998047,19.259349822998047,18.12878097866293,18.46596850970503,79553956
2026-04-20,18.9915828704834,19.30893539496611,18.743650974284996,19.001500373319764,50744960
2026-04-21,19.23951530456543,19.37835845658598,19.00150090454917,19.021335910776436,61185813
2026-04-22,19.041170120239258,19.71554327961483,18.912244476727146,19.358522640314874,58071584
2026-04-24,18.951915740966797,19.100674508144596,18.505637547863046,19.041171379587546,43802349
2026-04-27,19.080839157104492,19.31885355860786,18.872577265127916,18.951915398962374,29715880
2026-04-28,18.69406509399414,19.01141761410246,18.604809461267397,18.971747603303807,28620820
2026-04-29,18.456050872802734,18.951914662902148,18.25770460013487,18.743650887443867,29644188
2026-04-30,18.822988510131836,18.92216164378891,18.208118486284306,18.37671224603028,38042525
2026-05-04,18.88249397277832,19.051085844949682,18.39654579549882,18.92216209223916,38948810
2026-05-05,19.180011749267578,19.37835802397161,18.9419973545649,19.090756114807792,50790192
2026-05-06,19.854387283325195,20.052731671153722,19.011418433235605,19.219680324191106,64367474
2026-05-07,20.370084762573242,20.52876101907329,19.95355911636807,20.03289724461809,43432953
2026-05-08,20.29074478149414,20.54859417169158,19.993227272881047,20.310579786487065,29569693
2026-05-11,21.024625778198242,21.381646426259007,20.548595094833438,21.004790772314237,57817474
2026-05-12,20.350250244140625,21.203134670326126,20.251077108564573,21.024625296173507,46025916
2026-05-13,20.700000762939453,21.040000915527344,20.219999313354492,20.5,62396940
2026-05-14,20.420000076293945,21.040000915527344,20.420000076293945,20.780000686645508,37818425
2026-05-15,19.56999969482422,20.440000534057617,19.489999771118164,20.440000534057617,45558941
2026-05-18,19.479999542236328,19.90999984741211,19.3799991607666,19.559999465942383,44216569
2026-05-20,19.75,19.860000610351562,18.950000762939453,19.440000534057617,39479742
2026-05-21,18.579999923706055,19.790000915527344,18.579999923706055,19.75,37477211
2026-05-22,19.280000686645508,19.530000686645508,17.979999542236328,18.0,53275611
2026-05-25,19.540000915527344,19.649999618530273,19.100000381469727,19.309999465942383,31544856
2026-05-26,19.299999237060547,19.65999984741211,19.280000686645508,19.3799991607666,12258786
2026-05-27,19.299999237060547,19.299999237060547,19.299999237060547,19.299999237060547,0
2026-05-28,19.299999237060547,19.299999237060547,19.299999237060547,19.299999237060547,0
2026-05-29,19.299999237060547,19.299999237060547,19.299999237060547,19.299999237060547,0
2026-06-01,19.40999984741211,19.75,19.229999542236328,19.3700008392334,36567865
2026-06-02,20.18000030517578,20.219999313354492,19.469999313354492,19.469999313354492,30302267
2026-06-03,20.1200008392334,20.5,19.959999084472656,20.200000762939453,33553748
2026-06-04,20.65999984741211,20.65999984741211,19.40999984741211,20.1200008392334,52512986
2026-06-05,20.360000610351562,20.600000381469727,19.81999969482422,20.5,29617735
2026-06-08,20.299999237060547,20.540000915527344,19.729999542236328,19.899999618530273,33548430
2026-06-09,20.299999237060547,20.860000610351562,20.18000030517578,20.34000015258789,31258624
2026-06-10,19.959999084472656,20.34000015258789,19.8799991607666,20.200000762939453,22286395
2026-06-11,20.219999313354492,20.34000015258789,19.709999084472656,19.959999084472656,33138954
2026-06-12,20.399999618530273,21.15999984741211,20.299999237060547,20.420000076293945,54837581
2026-06-15,21.299999237060547,21.299999237060547,20.860000610351562,21.059999465942383,31543887
2026-06-16,21.260000228881836,21.600000381469727,21.100000381469727,21.360000610351562,38686146
2026-06-17,21.059999465942383,21.3799991607666,20.739999771118164,21.299999237060547,26948678
2026-06-18,21.520000457763672,21.65999984741211,20.920000076293945,21.059999465942383,30275188
2026-06-19,21.020000457763672,21.479999542236328,20.959999084472656,21.219999313354492,32147749
2026-06-22,21.059999465942383,21.18000030517578,20.81999969482422,21.040000915527344,22291111
2026-06-23,20.540000915527344,21.079999923706055,20.139999389648438,21.0,45929802
2026-06-24,20.639999389648438,20.739999771118164,20.34000015258789,20.3799991607666,26179562
2026-06-25,20.719999313354492,21.139999389648438,20.639999389648438,20.68000030517578,24776573
2026-06-26,21.260000228881836,21.399999618530273,20.6200008392334,20.6200008392334,33874455
2026-06-29,21.34000015258789,21.579999923706055,21.15999984741211,21.200000762939453,34009640
2026-06-30,21.040000915527344,21.68000030517578,20.959999084472656,21.420000076293945,42740925
2026-07-01,20.860000610351562,21.260000228881836,20.65999984741211,21.0,29527124
2026-07-02,20.5,20.940000534057617,20.239999771118164,20.8799991607666,37936049
2026-07-03,20.5,21.100000381469727,20.459999084472656,20.559999465942383,39082141
2026-07-06,20.219999313354492,20.760000228881836,20.059999465942383,20.579999923706055,25539596
2026-07-07,20.520000457763672,20.639999389648438,20.059999465942383,20.200000762939453,35362763
2026-07-08,20.139999389648438,20.719999313354492,19.989999771118164,20.3799991607666,49050000
2026-07-09,19.709999084472656,20.34000015258789,19.420000076293945,20.18000030517578,29484823
2026-07-10,20.459999084472656,20.5,19.65999984741211,19.719999313354492,33490899
2026-07-13,20.079999923706055,20.3799991607666,19.799999237060547,20.200000762939453,33646214
2026-07-14,20.020000457763672,20.219999313354492,19.889999389648438,20.0,23939563
2026-07-16,20.760000228881836,20.760000228881836,20.0,20.020000457763672,44756566
2026-07-17,20.799999237060547,21.0,20.579999923706055,20.760000228881836,24552437
2026-07-20,21.15999984741211,21.420000076293945,20.600000381469727,20.799999237060547,28685994
2026-07-21,22.239999771118164,22.299999237060547,21.059999465942383,21.200000762939453,53827215
2026-07-22,22.1200008392334,22.479999542236328,21.940000534057617,22.299999237060547,41323091
2026-07-23,21.540000915527344,22.1200008392334,21.3799991607666,22.100000381469727,41336418
2026-07-24,20.959999084472656,22.0,20.940000534057617,21.600000381469727,33270428
2026-07-27,20.920000076293945,21.3799991607666,20.780000686645508,21.100000381469727,26122825
2026-07-28,21.799999237060547,21.81999969482422,20.81999969482422,20.920000076293945,42092913
2026-07-29,21.479999542236328,22.079999923706055,21.399999618530273,21.739999771118164,36204895
2026-07-30,22.079999923706055,22.079999923706055,21.31999969482422,21.399999618530273,38502951
2026-08-03,22.079999923706055,22.520000457763672,21.639999389648438,22.100000381469727,56373005
2026-08-04,21.540000915527344,22.1200008392334,21.3799991607666,22.100000381469727,59657087
2026-08-05,21.31999969482422,21.6200008392334,21.100000381469727,21.540000915527344,47507331
2026-08-06,21.459999084472656,21.760000228881836,21.200000762939453,21.5,40096085
2026-08-07,21.579999923706055,21.8799991607666,21.420000076293945,21.459999084472656,29277245
