Price,Close,High,Low,Open,Volume
2021-08-10,3.062114715576172,3.1257432038251087,3.062114715576172,3.0939290545142843,7271589
2021-08-11,2.950765371322632,3.0780219762568914,2.9428118335142406,3.062114900640109,8999312
2021-08-12,2.982579231262207,3.038253990483463,2.958718620167383,2.974625694230599,13897607
2021-08-13,2.96667218208313,3.0143934046730587,2.950765107886487,2.982579256279773,5733623
2021-08-16,2.9905331134796143,3.05416141707685,2.98257957552996,3.046207879127196,11659349
2021-08-17,2.9905331134796143,3.006440189378923,2.9746260375803057,2.9905331134796143,5284260
2021-08-18,2.974626064300537,3.0303008304482293,2.9587189882583393,2.990533140342735,6623348
2021-08-19,2.9348583221435547,2.966672473663707,2.9269047842635167,2.966672473663707,5154566
2021-08-20,2.9428117275238037,2.9666723400895965,2.9189511149580114,2.9428117275238037,6587983
2021-08-23,2.950765371322632,2.9666724469394143,2.9348582957058493,2.958718909131023,4457301
2021-08-24,2.950765371322632,2.990533060364588,2.950765371322632,2.958718909131023,6990610
2021-08-25,2.9109976291656494,2.966672392808528,2.9109976291656494,2.950765317481991,5851018
2021-08-26,2.879183292388916,2.942811783399787,2.8712297547159693,2.9189511703809465,4374973
2021-08-27,2.8871371746063232,2.903044250805754,2.871229908779586,2.8950907127060383,3782868
2021-08-31,2.9189512729644775,2.9666725006792722,2.89509065910708,2.89509065910708,5540672
2021-09-01,2.950765371322632,2.9984865981729794,2.918951220089067,2.926904757897458,11165116
2021-09-02,2.982579231262207,2.998486305325423,2.950765083135775,2.958718620167383,6046173
2021-09-03,2.982579231262207,3.014393379388639,2.966672157198991,2.982579231262207,6182656
2021-09-06,3.0223469734191895,3.0541611221456098,2.990532824692769,2.9984863618743742,11073795
2021-09-07,2.96667218208313,3.0541610901646656,2.96667218208313,3.0303004788697017,8561673
2021-09-08,2.8950905799865723,2.982579495072694,2.8871370422514704,2.9666724196024896,6223558
2021-09-09,2.9189512729644775,2.9269048109169433,2.8791833935748463,2.8791833935748463,3496645
2021-09-10,2.871229410171509,2.9348578935470298,2.871229410171509,2.926904356828499,4595732
2021-09-13,2.879183292388916,2.9030440950350527,2.879183292388916,2.879183292388916,7054911
2021-09-14,2.863276481628418,2.9030443632952596,2.8473694048126066,2.8950908248873537,7833765
2021-09-15,2.8076014518737793,2.871229753224298,2.7996479142049644,2.863276215555483,6135170
2021-09-16,2.8076014518737793,2.8473691402178534,2.7916943765361495,2.823508527211409,3580065
2021-09-17,2.775787353515625,2.8235085804279474,2.759880277878184,2.8235085804279474,3774529
2021-09-20,2.7121589183807373,2.7598801429601862,2.6723910416039063,2.7598801429601862,4370226
2021-09-21,2.7280662059783936,2.767833896229066,2.7121591298781245,2.7280662059783936,4567162
2021-09-22,2.7360196113586426,2.751926686687576,2.688298385371843,2.7360196113586426,3039196
2021-09-23,2.7280662059783936,2.7598803581789313,2.696252053777856,2.736019744028528,4374263
2021-09-24,2.7280662059783936,2.767833896229066,2.7121591298781245,2.7121591298781245,4454651
2021-09-27,2.7280662059783936,2.767833896229066,2.7201126679282592,2.751926820128797,4041930
2021-09-28,2.7042057514190674,2.7360199054971455,2.6962522128995476,2.728066366977626,2916625
2021-09-29,2.696251630783081,2.7360193147948983,2.696251630783081,2.712158704387808,5787691
2021-09-30,2.688298225402832,2.7121588369763896,2.6803444985843616,2.7042052997852037,4089669
2021-10-01,2.680344581604004,2.7201124584189684,2.6644375067289343,2.6644375067289343,3992138
2021-10-04,2.7121589183807373,2.7360195306704616,2.6803445790338145,2.688298306091013,4636911
2021-10-05,2.688298225402832,2.720112374167576,2.672390961393176,2.720112374167576,3228956
2021-10-06,2.6246700286865234,2.6882985228842906,2.6246700286865234,2.6803447951856776,3344717
2021-10-07,2.6405768394470215,2.656483913990951,2.6326233021750567,2.6405768394470215,2608211
2021-10-08,2.6405768394470215,2.656483913990951,2.6326233021750567,2.6405768394470215,2499539
2021-10-11,2.9030439853668213,2.9030439853668213,2.640576872820197,2.640576872820197,19720968
2021-10-12,2.775787353515625,2.966672450792215,2.7678338156969047,2.895090610423731,21069666
2021-10-13,2.7201125621795654,2.8076014773297744,2.7201125621795654,2.7837408641069903,5266894
2021-10-14,2.7042057514190674,2.7519269825361845,2.7042057514190674,2.7121592899385867,3534934
2021-10-15,2.7121589183807373,2.74397306810037,2.6803445790338145,2.7121589183807373,4430760
2021-10-18,2.7121589183807373,2.7360195306704616,2.696251843520921,2.7121589183807373,3061243
2021-10-19,2.7439730167388916,2.751926554019926,2.7201124048957883,2.7280659421768227,2780405
2021-10-20,2.7121589183807373,2.7598801429601862,2.7121589183807373,2.74397306810037,3614326
2021-10-21,2.7360196113586426,2.7360196113586426,2.680344658080081,2.712158998365243,4307875
2021-10-22,2.767833709716797,2.767833709716797,2.728066022145896,2.7360195596600763,8718785
2021-10-25,2.7439730167388916,2.7598800913009605,2.7201124048957883,2.7439730167388916,6831192
2021-10-26,2.767833709716797,2.7916943222593376,2.7519266346884366,2.7519266346884366,6318367
2021-10-27,2.783740997314453,2.7996480735574942,2.7519268448283714,2.7678339210714125,4798005
2021-10-28,2.799647808074951,2.8473690322788077,2.7837407333403323,2.8235084201768794,4773788
2021-11-01,2.8235085010528564,2.847369113838243,2.791694350672341,2.8076014258625985,6760043
2021-11-02,2.8314621448516846,2.879183372212406,2.8155550690647777,2.8314621448516846,14861827
2021-11-03,2.799647808074951,2.8394154949114983,2.720112434401857,2.831461957544189,8678642
2021-11-04,2.863276481628418,2.8712300200363234,2.8235087895888897,2.8235087895888897,9575365
2021-11-05,2.8394157886505127,2.871229941410941,2.831462250460406,2.863276403220834,6276909
2021-11-08,2.9189512729644775,2.9189512729644775,2.847369241764983,2.847369241764983,12995754
2021-11-09,2.8950905799865723,2.934858268662082,2.879183314889071,2.9269047309269802,11746199
2021-11-10,2.950765371322632,2.990533060364588,2.879183341419812,2.9030441444722843,29057787
2021-11-11,2.9269044399261475,2.974625661592185,2.903043829093129,2.9507650507591663,11832653
2021-11-12,2.9348583221435547,2.942811860023593,2.910997708503441,2.942811860023593,6437318
2021-11-15,2.9984865188598633,3.0303006692519103,2.9428117556737803,2.9587188308698043,20019566
2021-11-16,2.9428117275238037,3.006440027699251,2.934858190001873,3.006440027699251,8174245
2021-11-17,3.0143938064575195,3.030300882774395,2.9428119630315797,2.9428119630315797,17063417
2021-11-18,2.9905331134796143,3.022347265278232,2.958718961680997,3.014393727328578,15669072
2021-11-19,3.054161548614502,3.1098365062872135,2.998486780569101,2.998486780569101,28687451
2021-11-22,3.1098365783691406,3.1336971937987985,3.070068696359062,3.070068696359062,18390422
2021-11-23,3.0143938064575195,3.117789992144518,2.974626115665331,3.10983645398608,23192556
2021-11-24,3.062114715576172,3.085975517186578,3.0303005662653475,3.04620764092076,14603954
2021-11-25,3.0462076663970947,3.0859755429955036,3.030300591608647,3.0700682785797664,7969435
2021-11-26,2.950765371322632,3.0223472115981527,2.918951220089067,3.0143936737897614,11918211
2021-11-29,2.95871901512146,2.9666725532147713,2.926904862748214,2.95871901512146,6373074
2021-11-30,3.0223469734191895,3.0382540477823996,2.9269045272399286,2.958718675966349,15874321
2021-12-01,3.0859758853912354,3.1018829619446078,3.030300927827121,3.030300927827121,15152196
2021-12-02,3.1177895069122314,3.125743043832833,3.04620748499954,3.0939288961504268,23894429
2021-12-03,3.2291390895843506,3.260953237914871,3.1336966445927885,3.1336966445927885,28118627
2021-12-06,3.253000020980835,3.29276751836231,3.205278796570318,3.245046293951793,14735432
2021-12-07,3.3086745738983154,3.3325353755919145,3.2450462750548215,3.26890707674842,17549975
2021-12-08,3.2848141193389893,3.332535343004972,3.2529999702283345,3.3245816161000215,17896977
2021-12-09,3.2927677631378174,3.356396067081797,3.2848144147721237,3.2927677631378174,25315089
2021-12-10,3.237093210220337,3.2927677869465777,3.1734647161889797,3.2927677869465777,14911232
2021-12-13,3.2768607139587402,3.292767790074866,3.2370932132957315,3.245046561726489,13231189
2021-12-14,3.2768607139587402,3.3166285938763593,3.2530002894118573,3.3007215177602336,14753227
2021-12-15,3.157557487487793,3.2927676278118936,3.1496039498216692,3.2927676278118936,14202160
2021-12-16,3.237093210220337,3.2450465586435384,3.157557640087967,3.2291394825425255,11017649
2021-12-17,2.96667218208313,3.3325352678604805,2.9587186449848084,3.2609532443483054,24799356
2021-12-20,2.8314621448516846,3.030300781815325,2.728066152236788,2.887137099733161,13367793
2021-12-21,2.8076014518737793,3.006440083221446,2.7916943765361495,2.9746259325461866,10856396
2021-12-22,2.7360196113586426,2.863276213990108,2.712158998365243,2.807601450338842,15982537
2021-12-23,2.7439730167388916,2.7996477777061326,2.656483917020226,2.7757871658630293,12182651
2021-12-24,2.791694164276123,2.791694164276123,2.7280658677634353,2.751926478955693,6853259
2021-12-27,2.8235085010528564,2.855322651433372,2.767833737886954,2.7996478882674696,12062485
2021-12-28,2.775787353515625,2.8871370726050105,2.736019664422023,2.831462118246668,14613320
2021-12-29,2.799647808074951,2.8076013454422606,2.736019509136476,2.759880121238404,5478308
2021-12-30,2.759880304336548,2.8235086074963016,2.7519267664415783,2.8235086074963016,5922827
2021-12-31,2.775787353515625,2.7837408913343453,2.7439732022407433,2.7678338156969047,4718858
2022-01-03,2.8314621448516846,2.8314621448516846,2.783740917490963,2.783740917490963,6789408
2022-01-04,2.8473689556121826,2.8712295670716537,2.8076012698463977,2.8394154184590255,8706455
2022-01-05,2.879183292388916,2.895090557362106,2.831462066351235,2.8473691416971287,8185997
2022-01-06,2.8473689556121826,2.879183104224811,2.8314618813058687,2.8473689556121826,6141556
2022-01-07,2.8473689556121826,2.863276029918497,2.8076012698463977,2.85532249276534,6996038
2022-01-10,2.8871371746063232,2.9109977889054695,2.8553228325801547,2.8553228325801547,7580084
2022-01-11,2.871229410171509,2.903043746672906,2.847368800015916,2.903043746672906,7653243
2022-01-12,2.8553225994110107,2.887136938839181,2.8473690619607908,2.8791832117616702,5762779
2022-01-13,2.8235085010528564,2.855322651433372,2.8235085010528564,2.847369113838243,5187122
2022-01-14,2.8235085010528564,2.831462038647985,2.7996478882674696,2.8235085010528564,3706187
2022-01-17,2.8394157886505127,2.871229941410941,2.823508712270299,2.823508712270299,5671127
2022-01-18,2.7280662059783936,2.8473692767304106,2.7280662059783936,2.8394157386802763,5122776
2022-01-19,2.775787353515625,2.7837408913343453,2.704205513147141,2.720112588784582,6589018
2022-01-20,2.7519266605377197,2.791694348482165,2.7360195853599416,2.783740810893276,6820598
2022-01-21,2.7360196113586426,2.751926686687576,2.7201125360297094,2.743973149023109,4577993
2022-01-24,2.6485307216644287,2.7439733709857714,2.6405771833565925,2.7360198326779357,6121894
2022-01-25,2.6405768394470215,2.656483913990951,2.6087626903591623,2.6326233021750567,5429966
2022-01-26,2.6326234340667725,2.6564840470780586,2.6326234340667725,2.64853050940763,2752512
2022-01-27,2.688298225402832,2.688298225402832,2.616716201054874,2.616716201054874,4011589
2022-01-28,2.672391176223755,2.720112592834427,2.672391176223755,2.696251979342741,3602078
2022-01-31,2.7201125621795654,2.7280660999204938,2.6882984112158534,2.6882984112158534,4996941
2022-02-01,2.7042057514190674,2.743973444016665,2.6962522128995476,2.728066366977626,3938597
2022-02-02,2.680344581604004,2.7201124584189684,2.6723910441664693,2.7121589209814334,3464209
2022-02-03,2.6405768394470215,2.7042053272500257,2.616716227631127,2.680344525806845,4327789
2022-02-04,2.6246700286865234,2.6564841809717543,2.616716490615216,2.6405771048291387,3350750
2022-02-07,2.6485307216644287,2.6564842599722645,2.600809491817413,2.6246701067409206,4213577
2022-02-08,2.6485307216644287,2.672391336587937,2.632623645048757,2.6485307216644287,5517886
2022-02-09,2.664437770843506,2.672391309069442,2.648530694391634,2.664437770843506,3828896
2022-02-10,2.6246700286865234,2.67239125711437,2.616716490615216,2.664437719043062,5203375
2022-02-11,2.6246700286865234,2.632623566757831,2.6008094144726,2.616716490615216,4059529
2022-02-14,2.5610415935516357,2.608762819546607,2.553088055885807,2.608762819546607,4678032
2022-02-15,2.592855930328369,2.600809468565097,2.561041777381457,2.5689953156181846,4622088
2022-02-16,2.584902048110962,2.608762659645943,2.576948510932635,2.600809122467616,3367827
2022-02-17,2.568995237350464,2.608762927322531,2.553088161361637,2.592855851333704,3804916
2022-02-18,2.576948642730713,2.5849021803158236,2.55308802997538,2.5849021803158236,2617695
2022-02-21,2.5610415935516357,2.6167163572124355,2.553088055885807,2.608762819546607,5017966
2022-02-22,2.505366802215576,2.529227414949488,2.4815059998543707,2.529227414949488,5180234
2022-02-23,2.5292272567749023,2.6008090905000034,2.5133201826137688,2.5530878680166027,4711773
2022-02-24,2.282667398452759,2.386063577847241,2.282667398452759,2.282667398452759,3863766
2022-02-25,2.394016981124878,2.409924055580675,2.2667601958512162,2.290620997162197,6041580
2022-02-28,2.3383421897888184,2.3860634125288476,2.3303886526654805,2.362202801158833,4136860
2022-03-01,2.3542492389678955,2.386063387122497,2.322435090813294,2.362202776006546,3216568
2022-03-02,2.3462958335876465,2.378109983527445,2.330388758617747,2.354249371072596,3021751
2022-03-03,2.386063814163208,2.4099244295495623,2.3542496603147356,2.3622031987768537,3988159
2022-03-04,2.409924030303955,2.425831104592909,2.3542492702926157,2.3781098817260466,4133325
2022-03-07,2.386063814163208,2.4417385833980347,2.3622031987768537,2.401970891087444,4252571
2022-03-08,2.401970624923706,2.4258312376660522,2.362202937019796,2.3701564746005777,4771288
2022-03-09,2.4496917724609375,2.473552384444056,2.4019705484947007,2.409924085822407,5175808
2022-03-10,2.4258315563201904,2.4735527880734827,2.409924479069093,2.465599249447934,3260162
2022-03-11,2.417877674102783,2.4417382865887234,2.4019705991121563,2.4417382865887234,2866837
2022-03-14,2.4576454162597656,2.473552491604311,2.4258312655706757,2.4258312655706757,4264248
2022-03-15,2.6405768394470215,2.67239098853488,2.457645292564546,2.457645292564546,13919398
2022-03-16,2.6087629795074463,2.8155551611261065,2.6087629795074463,2.640577132121501,27616513
2022-03-17,2.6405768394470215,2.656483913990951,2.6008091530871975,2.624669764903092,6617536
2022-03-18,2.688298225402832,2.720112374167576,2.616716201054874,2.640576812628432,10326278
2022-03-21,2.7042057514190674,2.743973444016665,2.6882986743800283,2.7042057514190674,10404149
2022-03-22,2.7439730167388916,2.751926554019926,2.6882982557716506,2.712158867614754,5650711
2022-03-23,2.7201125621795654,2.767833788625134,2.7121590244386375,2.7360196376614216,6067870
2022-03-24,2.7121589183807373,2.74397306810037,2.704205380950829,2.7280659932405538,3159462
2022-03-25,2.7201125621795654,2.74397317540235,2.7121590244386375,2.7360196376614216,1646067
2022-03-28,2.7519266605377197,2.791694348482165,2.7280660477710525,2.7360195853599416,5833851
2022-03-29,2.783740997314453,2.8076016116790146,2.7598803829498917,2.7678339210714125,4939364
2022-03-30,2.791694164276123,2.831461849596553,2.783740627212037,2.791694164276123,4265427
2022-03-31,2.8118364810943604,2.8360069721416488,2.8037796507452644,2.8118364810943604,4031256
2022-04-01,2.8198935985565186,2.8279504297259366,2.8037799362176816,2.8198935985565186,2871455
2022-04-04,2.8440637588500977,2.860177419301034,2.8198932681736926,2.827950098399161,3998750
2022-04-05,2.8360071182250977,2.8682344412815195,2.8198934566968865,2.844063948989203,11550867
2022-04-06,2.8198935985565186,2.852120923234192,2.8118367673871,2.8440640920647735,5000188
2022-04-07,2.892404794692993,2.9165752858247465,2.819893321297733,2.827950151674984,13414883
2022-04-08,3.069655418395996,3.1179964032313663,2.9085186101880964,2.9165754409939915,29753806
2022-04-11,3.142167091369629,3.1824512454456504,3.085769083573201,3.0938259143884053,12989546
2022-04-12,3.246906042098999,3.335530987830987,3.0615985515639483,3.1421670507648396,20255353
2022-04-13,3.174394369125366,3.3194173217201324,3.1099395314376967,3.2549626761224584,13070302
2022-04-14,3.2227354049682617,3.2791334128600056,3.166337589166517,3.190508081652979,8489461
2022-04-15,3.2227354049682617,3.2791334128600056,3.1985649124817996,3.2307924278870814,6234960
2022-04-18,3.3194172382354736,3.3194172382354736,3.2307922948576207,3.2388489332647064,12454755
2022-04-19,3.271076202392578,3.44026983218702,3.2227352201913058,3.3516445060613655,20651070
2022-04-20,3.2630198001861572,3.2871901009454603,3.2307924763870846,3.2871901009454603,6080643
2022-04-21,3.2630198001861572,3.2952471239852303,3.254962777146387,3.271076439045924,5162569
2022-04-22,3.1824512481689453,3.3274743950567194,3.1824512481689453,3.254962725567833,11612064
2022-04-25,3.1341099739074707,3.1743941242990874,3.08576880134755,3.1743941242990874,8326298
2022-04-26,2.9971439838409424,3.174394456185783,2.9971439838409424,3.1502239634237594,8390306
2022-04-27,3.0052006244659424,3.045484776518437,2.94880281159245,3.02131428528694,8418213
2022-04-28,3.0293712615966797,3.0777122463878506,3.0052007692010942,3.0454849231937366,4184804
2022-04-29,3.0132575035095215,3.037427995131123,2.9810301813473865,3.0293711645905894,4612686
2022-05-05,3.077712059020996,3.093825719637076,3.0293710771727578,3.0374279074807973,4719153
2022-05-06,3.0293712615966797,3.0615985847907936,3.0052007692010942,3.053541753992265,4034432
2022-05-09,3.0374279022216797,3.0615983931039494,3.01325741133941,3.0213142416334997,4304612
2022-05-10,3.085768938064575,3.1099394293704345,3.0615984467587154,3.0615984467587154,2178195
2022-05-11,2.9890871047973633,3.085769074288923,2.95685978163351,3.0777122434979596,4950398
2022-05-12,2.9085183143615723,2.9890868063158686,2.8843478244022767,2.972973146343005,4488663
2022-05-13,2.9890871047973633,3.013257597170253,2.9165754355886953,2.9165754355886953,5462237
2022-05-16,2.9165754318237305,3.0293712548416085,2.9085186010431676,2.997143931719357,6506094
2022-05-17,2.868234395980835,2.940746063802538,2.868234395980835,2.9326892331656813,4465408
2022-05-18,2.868234395980835,2.9085185491651173,2.852120734707122,2.868234395980835,4262056
2022-05-20,2.7957229614257812,2.8843480997365134,2.78766613067026,2.8762912689809923,4686081
2022-05-23,2.787666082382202,2.8360070660779644,2.7473819293024007,2.803779743614123,6366196
2022-05-24,2.779609203338623,2.8279501861921665,2.7473818814362607,2.819893355716576,3708891
2022-05-25,2.8279500007629395,2.8601773205521503,2.7796090210791236,2.7876658510264263,6479950
2022-05-26,2.8118364810943604,2.8440638024907448,2.7957228203961684,2.8360069721416488,3670311
2022-05-27,2.8279500007629395,2.876290980446756,2.8198931708156367,2.8279500007629395,5845142
2022-05-30,2.868234395980835,2.884348057254548,2.852120734707122,2.852120734707122,6153294
2022-05-31,2.868234395980835,2.884348057254548,2.8440639040702655,2.8762912266176914,5719272
2022-06-01,2.892404794692993,2.9246323082919856,2.8682343035612394,2.8762911339384907,8368964
2022-06-02,2.956859827041626,2.964916657956317,2.8924049876340967,2.908518649463479,12644465
2022-06-03,2.9971439838409424,3.021314476602966,2.9246325055548716,2.964916660158244,18277440
2022-06-06,3.045484781265259,3.077712102957485,3.0213142899960888,3.0213142899960888,10539723
2022-06-07,3.0132575035095215,3.077712147833792,3.005200672968988,3.045484825671657,8776698
2022-06-08,2.9165754318237305,3.085769070305549,2.9004617702626048,3.045484916402734,14383704
2022-06-09,2.9407458305358887,2.948802660533659,2.860177338468205,2.916575148452598,7663149
2022-06-10,2.9246325492858887,2.972973535532762,2.9004618640724478,2.9246325492858887,5647478
2022-06-13,2.9971439838409424,3.069655462127013,2.876291327940823,2.9165754825441956,16046207
2022-06-14,2.9890871047973633,3.0213144279612165,2.9246324584696564,3.0052007663792897,6643343
2022-06-15,2.948802947998047,2.9890871019140044,2.9407461172148555,2.9890871019140044,4218644
2022-06-16,2.868234395980835,3.0132575395342465,2.8601775653439785,2.972973386349964,8731267
2022-06-17,2.9004619121551514,2.9165755745045683,2.868234587456317,2.8843482498057345,3853049
2022-06-20,2.9246325492858887,2.9488030424093252,2.9085186951135933,2.932689380327034,4974245
2022-06-21,2.9971439838409424,3.013257645682291,2.932689336475546,2.932689336475546,7314810
2022-06-22,2.9971439838409424,3.053541800285664,2.9810303219995933,2.9971439838409424,8807738
2022-06-23,2.972973346710205,3.0132574993573638,2.94880285512191,3.005200668827932,7922720
2022-06-24,2.9971439838409424,3.021314476602966,2.9568598292375694,2.9810303219995933,10047786
2022-06-27,2.9326891899108887,2.9326891899108887,2.9326891899108887,2.9326891899108887,171360
2022-06-28,2.892404794692993,2.981030120932744,2.819893321297733,2.9649164601782414,7346301
2022-06-29,2.763495683670044,2.892404977869929,2.755438852782551,2.884348146982436,6398875
2022-06-30,2.771552324295044,2.803779645632663,2.707097489529819,2.7634954939606393,6841728
2022-07-01,2.771552324295044,2.803779645632663,2.7554386636262347,2.771552324295044,3384499
2022-07-04,2.7232112884521484,2.811836420378528,2.7232112884521484,2.7796090996780265,3726486
2022-07-05,2.6506998538970947,2.739325185573715,2.6506998538970947,2.731268354702204,4057446
2022-07-06,2.690983772277832,2.690983772277832,2.642642791287867,2.6587564516178555,3122023
2022-07-07,2.7393252849578857,2.7393252849578857,2.6829272747211594,2.6909841058849766,3303857
2022-07-08,2.7393252849578857,2.763495778449337,2.7312684537940686,2.7554389472855196,748990
2022-07-13,2.8360071182250977,2.8521207797533084,2.731268318291726,2.747381979819937,7707154
2022-07-14,2.779609203338623,2.8521206776189385,2.779609203338623,2.8360070166677573,4169947
2022-07-18,2.8279500007629395,2.844063660657545,2.7876658510264263,2.8037795109210313,3653206
2022-07-19,2.8440637588500977,2.876291079751971,2.8198932681736926,2.8360069286246294,7268373
2022-07-20,2.8360071182250977,2.8682344412815195,2.811836625932781,2.8521207797533084,6675380
2022-07-21,2.8279500007629395,2.8521204906048476,2.8198931708156367,2.836006830710242,4077402
2022-07-22,2.876291513442993,2.892405176323569,2.8279505248012655,2.8360073562415535,10939605
2022-07-25,2.9971439838409424,3.0454849693649892,2.9085186516235213,2.9085186516235213,17396426
2022-07-26,2.9165754318237305,3.0293712548416085,2.9165754318237305,3.013257593280483,9835754
2022-07-27,2.9085183143615723,2.940745826397278,2.8924046543887085,2.9326889964108465,6318037
2022-07-28,2.892404794692993,2.940745969046488,2.8762911339384907,2.9246323082919856,4119665
2022-07-29,2.9165754318237305,2.9246324546942915,2.892404939482042,2.9085186010431676,4645698
2022-08-01,2.9407458305358887,2.9729731505269705,2.924632170540348,2.924632170540348,6488530
2022-08-02,2.9004619121551514,2.964916753642826,2.9004619121551514,2.9407462601187007,5991865
2022-08-03,3.0132575035095215,3.0132575035095215,2.9004616838520563,2.916575344933124,15039600
2022-08-04,3.0293712615966797,3.0454849231937366,2.9890871076040373,3.021314430798151,12672823
2022-08-05,3.1018826961517334,3.1018826961517334,3.0293712199615612,3.053541712024952,15525649
2022-08-08,3.174394369125366,3.2146785226239123,3.1502238770262387,3.158280707725948,16292507
2022-08-09,3.34358811378479,3.35970177570409,3.126053485784238,3.1743944715421377,28885635
2022-08-10,3.528895378112793,3.528895378112793,3.295247090830348,3.335531053083873,48097026
2022-08-11,3.4966678619384766,3.5933498270348454,3.424156196026211,3.569179143670764,35283811
2022-08-12,3.4966678619384766,3.5772361661854504,3.464440540239687,3.480554201089082,20672653
2022-08-15,3.553065538406372,3.617520182812295,3.5127815777426625,3.5127815777426625,21479137
2022-08-16,3.625576972961426,3.72225893337054,3.448326712211383,3.585292630700981,49275661
2022-08-17,3.5852925777435303,3.665861261074359,3.5852925777435303,3.6497476012441843,18025617
2022-08-18,3.5852925777435303,3.7061452185598194,3.5369515982530055,3.5852925777435303,28066792
2022-08-19,3.561122417449951,3.6497477420243984,3.5127814360947895,3.585292716037547,22073961
2022-08-22,3.7867138385772705,3.859225506047299,3.5691792203471717,3.577236243034947,39584641
2022-08-23,3.673917770385742,3.8431113847741596,3.657804111119223,3.810884066241122,19601479
2022-08-24,3.5772361755371094,3.706145462669264,3.56112251464559,3.698088824313494,15168925
2022-08-25,3.5933501720428467,3.6336345201241405,3.5691794863580673,3.5933501720428467,10700885
2022-08-26,3.5852925777435303,3.6416905792391194,3.57723593991842,3.601406237573705,12145480
2022-08-29,3.528895378112793,3.601406663841138,3.528895378112793,3.577236363325023,7852974
2022-08-31,3.5047245025634766,3.561122507663203,3.504724502563477,3.5450088468032783,7470059
2022-09-01,3.46444034576416,3.5530652833709024,3.46444034576416,3.496667665653877,8288602
2022-09-02,3.5127816200256348,3.561122603911952,3.456383613401603,3.4805542974347565,10319553
2022-09-05,3.617520332336426,3.6255773553101824,3.512781722937599,3.512781722937599,22504813
2022-09-06,3.730316400527954,3.7867140254049603,3.6014067204233555,3.665861752565658,47124480
2022-09-07,3.738372802734375,3.8189411075859816,3.7222591417640536,3.738372802734375,25581673
2022-09-08,3.6900320053100586,3.8269983225326594,3.6578046817494467,3.786713975991894,22668797
2022-09-09,3.8511688709259033,3.8511688709259033,3.6980888973434527,3.722259197068057,24705223
2022-09-12,4.229840278625488,4.229840278625488,4.004248628059594,4.004248628059594,17811344
2022-09-13,4.229840278625488,4.584341224269035,4.229840278625488,4.455431929191382,60534873
2022-09-14,4.1573286056518555,4.286238284835016,3.8592256688670528,4.189555929402645,28281280
2022-09-15,4.181499481201172,4.463488768967259,4.141215132586008,4.254011155036459,20864485
2022-09-16,4.100930690765381,4.213726315905379,4.06064634683968,4.1895556327139625,10947970
2022-09-19,3.8833961486816406,4.189555708145352,3.8833961486816406,4.108987403023323,11510912
2022-09-20,3.931737184524536,3.980078168246561,3.786713849178475,3.9397938230548797,13435553
2022-09-21,3.899509906768799,3.9639645524707636,3.875339222540566,3.9397938682425306,11712459
2022-09-22,3.8833961486816406,3.931737131754858,3.8592254650550406,3.8833961486816406,8872595
2022-09-23,3.818941116333008,3.9156234665563616,3.7947708169121563,3.8914527829555277,9344093
2022-09-26,3.706145763397217,3.8028277365914023,3.673918438999155,3.8028277365914023,10108112
2022-09-27,3.706145763397217,3.851169107368506,3.7061457633972164,3.7061457633972164,14515398
2022-09-28,3.5852925777435303,3.7061452185598194,3.57723593991842,3.698088580734709,6921941
2022-09-29,3.4805543422698975,3.6336343186384803,3.3435880274043233,3.6255772957969783,7728837
2022-09-30,3.5933501720428467,3.601406811151096,3.4322135480777027,3.4886111743754955,5902029
2022-10-03,3.730316400527954,3.730316400527954,3.6175203824139297,3.63363442858451,9305661
2022-10-04,3.706145763397217,3.7544867499943093,3.6819754621886758,3.7544867499943093,10089718
2022-10-05,3.738372802734375,3.7625434862798475,3.6819751814282413,3.7142025033688837,15871567
2022-10-06,3.859225034713745,3.9075660123964715,3.7464294201207173,3.754486057644535,17055404
2022-10-07,3.907566547393799,3.939793870261295,3.8269982402250595,3.859225563092555,17884514
2022-10-10,4.020362377166748,4.060646724842492,3.9397940659952724,3.947851089202426,16605013
2022-10-11,4.00424861907959,4.084817312502441,3.947850994699597,4.052589988805301,14804701
2022-10-12,3.859225034713745,4.012304989465682,3.835054737962352,4.004247967761924,10839608
2022-10-13,3.8672826290130615,3.931737275466613,3.843111944502981,3.859225606116369,12346820
2022-10-14,4.0606465339660645,4.0606465339660645,3.8833962577207175,3.8914528963691457,20676385
2022-10-17,4.117044448852539,4.149271771083167,4.068703465506598,4.068703465506598,21500714
2022-10-18,4.399033546447754,4.47960184902043,4.125100933520687,4.149271616382475,49241909
2022-10-19,4.479601860046387,4.535999864076061,4.310408232137335,4.407090195462516,27662030
2022-10-20,4.874387264251709,4.914671224740245,4.503772676349266,4.519886337380677,39141995
2022-10-21,4.826045513153076,5.003296154581509,4.77770453390349,4.874386876582614,26336059
2022-10-24,4.9549560546875,5.03552436773526,4.8421604164206355,4.8421604164206355,18742489
2022-10-25,5.043580532073975,5.269171770183507,4.8985572091093195,4.9710688705916475,35768994
2022-10-26,5.293342590332031,5.301399228384975,4.979125638487962,5.059694324097189,21670075
2022-10-27,5.083864688873291,5.333626618657941,5.043580729722201,5.317512958161511,23379912
2022-10-28,5.132205486297607,5.285285447613512,4.834102585715037,5.075807868672771,11145806
2022-10-31,5.067751407623291,5.18860406248054,4.922728452302592,5.15637673907594,13184586
2022-11-01,5.116092681884766,5.253059006185464,5.035524368819655,5.0677516940456995,20686510
2022-11-02,5.623672962188721,5.623672962188721,5.132205734623897,5.132205734623897,21803907
2022-11-03,5.381967544555664,5.825093779900293,5.269171922245746,5.607559173355467,39546530
2022-11-04,5.317513465881348,5.438366123233653,5.293343164918891,5.381968114021242,15557538
2022-11-07,5.285285949707031,5.381967918402771,5.253058626808451,5.333626934054901,16877415
2022-11-08,5.277229309082031,5.373911277741307,5.196660617685976,5.301399609156854,17400395
2022-11-09,5.164433479309082,5.357797807715946,5.067751507195653,5.3013997985597765,12281598
2022-11-10,5.108035564422607,5.1483195250935205,5.027466874720812,5.132205863989158,7043604
2022-11-11,5.116092681884766,5.269172668798486,5.0596950548291995,5.108036042668266,9789115
2022-11-14,5.293342590332031,5.309456250617884,5.108035304954746,5.11609194300769,11698121
2022-11-15,5.253058433532715,5.357797421189436,5.0838648024503135,5.317513076958396,12556959
2022-11-16,5.172490119934082,5.2772291074021505,5.075808154969701,5.253058424071066,11420309
2022-11-17,5.285285949707031,5.357797618318832,4.914671352193368,5.172490319562001,14113909
2022-11-18,5.4303083419799805,5.438365363962599,5.20471710498601,5.2288874025739585,16958813
2022-11-21,5.970117092132568,5.970117092132568,5.543104874886428,5.543104874886428,22358254
2022-11-22,6.437414169311523,6.5340961449989505,6.163481904863812,6.211822892707526,30499934
2022-11-23,6.48575496673584,6.5099252664263405,6.155424336132433,6.453527644361847,17344194
2022-11-24,6.663005828857422,6.82414244568227,6.405186473577669,6.501868443672578,19348876
2022-11-25,7.1705851554870605,7.23503979480776,6.703288636232034,6.711345658237098,17018603
2022-11-28,6.832198619842529,7.20281321835776,6.775800996707599,7.170585895372088,14118034
2022-11-29,6.566322326660156,6.864425993563075,6.509924709421181,6.848311949574849,9103567
2022-11-30,6.663005828857422,6.775801076454817,6.44547081987388,6.582437136265,9058217
2022-12-01,6.630777835845947,6.912767495757455,6.574380211207649,6.703289506586621,12421657
2022-12-02,6.5260396003723145,6.695233242407449,6.405186559855786,6.630777826449296,8624276
2022-12-05,6.300447940826416,6.590494238794232,6.163481622781059,6.574380192737128,10551197
2022-12-06,6.332674980163574,6.389072602110461,6.163481345962945,6.300447657856787,7365561
2022-12-07,6.058742523193359,6.356845454828911,6.018458177110719,6.332675154523324,5516529
2022-12-08,6.074855804443359,6.115140148003795,5.825093873236587,6.01040116209064,6124943
2022-12-09,6.2521071434021,6.389073081390535,6.131254483595819,6.131254483595819,8262109
2022-12-12,6.381015777587891,6.509925063056745,6.292390451738066,6.300447474169856,11364670
2022-12-13,6.614664077758789,6.904709971298875,6.4696407468087695,6.4696407468087695,24535191
2022-12-14,6.372959136962891,6.695233138302554,6.364902498228398,6.663005815004587,14379906
2022-12-15,6.534095764160156,6.622721479644793,6.389072809081656,6.413243493684739,11742172
2022-12-16,6.469640731811523,6.582436740995617,6.453527455276625,6.534095374671019,2446469
2022-12-19,6.493812084197998,6.550209707085629,6.171538087394434,6.493812084197998,6773400
2022-12-20,6.824141979217529,6.824141979217529,6.485754722835837,6.509925021617403,16852769
2022-12-21,6.671061992645264,6.920824321594875,6.654948715362056,6.832198607277277,11925156
2022-12-22,6.6468915939331055,6.767743861024263,6.558266649290255,6.679118916381412,7304989
2022-12-23,6.91276741027832,6.928881456181439,6.49381220547721,6.638834776805287,17177885
2022-12-26,7.122244834899902,7.307551738004703,7.0013918052420445,7.04167614846133,19622070
2022-12-27,7.1383585929870605,7.492859915212508,7.001392277812682,7.122245315627717,21805472
2022-12-28,6.71134614944458,7.1947567480908505,6.558266561943908,7.146415380882237,15073786
2022-12-29,6.888597011566162,6.912767311716222,6.663005750658963,6.711346350959083,7798584
2022-12-30,6.961108684539795,7.090017976563867,6.920824338692275,6.920824338692275,6848541
2023-01-02,7.557314395904541,7.62176904065068,6.9852788475125775,7.001392124519125,21888413
2023-01-03,7.283381938934326,7.9762697700587015,7.251154615820634,7.605655170071247,24239590
2023-01-04,7.033619403839111,7.645939293539369,6.953051482579585,7.315609049147379,21385871
2023-01-05,6.68717622756958,7.251154778925086,6.598550510743424,7.065847858943138,9729970
2023-01-06,6.534095764160156,6.646891780067877,6.010401567620019,6.324618162380101,18379435
2023-01-09,6.155424118041992,6.687175686732565,6.026514833113356,6.574379678240034,10228337
2023-01-10,5.857321262359619,6.211822183591863,5.784809596781667,6.171537839564117,10640173
2023-01-11,5.414195537567139,5.945947162851243,5.3577979114985315,5.921776477264687,10045744
2023-01-12,5.6075592041015625,5.7445255097474295,5.172489988626439,5.438365577619018,13918212
2023-01-13,5.53504753112793,5.720354817727466,5.430308546489068,5.672013836551061,10267807
2023-01-16,5.784809589385986,5.849264616583971,5.51893399484671,5.607559321086461,10994751
2023-01-17,5.978174209594727,6.026515194340506,5.768696224849684,5.8573215556402785,11811896
2023-01-18,6.090969562530518,6.139310545068858,5.889548609864112,6.002344235786905,15151785
2023-01-19,5.978174209594727,6.292390802532294,5.929833224848946,6.090969840668213,13133634
2023-01-20,5.94594669342041,6.099026665569606,5.921776009742123,5.994287676597001,6747229
2023-01-23,5.881491661071777,6.171537540991512,5.841207318992946,5.986230258952814,12679106
2023-01-24,5.6961846351623535,5.889548563803464,5.5914456483917645,5.881491925533405,11119468
2023-01-25,5.559218406677246,5.75258233809142,5.454479418404578,5.736468677140239,6971461
2023-01-26,5.575332164764404,5.696184816093804,5.535047819594609,5.607559487228246,6838857
2023-01-27,5.414195537567139,5.575332545057479,5.2611159375123355,5.53504819713989,6986118
2023-01-30,5.3013997077941895,5.454479686442897,5.277229407269657,5.422252362956853,5199361
2023-01-31,5.180546760559082,5.381967713081005,5.148319438889972,5.301399408908232,5611798
2023-02-01,5.011353015899658,5.543104579723972,5.011353015899658,5.236944646640272,13026898
2023-02-02,4.963012218475342,5.164433173889828,4.656852658222111,5.075808230117042,12249918
2023-02-03,5.228888034820557,5.236945057777383,4.922728461881141,5.011353409326235,9170925
2023-02-06,5.744525909423828,5.744525909423828,5.390024971375935,5.655900578866856,10743877
2023-02-07,6.316560745239258,6.316560745239258,5.381967330697154,6.026514486644816,48349941
2023-02-08,6.727459907531738,6.727459907531738,6.727459907531738,6.727459907531738,100
2023-02-15,6.9449944496154785,6.9449944496154785,6.9449944496154785,6.9449944496154785,1357457
2023-02-16,7.637882232666016,7.637882232666016,7.637882232666016,7.637882232666016,3040913
2023-02-17,8.395225524902344,8.395225524902344,7.734565033731901,8.056838256654075,30719729
2023-02-20,9.233137130737305,9.233137130737305,8.701385902365839,9.047829442097546,4888098
2023-02-21,10.151616096496582,10.151616096496582,10.151616096496582,10.151616096496582,1982505
2023-02-22,9.136454582214355,11.16677739583979,9.136454582214355,11.16677739583979,13978545
2023-02-23,8.226032257080078,8.757783482760317,8.226032257080078,8.677215557622104,9226064
2023-02-24,9.047828674316406,9.047828674316406,7.9359857102667215,8.145462913598434,110774674
2023-02-27,9.9501953125,9.9501953125,8.717498535970007,9.023658474485694,59793793
2023-02-28,10.280526161193848,10.747822735033568,9.112284726594545,10.224127768930433,108829787
2023-03-01,10.50611686706543,11.126493770487556,9.950195375428944,10.071047639762105,76334984
2023-03-02,9.652091026306152,10.860616660085649,9.507068472737348,10.506116145588688,46293703
2023-03-03,9.748774528503418,10.175786737925808,9.31370529647533,9.539296550915088,57134072
2023-03-06,9.442615509033203,10.00659408451859,9.43455848563883,9.853513713465674,25358682
2023-03-07,8.830294609069824,9.531239433212598,8.830294609069824,9.458727767204731,32788885
2023-03-08,8.46773624420166,9.144510704934488,8.427451903756156,9.023657683597976,35968623
2023-03-09,9.313704490661621,9.313704490661621,8.467736399255001,8.475793421163612,42496922
2023-03-10,9.112284660339355,9.950195831651941,8.943091021499315,9.386216523278476,51928879
2023-03-13,8.902806282043457,9.482898842200305,8.701385328912881,9.112284257705648,30229976
2023-03-14,8.806124687194824,9.305648579769134,8.741670040950396,9.02365892617977,26581566
2023-03-15,8.475793838500977,8.902806032004182,8.306600211888773,8.741669427697307,18873092
2023-03-16,8.46773624420166,8.8383507932525,8.314655904180723,8.508020584647163,25005060
2023-03-17,8.379111289978027,8.93503354738962,8.379111289978027,8.556361942754473,42732833
2023-03-20,7.952098846435547,8.564418705954944,7.952098846435547,8.387168058544606,18149140
2023-03-21,7.710394382476807,8.072952738309896,7.589542109439119,8.008497321881782,16718056
2023-03-22,7.799019813537598,8.040724350739973,7.61371213087446,7.782905767932114,27039551
2023-03-23,8.177690505981445,8.572476163681769,7.734565017484299,7.799019661933338,86872827
2023-03-24,8.056838989257812,8.362998963052815,8.016554640639516,8.18574829014833,17812388
2023-03-27,7.790963172912598,8.1857480892929,7.790963172912598,8.072952837961397,10352115
2023-03-28,7.251153945922852,7.863473796873828,7.243096923798778,7.799019156601085,14923068
2023-03-29,7.186700344085693,7.291439341753045,6.936938000669697,7.251154993671751,24875748
2023-03-30,7.130302906036377,7.404234789829233,7.049734207746679,7.202813812465042,12780368
2023-03-31,6.904709815979004,7.1544721282901405,6.85636921898971,7.130301829795493,6982090
2023-04-03,6.7516303062438965,7.106130838592479,6.574379655889634,6.912766911856889,10909867
2023-04-04,6.864426612854004,6.977221857508051,6.727460300036966,6.751630599839979,13640817
2023-04-05,6.791914939880371,6.977221852161437,6.783857917165548,6.880539884663492,13539340
2023-04-06,6.703289031982422,6.928881051283335,6.663005456298645,6.791914742550622,8497196
2023-04-07,6.759687423706055,6.824142066857964,6.646891414010237,6.719403079646122,10555185
2023-04-10,6.91276741027832,7.001392357665479,6.759687815998683,6.8080284169880425,19190550
2023-04-11,7.090017318725586,7.597598185245113,6.912766674458469,6.936936972380375,41848971
2023-04-12,6.953051567077637,7.122245202646756,6.9288812672420415,7.081960857347446,12191692
2023-04-13,7.041676044464111,7.299495376243891,6.95305110537852,6.993335448002853,16467947
2023-04-14,6.985278606414795,7.154472235123664,6.961108307559227,7.073903547791842,8340408
2023-04-17,6.808028221130371,7.057790546923404,6.799971198410601,6.993335901885198,6971598
2023-04-18,6.7677435874938965,6.977221559121456,6.719402989955195,6.799970908639679,15358521
2023-04-19,6.68717622756958,6.904710471390128,6.646891880681328,6.775801176035729,11123676
2023-04-20,6.7677435874938965,6.872482573307677,6.622721026517848,6.687175668809412,5094730
2023-04-24,6.7435736656188965,7.00944927202122,6.7435736656188965,6.848312657286477,10249382
2023-04-25,6.598550319671631,6.85636967127486,6.550209719493516,6.775800979831353,10475326
2023-04-26,6.405185699462891,6.638833957710773,6.381015401950325,6.614663660198207,5079255
2023-04-27,6.453527450561523,6.654948401440273,6.381015785307581,6.389072423569144,13009518
2023-04-28,6.187652111053467,6.509925742543546,6.147368147229716,6.469641394539781,5646330
2023-05-02,5.720355033874512,6.276276914678962,5.680071073462004,6.219878909085473,8818755
2023-05-03,5.833150863647461,6.292390794409538,5.69618493246789,6.292390794409538,25450016
2023-05-04,5.913719654083252,6.026515286888927,5.663957703637829,5.7767533364435035,15723423
2023-05-05,5.73646879196167,5.929833111426214,5.672014146866818,5.9137194501525014,8617070
2023-05-08,5.954002857208252,5.962059879185372,5.672013619068258,5.760638939916811,9902152
2023-05-09,5.841207981109619,6.050685968976503,5.800923634464448,5.962060636865129,8641841
2023-05-10,5.784809589385986,5.897605598847479,5.736468607122479,5.873434915625737,6196869
2023-05-11,6.115140438079834,6.195708744842547,5.817037126787807,5.817037126787807,12946222
2023-05-12,6.018457889556885,6.171537859504968,5.841207620458038,6.1393105378506325,7221816
2023-05-15,6.050685882568359,6.284334167741679,5.736468905255277,5.736468905255277,11735610
2023-05-16,6.445470809936523,6.63883474982822,6.01845819973903,6.05068590723431,18747861
2023-05-17,6.5260396003723145,6.646891872528836,6.324618250358104,6.453527929734399,25464922
2023-05-18,6.219878673553467,6.574379586331328,6.211822035448044,6.534095243264311,11409442
2023-05-22,6.405185699462891,6.4938114042754735,6.179594463172499,6.252106124070101,7282303
2023-05-23,6.244049549102783,6.4293568414110975,6.219878865679969,6.4051861579882825,4654940
2023-05-24,6.244049549102783,6.381015858745448,6.187651543902869,6.187651543902869,8491342
2023-05-25,6.227935791015625,6.340731415475088,6.203765107970039,6.260163112289757,7212138
2023-05-26,6.493812084197998,6.5421526842845426,6.252106778685321,6.260163417306415,12462606
2023-05-29,7.033619403839111,7.138358393000469,6.638834515095512,6.671061837271317,28876807
2023-05-30,7.404233455657959,7.452574819593141,7.041675915403789,7.090017279338971,24029818
2023-05-31,7.363950252532959,7.815132752942534,7.299495609617305,7.412290850539724,21763174
2023-06-01,7.586350917816162,7.800515192174513,7.479268780636986,7.520454338867314,11377031
2023-06-02,7.602825164794922,7.759330139150287,7.553403120140033,7.602825164794922,14752144
2023-06-05,7.586350917816162,7.726381344469762,7.545165359585836,7.685195786239435,12618163
2023-06-06,7.413372039794922,7.61106177232432,7.35571273086114,7.594588020721454,10204620
2023-06-07,7.462795257568359,7.627536709993324,7.413372429066266,7.479269010036251,23220375
2023-06-08,7.405135154724121,7.602824897491691,7.355713111806833,7.471031735646644,13496883
2023-06-09,7.471031665802002,7.5369282461084754,7.413372354421138,7.438083375648765,11046992
2023-06-12,7.413372039794922,7.6522473296552365,7.413372039794922,7.553402463390538,16654894
2023-06-13,7.083889484405518,7.446320677703607,7.059177677518743,7.429846925328297,9803105
2023-06-14,6.927384853363037,7.141549143506418,6.9191475840000045,7.083889829063678,6592563
2023-06-15,7.12507438659668,7.12507438659668,6.943859179454591,6.943859179454591,6134249
2023-06-16,7.289816856384277,7.454558316046509,7.125074611172802,7.125074611172802,14506062
2023-06-19,6.935621738433838,7.331001219361095,6.8779624271859126,7.331001219361095,7438096
2023-06-20,6.787354469299316,7.034467053271951,6.746168907712336,6.919147637938255,5607122
2023-06-21,6.589664459228516,6.861488055327754,6.589664459228516,6.795591473579407,5676740
2023-06-22,6.927384853363037,6.9768076839919875,6.622612956874031,6.630850226237063,6956802
2023-06-23,7.017992973327637,7.092126038074721,6.9603328755698435,6.985043897152205,6370695
2023-06-26,7.166259765625,7.190970786784103,7.059177626536622,7.059177626536622,6286623
2023-06-27,7.2651047706604,7.2651047706604,7.100363317293232,7.166259898640099,3882217
2023-07-03,7.536928176879883,7.644010315281627,7.380423996476838,7.380423996476838,19735542
2023-07-04,7.438083648681641,7.60282510549506,7.396898088090978,7.545165791997671,14005072
2023-07-05,7.471031665802002,7.569876536261713,7.322764752887036,7.438083375648765,12572868
2023-07-06,7.685196876525879,7.841701862894393,7.503980865933131,7.512218135857641,41381803
2023-07-07,7.808752059936523,7.907597718776804,7.62753685167753,7.685196164710008,24832286
2023-07-10,8.195895195007324,8.270029047498273,7.849937740415727,7.85817500970344,31766383
2023-07-11,8.129998207092285,8.278265904693406,7.948782219529715,8.237080345854293,22428761
2023-07-12,8.319452285766602,8.64893521794479,8.154710034128234,8.179421843203555,60671722
2023-07-13,8.146471977233887,8.467717577700864,8.080575403520193,8.319450679619614,28401523
2023-07-14,8.187657356262207,8.410058898266865,8.154709066952167,8.171183604381778,23745821
2023-07-17,8.261792182922363,8.40182262547607,8.228843889706743,8.228843889706743,28564392
2023-07-18,7.915833950042725,8.31121421615197,7.915833950042725,8.294739678354036,14941559
2023-07-19,8.039390563964844,8.138235433331314,7.676958590738594,7.816989018728392,10954531
2023-07-20,8.212369918823242,8.278266503512858,8.047628457099202,8.097050502841787,20147398
2023-07-21,8.319452285766602,8.40182262603651,8.146473549985735,8.237081159947419,23478468
2023-07-24,8.410058975219727,8.73130538809394,8.311214106385165,8.377110685608207,43067145
2023-07-25,8.162946701049805,8.492430394447455,8.05586455961176,8.492430394447455,14976444
2023-07-26,8.451244354248047,8.459481622863393,8.162946237104334,8.179420774335025,21541442
2023-07-27,8.525379180908203,8.690120644410689,8.401822494119392,8.632460543022871,21701077
2023-07-28,9.01136589050293,9.373797879213386,8.492430500545748,8.566563566575898,58300547
2023-07-31,9.101973533630371,9.357322573064142,8.9784168626196,9.101973533630371,34649963
2023-08-01,8.904284477233887,9.176108074281293,8.863098917110202,9.101974223168506,17739479
2023-08-02,9.036078453063965,9.266716510710058,8.871336983316755,8.920759031466273,23663791
2023-08-03,9.20905590057373,9.414982905251682,9.036077185222284,9.044313668392023,48525255
2023-08-04,9.662095069885254,10.11513465545391,9.151396172070315,9.225530022415086,55924491
2023-08-07,9.555013656616211,9.86802202310107,9.41498322582336,9.802125442204341,29890018
2023-08-08,9.15963363647461,9.719755374981977,9.143159883573984,9.620910500930542,15451154
2023-08-09,9.307900428771973,9.620909558722085,9.069025143487565,9.167870007858788,23104608
2023-08-10,9.044313430786133,9.662094428590077,8.98665412236683,9.349086080986007,29574005
2023-08-11,9.316139221191406,9.480880688759706,8.970181746523336,9.044314817767109,28311847
2023-08-14,9.20081901550293,9.464405341105772,9.085499605277079,9.39027149064267,32077025
2023-08-15,9.217292785644531,9.349086734246336,9.069025869984976,9.184344494881383,20570620
2023-08-16,9.307900428771973,9.4808791378089,9.11021070002953,9.233766584106268,23009885
2023-08-17,9.54677677154541,9.653858916196262,9.20081931515012,9.307901459800972,34545480
2023-08-18,9.077263832092285,9.645622087536788,9.077263832092285,9.555014477407745,18922926
2023-08-21,9.497352600097656,9.497352600097656,8.961942737991773,9.04431306302007,19292215
2023-08-22,9.62091064453125,9.760941081248172,9.390271816086178,9.538539522150975,34694681
2023-08-23,9.472641944885254,9.802124828748555,9.414982636596465,9.65385792378465,28751229
2023-08-24,9.12668514251709,9.5961984802258,9.060788561278999,9.406746005553588,20185349
2023-08-25,9.258479118347168,9.266716388112874,8.92075891344605,9.126685944293003,12664640
2023-08-28,9.332612037658691,9.456167929535692,9.291426478516623,9.324374768720437,17235245
2023-08-29,9.15963363647461,9.373797923027336,9.134922614349058,9.373797923027336,13204924
2023-08-31,9.826837539672852,9.884496853274532,9.217292970036839,9.225530239279717,42247109
2023-09-01,9.538538932800293,9.933919196027604,9.4808796220262,9.909207389510826,26637959
2023-09-04,9.596199035644531,9.695044698771973,9.5714880126373,9.62091084420102,28596255
2023-09-05,9.769177436828613,9.826837535957726,9.538539396959854,9.596198710539735,43666992
2023-09-06,10.230454444885254,10.502278049197002,9.810363134385556,9.876259718124814,50330875
2023-09-07,10.807049751281738,10.938842916393224,10.17279494779541,10.255165283215474,53506283
2023-09-08,10.461092948913574,10.889421547641177,10.362248068949345,10.815287691280687,24346019
2023-09-11,10.131609916687012,10.584649534590966,10.090424354050421,10.518752948592129,19739823
2023-09-12,10.082186698913574,10.477566985338214,9.925682509537705,10.181031574132424,28397735
2023-09-13,10.008051872253418,10.61759638844692,9.966867100748415,10.139845811936581,32904077
2023-09-14,9.85154914855957,10.115135495635643,9.538539968632096,10.016290615482117,19471372
2023-09-15,9.975104331970215,10.123372034267373,9.802125607806605,9.900971266370858,14215072
2023-09-18,9.538538932800293,10.032764065447132,9.522065180671635,9.975103969123847,10309611
2023-09-19,9.760940551757812,9.94215575428546,9.55501354252705,9.55501354252705,14889924
2023-09-20,9.777413368225098,10.255163921071546,9.74446508132359,9.769176100112439,22921166
2023-09-21,10.148082733154297,10.148082733154297,9.637383846055863,9.777414274757762,18858653
2023-09-22,10.477566719055176,10.526988762633941,10.156320293596329,10.18926858449858,26185061
2023-09-25,11.523675918579102,11.523675918579102,10.551700912624575,10.559937396455691,56961694
2023-09-26,12.66862964630127,12.66862964630127,11.548387003821471,11.861395365189248,51602603
2023-09-27,13.928903579711914,13.928903579711914,13.179329348692885,13.195803887442388,55966432
2023-09-28,13.01458740234375,14.332519816607528,12.767474829185161,13.92890305892639,35881273
2023-09-29,13.294647216796875,13.690028268662092,12.627444146615568,13.055772702995489,27353139
2023-10-02,13.648842811584473,14.431366126192385,13.451153058347407,13.492337834443191,40581517
2023-10-03,13.731212615966797,13.961851424806019,13.426439960397053,13.714738078671493,23723264
2023-10-04,14.307809829711914,14.90087907296325,13.615894927036125,13.731213553782604,47418263
2023-10-05,13.920665740966797,14.81027037277383,13.467626941574654,14.332519766268172,28416374
2023-10-06,14.381941795349121,14.834982165397179,13.731213252979733,13.838294608170191,34280810
2023-10-09,13.16285514831543,14.233676628082982,13.16285514831543,13.895956430528974,16605869
2023-10-10,13.46762752532959,13.755925669756532,13.179329380902645,13.179329380902645,16270535
2023-10-11,12.849845886230469,13.681791204745029,12.676867164416047,13.508811697381397,14858889
2023-10-12,12.470940589904785,13.31112242139601,12.042612012068648,13.07224711007947,14935626
2023-10-13,11.935529708862305,12.495651446106104,11.902581417586154,12.470940424036298,10435564
2023-10-16,11.40011978149414,12.273249893259596,11.40011978149414,12.001426293790233,12079424
2023-10-17,11.779025077819824,11.83668438899301,11.177717802752543,11.400119349647744,13403821
2023-10-18,11.317748069763184,11.630757213385134,11.22714046985256,11.433067476007857,8784099
2023-10-19,11.128294944763184,11.556622683815773,11.004738277028464,11.31774740218762,9265024
2023-10-20,10.667019844055176,11.029451851569917,10.37872247751541,11.029451851569917,8307990
2023-10-23,11.729602813720703,11.729602813720703,10.815287132157453,10.848235423775519,27630482
2023-10-24,12.89926815032959,12.89926815032959,11.984952482528373,12.059086333940487,39706385
2023-10-25,11.614283561706543,13.574707985956495,11.614283561706543,13.426440288868156,35457349
2023-10-26,12.157931327819824,12.635681946601025,11.202430090257424,11.630757879090913,44102297
2023-10-27,11.779025077819824,12.355620546199283,11.400119349647744,12.31443498726878,25358658
2023-10-30,11.647232055664062,11.886107357631857,11.482489817990379,11.696654098526803,22664586
2023-10-31,11.177718162536621,11.828447500826574,11.062399536478416,11.754314435024538,10085184
2023-11-01,10.922369003295898,11.36717132179645,10.543463266384377,11.243614642155109,12139695
2023-11-02,10.988265037536621,11.13653273150102,10.807049054418929,11.045924347167587,8731944
2023-11-03,10.947080612182617,11.062400028923514,10.716442564250084,10.988266174272171,9816964
2023-11-06,11.194192886352539,11.408357174794055,11.00473962025451,11.03768791189557,7792660
2023-11-07,11.037688255310059,11.350697428413381,10.897657815091486,11.202430504190211,6540847
2023-11-08,11.05416202545166,11.210666208341713,10.905894325993247,11.087110315825841,7573608
2023-11-09,10.856472969055176,11.04592545428791,10.765864575640167,10.988266138877819,5701691
2023-11-10,10.815287590026855,10.91413246906569,10.708205441347468,10.864709636771638,5318166
2023-11-13,10.444618225097656,10.971790869284812,10.444618225097656,10.815286686929051,6651047
2023-11-14,10.502277374267578,10.617596781174893,10.296350366928998,10.535225664019784,5061279
2023-11-15,10.329298973083496,10.584648815646737,10.288113413244364,10.576411546569068,4883746
2023-11-16,10.403432846069336,10.634070881895836,10.304587973572264,10.329298995309227,7305092
2023-11-17,10.815287590026855,11.441305942822071,10.37048524157747,10.403433534590414,27480415
2023-11-20,10.9388427734375,11.070635936826628,10.815286879147497,10.839997900895654,7665319
2023-11-21,11.317748069763184,11.515437807140462,10.955316884571507,10.963554153349524,14212649
2023-11-22,11.861395835876465,12.289724407249121,11.325985907209871,11.342460445593078,16985926
2023-11-23,11.540149688720703,12.38856873965876,11.531912419888975,11.861395317666126,11046610
2023-11-24,11.449542045593262,11.754314727749314,11.30951160856456,11.556624190706343,9054654
2023-11-27,11.408356666564941,11.746076837228083,11.367171107461074,11.531912558327338,8115865
2023-11-28,11.218903541564941,11.614283813868358,11.144769691411224,11.40835680146324,7485936
2023-11-29,10.848235130310059,11.334223007691556,10.732915719991821,11.293037447895813,5369645
2023-11-30,10.774101257324219,10.988265539376192,10.667019116298233,10.84823510769215,4342491
2023-12-01,10.716442108154297,10.914131855111291,10.650545525835298,10.90589458593411,4277701
2023-12-04,10.67525577545166,10.914131065462456,10.55993637196228,10.765863373197421,9562391
2023-12-05,10.543462753295898,10.749389757127657,10.502277195419712,10.70820419925147,4916829
2023-12-06,10.032764434814453,10.568174360269243,10.032764434814453,10.543463338391895,6799036
2023-12-07,10.222217559814453,10.222217559814453,9.88449735906753,10.03276507082931,5788885
2023-12-08,10.21397876739502,10.386957476812073,10.148082191002727,10.23045330426767,5591968
2023-12-11,9.769177436828613,10.362247467754655,9.769177436828613,10.213979763635836,3830498
2023-12-12,9.769177436828613,9.925682410187195,9.703280854008968,9.769177436828613,3110639
2023-12-13,9.447931289672852,9.793888723857853,9.447931289672852,9.76917691745236,3087946
2023-12-14,9.678568840026855,9.736228147698096,9.373796979330207,9.522064668255283,3672469
2023-12-15,9.950393676757812,9.950393676757812,9.695044608447136,9.727992900666232,5416605
2023-12-18,9.563250541687012,9.925682537389012,9.555014057890926,9.892734245556943,4517623
2023-12-19,9.571487426757812,9.637384007776346,9.390271436182243,9.464405286215394,3841974
2023-12-20,9.24200439453125,9.629146606302264,9.184344297771304,9.56325002619021,3672467
2023-12-21,9.32437515258789,9.357323444148125,8.92899565386508,9.242004816461924,7700030
2023-12-22,8.994892120361328,9.406746152298938,8.961943829228288,9.340849570032859,4957244
2023-12-25,8.484192848205566,9.027840021170432,8.484192848205566,9.003129000276354,4626480
2023-12-26,8.583037376403809,8.780727106802372,8.443006954317537,8.508903531117058,4222346
2023-12-27,8.67364501953125,8.854860999474257,8.492429825137409,8.583037422334328,4005400
2023-12-28,8.887809753417969,8.970180871945713,8.681882742647813,8.681882742647813,3028792
2023-12-29,9.143158912658691,9.209055488362068,8.813675248592661,8.887809092646247,3419892
2024-01-02,9.406746864318848,9.456168911984673,9.167871539135941,9.167871539135941,3807578
2024-01-03,9.266715049743652,9.489116588001101,9.200818472233854,9.447931030670185,4607520
2024-01-04,9.35732364654541,9.39027193881831,9.044314477178233,9.266716039182247,3308368
2024-01-05,9.431456565856934,9.456167586225348,9.25847785217968,9.390271008210126,2771669
2024-01-08,9.58796215057373,9.851548479755394,9.447931716808665,9.447931716808665,5177688
2024-01-09,9.423219680786133,9.678569520150914,9.357323100088616,9.620910208427889,4138861
2024-01-10,9.51382827758789,9.587962128889881,9.316138531148733,9.349086822221924,4065962
2024-01-11,9.43969440460205,9.637384150587097,9.373797822607035,9.513828255733749,3012129
2024-01-12,9.579724311828613,9.843310625338523,9.18434405601457,9.349086287507442,5969450
2024-01-15,9.703280448913574,9.826837125704053,9.555013536533878,9.579724557672295,4782837
2024-01-16,9.54677677154541,9.760941060847113,9.414983604451821,9.703280961081738,7880543
2024-01-17,9.46440601348877,9.604436455300814,9.398509427406545,9.546777138866185,3686224
2024-01-18,9.555013656616211,9.670332280410882,9.489117075719482,9.489117075719482,7198199
2024-01-19,9.563250541687012,9.645621664041805,9.406746351871993,9.57148781103234,5582874
2024-01-22,9.843311309814453,9.966867992025888,9.563250439460946,9.563250439460946,11829209
2024-01-23,9.719755172729492,10.123371929761548,9.703280634622446,9.925682185772281,9972290
2024-01-24,9.85154914855957,9.91744573532859,9.678570411903578,9.760941538139491,5125309
2024-01-25,10.049238204956055,10.106898303502035,9.90097128788593,9.925682309806081,7956444
2024-01-26,10.263401985168457,10.3128248121283,10.08218600038128,10.098660537884289,7920213
2024-01-29,10.139846801757812,10.461092449931181,10.13160953243305,10.304588260506879,8580873
2024-01-30,10.370484352111816,10.47756649160688,9.99157862218667,10.148082804187638,15792936
2024-01-31,10.230454444885254,10.362247612363769,10.172795130500715,10.362247612363769,6442177
2024-02-01,10.535225868225098,10.699967320179322,10.263402276113323,10.263402276113323,14592883
2024-02-02,10.378722190856934,10.57641194283249,10.304588337478787,10.568174673446197,8433988
2024-02-05,10.395195007324219,10.494039874404658,10.321061160626595,10.386957738680222,5778932
2024-02-06,10.411669731140137,10.52698835202536,10.312824862288865,10.411669731140137,10688621
2024-02-07,10.543462753295898,10.576411042487013,10.386957790476222,10.42814334835241,12669477
2024-02-08,10.543462753295898,10.782338046318772,10.518751732789857,10.559936505116866,14800340
2024-02-09,10.67525577545166,10.815286199135489,10.568173640543487,10.568173640543487,10381292
2024-02-12,10.872946739196777,11.078873763748039,10.741153569171852,10.741153569171852,11352315
2024-02-13,10.625833511352539,11.120058654668606,10.592885220834749,10.914131642545113,12020900
2024-02-14,10.699966430664062,10.699966430664062,10.3540090175459,10.60935883600898,6774838
2024-02-15,10.90589427947998,10.947079838659352,10.699967269132324,10.699967269132324,10031486
2024-02-16,10.922369003295898,11.037687628302091,10.749390280237394,10.94708002500448,10716266
2024-02-19,10.83176040649414,11.367171103562367,10.807049385259976,11.095347513338961,14433979
2024-02-20,11.301275253295898,11.433068422457488,10.70820520651949,10.872946667971478,18830259
2024-02-21,11.42483139038086,11.63899568749294,11.037688358762754,11.614284664149015,21453928
2024-02-22,11.408356666564941,11.531912558327338,11.284799989253342,11.474253246911447,9716899
2024-02-23,11.5072021484375,11.762551214459055,11.416593756485325,11.457779317777291,12270806
2024-02-26,11.28480052947998,11.57309867145927,11.227141215303819,11.531913110383766,7534047
2024-02-27,10.872946739196777,11.301275327327046,10.82352469321206,11.284800788299302,6664705
2024-02-28,10.667019844055176,10.996503558663964,10.667019844055176,10.872946871104693,6381115
2024-02-29,10.90589427947998,10.92236881737141,10.60935966737707,10.683493516790099,4969010
2024-03-01,10.848235130310059,10.980028293217066,10.724679236472044,10.90589444269457,6315906
2024-03-04,10.428144454956055,10.914132361258464,10.419907185396866,10.848235775883486,6297865
2024-03-05,10.708205223083496,10.724679762028805,10.312825714987133,10.428144345407278,5300491
2024-03-06,10.255165100097656,10.699967417181073,10.222216809408115,10.691730148121385,5945245
2024-03-07,10.625833511352539,10.625833511352539,10.181031196587764,10.255165046640094,6626949
2024-03-08,10.502277374267578,10.757627209009062,10.378721484084107,10.634070533276399,5357865
2024-03-11,10.535225868225098,10.823523998306896,10.502277577834253,10.642308008382646,7188675
2024-03-12,10.28811264038086,10.543462463761713,10.156319487235576,10.535225195302845,3521937
2024-03-13,10.090423583984375,10.403432736365714,10.07394904596731,10.304587864910955,4643147
2024-03-14,9.991579055786133,10.181031536195677,9.966868033460809,10.11513495296199,4337615
2024-03-15,10.073948860168457,10.189268267513386,10.01628954927059,10.024526818127198,3627664
2024-03-18,9.727992057800293,10.131608798900812,9.653858210343222,10.082185972079705,4039543
2024-03-19,9.843311309814453,9.909207892774191,9.67033258315783,9.727992682409527,3070546
2024-03-20,9.793889999389648,9.999817032959706,9.793889999389648,9.851549317413491,5198728
2024-03-21,9.736227989196777,10.02452609395792,9.678568682464205,9.835072851687963,4823403
2024-03-22,9.868021965026855,10.024526932897448,9.736228804009013,9.736228804009013,4308833
2024-03-25,10.848235130310059,10.848235130310059,10.848235130310059,10.848235130310059,4828761
2024-03-26,11.927291870117188,11.927291870117188,11.927291870117188,11.927291870117188,7879584
2024-03-27,11.367171287536621,12.223827631161308,10.848235119925144,12.223827631161308,67619241
2024-03-28,11.350696563720703,12.248538452413305,11.078872973544858,11.367171101573398,33048860
2024-03-29,11.260088920593262,11.638994648764658,11.177717802732403,11.408356618523129,16435523
2024-04-01,10.568174362182617,11.28480028114922,10.3704846160296,11.2600892592674,12363368
2024-04-02,10.115134239196777,10.782338079293787,10.106897756035693,10.601122095413865,8783707
2024-04-03,10.238691329956055,11.021213821651626,9.966867735846533,10.123371919965962,23565731
2024-04-04,10.123372077941895,10.411670214641434,10.049238226473486,10.403432945467339,10152174
2024-04-05,10.625833511352539,10.625833511352539,10.164557444103474,10.238691294155805,10408708
2024-04-08,11.04592514038086,11.161244553473113,10.691730417386196,10.691730417386196,10825866
2024-04-15,12.083797454833984,12.232065158872192,10.872946371470153,11.095347927527467,35146400
2024-04-16,11.202430725097656,12.32267348338771,11.087111305717348,12.083798160460079,24809007
2024-04-17,11.721364974975586,11.82844711391929,11.210666086931981,11.210666086931981,17655556
2024-04-18,11.935529708862305,12.133219456519212,11.721365422792706,11.869633126310001,20831992
2024-04-19,11.902580261230469,12.075558970012397,11.507200804328432,11.886106509967458,16774379
2024-04-22,12.314435005187988,12.4709399722418,12.026137663353344,12.149693554775448,17606582
2024-04-24,12.207353591918945,12.627444904612728,11.952004524982977,12.35562129888128,14818045
2024-04-25,12.207353591918945,12.380332321525252,12.141457007835518,12.289724714797853,9394585
2024-04-26,12.462702751159668,12.602733180934996,12.232064719697037,12.265013009905985,15971580
2024-04-29,12.240302085876465,12.610971359396855,12.083797892483947,12.503889212107548,12862493
2024-04-30,12.141456604003906,12.462703029887713,12.067322752988472,12.28148703691101,8909094
2024-05-02,12.421517372131348,12.553310534878225,12.100270948773925,12.166168315696577,13204199
2024-05-03,12.248538970947266,12.46270325880359,12.141456827019104,12.454465989528522,7839833
2024-05-06,12.70981502532959,12.849845451852861,12.256775456316019,12.289723745759778,14529194
2024-05-07,12.569785118103027,12.808660422826252,12.314435275202717,12.718052033950714,11397879
2024-05-08,12.405043601989746,12.816897627764915,12.372095311349701,12.5944960767827,7897374
2024-05-09,12.124982833862305,12.470940281070481,12.083797273851957,12.454465742846654,8081598
2024-05-10,12.108508110046387,12.2732495620135,12.067322550667306,12.100270841060729,6947967
2024-05-13,11.671943664550781,12.182642584615023,11.671943664550781,12.124983269856733,5073637
2024-05-14,11.737839698791504,11.779025258353247,11.548387224576386,11.61428380565549,4318606
2024-05-15,11.531913757324219,11.73784078870501,11.482490924151145,11.73784078870501,4581412
2024-05-16,11.696654319763184,11.704891588912513,11.498964573474607,11.531912864522704,6308879
2024-05-17,11.853158950805664,11.877869971994365,11.70489125257506,11.779025101690362,7082788
2024-05-20,12.223828315734863,12.223828315734863,11.779025973664558,11.853159828267819,8914938
2024-05-21,11.886107444763184,12.281486932760266,11.779025303710004,12.265013180201661,8147359
2024-05-22,11.828447341918945,11.984952311679999,11.811973589367327,11.886107439722645,5823130
2024-05-23,11.54838752746582,11.861395903026494,11.54838752746582,11.82844761162278,5242937
2024-05-24,11.367171287536621,11.622520344037198,11.367171287536621,11.548387279134886,3857181
2024-05-27,11.037688255310059,11.367171967521102,11.037688255310059,11.342460944408783,6208471
2024-05-28,10.922369003295898,11.153007038857499,10.831760614449072,11.054162166473956,3867493
2024-05-29,10.82352352142334,11.004738717814057,10.71644138598382,10.938842139935764,4647456
2024-05-30,11.087109565734863,11.153006142025035,10.774100435581973,10.823523260574179,5492504
2024-05-31,11.04592514038086,11.367171571856199,10.938842996555747,11.103584454152369,4964385
2024-06-03,10.986493110656738,11.22422307314248,10.910080775966437,11.207242014521452,4112379
2024-06-04,11.037434577941895,11.147809020885479,10.9525309111541,10.986492215928942,3145824
2024-06-05,11.054415702819824,11.1817703940794,10.765744205616645,11.147809089096755,4756976
2024-06-06,11.011963844299316,11.275163754895127,10.978002539393362,11.054415677857106,5571071
2024-06-07,10.78272533416748,11.088377913683399,10.765745085139622,11.03743554719693,2941456
2024-06-10,10.528014183044434,10.816685678109113,10.494052878313376,10.757253597255104,2939181
2024-06-11,10.553485870361328,10.672350033212458,10.519524565303666,10.528014284292045,2519713
2024-06-12,10.629899024963379,10.663860330071511,10.528014299937599,10.553485886044736,2069595
2024-06-13,10.910079956054688,10.910079956054688,10.689331068779643,10.689331068779643,2048302
2024-06-14,10.86762809753418,11.003473317176883,10.782724430406802,10.961021483613195,2612614
2024-06-20,11.04592514038086,11.04592514038086,10.910079920865563,10.935550697099336,2572400
2024-06-21,11.02894401550293,11.105357153437351,10.986492182239209,11.062905320173632,2626660
2024-06-24,10.76574420928955,11.062905425563738,10.697821599301086,11.028944120569506,2939067
2024-06-25,10.51103401184082,10.833666813978907,10.4770727068632,10.765744204023665,3789789
2024-06-26,10.315755844116211,10.655369701722938,10.290285067948654,10.544995258728354,3968611
2024-06-27,10.536505699157715,10.561976477667844,10.341228381077643,10.341228381077643,3110558
2024-06-28,10.485563278198242,10.612917969957175,10.443111444378138,10.536504831021261,3518000
2024-07-01,10.07802677154541,10.646879237503947,10.018594690227806,10.52801426516736,4074212
2024-07-02,10.196891784667969,10.196891784667969,9.848788204641568,10.078026811855942,2766274
2024-07-03,10.239343643188477,10.281794667429523,10.128969198818705,10.196891809246043,2821368
2024-07-04,10.833666801452637,11.258183518032743,10.239343560180764,10.273304865119117,17653230
2024-07-05,11.003473281860352,11.215731639296159,10.740272562371343,10.83366675785198,10463262
2024-07-08,11.054415702819824,11.334596671351997,11.011963869166172,11.156299617767761,10265966
2024-07-09,10.816685676574707,11.122338228812243,10.774233843241563,11.062905338265292,5775659
2024-07-10,10.978002548217773,11.190260906475958,10.706311299050359,10.81668574250878,6964937
2024-07-11,11.139318466186523,11.292144742166201,10.994982718806023,11.054415609298882,7622547
2024-07-12,11.198750495910645,11.36006729975388,11.062905277748786,11.130827886829715,8038558
2024-07-16,11.368557929992676,11.453460787252508,11.181770348498842,11.292144791667862,6442775
2024-07-17,11.903449058532715,12.20061027274446,11.377047620223527,11.461951286970525,23514128
2024-07-18,12.395888328552246,12.53173354699643,11.750622731241007,11.937410311452444,17005996
2024-07-19,12.676070213317871,12.735502298272015,12.15815926831256,12.404378947024428,18039700
2024-07-22,12.659088134765625,13.075114315320983,12.582674997581709,12.727010743439912,14212537
2024-07-23,12.659088134765625,12.828894656451345,12.56569475026382,12.769462576286685,8340134
2024-07-24,12.735501289367676,13.0751143332036,12.565694767449713,12.67606920912173,11667015
2024-07-25,12.90530776977539,13.032663268080245,12.743991776897545,12.743991776897545,7907851
2024-07-26,13.202469825744629,13.304353738847766,12.896817276733854,12.947759638136105,13277253
2024-07-29,12.735501289367676,13.550573404275262,12.693049456462843,13.202469831918096,16604336
2024-07-30,12.65059757232666,12.905307759022783,12.353436362598986,12.786443599012257,16728513
2024-07-31,12.217591285705566,12.650597717382466,12.209100757121355,12.608146693864157,6730586
2024-08-01,12.353436470031738,12.650597682343701,12.310984636929637,12.642107963484376,6067818
2024-08-02,12.07325553894043,12.429849642474212,11.93741032039449,12.268532838174877,5071461
2024-08-05,11.886467933654785,11.979861318783867,10.978002429258465,10.978002429258465,7565240
2024-08-06,12.480792045593262,13.075115322106955,12.09872713995599,12.412869431688922,23500720
2024-08-07,12.803423881530762,12.964740684419647,12.302494035246378,12.548713694133456,11884040
2024-08-08,12.701539993286133,12.905307819720877,12.480791109797812,12.769462602097715,8725992
2024-08-09,12.336455345153809,12.837385191664278,12.336455345153809,12.752482335627768,7791936
2024-08-12,12.52324390411377,12.727011746191346,12.421359983074982,12.438340231730733,8950993
2024-08-13,12.998702049255371,13.287372732634342,12.735501332122897,13.16001804319366,21441495
2024-08-14,12.74399185180664,13.304353780477985,12.74399185180664,12.998702040212171,11576443
2024-08-15,12.540224075317383,12.930778673485715,12.455320408940825,12.811914512200177,9778514
2024-08-16,12.48928165435791,12.684558952516554,12.378907212472054,12.557204263256688,5192183
2024-08-19,12.701539993286133,12.752482354745501,12.404377972459441,12.506261885676814,10136339
2024-08-20,12.616637229919434,12.820405880631604,12.497773060847209,12.777954044662343,7766731
2024-08-21,12.684558868408203,12.718520172632402,12.582674955735605,12.625126788441195,4168466
2024-08-22,13.092095375061035,13.32982450547045,12.710030498763421,12.735501274596231,15534758
2024-08-23,12.879837989807129,13.88169775791202,12.786444598257228,13.126057667258163,23644442
2024-08-26,13.346805572509766,14.161877687083676,12.786443645559208,12.947759638889892,41399777
2024-08-27,13.168509483337402,13.856226149446664,13.100586869640226,13.406238631277517,24623091
2024-08-28,13.202469825744629,13.975089297684741,13.134547217009205,13.253411377445515,26321272
2024-08-29,13.431708335876465,13.618496723172575,13.21944998260559,13.244921567983075,14110841
2024-09-02,13.491141319274902,13.70339886432153,13.440198957866784,13.559063928018151,12452959
2024-09-03,13.516613006591797,13.601516678096836,13.423219615697391,13.58453561991526,9464571
2024-09-04,13.542082786560059,13.949619246180324,13.16850844080106,13.41472809838574,16552056
2024-09-05,13.83924388885498,13.89867758765406,13.465669545975658,13.69490814486263,16783798
2024-09-06,14.153387069702148,14.42507750295382,13.771321385815282,13.847734522592654,20175113
2024-09-09,13.584534645080566,14.204328649605714,13.584534645080566,14.127915512674917,13200681
2024-09-10,13.321334838867188,13.754342914249351,13.287373532325644,13.686420301166264,9448862
2024-09-11,12.84587574005127,13.58453471818861,12.837385211524072,13.295863225874884,14178071
2024-09-12,12.947759628295898,13.05813406983242,12.540223976193076,12.956250156806714,9702945
2024-09-13,13.669439315795898,13.720380871028626,12.888328451481767,12.973231313436786,13980263
2024-09-16,13.652457237243652,14.026032392970487,13.652457237243652,13.694908260197797,8633057
2024-09-17,13.610006332397461,13.771321516545292,13.491141361870797,13.677928941355162,7518004
2024-09-18,13.11756706237793,13.788303477058571,13.11756706237793,13.686420366647905,7323886
2024-09-19,13.151527404785156,13.304353678598464,13.126056629050058,13.24492159864945,6815694
2024-09-20,13.576045036315918,13.66943923653676,13.168509358011418,13.168509358011418,14297528
2024-09-23,13.109075546264648,13.75434194446048,13.100585827503917,13.660947750780194,8107259
2024-09-24,12.939269065856934,13.21096030958111,12.879836985839784,13.16001794835115,9246543
2024-09-25,12.52324390411377,13.100586933034997,12.51475337493518,12.939270117447512,9435309
2024-09-26,12.209100723266602,12.676069267985481,12.15815836160397,12.608146658902884,5876877
2024-09-27,12.090235710144043,12.277023289317162,12.005332853939073,12.217591209003546,4990940
2024-09-30,11.759113311767578,12.175139497516119,11.759113311767578,12.09872635937835,6107750
2024-10-01,11.292144775390625,11.844016180738851,11.173279803756547,11.759113323601403,6917671
2024-10-02,10.918569564819336,11.377047582385277,10.918569564819336,11.292144725622027,5074591
2024-10-03,11.10535717010498,11.427989969811563,10.89309881316918,10.927060117890854,8957205
2024-10-04,11.190260887145996,11.19875060608861,10.808195195180136,11.113847748752825,5841473
2024-10-07,11.011963844299316,11.360067422010705,10.961021482089695,11.207241145083216,4921034
2024-10-08,10.799705505371094,11.062905416433837,10.757253671737994,11.020453582800737,4487074
2024-10-09,11.793074607849121,11.87797746483864,10.621408379902224,10.799705432191999,16596509
2024-10-10,12.175140380859375,12.361927975447992,11.894959393827166,11.928920701052238,18739799
2024-10-11,12.081746101379395,12.285514753126947,11.894959317687828,12.268533694772389,9157895
2024-10-14,12.064764976501465,12.58267507317992,11.68270009798776,12.081745223921374,15361264
2024-10-15,12.124197959899902,12.27702424656675,12.0562753457594,12.098727182022571,7804645
2024-10-16,11.869486808776855,12.480791097163634,11.793074481217204,12.115707277596298,13577302
2024-10-17,11.979862213134766,12.090236663637105,11.827036736032737,11.877978291832935,7128373
2024-10-18,12.141178131103516,12.310984654046644,11.860997165822011,12.03080368876514,12542570
2024-10-21,12.115707397460938,12.43833938733057,12.09872634025655,12.15815842106916,7990382
2024-10-22,12.217591285705566,12.294003613859346,12.030803705359796,12.166648923901676,7940019
2024-10-23,12.226081848144531,12.387398663569329,12.090236620229813,12.209101599505905,7511851
2024-10-24,12.353436470031738,12.599656130382277,12.183629947324707,12.217591251866113,11782336
2024-10-25,12.361927032470703,12.47230066525673,12.251552589983307,12.35343650388674,8259323
2024-10-28,12.947759628295898,12.956250156806714,12.319475093120031,12.353436397461932,8622899
2024-10-30,13.389257431030273,13.898677807252238,12.837385221839583,12.94775966367772,23589722
2024-10-31,13.491141319274902,13.669438369651271,13.143036937339048,13.397747124976911,10718927
2024-11-01,13.881696701049805,14.07697399843284,13.482650768078404,13.516612072392904,18321129
2024-11-04,14.476019859313965,14.926008176536502,13.898678466250974,14.009052103621054,26120645
2024-11-05,13.686419486999512,14.773181231680503,13.5845347637343,14.586394461664144,18182203
2024-11-06,14.102445602416992,14.50998125472481,13.694908330706445,13.737360973281882,14804130
2024-11-07,14.509982109069824,14.569414192772056,13.822265452882412,14.161878516468615,15479363
2024-11-08,14.153387069702148,14.730730050063315,13.958109773227848,14.50998116819565,18346354
2024-11-11,13.737360954284668,14.289232351780337,13.635476231647244,14.178858720042294,21645312
2024-11-12,13.346805572509766,13.779812000797962,13.346805572509766,13.779812000797962,6487607
2024-11-13,13.924148559570312,14.136406926696088,13.278883738881028,13.346806351585164,26412722
2024-11-14,13.584534645080566,14.119424984193415,13.584534645080566,14.026032409702339,17793601
2024-11-15,12.973231315612793,13.66094878898133,12.973231315612793,13.61849776284741,20020356
2024-11-18,12.727011680603027,13.092096336386634,12.70154090289995,13.01568319357598,7972469
2024-11-19,12.769463539123535,12.956251131912577,12.676070147579727,12.777954068273361,10421500
2024-11-20,12.268532752990723,13.092095396833962,12.226080920064529,12.811914433102997,15013525
2024-11-21,12.370417594909668,12.676070167164228,12.217592118483815,12.344946817122263,15867281
2024-11-22,12.31098461151123,12.531733495425277,12.277023307039943,12.41286852492509,12105106
2024-11-25,12.336455345153809,12.557204228311196,12.319475097827052,12.395888235050867,16669754
2024-11-26,12.226081848144531,12.44683074835666,12.1666497633572,12.361927885760675,8503130
2024-11-27,11.945899963378906,12.353436426128805,11.886467883068002,12.319475121708095,12097334
2024-11-28,11.665719032287598,11.971371582634884,11.614777480363964,11.945899996971697,14008947
2024-11-29,11.8185453414917,11.90344900787739,11.623267232685164,11.69968037049201,18379965
2024-12-02,11.750622749328613,11.877977439390728,11.716661444665291,11.818545358655257,8740261
2024-12-03,12.047783851623535,12.183629878725657,11.759113169497605,11.801564192659319,18989716
2024-12-04,12.064764976501465,12.243062027768042,12.039294200520917,12.090235752482013,11510798
2024-12-05,12.319475173950195,12.429849616210902,12.08174523229573,12.115707346561829,14613508
2024-12-06,12.285513877868652,12.387397791633186,12.209100740119908,12.387397791633186,7643642
2024-12-09,13.508121490478516,13.508121490478516,12.990211399304837,12.990211399304837,47049058
2024-12-10,12.786443710327148,13.907166760203763,12.786443710327148,13.516612162824718,60803814
2024-12-11,12.463810920715332,12.981721017750267,12.463810920715332,12.81191449492745,21501381
2024-12-12,12.693049430847168,12.8458757051156,12.489281604956833,12.531733437775994,13346428
2024-12-13,12.693049430847168,12.811914400800545,12.54871368508284,12.684558902343062,9837030
2024-12-16,12.429850578308105,12.888328630269804,12.429850578308105,12.74399287227247,11830917
2024-12-17,12.31098461151123,12.548713742810236,12.260042249953615,12.489281662410827,7236663
2024-12-18,12.268532752990723,12.480791107920325,12.251552505641065,12.327965642967941,8242201
2024-12-19,12.260042190551758,12.42135899328479,12.09872619752009,12.19211958193828,8538696
2024-12-20,12.217591285705566,12.370416751714496,12.166648923901676,12.277023366392296,6627540
2024-12-23,12.23457145690918,12.599656086740778,12.23457145690918,12.268532761332953,12327072
2024-12-24,12.378908157348633,12.56569575092837,12.17514031509879,12.243062929182072,11267847
2024-12-25,12.395888328552246,12.55720432302937,12.3619270239412,12.514752489840221,7126131
2024-12-26,12.557204246520996,12.608146607977869,12.353436420096235,12.421359028904488,11375546
2024-12-27,12.701539993286133,12.735501297691924,12.53173347125718,12.591165551541973,8867341
2024-12-30,12.633617401123047,12.86285600373888,12.633617401123047,12.78644367600118,8171357
2024-12-31,12.574186325073242,12.616637351751004,12.3619279528787,12.608147632236312,7706673
2025-01-02,12.947759628295898,13.032663294001335,12.591165527855246,12.718520216712037,17335996
2025-01-03,13.406237602233887,13.465669682231637,12.760972011938955,12.947759590119354,21928059
2025-01-06,13.1854887008667,13.65245724079607,13.117566092480757,13.584534632410127,12187786
2025-01-07,13.075115203857422,13.321334879459236,13.06662548447223,13.18548965287912,6160496
2025-01-08,12.760972023010254,13.10058587542393,12.667578638689708,13.05813404265955,6180695
2025-01-09,12.871347427368164,12.930779511864264,12.769463506931382,12.777954036059803,5039024
2025-01-10,12.998702049255371,13.176999100293147,12.871346550113321,12.896817326061184,8704030
2025-01-13,12.659088134765625,12.998701987838432,12.60814658311059,12.981720930819177,7076832
2025-01-14,12.574186325073242,12.854367311593922,12.523243959477922,12.71003155372552,7102139
2025-01-15,12.591165542602539,12.947759643460849,12.489281629457503,12.60814659964406,8645006
2025-01-16,12.990211486816406,13.024172791225414,12.616636328615963,12.667578690080155,8584151
2025-01-17,12.888327598571777,13.024172816471125,12.820404989622105,12.99021151199629,5877090
2025-01-20,12.930779457092285,13.024173657706472,12.811915288603567,12.905308679516335,6251583
2025-01-21,12.710030555725098,12.981720991696331,12.69304949862621,12.922288911252966,4665751
2025-01-22,12.727011680603027,12.794934294278848,12.51475331044073,12.735502209737861,4151046
2025-01-23,13.092095375061035,13.151527455238048,12.752482331619015,12.752482331619015,13424200
2025-01-24,13.49963092803955,13.593025121576169,13.015682142263831,13.11756605454812,13136022
2025-01-27,13.27888298034668,13.499631054174543,13.168508538582065,13.457180030935461,9253247
2025-01-28,12.922289848327637,13.397748145755697,12.913799319162493,13.287373695713113,6288141
2025-01-29,13.0156831741333,13.202470766313501,12.769463497500894,12.922289782893913,8426784
2025-01-30,13.202469825744629,13.321333986180939,12.939269109618836,13.01568224687153,7090835
2025-01-31,13.261902809143066,13.38925831647135,13.134548111516203,13.210961253972888,4381639
2025-02-03,12.939269065856934,13.261901861109706,12.862855928862677,13.202469781092557,5401321
2025-02-04,12.913798332214355,13.126056686912356,12.871346499334484,12.998701997974102,4577895
2025-02-05,12.642107963562012,12.98172100897816,12.540224049937168,12.930778647315053,4757579
2025-02-06,12.888327598571777,12.939269150433349,12.68455896202139,12.68455896202139,4744100
2025-02-07,12.973231315612793,13.007192622340781,12.760972946137512,12.888328453643533,4825739
2025-02-10,12.735501289367676,13.049643557341248,12.701539984984082,12.93926911566923,5762752
2025-02-11,12.591165542602539,12.803423897413373,12.540223990880703,12.727010760129254,4877556
2025-02-12,12.226081848144531,12.642108870760136,12.226081848144531,12.591166505441404,5415032
2025-02-13,12.353436470031738,12.404378021993162,12.277023332388232,12.310984636929637,3685151
2025-02-14,12.277024269104004,12.429850556051399,12.226081903554395,12.353437412577701,3733663
2025-02-17,11.920429229736328,12.344945941350444,11.86099714921479,12.277023332268294,6400889
2025-02-18,11.954390525817871,12.098726272440642,11.657228504017729,11.92042922130083,6263187
2025-02-19,11.784584045410156,12.047783953933891,11.759113269356556,11.95439056860311,4345401
2025-02-20,11.835525512695312,11.903448931187077,11.759113185082139,11.784583960953197,3334674
2025-02-21,12.081746101379395,12.285514753126947,11.937411153872795,12.056275323548986,11597385
2025-02-24,12.277024269104004,12.395889248918802,12.124197982156609,12.124197982156609,4177078
2025-02-25,12.31098461151123,12.489281662410827,12.20910069809737,12.285513835583107,6999275
2025-02-26,12.404377937316895,12.48079107443878,12.064764894221138,12.226080887266281,4844539
2025-02-27,12.480792045593262,12.633618331728742,12.36192787611138,12.378908124736752,5703148
2025-02-28,12.48928165435791,12.591165567706076,12.327965660648655,12.48079112582022,4018388
2025-03-03,12.192119598388672,12.650597611998935,12.090235685330988,12.557204227454731,8723351
2025-03-04,12.378908157348633,12.506262856329426,12.132688478871383,12.200611092954663,6192439
2025-03-05,12.769463539123535,12.786444597423188,12.378908104947225,12.378908104947225,5081958
2025-03-06,13.08360481262207,13.08360481262207,12.743991770060713,12.769462545827475,6940681
2025-03-07,13.08360481262207,13.134547173856955,12.871346458595882,13.075114284132695,8038306
2025-03-10,13.151527404785156,13.278882902863366,13.049643492143405,13.083604796357323,5594293
2025-03-11,13.312844276428223,13.499631045727119,12.310984582346613,12.310984582346613,8421870
2025-03-12,13.45718002319336,13.52510263197845,13.321333995921812,13.32982452444529,5009203
2025-03-13,13.550573348999023,13.720379870224301,13.440198907777251,13.45717996475046,5528023
2025-03-14,13.669439315795898,13.711890341922699,13.431709359038436,13.559064866523096,4966509
2025-03-17,13.601515769958496,13.805283596323829,13.576044184386806,13.6949083449159,4562676
2025-03-18,13.491141319274902,13.584534703871528,13.219450074600543,13.584534703871528,5492146
2025-03-19,12.395888328552246,13.015682340129173,12.268532828984796,13.015682340129173,7078328
2025-03-20,12.506261825561523,13.024172727387034,12.378907137077322,12.378907137077322,7982525
2025-03-21,11.614777565002441,12.591165684234662,11.48742206486256,12.574185436703504,4773300
2025-03-24,11.69968032836914,11.97137157400434,11.173279703896656,11.631757719385682,8278632
2025-03-25,12.175140380859375,12.226081936846267,11.818546250145394,11.818546250145394,7005078
2025-03-26,12.31098461151123,12.319475140054394,11.869486843683136,12.175139393626084,4332147
2025-03-27,12.285513877868652,12.557204314574077,12.209100740119908,12.327965711029217,3765750
2025-03-28,12.548713684082031,12.557204212585459,12.141178032333865,12.3109845538956,3445033
2025-04-02,12.727011680603027,12.794934294278848,12.463811755034575,12.54871461727864,3719438
2025-04-03,12.7779541015625,13.066625615797223,12.701540958417846,12.727011736232255,4572457
2025-04-04,12.74399185180664,12.930778621562844,12.659088185771008,12.837385236684742,7053367
2025-04-07,12.862855911254883,12.896817215461246,12.226080850109565,12.735501222906365,8780400
2025-04-08,12.744682312011719,13.126476549839058,12.60832642207244,12.99921209287131,9659320
2025-04-09,12.453790664672852,12.717411019998567,12.444700098335108,12.717411019998567,5156719
2025-04-10,12.553784370422363,12.762862181486678,12.535603238891172,12.699229954975637,5426283
2025-04-11,12.335615158081055,12.59923549748619,12.299253761850142,12.553784402390601,4624982
2025-04-14,12.462881088256836,12.581055848521528,12.36288746045938,12.36288746045938,4314035
2025-04-15,12.462881088256836,12.853766767061272,12.41742912401286,12.471971654490453,8533703
2025-04-16,12.07199478149414,12.444699308444083,11.999271989256302,12.408337912325162,4484799
2025-04-17,12.253802299499512,12.344706227245586,11.962911117790643,12.062905611696145,5280417
2025-04-18,12.235621452331543,12.344705640285689,12.081085302665487,12.344705640285689,3183272
2025-04-21,12.335615158081055,12.462880478351284,12.090175950253412,12.235621535177062,4213437
2025-04-22,12.317435264587402,12.42651945656716,12.208351072607643,12.344706095851318,2657071
2025-04-24,12.453790664672852,13.02648334008888,12.34470646939229,12.799224383190017,9229783
2025-04-25,12.799223899841309,12.91739865699687,12.553784686459823,12.726501105733899,13136416
2025-04-28,12.653778076171875,12.908307850811656,12.599235548144172,12.790133095855026,6704097
2025-04-29,12.72650146484375,12.817405393505137,12.53560390819413,12.644688102433324,3452602
2025-04-30,12.462881088256836,12.808314802817296,12.381067726002502,12.726501440562961,3451786
2025-05-02,12.40833854675293,12.581055837341735,12.362887449473455,12.499242475160102,2661029
2025-05-05,12.217440605163574,12.508332646734097,12.162898943379409,12.417428721195042,3118858
2025-05-06,12.226531028747559,12.31743495322821,12.199260198172993,12.217440462914679,3945284
2025-05-07,11.95382022857666,12.308344496896328,11.917458831845725,12.226531137520707,3046824
2025-05-08,12.044724464416504,12.090176428233084,11.908369439890864,11.953820536783342,1498414
2025-05-09,12.235621452331543,12.271982848316258,12.108356132923008,12.162898660362112,3131692
2025-05-12,12.508333206176758,12.590146569436241,12.317435647546004,12.317435647546004,5309209
2025-05-13,12.553784370422363,12.653777993071722,12.408337918945023,12.508332408518449,3148785
2025-05-14,12.553784370422363,12.644687427306126,12.499241842752852,12.553784370422363,2778020
2025-05-15,12.508333206176758,12.635597667314512,12.499242639831454,12.517423772522061,2958873
2025-05-16,12.5901460647583,12.5901460647583,12.371976815836984,12.508332704778319,2638015
2025-05-20,12.29016399383545,12.717410180413777,12.235621466333926,12.626507123809992,3827866
2025-05-21,12.03563404083252,12.299254393782395,12.03563404083252,12.27198356193906,2728856
2025-05-22,12.217440605163574,12.299253964763906,11.97200139328666,12.035633621009548,3237696
2025-05-23,12.044724464416504,12.217440886610587,11.999272500599922,12.17198978971811,1922505
2025-05-26,11.962910652160645,12.135627934770724,11.926549255862323,12.11744680315953,1719861
2025-05-27,11.762923240661621,12.008363330507704,11.744742974890126,11.962911365692786,2310596
2025-05-28,11.635658264160156,11.799284116553308,11.626567698214958,11.762922719696599,2333819
2025-05-29,11.653839111328125,11.73565247507397,11.599297446780314,11.644749411852908,1512391
2025-05-30,11.435669898986816,11.690199671441672,11.362947106856858,11.662928841123954,1563182
2025-06-02,11.135688781738281,11.47203193070683,11.090236817407588,11.390218568296405,3378914
2025-06-03,11.599296569824219,11.599296569824219,11.153869253022075,11.153869253022075,2468058
2025-06-04,11.753832817077637,11.781103647516767,11.517483308140987,11.599296666382449,1937925
2025-06-05,11.726561546325684,11.772013509993819,11.662929317344755,11.70838128101289,497994
2025-06-10,11.917459487915039,11.917459487915039,11.744743060665892,11.744743060665892,3087922
2025-06-11,11.935640335083008,12.017453697004475,11.799284442905861,11.835646707692387,2135892
2025-06-12,11.681110382080078,11.872007934843827,11.662929249948247,11.872007934843827,1589667
2025-06-13,11.135688781738281,11.31749577213694,10.881158995180158,11.235682409726515,3310547
2025-06-16,11.190231323242188,11.299315517587855,10.981152633886573,11.135688792607297,2877307
2025-06-17,11.381128311157227,11.43566997214157,11.162959066447641,11.190230763863884,2556481
2025-06-18,11.108417510986328,11.353856721595532,11.090236379202791,11.344766155703764,1220699
2025-06-19,10.799345016479492,11.22659206972756,10.781163885015118,11.108417315981326,2564682
2025-06-20,10.95388126373291,10.981152094248149,10.7720742820912,10.853886773636916,3416128
2025-06-23,10.672080039978027,10.862977591868649,10.63571864280477,10.835706760719729,2262632
2025-06-24,11.362947463989258,11.381128596055206,10.899338999396713,10.908429565429687,4487935
2025-06-25,11.199320793151855,11.472031706891404,11.17204996185513,11.472031706891404,2173684
2025-06-26,11.081146240234375,11.317495760981728,11.072056540916487,11.199321000608052,1767448
2025-06-27,11.044784545898438,11.19023100109631,10.944790920691235,11.090236508965017,1603667
2025-06-30,11.499302864074707,11.526574563068401,11.053875516933829,11.072056649596291,5544519
2025-07-01,11.990181922912598,12.362887332310592,11.48112235604429,11.490212922183678,6638357
2025-07-02,12.144718170166016,12.308344894198989,11.935640348945313,11.990182012340233,5069091
2025-07-03,12.35379695892334,12.435610321606134,12.171989967919414,12.271983596240544,4188250
2025-07-04,12.426519393920898,12.49015162219061,12.153808481884282,12.344706033617504,3487813
2025-07-07,12.317435264587402,12.453790287831076,12.199260506544974,12.226531337808888,3606888
2025-07-08,12.371976852416992,12.817405050633432,12.34470602131773,12.40833824952404,6393293
2025-07-09,12.508333206176758,12.608326835202725,12.317435647546004,12.371977311769578,3011677
2025-07-10,12.771953582763672,12.817405547640949,12.526513492580856,12.526513492580856,3465573
2025-07-11,12.626507759094238,12.917398941940618,12.481061300746939,12.844676146229023,3520846
2025-07-14,12.562874794006348,12.74468265211036,12.499242563824414,12.6265078911124,2495602
2025-07-16,12.5901460647583,12.8719466747737,12.362887116780167,12.562874366815581,4098485
2025-07-17,13.0173921585083,13.062844121124694,12.671958456317416,12.726500984841906,4050317
2025-07-18,13.144658088684082,13.144658088684082,12.90830856568164,13.017392760854124,2348882
2025-07-21,13.490091323852539,13.653718044214745,13.271922941318989,13.290103206401406,4105484
2025-07-22,13.481000900268555,13.644627622359389,13.399187539223139,13.508271731642328,4475643
2025-07-23,13.526453018188477,13.580994681558385,13.417368824524551,13.481001054097481,1874961
2025-07-24,13.490091323852539,13.653718044214745,13.462820492766868,13.526452720941464,2709551
2025-07-25,13.780982971191406,13.80825380320839,13.453730386215241,13.490091784545925,4681392
2025-07-28,13.690079689025879,13.962789738665466,13.680989122858133,13.799163882266535,3710988
2025-07-29,13.653717994689941,13.971880001332975,13.599175465792346,13.70825965666345,3472979
2025-07-30,13.799163818359375,13.890066878843543,13.635537095794133,13.653718228045427,2721028
2025-07-31,14.108236312866211,14.135507144670132,13.799163996008062,13.799163996008062,4138353
2025-08-01,14.726380348205566,14.808193707217121,14.06278377716391,14.126416004428863,5897633
2025-08-04,13.644627571105957,13.935518749797785,13.553723644302714,13.79007316045187,16048398
2025-08-05,13.2991943359375,13.780983084511835,13.281013203160596,13.662808322234334,7682361
2025-08-06,13.090115547180176,13.371917034677098,13.071935281461343,13.31737450367236,5702508
2025-08-07,13.026482582092285,13.181018733145153,13.026482582092285,13.108295940523107,3729271
2025-08-08,12.999212265014648,13.08102562667682,12.971941433435294,13.035573662761823,2620506
2025-08-11,12.917398452758789,13.308284115098855,12.908307886908073,13.235561322141272,5322470
2025-08-12,12.635597229003906,12.944669538629963,12.61741696386807,12.917398707464162,5082378
2025-08-13,12.635597229003906,12.735591721485331,12.590146132702268,12.644687795033871,3275856
2025-08-14,12.481060981750488,12.717410495234502,12.471971282711939,12.617416870417767,4074354
2025-08-15,12.72650146484375,12.817405393505137,12.490151943863436,12.499242510114398,4238445
2025-08-18,12.717411041259766,12.853766935781518,12.617417412149779,12.753772439747408,3838338
2025-08-19,12.599235534667969,12.881037006482222,12.581055269960896,12.853766175959576,4102501
2025-08-20,12.753771781921387,12.799223744417608,12.535603402248425,12.617416761356806,4552028
2025-08-21,12.799223899841309,12.871946693948717,12.726501105733899,12.817405031830205,4560782
2025-08-22,12.999212265014648,13.08102562667682,12.817405276278773,12.844676107858128,8868080
2025-08-25,13.171928405761719,13.390096787576931,13.090115045849993,13.099205611823315,8627625
2025-08-26,13.071934700012207,13.19920002207966,13.017392171433562,13.181018890245419,4476476
2025-08-27,12.917398452758789,13.190109359811764,12.908307886908073,13.099205435152747,4058114
2025-08-28,13.026482582092285,13.126476205216584,12.90830782735044,12.917398393159214,3086204
2025-08-29,12.84467601776123,13.162838029086291,12.790133488060995,13.02648300522185,2185220
2025-09-01,12.708319664001465,12.890127511762822,12.708319664001465,12.844675549822483,2917359
2025-09-02,12.44469928741455,12.808314114913362,12.226530911069704,12.735591322798413,4228247
2025-09-03,12.435609817504883,12.608326235226192,12.25380196694677,12.444699516493523,3135964
2025-09-04,12.553784370422363,12.726500785348358,12.47197101238013,12.47197101238013,2614857
2025-09-05,12.317435264587402,12.608326443200092,12.281073867260815,12.55378478067226,2431298
2025-09-08,12.008362770080566,12.253801981547944,11.790194389459767,12.253801981547944,2530838
2025-09-09,12.044724464416504,12.271983416575306,12.02654333212023,12.02654333212023,2222473
2025-09-10,11.944730758666992,12.199260540664987,11.944730758666992,12.081085782292037,1611808
2025-09-11,11.717472076416016,12.108356890992878,11.717472076416016,11.962911297948082,2705549
2025-09-12,11.599296569824219,11.781103549445087,11.490212382051697,11.735651587808855,2082857
2025-09-15,12.090176582336426,12.090176582336426,11.435670549037889,11.599297274093551,6101414
2025-09-16,12.553784370422363,12.608326031167808,12.053814523327436,12.053814523327436,5053116
2025-09-17,12.435609817504883,12.617416801138914,12.399248420778077,12.581055404412108,2587330
2025-09-18,12.60832691192627,12.944670066432082,12.46288131721285,12.46288131721285,5667038
2025-09-19,12.635597229003906,12.744682287515296,12.481061074190878,12.635597229003906,3419988
2025-09-22,12.681049346923828,12.862856335120494,12.681049346923828,12.735591876844879,2484262
2025-09-23,12.562874794006348,12.74468265211036,12.535603962060392,12.653778723058354,2541206
2025-09-24,12.435609817504883,12.653778197865721,12.181079173493158,12.581055404412108,2365328
2025-09-25,12.308344841003418,12.562874625235903,12.290164575591723,12.47197156432921,1945991
2025-09-26,11.999272346496582,12.335615487341155,11.926549552093652,12.299254090139689,2849996
2025-09-29,11.790194511413574,12.062905423472445,11.772013379378407,12.017453460308618,2291081
2025-09-30,11.908369064331055,12.06290521627929,11.781103743043074,11.917458763268423,2476892
2025-10-01,11.926549911499023,12.017453840704112,11.726561787402298,11.926549911499023,2774425
2025-10-02,11.944730758666992,12.244712504181368,11.862917397722326,12.062905517039942,4111521
2025-10-03,11.772013664245605,12.008363184877577,11.762923098008041,11.962911220613874,2428739
2025-10-06,11.562935829162598,11.862917579267778,11.49930273249621,11.826556181283031,3204648
2025-10-07,11.708381652832031,11.735652485129302,11.544754925200145,11.562936058014412,2376975
2025-10-08,11.52657413482666,11.799284179238754,11.52657413482666,11.708381120076085,2845204
2025-10-09,11.64474868774414,11.908369028463452,11.544754197417594,11.590206159663836,4252609
2025-10-10,11.453851699829102,11.753833451626729,11.399309169082207,11.681110655246947,3611613
2025-10-13,11.2902250289917,11.417490356732474,11.281134462669332,11.381128958367126,2154126
2025-10-14,11.181140899658203,11.362947892554246,11.108418102499785,11.353857326178412,2072173
2025-10-15,11.2902250289917,11.408399790410106,11.144779435530312,11.20841166593864,2802040
2025-10-16,11.60838794708252,11.635658779201147,11.144779466445236,11.29022506031008,4320907
2025-10-17,11.60838794708252,11.817465771532204,11.226592829725242,11.817465771532204,4862897
2025-10-20,11.453851699829102,11.644749257057057,11.326586372702426,11.617477558221552,5567281
2025-10-21,11.426579475402832,11.544754230815297,11.408399210606186,11.499302268437567,2558053
2025-10-22,11.399309158325195,11.526574485331777,11.262954131972807,11.444761122750696,3596160
2025-10-23,11.517483711242676,11.517483711242676,11.39930895263834,11.39930895263834,4253880
2025-10-24,11.735651969909668,11.862917293249936,11.435670227037122,11.56293555037739,7685910
2025-10-27,11.726561546325684,11.908369400998225,11.626567919795066,11.744742678562577,4909497
2025-10-28,11.717472076416016,11.772013740345756,11.635658713597289,11.735652342084558,1483048
2025-10-30,11.799283981323242,11.93563986816621,11.735651754284302,11.735651754284302,3488624
2025-10-31,12.044724464416504,12.044724464416504,11.772013548441121,11.817465512257701,4052409
2025-11-03,12.135628700256348,12.226531763274057,11.990182238964586,12.09017673528543,10247916
2025-11-04,12.09926700592041,12.290164560592828,12.017453644357358,12.181079500559358,4697384
2025-11-05,12.09926700592041,12.181079500559358,11.944730848951114,12.117447271309919,3643944
2025-11-06,12.09926700592041,12.171989801326655,12.035633909746869,12.117447271309919,2863823
2025-11-07,11.862916946411133,12.126537284468089,11.808374418881666,12.126537284468089,2234845
2025-11-10,11.926549911499023,12.026543540085326,11.799284583996723,11.872008247515264,3637971
2025-11-11,11.69929027557373,11.953820048863685,11.472031332690968,11.944730350010667,4533960
2025-11-12,11.862916946411133,11.96291056880375,11.662928834701837,11.753832758276262,2577155
2025-11-13,11.826556205749512,12.053815160355349,11.808375073257471,11.86291760380948,3182628
2025-11-14,11.735651969909668,11.853826727241897,11.672019741701579,11.799284198117757,1887335
2025-11-17,11.862916946411133,11.96291056880375,11.744742192534007,11.744742192534007,3231306
2025-11-18,11.826556205749512,11.962911231743368,11.79928450701145,11.88109786937741,2573776
2025-11-19,11.853826522827148,11.953820146418948,11.817465126346123,11.853826522827148,2937466
2025-11-20,11.944730758666992,12.02654325268756,11.817465434205944,11.872007963810422,2267729
2025-11-21,11.844736099243164,11.95382028999645,11.79928413636494,11.95382028999645,2808459
2025-11-24,11.817465782165527,11.86291774702022,11.735652418811906,11.808375215809765,1723140
2025-11-25,11.753832817077637,11.89018783619736,11.726561119714438,11.817465043743631,2546299
2025-11-26,11.772013664245605,11.890188424561591,11.735652266219464,11.772013664245605,2212408
2025-11-27,11.853826522827148,11.926549315789199,11.762922598162548,11.826555692197399,2311123
2025-11-28,11.835646629333496,11.91745912378921,11.753833267953683,11.853826894682287,2780967
2025-12-01,12.03563404083252,12.053815173344152,11.826556218493428,11.835646784749244,2528138
2025-12-02,11.999272346496582,12.071995140899512,11.972001515326506,12.053814875760825,2319710
2025-12-03,11.999272346496582,12.135628236195144,11.890188154892186,12.062905441792214,4796934
2025-12-04,11.799283981323242,12.017453226887174,11.799283981323242,11.990181529364136,2232176
2025-12-05,11.935640335083008,11.981092299142057,11.717471947908502,11.799284442905861,2680812
2025-12-08,12.208351135253906,12.217440834439124,11.944730786552384,11.944730786552384,5330622
2025-12-09,12.217440605163574,12.226531171102296,12.108356414671158,12.208350906148935,2782449
2025-12-10,12.326525688171387,12.335615387204896,12.162898968631014,12.217440630528415,3020701
2025-12-11,12.335615158081055,12.45378991256254,12.26289236561923,12.335615158081055,3056252
2025-12-12,12.262892723083496,12.453790275591484,12.25380215702976,12.353796649772669,1906560
2025-12-15,12.217440605163574,12.362887059410877,12.199260340210213,12.2628925679331,2456171
2025-12-16,12.171989440917969,12.271983064909751,12.090176081777384,12.217440536508002,2306266
2025-12-17,12.090176582336426,12.190170210468157,12.044724617940508,12.18107964420415,1923394
2025-12-18,12.062905311584473,12.171989502011405,12.044724179717942,12.090176142460185,1331873
2025-12-19,12.081086158752441,12.10835699094242,11.953820830325661,12.10835699094242,2258945
2025-12-22,12.081086158752441,12.126538123685156,11.90836973231707,12.062905892933829,1930556
2025-12-23,12.03563404083252,12.081086005187487,11.908369580947546,12.081086005187487,2056976
2025-12-24,11.999272346496582,12.09017627296229,11.917458986062263,12.035633743698046,1593315
2025-12-25,12.062905311584473,12.117446973335898,11.9992722169757,12.008362782908964,957292
2025-12-26,11.872008323669434,12.062905882685357,11.86291775730579,12.062905882685357,1150107
2025-12-29,11.872008323669434,11.90836972219989,11.790194960244877,11.881098023108954,2028444
2025-12-30,11.78110408782959,11.881097714459658,11.735652124116248,11.872008015256272,1054144
2025-12-31,11.799283981323242,11.872007641127269,11.772013150724279,11.78110371656529,1632022
2026-01-02,11.935640335083008,11.953820600552163,11.799284442905861,11.808375009102493,2669951
2026-01-05,12.026543617248535,12.126538113400528,11.881098023126498,11.944731120747981,2297440
2026-01-06,12.199260711669922,12.21744097717686,12.008363155764465,12.026543421271404,1928662
2026-01-07,12.208351135253906,12.362887291415912,12.135628340227562,12.208351135253906,4930750
2026-01-08,12.181079864501953,12.299254627298916,11.753833645456158,11.753833645456158,2596122
2026-01-09,12.01745319366455,12.281073533856611,12.00836262784867,12.19016960954594,1652324
2026-01-12,12.226531028747559,12.271982990987885,12.008362650302885,12.02654291504457,2690122
2026-01-13,12.262892723083496,12.335615517665197,12.14471796515721,12.226531325792646,1816465
2026-01-14,12.317435264587402,12.462880853893747,12.253802169072804,12.281073867260815,3131055
2026-01-15,12.544693946838379,12.544693946838379,12.271983039248052,12.31743500166712,2478017
2026-01-16,12.517423629760742,12.617417257646283,12.453790532993478,12.55378502780313,2546084
2026-01-19,12.499241828918457,12.72650077126243,12.490151263162923,12.617416582968211,3588425
2026-01-20,12.35379695892334,12.535603949927266,12.33561582636089,12.508333118007705,1981727
2026-01-21,12.52651309967041,12.6083264604985,12.281073884110238,12.353796678863185,2298232
2026-01-22,12.717411041259766,12.726501607612706,12.526513482468609,12.544694615174492,2620694
2026-01-23,12.699230194091797,12.78104355367451,12.653778231332058,12.717410459041243,2171069
2026-01-26,12.717411041259766,12.799224404587992,12.544694615174492,12.653778810637421,2781066
2026-01-27,12.953760147094727,12.953760147094727,12.64468783645619,12.717410631085952,4331602
2026-01-28,13.481000900268555,13.726440983404805,13.199200286583341,13.199200286583341,13522952
2026-01-29,13.381007194519043,13.526452783547931,13.099205715582505,13.48100082024538,6988833
2026-01-30,13.335555076599121,13.699169044955465,13.271922848867781,13.381007039374685,3224614
2026-02-02,13.2991943359375,13.43554936406778,13.117387342789085,13.317374601790279,2547484
2026-02-03,13.371916770935059,13.417368734721844,13.290103409503665,13.30828454178802,2146763
2026-02-04,13.308284759521484,13.55372398090713,13.290103626939672,13.371916989709593,3539750
2026-02-05,13.226470947265625,13.408277932284667,13.208289815301677,13.290103175291268,2078469
2026-02-06,13.126476287841797,13.253741609193494,12.981030701682188,13.226470778519586,1796924
2026-02-09,13.481000900268555,13.508271731642328,13.153748323010989,13.153748323010989,2394717
2026-02-10,13.399187088012695,13.535542974138044,13.371916257557254,13.526452408344875,1323359
2026-02-11,13.426459312438965,13.499182107790874,13.32646481863701,13.39918761398892,1431139
2026-02-12,13.580994606018066,13.653718268313622,13.408278183741896,13.435549015275164,2473881
2026-02-13,13.535543441772461,13.66280789957738,13.43554894844105,13.580994538460446,2397934
2026-02-16,13.908247947692871,14.108236066924938,13.72644096062922,13.72644096062922,5378399
2026-02-17,13.735530853271484,13.908248143607965,13.699169455346558,13.908248143607965,2423344
2026-02-18,13.644627571105957,13.935518749797785,13.60826617376948,13.735530630985105,3257104
2026-02-19,12.953760147094727,13.771892020141598,12.908308183720102,13.680988960316443,2184489
2026-02-20,13.026482582092285,13.135566771025356,12.917398393159214,12.953759789470238,1738589
2026-02-23,13.381007194519043,13.47191025420005,13.053753752279952,13.126476546794397,3078948
2026-02-24,13.171928405761719,13.435548750519457,13.126476442819195,13.426459051470221,1647991
2026-02-25,13.744621276855469,14.053693589472145,13.517362325451924,13.644627650330586,9612883
2026-02-26,13.481000900268555,13.735530682579997,13.317374178177722,13.726440983404805,3365059
2026-02-27,13.208290100097656,13.617356041941768,12.826494989863392,13.499182149324401,3149078
2026-03-02,13.635537147521973,13.908248063857233,12.226531468893214,12.599236012217625,6435498
2026-03-03,13.317374229431152,13.87188662668459,13.317374229431152,13.571904879646281,3642930
2026-03-04,13.2901029586792,13.56281386522496,13.226470731690682,13.317373789256553,2901408
2026-03-05,13.744621276855469,13.826434638068601,13.33555533771391,13.33555533771391,4790140
2026-03-06,13.717350006103516,13.899156988018841,13.56281385474447,13.744620836659797,2909302
2026-03-09,13.817343711853027,13.84461454257199,13.271922762853348,13.717350087934106,4228742
2026-03-10,14.326404571533203,14.326404571533203,13.962789727432765,14.044603089028467,5011393
2026-03-11,14.380946159362793,14.671837339581032,14.162777774199112,14.426398123002917,4462282
2026-03-12,14.599114418029785,14.599114418029785,14.062784025880562,14.32640437240018,4617535
2026-03-13,14.799103736877441,14.808194303116556,14.299132996815395,14.590024181074217,6033893
2026-03-16,15.608144760131836,16.22628938173677,14.844554549190233,14.89000564566487,19450598
2026-03-17,15.780861854553223,15.953577406121891,15.308162828069332,15.653595665054839,14053376
2026-03-18,15.108176231384277,15.944489262892947,15.089995098692118,15.86267589962647,6639562
2026-03-19,15.453608512878418,15.508150175093439,14.926367821204728,15.10817567371904,2962142
2026-03-23,15.826313018798828,16.017211436946486,14.890005527742037,15.408157386229579,13627375
2026-03-24,15.762681007385254,16.208108344055415,15.717229910645763,15.86267550082997,6033285
2026-03-25,16.417186737060547,16.544452933306342,15.735409859048168,15.799042090246935,9782447
2026-03-26,16.180835723876953,16.589902506620536,16.162656326525763,16.40809466232381,8239172
2026-03-27,15.362704277038574,16.299011751077305,15.308162615922653,16.253558921940584,8803998
2026-03-30,15.61723518371582,16.089934211671515,15.371795103756341,15.408157367682861,8304230
2026-03-31,14.989999771118164,15.999030039526875,14.853644751188158,15.626325509255723,9453878
2026-04-01,14.869999885559082,15.140000343322754,14.170000076293945,14.90999984741211,10351914
2026-04-02,14.289999961853027,14.869999885559082,14.210000038146973,14.869999885559082,5412437
2026-04-03,14.260000228881836,14.470000267028809,14.260000228881836,14.289999961853027,5431264
2026-04-06,14.09000015258789,14.449999809265137,14.0600004196167,14.300000190734863,5655292
2026-04-07,13.75,14.109999656677246,13.699999809265137,14.100000381469727,5297196
2026-04-08,14.079999923706055,14.300000190734863,14.029999732971191,14.050000190734863,5851065
2026-04-09,14.079999923706055,14.300000190734863,13.960000038146973,14.079999923706055,3110605
2026-04-10,14.09000015258789,14.220000267028809,14.039999961853027,14.100000381469727,5870744
2026-04-13,13.850000381469727,14.029999732971191,13.800000190734863,14.029999732971191,3710386
2026-04-14,13.899999618530273,14.029999732971191,13.859999656677246,13.880000114440918,3684755
2026-04-15,14.079999923706055,14.15999984741211,13.90999984741211,13.930000305175781,4683037
2026-04-16,14.039999961853027,14.279999732971191,14.0,14.100000381469727,4641966
2026-04-17,14.319999694824219,14.329999923706055,14.029999732971191,14.079999923706055,5953817
2026-04-20,14.380000114440918,14.460000038146973,14.109999656677246,14.279999732971191,5267003
2026-04-21,14.0600004196167,14.479999542236328,14.039999961853027,14.40999984741211,4585262
2026-04-22,13.899999618530273,14.220000267028809,13.850000381469727,14.220000267028809,3504057
2026-04-24,13.979999542236328,14.109999656677246,13.8100004196167,13.899999618530273,2572428
2026-04-27,14.289999961853027,14.300000190734863,13.979999542236328,13.979999542236328,3569953
2026-04-28,13.760000228881836,13.979999542236328,13.710000038146973,13.979999542236328,5239737
2026-04-29,13.510000228881836,13.9399995803833,13.430000305175781,13.800000190734863,4147896
2026-04-30,13.529999732971191,13.59000015258789,13.460000038146973,13.510000228881836,2086577
2026-05-04,13.449999809265137,13.710000038146973,13.359999656677246,13.550000190734863,3507826
2026-05-05,13.479999542236328,13.579999923706055,13.399999618530273,13.460000038146973,1695999
2026-05-06,13.680000305175781,13.760000228881836,13.5,13.5,3459431
2026-05-07,13.819999694824219,13.859999656677246,13.680000305175781,13.760000228881836,2885970
2026-05-08,13.710000038146973,13.819999694824219,13.640000343322754,13.819999694824219,2649237
2026-05-11,13.779999732971191,13.890000343322754,13.710000038146973,13.720000267028809,3569670
2026-05-12,13.510000228881836,13.800000190734863,13.510000228881836,13.779999732971191,2215324
2026-05-13,13.3100004196167,13.5600004196167,13.3100004196167,13.529999732971191,2168693
2026-05-14,13.430000305175781,13.600000381469727,13.329999923706055,13.329999923706055,1797565
2026-05-15,13.1899995803833,13.4399995803833,13.1899995803833,13.4399995803833,1500043
2026-05-18,12.920000076293945,13.15999984741211,12.920000076293945,13.15999984741211,1648980
2026-05-20,12.75,12.970000267028809,12.710000038146973,12.949999809265137,2925293
2026-05-21,12.220000267028809,12.779999732971191,12.199999809265137,12.760000228881836,2149527
2026-05-22,12.539999961853027,12.59000015258789,12.140000343322754,12.199999809265137,3507459
2026-05-25,12.630000114440918,12.680000305175781,12.479999542236328,12.550000190734863,1506820
2026-05-26,12.699999809265137,12.8100004196167,12.670000076293945,12.6899995803833,777443
2026-05-27,12.699999809265137,12.699999809265137,12.699999809265137,12.699999809265137,0
2026-05-28,12.699999809265137,12.699999809265137,12.699999809265137,12.699999809265137,0
2026-05-29,12.699999809265137,12.699999809265137,12.699999809265137,12.699999809265137,0
2026-06-01,13.050000190734863,13.289999961853027,12.75,12.75,2683120
2026-06-02,13.170000076293945,13.270000457763672,13.100000381469727,13.119999885559082,1824358
2026-06-03,12.979999542236328,13.25,12.9399995803833,13.170000076293945,2339741
2026-06-04,12.880000114440918,13.100000381469727,12.8100004196167,12.989999771118164,1625758
2026-06-05,12.819999694824219,12.930000305175781,12.760000228881836,12.880000114440918,1528259
2026-06-08,12.850000381469727,12.890000343322754,12.619999885559082,12.819999694824219,1618987
2026-06-09,12.789999961853027,13.100000381469727,12.779999732971191,12.859999656677246,2835983
2026-06-10,12.729999542236328,12.930000305175781,12.630000114440918,12.789999961853027,1446076
2026-06-11,12.539999961853027,12.8100004196167,12.479999542236328,12.729999542236328,1821605
2026-06-12,12.65999984741211,12.819999694824219,12.600000381469727,12.619999885559082,1344490
2026-06-15,13.0600004196167,13.079999923706055,12.770000457763672,12.770000457763672,2084520
2026-06-16,12.979999542236328,13.079999923706055,12.880000114440918,13.069999694824219,1887435
2026-06-17,12.770000457763672,13.039999961853027,12.729999542236328,13.010000228881836,1942753
2026-06-18,13.420000076293945,13.520000457763672,12.75,12.75,4466407
2026-06-19,13.539999961853027,13.800000190734863,13.140000343322754,13.380000114440918,4792494
2026-06-22,13.510000228881836,13.880000114440918,13.449999809265137,13.5600004196167,3128896
2026-06-23,13.300000190734863,13.5,13.210000038146973,13.5,1198367
2026-06-24,13.100000381469727,13.319999694824219,13.069999694824219,13.300000190734863,1269204
2026-06-25,12.989999771118164,13.25,12.989999771118164,13.130000114440918,1297737
2026-06-26,13.170000076293945,13.180000305175781,12.899999618530273,13.010000228881836,1171053
2026-06-29,13.260000228881836,13.359999656677246,13.039999961853027,13.220000267028809,1654259
2026-06-30,13.010000228881836,13.319999694824219,13.0,13.279999732971191,809388
2026-07-01,13.0600004196167,13.069999694824219,12.9399995803833,13.0,1465188
2026-07-02,12.970000267028809,13.210000038146973,12.850000381469727,13.0600004196167,1290731
2026-07-03,12.989999771118164,13.079999923706055,12.890000343322754,12.989999771118164,1826287
2026-07-06,12.829999923706055,13.149999618530273,12.819999694824219,12.989999771118164,1990278
2026-07-07,12.829999923706055,12.9399995803833,12.65999984741211,12.850000381469727,2070601
2026-07-08,12.550000190734863,12.869999885559082,12.5,12.850000381469727,1652990
2026-07-09,12.699999809265137,12.729999542236328,12.470000267028809,12.569999694824219,1624751
2026-07-10,13.149999618530273,13.449999809265137,12.680000305175781,12.699999809265137,3377291
2026-07-13,12.949999809265137,13.220000267028809,12.890000343322754,13.149999618530273,1563964
2026-07-14,12.859999656677246,12.9399995803833,12.8100004196167,12.9399995803833,1235492
2026-07-16,13.109999656677246,13.199999809265137,12.850000381469727,12.859999656677246,1643069
2026-07-17,12.850000381469727,13.149999618530273,12.850000381469727,13.149999618530273,1149532
2026-07-20,12.920000076293945,13.0600004196167,12.819999694824219,12.869999885559082,1108651
2026-07-21,12.880000114440918,13.0,12.800000190734863,12.9399995803833,1636431
2026-07-22,12.920000076293945,12.979999542236328,12.829999923706055,12.880000114440918,1225542
2026-07-23,12.819999694824219,13.010000228881836,12.819999694824219,12.920000076293945,1146157
2026-07-24,12.6899995803833,12.880000114440918,12.630000114440918,12.819999694824219,1126454
2026-07-27,12.420000076293945,12.829999923706055,12.420000076293945,12.760000228881836,1318690
2026-07-28,12.34000015258789,12.5,12.279999732971191,12.449999809265137,962224
2026-07-29,12.170000076293945,12.399999618530273,12.130000114440918,12.34000015258789,1258765
2026-07-30,12.800000190734863,13.100000381469727,12.119999885559082,12.199999809265137,3663135
2026-08-03,12.529999732971191,12.899999618530273,12.520000457763672,12.84000015258789,804862
2026-08-04,12.739999771118164,13.100000381469727,12.680000305175781,12.800000190734863,1112780
2026-08-05,12.550000190734863,12.760000228881836,12.539999961853027,12.739999771118164,856190
2026-08-06,12.65999984741211,12.819999694824219,12.470000267028809,12.699999809265137,2039140
2026-08-07,12.5600004196167,12.739999771118164,12.520000457763672,12.65999984741211,616861
