Price,Close,High,Low,Open,Volume
2021-08-10,17.123088836669922,17.20207810319976,16.17521931230983,16.49995147560099,186403
2021-08-11,16.912450790405273,17.12308826950866,16.675482998664755,17.12308826950866,73357
2021-08-12,16.868568420410156,17.035323733790342,16.754473736938255,16.91245227866706,29158
2021-08-13,16.429738998413086,17.03532281781232,16.2893140075376,16.99144063591296,76450
2021-08-16,16.649154663085938,16.666708206928476,16.192774241166482,16.570165389792592,91284
2021-08-17,16.420963287353516,16.710591732979985,16.368304330875088,16.67548464599567,24337
2021-08-18,16.473623275756836,16.675483996054826,16.420962647332853,16.675483996054826,13369
2021-08-19,16.94755744934082,17.061653805181972,16.473623504918045,16.473623504918045,220111
2021-08-20,16.921228408813477,17.079205270555153,16.74569633043655,16.94755704877144,131286
2021-08-23,17.21085548400879,17.21085548400879,16.72814309656149,16.921228721139606,75569
2021-08-24,17.55314064025879,17.623353135859904,17.2020781622532,17.289844200254084,111973
2021-08-25,17.26351547241211,17.570695796632585,17.26351547241211,17.55314225262042,105694
2021-08-26,16.333200454711914,17.991971968842883,16.32442368214001,17.44782378737233,401132
2021-08-27,16.631601333618164,16.675483515375245,15.868038983460314,16.675483515375245,89841
2021-08-31,16.359527587890625,16.719366860122268,16.271763218271627,16.67548467531277,111920
2021-09-01,16.66670799255371,16.693038307978846,16.324422262017237,16.649154448936955,64860
2021-09-02,16.596494674682617,16.7193661259522,16.438516137908596,16.675483943069626,38517
2021-09-03,16.552614212036133,16.675485676075176,16.341976699112855,16.64915535921046,41371
2021-09-06,16.359527587890625,16.67548467531277,16.315645403081128,16.587718631695726,73553
2021-09-07,16.183998107910156,16.48240166901682,16.0260195550892,16.48240166901682,107045
2021-09-08,16.008464813232422,16.40341116574558,15.955805857563341,16.350750536078483,139301
2021-09-09,15.876816749572754,16.210325704221365,15.832934565065687,16.008464977091993,114025
2021-09-10,15.79782772064209,16.043572310046933,15.692508132611994,15.903147308672184,135754
2021-09-13,15.692506790161133,15.920697816373503,15.595965656223608,15.850485321692613,151044
2021-09-14,15.710061073303223,15.90314669828108,15.56085930581942,15.771496799796905,167024
2021-09-15,15.508199691772461,15.894369251319132,15.446763967889613,15.824156756310458,178960
2021-09-16,15.587191581726074,15.727616595381408,15.490648757088703,15.56086126391637,137529
2021-09-17,15.604742050170898,15.841708167743171,15.499422473695983,15.666177772282149,114383
2021-09-20,15.446764945983887,15.639848900984399,15.280009632030062,15.639848900984399,43275
2021-09-21,15.666180610656738,15.701286026510138,15.490648509395202,15.525755599246782,41584
2021-09-22,16.09623146057129,16.11378500445368,15.674956451382482,15.789051138621836,136698
2021-09-23,15.683732032775879,17.123089041908816,15.631071405126171,16.666706979599073,547886
2021-09-24,15.385329246520996,15.815381015721211,15.358998931427827,15.683732788251437,196075
2021-09-27,15.288786888122559,15.473094077281099,15.201020842524075,15.455542207359871,99833
2021-09-28,15.022597312927246,15.580990245645582,14.977564516530261,15.580990245645582,200002
2021-09-29,15.1306734085083,15.301794608438245,15.031604686717808,15.07663576772934,153265
2021-09-30,15.562978744506836,15.761117893898659,15.067628294288992,15.130672491012502,289604
2021-10-01,16.11236572265625,16.39156391557965,15.571985891583225,15.716087408912777,265520
2021-10-04,16.58069610595703,16.58970266529728,16.09435392636228,16.37355039460789,83389
2021-10-05,16.751819610595703,16.877908023116415,16.436596861468143,16.65274916200041,128435
2021-10-06,16.967971801757812,17.10306677399148,16.553678606705365,16.751819502618794,124506
2021-10-07,16.77883529663086,17.148097359129903,16.661753460588884,17.094058002963866,161017
2021-10-08,17.742515563964844,17.859597393603295,16.83287373216066,17.094057068042797,494835
2021-10-11,18.24687385559082,18.733216090194286,17.427295759008928,17.742518500269444,248081
2021-10-12,18.679176330566406,19.489747774997195,18.012706399908843,18.13879479500403,370118
2021-10-13,19.489748001098633,20.480447208151876,18.463024274096938,18.87731570154479,839300
2021-10-14,19.669876098632812,20.49846068585821,18.82327839220509,19.81397761660022,278578
2021-10-15,19.976091384887695,20.282307526705626,19.09346919627155,19.669875243069765,192890
2021-10-18,19.255582809448242,20.408396662831453,19.255582809448242,20.26429514588675,156634
2021-10-19,19.705900192260742,19.777950949683383,18.98539261803433,19.363659523959587,79158
2021-10-20,19.79596519470215,20.08416824078879,19.399686865245844,19.81397831453898,128303
2021-10-21,19.021421432495117,20.6065383105294,19.021421432495117,19.958081405879014,554715
2021-10-22,19.30962371826172,19.687890660092922,18.859306012168656,19.11148282817231,219548
2021-10-25,17.949663162231445,19.093470492069645,17.616427320169883,19.093470492069645,520946
2021-10-26,17.868606567382812,18.264886626457727,17.814568924089865,17.949663891235083,87059
2021-10-27,17.760528564453125,18.192834839969038,17.74251716291857,17.95866944176372,35712
2021-10-28,17.715497970581055,17.88661917355266,17.607420969276443,17.787548732175573,24169
2021-11-01,17.832578659057617,17.940655653362604,17.364249597937473,17.65245262565004,133475
2021-11-02,18.2648868560791,18.44501290859532,17.652454498307357,17.74251838347833,150306
2021-11-03,19.14750862121582,19.994106369853867,18.22886011000171,18.31892399267821,433477
2021-11-04,18.985393524169922,19.39968668749268,18.318923556744796,19.18353268708259,154997
2021-11-05,18.823280334472656,19.12949652120651,18.643154277340006,18.841293455533652,46896
2021-11-08,18.913341522216797,19.63384908355199,18.751226891459996,18.751226891459996,90235
2021-11-09,19.183534622192383,19.3456492799402,18.823280781544913,18.985395439292727,85525
2021-11-10,19.507762908935547,20.012118259244552,18.967381317548753,19.273597495407078,140217
2021-11-11,19.36366081237793,19.7599408634829,19.057444643500318,19.417698454584077,56205
2021-11-12,19.075456619262695,19.50776116663126,19.003405861367934,19.30962201187706,47101
2021-11-15,18.913341522216797,19.471736170620716,18.913341522216797,19.129493790617357,50298
2021-11-16,18.823280334472656,19.075458875849293,18.210847961004948,18.913344221951867,51049
2021-11-17,18.445011138916016,19.00340579914112,18.445011138916016,18.78725352616463,31706
2021-11-18,18.445011138916016,18.661163411892506,18.318922742469457,18.553088134317044,50260
2021-11-19,19.075456619262695,19.29160889294698,18.372960441419604,18.463024318244447,93442
2021-11-22,19.723915100097656,19.813978984501443,19.273597395904442,19.435712044266115,82111
2021-11-23,19.543787002563477,20.06615541601411,19.057443108406577,20.048142297454476,78188
2021-11-24,18.661165237426758,19.813979190567977,18.445012943305105,19.813979190567977,189666
2021-11-25,18.823280334472656,19.003408109431078,18.49905274450358,18.679178801636226,92597
2021-11-26,17.949663162231445,19.093470492069645,17.83257960238861,19.05744425278704,131959
2021-11-29,17.742515563964844,18.19283320043273,17.616425457632527,17.922641587856724,163216
2021-11-30,17.823575973510742,18.228860886070947,17.625435079621717,17.74251864743355,213558
2021-12-01,18.643152236938477,18.71520299547109,18.08475756994154,18.10277068903109,661696
2021-12-02,18.28289794921875,18.805266412972838,18.28289794921875,18.463025716510106,126505
2021-12-03,18.40898895263672,18.733216544289764,18.390975831482166,18.390975831482166,85094
2021-12-06,18.607126235961914,18.85930475295361,18.499050955698053,18.553088595829983,73853
2021-12-07,18.535076141357422,18.895329951535153,18.51706302139212,18.82327918949961,92849
2021-12-08,18.73321533203125,18.913343096268843,18.553089285619333,18.78725469199793,169429
2021-12-09,18.96738052368164,19.345647450037713,18.64315295668047,18.859305240623137,232384
2021-12-10,19.273595809936523,19.363659686929214,18.589112749747862,19.09346977377671,482019
2021-12-13,19.59782600402832,20.678587425422407,19.36366059993652,19.36366059993652,371128
2021-12-14,19.30962371826172,20.210259130447845,19.291610597739822,19.65186441904913,265307
2021-12-15,19.20154571533203,19.63385027844264,18.769241152221422,19.561799517924204,259023
2021-12-16,19.669876098632812,19.90404149478625,19.39968618190032,19.39968618190032,220967
2021-12-17,19.976091384887695,20.372371400974227,18.463023794216863,20.138206015006073,272136
2021-12-20,17.985689163208008,19.507763541592652,17.985689163208008,19.111483466013794,549815
2021-12-21,18.46302604675293,19.273597578411085,18.048734579528485,19.003407640466943,693348
2021-12-22,17.724506378173828,18.71520574174173,17.643449048202083,18.463027190960098,226669
2021-12-23,17.904630661010742,18.156809186707616,17.580403091201237,18.08475842476932,122384
2021-12-24,18.31892204284668,18.445010434477766,17.904628913761616,18.174820533032438,57723
2021-12-27,18.138795852661133,18.625139778373217,18.012707450213842,18.58911353891648,83852
2021-12-28,17.78754997253418,18.300911899421017,17.742518887582126,18.300911899421017,88509
2021-12-29,17.976680755615234,18.192834751231683,17.787548156732846,17.787548156732846,49313
2021-12-30,18.192834854125977,18.426998534687897,17.904630097615897,17.93164977667717,160608
2021-12-31,18.481037139892578,18.823277804931088,18.138794757028524,18.21084551376429,87120
2022-01-03,18.913341522216797,19.291608421374153,18.44501074843616,18.481036985415685,130236
2022-01-04,19.75994110107422,19.813978743930107,19.093471113099287,19.093471113099287,174682
2022-01-05,19.63385009765625,19.97609249533671,19.381673297076564,19.77795161736625,93899
2022-01-06,19.83199119567871,19.83199119567871,19.309622751477463,19.309622751477463,76439
2022-01-07,20.354358673095703,20.7146124592568,20.030129406637943,20.030129406637943,287445
2022-01-10,21.16493034362793,21.669285649548755,20.570511160764852,20.60653568084641,353177
2022-01-11,21.61524772644043,21.8494131162826,21.254993941231533,21.254993941231533,287119
2022-01-12,21.435121536254883,22.011529352400146,21.254995489442848,21.777363945501392,245489
2022-01-13,21.705312728881836,22.24569429365817,21.164931164105504,21.615248848448175,210535
2022-01-14,22.101591110229492,22.317743376321953,21.70531109681389,21.70531109681389,85828
2022-01-17,23.14632797241211,23.39850475782397,22.10159115844021,22.335754825515366,185157
2022-01-18,23.218379974365234,23.92087444895372,23.020239097675677,23.308442135232553,166335
2022-01-19,24.245101928710938,24.76747032503502,23.32645352619516,23.43453051618398,343742
2022-01-20,25.397918701171875,25.397918701171875,24.713435598200466,24.839524003175885,460624
2022-01-21,25.397918701171875,26.280540971651185,25.21779093592783,25.487980865968215,427846
2022-01-24,24.785486221313477,25.397918558307445,24.4072192906893,25.397918558307445,428511
2022-01-25,25.055675506591797,27.14514927246399,24.317154784291347,24.58734470587544,428722
2022-01-26,24.857534408569336,25.505991200543573,24.73144429953856,25.21778818188836,213521
2022-01-27,25.397918701171875,26.02836244387466,24.677409358021386,24.767473240643405,113233
2022-01-28,25.57804298400879,26.550729070006323,25.23580231504647,25.487979107600104,142977
2022-01-31,25.3438777923584,26.29855248486397,25.253815633064978,25.848234817094557,87511
2022-02-01,25.037662506103516,25.74015871051795,24.875549583077692,25.343878668195014,98482
2022-02-02,24.965612411499023,25.21779093930936,24.713435601514366,25.037663174041164,72118
2022-02-03,24.767473220825195,25.145740153274463,24.56933405347584,24.965612388174552,33970
2022-02-04,24.659395217895508,24.839522975688563,24.335167658823863,24.76747221613646,109064
2022-02-07,24.749460220336914,25.560031731551746,24.69542257767611,24.69542257767611,96545
2022-02-08,24.785486221313477,25.127726911961222,24.425232410677516,24.839523863452456,79969
2022-02-09,24.8935604095459,25.57804347852976,24.317154337907105,25.217789683755516,85584
2022-02-10,25.127727508544922,25.39791916130605,24.677409805102087,24.87555069402539,60659
2022-02-11,25.127727508544922,25.65009597582558,25.001639101285157,25.127727508544922,70753
2022-02-14,23.236391067504883,25.524005653951598,23.146328907832654,25.12772562365658,68020
2022-02-15,23.452547073364258,23.722737011220232,23.182355417682555,23.41652083214307,37072
2022-02-16,23.200366973876953,24.209077610491907,23.200366973876953,23.506583132305753,107682
2022-02-17,23.16434097290039,23.68670941596669,22.930175571825757,23.416519493555914,30203
2022-02-18,23.056264877319336,23.47055630610396,22.7680618454995,22.7680618454995,33993
2022-02-21,22.515884399414062,23.290431372458116,22.443833638048964,23.290431372458116,83131
2022-02-22,22.065567016601562,22.623961713273143,21.615249322385203,21.669286964699978,55059
2022-02-23,21.975502014160156,22.605947441061197,21.975502014160156,22.3717820458644,34989
2022-02-24,20.26429557800293,21.5251847370691,19.777951659574562,21.5251847370691,66644
2022-02-25,20.678586959838867,21.002816237869816,19.886028601994518,20.480447799834185,150097
2022-02-28,18.625141143798828,20.444425141921904,18.625141143798828,20.444425141921904,240017
2022-03-01,18.553089141845703,19.00340683112436,17.850592928153766,18.69719066498882,208192
2022-03-02,18.28289794921875,18.967381059969917,18.030721136401695,18.553089600155783,122101
2022-03-03,18.192834854125977,18.517062413733196,18.13879549600343,18.336936373468212,73131
2022-03-04,17.283191680908203,18.445010310718317,17.283191680908203,18.19283352914816,443541
2022-03-07,16.481626510620117,17.328224235648744,16.211436587951184,17.283193154479132,465826
2022-03-08,16.72479820251465,17.427294395102358,16.211436327011384,16.48162624533133,372758
2022-03-09,17.013002395629883,17.382262777398477,16.742812458959207,16.751819019224993,448611
2022-03-10,16.805856704711914,17.12107944349401,16.580697850985523,17.022008998150167,227996
2022-03-11,16.850887298583984,16.931944620995747,16.679767811559753,16.931944620995747,162303
2022-03-14,16.850887298583984,16.850887298583984,16.850887298583984,16.850887298583984,0
2022-03-15,16.88691520690918,17.2291559325925,16.8508889632447,17.112074076334636,355100
2022-03-16,16.74281120300293,17.022007678995564,16.652747324926906,16.868899601614004,326167
2022-03-17,16.895919799804688,17.058034441760192,16.679767516472563,16.796849359092846,319036
2022-03-18,17.301204681396484,17.69748472629288,16.895919794461534,16.931944316092675,488779
2022-03-21,17.36425018310547,17.490338582522455,16.481626233709747,17.346237063810012,380652
2022-03-22,18.535076141357422,18.769241547429363,17.373257388806028,17.400275350928315,724183
2022-03-23,17.958667755126953,18.841289906973874,17.958667755126953,18.733212918788837,476476
2022-03-24,18.426998138427734,18.535075134523094,17.95866906954938,17.96767562904279,546160
2022-03-25,18.89533042907715,19.363661253057167,18.336937438645805,18.517063489374166,506215
2022-03-28,18.517061233520508,19.70589955123435,18.3729597233628,19.219557383908462,507136
2022-03-29,18.96738052368164,19.183532807624303,18.21084667096949,18.589113597325568,373530
2022-03-30,18.89533042907715,19.183533484503094,18.751228901364176,19.183533484503094,249110
2022-03-31,18.24687385559082,18.949370103157758,18.12078544621691,18.877317620286107,251871
2022-04-01,18.12078285217285,18.390972752960096,17.553381655563953,18.390972752960096,204246
2022-04-04,17.976680755615234,18.22885927195069,17.958669354168535,18.192834751231683,146509
2022-04-05,17.913637161254883,18.102771484353358,17.859599519437744,18.06674524459149,179014
2022-04-06,17.778541564941406,18.066744601474607,17.697484246188242,17.913636523588142,226098
2022-04-07,18.24687385559082,18.37296226496473,17.75152334280266,17.75152334280266,260833
2022-04-08,18.192834854125977,18.372960894390964,18.120784094454862,18.318923254094027,167643
2022-04-11,18.71520233154297,18.895328362571675,18.012706172402098,18.19283392125633,408472
2022-04-12,18.372961044311523,18.805265605865763,18.264885762835775,18.805265605865763,340096
2022-04-13,18.228858947753906,18.787253610485184,18.19283442767559,18.372960463718318,363250
2022-04-14,19.273595809936523,19.47173668288556,18.24687207856632,18.300909717631708,501752
2022-04-15,19.99410629272461,20.282309341917106,19.291610071948647,19.309623191979597,416470
2022-04-18,19.904041290283203,20.300321319534813,19.1835319900234,20.19224432325689,340862
2022-04-19,19.237571716308594,20.012116952835107,19.09347019705596,19.904041672308438,346769
2022-04-20,19.99410629272461,19.99410629272461,19.093470905085226,19.32763459418487,313421
2022-04-21,19.86801528930664,20.660575357266406,19.63384989276515,19.994105406106275,439303
2022-04-22,19.435710906982422,20.08416774465884,19.165520987406985,19.868015465433366,259196
2022-04-25,19.237571716308594,19.345646996835267,18.76924091982472,19.27359623720895,218841
2022-04-26,18.607126235961914,19.417697709243317,18.300910078838292,19.255583071021913,149947
2022-04-27,18.174821853637695,18.607126414492207,17.967676132956445,18.607126414492207,183676
2022-04-28,18.372961044311523,18.625139564130976,18.10277112279653,18.264885762835775,162399
2022-04-29,18.15680694580078,18.787252323320782,18.120782428190598,18.787252323320782,169154
2022-05-05,18.89533042907715,19.129495841067158,18.445012725517678,18.89533042907715,952873
2022-05-06,19.813976287841797,19.813976287841797,18.589111749434693,18.841290247878945,551133
2022-05-09,19.255582809448242,20.39038354375697,19.111481292503537,20.26429514588675,856143
2022-05-10,19.453723907470703,19.6338499468115,19.201545391002856,19.23757162956638,192944
2022-05-11,19.273595809936523,19.86801499313249,18.949368257718632,19.5437874409146,812262
2022-05-12,18.71520233154297,19.183531386478023,18.22885844033186,19.183531386478023,304391
2022-05-13,18.913341522216797,19.16552002759688,18.733213772970235,18.823277647593518,533062
2022-05-16,18.553089141845703,18.931356069552802,18.5350760219964,18.913342949703498,204797
2022-05-17,18.679176330566406,18.73321396877498,18.39097330301995,18.589112455001754,189765
2022-05-18,18.535076141357422,18.733215307498757,18.426999139391267,18.733215307498757,278008
2022-05-20,18.390974044799805,18.661163964566036,17.994694007027135,18.643152562987073,239100
2022-05-23,18.354948043823242,18.82327884745697,18.28289728309695,18.408987402737193,229404
2022-05-24,18.192834854125977,18.62513941215268,18.156808615377614,18.62513941215268,309801
2022-05-25,18.228858947753906,18.42699810274858,18.030719792759232,18.174821308723647,230200
2022-05-26,18.192834854125977,19.34564700886385,18.120784094454862,18.300910134719846,470301
2022-05-27,17.976680755615234,18.354947671205615,17.90462999635162,18.22885927195069,238081
2022-05-30,18.030719757080078,18.192834391675643,17.913636201949696,18.012706638163777,277592
2022-05-31,17.913637161254883,18.174822246051427,17.904630601314416,18.174822246051427,192403
2022-06-01,17.832578659057617,18.24687179976359,17.769534461473686,17.949662212706816,400097
2022-06-02,17.922643661499023,18.17482218551515,17.796555258403785,17.904630541678088,421898
2022-06-03,17.832578659057617,18.003699850946532,17.832578659057617,18.003699850946532,156692
2022-06-06,18.372961044311523,18.571101923393105,17.85959916273766,17.877612282258823,960138
2022-06-07,18.553089141845703,18.643153023266567,17.97668133144758,18.37296137900398,445291
2022-06-08,17.922643661499023,18.913342919916946,17.922643661499023,18.859305278279795,630329
2022-06-09,17.922643661499023,18.102771424057064,17.607420935935277,17.922643661499023,612864
2022-06-10,17.985689163208008,18.300911911558785,17.71549921766493,17.82357622657763,556539
2022-06-13,17.940654754638672,18.823276912250478,17.877610560212894,17.967674431317775,917717
2022-06-14,18.643152236938477,18.751227515824603,17.760528297631993,18.08475756994154,886553
2022-06-15,18.607126235961914,19.309622428979452,18.300910078838292,18.733214635544957,968182
2022-06-16,18.73321533203125,19.25558378692946,18.517063045641546,18.60712692776034,828992
2022-06-17,18.426998138427734,19.039430441375092,18.35494738030602,18.82327816700995,596490
2022-06-20,18.174821853637695,18.625139533984218,18.102771093495278,18.553088773841797,471324
2022-06-21,18.46302604675293,18.517063690776613,18.120785344168638,18.40898840272925,258361
2022-06-22,18.625141143798828,18.787255797587626,18.210847948802375,18.499052732107884,666634
2022-06-23,18.553089141845703,19.52577528197457,18.408987618702586,18.679177545139517,982681
2022-06-24,19.183534622192383,19.21956086517004,18.4990531838751,18.625141598645257,507531
2022-06-27,18.913341522216797,18.913341522216797,18.913341522216797,18.913341522216797,2625
2022-06-28,19.183534622192383,20.15622085085346,18.985395439292727,19.976094789442634,682964
2022-06-29,19.039430618286133,19.759939924023694,18.931355339012136,19.29160913296812,369917
2022-06-30,18.661165237426758,19.183533711010522,18.463026063938344,19.039432181596084,202431
2022-07-01,18.643152236938477,19.057443669044602,18.463024481694152,18.66116363820244,312399
2022-07-04,19.30962371826172,19.65186441904913,18.69719136312304,18.69719136312304,585687
2022-07-05,18.57110023498535,19.52577315107912,18.57110023498535,19.30962088995367,310595
2022-07-06,18.553089141845703,18.76924142656038,18.390974498853282,18.589113663718653,216002
2022-07-07,18.426998138427734,18.67917665076652,18.31892286015795,18.607125892644806,233112
2022-07-08,18.445011138916016,18.571101253188143,18.390973500128286,18.481037376658215,129795
2022-07-13,18.12078285217285,18.589111899015705,18.12078285217285,18.553087380562637,292183
2022-07-14,18.00370216369629,18.264887264753522,17.922644837011337,18.174823377567378,263071
2022-07-18,18.210847854614258,18.408988749476105,18.030721798533936,18.030721798533936,232031
2022-07-19,18.336936950683594,18.4990515945031,18.228859948862034,18.28289759085998,233330
2022-07-20,18.28289794921875,18.535076479861505,18.210847185867348,18.372961832864426,338049
2022-07-21,18.2648868560791,18.426999787995978,18.21084749428108,18.318924500051395,391713
2022-07-22,18.3009090423584,18.463023671398368,18.12078301284494,18.3009090423584,351651
2022-07-25,18.643152236938477,18.823278274357214,18.37296060407199,18.535075240226764,495185
2022-07-26,18.390974044799805,18.787254082572474,18.390974044799805,18.661163964566036,482875
2022-07-27,18.24687385559082,18.51706379505655,18.156809969827,18.51706379505655,285530
2022-07-28,18.192834854125977,18.463024773436263,18.192834854125977,18.463024773436263,290631
2022-07-29,18.336936950683594,18.408987712622746,18.08475842498373,18.26488618874444,247311
2022-08-01,18.625141143798828,18.751229555489772,18.33693807831909,18.33693807831909,501503
2022-08-02,18.535076141357422,19.093470835502156,18.426999139391267,18.643153143323577,670111
2022-08-03,18.769241333007812,18.823278974460724,18.535075929610997,18.64315293034247,411745
2022-08-04,19.20154571533203,19.273596475850464,18.82327879315384,18.913342673258292,536600
2022-08-05,19.291608810424805,19.3276333303053,18.94936814134506,19.20154493398522,657183
2022-08-08,19.976091384887695,20.156217415599375,19.453722975520435,19.597824487219988,861124
2022-08-09,19.129493713378906,19.75993911537082,19.039429839119276,19.72391287853676,1193905
2022-08-10,19.273595809936523,19.525774321950948,19.11148117491479,19.16552053180575,499834
2022-08-11,19.940067291259766,20.084168818447722,19.273597298559043,19.309623539268884,974096
2022-08-12,21.435121536254883,21.543198538602642,19.687890121267216,19.9400669303692,2239812
2022-08-15,21.074867248535156,22.10159273524609,21.00281648787348,21.795376572977556,1071008
2022-08-16,21.236982345581055,21.435121512199636,20.174232314627716,21.435121512199636,741305
2022-08-17,21.435121536254883,21.777363945501392,20.984803842486286,21.345059371761703,720801
2022-08-18,20.768651962280273,21.579223483370132,20.57051279155964,21.579223483370132,681255
2022-08-19,20.822690963745117,21.128905415814636,20.660576318762285,20.786664723604186,591111
2022-08-22,20.804677963256836,21.09288101473812,20.732627200386517,20.82269108343084,627687
2022-08-23,20.69660186767578,21.002818052759995,20.60653798068176,20.912754165765975,674563
2022-08-24,20.480449676513672,20.87672975066088,20.426412031165434,20.82269210531264,487075
2022-08-25,20.588523864746094,20.840700653710968,20.46243375243812,20.480446871028622,615776
2022-08-26,21.327045440673828,21.471146959773602,20.624549246693224,20.624549246693224,725291
2022-08-29,20.98480224609375,21.975501440583596,20.94877772660213,21.52518378107235,1031084
2022-08-31,21.200956344604492,21.471146254586184,20.80467632118253,21.164930107099973,445942
2022-09-01,22.263704299926758,22.335755056192195,21.236980593687882,21.236980593687882,1056739
2022-09-02,21.795377731323242,22.533898496811545,21.57922372002477,22.335757606092237,678863
2022-09-05,21.921464920043945,22.335756363359632,21.885438680890076,22.335756363359632,664047
2022-09-06,21.705312728881836,22.227681174006307,21.38108344645091,21.9394781308791,444162
2022-09-07,21.795377731323242,22.479859135074065,21.795377731323242,22.06556766870774,656986
2022-09-08,23.128314971923828,23.398504877049128,21.903450403994675,21.903450403994675,1449768
2022-09-09,24.317153930664062,24.317153930664062,23.056264811157707,23.146328687799354,1629715
2022-09-12,24.785486221313477,25.668108486828,24.605358457082662,24.677409219209853,672204
2022-09-13,23.97491455078125,25.163752976504583,23.596647622794222,24.767472928654918,848038
2022-09-14,23.002227783203125,23.128316183154784,21.579222273688735,21.579222273688735,1444437
2022-09-15,23.14632797241211,24.44324157179587,22.60594644708945,23.416517876160682,535519
2022-09-16,23.758758544921875,24.2090761965664,23.056264107764747,23.146327981658754,581232
2022-09-19,23.506582260131836,24.28112746933795,23.416518384319346,23.866836045556255,344420
2022-09-20,24.443241119384766,24.551318109579142,23.218378298192867,23.5065813149439,1195021
2022-09-21,23.632671356201172,25.037662019922305,23.578633716241868,24.55131982463736,1358422
2022-09-22,24.046964645385742,24.38920532415435,23.164340692681336,23.75875988905486,1183664
2022-09-23,23.236391067504883,24.173052644961185,23.236391067504883,24.173052644961185,417291
2022-09-26,23.200366973876953,24.028951570009188,23.038252334964575,23.290430853031122,716188
2022-09-27,22.659984588623047,23.416518397348028,22.623960068973336,23.308441402747793,233760
2022-09-28,23.056264877319336,23.398505548149,22.443832575789397,22.894150242464285,639016
2022-09-29,23.272417068481445,23.77677237237384,22.51588325373007,23.20036631078253,897671
2022-09-30,23.056264877319336,23.596646420894317,22.78607324661906,23.272417151184214,431451
2022-10-03,24.046964645385742,24.173053045275395,23.038252292791682,23.18235381204432,657479
2022-10-04,23.848825454711914,24.173054754873718,23.36248322229494,24.10100399015173,495349
2022-10-05,24.947601318359375,25.379905898968932,23.902864389640097,23.902864389640097,1241528
2022-10-06,24.605358123779297,25.650095019384445,24.605358123779297,25.217790452477278,456662
2022-10-07,26.118423461914062,26.47867723506502,24.479267505708087,24.60535589685455,886088
2022-10-10,26.028362274169922,26.947010778838735,25.920286989988693,26.568743848553087,796387
2022-10-11,25.433942794799805,26.190476647551233,25.28984127216388,26.136439006019174,622936
2022-10-12,24.47926902770996,25.758171290280902,24.47926902770996,25.379904375497226,578007
2022-10-13,24.911575317382812,25.43394378676773,24.58734601989365,24.58734601989365,473667
2022-10-14,25.956310272216797,27.0190602502452,25.03766181143032,25.253815805118798,657203
2022-10-17,26.42464256286621,26.874960259277938,26.172464034458397,26.388616322596942,695463
2022-10-18,25.469968795776367,27.019061008513937,25.21779027461301,27.019061008513937,807628
2022-10-19,25.866247177124023,26.406628742044468,25.21779032991487,25.46996885163125,723998
2022-10-20,26.118423461914062,26.730855735183436,25.776182806877028,26.046372707283872,757470
2022-10-21,28.730266571044922,28.730266571044922,26.136437586634973,26.568742131065704,2182255
2022-10-24,31.594287872314453,31.594287872314453,30.513524828632303,30.98185559541627,2893888
2022-10-25,29.720966339111328,33.30549459439874,29.558851702409537,33.14337995769694,2799588
2022-10-26,29.973142623901367,30.441473406856215,29.630903672844884,29.865067346496748,3283183
2022-10-27,29.973142623901367,30.729676437035952,29.036484493642792,30.531539001069337,5494293
2022-10-28,29.270648956298828,30.153271189472154,29.00045903767862,29.937120628836475,1784228
2022-10-31,28.351999282836914,29.901093122893222,28.171873250666195,29.61289009715964,3905612
2022-11-01,27.865657806396484,28.65821614707413,27.235212383397354,28.460076991361113,1553021
2022-11-02,27.289249420166016,28.297961731130435,27.289249420166016,27.721555677908217,2099660
2022-11-03,28.351999282836914,29.054493728606136,27.235211699206516,27.28924933707518,3790641
2022-11-04,28.171875,28.87437120721629,27.883670238544795,28.47809116331282,2491300
2022-11-07,28.027772903442383,28.33398734265027,27.829632026640944,28.243925181732095,1987481
2022-11-08,27.631492614746094,28.33398708330112,27.577454975124688,28.13584792613891,3539336
2022-11-09,27.091110229492188,27.73956703842565,26.26252567027555,27.631491762516177,1858762
2022-11-10,27.091110229492188,27.685529400470912,26.983033235757173,27.361300137091412,2371029
2022-11-11,26.766881942749023,27.32527661474044,26.748870541323956,27.235212736312715,2701971
2022-11-14,28.135848999023438,28.37001440341291,26.76688281235837,26.802909052030135,7229167
2022-11-15,30.945829391479492,30.945829391479492,28.171872742128834,28.67622802805836,15450505
2022-11-16,32.2247314453125,33.88190061242794,31.576276335155104,31.576276335155104,11740070
2022-11-17,35.43099594116211,35.43099594116211,30.747691284041313,32.2607589953519,11084937
2022-11-18,34.40427017211914,37.64655597445451,34.22414241962248,36.745920647622334,8871030
2022-11-21,35.35894012451172,37.44841716702178,34.99868806836591,35.214838614923195,5092520
2022-11-22,34.782535552978516,36.187527907455056,34.404270362725875,35.37695473455491,4817673
2022-11-23,35.57509994506836,37.718613258171374,34.00799276491537,34.7825397944363,7347698
2022-11-24,39.123600006103516,39.123600006103516,35.86330086450773,36.29560543833938,6140677
2022-11-25,37.26829147338867,39.970197503698465,37.19623899680118,39.970197503698465,5104178
2022-11-28,35.93535232543945,37.808672092245466,35.88131296687391,37.502455931676536,3252895
2022-11-29,36.31361389160156,37.03412142205975,35.665155396363744,36.06143711485392,3186199
2022-11-30,37.088165283203125,37.64655825772337,36.241569261469124,36.70989663645299,6026051
2022-12-01,36.29560470581055,38.18694104326026,36.29560470581055,37.826685521179,4362065
2022-12-02,37.19623947143555,38.132901065117956,36.295604116506595,36.47573187462263,4869104
2022-12-05,39.429813385009766,40.16833407583202,37.484441222610705,37.82668360771039,5095715
2022-12-06,40.63666915893555,41.33916712226888,37.82668761255661,39.53789628357571,4016415
2022-12-07,37.84469985961914,41.32115304775117,37.82668673936985,40.61865510063421,3144390
2022-12-08,37.73662185668945,38.72731934950947,36.69188500701245,37.84469713475227,2276260
2022-12-09,37.826683044433594,38.61924307972783,37.50245378291999,37.71860776914608,1891901
2022-12-12,39.06956100463867,39.627953939070544,37.88072266131864,38.168925687841615,2275038
2022-12-13,39.627952575683594,41.068967658720794,38.907445034164994,39.1776349327781,4407268
2022-12-14,37.21425247192383,40.52859084232615,36.493744877412716,39.80808324781504,2768373
2022-12-15,37.16020965576172,38.36706105262499,36.65585610436571,37.77264191301478,1891746
2022-12-16,37.84469985961914,38.45713220548962,37.178228153000774,37.412395280590225,805042
2022-12-19,38.63725662231445,40.02423240473951,38.63725662231445,39.66398033794318,2429148
2022-12-20,38.13290023803711,39.39379108185013,37.73662192729786,38.817381581250565,2327191
2022-12-21,37.55649185180664,38.709303910450764,37.55649185180664,38.42110089578973,2141458
2022-12-22,37.898738861083984,38.90744953592213,37.66457173571446,37.736624216028574,2250479
2022-12-23,37.250282287597656,38.132904605085805,37.17822980340195,37.98880307234594,1803332
2022-12-26,37.39438247680664,38.06085075341389,37.34034311560143,37.39438247680664,1848525
2022-12-27,37.64656066894531,38.817386052697735,36.92605300476317,37.64656066894531,4000876
2022-12-28,35.77323913574219,38.56520749744927,35.48503608301054,37.862712985872314,2388544
2022-12-29,36.259578704833984,36.745922632145415,35.791251332961465,35.935352855611,1226029
2022-12-30,36.33163070678711,36.9620761484675,36.115476707826225,36.6378468678518,1189808
2023-01-02,38.204952239990234,38.31303096228472,36.583809197738496,36.63784855888574,2038942
2023-01-03,36.99810028076172,38.601230037349865,36.83598564968527,38.29501389372224,1786043
2023-01-04,36.475730895996094,37.826683892144096,36.475730895996094,37.17822535458469,1877797
2023-01-05,34.692474365234375,36.87201028014447,33.773825888781374,36.65585971842096,2174297
2023-01-06,34.260169982910156,34.584399262819595,30.603589177649926,32.96325286327239,3293174
2023-01-09,32.963253021240234,34.8365762316272,32.62101405583018,34.58439942855637,1639823
2023-01-10,32.00857925415039,34.67445890656654,31.4321732142389,32.963250469384676,2342928
2023-01-11,29.144559860229492,33.3235072462743,29.144559860229492,32.36883255860069,1934426
2023-01-12,30.38743782043457,30.819742370462272,28.64020306563172,30.261345987148392,1604984
2023-01-13,30.85576820373535,31.450187447867336,30.171286791203663,30.405450490433807,1143896
2023-01-16,32.080631256103516,32.29678525887209,30.873779710136333,31.10794683277323,911439
2023-01-17,32.85517883300781,32.85517883300781,31.846468151494577,32.11665808315777,1137207
2023-01-18,32.60300064086914,33.449596640402504,32.35082040443164,32.855177441655414,1165783
2023-01-19,34.42228317260742,34.80054835946411,32.332809496391434,32.60299940638208,2279782
2023-01-20,34.09805679321289,35.01670531347782,33.953955266641024,34.42228608691244,1091256
2023-01-23,33.863887786865234,35.50304384906763,33.68376346538022,34.36824481971644,1450086
2023-01-24,32.78313064575195,34.080044413064336,32.368835741665464,33.91792976269385,878798
2023-01-25,32.26076126098633,33.323511357510405,31.252050527822504,33.30549823639032,861873
2023-01-26,32.314796447753906,33.32350705054484,31.07191873631884,32.296783328961965,514853
2023-01-27,31.19800567626953,32.206716231986185,30.693652116236684,32.188706549685826,949500
2023-01-30,30.27935791015625,31.882491084959526,30.27935791015625,31.198006331047736,724523
2023-01-31,29.91910743713379,30.60358879169263,29.342701362631352,30.27935951587221,752782
2023-02-01,28.081811904907227,30.33340039352614,27.88367101850032,30.009171101460797,852282
2023-02-02,27.59546661376953,28.784305002617998,26.118425187360902,28.460077444275623,1126376
2023-02-03,30.351411819458008,30.351411819458008,27.721556542840027,27.721556542840027,1045137
2023-02-06,29.630903244018555,30.297371453294712,28.279948553407692,29.991155308703995,458146
2023-02-07,26.67681884765625,29.324687160853014,26.67681884765625,29.180585647546778,799232
2023-02-08,24.67740821838379,24.67740821838379,24.67740821838379,24.67740821838379,100
2023-02-15,26.42464256286621,28.370014873938818,24.01093943524724,24.04696567551651,5173000
2023-02-16,26.118423461914062,26.42463959854875,23.794784477808523,26.40662648043483,4937580
2023-02-17,24.137027740478516,25.938298518658275,24.137027740478516,25.938298518658275,1311397
2023-02-20,24.137027740478516,24.425232507960846,23.830811570761902,24.35318174554668,1208697
2023-02-21,23.866836547851562,24.605357252970727,23.77677267014361,24.605357252970727,1353129
2023-02-22,23.542606353759766,24.55131865252111,23.380491723795842,23.866835613687613,1415894
2023-02-23,23.866836547851562,24.04696430326747,23.362481237642847,23.578633513446583,1331888
2023-02-24,23.686708450317383,24.02895083709932,23.54260693519622,23.884849321978155,956581
2023-02-27,23.416519165039062,23.99292524093583,22.96620148878831,23.758759843146365,1661709
2023-02-28,23.956899642944336,24.137025674650364,23.398504993656925,23.416518112175186,1613277
2023-03-01,25.902273178100586,26.154451697496572,24.046964816176576,24.046964816176576,3252159
2023-03-02,25.487979888916016,26.010348326708534,25.34387836937502,25.848235405594124,1396354
2023-03-03,24.51529312133789,25.740157722697727,23.848823181723148,25.57804308806768,1511029
2023-03-06,25.83022117614746,25.97432268949573,24.425230562089073,24.515292719562588,1282300
2023-03-07,26.262527465820312,26.80290903578969,25.77618525532583,26.100412823046934,1830302
2023-03-08,26.154451370239258,26.730857444131384,25.57804357852153,26.568742806392823,1049286
2023-03-09,26.262527465820312,26.838933557613966,25.974324419923487,26.298553705470244,780868
2023-03-10,25.740158081054688,26.280539631402895,25.650094203025724,26.280539631402895,850088
2023-03-13,25.487979888916016,25.99233692513512,25.073688449692053,25.740158407025568,1182464
2023-03-14,24.713436126708984,25.92028771330639,24.587346001211387,25.505994531515512,701613
2023-03-15,25.289840698242188,25.758171495093578,24.5873445029651,24.677408382025078,1256535
2023-03-16,25.001636505126953,25.289839530551387,24.911572630225436,25.12772489929376,478803
2023-03-17,24.317153930664062,25.253815499216284,24.317153930664062,25.037661508146105,700967
2023-03-20,23.956899642944336,24.839521836432812,23.90286200521508,24.37119106191118,743663
2023-03-21,23.812801361083984,24.13702894927235,23.57863594205442,23.956902893128984,549721
2023-03-22,24.803497314453125,24.983623346139044,23.36248047183809,23.47055574728454,952209
2023-03-23,24.407236099243164,25.07592684403702,24.25863815595564,25.07592684403702,598879
2023-03-24,24.0543155670166,24.685857735637455,23.775694855649654,24.407237024270504,630155
2023-03-27,23.942867279052734,24.778731159724817,23.924292093133367,24.221487982134352,1039191
2023-03-28,24.091466903686523,25.46599887188924,23.199877403077092,23.98001755182509,2363397
2023-03-29,24.537260055541992,25.113078442483427,23.422773655009607,24.09146620389996,1539833
2023-03-30,23.68282127380371,24.778732502451234,23.51564813432496,24.611559362972486,1142419
2023-03-31,22.791231155395508,23.92429086699856,22.661206632050995,23.738542560179045,1022579
2023-04-03,22.40116310119629,23.36704977601757,21.955367479851482,23.03270350286579,840093
2023-04-04,22.902679443359375,23.088427756026547,22.289712491555765,22.289712491555765,804050
2023-04-05,23.478498458862305,23.7571191643082,22.902680090466276,22.93983046262026,800476
2023-04-06,23.589946746826172,24.18434031929876,23.47849916984383,23.47849916984383,567853
2023-04-07,23.459922790527344,23.86856801868455,23.274174476430286,23.627095918929257,399694
2023-04-10,25.038776397705078,25.33597405481954,23.589945569266096,23.608520754978354,1453765
2023-04-11,27.527795791625977,27.527795791625977,25.911791764529237,26.450459773561484,1712902
2023-04-12,27.639244079589844,28.698004870542313,26.74765464660838,28.698004870542313,4478500
2023-04-13,27.04485321044922,28.047890248984398,26.747655541889635,27.86214192756307,1550344
2023-04-14,27.34204864501953,27.955015615341804,26.673356116357237,27.044852752915066,1573087
2023-04-17,27.76926612854004,27.97358962433442,27.32347230914222,27.56494440417283,1127583
2023-04-18,27.156301498413086,28.51226002892729,26.970554943547288,27.843567471413916,1289354
2023-04-19,27.193450927734375,27.397772662418255,26.469034606065094,27.137725368925555,944935
2023-04-20,27.082000732421875,27.41634698908273,26.98912657541306,27.212023489377895,172104
2023-04-24,27.5649471282959,27.5649471282959,27.026279100432532,27.100578077674815,1201266
2023-04-25,27.676393508911133,27.76926766929552,27.26775003750346,27.583521119954014,803235
2023-04-26,27.230600357055664,27.769268375266808,27.06342721839922,27.63924561027949,906750
2023-04-27,27.37919807434082,27.63924537351514,26.803381458820446,27.21202493711642,875574
2023-04-28,27.37919807434082,28.51225966156073,26.599057948245157,27.397773261016265,1420906
2023-05-02,26.98912811279297,27.230600226199968,26.19041456844538,27.230600226199968,775311
2023-05-03,25.763193130493164,26.970553650666876,25.63317037117724,26.970553650666876,935798
2023-05-04,25.428848266601562,26.30186257207046,25.335975874225426,25.763194547723124,609198
2023-05-05,24.46295928955078,25.540295237870414,24.46295928955078,25.503144867239378,661310
2023-05-08,25.65174674987793,25.744619141463264,23.77569538844613,24.46296136045606,954278
2023-05-09,26.283287048339844,26.654783698794922,25.150227224448336,25.744619030892757,746082
2023-05-10,27.583520889282227,27.769267437070393,25.540296463621598,26.227562410435052,1075089
2023-05-11,28.64228057861328,28.86517749006458,27.397771494439805,27.583519806362816,1366843
2023-05-12,28.2336368560791,28.883754210941305,27.602094687682055,28.660857287641278,929625
2023-05-15,25.726045608520508,26.933404407889455,25.46599830755809,26.487610553177287,1064433
2023-05-16,26.48760986328125,26.58048402345078,25.521721431801762,25.726044938460184,1160996
2023-05-17,26.599056243896484,26.970552867892327,26.413309703325748,26.84052834092291,471018
2023-05-18,25.707469940185547,26.729082166668725,25.670319567275083,26.691931793758258,466735
2023-05-22,25.11307716369629,25.967514450120927,24.92732884925698,25.633169964128264,730286
2023-05-23,25.131650924682617,25.540296159229925,24.611558117076108,25.168801296653843,347030
2023-05-24,24.72300910949707,25.354549532258684,24.37008763795507,25.24310195177084,515249
2023-05-25,25.020204544067383,25.373124237477736,24.537260313988106,24.92733038114024,653779
2023-05-26,26.134687423706055,26.283285365804602,24.555833846052185,25.038776272158866,1174756
2023-05-29,27.063426971435547,27.267750481896595,25.948942342941525,26.227563057208204,816686
2023-05-30,26.93340301513672,27.639244134311568,26.78480507125014,27.286322689010532,1309338
2023-05-31,27.193450927734375,27.397772662418255,26.208987312572393,27.026277794162443,3672965
2023-06-01,27.137723922729492,27.639243296718824,27.063424953037796,27.193449478568642,1089375
2023-06-02,27.43492317199707,27.9735911765155,27.193451063567803,27.304898638887607,1718482
2023-06-05,28.32651138305664,28.567983495942496,27.47207228031718,27.862142343990136,1338027
2023-06-06,28.2336368560791,28.549407940277625,27.880717170377547,28.43796036434125,1027382
2023-06-07,29.812490463256836,30.202562292761375,28.04789026583071,28.363661349580266,2357810
2023-06-08,30.59263038635254,30.648355945317114,29.49672096479162,30.072539340768,1729706
2023-06-09,32.45010757446289,32.87732978823877,29.868216819146735,30.685507329975565,2187479
2023-06-12,33.73176574707031,33.80606649176052,31.762842069888485,32.450106244000345,1720547
2023-06-13,33.36027145385742,33.67604255527388,32.04146502861236,33.65747091065064,1235605
2023-06-14,33.67604064941406,33.67604064941406,32.67300538235117,33.37884475229509,852487
2023-06-15,32.04146194458008,34.25185944174165,32.04146194458008,33.71318968529163,1266819
2023-06-16,32.00431442260742,32.48725866498459,31.168452249260383,32.07861517198302,889784
2023-06-19,32.04146194458008,32.04146194458008,30.57405416075093,32.00431157319985,716100
2023-06-20,32.171485900878906,32.50583217005621,31.428496159848528,31.577094108054606,660988
2023-06-21,31.57709312438965,32.412958771294676,30.778377849092497,32.39438358549074,643314
2023-06-22,31.837139129638672,31.837139129638672,30.574054818378254,31.577093610092522,1330873
2023-06-23,32.30150604248047,32.46867916350843,31.688539112996022,31.930012973527194,742661
2023-06-26,32.134334564208984,32.58013193830957,31.855713862536945,32.41295880873546,1123158
2023-06-27,31.985736846923828,32.37580866631,31.948590017864475,32.17148516363846,478678
2023-07-03,33.84321212768555,34.01038525448822,32.13433403147828,32.784451353171534,1686351
2023-07-04,32.8587532043457,34.177559534909854,32.74730208747911,33.89893882845238,1119950
2023-07-05,32.59870529174805,33.43457098347682,32.19006181071099,33.08164951998526,1143295
2023-07-06,32.93305206298828,33.11880039092342,32.13433673286545,32.63585615543393,1971991
2023-07-07,33.267398834228516,33.86179065808366,32.59870626096411,32.95162773494862,1434088
2023-07-10,34.43760681152344,34.49332882421149,33.43456806888676,33.43456806888676,1410249
2023-07-11,33.88036346435547,34.79052632352511,33.32312205436736,34.64192837800464,1510763
2023-07-12,33.118797302246094,33.9546629285736,32.933048991633946,33.880362187186996,1162667
2023-07-13,33.601741790771484,33.69461417547424,32.84017689907487,33.10022241052609,1220179
2023-07-14,36.49940490722656,36.62942766826327,33.285972082431265,33.76891629689224,2589589
2023-07-17,37.465293884277344,38.13398642836873,35.88643845675855,36.88947727289563,2666659
2023-07-18,36.963775634765625,38.07826206223113,36.05361272281095,37.89251373384443,1400877
2023-07-19,38.44975662231445,38.802674529864184,35.9978851984506,36.96377361910716,1364151
2023-07-20,39.93573760986328,40.53012941673474,38.7283788092988,39.192747851273964,1732065
2023-07-21,39.71283721923828,40.40010493094247,39.211321367837364,40.21435661349368,910231
2023-07-24,39.88001251220703,40.93877691619525,39.30419588547477,40.01003882146692,1225290
2023-07-25,38.44975662231445,39.749987764409525,38.44975662231445,39.749987764409525,850761
2023-07-26,38.579776763916016,39.155593322866544,37.55816285426042,38.133982956065196,633771
2023-07-27,39.86143493652344,39.97288605206763,38.431181048917516,38.746952123917154,867840
2023-07-28,41.27311706542969,41.42171500955118,39.415640992483816,39.86143482484829,1090333
2023-07-31,42.68479919433594,42.90769788136223,40.734450739987196,41.42171490118061,1538524
2023-08-01,43.799285888671875,44.57942598512575,42.40617882663669,43.279191310084464,2341621
2023-08-02,43.966461181640625,43.966461181640625,42.74052719019145,43.78071285566401,894875
2023-08-03,46.994144439697266,47.690697985006146,45.04379592997422,45.13666831887359,2097707
2023-08-04,49.13024139404297,50.848405269099125,47.31920159369598,48.29437578069688,2237635
2023-08-07,49.31599044799805,50.616225172318714,47.55139022825382,50.430476848436534,1176347
2023-08-08,47.551387786865234,49.176679337392876,45.97253242921036,48.387249887138225,1486459
2023-08-09,47.040584564208984,49.08380547964986,46.43690340283036,47.73713811525144,1189540
2023-08-10,47.87644577026367,49.641049482454655,46.39975212900833,47.17989223274425,1614009
2023-08-11,48.573001861572266,50.19829353456941,46.436904942775534,47.876448287430634,1341805
2023-08-14,47.36564254760742,50.01254468459656,47.04058563354021,48.61943755084341,1062146
2023-08-15,47.73713684082031,48.4801265668592,47.087019501965855,47.55138852359697,520096
2023-08-16,48.52656555175781,49.22311912427108,47.13345840673127,48.01576030715235,897844
2023-08-17,50.941280364990234,51.637833898930054,47.31920411421587,48.480126670782234,2130213
2023-08-18,49.22311782836914,52.00933204506928,48.4336918841126,50.94128184485906,1701513
2023-08-21,50.6162223815918,51.54496040694211,47.64425999189993,49.223115343566334,1575429
2023-08-22,49.22311782836914,51.21990610081274,48.48012807915335,50.89484564981831,1059695
2023-08-23,49.641048431396484,52.00932970024759,48.34081377174853,49.223115609162896,1099074
2023-08-24,51.08059310913086,51.823582845783676,48.38725132805306,49.50173770445955,1526535
2023-08-25,51.77714538574219,52.334386788895394,49.22311579272352,51.127028053493824,1427984
2023-08-28,51.730709075927734,53.773933454304455,51.35921244609399,52.148641898777086,1211782
2023-08-29,50.15185546875,51.96289540258133,49.594614047350156,51.7307108865223,1180904
2023-08-31,51.82358169555664,51.91645762486094,49.17667971033707,50.15185393947826,1114388
2023-09-01,50.89484405517578,52.00933041550755,50.15185432923942,51.82358209830984,534575
2023-09-04,51.962894439697266,52.05576682725811,50.61622356293811,50.94128046225555,1010991
2023-09-05,52.00933074951172,53.40243782315935,51.35921340657192,52.75232048021955,1099884
2023-09-06,52.473697662353516,53.030939052245614,51.080590644768904,52.009328656491974,758974
2023-09-07,56.4672737121582,57.721072227147,52.47370073636834,52.47370073636834,2694362
2023-09-08,56.00290298461914,57.721070480686734,55.39922538561252,57.34957384833308,1258004
2023-09-11,55.72428512573242,59.06774081613452,55.21347988731747,56.32796629840304,1658734
2023-09-12,58.83555603027344,61.01808910407754,55.724284875215744,56.188653915842536,2162361
2023-09-13,58.32474899291992,60.925214831549255,57.303138552233065,58.881993950175534,1937898
2023-09-14,57.95325469970703,58.417623716394246,54.888416355287816,58.23187540114847,1155016
2023-09-15,57.95325469970703,59.578546258112304,56.79233215798897,58.23187540114847,763421
2023-09-18,56.281524658203125,58.23187669741789,55.074165896510856,58.04612837803727,603664
2023-09-19,56.18865203857422,57.11739008879859,55.16704160046922,56.18865203857422,335517
2023-09-20,57.67462921142578,58.78911553600762,56.18864980721957,56.18864980721957,479615
2023-09-21,59.392799377441406,60.27510123902915,56.188652376335654,57.67463184848537,661612
2023-09-22,59.43923568725586,60.228661619085415,58.37118550385867,59.3927994929461,690230
2023-09-25,63.386375427246094,63.75787208498722,59.485678235237785,59.485678235237785,898423
2023-09-26,65.70822143554688,66.2654628857029,63.15419162709805,63.386376155138855,1115679
2023-09-27,65.1974105834961,72.25582568190859,64.40798463019473,65.84753149293368,1257851
2023-09-28,66.68339538574219,67.3335091919324,63.43281218337304,65.94040210520276,786043
2023-09-29,67.37994384765625,70.11971807732115,65.19740390780858,67.79787310787343,912491
2023-10-02,68.72661590576172,69.79466608360117,65.89396201049739,67.37994856351351,810043
2023-10-03,68.44799041748047,70.53765099843663,67.37994734466999,69.3302958030873,780772
2023-10-04,66.35832977294922,69.19098361425951,65.1974072290858,68.44799035190337,937447
2023-10-05,67.51925659179688,67.51925659179688,65.0116665725673,66.3583339744296,437230
2023-10-06,71.09489440917969,71.46638392846351,66.12614060311205,67.14775803826774,897855
2023-10-09,68.95880126953125,70.39834810338087,66.82270088750455,67.98362346779969,498923
2023-10-10,67.7978744506836,70.21259184959361,66.63695194296642,69.3767262268955,945524
2023-10-11,65.80109405517578,68.5408757468744,64.64017141099234,67.84432216036434,568014
2023-10-12,62.457637786865234,66.40477474737345,61.25027541172012,65.80109355980089,735800
2023-10-13,60.04291534423828,62.922001833886895,58.696244485717045,62.68981732527477,998367
2023-10-16,58.092567443847656,61.157402465140535,57.86038291885798,60.1822317116095,612405
2023-10-17,59.532108306884766,60.78590327238626,56.9780786385373,57.58175979547033,589230
2023-10-18,57.999691009521484,58.97486523795617,57.163825360660645,58.51049622033447,270279
2023-10-19,58.092567443847656,60.3215367580358,57.303141476024614,57.67463459029529,720145
2023-10-20,56.931644439697266,57.953258468560065,54.74911133647322,57.62819801002681,470892
2023-10-23,57.7210693359375,58.97486424526999,55.02772766192515,57.21026059086819,387335
2023-10-24,59.25348663330078,59.25348663330078,57.02451744834745,57.02451744834745,408348
2023-10-25,54.79554748535156,59.99647938885323,53.8668093923795,59.43923795021186,631887
2023-10-26,54.00611877441406,60.27510058286785,52.19507887673429,54.70267230868671,1071505
2023-10-27,54.470489501953125,54.51692569712033,51.730711472833306,54.00612046457196,450985
2023-10-30,57.860382080078125,58.835556362327125,53.21669164760228,53.40243997347224,1025023
2023-10-31,54.702674865722656,57.99969437349234,52.79875894876338,57.99969437349234,725640
2023-11-01,53.86680603027344,55.817154486641556,50.10541769707523,55.21347688960116,547113
2023-11-02,54.331172943115234,55.95646444141356,53.21668663571124,53.86680394360143,580787
2023-11-03,54.331172943115234,54.60979363425266,53.170250444330726,54.60979363425266,221434
2023-11-06,55.027732849121094,55.25991737591064,54.1454309387499,54.424051662326406,287529
2023-11-07,55.027732849121094,55.07416904590806,53.634625688383856,54.93486045554717,246023
2023-11-08,52.473697662353516,54.28473749378437,52.009328656491974,53.030939052245614,629731
2023-11-09,52.00933074951172,52.70588428633553,51.08059270041329,52.473699774060925,503940
2023-11-10,52.93806838989258,53.634621921338535,51.87001822453366,52.752320072936094,389501
2023-11-13,51.962894439697266,53.72749460333471,49.82679764010747,52.938068680504074,690755
2023-11-14,51.173465728759766,52.798757335027055,49.64105005427761,52.195079721269074,295744
2023-11-15,49.91967010498047,52.75232044422707,49.91967010498047,51.3127771776776,329601
2023-11-16,52.473697662353516,52.56657004638408,48.572997304545744,50.151852633045834,860240
2023-11-17,55.352787017822266,56.51370959405892,51.266341675181934,51.82358309463372,994840
2023-11-20,54.00611877441406,57.02451742292885,53.86680665041774,56.18865176465988,619798
2023-11-21,54.79554748535156,54.93485961643923,53.12381962657278,54.238306046710186,610329
2023-11-22,54.00611877441406,54.7955446961146,53.91324284413169,54.7955446961146,174852
2023-11-23,57.2567024230957,59.392799237861276,53.95967949844491,54.19186401185105,1204735
2023-11-24,55.25991439819336,59.20705114092146,55.25991439819336,57.953256180961404,818315
2023-11-27,55.58496856689453,58.97486372575277,54.19186154975076,55.492096182893356,778321
2023-11-28,54.702674865722656,56.32796652166521,54.19186608242842,55.770721542486406,340566
2023-11-29,54.56336212158203,55.167043289856274,53.35600332788816,55.167043289856274,183925
2023-11-30,54.84197998046875,54.84197998046875,53.21668842744895,54.51692308700656,293445
2023-12-01,53.448875427246094,54.84198253764966,53.1702547137363,54.70267395232206,269447
2023-12-04,54.238304138183594,54.609797236587596,51.63783473508289,53.44887466122283,305417
2023-12-05,54.14542770385742,54.88841743662344,52.93806894525582,54.609796729692995,427925
2023-12-06,53.7739372253418,55.07416843523313,53.07738365269672,54.14543033837303,404501
2023-12-07,53.309566497802734,53.541751014704566,51.54496275220698,53.541751014704566,588876
2023-12-08,50.98772048950195,53.63462252147174,50.6162238514322,53.030941370322026,616886
2023-12-11,49.17668151855469,51.49852669371917,49.13024532362232,51.034157658686276,509329
2023-12-12,48.61943817138672,49.6410522082243,48.48012958194616,49.50174007592904,393882
2023-12-13,48.20150375366211,48.619433020562354,47.087017441934705,48.619433020562354,232564
2023-12-14,49.03736877441406,49.45530160926041,47.69069788117785,48.29437903627307,279121
2023-12-15,48.38725280761719,49.733923739333996,48.201508024915256,49.17668230551893,404206
2023-12-18,50.98772048950195,50.98772048950195,47.27276828022252,48.7123115527474,979849
2023-12-19,51.544960021972656,51.9628928388298,49.59461160044518,50.987718628066055,423360
2023-12-20,52.473697662353516,53.170251171145814,48.89805773436143,51.452087266599875,405338
2023-12-21,50.33760070800781,53.26312330550972,50.15185239796301,52.14864053094957,416551
2023-12-22,50.15185546875,50.7555366276453,48.990932888454864,50.33760379016814,421368
2023-12-25,50.10541915893555,51.08059341557099,47.92288258728478,50.337603674460865,265428
2023-12-26,51.77714538574219,51.77714538574219,49.083803670508,50.105417633428125,397632
2023-12-27,52.00933074951172,52.00933074951172,50.4304753574735,51.730710043353085,263227
2023-12-28,55.81715393066406,55.81715393066406,51.266339730182885,51.962893249498265,579705
2023-12-29,56.699459075927734,57.6281971559359,54.51692600505039,55.863596929633154,605266
2024-01-02,56.74589157104492,57.581757205688604,55.77071735919688,56.69945537864347,378071
2024-01-03,52.380828857421875,57.34957614250518,52.380828857421875,57.34957614250518,320499
2024-01-04,50.84840774536133,52.84519595067712,50.801971551881664,52.84519595067712,476171
2024-01-05,49.73392105102539,51.08059190994949,49.64104866469453,51.08059190994949,691788
2024-01-08,49.82679748535156,50.523351018457944,48.89805944120972,49.73392155522469,695353
2024-01-09,49.31599044799805,50.244728524554354,49.03736973360207,50.151856134040564,574664
2024-01-10,50.012542724609375,50.05898246153156,49.13024440875995,49.315989185030666,395404
2024-01-11,50.70909881591797,50.80197475158144,49.54817619153473,50.151857373355895,744966
2024-01-12,51.08059310913086,51.49852594314011,49.594613635825226,50.151855052601206,701226
2024-01-15,51.962894439697266,53.35600151023685,50.8484080746947,51.26634090442747,1148491
2024-01-16,51.359214782714844,52.752321893690045,51.359214782714844,51.96289594794593,445088
2024-01-17,51.77714538574219,52.055766087318794,49.083803670508,51.359212561950066,500904
2024-01-18,51.08059310913086,52.102203554171666,51.08059310913086,51.823582845783676,408594
2024-01-19,51.08059310913086,51.63783452590684,50.66266027512161,51.127029303386436,289431
2024-01-22,51.730709075927734,52.56657117877201,51.03415555213029,51.17346413117712,657779
2024-01-23,51.4056510925293,53.58818769697245,51.4056510925293,52.14864438765736,587572
2024-01-24,51.4056510925293,52.009332259107204,50.43047682124195,51.91645986864349,511101
2024-01-25,52.380828857421875,52.798758156970216,51.405651044196816,51.544963172615994,501055
2024-01-26,52.84519958496094,53.21669270120115,52.19508220297219,52.47370292586602,594739
2024-01-29,54.331172943115234,54.331172943115234,52.798753827577954,53.30956256132659,1292406
2024-01-30,53.68105697631836,55.02772781712262,53.30956389313903,54.79554331156514,723850
2024-01-31,54.00611877441406,55.16704133153513,53.40243762756931,53.40243762756931,756202
2024-02-01,54.702674865722656,55.492100824324325,53.68106084198884,54.006121298890136,626655
2024-02-02,54.00611877441406,55.074165401252756,53.72749452642142,54.934856820110916,455535
2024-02-05,55.25991439819336,55.91003174674301,53.68105899253122,54.098991826802745,690507
2024-02-06,56.281524658203125,57.48888696274991,55.39922634114057,56.09577988167702,848139
2024-02-07,58.417625427246094,58.742682331305176,56.002904344040985,56.18865266472669,1041323
2024-02-08,57.1638298034668,58.417628374204014,56.188655499240994,58.371188634548965,910489
2024-02-09,57.210262298583984,58.23187627636321,56.792333011567635,58.23187627636321,590837
2024-02-12,56.65302276611328,59.48567673870263,56.420838246580026,57.396012520048764,1574348
2024-02-13,56.88520812988281,58.46406359471172,56.467275279949476,56.83877193385792,1092579
2024-02-14,57.999691009521484,58.185439325141054,56.00290281660639,56.978077045041076,756543
2024-02-15,60.64659881591797,62.0861385732449,57.999693190241096,57.999693190241096,1279763
2024-02-16,59.43923568725586,63.247060306328876,58.74268214404583,60.64659799643687,1267451
2024-02-19,56.88520812988281,60.507288105498844,56.79233573783303,59.764294797681956,778623
2024-02-20,58.510498046875,58.510498046875,57.21026333980262,57.21026333980262,452469
2024-02-21,57.303138732910156,58.83555439877215,56.60658519128528,58.83555439877215,649496
2024-02-22,58.64980697631836,61.85395028897326,58.138998234551934,58.231874161625086,3055689
2024-02-23,59.43923568725586,59.99647710468207,57.81394408643246,59.0677390470687,864827
2024-02-26,60.832340240478516,62.596943893603616,59.02130039497737,60.507283350991756,1345132
2024-02-27,58.32474899291992,61.48245624595035,58.32474899291992,61.38958385783501,1064749
2024-02-28,57.11738967895508,59.532107175069925,57.11738967895508,57.5817587007352,681723
2024-02-29,59.903602600097656,59.903602600097656,57.67462992341738,57.67462992341738,882831
2024-03-01,59.62498092651367,60.08934995891863,59.067739504769534,59.76429305337698,829130
2024-03-04,59.81072998046875,62.271887153710146,59.81072998046875,60.4144111113708,1001168
2024-03-05,61.110965728759766,61.80751925719225,58.23187568552618,59.81073105854402,1312980
2024-03-06,60.27510070800781,61.62176804278055,58.27831248847215,61.01808689468247,1401984
2024-03-07,64.82592010498047,64.87235275704401,60.27510214591293,60.27510214591293,1350397
2024-03-08,65.80109405517578,65.80109405517578,62.875567574691594,65.29029234316076,1299277
2024-03-11,68.72661590576172,69.190984932152,64.36154989197668,66.31189838567406,2231450
2024-03-12,69.3767318725586,69.93398039017693,67.98362474993124,68.54087326754957,1479240
2024-03-13,68.68017578125,69.19098454168022,67.79787747037123,69.14454480501966,819292
2024-03-14,70.259033203125,71.04845910942124,66.9620103709533,68.68017430482367,1372436
2024-03-15,67.7514419555664,70.25903909160611,67.70500930172143,70.25903909160611,539548
2024-03-18,67.84431457519531,70.2125922531243,66.40476782306908,68.12293172722353,870076
2024-03-19,68.91236114501953,68.91236114501953,66.40477121994846,68.26224733798898,455759
2024-03-20,69.51604461669922,69.65535674733576,65.70821986498673,68.77305839615322,751616
2024-03-21,71.51283264160156,73.3703088141107,68.12293720963055,69.5160443390124,1177888
2024-03-22,69.98041534423828,71.837891568827,69.42317389400355,71.55927438656438,308488
2024-03-25,65.8475341796875,69.98041598282721,65.05810819417547,69.98041598282721,998963
2024-03-26,64.82592010498047,65.84753056459748,62.68981971020107,65.80109082682478,530121
2024-03-27,65.47602844238281,66.86913543051861,62.59694208404386,64.45441806822492,501066
2024-03-28,67.14776611328125,67.51925567723943,65.01166569197551,65.75465899131035,467580
2024-03-29,69.19097900390625,69.19097900390625,65.01165812447567,67.14775829713467,467455
2024-04-01,69.46961212158203,69.65535690571355,66.40477358344691,69.37673264380696,386283
2024-04-02,67.7978744506836,74.15972837583203,67.7978744506836,69.46960569607981,974911
2024-04-03,66.869140625,67.89075107851791,66.49764398216374,67.79787868923611,234916
2024-04-04,66.35832977294922,68.26224557916878,66.12614526417654,66.86913852653268,300835
2024-04-05,69.93397521972656,69.93397521972656,65.75465416083554,66.68339217392243,502594
2024-04-08,72.99880981445312,73.27743406565124,69.65535422862112,69.93397847981923,496300
2024-04-15,70.53765106201172,71.09489955266939,69.09811135636981,71.04845981654495,496937
2024-04-16,72.99880981445312,72.99880981445312,68.16937475555235,70.30546803380463,656689
2024-04-17,72.53443908691406,75.22778080446253,71.60570105229107,72.62731147323458,679819
2024-04-18,70.49121856689453,72.85949631457154,69.42316840505953,72.34869464462187,613830
2024-04-19,71.32708740234375,71.74501670420103,69.51604389430732,70.30546984543176,393576
2024-04-22,75.227783203125,76.38870578342015,71.97719997829861,72.02363971579406,963011
2024-04-24,76.38870239257812,77.22456803042894,74.80985058774452,75.69214887532057,585313
2024-04-25,74.80985260009766,77.27100275871119,73.37030579142534,76.48157683505917,531806
2024-04-26,75.55284118652344,75.83146544405358,73.09168386403786,75.55284118652344,566364
2024-04-29,77.50318908691406,79.54641709180432,74.48479036020474,75.5528405575668,778322
2024-04-30,78.84986114501953,79.3606628164485,76.20295914373432,77.54962646970309,392544
2024-05-02,79.96434783935547,80.61446875140297,78.1533114047638,78.89629762262044,695413
2024-05-03,80.52159118652344,80.70734305968108,79.26779615697455,80.15010161162706,350928
2024-05-06,83.44711303710938,83.44711303710938,78.29262107015869,80.5215867392676,475373
2024-05-07,81.45032501220703,83.58642538408391,80.38228191197766,83.44711325796862,746154
2024-05-08,82.7969970703125,87.1620629917205,82.37906070398054,82.37906070398054,1322587
2024-05-09,81.17170715332031,83.26136777009836,79.73216033858961,82.75055900726902,843297
2024-05-10,81.03240203857422,83.07562309523436,80.75377776461619,81.35745896771884,491443
2024-05-13,79.91791534423828,82.00757604322024,79.87147560553274,81.45032752159095,436740
2024-05-14,82.23975372314453,82.56481060991133,76.80663068924908,80.24296558199318,911757
2024-05-15,82.00757598876953,83.21493125150965,81.35745507587012,82.23976051072448,186691
2024-05-16,84.5151596069336,85.02596835092933,82.19331456278707,82.28618694741118,848221
2024-05-17,86.83700561523438,87.44068675055692,84.79378478798299,84.79378478798299,574524
2024-05-20,86.23332977294922,87.30137998781434,85.07240716672828,87.20850759645852,298715
2024-05-21,87.30137634277344,87.71930562927973,85.53677263785218,86.55838307153007,462782
2024-05-22,86.37263488769531,87.20850051342765,84.46871913384436,87.06918839485415,370187
2024-05-23,88.4623031616211,89.57678603646015,86.74413911053199,86.74413911053199,448125
2024-05-24,92.45587921142578,92.87380851546165,88.23011808968857,88.50874234951867,575575
2024-05-27,91.99150848388672,94.26691391655437,88.97310976242069,93.24530345873848,948134
2024-05-28,93.24530029296875,93.70966931127467,89.43747576000206,92.08437774720397,513332
2024-05-29,92.64161682128906,94.54553258272686,90.55195629148555,94.54553258272686,471997
2024-05-30,91.43425750732422,93.059549082721,90.83058344788685,92.64161979761684,440771
2024-05-31,93.89541625976562,95.1027785696178,91.06276943389564,91.75932297749287,341857
2024-06-03,97.51749420166016,98.91060126168388,92.73449187843696,96.12438714163645,620774
2024-06-04,100.11796569824219,103.08992465583859,96.96025487722784,97.51749629606353,1262203
2024-06-05,102.16118621826172,105.13314516487299,97.51749593561347,100.1179653281801,817393
2024-06-06,105.22602844238281,106.61913557752975,102.16118991077582,104.48303513602072,1002850
2024-06-07,104.20440673828125,107.4549899245912,98.91060266914579,105.50464142994704,585810
2024-06-10,103.92578887939453,104.94739931398176,95.75289123127874,104.94739931398176,814971
2024-06-11,102.25405883789062,104.11153495514826,100.76807936122634,103.18279689651945,424245
2024-06-12,106.1547622680664,107.45498987340379,101.6968167803956,102.2540581949272,428629
2024-06-13,115.25639343261719,115.90651433508887,106.15476456939612,106.15476456939612,760040
2024-06-14,113.86328887939453,125.37964265931822,111.54144364496271,117.39249647001462,652723
2024-06-20,119.24996185302734,119.80721036048058,109.31246739384477,114.14190958228185,799602
2024-06-21,121.2003173828125,123.15067298627562,116.37088228306837,119.24996177934939,533178
2024-06-24,118.22835540771484,121.20031430347824,112.84167193772112,118.04260354816155,585390
2024-06-25,116.09225463867188,117.29961692119763,114.14190617788397,117.29961692119763,281697
2024-06-26,116.18513488769531,116.18513488769531,112.00581343788103,116.09226249484132,538576
2024-06-27,118.32122802734375,118.32122802734375,113.39891356798898,115.90651053407326,418334
2024-06-28,120.27157592773438,121.75756245718472,115.62788573747437,118.04260321926779,533576
2024-07-01,108.94097900390625,120.73594971910431,108.94097900390625,120.73594971910431,986059
2024-07-02,107.6407470703125,108.84810234735212,102.90418418347534,108.84810234735212,954771
2024-07-03,104.39015197753906,107.91935210449034,103.27566213294241,107.26923834275706,1045292
2024-07-04,102.16118621826172,104.3901589710747,100.76807913346724,104.3901589710747,732683
2024-07-05,103.46141815185547,103.55429053788669,99.65359363890454,102.16118349029179,404574
2024-07-08,101.2324447631836,106.71200052989218,101.2324447631836,103.4614174411661,628607
2024-07-09,102.16118621826172,102.16118621826172,98.91060302040795,101.23244816173207,496958
2024-07-10,101.2324447631836,103.83291406844799,97.51749266178237,102.1611827885339,415658
2024-07-11,101.13957214355469,102.25405493711044,97.88898906235684,101.23244452873287,641299
2024-07-12,101.13957214355469,101.13957214355469,99.09634424109078,101.13957214355469,228486
2024-07-16,107.45498657226562,108.38372459652275,101.41818941459432,101.51106888558708,700740
2024-07-17,109.03385162353516,111.91293824421119,106.24763739338881,107.45499264169338,675218
2024-07-18,110.51982879638672,111.82006349348602,108.01223887646661,109.21959409928742,408142
2024-07-19,106.1547622680664,110.1483316436337,103.4614204978365,110.1483316436337,764432
2024-07-22,108.5694808959961,109.405346569177,104.94740103601825,106.15476335124723,497008
2024-07-23,109.40534973144531,110.42696021232449,107.45499407574681,108.56948403410443,215415
2024-07-24,109.96258544921875,111.07706826390893,108.19798175453519,109.31246456922537,409595
2024-07-25,115.16352081298828,115.4421450685937,108.47660953555005,109.7768371664842,891538
2024-07-26,116.74237060546875,118.87847096490296,114.23478069283644,115.16351874724974,518949
2024-07-29,115.442138671875,116.27799722095749,112.93454176750124,116.09225245131888,232310
2024-07-30,114.97777557373047,115.99938603068712,110.79845427060033,115.535016997006,676521
2024-07-31,120.92169189453125,123.05779225474632,112.93454604079896,114.2347807345947,574463
2024-08-01,120.73594665527344,125.28675743755885,119.71432913039239,125.28675743755885,538789
2024-08-02,120.27157592773438,126.12262840174556,118.41409985163038,119.90008638108071,572474
2024-08-05,117.39249420166016,117.39249420166016,108.290858224273,116.83525277330585,436012
2024-08-06,118.87847137451172,121.10743704421657,111.44856691360474,119.24996092898982,514038
2024-08-07,121.10743713378906,121.20031660818634,113.95615691916053,118.32123004459729,497312
2024-08-08,117.39249420166016,121.1074394192585,117.02099755418756,121.1074394192585,209871
2024-08-09,111.26282501220703,118.78560205617686,111.26282501220703,117.39249493374876,358622
2024-08-12,105.78327178955078,111.54144521785643,104.20441275644738,110.79845898378669,452051
2024-08-13,108.5694808959961,108.5694808959961,99.37497266242437,105.78326670919915,731927
2024-08-14,105.22602844238281,110.24120846034435,103.55429704592275,109.3124703702464,326409
2024-08-15,105.4117660522461,106.99061786367903,102.16118295812397,105.22602128115122,388328
2024-08-16,100.3965835571289,105.78326717634104,100.3965835571289,105.69039478684617,270653
2024-08-19,99.56072235107422,100.39658806548124,97.98187040163496,100.39658806548124,381501
2024-08-20,100.02508544921875,104.29728616053536,98.63197837006133,98.81773023204106,376175
2024-08-21,97.61036682128906,102.90417791342857,97.61036682128906,100.11796378673691,227146
2024-08-22,98.53910827636719,99.46784635076406,96.58875973727557,98.44623588606933,187193
2024-08-23,92.78093719482422,99.09635199533294,92.78093719482422,98.07474150701485,326723
2024-08-26,90.13402557373047,93.24529645104674,88.74091857621197,93.24529645104674,378314
2024-08-27,90.04115295410156,90.31977720908161,87.53356300211766,89.34459940236057,201439
2024-08-28,89.76253509521484,92.40943715435351,89.06598154882525,90.08759199972151,239331
2024-08-29,92.64161682128906,93.80253933784657,88.74091999993934,89.7625303973682,183269
2024-09-02,94.73128509521484,96.03151983719299,93.61680222249603,93.61680222249603,311260
2024-09-03,100.11796569824219,100.58233472822344,96.2172615949742,96.40301345839215,612892
2024-09-04,101.9754409790039,105.59751371448412,99.65359584820426,100.11796487436419,1085373
2024-09-05,102.9970474243164,104.3901544487597,101.23244377621315,102.16118179250867,343644
2024-09-06,102.16118621826172,105.78326605586918,100.58233435644493,102.99705188628022,576922
2024-09-09,108.94097900390625,113.21317273067119,103.554295336001,104.29728863009456,724160
2024-09-10,112.37730407714844,116.46375291527745,108.10511046325816,109.40534515071407,735773
2024-09-11,111.54143524169922,119.34283605879322,104.94739668983372,113.67753553073156,1273347
2024-09-12,112.7488021850586,115.99938540324399,106.71200477985711,114.97777495181326,481432
2024-09-13,115.07064819335938,115.07064819335938,107.7336160293885,112.65593063053215,603151
2024-09-16,112.28443145751953,116.46375267490332,112.00580720874369,115.34926276550893,274920
2024-09-17,111.26282501220703,114.32765643012327,107.91936224981222,112.65593213463511,227554
2024-09-18,108.47660827636719,112.00580865405063,108.10511163510864,111.26282245724262,200288
2024-09-19,111.44857025146484,115.25639498458138,108.38373173526585,108.56948360377719,280155
2024-09-20,110.42695617675781,113.21317034226536,109.77683528671395,111.4485666203021,391562
2024-09-23,111.16993713378906,114.32764778979,109.59108534864293,110.24119912235989,692041
2024-09-24,112.28443145751953,113.12029711813808,106.80487555536344,111.26282102152307,563436
2024-09-25,110.05546569824219,115.25639768118602,110.05546569824219,111.91294191255852,530508
2024-09-26,111.72718811035156,112.93454330081227,110.05545681807197,110.05545681807197,556934
2024-09-27,111.54143524169922,111.72718709788526,108.19797977314717,111.54143524169922,283912
2024-09-30,112.37730407714844,112.84167310226063,109.68396231435598,111.54143841480472,207789
2024-10-01,107.73361206054688,112.28442984921175,103.64716328938435,112.28442984921175,426850
2024-10-02,99.46784210205078,108.1979810456203,99.46784210205078,108.1979810456203,391025
2024-10-03,99.83934020996094,101.97544055571346,97.61036747650374,97.61036747650374,230980
2024-10-04,102.53267669677734,102.99704569713802,99.18922131132226,100.02507984340457,337527
2024-10-07,99.83934020996094,103.83291665264298,99.37497118572857,102.6255543553552,388873
2024-10-08,100.95382690429688,102.34693403040424,98.72486117109248,99.83934403769469,212654
2024-10-09,102.8113021850586,103.08992644215891,98.35336367141778,100.95382603294762,220866
2024-10-10,102.16118621826172,102.81130002354885,100.48945488222473,102.81130002354885,77015
2024-10-11,99.83934020996094,101.8825610822998,98.63197791267316,101.1395748949534,145001
2024-10-14,95.1956558227539,99.65360156385933,91.94507245319646,99.65360156385933,475502
2024-10-15,93.24530029296875,95.1956487527118,92.31656225635693,95.1956487527118,764795
2024-10-16,95.28852844238281,95.28852844238281,91.94507267147121,93.33817983316017,413093
2024-10-17,96.58876037597656,97.05312941624568,93.33817709409273,95.10278086425723,796661
2024-10-18,93.89541625976562,96.12438901641859,91.94506775483518,95.66001998735378,775294
2024-10-21,92.50230407714844,93.98828347115996,91.66643845373301,92.54874381178045,279841
2024-10-22,93.80254364013672,93.80254364013672,91.94506752845083,92.87380558429378,423295
2024-10-23,92.68805694580078,93.70966734752345,91.75931892865131,93.70966734752345,199226
2024-10-24,94.45265197753906,94.73127621244737,92.45587094162792,92.68805544214862,494933
2024-10-25,93.80254364013672,94.54553691909469,92.78093319585129,94.45265744494316,200210
2024-10-28,95.38139343261719,95.66001767761223,93.24530020192108,93.80254160620228,104635
2024-10-30,95.47427368164062,95.84576323037835,93.98828714385391,95.38139420874724,319837
2024-10-31,97.23887634277344,97.23887634277344,95.00991056888691,96.12439345583017,362506
2024-11-01,93.52391815185547,97.61036696064583,93.24530099021389,97.23887032608145,367256
2024-11-04,96.58876037597656,100.11796791630555,94.45265995645492,97.42462606560282,1299788
2024-11-05,96.2172622680664,97.14600033452595,93.33817567918366,96.68163130129618,659026
2024-11-06,96.58876037597656,99.83934365786038,93.9882909161858,96.21726372661942,598315
2024-11-07,96.1243896484375,97.23887249123719,94.91702733064692,96.58875868055556,472463
2024-11-08,96.49588775634766,98.91060534288181,95.4742772873189,95.93864632648736,567649
2024-11-11,97.7032470703125,99.09635424575826,95.19565698879393,97.05313322272161,1424736
2024-11-12,101.13957214355469,102.53267917835377,97.238868194692,97.70323720629169,621902
2024-11-13,104.94739532470703,106.1547575742305,100.4894500341528,101.23244327781474,669513
2024-11-14,109.31246185302734,110.798448349969,105.41176501282736,105.41176501282736,792994
2024-11-15,108.01223754882812,111.26282070876712,106.89774764256651,111.26282070876712,418758
2024-11-18,108.94097900390625,110.42695850638417,107.82648906276593,108.01224092914391,360179
2024-11-19,109.12672424316406,110.89132800976984,107.91936190661558,108.9409794617147,345735
2024-11-20,113.58466339111328,117.48536026524091,109.86971128786455,110.51982507164955,1407008
2024-11-21,117.1138687133789,118.78560006657561,112.37730599360037,113.86328548215906,703052
2024-11-22,122.59342193603516,123.80078422877969,117.20673844092578,117.20673844092578,629858
2024-11-25,126.77275085449219,127.23711990524124,122.22193982571896,125.75113327427675,556089
2024-11-26,127.23711395263672,131.50931468822682,126.02975164289012,127.9801072333591,562861
2024-11-27,126.12262725830078,131.04494164963359,126.0297477867705,127.23711005957556,453479
2024-11-28,127.9801025390625,128.07296783861017,123.5221571896633,126.12262649109763,294979
2024-11-29,130.20907592773438,130.20907592773438,126.77274786744269,127.98011020522584,344515
2024-12-02,127.88723754882812,131.32356579237663,127.70149275728319,130.20908287168783,184777
2024-12-03,127.9801025390625,130.95206138152275,127.88722306809721,127.88722306809721,175500
2024-12-04,130.67344665527344,131.88080900865043,128.16585664220958,128.25873611993805,236116
2024-12-05,133.36679077148438,136.33874972222398,130.67344190095622,130.67344190095622,414657
2024-12-06,136.71023559570312,136.89598036798205,130.85918315470138,134.2955252132415,330884
2024-12-09,135.9672393798828,138.38196388127744,133.36678428166388,137.17460163058013,303164
2024-12-10,135.22427368164062,136.52450135935263,132.80954894141107,135.96725282809388,240147
2024-12-11,133.83116149902344,136.4316167567901,133.27391298869156,135.13138912790677,205737
2024-12-12,134.01690673828125,137.36035529748423,133.08816866548847,134.20265151855614,246229
2024-12-13,138.7534637451172,139.68220182686875,133.5525389901595,134.48127707191105,254491
2024-12-16,138.19622802734375,140.88956276912504,137.36035525921216,139.12496609987775,170121
2024-12-17,136.33876037597656,138.84635049375382,136.33876037597656,138.19623663676256,344554
2024-12-18,142.8399200439453,143.49003386796306,136.71024302567852,136.71024302567852,380688
2024-12-19,139.58932495117188,143.02565273453638,133.9240174535097,142.83990796786588,400880
2024-12-20,136.43162536621094,139.58934350499334,132.90243181612942,139.58934350499334,378106
2024-12-23,138.93922424316406,138.93922424316406,133.55254047483848,136.43162005742346,217525
2024-12-24,141.16819763183594,141.53968722019405,136.52450692026238,138.9392317588484,195996
2024-12-25,141.63255310058594,142.09692212714523,139.03208371757026,141.16818407402664,203899
2024-12-26,142.56129455566406,142.56129455566406,138.01048365535354,141.63255648038287,213593
2024-12-27,143.67578125,143.67578125,138.38197691375746,142.56129836417296,404370
2024-12-30,148.50521850585938,148.50521850585938,139.31071686156375,142.74704504319854,322792
2024-12-31,151.10568237304688,151.10568237304688,145.2546296505875,148.50521292179621,413518
2025-01-02,143.49002075195312,150.45555573991203,137.5461032307951,150.45555573991203,769404
2025-01-03,129.18746948242188,143.49002990108224,129.18746948242188,143.49002990108224,962327
2025-01-06,128.53733825683594,131.13780758672013,125.47251408129796,129.00170727390747,541650
2025-01-07,127.23711395263672,129.65183857212992,127.23711395263672,128.81596581703545,263958
2025-01-08,124.91527557373047,129.18747654073044,124.91527557373047,127.14424136521461,300213
2025-01-09,124.82239532470703,126.77275100879446,123.80079191466692,125.5653886410936,443951
2025-01-10,127.70148468017578,131.2306921819843,123.80078761877408,125.10101524876855,600426
2025-01-13,130.1162109375,130.20907624283515,125.56538583352278,127.60860677933653,347582
2025-01-14,131.41644287109375,134.29553668736727,127.70149042244091,130.2090804909978,684202
2025-01-15,129.001708984375,131.8808025969603,127.70148138790172,131.32355410051866,173903
2025-01-16,133.08816528320312,134.85276190809682,127.23711273902285,130.48769591118767,962105
2025-01-17,131.7879180908203,132.80953557147555,129.83757677059313,132.80953557147555,408310
2025-01-20,134.10977172851562,135.31713405460127,130.95206795698542,131.88080602760235,918350
2025-01-21,131.7879180908203,134.48126682553985,130.20906630642193,134.10976311829367,264788
2025-01-22,136.33876037597656,136.43162568616432,130.30196252842205,131.7879350341993,458126
2025-01-23,135.317138671875,137.3603596626671,134.20265578339013,135.7815077230286,188058
2025-01-24,136.98886108398438,137.91759912523173,132.9952846723372,135.31712977545558,157708
2025-01-27,135.781494140625,138.10333916413575,130.76631455840874,137.08173585664144,367622
2025-01-28,134.20265197753906,135.50287961532848,130.58057914982683,134.66702101552363,491717
2025-01-29,133.73828125,135.13138834635419,131.6950603429642,133.8311607249909,221927
2025-01-30,130.8591766357422,134.57412858192555,130.2090628794435,134.57412858192555,319922
2025-01-31,130.58058166503906,135.87438596574742,130.20907792464456,131.41644028094402,337332
2025-02-03,134.20265197753906,134.20265197753906,127.6086059695909,130.58057914982683,256262
2025-02-04,132.159423828125,133.45965139491548,130.30194777761423,133.27390662414794,340359
2025-02-05,131.3235626220703,132.15943542097236,128.90885204744174,130.7663282608878,197753
2025-02-06,130.95205688476562,132.623788104812,129.9304394248992,131.60217064494557,204930
2025-02-07,129.001708984375,131.41643357373158,127.70148138790172,130.95206455050285,283584
2025-02-10,130.95205688476562,131.88079487685616,128.35158767262868,129.7446946607645,361105
2025-02-11,129.18746948242188,130.58057656884014,128.53734150495885,130.30195231727285,266102
2025-02-12,125.75112915039062,129.83758516582225,124.35802204382905,129.09459187470574,262228
2025-02-13,128.25872802734375,128.81596234429952,123.70790316274072,125.37963445644351,291434
2025-02-14,128.53733825683594,129.65183523494184,127.70147969467426,128.63021772881734,143101
2025-02-17,127.88723754882812,133.1810420506644,127.33000317419332,129.37322422402602,529735
2025-02-18,132.80953979492188,133.45965358900506,127.70148057204025,127.88722534586148,402788
2025-02-19,130.95205688476562,133.55252609690254,129.09458090058456,133.36678133276786,242458
2025-02-20,133.73828125,135.59575737847223,131.13781183585525,133.36679169287285,485671
2025-02-21,133.1810302734375,134.4812720421098,128.63021951162935,134.38839256884108,403386
2025-02-24,131.41644287109375,136.33875769984252,129.09459759068574,133.9240329396506,722330
2025-02-25,131.3235626220703,132.80954926139472,129.18747631374242,131.69506636761085,257675
2025-02-26,131.41644287109375,132.25230150347306,130.6734495470794,131.78793244739146,202396
2025-02-27,132.9024200439453,134.29552711286962,130.48769545590935,131.78792305167153,293272
2025-02-28,132.80953979492188,133.83115730806534,132.06654652821916,133.27390881518383,231270
2025-03-03,133.83116149902344,135.59575816271058,128.7231021161816,133.27391298869156,419885
2025-03-04,142.28265380859375,142.65415749850092,132.62378461367533,133.73826734056334,456797
2025-03-05,143.02566528320312,145.06888623867945,139.58933719834494,143.02566528320312,342675
2025-03-06,145.718994140625,147.11210121337064,142.09692142005358,143.11853894196756,254725
2025-03-07,147.57647705078125,148.04084609646833,144.79026277665886,145.719000868033,187104
2025-03-10,146.4619903564453,149.24820455791766,146.4619903564453,147.85509745718147,180555
2025-03-11,142.00404357910156,146.27624431986814,141.16818499441243,146.27624431986814,225763
2025-03-12,143.49002075195312,144.23301398495218,138.19621699538783,142.00403428595502,342245
2025-03-13,143.49002075195312,144.23301398495218,141.53966528675775,143.49002075195312,410215
2025-03-14,142.37554931640625,145.62613256942274,141.16818698814504,143.39715269307473,461677
2025-03-17,140.98243713378906,142.93277851255206,140.6109334153929,142.37554419208456,327497
2025-03-18,138.84634399414062,142.93278590800944,136.43161929958814,141.0753097341748,497541
2025-03-19,129.7447052001953,134.29553023396215,125.00814955862364,134.29553023396215,378481
2025-03-20,136.61737060546875,139.310705238173,126.77274176673743,130.76631815118193,938827
2025-03-21,130.67344665527344,136.61737894443,123.61504566188698,136.61737894443,1655405
2025-03-24,124.26515197753906,130.6734387535793,121.47893787118804,129.83758019024108,761618
2025-03-25,125.65826416015625,130.85918886813218,122.12905664709714,122.12905664709714,1052985
2025-03-26,123.96875762939453,128.32703426480293,121.83804756328482,128.32703426480293,508871
2025-03-27,119.8041763305664,124.74356230943755,119.8041763305664,123.48450168950694,443844
2025-03-28,123.87191009521484,123.87191009521484,117.09236857588924,119.80418075015116,379445
2025-04-02,122.7096939086914,124.25930925157611,121.64433890229337,123.38765246848186,287613
2025-04-03,124.45301055908203,126.87427535595133,120.67583599814317,121.74119103094291,1011062
2025-04-04,126.29316711425781,128.32703547457996,122.61284902090797,124.45301176213981,352210
2025-04-07,125.03411865234375,126.97113046862653,119.99788349654034,126.09946628436286,347137
2025-04-08,124.54986572265625,127.35852694552517,123.96875626636671,125.22781690284248,405772
2025-04-09,119.22307586669922,124.84040570291604,119.22307586669922,124.06561279864484,225078
2025-04-10,120.09473419189453,123.29080668651788,120.09473419189453,123.29080668651788,334750
2025-04-11,120.86954498291016,122.0317491621421,116.6081173438697,121.06324321641083,467592
2025-04-14,121.54749298095703,122.41914978693008,119.02937906634563,120.96639090667959,276768
2025-04-15,125.6152114868164,126.39001915760423,118.15771905921622,122.2254408580684,801730
2025-04-16,125.42151641845703,126.58372056475862,124.35615399704785,126.099467605614,511812
2025-04-17,135.4939727783203,136.0750822436769,122.03174635376004,124.64670939140939,612465
2025-04-18,129.77980041503906,136.8498969753846,129.77980041503906,135.49397974590244,478338
2025-04-21,134.33177185058594,138.2057956373554,129.00498914377792,130.0703515964307,618429
2025-04-22,126.77742004394531,137.04358879041976,126.77742004394531,134.62232397080103,466208
2025-04-24,129.87664794921875,130.74829735361863,124.54986546444171,126.77741722640297,451687
2025-04-25,130.94200134277344,132.20106203205768,128.81129121072286,129.87665366586214,365254
2025-04-28,135.30027770996094,136.3656401619262,130.65144621319214,131.23255569212373,467919
2025-04-29,129.39239501953125,136.84988754392657,128.90814206628184,135.39712868417837,419336
2025-04-30,130.36090087890625,139.94910343848747,129.7797914239261,136.559332766967,1258501
2025-05-02,130.1671905517578,132.49161364124885,128.90814467045627,132.49161364124885,374393
2025-05-05,127.93963623046875,132.2979128121213,126.39002086792358,129.29553858902528,416803
2025-05-06,139.75540161132812,140.7239074925179,128.5207274782361,130.6514374612082,1670226
2025-05-07,136.65618896484375,144.11368146995204,135.4939700574691,139.17429544829176,998278
2025-05-08,135.68768310546875,140.53021262703115,135.10657365159034,137.0435854602153,304623
2025-05-09,138.49635314941406,140.23966684400338,135.8813899966442,135.8813899966442,542361
2025-05-12,143.33888244628906,144.79164139000147,138.5932091414532,140.23966632201495,299970
2025-05-13,144.11367797851562,144.79162913924128,141.30500205804233,144.30737619897624,215325
2025-05-14,143.91998291015625,145.7601382121752,142.3703675560781,144.1136811348592,203508
2025-05-15,144.30738830566406,146.43809846594098,141.98297990867619,143.82313532477258,206068
2025-05-16,143.04832458496094,145.27589120576152,142.66092811970339,144.50108349701856,189262
2025-05-20,141.59556579589844,145.66328779754755,141.59556579589844,142.6609282436239,207826
2025-05-21,139.8522491455078,142.85462341328136,138.1089503094871,141.982973995271,203203
2025-05-22,143.33888244628906,144.40424491630276,138.6900508707638,139.85225507008806,236400
2025-05-23,137.04359436035156,143.6294378930318,137.04359436035156,143.5325813850194,271178
2025-05-26,135.30027770996094,138.49635028762873,134.42862826979152,138.49635028762873,162199
2025-05-27,132.68531799316406,136.75304011468108,131.91051026091597,135.30028115855157,310668
2025-05-28,134.71917724609375,136.17193610304705,132.20105598275043,132.6853089350682,298111
2025-05-29,135.20343017578125,136.55933253075312,134.42862249655704,134.91287544879376,261912
2025-05-30,137.04359436035156,137.3341491061605,134.23493296673107,135.20343893394204,262039
2025-06-02,137.52784729003906,139.27116098598097,135.20343888093532,137.04359430662342,275507
2025-06-03,133.65382385253906,138.9806066872417,132.20106489762014,137.52784773232278,293160
2025-06-04,132.97586059570312,133.6538117576691,128.81128234615935,133.6538117576691,418271
2025-06-05,133.84751892089844,134.81602486790672,131.32941232561367,131.32941232561367,113781
2025-06-10,141.40187072753906,141.40187072753906,133.75067952412104,133.84752125357284,420104
2025-06-11,141.3050079345703,142.37037035874994,140.23966028861824,142.27351385537813,423357
2025-06-12,144.50108337402344,145.76014405238058,139.65855367128654,140.91761434964369,355243
2025-06-13,142.37037658691406,143.53258078707995,137.72154500802225,141.40187062373778,313584
2025-06-16,146.72865295410156,147.6003024068941,141.11131542991606,142.3703761336827,704925
2025-06-17,149.34361267089844,151.57117928374927,146.82550609925528,148.1814085010456,431452
2025-06-18,151.08692932128906,151.08692932128906,145.95384479254838,149.4404721497155,416084
2025-06-19,143.53257751464844,152.0554327519309,143.53257751464844,151.0869268108358,328046
2025-06-20,141.40187072753906,145.37275109076808,140.4333647636518,145.27589458308807,211561
2025-06-23,141.49871826171875,147.6971501262166,140.43335585771413,140.43335585771413,127250
2025-06-24,145.27589416503906,145.27589416503906,142.3703762817383,142.3703762817383,127506
2025-06-25,143.82313537597656,147.60030271698366,141.4018704706571,145.27589431916823,208891
2025-06-26,143.53257751464844,145.27589116426518,142.27351683557922,144.11368699059665,125958
2025-06-27,147.01919555664062,147.21289377701763,140.62705083661095,143.5325684769468,247650
2025-06-30,152.9270782470703,152.9270782470703,144.98533269037532,147.0192010255584,285031
2025-07-01,152.9270782470703,154.57355012708874,148.56880162444443,152.8302365223929,736473
2025-07-02,148.18141174316406,153.99244749779797,148.18141174316406,153.99244749779797,278589
2025-07-03,151.57118225097656,152.5396882078518,148.66566438035082,149.63417033722607,267667
2025-07-04,149.63417053222656,152.53968840663873,148.76252108119417,151.66803895560633,160595
2025-07-07,147.69715881347656,149.34361598886642,144.79164093517866,149.34361598886642,172612
2025-07-08,145.1790313720703,148.37510386097193,144.79163491569392,148.18140563278374,129845
2025-07-09,147.21290588378906,148.18141184355082,144.6947844771172,145.0821957279588,203452
2025-07-10,147.40660095214844,150.02156403166086,147.11604621481865,147.21290272000454,151572
2025-07-11,145.6632843017578,148.56880205866702,144.5979366578276,147.40659791154886,177766
2025-07-14,147.69715881347656,150.40897845553357,145.66329038737678,145.66329038737678,368659
2025-07-16,146.72865295410156,149.6341708343808,145.66329048670792,147.69715891419466,250841
2025-07-17,151.08692932128906,151.76488053567488,147.01920725674614,147.01920725674614,278314
2025-07-18,151.57118225097656,152.73338644358125,148.4719661446214,151.37748401524715,256717
2025-07-21,152.9270782470703,158.83497024680972,152.9270782470703,153.31448948046244,459915
2025-07-22,162.70899963378906,165.4208192499978,153.7987478475843,154.67039729147413,1057370
2025-07-23,160.96568298339844,166.58302034606237,159.90033532486606,162.70899661708415,214008
2025-07-24,158.44757080078125,161.5467867182799,157.96331785185248,160.86883554542504,294000
2025-07-25,163.0963897705078,163.38694449993324,158.93182616891082,158.93182616891082,241126
2025-07-28,159.99717712402344,165.8082127201373,159.41608243134868,165.61451448924572,219974
2025-07-29,162.1278839111328,162.90269159711247,158.35071676204473,160.67512504175625,186798
2025-07-30,162.22474670410156,165.13026455551832,160.57828954394435,161.1593842472909,158198
2025-07-31,168.4231719970703,168.4231719970703,162.03104185195855,162.03104185195855,302723
2025-08-01,165.13026428222656,168.9074315715259,164.1617583333572,168.52003510326935,224242
2025-08-04,162.6121368408203,166.38931876751397,162.51529511648093,165.13025812528275,189869
2025-08-05,160.77198791503906,163.96806050995954,159.99718019835714,162.80585632405064,166663
2025-08-06,161.1593780517578,162.70899342423195,156.80110144218017,161.25623455437272,446701
2025-08-07,163.67750549316406,169.00428821631436,163.29010902458978,166.58302334215514,941862
2025-08-08,164.16175842285156,166.29246855588013,162.41844475829072,164.16175842285156,245693
2025-08-11,165.61451721191406,166.7767213945977,164.06490178285057,164.2586147951545,181490
2025-08-12,165.13026428222656,166.7767214396589,164.54915480161375,165.71137376283937,149863
2025-08-13,164.45230102539062,168.3263245370454,162.7089874895006,165.7113616223238,327436
2025-08-14,162.90269470214844,164.45231010364446,161.4499358050813,164.45231010364446,215717
2025-08-15,159.41607666015625,163.5806401973565,158.83496721029113,162.90268902466534,150264
2025-08-18,161.25624084472656,161.25624084472656,158.8349759671781,159.51292717724607,148064
2025-08-19,159.31922912597656,162.1278904758728,159.31922912597656,162.1278904758728,150490
2025-08-20,161.54678344726562,164.25860286200296,159.02866225253234,159.02866225253234,221733
2025-08-21,161.83734130859375,165.51765189480764,161.6436283066017,161.6436283066017,385617
2025-08-22,162.03103637695312,163.67749341423198,161.35308521786502,162.03103637695312,781748
2025-08-25,164.35545349121094,164.35545349121094,161.159380964118,162.03104516872207,186941
2025-08-26,162.80584716796875,164.93655718534347,162.80584716796875,164.45230423692982,125453
2025-08-27,163.5806427001953,163.87119742957344,160.2877285091828,163.0963897439742,203144
2025-08-28,164.64601135253906,164.64601135253906,161.44993876475593,164.64601135253906,176739
2025-08-29,164.5491485595703,165.8082092009846,161.64363082318076,164.64600506207427,193041
2025-09-01,160.86883544921875,164.35544781248436,160.86883544921875,164.35544781248436,199979
2025-09-02,155.44520568847656,161.9341926276147,151.57118187069523,161.44993965039203,328713
2025-09-03,153.21763610839844,155.54205922156586,151.66803547784795,155.54205922156586,148388
2025-09-04,153.8955841064453,157.38221131455097,151.57117581985986,153.2176329210435,168645
2025-09-05,152.34597778320312,154.86408420267287,152.34597778320312,154.2829895419769,162755
2025-09-08,152.53968811035156,152.73338634595717,148.0845548002818,151.95857862530661,273019
2025-09-09,152.05543518066406,155.1546512860256,151.37748396671435,152.53968815894643,221210
2025-09-10,155.63890075683594,158.25386382498442,152.05543175394894,152.05543175394894,494468
2025-09-11,151.08692932128906,155.8326026002178,151.08692932128906,154.86409664303005,197828
2025-09-12,152.05543518066406,152.05543518066406,148.27826786135282,151.08692922409932,174324
2025-09-15,161.74049377441406,161.74049377441406,150.6995318472123,152.83024198320572,245486
2025-09-16,160.09402465820312,161.740481695869,159.70661343989963,159.99716815907053,218027
2025-09-17,161.6436309814453,164.83970345024855,159.80347565788787,160.6751250683672,1217938
2025-09-18,161.74049377441406,164.35545688577994,161.64363726804837,161.64363726804837,106372
2025-09-19,165.22711181640625,165.90506298815578,160.28772583409494,162.22473762665197,268458
2025-09-22,164.16175842285156,168.03578222044098,163.38695070768807,168.03578222044098,207376
2025-09-23,164.45230102539062,164.93655396434747,159.02866219778318,161.3530851717122,370950
2025-09-24,165.61451721191406,165.61451721191406,159.41608505211607,164.2586147951545,312621
2025-09-25,162.1278839111328,167.16412648088684,160.96567977127705,167.16412648088684,905441
2025-09-26,177.1397247314453,178.20508714195446,164.7428609267608,164.7428609267608,2032077
2025-09-29,170.8444366455078,182.466507567739,170.45704019272438,179.27044988670735,1234473
2025-09-30,178.20509338378906,178.20509338378906,169.10114343743012,171.1349970493301,527965
2025-10-01,176.46177673339844,178.68934331848854,173.07200599293932,178.30194685944141,435406
2025-10-02,173.65310668945312,176.94602075972927,173.65310668945312,176.55862432024745,178971
2025-10-03,178.1082305908203,180.6263518632069,173.84681050641095,173.84681050641095,424425
2025-10-06,177.81768798828125,180.43265094553274,177.13972204013368,178.10822793379918,165211
2025-10-07,185.95314025878906,185.95314025878906,176.4617791024345,180.3358028578259,386206
2025-10-08,182.9507598876953,187.40589297037502,182.17596698481827,187.40589297037502,221434
2025-10-09,187.50274658203125,188.85864891939244,182.27280589886564,183.04761356802652,305014
2025-10-10,183.53187561035156,188.85865827978128,182.17597320578784,187.89015233988496,208151
2025-10-13,181.20745849609375,183.24131200450802,180.3357943254358,182.56336083503658,635298
2025-10-14,183.04762268066406,183.91927211547133,178.68934595017205,181.59486377050007,417491
2025-10-15,184.7909393310547,184.7909393310547,178.30195238253236,183.04762565488633,363559
2025-10-16,182.3696746826172,184.50038483265047,179.94840978980025,182.5633729183969,121023
2025-10-17,180.33580017089844,183.7255709063598,178.2050900928254,182.3696685234663,133945
2025-10-20,190.79566955566406,193.3137909027152,180.91691195563564,180.91691195563564,626864
2025-10-21,192.73268127441406,193.70118721046637,190.7956694023094,190.7956694023094,439447
2025-10-22,193.6043243408203,194.76654324845734,189.92401372739403,192.829531440032,266316
2025-10-23,193.79803466796875,195.92874467216686,191.95786460844036,195.05708050347644,196103
2025-10-24,198.54371643066406,200.77128303406826,192.24842786091128,193.99174149741145,539050
2025-10-27,198.4468536376953,199.70591426739486,193.41062589712445,199.5122160424166,312438
2025-10-28,196.0255889892578,199.12481970354793,195.6381925390852,198.3500120249754,141741
2025-10-30,197.57521057128906,198.44686000075365,194.6696927687701,196.0255951653212,325697
2025-10-31,203.38624572753906,204.8390046255929,196.99410066481104,197.57521013532366,423097
2025-11-03,197.9626007080078,206.77601033865105,196.60669835478296,203.96734913058793,654893
2025-11-04,204.06419372558594,207.64766266230188,198.15631649971033,198.25315822445927,1087254
2025-11-05,215.97682189941406,217.23588256119967,200.48072705461306,204.06419603182775,981940
2025-11-06,213.07130432128906,218.30123042515692,209.00358237625545,216.9453280362216,514571
2025-11-07,208.22877502441406,213.07130467614462,204.4516078073553,213.07130467614462,292412
2025-11-10,206.77601623535156,209.00358283194,203.5799437079184,208.22877513161868,248195
2025-11-11,201.8366241455078,207.4539613349797,196.5098416823965,206.77601015895647,505055
2025-11-12,201.2555389404297,207.6476693299875,200.09333475853083,201.83663364226516,351802
2025-11-13,201.3523712158203,203.5799377471866,199.70591413723736,201.25552949250795,334705
2025-11-14,205.32325744628906,206.67915983888855,199.8027765932372,201.35237721646124,320644
2025-11-17,207.84136962890625,209.6815249061684,205.90435785148205,207.26026018438816,260531
2025-11-18,207.26026916503906,209.68153399173343,206.00120849951244,207.8413786347368,342377
2025-11-19,212.10279846191406,213.8461120898493,206.3886193918111,207.26026881666488,364366
2025-11-20,214.03981018066406,215.97682203750264,211.90910009378715,213.07130425224477,259952
2025-11-21,213.9429473876953,216.0736721901674,211.2311426904167,214.03980388898123,270152
2025-11-24,215.2988739013672,215.2988739013672,210.26264595769763,213.94295671538407,144296
2025-11-25,212.78074645996094,216.84846834521463,210.55317990096592,215.2988677489514,209106
2025-11-26,214.8146209716797,214.8146209716797,202.22404372096534,212.78075258142698,265696
2025-11-27,211.81224060058594,215.97681898966442,210.16578350115327,214.8146148476077,138000
2025-11-28,209.77838134765625,212.49018601270998,208.2287660148595,211.81223484644656,102016
2025-12-01,208.32562255859375,210.3594760578097,206.48545250323411,209.7783813915596,224632
2025-12-02,206.29176330566406,208.3256316720814,205.22640087025923,208.3256316720814,169000
2025-12-03,205.32325744628906,207.55082404404055,204.16105328431408,206.48546160826402,104523
2025-12-04,202.2240447998047,205.90437035606237,202.03034656594437,205.3232608762535,91845
2025-12-05,202.90199279785156,203.38624576395623,198.54371610290966,201.73978863484592,172721
2025-12-08,202.99884033203125,207.06656211191594,202.32087438686125,202.90198383179924,382433
2025-12-09,205.90435791015625,205.90435791015625,201.7397796318621,203.0956819651546,163229
2025-12-10,200.7712860107422,206.29176695965063,200.2870330366585,206.29176695965063,301860
2025-12-11,194.66969299316406,200.96498157254499,194.66969299316406,199.51222266961094,524251
2025-12-12,199.02796936035156,199.7059205582449,193.79804323005678,195.638198592657,162391
2025-12-15,203.2893829345703,203.2893829345703,198.15631347614658,198.4468534241877,309842
2025-12-16,201.15867614746094,203.28938621072172,200.0933285049443,203.28938621072172,113601
2025-12-17,200.48072814941406,204.2578953771699,198.44685977863617,200.86812461135855,127498
2025-12-18,204.35475158691406,206.96971464683568,200.3838713556877,200.67442609084068,236576
2025-12-19,213.8461151123047,213.8461151123047,203.96735745201764,204.83900688919113,991950
2025-12-22,214.23350524902344,216.267373579979,208.2287715370878,214.03980702184373,522416
2025-12-23,215.97682189941406,217.33272428704308,212.58705115211384,214.136666547885,323365
2025-12-24,218.10752868652344,218.10752868652344,214.42720326089463,215.9768186332312,244456
2025-12-25,218.6886444091797,220.52879978558437,214.13666944263034,218.10753493335304,152494
2025-12-26,221.49729919433594,221.59415569685996,216.2673731790423,218.6886379598685,204925
2025-12-29,213.4586944580078,222.07840583531964,211.03742970790233,221.30359815964044,449278
2025-12-30,207.74452209472656,214.13666714739384,200.57758412023222,213.45870117345362,697432
2025-12-31,214.23350524902344,216.9453247642217,197.96260293606133,208.32562803979138,391877
2026-01-02,208.71302795410156,218.88234022100676,206.0980648982572,216.94532836064386,499295
2026-01-05,200.3838653564453,208.80987853247956,199.99646890665795,208.71302203091906,361756
2026-01-06,201.3523712158203,203.09568479594293,194.57282989840917,200.38386531333302,742260
2026-01-07,205.80751037597656,208.4224734345199,197.38151173034683,201.3523771812526,571978
2026-01-08,211.4248504638672,211.8122469300533,205.80751303480116,207.26027195034092,282777
2026-01-09,207.26026916503906,219.56029152900098,204.93586084270353,213.94295417542446,576296
2026-01-12,202.12718200683594,209.19727815953996,202.12718200683594,204.35474857251356,453210
2026-01-13,202.41773986816406,202.90199283435584,197.9626066679086,202.2240416373329,376853
2026-01-14,204.35475158691406,204.35475158691406,199.5122219284564,202.90199268937675,497032
2026-01-15,207.35711669921875,209.00357375450037,203.48309314409633,204.35474253270803,940782
2026-01-16,210.35948181152344,213.8461090172979,208.906722938822,209.39097589638914,904167
2026-01-19,217.91383361816406,220.2382419321334,211.32799035761403,214.0398099093967,949554
2026-01-20,219.7539825439453,221.5941526187483,216.36421189787512,217.9138272473695,411196
2026-01-21,216.2673797607422,220.43195826615005,214.91146257527822,220.33510176067838,411045
2026-01-22,220.04454040527344,221.10990282051253,215.49256557132244,217.9138303530227,312305
2026-01-23,228.1800079345703,229.05165737905563,220.62565856219476,220.8193567967217,697668
2026-01-26,224.4996795654297,228.18000508844875,223.33747539453626,228.18000508844875,331049
2026-01-27,227.30833435058594,229.92329735457756,223.53116720906777,225.08076779969406,398355
2026-01-28,227.9862823486328,229.8264524207257,224.98392293347158,227.2114894532539,302762
2026-01-29,235.4438018798828,236.0248965817702,229.43905317945072,229.53590968554593,380164
2026-01-30,243.3371124267578,243.3371124267578,232.15086609388223,235.44379508918087,420504
2026-02-02,233.7973175048828,243.3371064967425,231.27921104090757,243.3371064967425,480220
2026-02-03,239.22096252441406,239.22096252441406,232.44142107635375,233.7973234546748,397655
2026-02-04,241.7390899658203,243.33711886498574,235.54064304620331,241.15798048709036,435035
2026-02-05,240.5768585205078,241.83591914024882,237.86505383580678,241.64222091680261,278516
2026-02-06,235.6374969482422,240.57686834995428,232.82882086972094,240.57686834995428,299354
2026-02-09,235.7343292236328,239.22095636124138,231.08551274445765,234.47528338115538,543840
2026-02-10,240.7705841064453,244.06349841182157,235.44380140301269,235.73434136425394,435730
2026-02-11,244.7898712158203,245.51625065562988,237.28395033778824,242.029623433253,377932
2026-02-12,242.0296173095703,246.96900328659302,240.38316024330513,246.96900328659302,460290
2026-02-13,240.7705841064453,242.36861300618392,236.3154508431923,241.64223354662494,415342
2026-02-16,241.15797424316406,245.75837736627665,238.44615470968378,242.12648016381937,1051916
2026-02-17,245.7583770751953,246.7268829947035,241.15797395753157,241.15797395753157,360850
2026-02-18,246.00050354003906,247.937515378937,241.93278163399887,245.75837706017683,314724
2026-02-19,236.31544494628906,246.00050416539926,230.31071118608622,246.00050416539926,464030
2026-02-20,240.0926055908203,240.0926055908203,229.14850079390283,236.31543850954066,414436
2026-02-23,235.9280548095703,242.36861345153676,234.862692355635,240.09261856277857,406065
2026-02-24,230.1170196533203,236.3154518226225,228.95480069062666,236.3154518226225,436450
2026-02-25,223.5311737060547,232.44142539037344,223.5311737060547,230.50441351212032,376132
2026-02-26,226.63038635253906,231.2792177461854,222.2721096919133,222.75636265420505,523097
2026-02-27,218.59178161621094,228.5673954761104,217.13902274665938,228.5673954761104,354938
2026-03-02,212.9744415283203,215.008309829894,203.3862390282781,203.3862390282781,682226
2026-03-03,210.26263427734375,219.56028193880047,209.10041538871297,212.10278955396404,512151
2026-03-04,210.4563446044922,213.26500593103654,205.61381488408614,210.26264637132152,374217
2026-03-05,211.61854553222656,214.6209198240664,210.16578663841267,211.13429256762194,403954
2026-03-06,206.96971130371094,215.49256632057467,203.48309887287633,211.61854265638456,376428
2026-03-09,203.38624572753906,206.8728729941594,198.93111252888284,206.8728729941594,361514
2026-03-10,209.68153381347656,212.00594213383604,205.32325712913178,205.32325712913178,457082
2026-03-11,213.9429473876953,215.10516629021726,208.32562499056627,209.1972743892305,349336
2026-03-12,220.52879333496094,221.78785397693838,210.84373420933045,213.94295017388671,348711
2026-03-13,215.97682189941406,219.85084561061433,212.1027981882138,219.85084561061433,262296
2026-03-16,211.0374298095703,217.2358764397628,209.00357628543824,216.26737053925402,162960
2026-03-17,217.13902282714844,218.882336426902,210.94059089272184,210.94059089272184,240302
2026-03-18,214.4272003173828,220.3350922178106,213.55555091880103,217.13901979263207,130311
2026-03-19,221.01304626464844,221.01304626464844,212.58704778200928,214.42720310436667,219623
2026-03-23,216.65476989746094,219.7539858650606,213.36185570280395,219.7539858650606,326689
2026-03-24,213.55555725097656,218.2043886637862,212.877606056619,216.55793154085276,289748
2026-03-25,217.6999969482422,218.6999969482422,207.8000030517578,218.60000610351562,376812
2026-03-26,217.89999389648438,217.89999389648438,214.5,217.6999969482422,360177
2026-03-27,216.39999389648438,221.6999969482422,215.0,217.5,284929
2026-03-30,218.39999389648438,219.89999389648438,211.8000030517578,216.39999389648438,436865
2026-03-31,228.1999969482422,230.39999389648438,216.0,218.0,484565
2026-04-01,227.1999969482422,230.5,224.5,230.39999389648438,267546
2026-04-02,223.5,227.1999969482422,220.0,220.0,240695
2026-04-03,216.89999389648438,224.89999389648438,216.89999389648438,224.89999389648438,195258
2026-04-06,224.60000610351562,225.8000030517578,218.0,219.0,327237
2026-04-07,222.0,225.8000030517578,219.89999389648438,224.60000610351562,98956
2026-04-08,230.5,232.0,225.1999969482422,226.89999389648438,418099
2026-04-09,230.3000030517578,234.0,228.39999389648438,230.5,225427
2026-04-10,238.0,238.0,230.1999969482422,230.1999969482422,342938
2026-04-13,237.0,243.60000610351562,234.5,238.0,517952
2026-04-14,235.39999389648438,241.89999389648438,233.3000030517578,236.8000030517578,374338
2026-04-15,235.10000610351562,236.1999969482422,233.0,236.0,236148
2026-04-16,234.3000030517578,237.3000030517578,231.5,236.39999389648438,222885
2026-04-17,236.3000030517578,236.3000030517578,231.60000610351562,234.3000030517578,432305
2026-04-20,238.10000610351562,238.10000610351562,233.0,236.0,174256
2026-04-21,241.0,242.89999389648438,238.10000610351562,238.10000610351562,256460
2026-04-22,235.5,241.6999969482422,233.6999969482422,241.0,162111
2026-04-24,232.1999969482422,236.10000610351562,231.6999969482422,235.8000030517578,166242
2026-04-27,234.39999389648438,235.89999389648438,232.60000610351562,232.89999389648438,167040
2026-04-28,231.60000610351562,235.0,231.5,234.10000610351562,87340
2026-04-29,229.0,235.6999969482422,228.3000030517578,232.0,246174
2026-04-30,240.89999389648438,240.89999389648438,231.10000610351562,231.10000610351562,393095
2026-05-04,239.0,241.5,237.10000610351562,240.89999389648438,241862
2026-05-05,236.3000030517578,240.89999389648438,235.6999969482422,239.0,241420
2026-05-06,245.6999969482422,245.6999969482422,235.6999969482422,238.0,375286
2026-05-07,248.89999389648438,249.39999389648438,243.89999389648438,246.10000610351562,270278
2026-05-08,248.0,251.75,245.6999969482422,251.0,221736
2026-05-11,249.5,249.60000610351562,245.5,248.0,111701
2026-05-12,242.0,250.25,241.5,249.5,253672
2026-05-13,244.0,244.60000610351562,236.60000610351562,242.0,277075
2026-05-14,243.60000610351562,248.0,243.0,244.89999389648438,202392
2026-05-15,237.60000610351562,244.39999389648438,236.6999969482422,244.1999969482422,207606
2026-05-18,236.6999969482422,238.3000030517578,233.10000610351562,237.60000610351562,174213
2026-05-20,236.0,239.39999389648438,235.6999969482422,236.8000030517578,226774
2026-05-21,228.1999969482422,236.89999389648438,227.60000610351562,235.0,295438
2026-05-22,235.0,235.0,221.0,221.0,327570
2026-05-25,231.89999389648438,235.0,230.10000610351562,235.0,286866
2026-05-26,230.60000610351562,232.3000030517578,228.6999969482422,231.89999389648438,74718
2026-05-27,230.60000610351562,230.60000610351562,230.60000610351562,230.60000610351562,0
2026-05-28,230.60000610351562,230.60000610351562,230.60000610351562,230.60000610351562,0
2026-05-29,230.60000610351562,230.60000610351562,230.60000610351562,230.60000610351562,0
2026-06-01,229.5,232.3000030517578,228.1999969482422,230.60000610351562,259230
2026-06-02,239.0,239.0,229.5,229.5,247601
2026-06-03,234.39999389648438,239.0,234.1999969482422,239.0,228867
2026-06-04,236.3000030517578,236.3000030517578,233.60000610351562,234.60000610351562,177709
2026-06-05,235.8000030517578,236.3000030517578,232.5,236.3000030517578,213832
2026-06-08,237.1999969482422,237.5,229.8000030517578,236.6999969482422,251416
2026-06-09,246.0,249.3000030517578,237.1999969482422,237.1999969482422,550191
2026-06-10,247.0,248.8000030517578,237.1999969482422,245.0,143258
2026-06-11,249.5,249.8000030517578,243.39999389648438,247.0,232415
2026-06-12,250.25,250.25,241.5,249.5,527565
2026-06-15,263.5,263.5,250.25,251.25,419603
2026-06-16,258.0,263.25,256.5,263.25,207254
2026-06-17,257.0,261.0,254.0,257.5,207603
2026-06-18,259.0,259.0,254.0,257.0,155155
2026-06-19,258.75,259.75,255.25,259.75,131353
2026-06-22,261.25,264.0,255.5,258.75,211070
2026-06-23,256.0,260.0,253.0,260.0,162914
2026-06-24,250.0,255.25,249.3000030517578,254.75,121334
2026-06-25,252.5,252.5,246.8000030517578,250.5,208858
2026-06-26,253.0,256.0,249.89999389648438,251.5,82340
2026-06-29,253.0,255.75,250.0,254.0,62656
2026-06-30,250.25,254.5,249.0,253.0,83386
2026-07-01,244.8000030517578,250.25,243.60000610351562,250.25,259515
2026-07-02,244.0,246.0,242.60000610351562,245.89999389648438,140489
2026-07-03,247.0,247.0,237.60000610351562,244.0,284406
2026-07-06,247.0,250.5,242.8000030517578,247.0,204695
2026-07-07,245.1999969482422,252.0,244.89999389648438,247.8000030517578,181289
2026-07-08,238.39999389648438,245.89999389648438,236.89999389648438,245.1999969482422,165931
2026-07-09,236.5,239.5,232.8000030517578,237.0,217604
2026-07-10,235.1999969482422,238.5,228.60000610351562,237.1999969482422,186805
2026-07-13,232.5,236.8000030517578,230.89999389648438,234.3000030517578,253864
2026-07-14,229.89999389648438,233.39999389648438,229.89999389648438,232.5,224604
2026-07-16,233.5,236.60000610351562,229.10000610351562,232.0,171834
2026-07-17,240.1999969482422,242.0,232.5,234.0,247836
2026-07-20,243.39999389648438,246.0,237.5,241.0,158355
2026-07-21,243.10000610351562,248.0,243.10000610351562,245.1999969482422,195419
2026-07-22,244.0,246.5,242.8000030517578,243.89999389648438,85560
2026-07-23,237.5,244.39999389648438,237.1999969482422,243.89999389648438,133753
2026-07-24,239.1999969482422,241.60000610351562,235.1999969482422,237.5,130250
2026-07-27,237.10000610351562,243.39999389648438,236.0,239.8000030517578,63050
2026-07-28,237.1999969482422,240.39999389648438,236.0,238.5,120055
2026-07-29,236.0,241.0,234.89999389648438,237.39999389648438,134055
2026-07-30,237.89999389648438,239.8000030517578,235.10000610351562,235.10000610351562,139720
2026-08-03,240.0,245.89999389648438,238.89999389648438,244.0,160564
2026-08-04,242.60000610351562,242.6999969482422,239.1999969482422,240.0,84398
2026-08-05,244.60000610351562,244.60000610351562,240.1999969482422,242.60000610351562,111310
2026-08-06,238.6999969482422,253.25,237.8000030517578,249.0,677209
2026-08-07,236.0,241.0,234.0,239.0,208101
