Price,Close,High,Low,Open,Volume
2021-08-10,4.380358695983887,4.40429525070046,4.308549792751427,4.324507369076266,54947154
2021-08-11,4.27663516998291,4.388338218096949,4.252698612300564,4.388338218096949,66500574
2021-08-12,4.380358695983887,4.40429525070046,4.308549792751427,4.316528390684532,77743440
2021-08-13,4.37238073348999,4.420253469421864,4.356423154846032,4.388338312133948,56160051
2021-08-16,4.500041484832764,4.555893201832519,4.380359451523971,4.388338431291949,131676123
2021-08-17,4.523977756500244,4.531956355303052,4.460147444243094,4.500041199174477,82280720
2021-08-18,4.484083652496338,4.563871543376247,4.452168496144374,4.555892944517593,86199965
2021-08-19,4.444189548492432,4.468125723648485,4.412274394645265,4.452168146724902,63147257
2021-08-20,4.460147857666016,4.468126457208381,4.396317539492264,4.436211298121505,47377569
2021-08-23,4.547914028167725,4.595787143817165,4.484083714580044,4.492062694007844,86487452
2021-08-24,4.5558929443359375,4.611744658178984,4.5399353661605915,4.5718505225112835,67062287
2021-08-25,4.547914028167725,4.603765742786285,4.523977850801684,4.5638716065646445,51009115
2021-08-26,4.53993558883667,4.587808325710783,4.515999030170267,4.56387176704438,54176746
2021-08-27,4.571850299835205,4.579828898304936,4.500041011314349,4.547913743508701,59034380
2021-08-31,4.6995110511779785,4.723447608177617,4.603765584096757,4.611744563249525,98583074
2021-09-01,4.691532135009766,4.7314258866980134,4.667595579629904,4.707489711776793,56904589
2021-09-02,4.715468883514404,4.77132059922205,4.683553726098231,4.691532705681618,52563023
2021-09-03,4.6995110511779785,4.731426206871719,4.6596172967901355,4.723447608177617,47164414
2021-09-06,4.715468883514404,4.763341619638663,4.707490284389705,4.715468883514404,50948480
2021-09-07,4.651638984680176,4.7394058656530245,4.627702804706767,4.7154693052208945,47545635
2021-09-08,4.500041484832764,4.659617656064052,4.500041484832764,4.651638676296074,81602319
2021-09-09,4.579829216003418,4.579829216003418,4.452168587962779,4.47610514594974,57532789
2021-09-10,4.500041484832764,4.611744918832274,4.492062885523482,4.595787339755015,57082067
2021-09-13,4.508019924163818,4.547913676845019,4.436210636695548,4.508019924163818,69425166
2021-09-14,4.508019924163818,4.571850232820658,4.460147192671188,4.523977501328028,88208624
2021-09-15,4.436210632324219,4.5239774968702156,4.428232033979301,4.492062342573244,48409572
2021-09-16,4.420253276824951,4.484083588619602,4.404295698876289,4.460147411925942,52561040
2021-09-17,4.428232192993164,4.46014734843618,4.380359079369976,4.4521683693460945,44558226
2021-09-20,4.268656253814697,4.380359303582883,4.260677654774883,4.372380704543068,55313553
2021-09-21,4.292593002319336,4.332486760205912,4.2606778438265955,4.308550581565706,53444737
2021-09-22,4.37238073348999,4.37238073348999,4.276635261626243,4.316529018006795,51763888
2021-09-23,4.228762149810791,4.420253076517159,4.21280457258526,4.380358943224007,144838058
2021-09-24,4.101101398468018,4.196847248044543,4.069186242095401,4.196847248044543,110507439
2021-09-27,4.140995502471924,4.14897410127468,4.085143789017942,4.140995502471924,57426382
2021-09-28,4.125038146972656,4.148974325131065,4.085144009430386,4.148974325131065,65235176
2021-09-29,4.180889129638672,4.2048256862328035,4.125037798350131,4.1569529535032,96418601
2021-09-30,4.25269889831543,4.276635457607627,4.133016862771846,4.196847560731473,142817527
2021-10-01,4.228762149810791,4.268655902645292,4.204825593743169,4.21280457258526,57970442
2021-10-04,4.212805271148682,4.2606780107634865,4.212805271148682,4.244720430891885,75918221
2021-10-05,4.2048258781433105,4.22876243582992,4.188868299838464,4.2207834564481574,38405564
2021-10-06,4.164931297302246,4.204825429032675,4.1409951226308985,4.196846830961771,60571243
2021-10-07,4.212805271148682,4.2367414507267265,4.19684769127708,4.212805271148682,82618566
2021-10-08,4.196846961975098,4.244719693270877,4.188867983196477,4.220783137393663,82177027
2021-10-11,4.244719982147217,4.276635138516403,4.204825846456396,4.21280482577803,65426338
2021-10-12,4.236741065979004,4.276635202264491,4.212804888574656,4.220783487556545,80628129
2021-10-13,4.188868045806885,4.268655932492428,4.172910468469776,4.2606773340532005,83160348
2021-10-14,4.188868045806885,4.212804602041874,4.156952891132668,4.180889066909003,50738067
2021-10-15,4.101101398468018,4.20482584690836,4.061207643231584,4.20482584690836,93688964
2021-10-18,4.053228378295898,4.109080088241691,4.045249779994299,4.1011011094814425,89035160
2021-10-19,4.172910690307617,4.180889289170998,4.077165221195001,4.077165221195001,96837740
2021-10-20,4.228762149810791,4.23674074819423,4.156952862066577,4.1729104392921075,80987360
2021-10-21,4.244719982147217,4.300571315563956,4.0771652209796505,4.228762403962623,152758302
2021-10-22,4.34844446182251,4.38035962121338,4.228762804336102,4.236741403954464,127324802
2021-10-25,4.420253276824951,4.44418983397728,4.308550231184311,4.316528829929308,152444701
2021-10-26,4.452168941497803,4.484084101042261,4.436211361725573,4.452168941497803,91973826
2021-10-27,4.611744403839111,4.635680579552701,4.452168250427681,4.468125827722958,200007325
2021-10-28,4.675574779510498,4.7074899345549115,4.587807912909032,4.611744469421671,64075060
2021-11-01,4.747384071350098,4.779299228970771,4.675575156932927,4.707490314553601,118833867
2021-11-02,4.843130111694336,4.875045270547453,4.755363234618912,4.763341834102839,141654912
2021-11-03,4.9468536376953125,4.962811215347543,4.7074899729118584,4.835150594129701,150783476
2021-11-04,5.042599678039551,5.090472412837748,4.970790385612917,5.026642099773485,134145679
2021-11-05,5.0505781173706055,5.066535695132493,4.954832650799283,5.0505781173706055,122398297
2021-11-08,5.082493782043457,5.082493782043457,5.010684865150694,5.058557603232104,96170826
2021-11-09,5.026642322540283,5.138345375353111,5.018663342824306,5.082493658717351,120695825
2021-11-10,5.1064300537109375,5.1303662311741665,5.0027056034804644,5.026642161402374,142729245
2021-11-11,5.026642322540283,5.106430217406589,5.0106847435670225,5.082493658717351,99050441
2021-11-12,5.058557510375977,5.106430247578622,5.042599931308428,5.050578530612854,72577034
2021-11-15,5.561221122741699,5.561221122741699,5.385687763051467,5.465475653819754,174071198
2021-11-16,5.609094619750977,6.111758556061819,5.56122150157023,6.111758556061819,393995693
2021-11-17,5.672924041748047,5.752711925364049,5.561220624227004,5.585157179541125,113367436
2021-11-18,5.784627437591553,6.111757970936164,5.609094082749206,5.680902992228107,408721430
2021-11-19,5.768670082092285,5.8644155520581185,5.720797347109369,5.832500395402841,112590112
2021-11-22,5.736754894256592,5.848457941942935,5.720797316015686,5.824521764810914,86075265
2021-11-23,5.505369186401367,5.768669387325404,5.441538880778405,5.720796658108182,291014756
2021-11-24,5.569199562072754,5.65696642363756,5.513347853720853,5.545263006933757,363469148
2021-11-25,5.4574971199035645,5.593136726052779,5.449518140502468,5.585157746651683,168362967
2021-11-26,5.273984909057617,5.401645538960561,5.1862180357700005,5.401645538960561,159358876
2021-11-29,5.266005516052246,5.329835825992727,5.186217628626645,5.2819630935373665,127200083
2021-11-30,5.202175617218018,5.273984911805177,5.170260459725655,5.226112175566633,209301216
2021-12-01,5.369729995727539,5.417602728502002,5.242069374995637,5.258026952587125,162163561
2021-12-02,5.433560371398926,5.465475526965486,5.377708658928112,5.385687638049085,109060822
2021-12-03,5.489412307739258,5.521327464607384,5.4255819940030054,5.465475749858823,136373993
2021-12-06,5.736754894256592,5.744733493147707,5.489412241293207,5.505369819534113,131559340
2021-12-07,5.752711772918701,5.8245210564994965,5.656966315116728,5.800584501819689,187657853
2021-12-08,5.912288188934326,5.952182324320772,5.776648585170819,5.792606543692334,209192363
2021-12-09,5.920266628265381,6.039948643051017,5.88037249651729,5.9362242048728895,167332237
2021-12-10,5.8005852699279785,5.904309719844529,5.696860820011427,5.904309719844529,159598791
2021-12-13,5.992076396942139,6.071864286420605,5.744733368870893,5.800585081735153,185683661
2021-12-14,6.311227798461914,6.406973263463472,6.01601242447778,6.01601242447778,237433520
2021-12-15,6.279312610626221,6.510697673399379,6.247397455792589,6.42293118783622,170927211
2021-12-16,6.558570861816406,6.558570861816406,6.351121972544488,6.383037127746527,255865289
2021-12-17,5.9043097496032715,6.973468269608322,5.9043097496032715,6.646337720255136,449895318
2021-12-20,5.8484578132629395,6.271334198030681,5.433560407669432,5.58515758785188,234594065
2021-12-21,5.784627437591553,6.430910286112301,5.736754704452731,6.430910286112301,261765372
2021-12-22,6.055906772613525,6.095800527545613,5.736754830863464,5.784627565057172,168090630
2021-12-23,6.079843044281006,6.223461629560176,5.904309682833738,6.175588514161334,139365923
2021-12-24,6.079843044281006,6.1277157792211705,6.031970309340842,6.095800622594394,67609854
2021-12-27,6.247397422790527,6.2713339790186335,6.079842670569746,6.079842670569746,119223114
2021-12-28,5.87239408493042,6.21548218311651,5.87239408493042,6.21548218311651,90322870
2021-12-29,5.864415645599365,5.928245959928056,5.69686088025721,5.79260673220893,113406667
2021-12-30,5.8564372062683105,6.000055417424962,5.8564372062683105,5.880373384565072,97992400
2021-12-31,5.744733810424805,5.928246160559806,5.688882473726346,5.864415844070884,51493549
2022-01-03,5.8484578132629395,5.880372969042543,5.728775788860094,5.744733366749895,94514821
2022-01-04,5.8005852699279785,5.936224876671363,5.720797377860893,5.848458005168229,121714202
2022-01-05,5.8564372062683105,5.864415805547666,5.752712752425826,5.800585489478043,83950950
2022-01-06,5.840479373931885,5.904309687232996,5.784627659564073,5.8085642172813285,115505011
2022-01-07,6.079843044281006,6.079843044281006,5.864415546820929,5.864415546820929,151522796
2022-01-10,6.0479278564453125,6.231440196331641,6.0479278564453125,6.159630904062611,104575255
2022-01-11,6.071864604949951,6.175588676483977,5.976118752094307,6.095800782819847,176004201
2022-01-12,6.087821960449219,6.143673293736761,6.0718643823015395,6.127715715589082,144694957
2022-01-13,6.031970024108887,6.127715489461727,6.023991425558813,6.08782173579404,179560357
2022-01-14,5.992076396942139,6.047927729347731,5.952182261973572,6.039949130629219,136876364
2022-01-17,6.183567523956299,6.1995251023481615,6.047927917396127,6.111758230963577,361919287
2022-01-18,5.912288188934326,6.279312864838403,5.90430959013224,6.175588417200583,269355957
2022-01-19,6.287291526794434,6.287291526794434,5.928245467812648,5.960160622327653,229385818
2022-01-20,6.25537633895874,6.406973131868174,6.087821588418157,6.34314282317817,285889396
2022-01-21,6.319206714630127,6.335164291971773,6.1676095396551665,6.231439849021749,137583877
2022-01-24,6.0479278564453125,6.383037379755884,6.039949257559129,6.303249488600671,177742629
2022-01-25,6.143673419952393,6.1915465358376105,6.023991771615393,6.1197372424684655,84985361
2022-01-26,6.143673419952393,6.247397870272563,6.135694820943978,6.175588576903417,68170806
2022-01-27,6.1915459632873535,6.207503540287222,6.031969812830022,6.063884966829759,97453965
2022-01-28,6.167609691619873,6.303249292595233,6.1596307125231275,6.215482424824353,141337844
2022-01-31,6.414952278137207,6.414952278137207,6.22346134706859,6.239418924657642,160333213
2022-02-01,6.383037567138672,6.48676201891476,6.35910100886008,6.454846861515762,112835063
2022-02-02,6.478782653808594,6.526655767517036,6.438888519204447,6.470803674704299,232297310
2022-02-03,6.199524879455566,6.478782681502298,6.199524879455566,6.4149523702297495,123197374
2022-02-04,6.23144006729126,6.3192069359738605,6.183567333589479,6.255376624371484,78419045
2022-02-07,6.25537633895874,6.279312514488167,6.016012300912577,6.215482205798163,151808762
2022-02-08,6.319206714630127,6.40697319977985,6.223461250580254,6.27133398260519,135203536
2022-02-09,6.486761569976807,6.486761569976807,6.343142991162229,6.359100568757331,115714281
2022-02-10,6.414952278137207,6.526655701719227,6.383037122959104,6.494740546541124,105973396
2022-02-11,6.478782653808594,6.478782653808594,6.255376565309629,6.3750582082047424,112722372
2022-02-14,6.367079734802246,6.422931448254946,6.207503954164063,6.367079734802246,110933367
2022-02-15,6.4468674659729,6.494740579441223,6.327185443219418,6.383037155293353,91902431
2022-02-16,6.335164546966553,6.486761728043406,6.335164546966553,6.454846572075507,49886303
2022-02-17,6.25537633895874,6.4309100683149,6.25537633895874,6.367079379166246,92974315
2022-02-18,6.343142986297607,6.343142986297607,6.263355098383288,6.3112278311318795,60183916
2022-02-21,6.319206714630127,6.454846312263442,6.2633550037050405,6.41495217868,86841045
2022-02-22,6.2952704429626465,6.327185599088645,6.159630839197816,6.199524974584651,97664226
2022-02-23,6.1915459632873535,6.327185177556914,6.1915459632873535,6.319206579286303,47040489
2022-02-24,5.577178955078125,5.872394735063407,5.577178955078125,5.720797545465206,93053605
2022-02-25,5.720797061920166,5.784627372048697,5.545263328608046,5.728775660456902,155773568
2022-02-28,5.609094619750977,5.617073219141968,5.481433605366819,5.577179080810913,164353268
2022-03-01,5.617072582244873,5.856436624173289,5.585157427382239,5.656966716052494,212341953
2022-03-02,5.64100980758667,5.704840124881556,5.601115669048016,5.617073248371737,104159123
2022-03-03,5.6968607902526855,5.7447335252428635,5.648988055262508,5.6968607902526855,79912395
2022-03-04,5.6011152267456055,5.680903117063614,5.6011152267456055,5.664945539000012,75782608
2022-03-07,5.529306411743164,5.6090946893959615,5.481433673426708,5.561221570620802,79921712
2022-03-08,5.505369186401367,5.577178089997885,5.473454033589886,5.497390207969181,90462040
2022-03-09,5.664945602416992,5.696860758901474,5.545263575370847,5.553242554721305,87365885
2022-03-10,5.585157871246338,5.776648815640328,5.585157871246338,5.752712637820423,128621925
2022-03-11,5.6569671630859375,5.720797477855303,5.617073026125741,5.672924741778279,98955479
2022-03-14,5.712818622589111,5.736755181377819,5.648988306430816,5.66494588547039,107920596
2022-03-15,5.720797061920166,5.752712216984431,5.664945350328371,5.696860505392637,159193701
2022-03-16,5.776648998260498,5.816543136499783,5.712818681444601,5.752712819683886,134444830
2022-03-17,5.9043097496032715,5.95218248508481,5.808564278640195,5.816542877657778,134147613
2022-03-18,5.9043097496032715,5.936224906590964,5.832500456151624,5.912288348620854,68710246
2022-03-21,5.992076396942139,6.031970151452038,5.912288127005006,5.936224684077879,63614163
2022-03-22,6.06388521194458,6.079842789589487,5.976118344668261,5.99207630277183,102167007
2022-03-23,6.0479278564453125,6.111758169369483,6.008034101097043,6.087821992252257,113663377
2022-03-24,5.920266628265381,6.0878213728735435,5.912287649732308,6.063884817732961,106511448
2022-03-25,5.8005852699279785,5.960161054062149,5.8005852699279785,5.928245897235315,98154092
2022-03-28,5.760691165924072,5.840479438896639,5.760691165924072,5.808564281891085,69997174
2022-03-29,5.8564372062683105,5.872394785285716,5.776648930722588,5.792606890198687,128703834
2022-03-30,6.023716449737549,6.0319570165895575,5.900110697480398,5.908351264332406,161854829
2022-03-31,5.982514381408691,6.064918079582676,5.933071769572473,6.040196773664567,135836035
2022-04-01,6.023716449737549,6.081399238906047,5.957793486648896,6.040197190509712,297771016
2022-04-04,6.361571311950684,6.3780520513754855,6.031956523454655,6.056677436125947,360112135
2022-04-05,6.328609943389893,6.5016579068319285,6.295648463965869,6.402773468559859,259379157
2022-04-06,6.336851119995117,6.4192548264912315,6.279168328981903,6.345091294178795,173424661
2022-04-07,6.625263690948486,6.625263690948486,6.386292767222451,6.386292767222451,216168540
2022-04-08,7.004321575164795,7.004321575164795,6.691187104559664,6.691187104559664,257616417
2022-04-11,7.539945602416992,7.539945602416992,7.10320578575018,7.1196869190669645,320239351
2022-04-12,7.506984710693359,7.622350295372104,7.292735461809622,7.5152252779983595,365032939
2022-04-13,7.40809965133667,7.638830801717402,7.358657823300575,7.622349668462912,240843754
2022-04-14,7.614109039306641,7.638830738985354,7.441061070874049,7.490503684367796,235041149
2022-04-15,7.745955467224121,7.787157516852026,7.564667706243315,7.622350104204142,125545467
2022-04-18,7.861320972442627,7.9190033698416435,7.68827299438185,7.745955391780868,194080637
2022-04-19,7.7294745445251465,7.951964338600962,7.647070451392667,7.902522511412413,216521117
2022-04-20,7.803638935089111,7.844840986216706,7.680032781706325,7.762436883961516,138963874
2022-04-21,7.8530802726745605,7.902522888083448,7.811878224144439,7.820118791023206,139721344
2022-04-22,7.531705379486084,7.877801300184669,7.506983680962153,7.828358689000453,165883544
2022-04-25,7.712993144989014,7.787156669072388,7.548185750283539,7.638830406769285,226878639
2022-04-26,7.441061973571777,7.762437035608906,7.399859921639257,7.7459559004903875,181221973
2022-04-27,7.539945602416992,7.564667302392169,7.3751381985675994,7.4740226408772354,168630857
2022-04-28,7.3916192054748535,7.655311047124292,7.383378638957389,7.605868433883184,189639340
2022-04-29,7.350417613983154,7.490504110001288,7.251533167240424,7.424581145506134,170667131
2022-05-05,7.235052108764648,7.482263621135794,7.235052108764648,7.4493021385438905,178224317
2022-05-06,7.185610771179199,7.276254658064693,7.127927583284987,7.169129635819771,184862814
2022-05-09,7.136167049407959,7.18560966199037,7.045523176514482,7.177369095582691,168754155
2022-05-10,7.185610771179199,7.210331688354555,7.127927583284987,7.169129635819771,35795733
2022-05-11,6.97960090637207,7.160888670065245,6.897196805883358,7.152648888707369,125765327
2022-05-12,6.814793109893799,6.954878815503242,6.6747066184206565,6.93015790108554,167848753
2022-05-13,6.798312187194824,6.872475718611509,6.765350704994489,6.855994584579479,90389123
2022-05-16,6.5675811767578125,6.79831193658652,6.55110043626518,6.79831193658652,110331230
2022-05-17,6.4686970710754395,6.600543394822727,6.411014672809628,6.592302827680829,170796240
2022-05-18,6.68294620513916,6.757109732101085,6.4192543633755825,6.460456410117061,192717592
2022-05-20,6.625263690948486,6.798311655430351,6.6005427776978385,6.6417448236913605,207454392
2022-05-23,6.724148750305176,6.732389317437035,6.575822078318515,6.666466352109631,151701326
2022-05-24,6.641745567321777,6.765350933277922,6.6252644327336245,6.757110365983846,106448920
2022-05-25,6.732389450073242,6.773591500680535,6.542860724557075,6.658225916152867,153301031
2022-05-26,6.748868942260742,6.798311553887201,6.682945984001231,6.748868942260742,111532105
2022-05-27,6.641745567321777,6.781831282002324,6.617023865439547,6.7488697986897686,160000957
2022-05-30,6.781830787658691,6.847754535342216,6.682946344928946,6.682946344928946,161825185
2022-05-31,6.888955593109131,6.905436726007951,6.781830586857811,6.798311719756631,185464171
2022-06-01,6.971359729766846,7.053763823052414,6.8971962029825695,6.905436769483861,188818733
2022-06-02,7.2762532234191895,7.292734355529063,6.971359352159216,6.987839698405457,317244687
2022-06-03,7.218571662902832,7.28449462719625,7.1196872164627045,7.276254060193643,161865543
2022-06-06,7.498744964599609,7.523465880767387,7.2432928779867245,7.251533445330569,459839593
2022-06-07,7.309215545654297,7.48226352346891,7.2597737153436785,7.48226352346891,151526907
2022-06-08,6.814793109893799,7.3751382899226705,6.814793109893799,7.342176808744502,189772559
2022-06-09,6.8971967697143555,6.921917685385834,6.740629922643335,6.798312321164699,126506877
2022-06-10,7.020802021026611,7.193849194437956,6.7900708847508735,6.798311450874358,216877641
2022-06-13,6.98784065246582,7.160888633927833,6.971360303969492,6.98784065246582,121995833
2022-06-14,6.946638584136963,7.0620033678476295,6.89719597264407,7.045523021259099,90851858
2022-06-15,7.136167049407959,7.160887962767331,6.880715777679222,6.946638737213326,131201730
2022-06-16,6.97960090637207,7.169129237286865,6.930158288906094,7.136167754264129,99752058
2022-06-17,7.498744964599609,7.498744964599609,6.971360442549907,6.971360442549907,224347353
2022-06-20,7.4575419425964355,7.5069837684935,7.325696025719394,7.482262855544968,125580397
2022-06-21,7.523465633392334,7.663552130176556,7.482263583891611,7.490504150964502,149857458
2022-06-22,7.490503787994385,7.597628797159777,7.424580826333172,7.48226322132081,141665666
2022-06-23,7.2680134773254395,7.531706119787213,7.235051995250683,7.4822635037432175,146854296
2022-06-24,7.22681188583374,7.333936108312521,7.160888138815257,7.309215194345393,101213314
2022-06-27,7.078485012054443,7.078485012054443,7.078485012054443,7.078485012054443,2192235
2022-06-28,6.84775447845459,7.111446323543295,6.814792997818501,7.045523362271119,143778340
2022-06-29,6.608784198760986,6.905437553724931,6.608784198760986,6.839514585955166,145541973
2022-06-30,6.608784198760986,6.699428082978472,6.526380096116897,6.5346202706221765,119266966
2022-07-01,6.724148750305176,6.790071715632581,6.575822078318515,6.608783953914085,71055459
2022-07-04,6.551100254058838,6.806552313987507,6.526379340473377,6.781830614538372,57735709
2022-07-05,6.427495002746582,6.666465933519268,6.411014262449564,6.5593409251227275,89695917
2022-07-06,6.518138885498047,6.53461962581424,6.378052396344481,6.493417971489679,95052100
2022-07-07,6.641745567321777,6.715908315377214,6.53462015715816,6.551100898814437,83903050
2022-07-08,6.666466236114502,6.691187151216206,6.617023620047371,6.649985102137551,19931491
2022-07-13,6.559340953826904,6.682946310129526,6.476937251981209,6.682946310129526,61904761
2022-07-14,6.518138885498047,6.600542980010857,6.443975750541099,6.5511003661304334,64265076
2022-07-18,6.814793109893799,6.831273457551033,6.617023436961086,6.617023436961086,87714847
2022-07-19,7.004321575164795,7.03728305702514,6.7406297202820395,6.790071550140698,106346801
2022-07-20,7.053764343261719,7.062004124507012,6.9219176271084875,7.0372832090436646,109726652
2022-07-21,7.070244312286377,7.144407840561163,6.987840217344683,7.070244312286377,85802698
2022-07-22,7.119687080383301,7.177369476571621,7.078485032021483,7.10320594669309,59791572
2022-07-25,7.375138282775879,7.42458089742707,7.119687000358537,7.119687000358537,117580106
2022-07-26,7.177370071411133,7.4493025129269075,7.12792745210655,7.416341028678444,120641742
2022-07-27,7.2762532234191895,7.309214701775304,7.16088765624097,7.251532311118011,90088966
2022-07-28,7.012562274932861,7.3174561843824995,6.9878405736715195,7.3009750502082715,159099532
2022-07-29,7.111446380615234,7.136167294824773,6.946638976112154,7.0290422854318475,134148977
2022-08-01,7.292734622955322,7.325696102520143,7.111446092416982,7.119686658774102,122757375
2022-08-02,7.243292808532715,7.3504178253842305,7.2268124598668075,7.2927354262579325,106381208
2022-08-03,7.3256964683532715,7.342176816026853,7.177369409972544,7.268013286836488,98269396
2022-08-04,7.506984710693359,7.5152252779983595,7.375138777268367,7.391619911878367,141220028
2022-08-05,7.72123384475708,7.927243288168519,7.4740223554906215,7.523464967689377,277626977
2022-08-08,7.647070407867432,7.803638026755263,7.564667101067646,7.762435980423536,172762080
2022-08-09,7.811878681182861,7.877802434206188,7.5729077287634805,7.647071263283936,165134505
2022-08-10,8.075571060180664,8.116773109715696,7.795398066378928,7.820118981754454,226533294
2022-08-11,8.298060417175293,8.41342599240114,8.100291533242716,8.157973927923797,339964063
2022-08-12,8.240378379821777,8.561753419545767,8.149734500554677,8.306301343991255,244899840
2022-08-15,8.421666145324707,8.512310016208422,8.207416138657397,8.331021488577342,183479528
2022-08-16,8.718320846557617,8.776003247601047,8.133253910993297,8.504070805733775,273796452
2022-08-17,9.319867134094238,9.377549524101699,8.652396222572905,8.784242134512027,481702489
2022-08-18,9.09737777709961,9.558839316066164,8.89136831585563,9.295146671286535,381002519
2022-08-19,8.734800338745117,9.196261032025998,8.693598294664847,9.105617163740302,236474360
2022-08-22,8.866646766662598,8.97377177315464,8.512310267178437,8.652396753678515,318682682
2022-08-23,9.459954261779785,9.558839496604628,8.858407000800488,8.91608939956186,497489472
2022-08-24,9.122097969055176,9.624761517583735,9.089136489304423,9.517636511927872,331114633
2022-08-25,9.871973037719727,10.020300101774433,9.122098722089792,9.212743388284881,454491050
2022-08-26,9.871973037719727,10.54768460718604,9.797810291556104,9.896694738971332,700503627
2022-08-29,9.797810554504395,10.077982770101448,9.591801087061302,9.913175353319724,251885158
2022-08-31,9.657723426818848,10.053261201417664,9.600040245292078,9.81429026613162,304096832
2022-09-01,9.764847755432129,10.094462544583267,9.476434225527148,9.674203099017832,440172559
2022-09-02,10.737213134765625,10.737213134765625,9.814290822516368,9.970858456568862,434411274
2022-09-05,11.693096160888672,11.808461737029596,10.728972647604033,11.124510418606583,499673234
2022-09-06,12.830268859863281,12.854990560774446,11.783741216399289,11.948548626488455,512307492
2022-09-07,12.929153442382812,13.234047350731826,12.253442660953308,12.830268995285596,516399862
2022-09-08,12.484171867370605,13.374132593693153,12.393527995826817,13.267008375443066,932824945
2022-09-09,13.118681907653809,13.415336020162004,12.434730592936766,12.56657651588988,988525278
2022-09-12,14.428902626037598,14.428902626037598,13.18460531118703,13.563661959454489,700107192
2022-09-13,12.986835479736328,15.772082458481904,12.986835479736328,14.791478641112656,794925474
2022-09-14,11.693096160888672,12.87971104562371,11.693096160888672,12.81378808378995,238222865
2022-09-15,10.53120231628418,12.129836005231079,10.53120231628418,11.742538039330633,245851404
2022-09-16,10.045021057128906,10.349915753535285,9.657723833010909,9.904935345464434,619918664
2022-09-19,9.113858222961426,10.15214523196621,9.113858222961426,10.102703405085048,386559482
2022-09-20,9.789569854736328,9.789569854736328,9.023214394741212,9.394031273948489,286853919
2022-09-21,9.492915153503418,9.954375848378271,9.492915153503418,9.740125847111704,173237170
2022-09-22,9.575318336486816,9.88021220254398,9.369308903810602,9.558837990521802,223342103
2022-09-23,9.295146942138672,9.665963826010358,9.270426026110894,9.575319943332667,130620157
2022-09-26,9.352829933166504,9.36106971442885,8.841925773441746,9.229223783866487,167707342
2022-09-27,9.740127563476562,10.168627641518205,9.328108620373644,9.410512723339735,216355871
2022-09-28,9.41051197052002,9.929655891603007,9.41051197052002,9.674203821534729,194449965
2022-09-29,9.278666496276855,9.665963724824826,9.031454980995681,9.50115630992529,173041320
2022-09-30,9.303386688232422,9.50939613729502,9.13857928615508,9.295146121662635,140480281
2022-10-03,10.226309776306152,10.226309776306152,9.303387462044961,9.352830079712412,174172001
2022-10-04,10.201587677001953,10.819616003902093,10.176866763967771,10.588885648567864,313101245
2022-10-05,10.193347930908203,10.316954077752367,9.921415508060251,10.300472943827657,182098868
2022-10-06,10.630087852478027,10.638328419509216,10.259270980575534,10.333434512128777,198534900
2022-10-07,10.597125053405762,10.753692664088161,10.440558228586989,10.630086531570957,162789566
2022-10-10,10.539443016052246,10.745452457949956,10.490000404216788,10.621847107156793,131196257
2022-10-11,10.761934280395508,10.902019986871391,10.498241643475497,10.59712608762161,244322831
2022-10-12,10.65480899810791,10.811375834219612,10.564164337217838,10.76193400633747,166625154
2022-10-13,10.720731735229492,10.778414128508196,10.564164116524914,10.66304855608712,200445586
2022-10-14,11.124510765075684,11.231635777857836,10.96794392231021,11.042106667285191,208453747
2022-10-17,12.23696231842041,12.23696231842041,11.206915011680097,11.206915011680097,106202500
2022-10-18,12.434731483459473,13.143403763016403,12.187519967286299,13.110442279917562,332294636
2022-10-19,12.945634841918945,13.102201689900326,12.311125311039612,12.54185647819414,372716155
2022-10-20,12.978594779968262,13.308209571145806,12.780825905261736,12.929152168359805,332866859
2022-10-21,12.813788414001465,13.102201182990637,12.789067499142671,13.003316737691746,157792867
2022-10-24,12.7396240234375,13.159883476981486,12.583057192084228,12.945633467033925,156267237
2022-10-25,12.789067268371582,13.093961165674129,12.698422605752109,12.822028749543108,227496847
2022-10-26,13.003315925598145,13.135161844429186,12.871470006767105,12.920912619260578,225597222
2022-10-27,12.550095558166504,12.97035503285681,12.500653729299234,12.937393551657395,239917551
2022-10-28,12.096875190734863,12.624258881319257,12.072153490840954,12.54185557259729,121296498
2022-10-31,12.047432899475098,12.22048087404874,11.701336950327816,12.187519392504413,239419576
2022-11-01,11.989750862121582,12.533615716814053,11.940308245393297,12.16279884187498,211681497
2022-11-02,11.907346725463867,12.129837321246754,11.857904894754602,12.014471739818918,156588495
2022-11-03,11.693096160888672,12.00623062253087,11.651894899140343,11.882625265558497,132025474
2022-11-04,12.006230354309082,12.113355361361666,11.660134419481862,11.80022090671496,174753889
2022-11-07,12.55833625793457,12.624259221031572,12.162798479352556,12.171039046205609,192680049
2022-11-08,12.533615112304688,12.846749574177737,12.344086007495138,12.599538074187047,201986838
2022-11-09,12.311124801635742,12.673701885953887,12.24520183828039,12.558336307150165,154904351
2022-11-10,12.714903831481934,12.797307142076514,12.311124701872782,12.319365268691351,188682288
2022-11-11,12.344085693359375,13.093960740949633,12.269922952526807,13.019797214253392,149972527
2022-11-14,12.550095558166504,12.550095558166504,12.278163141805413,12.393528718935212,164014762
2022-11-15,13.34117317199707,13.349413739067561,12.467692709118316,12.690182518975451,344700239
2022-11-16,13.736711502075195,14.412422311195613,13.151644576709252,13.390615530119918,407931462
2022-11-17,13.07748031616211,13.917998497221552,12.945634388612685,13.827355404360969,210950481
2022-11-18,13.39061450958252,13.497738734099123,12.887951724749124,12.896191505652455,185619645
2022-11-21,13.621345520019531,13.646065648332149,13.151643435487474,13.514219724906903,183439934
2022-11-22,13.98392105102539,14.066325146259773,13.497738618042657,13.802633298891658,250613064
2022-11-23,14.527785301208496,14.651392225006425,13.852074576277031,14.016882760189386,265039721
2022-11-24,14.17345142364502,14.725556837247792,14.049844490725675,14.626671605257805,282858724
2022-11-25,13.86031723022461,14.231134914014651,13.843836095005594,14.008644303740628,150982096
2022-11-28,14.412421226501465,14.58546998531903,13.90975765532592,13.950960489200295,189918332
2022-11-29,14.519547462463379,14.626671690325402,14.132248670954828,14.494825761390242,160236590
2022-11-30,14.264094352722168,14.733795662880635,14.264094352722168,14.585470174194349,211305964
2022-12-01,14.362979888916016,14.585470484266503,14.124008159451984,14.544267648982641,180876231
2022-12-02,13.893277168273926,14.412420266699225,13.720228420980627,14.371219007296073,132822767
2022-12-05,13.415336608886719,14.025124422236917,13.407096041874594,13.967442024879492,203224738
2022-12-06,13.374133110046387,13.670787220849665,13.258768321057277,13.481258904159736,271898082
2022-12-07,12.978594779968262,13.547181277079087,12.838508297251893,13.398854228117369,221098224
2022-12-08,13.349413871765137,13.431816399834233,12.822029361967312,12.986836775696714,195190270
2022-12-09,13.736711502075195,13.761433204260403,13.275250730044,13.390615530119918,167745783
2022-12-12,14.470104217529297,14.58547058539656,13.547182704955986,13.736711033393501,292277315
2022-12-13,14.387699127197266,14.651392541498673,14.124007284623216,14.297056038642035,254504148
2022-12-14,14.247614860534668,15.05517155816007,13.926239037486958,14.45362431840201,364856828
2022-12-15,15.24470043182373,15.376546363874278,14.577230204351903,14.676113867526068,323169448
2022-12-16,15.467190742492676,15.656719069807332,15.376546076504162,15.376546076504162,73080982
2022-12-19,16.892776489257812,16.892776489257812,15.631997970823004,15.631997970823004,314036668
2022-12-20,16.480756759643555,16.892775678634646,16.052256706678236,16.892775678634646,243242290
2022-12-21,16.43955421447754,17.634408043340425,16.282986597386397,16.662043218870156,276352314
2022-12-22,16.35715103149414,16.89277529982607,16.142901009815887,16.678525278147816,196870961
2022-12-23,16.250024795532227,16.596120733237463,16.076977612543292,16.365391155918882,158386819
2022-12-26,16.414833068847656,16.727966741859493,16.348910107596357,16.497237163343627,122519583
2022-12-27,16.175859451293945,16.645562263211964,16.118177063442747,16.480754093585233,138334048
2022-12-28,15.76384449005127,16.25826754924607,15.483673047292712,16.192344579468603,144809015
2022-12-29,16.25826644897461,16.348911115682128,15.796805691761497,15.796805691761497,126876655
2022-12-30,16.109939575195312,16.546680207925636,16.076978878009953,16.381872006816366,137204309
2023-01-02,16.497238159179688,16.695007054871674,16.208824596897742,16.233546298257043,146707509
2023-01-03,16.134660720825195,16.695006699212318,16.10170002477577,16.645564869274462,167143625
2023-01-04,16.192340850830078,16.546677321188138,15.92864903244098,16.175859719248955,200222323
2023-01-05,15.714401245117188,16.447794414527717,15.574314750448357,16.39011201761598,206043002
2023-01-06,15.409506797790527,15.747362154904259,14.437141985911081,14.915083825612994,196879074
2023-01-09,14.676112174987793,15.599035164632031,14.420660907565985,15.574313465825803,164022143
2023-01-10,14.033364295959473,15.038689845860924,14.016883162749439,14.75027630159483,183185741
2023-01-11,13.267008781433105,14.338257283625016,13.267008781433105,14.058084308271312,188456919
2023-01-12,13.720230102539062,13.819115337644273,12.583058543330349,13.604865304689227,217774043
2023-01-13,13.637825012207031,13.983920952367797,13.3988548666134,13.679027845397227,138549057
2023-01-16,14.231134414672852,14.264095112226796,13.860316743894055,13.868557311214417,208493022
2023-01-17,14.437143325805664,14.651393352691136,14.074566236328138,14.255853995203179,202278413
2023-01-18,14.305296897888184,14.774998198549659,14.091046878481173,14.461862950290413,239337946
2023-01-19,14.49482536315918,14.709075384724368,14.1734511166751,14.264094207998037,206900775
2023-01-20,15.417746543884277,15.475430510360926,14.511306217720227,14.552507479190457,286389616
2023-01-23,15.302382469177246,16.250025672804384,15.104613575772863,15.780324354503039,326720804
2023-01-24,15.088132858276367,15.58255589130106,14.849162694879722,15.335345160652462,246304599
2023-01-25,14.618431091308594,15.327104136579734,14.016883845392483,15.219978337224706,256574489
2023-01-26,14.049844741821289,14.618431299538615,14.025124612177581,14.618431299538615,322416904
2023-01-27,13.720230102539062,14.016884236127202,13.20932750772337,13.893278871041307,262508754
2023-01-30,14.033364295959473,14.31353727362055,13.744950751693377,13.769670879781057,269241577
2023-01-31,13.992162704467773,14.420662775585487,13.744951971291597,14.03336554114881,276185058
2023-02-01,12.813788414001465,14.255853830674745,12.813788414001465,14.18169030023465,296326837
2023-02-02,12.41001033782959,13.192846136330619,11.824943434259902,12.83026904309276,447082547
2023-02-03,13.604865074157715,13.629586775446986,12.426490698736009,12.459452181257971,314770649
2023-02-06,13.349413871765137,13.596624599427372,12.780827312069027,13.201086806476807,50998223
2023-02-07,12.113356590270996,13.291730215668986,12.014472139697554,13.291730215668986,118983174
2023-02-08,11.289318084716797,11.289318084716797,11.289318084716797,11.289318084716797,1161
2023-02-15,13.324691772460938,13.324691772460938,12.574817472984007,12.77258636355433,60931391
2023-02-16,13.267008781433105,14.346497850162166,13.135162074429726,14.338257283625016,249659918
2023-02-17,13.176363945007324,13.571901703135792,13.036277459204243,13.118681551746175,128084961
2023-02-20,13.176363945007324,13.473018049467344,13.019797112214057,13.234046338268476,149402175
2023-02-21,13.102200508117676,13.39061404811485,13.01979720087825,13.13516198818618,136853525
2023-02-22,13.23404598236084,13.423575861628393,13.036277108615272,13.093960286188798,154468616
2023-02-23,13.275250434875488,13.654307096255385,13.135163149865374,13.258769300451801,215424022
2023-02-24,13.151643753051758,13.40709582525418,13.126922838278528,13.275249898645335,124308416
2023-02-27,14.272334098815918,14.461862411010552,13.275249139396674,13.431815185960588,221535410
2023-02-28,14.420660972595215,14.725555639004389,14.066324480077933,14.3547380138753,220605409
2023-03-01,14.511306762695312,14.742036350357493,14.330017433272243,14.420662097983778,164320004
2023-03-02,14.618431091308594,14.890363515608168,14.511306863681012,14.536026992972598,138619655
2023-03-03,14.346498489379883,14.72555670834123,13.88503774483024,14.601949776503934,201500586
2023-03-06,15.450709342956543,15.566074136431174,14.420662053426106,14.544267413824272,281361558
2023-03-07,15.343585014343262,16.109938872405245,15.318863313737099,15.599036300363922,246126701
2023-03-08,16.423072814941406,16.727965906097857,15.236457999976196,15.310621524144477,332905012
2023-03-09,16.324190139770508,16.84333488996863,15.483672687567068,16.291229441511323,348397741
2023-03-10,16.08521842956543,16.760929182337392,16.027536034337686,16.192342653313045,253186178
2023-03-13,15.409506797790527,16.151140470193177,15.327102707139721,16.093458078255804,163246039
2023-03-14,15.285901069641113,15.796805214191254,15.244699806961915,15.425987563168778,146100209
2023-03-15,15.327103614807129,15.533113067770323,15.038690066313178,15.34358474825876,225524402
2023-03-16,15.557832717895508,15.673199076782591,15.302381444158655,15.44246793073577,118113991
2023-03-17,15.005727767944336,15.83800614477772,15.005727767944336,15.68144009249772,127543134
2023-03-20,14.956287384033203,15.277663229797888,14.807960312407586,14.981009086546653,130333216
2023-03-21,14.49482536315918,15.071652465198335,14.428902400502768,14.997488935743945,139677775
2023-03-22,14.774998664855957,14.783239231831,14.44538384449136,14.577229772637198,109092283
2023-03-23,15.088132858276367,15.104613992780273,14.692595060547612,14.700835627799565,96769594
2023-03-24,14.832681655883789,15.203499325971887,14.816200521273762,15.137576359259281,77000819
2023-03-27,15.121095657348633,15.368306396663113,14.816200945248392,14.956287449987279,83545407
2023-03-28,14.651392936706543,15.178776636080332,14.651392936706543,15.121094240427249,90296917
2023-03-29,15.368306159973145,15.425988560142978,14.610191246896369,14.626672381724184,130594787
2023-03-30,15.168481826782227,15.668041889714138,15.08673538267627,15.42280255739627,126043080
2023-03-31,15.38647174835205,15.42280253878305,14.714335667293183,14.977739528315556,127234782
2023-04-03,15.459136009216309,15.531799326962267,14.941409653722591,15.27747684863634,108137441
2023-04-04,15.76795482635498,15.795202486502921,15.377388861553825,15.450052175998454,97667386
2023-04-05,15.313807487487793,15.858781437241717,15.313807487487793,15.767953600569355,76794780
2023-04-06,15.123066902160645,15.459135825510938,15.095819241098546,15.331973721644005,54862684
2023-04-07,15.286559104919434,15.4773013858535,15.123066216241678,15.141232477745884,53132052
2023-04-10,15.686208724975586,15.79520283281722,15.35013980553198,15.35013980553198,75144923
2023-04-11,16.2130184173584,16.258432340831366,15.649876411170885,15.713456597005091,128299318
2023-04-12,16.612667083740234,16.794324505213552,16.113105276720916,16.222101115548977,153241733
2023-04-13,16.2130184173584,16.776158691115782,16.2130184173584,16.658081450627986,104560616
2023-04-14,15.958694458007812,16.503670151170983,15.922363669092919,16.24026456871063,87584827
2023-04-17,16.240264892578125,16.34926072635637,16.013191826934285,16.013191826934285,84508902
2023-04-18,16.322010040283203,16.539999958120607,16.203932817782476,16.2493467343374,72120261
2023-04-19,16.785240173339844,17.30296647276361,16.049523944286594,16.385592835234107,150043262
2023-04-20,16.076772689819336,16.485503141806674,15.99502625293589,16.349259657810894,65554354
2023-04-24,16.05860710144043,16.322010950522152,16.02227458022642,16.167601200222535,82019300
2023-04-25,15.668041229248047,16.140353612521615,15.622627309961345,16.076773432548244,79061956
2023-04-26,15.313807487487793,15.84970003951843,15.241144178691941,15.549963674181798,92463897
2023-04-27,15.440969467163086,15.540882176916485,15.132149939225414,15.413720073840308,126344468
2023-04-28,14.578091621398926,15.513633371790435,14.505429168428378,15.477302578412708,90224420
2023-05-02,14.232939720153809,14.841495600942645,14.169359539425571,14.614422536953228,85726980
2023-05-03,14.096696853637695,14.450930294798942,13.760627941754667,14.278355139645392,80014182
2023-05-04,14.114861488342285,14.396432466138862,13.887788426518108,14.078529833099017,58501546
2023-05-05,13.842373847961426,14.278354583616943,13.715213485815443,14.096696304683395,51255066
2023-05-08,14.977739334106445,15.104899697611176,13.851457126468782,13.987700620570996,93315379
2023-05-09,15.177563667297363,15.786119584245002,14.850579613776462,14.895993536300724,185607539
2023-05-10,15.268393516540527,15.613545570616685,15.12306688296008,15.168482538722799,129060499
2023-05-11,16.79432487487793,16.79432487487793,15.268393492277925,15.268393492277925,169163877
2023-05-12,17.520957946777344,17.947854671166283,17.10314262014928,17.466459165632415,220433901
2023-05-15,15.777037620544434,15.777037620544434,15.777037620544434,15.777037620544434,14298113
2023-05-16,14.323769569396973,14.678003001697194,14.205691469891894,14.205691469891894,370159232
2023-05-17,14.151193618774414,14.678003070599262,14.005866992921355,14.432764606025978,198445636
2023-05-18,13.606218338012695,14.296520698967383,13.59713607326951,14.178442595155525,169696694
2023-05-22,13.115739822387695,13.842373801920019,13.061242771996396,13.806042146254153,105634934
2023-05-23,13.079408645629883,13.342813375405838,13.052160119436516,13.133906564231644,109768860
2023-05-24,12.67067813873291,13.270150952533056,12.67067813873291,13.106658918178981,97671946
2023-05-25,12.988579750061035,13.161154901765268,12.725175024060878,12.743340419191052,106923387
2023-05-26,13.179320335388184,14.287436221399547,12.843252317543921,13.070325372807474,153944978
2023-05-29,13.524473190307617,13.769711670512915,12.86141933481982,13.251985316356674,166918671
2023-05-30,14.868745803833008,14.868745803833008,14.042199078177976,14.114862393323358,249191432
2023-05-31,14.351017951965332,15.232061691047347,14.351017951965332,14.805163217988376,296285144
2023-06-01,14.841496467590332,15.104900336335547,14.523593812955685,14.532676943937258,150579046
2023-06-02,15.940529823303223,16.15852150874808,15.568130103682657,15.895115899419798,233504521
2023-06-05,16.50366973876953,16.639913225548316,15.85878136045273,16.55816678699506,292462724
2023-06-06,16.385595321655273,16.540003362697153,16.14035596394719,16.36742905832203,218038927
2023-06-07,16.703493118286133,17.112225304063895,16.294762664938272,16.576332763790784,307507749
2023-06-08,16.939651489257812,17.230304755631355,16.567251775162948,16.694412146093843,232563259
2023-06-09,16.767074584960938,17.11222662003402,16.648997351339116,17.03956330724443,145465679
2023-06-12,16.42192268371582,16.99414599967667,16.41283955394757,16.903318166853897,130389545
2023-06-13,16.376508712768555,16.757991499615354,16.113103147656066,16.42192262902871,192891246
2023-06-14,16.685331344604492,17.18489144751072,16.3220130162034,16.44009199266281,277300427
2023-06-15,17.466459274291992,17.466459274291992,16.812489488353975,16.93056671670933,245301528
2023-06-16,17.157642364501953,17.629954814050024,17.07589591237132,17.484628173024497,236543483
2023-06-19,16.812490463256836,17.348383051914205,16.621748181862323,17.248470345829933,221616790
2023-06-20,17.293886184692383,17.466460473954807,16.703494805075433,16.81249064309966,214513795
2023-06-21,17.53912353515625,17.61178684864615,17.19397322918674,17.457377090926357,171878858
2023-06-22,17.430130004882812,17.75711406013565,16.894237400593592,17.530040981451407,439656074
2023-06-23,17.97510528564453,18.293006201819097,17.65720263703991,17.65720263703991,255233189
2023-06-26,18.54732894897461,18.874314733356343,18.383836056783743,18.656324787911885,168986593
2023-06-27,18.347505569458008,18.565495518514744,18.274842253105763,18.420168885810252,46844272
2023-07-03,18.801651000976562,18.8561480530208,18.383835648823947,18.565494798878138,137561972
2023-07-04,19.164968490600586,19.41928923399469,18.91064601477635,19.074138911204063,194345235
2023-07-05,18.946977615356445,19.237630869304418,18.365669375030453,19.237630869304418,166031493
2023-07-06,18.58365821838379,19.201297212775223,18.56549369040694,19.074136854787557,160266708
2023-07-07,18.402002334594727,18.856148487771012,18.365669810774182,18.529162703106458,110111389
2023-07-10,18.619993209838867,18.692656528677617,18.438334046526908,18.67449026586039,104255266
2023-07-11,19.87343406677246,20.127756525553835,18.583658976577677,19.001474320830642,286280268
2023-07-12,20.981552124023438,21.381201214390277,19.800771114400963,19.87343442788311,288852811
2023-07-13,22.19866371154785,22.271327024334013,21.072381497147326,21.199541861415604,217836768
2023-07-14,22.489316940307617,22.90713055530467,21.85351165473903,22.434819888879748,164042058
2023-07-17,22.99795913696289,23.615598134594936,22.144163950093304,22.67097337764476,126449786
2023-07-18,21.363035202026367,23.70642925468951,21.308536416956713,23.161453531003417,165510629
2023-07-19,22.725473403930664,22.725473403930664,21.41753202744608,21.43569828894324,125852786
2023-07-20,22.4348201751709,23.23411662522293,22.30765807697645,23.125120788546266,226861507
2023-07-21,21.76268196105957,22.452984294259846,21.708184909931397,22.307657669631368,90736785
2023-07-24,22.52564811706543,22.707307268182916,21.58102503557265,21.83534750065112,126252650
2023-07-25,22.61647605895996,23.215948788943653,22.216826994827525,22.70730562795778,186966200
2023-07-26,22.707307815551758,22.816303655335652,21.78084924089402,22.525648660055303,107395637
2023-07-27,24.015249252319336,24.069746306045047,22.561981204336256,22.94346404527644,219030092
2023-07-28,25.940826416015625,26.358641755762424,24.74188091206133,24.978037107147784,174829574
2023-07-31,25.377687454223633,26.576633018096704,25.068867932325407,26.249647234338564,196816660
2023-08-01,24.578388214111328,25.4503496896691,24.56022368545201,25.1960272317085,114947143
2023-08-02,25.468517303466797,25.94082798986515,24.160575886876508,24.578389519542377,202487390
2023-08-03,24.778213500976562,25.958992747172168,24.705550189401908,25.39585078314611,141295444
2023-08-04,25.70467185974121,25.81366769997249,24.705551697699974,24.92354164573243,131007707
2023-08-07,25.541181564331055,25.940828949730523,25.250526557999397,25.86816563125515,85319620
2023-08-08,25.577510833740234,26.24964692270685,25.268691315508267,25.559344572095988,140526936
2023-08-09,28.1207275390625,28.1207275390625,25.468515802898256,25.650173215446905,209195026
2023-08-10,27.84823989868164,30.53678409354504,27.24876715976129,28.520375947397493,355991785
2023-08-11,28.048063278198242,28.61120522262706,26.921781121770547,27.866405871798257,237474548
2023-08-14,27.430429458618164,29.301509468168188,27.285102822295244,28.338721801851477,160804218
2023-08-15,27.575756072998047,28.611208789082426,26.394974988276232,27.5212572850977,236386137
2023-08-16,27.048946380615234,27.830076611258797,26.994447593123944,27.593920396086975,130979033
2023-08-17,27.394094467163086,27.666581452630318,27.06710869865841,27.06710869865841,127804074
2023-08-18,26.03165626525879,27.73924669945463,25.395850984614164,27.521255030571318,121799926
2023-08-21,25.741003036499023,26.30414327299668,24.28773505992666,24.7055504044401,274594788
2023-08-22,24.978038787841797,26.213316896818153,24.63288846867905,26.140653580550726,141221085
2023-08-23,25.12336540222168,25.75917071842479,24.814545875200753,25.06886834816802,145323141
2023-08-24,27.630252838134766,27.630252838134766,25.232361633481144,25.250526163493564,403019400
2023-08-25,27.194271087646484,28.429547398554988,26.758289480778167,28.338719557369526,211337363
2023-08-28,27.067110061645508,28.04806568412639,26.994446746366556,27.593919530525422,172239520
2023-08-29,27.430429458618164,28.029902266557738,27.06711113538071,27.17610697883798,146569122
2023-08-31,26.14065170288086,27.757410806807627,26.14065170288086,27.612084184711513,114195329
2023-09-01,26.685626983642578,26.812789083561185,25.940827575615334,26.322310410511005,102033286
2023-09-04,27.448593139648438,28.011735137300228,26.81278955851331,27.139773613908766,132517471
2023-09-05,28.66570281982422,28.75653239097721,27.339596971252433,27.466757331408637,149713182
2023-09-06,28.520376205444336,29.428670184751073,28.120727131738168,28.829195707976833,126874355
2023-09-07,29.62849235534668,29.90097933857494,28.629372261889745,28.665703051186185,95659012
2023-09-08,29.337841033935547,30.300632133623363,29.283345712634485,29.791987190698823,97988515
2023-09-11,27.81191062927246,29.828318885569793,27.448592328018123,29.719324781137534,102977206
2023-09-12,26.90361976623535,27.902739950323735,26.849120978702054,27.830076632709485,139885024
2023-09-13,26.467636108398438,27.448591687550042,26.267812433315154,26.9399485030644,135099115
2023-09-14,26.158817291259766,26.48580307044028,25.577510779321123,26.394973494842354,121968127
2023-09-15,25.831832885742188,26.958115103195894,25.831832885742188,26.28597902499433,122175476
2023-09-18,25.92266273498535,26.322310094415823,25.6138432184245,25.83183315968568,92781296
2023-09-19,26.322311401367188,26.322311401367188,25.45035159302805,25.99532733945508,90146602
2023-09-20,26.885452270507812,27.41226173215428,26.140652866017643,26.39497359978693,132231768
2023-09-21,28.338720321655273,28.46588068868841,26.830955249236403,27.19427182106684,237909804
2023-09-22,27.97540283203125,28.77470104576364,27.97540283203125,28.338721146871492,110847853
2023-09-25,29.265178680419922,29.610327255777516,28.011734350578852,28.1025639260272,132338628
2023-09-26,28.774700164794922,29.501333307368505,28.574874751264637,29.319674155510075,108955425
2023-09-27,28.66570281982422,29.083518154155996,28.46587914923161,28.792864912410398,85927349
2023-09-28,29.1016845703125,29.51949817444596,28.556708872913656,28.683869233749057,134636143
2023-09-29,30.39145851135254,31.081762576617926,29.501332502866152,29.555831286395534,152427587
2023-10-02,31.317916870117188,31.97188840943644,30.118971357938573,30.4096246054449,130396219
2023-10-03,30.791109085083008,31.88105702820877,30.427790794134413,31.554074724187046,86596571
2023-10-04,30.373292922973633,31.245256154458417,30.35512666139477,30.79111000956722,94829167
2023-10-05,31.063596725463867,31.463244082041033,29.46500036943504,30.66394590402662,142533300
2023-10-06,30.573118209838867,31.118092195524657,30.536785686830456,30.772943621525037,97807776
2023-10-09,29.3015079498291,30.318797816236142,29.210680106156396,30.13713866403059,96530249
2023-10-10,30.100805282592773,30.300630690808863,29.465000000427064,29.682991669831893,71195544
2023-10-11,30.264299392700195,30.84560591481503,30.064473976400652,30.22796686885297,82944842
2023-10-12,29.90097999572754,31.190756826482158,29.337839756031325,30.59128406426101,109831125
2023-10-13,28.702035903930664,29.973644727711196,28.574873808851603,29.93731220556575,80078086
2023-10-16,28.738367080688477,29.301507322087108,28.157060577972462,29.24701200299502,69413122
2023-10-17,29.265178680419922,29.265178680419922,28.41138344309355,28.829197064753867,75348848
2023-10-18,28.429548263549805,29.247012718531234,28.12072874331906,28.702036992686974,73193188
2023-10-19,28.08439826965332,28.99269057884983,27.793745007899254,28.411384055341696,71152845
2023-10-20,27.176105499267578,28.084397793050012,26.939949294992537,27.793744536228445,55618251
2023-10-23,27.70291519165039,27.811911030083497,26.976282043529952,27.666582668029328,63744257
2023-10-24,28.756534576416016,29.61032810582281,27.72108189089751,27.90273931457912,136151710
2023-10-25,26.885452270507812,29.119852216408397,26.885452270507812,28.756533912572156,72076721
2023-10-26,27.97540283203125,28.029901618715357,26.376809869426708,27.26693592943904,163455750
2023-10-27,28.08439826965332,28.55671068621873,27.37592964480521,28.102564531620473,102420863
2023-10-30,27.448593139648438,28.411384241039237,27.35776529407921,28.011735137300228,74818809
2023-10-31,26.758289337158203,27.920904061850234,26.703792286253424,27.593918291561536,71662383
2023-11-01,26.9399471282959,27.194269573775436,25.63200584536245,26.976279648691513,76396792
2023-11-02,27.266935348510742,27.575754870087405,26.70379335845033,27.048945403708995,71274321
2023-11-03,27.248769760131836,27.412262655881445,26.794623597462973,27.339599339151633,69920777
2023-11-06,27.75741195678711,27.993568160584655,27.52125575298956,27.630251590292296,61670311
2023-11-07,27.466758728027344,27.79374450783257,27.230602523993575,27.702914932061113,43948310
2023-11-08,27.067110061645508,27.811911208792367,26.794623062456964,27.702915369658896,57965690
2023-11-09,26.667461395263672,27.19427083849079,26.540299300395056,26.849118808400263,89006270
2023-11-10,26.322311401367188,26.93995046515581,26.285980608901458,26.68562798817516,63145074
2023-11-13,25.43218231201172,26.340474537440706,25.37768526356636,26.267811228703586,51651875
2023-11-14,25.940826416015625,25.99532519887173,24.996203368099817,25.50484654774679,78797982
2023-11-15,25.97715950012207,26.467636429431998,25.686506248319144,26.03165655172761,69086402
2023-11-16,27.230602264404297,27.26693478733855,26.013490464987637,26.031656726454763,71393794
2023-11-17,27.321430206298828,27.59391718229889,26.958113660822104,27.139771067345496,62257814
2023-11-20,27.648418426513672,27.920905426788348,27.285101848670738,27.72108174208226,63548276
2023-11-21,28.102563858032227,28.33872006065452,27.57575440062251,27.866407655409933,74887016
2023-11-22,28.048063278198242,28.28421946570517,27.539420114876368,28.066229538567224,86465262
2023-11-23,28.574874877929688,29.428671855990924,28.048065414121112,28.13889499045295,158470522
2023-11-24,28.938194274902344,29.33784165395035,28.011735679742614,28.556711425861877,101221429
2023-11-27,31.1544246673584,31.19075719030713,29.71932465948442,29.882817547893623,138309694
2023-11-28,30.70027732849121,31.42691043484379,30.445956607482795,31.11809093153645,111758315
2023-11-29,30.80927276611328,30.936436596999503,30.30063130200884,30.736611184752693,97004716
2023-11-30,30.55495262145996,31.463244927519344,30.427792252989278,30.86377214411456,101146410
2023-12-01,31.663070678710938,32.117216836547044,31.2815861044013,31.499577784701124,103259731
2023-12-04,32.898345947265625,32.91651220779675,31.42691002798374,31.808394569417533,91585452
2023-12-05,33.2071647644043,33.24349381986033,32.58952577847379,32.80751397064936,90056364
2023-12-06,33.15266799926758,34.47877388767187,33.08000295421855,33.15266799926758,127874886
2023-12-07,32.58952713012695,33.13450109802855,31.499575729463782,33.02550699742022,89041192
2023-12-08,31.75389862060547,32.75302224979017,31.44507909374623,32.66219093903144,76565251
2023-12-11,31.699399948120117,32.189875114929066,31.28158289251714,31.772061524185943,89978519
2023-12-12,33.824806213378906,34.13362572883168,31.517742978223474,31.699402128171005,170723368
2023-12-13,33.406986236572266,35.06007777473139,33.33432466180055,33.7158057252866,161077643
2023-12-14,34.82392883300781,35.40523538255359,33.6431494711354,33.970135271469985,150445210
2023-12-15,35.514225006103516,36.277190622174125,34.75125939003291,34.860256952942926,111997233
2023-12-18,35.786720275878906,36.095539816061596,34.98742203101895,34.98742203101895,96768505
2023-12-19,35.31440353393555,35.877543756921376,34.42427754764829,35.76854965744088,99601214
2023-12-20,36.27719497680664,36.33169376480356,35.20540973355611,35.314407309549956,95516726
2023-12-21,35.514225006103516,36.985660921649625,35.44156342902341,36.277190622174125,129392092
2023-12-22,35.5687255859375,36.13186583000573,35.38706643676256,35.5687255859375,92069386
2023-12-25,34.55143737792969,35.441563350564905,33.67947766573926,35.441563350564905,51310128
2023-12-26,34.224456787109375,34.96925625350162,33.57048517179505,34.860262139236035,84349028
2023-12-27,32.58952713012695,34.22445249869172,32.5350283473928,34.15178745504618,117038330
2023-12-28,32.73485565185547,33.152669282479174,32.68035686595926,32.69852312792466,84474308
2023-12-29,33.17083740234375,33.47965694333221,32.7530237483183,32.771190011301194,86945109
2024-01-02,33.18899917602539,33.86113349117455,32.89834593733496,33.51598493576711,79522318
2024-01-03,32.09904861450195,33.388821960870814,32.026383570552156,33.18900001972888,72162968
2024-01-04,32.971012115478516,33.13450501816379,31.663072358856663,32.153551066912506,81318741
2024-01-05,33.406986236572266,33.497817536111654,32.571359069968665,33.0436714329941,71031470
2024-01-08,36.73133850097656,36.73133850097656,33.95196634583918,33.970132607195254,157542084
2024-01-09,36.18636703491211,37.98478545584346,35.80488244963923,36.949332740597555,154543709
2024-01-10,37.00382995605469,37.23998443034278,36.00470634364159,36.18636549724944,106339128
2024-01-11,37.348976135253906,37.74862694046812,36.80400217432899,37.22181577536209,140335176
2024-01-12,39.292724609375,40.20101693794443,36.47701977675388,37.00383099045707,224445913
2024-01-15,39.220062255859375,39.51071551811416,38.65692199334826,39.220062255859375,131860495
2024-01-16,37.966617584228516,39.60154303716464,37.53063769443623,39.22006193291895,96953620
2024-01-17,38.14827346801758,38.402594182382536,37.8031214521938,37.912119013944384,79328967
2024-01-18,37.258148193359375,39.329053396960944,37.258148193359375,39.05656641725441,86320667
2024-01-19,37.16731643676758,37.63962881276455,36.56784370278294,37.4398068780096,90860380
2024-01-22,36.38618850708008,36.876663685075954,36.131864322899325,36.840334628644364,82754095
2024-01-23,34.66043472290039,37.09465841279377,34.33344893398035,36.84033767246051,134993560
2024-01-24,36.695011138916016,37.13099103702949,34.533274445684036,34.87842649767978,126878011
2024-01-25,36.64051055908203,37.60330161916633,36.15003189838663,36.894831287652956,112890666
2024-01-26,36.622344970703125,37.00382953542926,36.25902666761729,36.73133907568482,95380217
2024-01-29,36.02287292480469,36.822171128848325,35.85938003159439,36.73133981880916,70494073
2024-01-30,36.02287292480469,36.49518534242774,35.87754629360222,36.204532080022815,77863803
2024-01-31,35.913875579833984,36.49518205223666,35.6595513995129,36.09553471867479,85127823
2024-02-01,36.40435791015625,36.89483313049003,35.986540808957514,36.02287333338527,98906685
2024-02-02,35.659549713134766,36.767667289285725,35.459727788233565,36.34985371511264,115940161
2024-02-05,36.531517028808594,36.76767149977521,36.07737088360654,36.349857877755746,106046445
2024-02-06,37.27631759643555,37.3489791802148,36.47701938570244,36.71317386406029,108159145
2024-02-07,36.73133850097656,37.803123666964204,36.62234439770021,37.42164257306695,79274041
2024-02-08,36.67684555053711,37.11282545666028,36.604180500419766,36.78583966085283,50325890
2024-02-09,36.56784439086914,36.96749519761894,36.168197048979295,36.749503533495414,75056048
2024-02-12,37.385311126708984,37.42164365046717,36.64051171396707,37.14915665200113,89795098
2024-02-13,36.80400466918945,38.057449022116856,36.78583840727918,37.65779818981121,116086386
2024-02-14,37.239986419677734,37.31265147094666,36.331694067978276,36.876668093053816,73043847
2024-02-15,38.021114349365234,38.65691962084873,37.203649933906455,37.421641599648794,92683548
2024-02-16,37.67596435546875,38.25727087567167,37.54880398728188,38.16644303121253,67801461
2024-02-19,37.730464935302734,39.38355673006383,37.621467358936265,37.93028689558726,125687225
2024-02-20,39.147396087646484,39.58337943341301,37.89395522936304,37.93028428746017,134595715
2024-02-21,39.51071548461914,40.41900779461039,38.94757522258543,39.25639474657685,125634447
2024-02-22,38.457096099853516,40.291846960647206,37.98478368832503,39.78320202557188,134406613
2024-02-23,38.96574020385742,39.129233091471036,38.05744792371958,38.4570952796306,89110168
2024-02-26,37.83945846557617,39.074736593205664,37.71229809329554,39.00207154341086,75850862
2024-02-27,37.78495788574219,38.51159448977809,37.60330219959332,38.00294955992498,94955982
2024-02-28,36.749507904052734,37.83945942457654,36.60418126564025,37.78496063584922,65362068
2024-02-29,37.76679611206055,37.912122743832384,36.804005011034505,36.87666659449032,84001060
2024-03-01,36.60417938232422,37.85762373967884,36.45885275138892,37.76679589466685,56995283
2024-03-04,35.441566467285156,37.02199315150504,35.441566467285156,36.713173626505956,54636962
2024-03-05,35.76854705810547,36.440681331727134,35.20540341118389,35.53238915072295,62977964
2024-03-06,35.15091323852539,35.95021144486421,34.51510792586634,35.65955471676447,68429866
2024-03-07,37.203651428222656,37.27631647467542,35.3325715252457,35.350734321998765,68053257
2024-03-08,38.00294876098633,38.27543574934122,36.931163603911706,37.2763156370866,91797736
2024-03-11,38.87490463256836,40.32817420028942,38.76591054106868,40.32817420028942,111987258
2024-03-12,39.76503372192383,40.49167029610836,38.72958110802883,38.856741469053134,80572409
2024-03-13,37.966617584228516,39.910362558875036,37.53063769443623,39.89219629702617,90998988
2024-03-14,36.84033966064453,38.27543979907998,36.64051423110703,38.075614369542485,60599320
2024-03-15,36.07737350463867,37.09465997363661,36.07737350463867,36.876668283564015,48651930
2024-03-18,36.4588508605957,36.9493295138882,36.131865091734035,36.2045301358633,50299825
2024-03-19,38.43893051147461,38.63875592962274,36.42252046248227,36.458852986665605,68129871
2024-03-20,38.72957992553711,39.45621301267611,38.03927935897003,38.32993259382563,83857926
2024-03-21,40.90948486328125,41.872272456463925,38.820413325504056,39.0747340535357,197399494
2024-03-22,41.61795425415039,42.12659920594247,40.89132108363333,41.07298024247766,88011898
2024-03-25,41.78144454956055,44.12484027656002,40.98214637932118,41.61795166326476,131880682
2024-03-26,41.96863555908203,42.916436749598425,41.41891274868132,41.98759201676131,113101313
2024-03-27,42.082374572753906,42.802701891274,41.55160460108277,42.177153246178385,68362428
2024-03-28,44.338138580322266,44.88786500685489,42.29088815135437,42.34775752444987,82871023
2024-03-29,44.338138580322266,45.210117556580144,43.80737222706276,44.54665599943114,64583949
2024-04-01,45.30489730834961,46.21478560609716,43.409294880254855,44.75517448430097,82619229
2024-04-02,46.72659683227539,47.21945387321944,45.05846836841242,45.47549958048454,116052968
2024-04-03,46.66973114013672,47.219453937913364,45.721929971386025,46.72659689629406,65659675
2024-04-04,49.6647834777832,49.806951486009694,46.309566419364025,46.72659763863281,95493303
2024-04-05,52.74513626098633,52.83991493122509,49.42783218458654,51.1812628930252,83579094
2024-04-08,52.60296630859375,53.59815683996573,52.12906571121903,52.887305943903655,57245712
2024-04-15,55.35158920288086,56.20460807773112,53.5981548871354,53.69293717250176,76419250
2024-04-16,52.934696197509766,55.77809983101413,52.602967219830795,55.35159217844823,71099679
2024-04-17,53.1242561340332,55.58854140469082,53.1242561340332,53.550767393913816,83747735
2024-04-18,55.49375915527344,55.825491742337015,53.50337809519047,53.59815676830885,68368051
2024-04-19,59.23757553100586,59.284964868315726,54.02466888427734,55.16203105758759,75560278
2024-04-22,56.72590255737305,59.99581754635985,56.678513218663774,59.66408855982016,76153685
2024-04-24,57.152408599853516,57.95804174638762,56.915458312444855,57.105019265486675,81096038
2024-04-25,54.45117950439453,57.673701405656374,54.45117950439453,57.29458309610626,81800041
2024-04-26,55.96765899658203,56.82068150543214,54.68812884888145,54.78290752072054,82044128
2024-04-29,57.199798583984375,57.24719153446404,56.01504713348284,56.44155837877829,62512628
2024-04-30,56.34678268432617,58.14760281483504,56.34678268432617,57.15241226697821,73215496
2024-05-02,55.11463928222656,57.24719190700717,55.01985699622493,56.8680699941497,72988852
2024-05-03,56.91545867919922,56.96284801387143,54.830295413451665,55.49375694558604,79154559
2024-05-06,57.10502243041992,57.484144357515646,56.109831891261976,56.86807212987876,42522188
2024-05-07,58.384552001953125,59.19018518478743,56.67851057885491,57.105021838523115,90335355
2024-05-08,56.86806869506836,59.04801060526442,55.920267550150555,58.384549080707075,93629377
2024-05-09,56.29939270019531,57.578922873373756,56.29939270019531,57.34197257348333,73846599
2024-05-10,54.78290557861328,56.77329015684426,54.78290557861328,56.63111853855118,82417543
2024-05-13,53.076866149902344,55.209418807710925,52.93469452648528,55.114640135815925,97974456
2024-05-14,54.498565673828125,54.9250769109121,53.40859291412179,54.545955007820915,109276197
2024-05-15,54.21422576904297,55.63592747479284,53.0768636813282,54.30900443652987,84317874
2024-05-16,56.062442779541016,56.062442779541016,53.83510777615933,54.30900837914591,90178002
2024-05-17,59.616695404052734,59.75886341107801,55.92026937220273,56.251998337502926,109988406
2024-05-20,61.1331787109375,61.84402962618096,59.14279759448571,59.61669820464801,78966570
2024-05-21,63.834407806396484,67.05693325350128,61.08578294765565,61.227954570394665,237249387
2024-05-22,62.79182815551758,64.9243808098559,60.80144712436496,63.69223638377855,128164280
2024-05-23,63.076171875,65.30350321778548,62.64965700224372,62.791828626495814,88163245
2024-05-24,63.028778076171875,64.26092249493261,62.36532014677707,63.0761710273354,57836631
2024-05-27,64.45048522949219,64.45048522949219,61.986203416947426,63.218340707644956,48715024
2024-05-28,66.15652465820312,66.25130332911621,63.83440744951265,64.45047965717131,60706165
2024-05-29,62.55487823486328,66.15652563175448,62.55487823486328,66.15652563175448,59905929
2024-05-30,62.27053451538086,63.83440790564321,61.41751923991879,62.93399967881141,72102523
2024-05-31,62.93400192260742,65.20872627762203,60.46971660207915,62.36532264164112,125307179
2024-06-03,63.3131217956543,63.88180105813579,61.227954858356604,62.981385597320035,64050347
2024-06-04,60.18537521362305,63.881801279272246,60.18537521362305,63.31312201482218,57120992
2024-06-05,59.09540557861328,61.654473252781386,58.85845526977269,60.70667201741903,79136641
2024-06-06,57.958045959472656,59.664087429715636,57.626313363641565,59.37974778727092,58237476
2024-06-07,56.204612731933594,58.24238684137353,56.06244471547312,58.14760454815843,56386822
2024-06-10,56.34678268432617,57.19980160438573,55.16203117126454,55.920271416509046,61061868
2024-06-11,57.43674850463867,58.384549658943435,56.10982905795669,56.29939001193254,83153037
2024-06-12,58.9532356262207,59.616697192296634,57.05763321776072,57.48414448277914,56287276
2024-06-13,58.289772033691406,60.65927496189025,58.289772033691406,59.75886312605978,73408060
2024-06-14,57.91065216064453,59.80625457003485,57.53153384811126,59.42713625750159,77088933
2024-06-20,60.4697151184082,60.4697151184082,58.33716244374634,58.71628436547162,73779357
2024-06-21,62.55487823486328,63.12355749985948,60.04320364738515,60.422325567765675,78091355
2024-06-24,63.64485168457031,63.64485168457031,61.79663501580237,62.46010019093032,48584363
2024-06-25,61.796634674072266,64.49787384955323,61.796634674072266,63.78702295730018,72232460
2024-06-26,61.41752243041992,62.08098039716648,60.94362181670109,61.749251413793196,44844351
2024-06-27,63.36050796508789,63.8344085590394,61.749248838112415,61.749248838112415,67130054
2024-06-28,60.706668853759766,64.5926522700019,60.61188656581813,63.78702270815829,93609366
2024-07-01,58.716285705566406,61.4175213244671,57.67370220481406,61.322735418510554,60193096
2024-07-02,59.4271354675293,59.4271354675293,58.00543367938541,59.000624207971214,53669684
2024-07-03,62.79182815551758,62.839221106962526,59.42713469067645,59.7588636573437,83985701
2024-07-04,63.73963165283203,64.73482582016872,62.17575820322411,62.74443748549534,63807973
2024-07-05,63.26572799682617,64.54525812806027,62.50748416957313,63.92918592231079,40181508
2024-07-08,64.1661376953125,64.92438154006491,63.12355783213984,63.55007270649403,48655310
2024-07-09,61.22795486450195,64.35570165518786,61.13317619260372,64.30830870366415,52290314
2024-07-10,60.65927505493164,61.512297556621434,59.28496263135344,61.32273298338532,68851483
2024-07-11,63.21833801269531,63.83441024735624,61.22795691168643,61.60707884310464,72253346
2024-07-12,63.21833801269531,64.35570380694996,62.64965873114269,63.21833801269531,61965944
2024-07-16,64.73482513427734,65.58784043307143,63.265730375422045,63.64485230330238,68267334
2024-07-17,64.30831146240234,64.92438370289327,62.83922390708494,64.82960502692916,71919040
2024-07-18,64.6400375366211,65.540452995657,63.787022260159574,64.73482343947161,68522741
2024-07-19,65.16133117675781,66.0143536856652,64.02397265231406,64.45048029119319,64526495
2024-07-22,65.68263244628906,66.86738406161787,64.21353755082134,65.30351048315384,60858236
2024-07-23,65.68263244628906,66.91476978754102,63.21834330148515,65.68263244628906,79986526
2024-07-24,63.97658157348633,65.68262664123904,63.97658157348633,65.58784073546994,46627121
2024-07-25,62.12836837768555,64.59264992553032,61.65446780190198,63.929184780743974,57750429
2024-07-26,62.223148345947266,63.02877789537259,61.55968318730653,62.31792701685335,50467104
2024-07-29,61.27534866333008,63.21833677313327,61.133177037942225,61.32273438435987,48235005
2024-07-30,59.47452163696289,61.60707420561893,59.23757135155666,61.133173634806475,58543749
2024-07-31,58.66889572143555,60.23276553196297,58.242384458355474,59.42713595825866,66376579
2024-08-01,59.90103530883789,61.46490508674699,59.5693027264393,59.61669567790665,60901951
2024-08-02,57.05763244628906,59.09540283848623,56.583731850581636,58.763673867720875,51224390
2024-08-05,53.92988967895508,55.398980814552345,51.79733698082447,53.076867153472975,78640333
2024-08-06,52.74513626098633,55.87287938133407,52.74513626098633,55.54114680434939,66017767
2024-08-07,52.79252624511719,54.02466705124111,52.08167536286402,53.361205504689906,53241220
2024-08-08,52.934696197509766,53.692940058904014,52.41340625448223,52.697745894717734,54436167
2024-08-09,50.186073303222656,54.02466736668822,50.091291015690736,53.455988103795015,69362597
2024-08-12,51.370826721191406,52.03428829668003,50.28085387463333,50.612586470165,53996642
2024-08-13,52.83991622924805,52.83991622924805,50.707363556318754,51.418214447295185,42431039
2024-08-14,53.26642990112305,53.92989148588579,52.55557897792899,53.076868931823014,43279756
2024-08-15,55.30419921875,55.54114952151341,53.313818121767234,54.02466903005746,59873682
2024-08-16,53.88249969482422,55.87288449207086,53.8351103553701,55.493762545288206,38230994
2024-08-19,57.10502243041992,57.24719405697448,53.5507679223025,54.11944719737143,62201951
2024-08-20,56.773292541503906,57.673700776598665,56.06244165132936,56.82068187773396,53769284
2024-08-21,56.062442779541016,57.48414458850072,56.01504982678262,56.678511394078754,44932974
2024-08-22,56.44156265258789,58.100214808884786,55.54115075891177,56.44156265258789,77072601
2024-08-23,55.0672492980957,56.773294382290175,54.35639838487291,56.39417244900814,45431014
2024-08-26,55.44636917114258,56.536341977147,54.8302969563445,55.588540794734314,52432516
2024-08-27,56.01504898071289,56.29939223066975,54.688129481737526,55.49375904841634,50349618
2024-08-28,55.63593292236328,56.25200155249903,55.06725001503633,56.062444198964805,44035968
2024-08-29,55.25680923461914,56.29939272392118,54.54595833464829,55.493759534609424,59991782
2024-09-02,58.24238586425781,58.24238586425781,55.58854316352898,55.6359325015541,65892355
2024-09-03,57.76848220825195,58.76367271662833,57.10502066414285,58.242382794676374,39817678
2024-09-04,57.91065216064453,58.10021312469849,56.868072281709715,56.962850955949364,52460289
2024-09-05,57.43674850463867,58.66889289769444,56.63111896970941,58.431942609118245,73000159
2024-09-06,56.53634262084961,57.95804441065564,56.48894966872971,57.48414381405363,47969697
2024-09-09,55.019859313964844,56.44156112370851,54.83029834955076,56.109832147664854,41425629
2024-09-10,53.503379821777344,55.446371608002664,52.79252890372603,55.30419997816251,83896955
2024-09-11,52.41340637207031,54.40379108933356,52.41340637207031,53.219039572715445,75066706
2024-09-12,53.83510971069336,53.97728134292806,51.6551675817351,53.124258780669486,65586230
2024-09-13,53.645545959472656,54.16683950693475,52.60296609569768,53.74032824790877,60916326
2024-09-16,53.26642990112305,53.92989148588579,52.366018008628956,53.64554822414835,56443913
2024-09-17,54.83029556274414,55.30419614190554,53.31381515565746,53.50337611043691,63758565
2024-09-18,55.49375915527344,56.29939233907816,54.64074025048415,54.78290826016172,50251166
2024-09-19,58.14760208129883,58.621502680545184,56.20461034750367,56.299392636697725,69509928
2024-09-20,57.0102424621582,58.28977260980208,56.96284951066618,58.19499393796718,46349837
2024-09-23,58.05282211303711,58.47933336596209,57.531532188606384,57.531532188606384,51143695
2024-09-24,60.51710510253906,61.46490630142346,57.86326246877767,58.14760210532806,80820830
2024-09-25,60.56449890136719,61.322735532381934,59.80625503920305,60.422327273317734,67382533
2024-09-26,59.806251525878906,61.70185383878251,59.52191190205826,61.13317459114122,74452040
2024-09-27,60.232765197753906,60.51710483303805,58.85845274237683,60.04320423570627,50044983
2024-09-30,58.384552001953125,60.23276505013228,58.00543369436164,60.04320408854923,51038604
2024-10-01,54.64073944091797,58.763673125250044,54.64073944091797,58.43194415867604,77832577
2024-10-02,50.09129333496094,54.73552078739396,50.09129333496094,54.498570480955024,88773741
2024-10-03,48.85914993286133,50.89692390887483,47.95873809193502,50.23346236210942,90545860
2024-10-04,51.51299285888672,51.74994315467842,48.66958930938626,49.427833148379385,78835934
2024-10-07,52.74513626098633,53.0768652223965,51.32343451395785,51.702552810487404,71560335
2024-10-08,53.1242561340332,54.309007625049,52.03428693164344,52.6977448741526,72150471
2024-10-09,54.21422576904297,54.21422576904297,51.228650740738495,53.124253015071645,70533210
2024-10-10,52.83991622924805,54.54595764447656,52.50818725968889,54.119446386775785,53590589
2024-10-11,52.65035629272461,54.309008403934676,52.17645568952173,52.9346959315314,64292186
2024-10-14,51.08648681640625,53.69294015161933,50.75475422257977,52.79252827633987,62964899
2024-10-15,51.51299285888672,51.892114778383274,50.04390174809306,51.13387455496474,88715885
2024-10-16,51.6551628112793,51.89211309940443,50.28085041703862,51.370823188644025,73785505
2024-10-17,50.47041320800781,52.03428661279564,50.32824158372725,51.56038601929322,85709089
2024-10-18,47.532230377197266,50.75475220317236,47.314232925220026,50.56519124503864,84785647
2024-10-21,45.930442810058594,47.91134735597325,45.81670768454624,47.6743970687374,75933397
2024-10-22,47.29528045654297,47.95873839188329,45.702974180577044,46.00627026975393,99981947
2024-10-23,46.555992126464844,47.437447497533036,46.12000445910786,47.33318879108364,89298906
2024-10-24,47.08676528930664,47.86396200690547,46.74555626878526,46.80242564406374,52616959
2024-10-25,47.37110137939453,47.86395841476201,46.347478010227064,46.55599180611657,76473609
2024-10-28,47.35214614868164,47.72178803088634,47.219454561795295,47.43744839961923,16412608
2024-10-30,48.33786392211914,48.622203575016634,47.124679474783235,47.43745200829803,65076142
2024-10-31,47.958740234375,48.811762777690745,47.67440059179466,48.38525150603287,71978732
2024-11-01,47.31423568725586,49.23827464360602,46.82138222914153,48.19569112079552,88745294
2024-11-04,44.50874328613281,47.18154236898896,44.24336010829804,47.105720153425295,105181392
2024-11-05,43.97797393798828,44.982640823185854,43.71258716263709,44.83099278680276,70344070
2024-11-06,44.982643127441406,45.475500174826855,43.82632814662801,44.110667777464926,100567230
2024-11-07,45.87358093261719,45.968359609293046,44.96368900488509,45.0584712971357,80452926
2024-11-08,48.52742385864258,49.333053460561075,45.532372106619725,45.87358112903337,137637546
2024-11-11,49.80695343017578,50.51780434577936,48.43264093689392,48.71698419559513,110744989
2024-11-12,50.233463287353516,50.61258521122377,49.522612391777756,49.664784017122756,71434916
2024-11-13,51.08648681640625,52.50818863561339,49.09610210017145,49.806953009775015,108010778
2024-11-14,52.50818634033203,52.79252596862923,51.03909163224319,51.41821354702248,88119040
2024-11-15,51.98689270019531,53.36120511906804,51.844724694116806,52.55557557123292,69735464
2024-11-18,52.17645263671875,52.74513549663382,51.5129911079384,52.17645263671875,64130862
2024-11-19,50.75475311279297,52.46079453542285,50.47041347828375,52.36601586244465,81005803
2024-11-20,49.475223541259766,51.418215285140946,49.28566257746229,50.99170402049028,82952575
2024-11-21,53.92988967895508,54.16683997874737,49.75956295638091,49.85434163006797,140474464
2024-11-22,57.43674850463867,57.62630945861452,53.74032617219479,53.92988712617064,138626137
2024-11-25,56.48895263671875,59.09540605497561,56.25200232596813,58.05282613390279,94300103
2024-11-26,56.109832763671875,57.15241265603343,55.68332149295135,56.53634403439241,82554580
2024-11-27,56.34678268432617,57.34197323218301,55.635931776489194,57.01024425475562,87604097
2024-11-28,56.58373260498047,57.29458350801898,56.15722134004243,56.394171641055266,64810548
2024-11-29,57.673702239990234,58.38455314820166,56.29939337657457,56.67851169160918,94895196
2024-12-02,57.81587219238281,58.052822488253234,56.536342040912366,57.38936093670114,61113513
2024-12-03,60.09059524536133,61.085782128897286,57.05763079736913,58.28977158748563,98242262
2024-12-04,59.47452163696289,60.5644943960613,58.905842398217715,60.28015116111429,65767237
2024-12-05,60.13798522949219,60.46971419425105,59.284962726434316,59.61669530676773,65084604
2024-12-06,61.891422271728516,62.60227318343528,61.322735757443574,62.27053697305259,124670921
2024-12-09,62.8866081237793,63.02877974989614,61.13317735140302,62.08097855064958,80969112
2024-12-10,61.74925231933594,63.21833990471853,61.55968773237877,62.88661091648051,51082303
2024-12-11,60.56449890136719,62.17575806952924,58.95323611763044,61.84402909151345,151479905
2024-12-12,60.327545166015625,61.27534632422122,59.948423256503595,60.51710250519715,86612458
2024-12-13,60.232765197753906,60.56449778523093,59.52191430175624,60.04320423570627,60368464
2024-12-16,59.4271354675293,60.80144791918331,59.4271354675293,60.4223259961151,47291787
2024-12-17,59.4271354675293,60.09059702511137,58.38455198687902,59.52191414050905,71159634
2024-12-18,59.616695404052734,60.94361849640262,59.284962823177985,59.379745110102725,62942592
2024-12-19,57.958045959472656,59.28496549607288,57.67370270145323,59.095404529251496,48926859
2024-12-20,57.531532287597656,58.526722802418604,57.152410369773214,58.526722802418604,50837700
2024-12-23,56.204612731933594,58.38455485783401,55.778101451402584,57.86326489966268,55068189
2024-12-24,57.10502243041992,57.294583393967784,55.872881590720816,56.109831891261976,41096970
2024-12-25,61.65447235107422,61.70185807345957,59.14279766786772,59.52191598712312,71638781
2024-12-26,62.223148345947266,64.11875068866524,61.607076138334115,62.17575539491969,149601641
2024-12-27,62.79182815551758,62.839221106962526,61.5122980091444,62.22314889392385,61695043
2024-12-30,62.223148345947266,63.36050685911842,62.223148345947266,62.79182760253285,34533981
2024-12-31,61.464908599853516,63.45528974570957,61.464908599853516,62.270538202801255,59635167
2025-01-02,62.74443435668945,63.597456853134275,61.18056821621448,62.03358348151027,117926984
2025-01-03,62.74443435668945,63.644849803939174,62.03358348151027,62.88660597795509,95587993
2025-01-06,63.3131217956543,63.73962943472814,62.64965663013492,62.88660692543131,76614473
2025-01-07,61.3701286315918,63.55007431714285,61.3701286315918,63.26573106036683,84326346
2025-01-08,60.280155181884766,61.654471267598986,59.90103686929174,61.41752096638785,103420103
2025-01-09,62.46009826660156,62.55487693694288,60.04320240157825,60.70666755626555,92848476
2025-01-10,61.03839874267578,62.69705084312268,60.42232651627993,62.50748626438203,64530319
2025-01-13,59.52191162109375,62.36531869260175,59.00062171062083,60.991002683544515,139456381
2025-01-14,59.71147537231445,61.41752041826886,59.190185437417114,59.995815008115315,131704649
2025-01-15,59.90103530883789,60.94361877635186,59.332352431400835,59.80625302147776,82878907
2025-01-16,60.801448822021484,61.22795647233815,59.28496472280503,61.03839912356393,107524559
2025-01-17,62.55487823486328,62.8866072035153,60.70666881583836,60.94361911218254,89903240
2025-01-20,63.64485168457031,63.64485168457031,61.84402796800767,63.360508433637015,77100736
2025-01-21,64.9717788696289,65.35089358639941,63.40790535392662,63.502684033119245,120771667
2025-01-22,65.96695709228516,66.0617357588981,64.78220568175148,65.01915596385822,106457903
2025-01-23,64.5926513671875,66.2513034194498,64.07135782973114,66.2039104683541,102087833
2025-01-24,62.98138427734375,64.73482221070743,62.744433987013416,64.64003630965611,75476621
2025-01-27,62.55487823486328,63.170950451587984,61.55968409775806,61.98619896986709,77948259
2025-01-28,63.59745788574219,63.69223655774182,62.79182832702155,63.21833596659449,94405944
2025-01-29,62.55487823486328,64.07135868523619,62.46009956255545,63.88180134062053,76913164
2025-01-30,62.08097457885742,63.076168666855885,61.98619591122633,62.74443248342385,61541114
2025-01-31,61.464908599853516,63.40790402268297,61.464908599853516,62.50748851138292,109025124
2025-02-03,60.4697151184082,61.27534829818078,58.38455178006835,60.70666903116746,126671721
2025-02-04,62.27053451538086,63.26572864495212,60.28015348738747,60.896225699448294,106971884
2025-02-05,61.512298583984375,62.744435790427076,60.51710444353329,62.36532109992114,85561138
2025-02-06,61.085784912109375,62.36532232675994,60.137987320475844,62.17575774662869,125920258
2025-02-07,60.18537521362305,61.038397725872734,58.95323439693151,60.943619053655915,167653441
2025-02-10,59.4271354675293,60.46971533260497,59.4271354675293,60.232765034580986,91025885
2025-02-11,59.90103530883789,60.32754656302203,59.332352431400835,59.47452405465374,89657621
2025-02-12,59.56930160522461,60.42232409753729,59.2375726446444,59.99581285138095,110641971
2025-02-13,60.706668853759766,61.13317649498604,59.521913755724206,60.13798597283375,113560016
2025-02-14,61.464908599853516,61.93880921701684,60.37493934972273,60.991007982690185,104854218
2025-02-17,61.1331787109375,61.70185799690238,60.61188876287391,61.51230064529724,72150044
2025-02-18,61.70185852050781,62.223152088569854,60.65927861553324,61.18057218359528,76126788
2025-02-19,60.94361877441406,62.412706264916324,60.75405419969984,61.74924833128939,87123352
2025-02-20,62.17575454711914,62.69704807671809,61.13317471907022,61.22795338868394,87059681
2025-02-21,61.41752243041992,62.93400294809027,60.51710692566444,62.22315202751203,95491578
2025-02-24,61.41752243041992,62.50748805705362,60.94362181670109,62.22315202751203,62767270
2025-02-25,62.69704818725586,62.886605526817505,61.0857818763859,61.51229673712309,96236948
2025-02-26,63.97658157348633,64.1661389227258,61.9862004818744,62.74443710998166,73360666
2025-02-27,64.26092529296875,65.11394060186129,63.55007438145869,63.69223877884118,64519911
2025-02-28,63.787025451660156,65.11394138416821,63.45528923738365,64.02397575834367,76126762
2025-03-03,69.18949127197266,70.13729252227365,64.640042378068,64.68743533304293,189115602
2025-03-04,68.38385772705078,70.61118909107635,67.9573428502272,69.1894872972963,89272803
2025-03-05,69.28426361083984,70.61118668606962,67.43605423433522,69.37904228096718,152425896
2025-03-06,69.61599731445312,69.94773352922188,68.00473811907423,69.75816894490409,88047637
2025-03-07,69.90033721923828,70.70596677824713,69.04731470863808,69.52121529995495,81465821
2025-03-10,70.04251098632812,71.13248382594249,69.42643875253312,69.85294640531076,65581069
2025-03-11,68.14690399169922,70.2320636249703,67.67300341766952,70.18467790625667,73305987
2025-03-12,69.71078491210938,70.61119320821058,68.43124743818179,68.43124743818179,110555600
2025-03-13,70.89553833007812,71.51160337449582,69.66339377894299,69.94773705417414,65910258
2025-03-14,70.99031066894531,71.65376861034278,70.51641007333306,70.9429177169244,71228697
2025-03-17,71.17987060546875,72.2224505075327,70.08989774965892,71.17987060546875,68606367
2025-03-18,69.42643737792969,71.13248241756035,69.09470840665406,70.7533604941814,56440539
2025-03-19,62.507484436035156,65.35088795363158,62.507484436035156,64.45047973218568,108314114
2025-03-20,56.58373260498047,62.365322119038495,56.29939296688,60.991006034474445,368315029
2025-03-21,50.94431686401367,56.25200238408098,50.94431686401367,55.96766273400145,216452516
2025-03-24,51.13387680053711,53.36120823256379,47.95874052814566,52.2238460397008,320436194
2025-03-25,53.076866149902344,54.6407395451918,51.13387445145834,53.076866149902344,327099500
2025-03-26,52.27458190917969,53.72799936524827,51.01495418649993,52.80750090382516,174001338
2025-03-27,51.16029357910156,53.19508022995671,50.6758210950263,52.90439378252617,137011552
2025-03-28,50.62737274169922,51.45097445613375,49.51308459042277,51.111845208126965,128162225
2025-04-02,51.208740234375,51.79010943466315,49.803772983533364,50.385138487589785,119712929
2025-04-03,50.91805648803711,52.41992042438144,50.724266758391984,51.59631869367922,83226815
2025-04-04,50.62737274169922,51.20873822291988,49.80377102726469,50.91805548230955,109948487
2025-04-07,50.482032775878906,51.11184850130718,48.19532569183999,48.93172226191493,158254026
2025-04-08,50.336692810058594,51.547874043716256,49.99755984689538,51.547874043716256,105625239
2025-04-09,48.23407745361328,50.094453642063954,48.1953224655324,49.60998117685295,120588860
2025-04-10,47.865882873535156,50.627374552448764,47.865882873535156,50.38513831057102,119834868
2025-04-11,48.33097457885742,48.38910890959307,46.60625007447838,47.88525709790505,149545571
2025-04-14,48.54413986206055,49.51308479899774,48.44724684685947,48.834826300126984,85256100
2025-04-15,48.786376953125,49.4161926516882,48.44724769773353,48.6410374277708,117217121
2025-04-16,48.980167388916016,49.56153658740475,48.17594498758609,48.73793114693697,130823493
2025-04-17,49.70687484741211,50.385137046905236,49.22240237580725,49.31929908786719,192376661
2025-04-18,48.00153350830078,49.94911122327138,47.94339548090179,49.852218207171376,101035688
2025-04-21,48.23407745361328,50.19134665661352,47.05196715193591,48.02091208235792,150006455
2025-04-22,48.8348274230957,49.07706366290028,48.311596258022206,48.544140978344856,94162055
2025-04-24,51.83855438232422,51.88700089016418,49.077062776898664,49.17395579257858,137574079
2025-04-25,49.900665283203125,52.032344927751346,49.900665283203125,51.93544821431679,105000684
2025-04-28,47.827125549316406,50.385139744971724,47.78836686241694,50.28824672395489,135445485
2025-04-29,47.420166015625,48.1953249570202,47.22637997650797,47.84650417263871,90830204
2025-04-30,46.993831634521484,47.74960753780828,46.39308678053023,47.57519714532182,117050993
2025-05-02,47.96277618408203,48.21470025082817,47.12948291554737,47.30389330646075,76343374
2025-05-05,47.07135009765625,49.07706596147957,47.07135009765625,48.68948648114685,64057251
2025-05-06,47.730228424072266,48.54414236084456,47.07134923357259,47.07134923357259,109155346
2025-05-07,47.943397521972656,48.156566601945784,47.400786998510064,47.730228441999536,84243888
2025-05-08,48.35035705566406,48.83482955643732,47.924018889395214,48.38911204658972,45378543
2025-05-09,48.33097457885742,48.737929678933355,47.18761925545607,48.35035392117984,142020138
2025-05-12,50.288246154785156,50.72426844065776,49.27085096446434,49.75532345652881,117215443
2025-05-13,50.62737274169922,51.16029171552342,49.561534794050814,49.99755705685052,166915762
2025-05-14,50.191349029541016,51.16029400577243,50.04600950084535,50.38513876403365,180394564
2025-05-15,49.125511169433594,50.62737514748093,49.02861445380462,50.33669239305754,97368465
2025-05-16,50.336692810058594,50.53048254669018,48.73793210313777,49.22240459660083,162478877
2025-05-20,50.91805648803711,51.64476520203259,49.949111536043134,50.28824448698002,180165844
2025-05-21,50.86960983276367,51.5963185446603,50.43358386637937,50.82116332455023,102916902
2025-05-22,51.9838981628418,52.807499893700424,51.111846227388945,51.20873924411408,149130710
2025-05-23,50.288246154785156,52.516818879035384,49.949113192600954,51.88700316085885,150177253
2025-05-26,50.336692810058594,50.86961181362161,49.07706506630099,50.82116530352166,113854673
2025-05-27,49.36774826049805,50.7727192432344,49.222405032678765,50.33669325600838,84875574
2025-05-28,50.0460090637207,50.38513832394689,49.319300337894546,49.41619335617868,85748391
2025-05-29,51.16029357910156,51.59631955401564,50.385138343827485,50.53048156754275,86026847
2025-05-30,49.36774826049805,51.25719174098957,49.27085154320792,51.06340200264113,96666805
2025-06-02,50.43358612060547,51.06340184422603,49.31930159696454,49.464641128101114,89954105
2025-06-03,53.92178726196289,54.45470623845617,51.2571886832649,51.45097471382129,154539428
2025-06-04,54.454708099365234,54.60004762724929,53.58265614713398,53.82489238983914,77849769
2025-06-05,54.50315475463867,54.64849797914374,54.01868226793078,54.11557528677966,27098461
2025-06-10,57.991355895996094,58.378935368637435,54.98762791983692,55.27831067620204,131249675
2025-06-11,58.13669967651367,58.81496191198603,57.65222717920939,57.99135644882966,95399025
2025-06-12,57.361541748046875,58.378933205747174,57.11930551067863,57.167752018905944,86668958
2025-06-13,57.652225494384766,57.652225494384766,54.35781113049867,55.22986307865432,122185155
2025-06-16,58.0398063659668,58.6211718813386,57.264647417162,58.08825287620915,82820940
2025-06-17,56.780174255371094,58.42738145788653,56.780174255371094,58.18514521328814,82694480
2025-06-18,56.53793716430664,57.55533233337323,55.42365267357576,56.58638736948635,75596185
2025-06-19,55.375205993652344,57.5553321556665,54.745390290577795,57.36154242424113,109589773
2025-06-20,55.42365264892578,56.78017338002507,55.32675593484117,56.15036137151773,61392803
2025-06-23,56.10191345214844,56.29569948298234,54.55159933185595,54.60004583956442,65149202
2025-06-24,59.154090881347656,59.541670355716505,57.31309761867513,59.105644371109506,121576604
2025-06-25,59.05719757080078,59.541670063266366,58.23359211587022,59.34788032703377,76102839
2025-06-26,58.9118537902832,59.78390574700907,58.621171036785164,58.76651426165006,67990726
2025-06-27,60.074588775634766,60.89819053035641,58.18514532489667,58.96030056985206,105749680
2025-06-30,66.08204650878906,66.08204650878906,60.70440615636336,60.94664240807075,181852024
2025-07-01,65.98515319824219,67.43857070213502,65.54913090405982,66.13049642712421,121101939
2025-07-02,67.00254821777344,67.87460019612666,65.93671019643669,66.17894644639794,108603506
2025-07-03,66.66341400146484,69.90937803167871,66.1789415374788,68.5044034506413,108444178
2025-07-04,67.53546142578125,67.53546142578125,65.7913649159368,66.66341686709075,75862399
2025-07-07,65.83980560302734,67.24478019909421,65.74291258768626,66.13049204151379,84094277
2025-07-08,65.59757232666016,66.66341772086749,64.28949807940809,66.37273126927211,119840078
2025-07-09,67.14788818359375,67.24478120037757,65.11309786881678,65.5006773284154,87400206
2025-07-10,68.16527557373047,68.79509126805746,67.77769611626285,68.26216858998156,76512950
2025-07-11,67.58390808105469,69.32801189174455,66.85719939201108,68.64974601315936,85433702
2025-07-14,64.82241821289062,67.535459619809,64.77396800871968,67.43856660393035,89913681
2025-07-16,63.41744613647461,65.21000026775486,62.06092907518427,64.62862736438638,100313981
2025-07-17,65.74291229248047,65.93670571475565,63.80502242450779,64.09570886168896,94074629
2025-07-18,65.20999908447266,66.08204363877441,65.0646558612679,65.88825760281034,55596842
2025-07-21,66.46961975097656,67.0025424116966,65.45223202477884,65.50067483509508,81161207
2025-07-22,65.50067901611328,66.7603104441488,65.50067901611328,66.46962399384414,71079028
2025-07-23,65.45223236083984,65.93670482126808,64.72552367019749,65.69446859105396,65856876
2025-07-24,66.08204650878906,67.58391422636035,65.30689493880368,65.88826046440865,133795924
2025-07-25,65.88825988769531,66.22738915862455,65.40378738852108,66.03360311594032,47837585
2025-07-28,65.06465911865234,66.51807663853677,64.91931588817114,66.37273340805557,43729270
2025-07-29,65.06465911865234,65.9851539242603,65.01620891100401,65.06465911865234,42197495
2025-07-30,65.11309814453125,65.64602082779389,64.62862566609735,64.82241909294892,87762619
2025-07-31,65.4037857055664,66.08204422997207,65.11309925655628,65.4037857055664,65151987
2025-08-01,64.48329162597656,65.452236609733,64.09571215398128,65.35533619738652,67032652
2025-08-04,64.77397155761719,66.90565498605636,64.77397155761719,64.96776499245547,119780173
2025-08-05,64.67707824707031,65.16155074330305,64.33794897820012,65.01620751594051,64184213
2025-08-06,64.62862396240234,65.20999683516797,63.99881567101153,64.7255243695054,62955664
2025-08-07,66.42118072509766,67.34167549064628,64.9193130629252,64.9193130629252,103053560
2025-08-08,65.79136657714844,66.76031157123762,65.54913032862613,66.42118230179913,44365359
2025-08-11,66.1304931640625,66.66341584617948,65.8882569253663,66.37272940275871,40565358
2025-08-12,66.1304931640625,66.51807262446908,65.93670713009088,66.1304931640625,47787595
2025-08-13,66.22738647460938,66.8572021765039,65.93670742236347,66.22738647460938,45283465
2025-08-14,64.67707824707031,66.51807521124744,64.62862804046159,66.13049573576852,51928070
2025-08-15,65.11309814453125,65.45223479340567,64.3863894268804,64.58018285373197,41335094
2025-08-18,64.4348373413086,65.45223246684081,64.0472578938457,65.20999623623439,34848810
2025-08-19,63.805023193359375,65.306890816121,63.369000924796715,64.62862491867953,57276455
2025-08-20,65.11309814453125,65.69447103262262,63.61123789686417,63.805023931252386,69912998
2025-08-21,66.1304931640625,66.27583638577289,65.01620498756732,65.50067746495972,85706056
2025-08-22,67.68080139160156,67.72925159473576,65.98514777638803,66.7603066717566,98409817
2025-08-25,67.09944152832031,68.84354549254012,66.95409829922471,68.60130924153535,71331928
2025-08-26,68.31062316894531,68.31062316894531,66.37273314996814,66.90565586217237,68803350
2025-08-27,66.8572006225586,68.11683199707034,66.8572006225586,68.0199315894439,75024312
2025-08-28,67.3416748046875,68.4075127835352,66.90565252912451,66.95409534170741,68689946
2025-08-29,66.1304931640625,68.11683327835668,65.79136390838049,67.39012456226807,74843072
2025-09-01,67.05098724365234,67.5839099204404,66.17894270703663,66.3242785348304,61462013
2025-09-02,63.998817443847656,68.01993310626574,60.946639347132184,67.24478157521098,195347696
2025-09-03,58.9118537902832,64.09571162863053,58.9118537902832,64.09571162863053,238502747
2025-09-04,59.687007904052734,60.413716622184374,58.52427691202745,59.20253542529831,225698329
2025-09-05,60.51061248779297,62.642292103689456,59.15408808779567,60.21992974385972,222024322
2025-09-08,59.6385612487793,60.413716473634025,58.62116978514298,59.44477151850769,85842924
2025-09-09,60.8497428894043,61.38266187938977,59.29943242831352,60.07458765885891,113444254
2025-09-10,61.915584564208984,62.15782080476343,60.60750664747596,61.3342153691393,97477938
2025-09-11,59.10564422607422,63.46589666898133,59.008751205835665,61.964032677893016,279575856
2025-09-12,60.074588775634766,60.31682502069781,58.42738156995972,59.202536814915106,116877780
2025-09-15,63.41744613647461,64.38639111880401,59.250987147936264,59.88079916871132,225592296
2025-09-16,64.53173065185547,64.82241708690535,62.98142024733673,63.611235928302726,139190101
2025-09-17,65.2584457397461,65.64602522695891,64.09571467057148,64.4832941577843,107131487
2025-09-18,63.02987289428711,65.59757113610192,62.496950206855686,65.35533489499008,103300265
2025-09-19,64.58018493652344,65.11310024450991,62.787638186998805,63.22366047466623,168004241
2025-09-22,65.59757232666016,66.6149675147804,65.59757232666016,66.42118147535919,104159330
2025-09-23,63.95036697387695,65.11309796187119,63.80502375226184,64.43483945095177,77666838
2025-09-24,63.514347076416016,65.01620737602737,61.77024313674598,64.09571259215149,134901660
2025-09-25,62.64229202270508,63.99881642094866,62.545399006929806,63.90191601271013,81998160
2025-09-26,59.88079833984375,62.78763694282742,59.49322257001585,62.4485002897356,165377284
2025-09-29,59.29943084716797,60.46216551009903,59.008748105493105,59.15408762821474,91622028
2025-09-30,60.75284957885742,60.99508581824981,59.44477166839951,59.63856139915976,121790011
2025-10-01,62.25471496582031,62.739187455826695,59.977695741283014,60.60750776055225,144114140
2025-10-02,60.51061248779297,62.545399087788915,60.07458652377729,62.15781963172351,85094072
2025-10-03,57.60377883911133,61.140425739362335,57.40998910709841,61.04353272147173,127994750
2025-10-06,56.63483428955078,58.42738100726105,56.24725482268988,57.94290852180079,95526811
2025-10-07,57.264644622802734,57.50688085842581,56.48948940805521,56.828622355666496,80150817
2025-10-08,56.29570007324219,58.233589971752856,56.24725356502575,57.313095226945606,87488015
2025-10-09,55.568992614746094,57.26464631419105,55.2298633533498,57.07086027695415,82498198
2025-10-10,55.71433639526367,56.489491640647074,55.084520679259285,55.71433639526367,60948273
2025-10-13,54.21247100830078,55.42365220287304,54.01868127792289,54.890733216507584,80296118
2025-10-14,51.83855438232422,54.40625995638994,51.547871639052836,54.260916736638436,98138435
2025-10-15,51.935447692871094,52.85594613198301,51.49942542360428,52.080790913447785,114118711
2025-10-16,53.58265686035156,54.3578121080795,51.8870031388453,52.032346364895695,123768038
2025-10-17,53.146629333496094,53.67955201603465,51.40252915275009,53.24352604679023,103779268
2025-10-20,56.150360107421875,56.63483257824306,52.565263084098774,53.631101041412734,171472391
2025-10-21,55.81122970581055,56.537938445189496,55.22986419280011,56.15036266859313,147773980
2025-10-22,56.10191345214844,56.82862215647041,55.859677217374454,56.24725297527387,107375413
2025-10-23,56.731727600097656,57.5553330473575,55.76278262419084,56.19880860259526,149438380
2025-10-24,58.33048629760742,61.96402983321962,56.48948942773793,57.7491171141705,417538800
2025-10-27,56.97396469116211,58.766515140980374,56.63483542304526,58.23359243932274,136831864
2025-10-28,56.731727600097656,57.40998982247878,56.48949135612096,57.02241035362335,49490310
2025-10-30,57.652225494384766,57.7491185125213,56.537937304656076,57.16775301123867,110517855
2025-10-31,58.9118537902832,58.9118537902832,57.11930706351883,57.70067257051491,140413207
2025-11-03,59.202537536621094,61.140427520749206,58.8634082678914,59.34788076392343,141234115
2025-11-04,59.10564422607422,60.365271970334355,58.814961469126764,58.960300999484595,121773694
2025-11-05,59.29943084716797,60.02613954947093,58.76651187139212,59.05719461306698,103469653
2025-11-06,60.51061248779297,60.84974173967648,59.59011405181135,59.68700706771188,110806492
2025-11-07,59.008750915527344,60.55906140910779,57.942909216987985,60.55906140910779,125949127
2025-11-10,58.0398063659668,59.638563381355134,57.555333871079704,59.29943411342689,106712931
2025-11-11,56.4894905090332,58.42738043178722,55.036073066967695,57.8944614422762,140154959
2025-11-12,57.07086181640625,57.458437597566395,56.15036332977418,56.87707207771026,97514970
2025-11-13,56.877071380615234,57.50688340336832,56.489491907973495,57.26464715702518,76597097
2025-11-14,56.4894905090332,57.26464573888847,56.0050180283447,56.634833731732435,73427462
2025-11-17,56.53793716430664,57.45843561924552,56.29570092333493,56.828623610458074,108194045
2025-11-18,57.02241134643555,57.3615443116466,56.00501984326603,56.295702601852774,106742003
2025-11-19,59.44477081298828,59.687007048894884,56.92551543805224,57.313094893995455,126977080
2025-11-20,59.97769546508789,60.36527123756917,58.62117102082406,59.73545922120019,115990105
2025-11-21,59.88079833984375,60.07458807287355,58.81496035252739,59.63856209761442,96592433
2025-11-24,60.94664001464844,61.14042605141872,59.39632584686411,59.54166907067354,122292540
2025-11-25,61.431114196777344,61.86713648779233,60.31682597339459,61.140427741124924,148040826
2025-11-26,61.52800369262695,61.91558314713615,61.09197773036201,61.479557184871204,79768119
2025-11-27,61.770240783691406,62.73918573716108,61.47955803689684,62.012477022058825,112590595
2025-11-28,62.73918533325195,62.88452855382937,61.52800414921234,61.5764506573276,98579659
2025-12-01,64.1926040649414,64.72552675378667,61.964031380046386,62.690736409078156,156666165
2025-12-02,63.998817443847656,64.48328992293064,63.369001742547105,64.28949649581944,139090446
2025-12-03,64.62862396240234,66.03359854830171,63.61123621998883,64.24105190384282,288126298
2025-12-04,62.40005874633789,65.01620725865652,61.96403276220752,64.82242121791573,154221145
2025-12-05,64.9193115234375,65.06465474414681,62.20626271174137,62.351605932450674,174274956
2025-12-08,66.17894744873047,67.6323649705111,65.5006815030879,65.59757452604718,129704282
2025-12-09,67.14788818359375,67.34167421716141,65.74291356660663,66.2273860429891,111936685
2025-12-10,66.51807403564453,67.39012599194403,65.59757187359259,67.29322558043914,123335569
2025-12-11,66.8572006225586,67.72925254395417,66.08204171632626,66.66341459223212,181861925
2025-12-12,67.39012908935547,68.1168378542624,66.3242836535209,67.19633564990198,79782866
2025-12-15,68.79508972167969,68.79508972167969,67.24477931912037,67.58390856460787,80518973
2025-12-16,69.08577728271484,69.18267029836768,68.01993193314394,68.74664063923505,71275588
2025-12-17,68.50440979003906,69.03733250672563,67.58391498026825,68.94043948345457,78876952
2025-12-18,68.94043731689453,69.37645960414355,67.72925608290997,68.6497508637528,79132589
2025-12-19,69.57025146484375,69.71558729566658,68.64974931233971,69.0373287769486,85809859
2025-12-22,70.63609313964844,71.07211543983054,69.32801884663832,69.76404114682042,66552845
2025-12-23,69.71558380126953,71.36279459517728,69.42490476173032,70.29695666527405,78667504
2025-12-24,67.68080139160156,70.20005671285475,67.63235858093046,69.81248465763356,60517161
2025-12-25,67.58390808105469,68.50440279685802,67.43856486475336,67.97148752703721,29010795
2025-12-26,67.09944152832031,67.92304330324377,66.56651881912434,67.58391403032985,48721582
2025-12-29,67.39012908935547,68.21373087775723,66.46962688499505,67.14789283438648,65331759
2025-12-30,67.58390808105469,67.77769410781443,66.85719939201108,67.53545787813322,41656445
2025-12-31,67.63236236572266,68.74664317553477,67.5354619540316,67.7292553849502,74571658
2026-01-02,71.21745300292969,71.21745300292969,67.92303873246479,67.92303873246479,87346615
2026-01-05,70.92676544189453,71.94416056853584,70.39385016945731,71.60503132380977,96172422
2026-01-06,72.08950805664062,72.71932377271123,70.49074735968092,71.07211286972166,107913405
2026-01-07,70.05472564697266,72.38018770611339,69.90938242016047,72.18640166533953,93336994
2026-01-08,70.44229888916016,70.78143555479758,69.47335388439886,70.10316961598645,80616052
2026-01-09,71.50814056396484,71.9926130409769,70.68453143907368,70.9267676775797,96406766
2026-01-12,71.21745300292969,72.86465644193053,70.9267665642998,71.79881848772627,81393710
2026-01-13,72.1864013671875,72.76776687957147,70.63609087000907,71.2659065886182,83494226
2026-01-14,71.7019271850586,72.76776516472219,71.41124073948517,72.5739791293155,63952882
2026-01-15,71.55658721923828,72.23485315896042,70.34540596165989,71.65348024135182,73254946
2026-01-16,72.57398223876953,73.25224078421654,71.45969400628054,71.75038046430853,146855379
2026-01-19,74.89945220947266,75.23858148438703,72.81621896005043,72.91311198253115,131731832
2026-01-20,75.77149200439453,76.69199414080998,74.41497499066783,75.19012651387405,96843898
2026-01-21,77.418701171875,77.418701171875,75.48081131722213,75.96528378088534,102660384
2026-01-22,75.38391876220703,77.95161692129354,74.41497382897796,77.80628109527972,146538041
2026-01-23,76.40130615234375,77.2733580666988,75.67459745579173,75.86839087701681,112988522
2026-01-26,77.17646789550781,77.27336091345833,74.75410548442761,75.77149326160325,93416787
2026-01-27,77.07957458496094,78.48454182106879,76.35286586439548,77.37025363770908,110809029
2026-01-28,82.21498107910156,83.42616231890112,77.07957705782958,77.3218133057895,172690992
2026-01-29,86.23609924316406,88.70691178520629,82.45721251693726,83.0870282033856,190801344
2026-01-30,90.06343078613281,90.06343078613281,85.17026318930586,86.23610116339447,154140709
2026-02-02,88.12554168701172,90.45101108354281,85.8969727010363,88.31933511565964,193525093
2026-02-03,85.21870422363281,88.17398923747864,84.1528662717823,88.12553903365958,268386545
2026-02-04,82.9901351928711,85.9938630140232,82.9901351928711,85.60628356138287,131179438
2026-02-05,81.7789535522461,83.2323709469218,81.43982430531439,82.94168451100141,121806464
2026-02-06,81.24603271484375,82.74790034684005,80.32553796779008,81.77895539522007,97424846
2026-02-09,82.79634094238281,83.66839285398757,82.11808245139196,82.16653265466121,126338000
2026-02-10,80.95535278320312,82.99013568095293,80.71311654793617,82.94168547691424,100678699
2026-02-11,81.34292602539062,82.16653515121382,80.08330201921183,80.56777449677213,99579681
2026-02-12,88.3193359375,88.36777875076518,81.43982809444633,81.58516392670538,229968914
2026-02-13,85.94541931152344,88.85225433751584,85.7031830593574,88.2708888108101,118646606
2026-02-16,86.72057342529297,87.44728214114738,85.46094202749332,86.42988698196586,87548193
2026-02-17,86.13920593261719,88.1739888113086,86.13920593261719,86.47833518032189,93633091
2026-02-18,87.68952178955078,89.43362573240574,86.18765409473325,86.42989034277068,137839259
2026-02-19,84.29821014404297,88.2224401249751,83.76528746775624,88.17398992078057,103799361
2026-02-20,85.60628509521484,85.60628509521484,82.89324366304845,84.29821088752182,93436385
2026-02-23,87.54417419433594,88.27088290219008,85.99386376273976,86.96280870654527,134597261
2026-02-24,88.70691680908203,89.23983211820958,86.23610412710646,87.10815609677216,98805414
2026-02-25,88.17398834228516,89.96653497844339,86.96280718373728,88.85224683408671,111915545
2026-02-26,88.85224914550781,90.20877355686297,86.96280944600609,88.3677766694855,78520727
2026-02-27,87.35038757324219,90.5963516345988,86.38144263597376,89.48206347824747,114684024
2026-03-02,80.1801986694336,84.00752845860235,79.5503829415737,82.45721793865287,98769212
2026-03-03,76.44976043701172,81.39137835887955,75.626158682111,79.21125215283814,106917553
2026-03-04,76.01373291015625,77.75783688130178,75.28702415425623,76.4982054140896,122155687
2026-03-05,77.12802124023438,78.6783317761884,76.83734217300385,76.83734217300385,52412668
2026-03-06,71.75038146972656,77.75783761846682,70.82987926804836,76.54665634715114,118526833
2026-03-09,71.31434631347656,71.60503275330956,67.14788749480414,68.9888769722023,168363803
2026-03-10,74.70565795898438,75.77149597959962,73.10689723182968,74.46342170918712,95851404
2026-03-11,75.14168548583984,75.28702131757285,72.96155930028314,74.56031258905395,96519339
2026-03-12,73.3975830078125,76.25596777192338,72.81621749218394,74.07584154396855,145752390
2026-03-13,70.29695892333984,73.01000034183558,69.47334980369862,72.96155752992117,124021617
2026-03-16,70.44229888916016,71.16900764273112,69.57025429884597,70.53919930360726,81045986
2026-03-17,73.44602966308594,74.12428816644722,70.92676689639949,71.02366730470531,105162072
2026-03-18,73.34912872314453,74.80254612763852,72.62242002089754,73.88205139511093,91425442
2026-03-19,71.31434631347656,73.15534318333799,71.07211007777015,72.28329125630223,38275313
2026-03-23,70.82987213134766,71.21745157760958,65.88825452078164,69.08577571186363,265710458
2026-03-24,68.11683654785156,70.68453488730586,68.11683654785156,69.7155898860133,103386429
2026-03-25,68.69819641113281,70.20005660394258,68.69819641113281,69.47334791283566,107675770
2026-03-26,67.25,69.9000015258789,66.75,68.5999984741211,90829385
2026-03-27,66.9000015258789,68.30000305175781,66.0999984741211,67.75,78516965
2026-03-30,65.5999984741211,66.8499984741211,65.05000305175781,66.75,92947863
2026-03-31,66.0,67.69999694824219,65.6500015258789,65.9000015258789,120022442
2026-04-01,68.25,69.0,67.5999984741211,69.0,119338472
2026-04-02,69.25,69.4000015258789,66.44999694824219,66.6500015258789,95329896
2026-04-03,68.75,70.25,68.25,69.30000305175781,77195433
2026-04-06,70.30000305175781,71.4000015258789,68.94999694824219,69.0,96991162
2026-04-07,69.25,70.69999694824219,68.5,70.0,87632891
2026-04-08,75.75,76.1500015258789,73.75,75.0,159266547
2026-04-09,75.30000305175781,76.05000305175781,74.4000015258789,75.3499984741211,121611302
2026-04-10,78.4000015258789,78.5,75.8499984741211,76.0,121958318
2026-04-13,77.4000015258789,77.69999694824219,75.30000305175781,76.5999984741211,128526158
2026-04-14,78.44999694824219,81.0999984741211,77.1500015258789,78.94999694824219,163378836
2026-04-15,78.9000015258789,79.25,78.0999984741211,78.8499984741211,72630584
2026-04-16,78.0999984741211,80.5,77.5,79.5999984741211,84412322
2026-04-17,83.55000305175781,83.8499984741211,77.4000015258789,78.19999694824219,171211565
2026-04-20,81.8499984741211,83.0,81.30000305175781,81.6500015258789,121572943
2026-04-21,80.75,82.6500015258789,80.75,82.19999694824219,64597825
2026-04-22,79.25,82.0999984741211,78.69999694824219,81.69999694824219,97886805
2026-04-24,77.9000015258789,79.1500015258789,77.5999984741211,78.69999694824219,92696662
2026-04-27,77.69999694824219,79.3499984741211,77.19999694824219,78.0,85905779
2026-04-28,75.94999694824219,78.44999694824219,75.94999694824219,77.80000305175781,83163069
2026-04-29,73.69999694824219,76.9000015258789,73.6500015258789,76.3499984741211,112160625
2026-04-30,73.19999694824219,74.05000305175781,72.8499984741211,73.0999984741211,119107754
2026-05-04,70.6500015258789,73.5999984741211,70.4000015258789,73.3499984741211,153716653
2026-05-05,70.69999694824219,71.5,70.19999694824219,70.75,113971461
2026-05-06,74.3499984741211,75.44999694824219,72.1500015258789,72.5,263674524
2026-05-07,75.19999694824219,76.44999694824219,74.5,74.75,156929000
2026-05-08,75.25,76.1500015258789,73.9000015258789,74.6500015258789,131973117
2026-05-11,75.8499984741211,76.0999984741211,74.19999694824219,74.9000015258789,142376341
2026-05-12,72.75,76.19999694824219,72.75,75.75,122754063
2026-05-13,71.55000305175781,73.69999694824219,71.05000305175781,73.5,104825683
2026-05-14,72.3499984741211,73.44999694824219,71.30000305175781,72.0999984741211,130258986
2026-05-15,70.25,71.44999694824219,69.75,71.3499984741211,105928792
2026-05-18,70.0999984741211,71.1500015258789,69.0,69.80000305175781,104054753
2026-05-20,69.0999984741211,69.80000305175781,68.75,69.25,183781142
2026-05-21,62.20000076293945,69.5,62.20000076293945,69.0999984741211,97702960
2026-05-22,63.599998474121094,64.44999694824219,60.650001525878906,60.849998474121094,406472082
2026-05-25,65.4000015258789,66.05000305175781,63.70000076293945,64.19999694824219,125346119
2026-05-26,64.0,65.5999984741211,64.0,65.0999984741211,72536655
2026-05-27,64.0,64.0,64.0,64.0,0
2026-05-28,64.0,64.0,64.0,64.0,0
2026-05-29,64.0,64.0,64.0,64.0,0
2026-06-01,63.70000076293945,66.1500015258789,63.400001525878906,64.55000305175781,205912090
2026-06-02,65.94999694824219,66.55000305175781,64.5,64.5,230426736
2026-06-03,64.8499984741211,66.5,64.8499984741211,65.69999694824219,169675801
2026-06-04,67.1500015258789,67.25,64.6500015258789,65.5999984741211,177397473
2026-06-05,64.5,67.55000305175781,64.4000015258789,67.44999694824219,152389168
2026-06-08,66.9000015258789,67.4000015258789,63.45000076293945,63.650001525878906,170008643
2026-06-09,67.1500015258789,68.25,66.69999694824219,66.94999694824219,122734065
2026-06-10,66.0999984741211,67.44999694824219,65.5999984741211,67.0,99313495
2026-06-11,66.80000305175781,67.5,64.8499984741211,66.3499984741211,137050859
2026-06-12,72.5999984741211,72.5999984741211,68.4000015258789,69.0,247723163
2026-06-15,76.75,78.1500015258789,75.5,77.80000305175781,175534688
2026-06-16,77.0999984741211,77.6500015258789,76.05000305175781,76.9000015258789,116731723
2026-06-17,78.0,78.5,76.6500015258789,77.4000015258789,112738906
2026-06-18,81.0999984741211,81.5,78.0999984741211,78.30000305175781,139070596
2026-06-19,81.8499984741211,83.0,79.80000305175781,79.9000015258789,136887074
2026-06-22,82.0,82.9000015258789,81.55000305175781,82.5,71939721
2026-06-23,80.5,81.8499984741211,79.69999694824219,81.69999694824219,84757120
2026-06-24,80.94999694824219,81.6500015258789,79.69999694824219,80.55000305175781,77633485
2026-06-25,77.19999694824219,83.0,77.0999984741211,82.4000015258789,114519923
2026-06-26,77.25,77.9000015258789,76.44999694824219,77.25,66354920
2026-06-29,77.19999694824219,78.6500015258789,76.30000305175781,77.55000305175781,83449915
2026-06-30,77.0,78.05000305175781,76.5999984741211,77.4000015258789,108359556
2026-07-01,77.8499984741211,78.25,75.6500015258789,76.69999694824219,138758867
2026-07-02,77.94999694824219,78.8499984741211,77.0999984741211,78.0999984741211,95377409
2026-07-03,73.75,78.69999694824219,73.44999694824219,78.69999694824219,192059490
2026-07-06,73.5,74.75,73.05000305175781,74.25,104545434
2026-07-07,73.5999984741211,75.1500015258789,73.19999694824219,73.30000305175781,101711621
2026-07-08,70.6500015258789,73.55000305175781,70.6500015258789,73.05000305175781,145917996
2026-07-09,70.19999694824219,71.5,70.05000305175781,71.19999694824219,84840566
2026-07-10,68.75,71.0999984741211,68.5999984741211,70.19999694824219,147110522
2026-07-13,67.6500015258789,68.0,66.9000015258789,67.75,155690527
2026-07-14,69.0999984741211,69.55000305175781,67.44999694824219,67.5999984741211,114435800
2026-07-16,68.5999984741211,69.75,67.1500015258789,69.30000305175781,165218737
2026-07-17,66.5,68.4000015258789,66.5,68.30000305175781,152675856
2026-07-20,66.8499984741211,67.75,66.1500015258789,66.5999984741211,106779859
2026-07-21,66.69999694824219,67.5,66.25,67.05000305175781,94739634
2026-07-22,66.55000305175781,67.1500015258789,65.94999694824219,66.80000305175781,115581013
2026-07-23,67.05000305175781,67.1500015258789,66.1500015258789,66.6500015258789,124594164
2026-07-24,67.5999984741211,68.30000305175781,66.80000305175781,67.05000305175781,130918130
2026-07-27,66.44999694824219,69.6500015258789,66.25,69.05000305175781,172388887
2026-07-28,65.80000305175781,67.30000305175781,65.80000305175781,66.80000305175781,124096174
2026-07-29,63.29999923706055,66.3499984741211,62.900001525878906,66.0,194948481
2026-07-30,61.599998474121094,63.54999923706055,61.29999923706055,63.29999923706055,168767186
2026-08-03,66.0,66.5999984741211,63.900001525878906,64.19999694824219,221170129
2026-08-04,68.0999984741211,68.30000305175781,65.3499984741211,66.0,235067903
2026-08-05,67.55000305175781,68.05000305175781,66.5,67.5,127280890
2026-08-06,67.0999984741211,68.8499984741211,66.6500015258789,67.80000305175781,129735618
2026-08-07,67.4000015258789,67.94999694824219,66.55000305175781,67.25,118586545
