Price,Close,High,Low,Open,Volume
2021-08-10,13.916243553161621,15.014894199150577,13.879621894066297,14.914185728049967,2222408
2021-08-11,13.531715393066406,14.099351532896884,13.531715393066406,14.026108216346449,754856
2021-08-12,13.778912544250488,13.86131149546387,13.568337349690822,13.586648615795674,557109
2021-08-13,13.733135223388672,13.879621859404141,13.659891905380936,13.824689807462951,376681
2021-08-16,13.788066864013672,13.870464934249558,13.696512288468279,13.742289576240976,395478
2021-08-17,13.714822769165039,13.806377345307666,13.62326906615156,13.742289665885316,344951
2021-08-18,13.495092391967773,13.778910870206378,13.458470737336578,13.723977951695025,340928
2021-08-19,13.394383430480957,13.495092765219919,13.275362831355377,13.495092765219919,274817
2021-08-20,13.531715393066406,13.531715393066406,13.34860710169032,13.34860710169032,275124
2021-08-23,13.577492713928223,13.678202056123329,13.540871055572802,13.632425638025959,296390
2021-08-24,13.604958534240723,13.632425432439975,13.522560459030549,13.595803774636833,330247
2021-08-25,13.852155685424805,14.328237247388204,13.6141144678785,14.328237247388204,920994
2021-08-26,13.797223091125488,14.154284925989868,13.632426059989744,13.916243702746948,924023
2021-08-27,14.035264015197754,14.035264015197754,13.733135112571517,13.870466114445547,161127
2021-08-31,14.007798194885254,14.181750858018805,13.962020902546142,14.099351906434249,291114
2021-09-01,13.907086372375488,14.090195520602983,13.879620349393015,14.053573865583308,372793
2021-09-02,14.007798194885254,14.135973565679693,13.870466317867919,13.916243610207031,590946
2021-09-03,13.989486694335938,14.135973328863662,13.97117630158458,14.00779796021651,394722
2021-09-06,13.971176147460938,14.007797805688876,13.861311172777125,13.989486540010304,421321
2021-09-07,13.632425308227539,14.04441917304129,13.55002636063895,14.026107907741965,819595
2021-09-08,13.275362968444824,13.6324247695088,13.275362968444824,13.623269137220946,379711
2021-09-09,13.330297470092773,13.36691913045858,13.101411874524162,13.36691913045858,262314
2021-09-10,13.385229110717773,13.577493039983134,13.302830159157015,13.385229110717773,390954
2021-09-13,13.348607063293457,13.522560594447274,13.229586455959057,13.385228721463333,341909
2021-09-14,13.183809280395508,13.41269486424355,13.14718762190499,13.348607180167445,365051
2021-09-15,13.000699996948242,13.211275172064273,12.973233973456288,13.174653516365286,302713
2021-09-16,12.909146308898926,13.29367413073875,12.863369020941015,13.092254587601426,438012
2021-09-17,12.909146308898926,13.037321667426104,12.863369020941015,13.037321667426104,240001
2021-09-20,12.469686508178711,12.909147283367284,12.387287558260278,12.909147283367284,279355
2021-09-21,12.561241149902344,12.744349443285628,12.442220540920905,12.579551542676064,253145
2021-09-22,12.680261611938477,12.698572004500008,12.442220396734141,12.652794713402374,158465
2021-09-23,12.753504753112793,12.872525359078711,12.497152275741955,12.726037854954294,440322
2021-09-24,12.542929649353027,12.75350483765139,12.414754282947172,12.75350483765139,309141
2021-09-27,12.64363956451416,12.75350453588931,12.533773720009833,12.68026122163921,261618
2021-09-28,12.487998008728027,12.680261937775214,12.40559905726077,12.588707353227324,281478
2021-09-29,12.478841781616211,12.744349016411059,12.478841781616211,12.515463439066218,589400
2021-09-30,12.506308555603027,12.634484800920951,12.323200257384018,12.542930215246828,514002
2021-10-01,12.909146308898926,13.037321667426104,12.423908278925866,12.44221954336069,988587
2021-10-04,13.897933006286621,14.135973351205793,13.147187693451645,13.275363935430596,3411257
2021-10-05,13.632425308227539,13.952864592803039,13.357762440641975,13.897932543163439,1302057
2021-10-06,13.138032913208008,13.623270108376207,13.138032913208008,13.531715525229355,370857
2021-10-07,13.44016170501709,13.51340502168237,13.229586514757504,13.229586514757504,443374
2021-10-08,13.962020874023438,13.962020874023438,13.41269511333476,13.467628038655317,1104166
2021-10-11,13.934554100036621,14.181750067888641,13.82468912842137,14.099351120894907,1064893
2021-10-12,13.888777732849121,14.30077162205646,13.833844806827832,13.934555025678657,893747
2021-10-13,13.659891128540039,13.998641673343304,13.586647814697667,13.934553992013521,502829
2021-10-14,13.806378364562988,13.91624334016743,13.540871121903285,13.540871121903285,437292
2021-10-15,13.815533638000488,14.035263583492023,13.650735742317242,13.80637800532271,590125
2021-10-18,13.769756317138672,13.907087314483379,13.714823394323277,13.83384399948231,274341
2021-10-19,13.934554100036621,13.989486149279657,13.778911838632721,13.778911838632721,301348
2021-10-20,13.824689865112305,13.998642527823757,13.74229091372769,13.925399209510594,395884
2021-10-21,13.769756317138672,13.870465656982844,13.522560347292364,13.870465656982844,434778
2021-10-22,14.30077075958252,14.493034679367815,13.760600657655779,13.76975629029536,1309598
2021-10-25,14.346549034118652,14.520501700561503,14.108507807930126,14.300771740908667,794379
2021-10-26,14.493035316467285,14.639521952623262,14.346548680311308,14.374014706308246,636454
2021-10-27,14.30992603302002,14.621210549918583,14.200061063490379,14.538811604489062,640278
2021-10-28,14.30077075958252,14.465568654578254,14.254993469513796,14.32823678437208,244325
2021-11-01,14.218371391296387,14.383169281414979,14.06272913354642,14.282459944747595,803104
2021-11-02,13.879621505737305,14.300771010115076,13.879621505737305,14.218372061173678,474620
2021-11-03,13.650735855102539,13.916243093047454,13.421850275042123,13.879621435162955,547397
2021-11-04,13.733135223388672,13.852155833433546,13.696513564384803,13.751446489455216,468036
2021-11-05,14.117663383483887,14.32823770900803,13.742291152329198,13.769757178891208,1069892
2021-11-08,14.291614532470703,14.483878444258611,14.218371220659037,14.282459773341106,521315
2021-11-09,14.383169174194336,14.639520766700691,14.218371285304244,14.309925862049662,662496
2021-11-10,14.291614532470703,14.410635132446945,14.200060829270695,14.383169108799859,505996
2021-11-11,14.355703353881836,14.575433293430027,14.236682751677607,14.291614800000072,646911
2021-11-12,14.511345863342285,14.749387071862598,14.39232525908213,14.39232525908213,684252
2021-11-15,14.859251976013184,15.179692148942653,14.538812676212943,14.685300186179907,1361660
2021-11-16,14.9324951171875,15.07898175228648,14.694453898587048,15.01489406771298,720374
2021-11-17,15.225468635559082,15.564220076158612,14.886718941218017,14.932495360585687,1097058
2021-11-18,15.307866096496582,15.500130880883516,15.05151537899173,15.271245313820872,1073656
2021-11-19,15.47266674041748,15.536754431210001,15.362802626561335,15.381112148031622,636937
2021-11-22,15.756481170654297,15.976212845776777,15.591685033699807,15.591685033699807,616675
2021-11-23,15.54590892791748,15.902971637477933,15.115604645316163,15.591687093891116,1107769
2021-11-24,16.379051208496094,16.43398500387019,15.600841649538333,15.609995535842327,924306
2021-11-25,16.250873565673828,16.433982698719877,15.994521128660983,16.406515804885537,572862
2021-11-26,16.461450576782227,16.772735106838883,15.866348415059225,16.00367941449401,1114971
2021-11-29,16.617094039916992,16.836824004107044,16.305809487416457,16.607938406460093,559820
2021-11-30,16.58962631225586,16.800200610322616,16.47976047407506,16.626247094143956,417451
2021-12-01,17.074865341186523,17.074865341186523,16.66287231062008,16.73611563247135,562009
2021-12-02,17.120643615722656,17.322062315507452,17.029089026271915,17.07486544786801,454850
2021-12-03,17.752365112304688,17.798143276282282,17.166418583458654,17.20304111464073,559612
2021-12-06,17.486858367919922,17.898851357253946,17.422770685996298,17.87138620572003,608476
2021-12-07,19.226388931274414,19.226388931274414,17.45023632200433,17.459391954855946,1504545
2021-12-08,19.02497100830078,20.14193206699952,18.567199824959882,19.99544542803111,1517345
2021-12-09,19.684158325195312,19.848956209179665,19.098211845480513,19.317941775373562,802543
2021-12-10,19.391183853149414,19.958819032738894,18.97003353792218,19.684157074390196,489004
2021-12-13,19.51936149597168,19.99544390959498,19.409497398217596,19.684159388861158,592087
2021-12-14,19.53767204284668,20.086997750199913,19.51936077847464,19.51936077847464,626488
2021-12-15,19.50105094909668,19.885578797913777,19.26301147977704,19.629228062874656,532110
2021-12-16,20.03206443786621,20.17855281010007,19.336253837611604,19.574293295128097,784276
2021-12-17,18.731996536254883,21.62511210680542,18.036185853774278,20.251798516302564,1029641
2021-12-20,18.805238723754883,19.794024287614143,18.127735919505852,18.127735919505852,563773
2021-12-21,18.54888916015625,20.67294724035035,17.688278818609145,19.04328114614558,353297
2021-12-22,17.91716194152832,18.750305267389535,17.477702071103167,18.47564328493839,389953
2021-12-23,17.697431564331055,17.972093539922653,16.131855160194085,17.926317126076803,230053
2021-12-24,17.386150360107422,17.853077204230637,17.24881934624967,17.70659055661456,709574
2021-12-27,17.34037208557129,17.633345349513032,16.98330939216619,17.50516998310312,515864
2021-12-28,16.397361755371094,17.514322685176378,16.296651547854992,17.34037091288638,454713
2021-12-29,16.937532424926758,17.386147939063004,16.09523344529628,16.333274651089496,507987
2021-12-30,16.433984756469727,17.07486330986105,16.305807648784796,16.964999213283487,297487
2021-12-31,16.470605850219727,16.681180161175934,16.278342804457544,16.44313895242869,328681
2022-01-03,16.617094039916992,16.791047583081063,16.452296130209824,16.470607397123626,331363
2022-01-04,16.827669143676758,17.029089596464352,15.866350287902069,16.62625043714777,576909
2022-01-05,16.845977783203125,17.120641517900324,16.553004529866115,16.626247843200368,285589
2022-01-06,16.946687698364258,17.120641219346542,16.626247553267937,16.772734177381974,341641
2022-01-07,16.809356689453125,17.23966092906842,16.498072176962637,17.047397889961047,615672
2022-01-10,16.800201416015625,17.01993135665663,16.754423253637285,16.827666567184288,1118422
2022-01-11,17.203041076660156,17.450236176559823,16.525538221354708,16.791046333063385,1142019
2022-01-12,17.303749084472656,17.560101556588247,17.001620195956377,17.28543781940904,1070309
2022-01-13,17.633344650268555,17.77983127643055,16.92837667045251,17.23050555519391,1139443
2022-01-14,17.908008575439453,18.6221322649425,17.788988833651537,17.79814446705961,1118333
2022-01-17,17.770673751831055,18.16435717256974,17.724897340876474,17.908004730952932,538361
2022-01-18,17.25797462463379,17.853076836602153,16.95584570186471,17.770677880732535,438400
2022-01-19,17.441082000732422,17.578414757575757,16.88260232485312,17.093176657500372,385306
2022-01-20,17.00162124633789,17.660812859286988,16.98330998014298,17.413616004431077,534536
2022-01-21,16.983308792114258,17.340371472903666,16.891755960060994,17.029086954399226,224915
2022-01-24,15.829726219177246,17.12064064206608,15.829726219177246,16.983307908613792,370354
2022-01-25,15.756481170654297,16.01283362745836,15.408575886517157,15.829726226533955,307569
2022-01-26,15.54590892791748,16.012835743297703,15.50013250820232,15.957903690387818,378703
2022-01-27,15.875504493713379,15.875504493713379,15.243779783061546,15.32617873428824,294296
2022-01-28,15.509286880493164,16.086077754800105,15.509286880493164,15.921279863210026,441316
2022-01-31,15.78394889831543,15.83888094686147,15.56421895787293,15.56421895787293,231873
2022-02-01,15.838881492614746,16.05861318688678,15.793105074958806,15.793105074958806,308499
2022-02-02,15.417732238769531,16.003678743114378,15.381109709118814,15.857192117028164,549530
2022-02-03,15.326177597045898,15.63746211274674,15.2987106999223,15.436043439281974,408640
2022-02-04,15.326177597045898,15.500131119645385,15.243778651933422,15.335333229420431,199579
2022-02-07,15.67408561706543,15.719862035526754,15.198003181530574,15.298711651397172,251050
2022-02-08,15.738171577453613,15.866346932111721,15.628305740419352,15.701549049689447,247810
2022-02-09,16.003679275512695,16.33327506830058,15.802260594508093,15.820571859942616,564660
2022-02-10,16.29665184020996,16.66287014819893,16.01283422315099,16.104388800148232,512701
2022-02-11,16.058612823486328,16.278342766527558,15.756482187263984,16.278342766527558,255260
2022-02-14,15.756481170654297,16.003677995473403,15.47266356415361,15.912123421882077,233543
2022-02-15,16.104387283325195,16.104387283325195,15.60083977665543,15.820569692998136,177753
2022-02-16,16.214252471923828,16.36074083904724,15.93043486227989,16.08607711523139,250369
2022-02-17,16.479761123657227,16.617092117102704,16.03114561373089,16.214253022905417,580574
2022-02-18,16.379051208496094,16.607936783779756,16.049457167543306,16.48891705298593,274449
2022-02-21,16.470605850219727,16.781890373484714,16.07692237983999,16.571316062528506,295767
2022-02-22,16.021991729736328,16.113546317443667,15.83888255432165,16.113546317443667,445771
2022-02-23,15.829726219177246,16.314962490346744,15.793103691254437,16.012833620016554,285636
2022-02-24,14.254993438720703,14.941650168880724,14.254993438720703,14.254993438720703,234261
2022-02-25,15.509286880493164,15.509286880493164,14.291614831597489,14.483878747409525,273714
2022-02-28,15.16137981414795,15.545907645308796,15.16137981414795,15.335333337978849,199310
2022-03-01,15.582530975341797,15.783949660576706,15.317022859740014,15.326178492649568,195107
2022-03-02,15.399421691894531,15.884659754839284,15.289557590336964,15.600842121847421,375522
2022-03-03,15.591686248779297,15.619151400616314,15.344489404695834,15.490976035354542,162408
2022-03-04,15.390265464782715,15.609995405671715,15.353644681097053,15.518442573328388,120029
2022-03-07,15.390265464782715,15.463508778412383,15.133914740208054,15.42688799472672,2114789
2022-03-08,15.536751747131348,15.609995059135036,15.289556660530334,15.289556660530334,156228
2022-03-09,15.738171577453613,16.11354375574513,15.536751167267173,15.609994476537269,297265
2022-03-10,15.518444061279297,15.976215251921653,15.436045107262991,15.912125818374575,160208
2022-03-11,16.095233917236328,16.113545182740033,15.445199708180315,15.555063808685762,191749
2022-03-14,16.30580711364746,16.43398421712577,16.095232813569325,16.095232813569325,246378
2022-03-15,16.086078643798828,16.424830078150492,16.021990959362725,16.379051913368684,197170
2022-03-16,16.131855010986328,16.65371380753851,16.09523248324178,16.16847579247264,525817
2022-03-17,16.250873565673828,16.351583763474967,16.15016336787269,16.186785892985146,193437
2022-03-18,16.598779678344727,16.598779678344727,16.29665081562967,16.33327334262941,257408
2022-03-21,16.937532424926758,16.983308841085385,16.607936640557945,16.61709227304134,414549
2022-03-22,17.166419982910156,17.32206226060555,16.955845650221843,17.019933338756672,615212
2022-03-23,17.212194442749023,17.285437756478487,16.983308869062157,17.203040556508892,313252
2022-03-24,17.239662170410156,17.35868190610498,17.074864270018534,17.248817803349517,350819
2022-03-25,17.08401870727539,17.276283493028796,16.9833084982494,17.129795122509947,234884
2022-03-28,17.03824234008789,17.212194115476382,16.983308546141547,17.084018755451535,373471
2022-03-29,17.441082000732422,17.633346812557967,17.056554123339872,17.084021023960247,608379
2022-03-30,17.349529266357422,17.734057146154925,17.27628594383688,17.486860277801124,614253
2022-03-31,17.248817443847656,17.48685865653445,17.1389515971236,17.36783717706186,206380
2022-04-01,17.624187469482422,17.669963881289497,17.193883261218133,17.257970936251304,335920
2022-04-04,17.715744018554688,17.91716269776972,17.56925738889678,17.679121488011027,432216
2022-04-05,17.788986206054688,17.9354728264294,17.57841190754832,17.79814183811039,366066
2022-04-06,17.715744018554688,17.88054191348443,17.532634858353116,17.807298598655475,212020
2022-04-07,18.11858367919922,18.23760341460142,17.724900195066798,17.834764297552148,320002
2022-04-08,18.19182586669922,18.402400171936403,18.063648760080586,18.16435896965416,455027
2022-04-11,19.17145538330078,19.17145538330078,18.246757492599265,18.246757492599265,599162
2022-04-12,19.482738494873047,19.903887065431412,18.768614955710163,19.2263860521909,465186
2022-04-13,19.09821319580078,19.757403032087296,18.970036084606843,19.574293871100743,384474
2022-04-14,19.281320571899414,19.702470942821375,19.2446997875305,19.29963183721306,186791
2022-04-15,19.317943572998047,19.51936225757839,19.116523142159284,19.35456435825883,170876
2022-04-18,19.317943572998047,19.812335524698316,19.263011521977663,19.44611894079841,458279
2022-04-19,19.336252212524414,19.51935960647567,18.970033932105544,19.427805036370952,382899
2022-04-20,19.95882225036621,20.19686346756429,19.391186979266383,19.391186979266383,622272
2022-04-21,20.196863174438477,20.34334980654844,19.702471227631964,19.958821960695193,329887
2022-04-22,19.427806854248047,20.16024173736219,19.427806854248047,20.16024173736219,387503
2022-04-25,19.226388931274414,19.44611888093797,18.896793133649876,19.226388931274414,299912
2022-04-26,19.482738494873047,19.885575802470225,19.15314274660431,19.372872663364085,369190
2022-04-27,19.299631118774414,19.775713521656524,19.04327865270136,19.464429007945782,338064
2022-04-28,19.610916137695312,19.977132708478095,19.48274077448593,19.79402529621588,277127
2022-04-29,19.665847778320312,19.812334403591137,19.354563263055237,19.684159043043746,342308
2022-05-05,19.647537231445312,20.10530838870648,19.647537231445312,19.885578442772125,538469
2022-05-06,18.97003746032715,19.62922909067708,18.731996232285063,19.62922909067708,439056
2022-05-09,19.626115798950195,19.701096110627294,18.913801944181955,18.988782255859054,372435
2022-05-10,19.701093673706055,19.98226936079731,19.43866172146184,19.682348151187593,84619
2022-05-11,18.74509620666504,19.569879653182763,18.623253867897258,19.513644865110837,217632
2022-05-12,18.135879516601562,18.735721976164395,17.97654613982124,18.735721976164395,7311864
2022-05-13,18.08901596069336,18.426428242762473,17.94842810572175,18.342075172245195,357553
2022-05-16,18.27646827697754,18.83882150457271,18.145253179351595,18.163996916389852,340701
2022-05-17,18.27646827697754,18.46391994873314,18.135880416996653,18.46391994873314,192186
2022-05-18,18.248350143432617,18.5482731782991,18.20148811893529,18.276468430734003,228961
2022-05-20,18.35144805908203,18.53889972543349,18.1733691548153,18.24834946382157,207200
2022-05-23,18.501407623291016,18.988780497907754,18.35144701381994,18.604506212679187,263207
2022-05-24,18.201486587524414,18.726348725955276,18.17336830258881,18.595133638265434,166830
2022-05-25,18.63262367248535,18.838820861916755,18.182741820824855,18.276467653505353,310056
2022-05-26,18.838821411132812,18.895056197311916,18.595134954127857,18.735722813411435,149889
2022-05-27,19.26995849609375,19.28870402143519,18.895056927623383,19.007528292000337,246297
2022-05-30,19.79482078552246,20.03850544341915,19.551134339954235,19.551134339954235,495368
2022-05-31,19.701093673706055,20.39466191784638,19.288701116656984,20.30093609292549,572032
2022-06-01,19.832311630249023,20.019763307257797,19.607370690441503,19.75733131697985,297330
2022-06-02,19.907291412353516,20.263449231632876,19.73858526508136,19.73858526508136,237189
2022-06-03,20.375917434692383,20.750818965828053,19.90729007385492,20.057250686309185,499342
2022-06-06,20.863292694091797,21.069488112771925,20.488391120277154,20.750821328111545,572374
2022-06-07,21.275684356689453,21.481879766042052,20.90078101216235,20.938272061683715,534678
2022-06-08,19.401174545288086,21.519368762296292,19.401174545288086,21.31317335548859,466681
2022-06-09,20.132230758666992,20.244702110536906,19.401173228362765,19.401173228362765,433925
2022-06-10,19.7573299407959,20.28219209712118,19.588623800773455,20.169722528887256,413473
2022-06-13,19.10124969482422,19.794819734915016,19.10124969482422,19.757328689430565,298730
2022-06-14,18.98878288269043,19.38242997890763,18.7638419402337,19.11999798553893,166969
2022-06-15,18.98878288269043,19.176232774235185,18.7638419402337,19.176232774235185,211321
2022-06-16,18.85756492614746,19.232466440175244,18.510779908377117,19.213720917555996,175456
2022-06-17,19.063762664794922,19.11999745192173,18.838821728616036,18.970036827802474,89934
2022-06-20,19.007526397705078,19.232467316369625,18.951289827285308,19.082506703926594,169320
2022-06-21,19.25121307373047,19.269956809759936,18.970035581230057,19.026270364661528,89015
2022-06-22,19.682350158691406,19.88854556441116,19.02627110499972,19.251213822821487,287462
2022-06-23,19.7573299407959,20.207211789074712,19.644858584890418,19.94478160474785,164927
2022-06-24,20.338428497314453,20.338428497314453,19.58862363550431,19.851055605288593,186218
2022-06-27,20.057252883911133,20.057252883911133,20.057252883911133,20.057252883911133,4017
2022-06-28,20.019763946533203,20.582115420173295,19.71984268387936,20.244704893523586,272792
2022-06-29,19.194976806640625,20.13223155447665,19.119996498320607,19.719840752552322,227178
2022-06-30,20.00101661682129,20.43215294608436,18.82007541087626,19.19497695538145,373966
2022-07-01,19.363683700561523,20.150977862384703,19.17623202863348,20.150977862384703,384834
2022-07-04,19.738584518432617,20.01976201580736,19.307448191864868,19.401174024323115,268402
2022-07-05,19.32619285583496,20.03850486040652,19.23246702754771,19.58862302983349,108660
2022-07-06,19.401174545288086,19.64485921348282,19.26995766125445,19.32619423484241,78695
2022-07-07,19.607370376586914,19.888546099927623,19.49489901464764,19.551135589453104,79611
2022-07-08,19.738584518432617,20.207211893052293,19.682349734026296,19.682349734026296,51077
2022-07-13,19.813566207885742,20.057252674193695,19.55113600391694,19.813566207885742,69905
2022-07-14,20.113487243652344,20.52587985812228,19.757331204568082,19.81356599228209,193114
2022-07-18,20.694583892822266,22.119211478828106,20.33842789015655,20.432151930872298,508891
2022-07-19,20.52587890625,20.90078045307704,20.188468407941457,20.80705640712397,401061
2022-07-20,20.638349533081055,20.675838792600018,20.375917565762215,20.54462370277636,285044
2022-07-21,20.432153701782227,20.80705704782506,20.413409964617397,20.75082047331565,167434
2022-07-22,21.53811264038086,21.838033859236585,20.39466254657554,20.39466254657554,489159
2022-07-25,21.500625610351562,21.87552717277893,21.313173935302046,21.556860397797752,363262
2022-07-26,22.381641387939453,23.637562825503004,21.51936699480137,21.51936699480137,858633
2022-07-27,22.02548599243164,23.037721021853553,22.02548599243164,22.47536783046993,263707
2022-07-28,22.21293830871582,22.6440746359954,21.688074361151685,22.21293830871582,195253
2022-07-29,22.925251007080078,23.899996834081872,22.025487278467608,22.41913435665347,502713
2022-08-01,23.637563705444336,25.099682374980585,23.468859355271565,24.19991690236816,1262294
2022-08-02,23.037721633911133,23.67505514856691,23.00023237358103,23.67505514856691,530949
2022-08-03,23.01897621154785,23.337642970282772,22.92525037880142,23.03772173563145,262533
2022-08-04,23.731290817260742,23.89999696421205,23.112702803553688,23.112702803553688,509004
2022-08-05,23.637563705444336,24.274897209446568,23.618819969428383,23.918741197742015,772437
2022-08-08,23.993722915649414,24.143683538623904,23.581330308633753,23.768781981187683,762338
2022-08-09,23.67505645751953,24.46235063236696,23.24391832002134,24.087449069980483,756421
2022-08-10,23.26266098022461,23.80626862565676,23.150191419195302,23.750033845142106,542346
2022-08-11,23.974977493286133,23.993723018155936,23.26266363727833,23.506350097570866,395215
2022-08-12,24.012466430664062,24.762269482780123,23.675054163376092,24.04995568943412,711515
2022-08-15,24.19991683959961,24.649798680903174,23.843760828818837,24.16242757999341,535554
2022-08-16,23.974977493286133,24.912232284716662,23.26266363727833,24.48109593874101,732513
2022-08-17,24.14368438720703,24.331134278677663,23.600076662900307,24.181173650432477,549237
2022-08-18,24.818506240844727,25.39960499325594,24.08744865374192,24.14368344021022,1085679
2022-08-19,25.81199836730957,26.393095349355068,24.481096463446036,24.912232818662265,1053843
2022-08-22,27.180387496948242,27.53654351205691,25.81199643277043,25.81199643277043,1298819
2022-08-23,26.767995834350586,29.14862381745546,26.35560502107655,27.180388435296237,966355
2022-08-24,27.574033737182617,28.39881709832282,26.33685780163657,26.767994111678345,1087512
2022-08-25,27.461565017700195,27.948937944387808,27.105408979072585,27.51780159301377,597075
2022-08-26,27.180387496948242,28.248857329945793,26.730505650177854,27.59278008365687,563651
2022-08-29,26.655527114868164,27.49905608057181,26.58054680208721,27.180389304334838,325007
2022-08-31,27.667760848999023,27.986427609315786,26.374348283555314,26.80548640126041,584962
2022-09-01,27.142898559570312,28.08015337371578,26.936703144020118,27.836468695189044,334178
2022-09-02,26.674270629882812,27.405330014154828,26.01819334543817,26.992937403462538,355780
2022-09-05,27.55529022216797,27.855211466259714,26.693015751568378,26.693015751568378,494688
2022-09-06,28.679996490478516,29.073643567731676,27.386583899073166,27.93019159740642,993304
2022-09-07,28.28635025024414,29.14862474080599,28.192624412377747,28.961173065073197,645695
2022-09-08,28.979917526245117,29.935917819575856,28.38007504619678,28.417564307364,627347
2022-09-09,29.24234962463379,29.467290555571388,28.398818899028274,28.979917644704116,272816
2022-09-12,31.641719818115234,32.166583782345114,30.142113599377357,30.460780367777062,10877295
2022-09-13,29.99215316772461,34.00360250979793,29.99215316772461,32.50399628154901,1321236
2022-09-14,30.27332878112793,30.479525977533847,28.586270886501413,29.973407536542915,395403
2022-09-15,29.561016082763672,32.14783765546303,29.279838581263938,31.847916417333924,610536
2022-09-16,29.373565673828125,29.673486924809612,28.942427534788486,29.673486924809612,230784
2022-09-19,27.311603546142578,29.57976017104814,27.2178794988667,29.392310288824767,651377
2022-09-20,28.005170822143555,28.305093840346895,27.3116025296209,27.386582837253847,255973
2022-09-21,27.79897689819336,28.455055965549438,27.761487636223332,28.005172308207616,197514
2022-09-22,27.911447525024414,28.00517157131918,27.592780762141736,27.836467215385643,287866
2022-09-23,27.667760848999023,28.717485175489415,27.667760848999023,28.11764270320919,234930
2022-09-26,27.705251693725586,28.13638983608096,27.611525855155143,27.667762430900417,220082
2022-09-27,27.40532875061035,28.398818287785936,27.40532875061035,27.705249985405125,280613
2022-09-28,26.6180362701416,27.81772307157049,26.26188022860035,27.405330454255612,201055
2022-09-29,26.69301414489746,27.461562733541005,25.73701389614361,26.73050519198813,261057
2022-09-30,27.33034896850586,27.48030958879265,26.58054586707191,26.693015438451198,130061
2022-10-03,29.017406463623047,29.167368869633385,27.74274120774362,27.93019108683127,681395
2022-10-04,28.904937744140625,29.504780235144107,28.548779924353582,29.036152842129727,362780
2022-10-05,29.186113357543945,29.710977322913354,28.586270868746478,28.961172424244896,338072
2022-10-06,29.99215316772461,30.292074413374394,29.429799938295446,29.429799938295446,495869
2022-10-07,29.54227066040039,31.041876856220433,29.392310040818387,30.14211313872841,500960
2022-10-10,29.692230224609375,30.235836110518655,29.617249917483452,29.748465008035932,510723
2022-10-11,28.586271286010742,30.160859629759454,28.24885898730126,29.71097775659458,515058
2022-10-12,28.323837280273438,28.79246464499606,28.005170529248332,28.45505415801241,587170
2022-10-13,28.511289596557617,28.586269905129782,28.173877314147084,28.361328979413283,314160
2022-10-14,29.167367935180664,29.748464865708492,28.473797862994765,28.998661798036608,480195
2022-10-17,29.99215316772461,29.99215316772461,29.279839315470554,29.279839315470554,446800
2022-10-18,29.99215316772461,31.43552639700374,29.61725161066238,30.12336826577848,1753189
2022-10-19,30.648231506347656,31.079367839824567,29.729720478743133,29.99215245629751,1103650
2022-10-20,33.1788215637207,33.29129113934858,30.42329014576268,30.81693902347526,1645115
2022-10-21,33.08509063720703,34.19105148401876,32.204072494553195,33.14132720708225,858572
2022-10-24,33.64744567871094,35.91560037150308,33.2537968394657,33.741169720018235,1286779
2022-10-25,34.45348358154297,35.784387206762375,33.74117153343261,33.74117153343261,1113434
2022-10-26,35.42823028564453,37.0778007153832,34.50972102207464,34.50972102207464,1702488
2022-10-27,35.61568069458008,36.25301421408949,35.14705331701981,35.63442621872367,723413
2022-10-28,37.49019241333008,39.17725035686126,36.98407395766772,38.42744722366333,3725491
2022-10-31,41.23921203613281,41.23921203613281,36.253016685064225,37.490192760120735,2507328
2022-11-01,45.363136291503906,45.363136291503906,42.64509578909453,43.019999160234974,1287504
2022-11-02,44.725799560546875,49.86195536206048,44.725799560546875,49.627641665411076,4520336
2022-11-03,45.73802947998047,48.26861793125056,41.407913688020635,44.80077476286881,5768922
2022-11-04,44.61332702636719,47.425091424886375,44.10721215189466,45.73803350084353,1833217
2022-11-07,43.43238830566406,45.006976682180365,43.31991872886815,44.76328842788861,1262168
2022-11-08,42.64509201049805,44.40713197818176,42.43889481710669,43.46987720872026,1272121
2022-11-09,42.532623291015625,43.63858422715558,41.93278079860276,42.72007496373047,828729
2022-11-10,42.90752410888672,43.6385852927925,41.85779972153035,42.10148439927003,1646354
2022-11-11,43.60109329223633,44.51960255807758,42.96375974853534,43.18870247145351,1129849
2022-11-14,44.3696403503418,45.08195239268657,43.769797877768696,43.769797877768696,1101738
2022-11-15,45.23191452026367,45.55058129137026,42.288935056402266,44.425878405434815,1149559
2022-11-16,42.30767822265625,45.51309127983891,42.30767822265625,45.30689409375224,1051845
2022-11-17,41.107994079589844,42.45763963813093,39.83332704218502,42.36391559287481,539863
2022-11-18,41.895286560058594,42.232698830193925,40.7705801847218,40.901795273031546,387677
2022-11-21,44.70705032348633,44.83826541065951,42.138970848300524,42.138970848300524,1083472
2022-11-22,44.913246154785156,45.3443860594549,44.01348244784013,44.969482727222896,1019121
2022-11-23,46.73152542114258,47.70627128209404,45.644309984033136,46.487837168233035,2007015
2022-11-24,49.065284729003906,50.23685316642371,46.4503466939437,46.84399197275205,2188596
2022-11-25,53.93901062011719,53.93901062011719,51.36156003503012,51.36156003503012,496083
2022-11-28,56.235286712646484,59.3282267667734,52.95489498774211,56.51646243114107,4256814
2022-11-29,55.29803466796875,57.453720050125966,53.70470075060266,56.516465225245135,1607216
2022-11-30,59.000186920166016,60.35920701565388,55.766657334444716,56.235284707003075,1762103
2022-12-01,57.50057601928711,60.734109114923115,57.359989955570136,59.89057843124911,1522375
2022-12-02,57.21940231323242,59.18763945204081,56.657050888054684,58.109795049216466,1401785
2022-12-05,56.42273712158203,60.078028530950924,55.532344386809285,59.234501394331865,1331152
2022-12-06,55.626068115234375,57.172539886565616,54.829403005968665,56.42273679984322,933333
2022-12-07,53.42352294921875,56.14156326624614,52.205092439129785,55.8135219450362,657409
2022-12-08,54.0796012878418,54.829404393539505,51.54901267768671,53.4235222296026,588779
2022-12-09,55.15744400024414,55.86038510598392,54.12646514196314,54.360778843876396,613366
2022-12-12,55.766658782958984,56.37587581324624,54.59509032113212,55.34489342163267,817231
2022-12-13,55.90724563598633,57.172538081421564,55.11057697653119,55.813518018515886,1297487
2022-12-14,56.938228607177734,57.31313195407013,55.063719023402335,56.09469786434149,1230278
2022-12-15,54.501365661621094,58.484698387051985,53.42352125872018,57.17254029441984,2655552
2022-12-16,53.79842758178711,55.9072509065469,53.79842758178711,55.48548552652627,456224
2022-12-19,52.76744079589844,53.93900921310463,52.29881342901596,53.18920614116128,885106
2022-12-20,53.6109733581543,54.17332478790953,52.76744263817826,52.86117026003293,926938
2022-12-21,54.267051696777344,54.829403119144125,53.18920729934067,53.985872410250806,1196990
2022-12-22,53.2360725402832,54.59509273106068,53.00175883757479,54.36077902835227,939416
2022-12-23,53.98587417602539,54.9231289608546,53.189209039057864,53.32979868691955,1891090
2022-12-26,56.329010009765625,56.844502991370405,54.4076384544216,54.4076384544216,1818104
2022-12-27,54.267051696777344,57.26626404985772,54.03273800823399,56.703912627490936,2013165
2022-12-28,54.454498291015625,56.14155966244454,52.53312681282497,54.360774248310925,1531222
2022-12-29,57.172542572021484,57.50058032057609,54.50136783281027,54.782543556620396,1638388
2022-12-30,58.01607131958008,58.437833103089844,56.70391321989159,57.453716315995074,1578715
2023-01-02,62.32743835449219,63.170969025517245,59.23449851963862,60.265480848151796,2371278
2023-01-03,59.843711853027344,63.592730696138666,58.57841942361446,62.7960656221147,1879399
2023-01-04,57.87548065185547,60.546655251803855,55.719795447907615,60.31234156495424,2035480
2023-01-05,53.2360725402832,58.390973999868336,52.251955703976535,58.109798271686905,1437400
2023-01-06,53.09548568725586,54.07960250916821,49.533914597907064,52.111365290000194,1452846
2023-01-09,48.59666061401367,54.36077914292689,47.7999954532633,53.84528971095057,985464
2023-01-10,47.75313186645508,50.143130845911166,47.2845044753718,48.59665902519904,865237
2023-01-11,44.14469909667969,48.830973037955374,44.14469909667969,47.94058384938762,987292
2023-01-12,45.90673828125,46.37536566702268,42.1764647195407,45.2881502750438,980468
2023-01-13,45.45685577392578,45.98171972565547,44.16344320647882,45.944228677244105,1282290
2023-01-16,50.002540588378906,50.002540588378906,45.47560190492508,45.531838478292514,805001
2023-01-17,52.06449890136719,54.82940103621051,51.26783382072185,52.3456746018689,1798075
2023-01-18,51.783329010009766,54.26705572298018,50.471170826677586,52.48627012779271,1572429
2023-01-19,51.68960189819336,53.6109734580026,51.22097451407681,51.970777613594656,710139
2023-01-20,53.93901062011719,54.12646228682852,52.017639080848184,52.345676816085636,1018300
2023-01-23,52.57999038696289,54.829403231735455,52.01763896344133,53.93901049837368,1140923
2023-01-24,50.79920959472656,53.09548451191997,49.90881684209934,52.76744319498192,583271
2023-01-25,49.72136688232422,50.986663019169825,48.268622644028916,50.79921134237677,718806
2023-01-26,49.908817291259766,50.79921005190019,48.83097285858821,50.0025413396037,502504
2023-01-27,51.08038330078125,51.97077601834055,48.45607074535101,49.86195285454683,876213
2023-01-30,48.78411102294922,51.12724799403557,48.54979732584058,51.080385969682496,445297
2023-01-31,50.18999099731445,53.189206903412504,47.518816397941116,48.784108876519404,942463
2023-02-01,48.268619537353516,52.34567626231311,48.268619537353516,50.61175640809883,947398
2023-02-02,46.75027084350586,49.62764281923055,43.45113348893775,48.737250036192975,1065547
2023-02-03,49.62763977050781,49.955677503154384,44.557091711634364,46.75026797154568,673260
2023-02-06,54.5482292175293,54.5482292175293,50.79921007646671,53.37666073594723,1285536
2023-02-07,58.01607131958008,59.98430489376962,49.29959915442963,54.548227977840384,6134567
2023-02-08,54.40763854980469,54.40763854980469,54.40763854980469,54.40763854980469,70
2023-02-15,63.78018569946289,63.78018569946289,60.827831940987075,63.78018569946289,852112
2023-02-16,70.15351104736328,70.15351104736328,65.6078273002676,67.81037435806802,4337670
2023-02-17,72.16860961914062,75.730180226853,66.54508159686992,69.87233853698768,6227273
2023-02-20,74.88665771484375,79.05743859007536,68.41959835774183,71.8405797057662,5558221
2023-02-21,79.6666488647461,82.00978559606216,75.44900274837718,75.44900274837718,6243997
2023-02-22,71.69998931884766,81.82234361237128,71.69998931884766,80.32273027208159,671461
2023-02-23,64.52999114990234,64.52999114990234,64.52999114990234,64.52999114990234,263235
2023-02-24,64.4831314086914,69.26312933316059,59.04705085102122,59.04705085102122,15826350
2023-02-27,61.39018630981445,66.26390816421222,61.39018630981445,63.40528545851814,4845573
2023-02-28,61.39018630981445,63.12410617239714,57.35999158775022,61.85881368622525,6090083
2023-03-01,59.51567840576172,63.03038382342481,59.51567840576172,60.87469497365019,4358471
2023-03-02,55.95410919189453,59.468814498227815,55.95410919189453,59.047049146399196,3232937
2023-03-03,56.18842315673828,57.68802933138287,54.360775673341784,55.95410946849112,3403636
2023-03-06,56.891361236572266,59.04704634027564,56.00096855288047,56.7976336209851,2023477
2023-03-07,54.360774993896484,58.67214537362,54.17332333057305,57.172539217718715,3251300
2023-03-08,54.0796012878418,56.329010604934915,53.798425570123065,54.50136665209152,1803386
2023-03-09,57.96920394897461,58.71901059749951,54.1733229860254,54.1733229860254,4913263
2023-03-10,55.860382080078125,59.515677062058344,55.29803065608571,57.172540169851324,2718158
2023-03-13,55.20430374145508,56.79763388507273,54.548224730666234,55.95410679292391,1518389
2023-03-14,55.29803466796875,56.61019285293927,54.82940725552834,55.25117264179339,1225778
2023-03-15,53.517242431640625,55.954106819239094,52.90802901624824,55.391751848865766,1164090
2023-03-16,55.20430374145508,55.57920347951801,53.42351836579151,53.845283699537404,1225374
2023-03-17,56.70391082763672,56.844500466437495,54.969991017590004,55.95410776316633,1881910
2023-03-20,54.454498291015625,57.82861745853041,54.454498291015625,56.70391106935881,1325273
2023-03-21,54.5482292175293,55.391756379062414,53.89215015277469,54.876266962234965,1179348
2023-03-22,56.235286712646484,56.235286712646484,53.61097404779163,54.923128592547435,981044
2023-03-23,59.42195129394531,60.780967791754804,55.81351843934419,56.23528378278368,3341420
2023-03-24,59.703128814697266,60.92155928533534,58.48469834405919,60.03117012528574,1805245
2023-03-27,61.33539581298828,62.148734254356604,59.421654868431126,60.8091177832693,1318932
2023-03-28,58.1298828125,61.000494309413575,57.986350777585805,61.000494309413575,1154506
2023-03-29,57.555763244628906,58.08204130065462,55.4028045743835,57.603606040600084,1452425
2023-03-30,56.12045669555664,58.847536180435114,56.12045669555664,57.555762456055064,665406
2023-03-31,55.25926971435547,56.02476536131663,54.015338831772176,56.02476536131663,540354
2023-04-03,53.87181091308594,55.115741890619255,52.62787993555262,54.54162102411817,610069
2023-04-04,54.06318283081055,54.78083570024609,53.39337275596979,53.967497241620976,767963
2023-04-05,53.01062774658203,54.97221156325088,53.01062774658203,54.20671588481564,669419
2023-04-06,51.718849182128906,53.39337253728683,51.5753207989324,53.10631212072258,620366
2023-04-07,50.23570251464844,52.149443562825525,50.140016922308135,51.766693893121555,925697
2023-04-10,53.29768753051758,54.82867886902669,49.85295154361517,50.52276162302714,3161746
2023-04-11,54.01533889770508,56.21614025421899,52.43650115815641,53.58474645508534,2834158
2023-04-12,54.254554748535156,55.115735955551585,53.106309489008865,54.06317993025227,763826
2023-04-13,56.168296813964844,57.125167275360596,54.3023986842089,54.3023986842089,1616356
2023-04-14,54.78083419799805,57.125167570566695,54.637302167978504,56.16829710422611,836912
2023-04-17,56.93379592895508,57.26869915082157,53.967498777599076,54.97221209336989,1010245
2023-04-18,58.512630462646484,59.325968898770846,55.881236680846165,56.93379273349783,1173268
2023-04-19,57.986351013183594,60.09146684950753,57.460072966645434,58.46478626461307,1250184
2023-04-20,59.565189361572266,59.565189361572266,57.50791630106389,57.98635155698013,399940
2023-04-24,61.23971176147461,63.82325918127481,60.47421609449043,60.47421609449043,1950538
2023-04-25,60.56990051269531,62.34011308666928,59.85224765436914,60.95265016387109,1281216
2023-04-26,58.8475341796875,61.04833554092613,57.747131673982594,60.761275128620426,1306738
2023-04-27,60.61774444580078,62.00521104484624,58.51263227528408,58.79969269397534,1313001
2023-04-28,61.81383514404297,62.14873837145798,60.426375787462426,60.5220613809606,1479040
2023-05-02,58.1298828125,64.58875868055556,58.1298828125,64.11032343106996,2040162
2023-05-03,57.268699645996094,58.704005438128036,52.34081861644591,58.129884581343816,1481231
2023-05-04,57.84282302856445,59.70872125209969,56.9337953145169,57.26869853276906,766826
2023-05-05,55.211429595947266,58.177726740459846,54.68515154129779,57.89066631521207,870050
2023-05-08,54.828678131103516,55.976923444617086,53.680432817589946,55.4984882015007,1072695
2023-05-09,57.747135162353516,58.22557042848791,54.828680768967956,54.828680768967956,1858399
2023-05-10,59.038909912109375,61.23971130717679,55.976923616716284,57.69928976719638,1499506
2023-05-11,64.20600891113281,64.49307298047043,58.75184999645839,59.42165642445612,2016071
2023-05-12,62.005210876464844,64.30169421975853,61.09617952776379,64.30169421975853,1489157
2023-05-15,61.81383514404297,63.91895470271687,59.230287617878226,60.330686543792844,1272977
2023-05-16,64.49307250976562,66.07191027891425,61.191868588018394,61.43108256043505,1237923
2023-05-17,66.9809341430664,67.26799820953082,63.53620184720577,64.30169385720676,1776879
2023-05-18,65.06719207763672,68.84682752083309,64.68444242887627,66.98093302109662,1872415
2023-05-22,64.11032104492188,66.40681161704724,62.77070093615356,65.06719150827892,1276535
2023-05-23,61.95736312866211,64.49307134225884,61.04833544924982,64.30169286744751,929861
2023-05-24,63.63188552856445,63.72757111440362,60.66558856549682,61.95736222518118,994409
2023-05-25,62.292266845703125,64.34953983967958,61.90951719327967,63.727572567034265,795859
2023-05-26,66.2154312133789,66.78955931492582,62.340110329989656,62.38794947155719,1446679
2023-05-29,70.80841827392578,72.53078812505024,67.1723073883709,67.98565316827798,3303779
2023-05-30,74.92295837402344,75.11432954189142,69.75585653782491,71.04763017178901,2567299
2023-05-31,71.71743774414062,76.31041885224992,71.47822013018373,75.06648433953717,2086998
2023-06-01,73.48765563964844,74.15746205419453,71.62175382711165,72.62647074927318,1174783
2023-06-02,73.87039947509766,75.2100196314528,73.5354962610945,74.0139315097683,1098665
2023-06-05,74.39668273925781,75.59277088619122,72.81784492523718,74.9708035897173,1547985
2023-06-06,73.00922393798828,74.44452972470881,72.5307886757481,74.34883683198659,1135251
2023-06-07,80.28144073486328,80.28144073486328,72.72216191757326,73.67903246912027,5110508
2023-06-08,77.79357147216797,86.88384086016669,76.64532253768908,80.28143321302548,6023408
2023-06-09,79.18103790283203,79.18103790283203,76.5496438939766,78.51123143889691,2000323
2023-06-12,79.946533203125,80.377122008031,77.93709931265018,79.99437234792424,2193218
2023-06-13,79.22887420654297,80.90339745233054,77.74572212585146,80.09005174981726,1750978
2023-06-14,76.93238830566406,79.99437093162044,76.93238830566406,79.51593569004335,961167
2023-06-15,80.85555267333984,80.85555267333984,77.02807088998648,77.02807088998648,1700415
2023-06-16,81.81242370605469,83.15204379990648,80.2335859990273,80.99908528132609,1765140
2023-06-19,76.2625732421875,82.33870654332408,75.7841380090487,81.95595689674458,1398288
2023-06-20,75.40139770507812,77.02807462167209,74.15746314508803,76.26257530777934,827644
2023-06-21,72.72215270996094,77.2672872543335,72.72215270996094,76.50178798988131,795289
2023-06-22,78.46338653564453,79.99437798358849,72.72216313059737,72.77000957911,2452911
2023-06-23,80.13790130615234,82.43439187827771,78.27200682274302,78.79828119738403,1906086
2023-06-26,83.7261734008789,83.9175445913723,80.8555617414202,81.23831142274996,1208099
2023-06-27,84.73088836669922,85.20932363178427,82.81714730635902,83.39126816439253,485973
2023-07-03,86.83599853515625,89.80229564763852,85.97481361854072,85.97481361854072,1431289
2023-07-04,85.1614761352539,87.936402098606,84.5395088382425,87.21874920982576,1136632
2023-07-05,85.01793670654297,86.50108880122394,82.81713908581173,85.30500075723673,1119784
2023-07-06,86.69246673583984,88.55836861032822,84.68304012514228,84.73088657077376,2544739
2023-07-07,90.56779479980469,90.66348039028,86.11834548944802,86.74031277805145,1956215
2023-07-10,89.46739196777344,91.81172177834276,89.18032789693767,90.66348009568485,1573521
2023-07-11,89.5152359008789,90.80700958270248,86.69246361802047,90.2328887574856,1697638
2023-07-12,89.61092376708984,92.5772208564262,87.26658666235465,89.56307732196241,3311369
2023-07-13,95.63920593261719,95.68705237894376,89.08464430472809,89.61092601294938,2795481
2023-07-14,97.2180404663086,97.88785419049503,93.2470264669245,96.06979879676398,1726473
2023-07-17,99.22747039794922,99.80159855250356,95.20861711812525,97.60079342762587,2030543
2023-07-18,96.16548919677734,100.37572102964015,94.53881220015309,99.22747200230874,2047740
2023-07-19,97.5051040649414,98.5576601403524,93.82115415083167,96.16548392335356,998903
2023-07-20,99.70590209960938,103.24632729145652,97.88785400958088,98.46197484329211,1563324
2023-07-21,101.42827606201172,102.76789626252194,98.07922921090756,99.51453500423791,1657281
2023-07-24,98.9404067993164,104.2988799030757,96.45254506903626,102.86357421633613,2402048
2023-07-25,95.87841796875,100.56708472178799,94.15605550664006,99.89727831435783,1621551
2023-07-26,98.55765533447266,99.03609055454291,95.16076235183701,96.45254328630038,1284826
2023-07-27,98.36628723144531,99.80159293637685,97.21803828729468,99.03609364027643,797430
2023-07-28,98.65335083007812,102.86358264976498,97.60079470024212,99.03610050465745,3102709
2023-07-31,101.81101989746094,103.43769678318459,99.32315812503674,102.38514072181385,2098545
2023-08-01,101.14120483398438,102.38513935374623,99.51452796999634,101.81101853706471,1618971
2023-08-02,100.47140502929688,103.53338778624311,100.37571943695657,101.14121147602175,2679061
2023-08-03,104.0118179321289,104.58594605861587,100.18433602404185,100.85414973816252,2755503
2023-08-04,113.4848403930664,113.4848403930664,107.0738109319555,107.0738109319555,4639270
2023-08-07,119.22605895996094,119.41743743393845,113.4848361467974,116.83388278780947,4092305
2023-08-08,111.85816192626953,119.2260617913314,110.61422736707298,119.2260617913314,6268698
2023-08-09,112.81503295898438,116.3554508746912,108.12636606766321,113.29346820707138,4048610
2023-08-10,122.09667205810547,124.01042032268259,114.53739378930992,115.78132833619944,9026007
2023-08-11,132.0481414794922,132.14383437880988,117.98214672029228,120.0872590991034,6401839
2023-08-14,129.17750549316406,135.39716316505715,128.41200624417894,133.38772946155666,4170981
2023-08-15,122.95785522460938,130.23007662680567,120.08724381858737,129.6559485053274,2889347
2023-08-16,123.62767028808594,126.11553952109534,121.61824362325305,123.91473436892328,2717886
2023-08-17,128.22064208984375,129.65594778487932,122.57511219631103,123.62766094559304,2550790
2023-08-18,123.91472625732422,128.22064338595712,122.00098531126515,128.22064338595712,2034397
2023-08-21,135.8756103515625,136.16267442032958,121.04411767234265,122.95785866320973,3194704
2023-08-22,138.65052795410156,142.28663873081982,133.5791260452072,135.87560937751087,3147714
2023-08-23,132.81362915039062,140.7556572701754,132.43087218758683,138.6505304764676,1756115
2023-08-24,134.3446044921875,135.58853898947677,126.78533382515036,133.77049098622,2150767
2023-08-25,131.2826385498047,136.54542665537818,127.74222038073795,135.8756201802606,1707095
2023-08-28,129.0818328857422,133.10070092395796,128.6990905014769,131.5697021855247,2562715
2023-08-29,126.3069076538086,130.70851785171544,126.21121476228159,129.27321208292216,1590627
2023-08-31,132.7179412841797,134.91874645139634,126.68965394812908,127.45515330203303,3282256
2023-09-01,131.66539001464844,133.6748093557356,128.89045673312026,133.38774527824157,1593562
2023-09-04,133.0050048828125,137.50229349468412,131.09126380536196,132.04813434408723,2621738
2023-09-05,136.0669708251953,136.64109891755888,131.66537565291557,133.19635956474525,2312674
2023-09-06,135.9713134765625,139.22466756565734,132.62226649044703,138.2677969981958,3557761
2023-09-07,149.55885314941406,149.55885314941406,136.64110216991796,136.64110216991796,3912610
2023-09-08,149.654541015625,155.77852100287598,147.16668646513241,153.00358778030304,2891165
2023-09-11,148.41061401367188,155.7785136269661,144.48743929196073,150.5157261030867,3466189
2023-09-12,157.11813354492188,163.24211351956183,147.5494285226893,149.2717983468282,3438068
2023-09-13,149.46316528320312,159.41462698416925,148.50629480814973,158.1706924464629,1693545
2023-09-14,146.783935546875,149.55886888370586,136.2583595673532,149.46317598907225,2232222
2023-09-15,152.42947387695312,154.151843700557,147.07099322589332,148.31492779853417,2101986
2023-09-18,143.53057861328125,154.15184727093825,142.5737080891927,152.33378451475875,1483583
2023-09-19,147.8365020751953,148.8890655354226,140.27723046308114,143.53058453902457,1100967
2023-09-20,153.48202514648438,160.46718284345022,145.44431864081855,148.12355900960227,2496219
2023-09-21,160.2758026123047,162.47660759816281,148.31492182034165,155.01301506384095,2458314
2023-09-22,162.763671875,167.6437024842371,158.55343307018717,160.65854517225128,2535504
2023-09-25,178.36065673828125,179.0304777740064,164.5817272720575,165.25153370709742,3173591
2023-09-26,171.1841278076172,191.27840844823046,167.6437098529795,179.31752711453208,4118417
2023-09-27,169.27037048339844,176.44689859209,165.72995286991403,174.15041543758224,2418739
2023-09-28,163.62484741210938,171.75824626007972,162.47660578900337,169.27037724277974,1007632
2023-09-29,166.20840454101562,171.27982116031276,162.28524421339728,166.49546861393532,1082383
2023-10-02,174.1504364013672,176.1598703539649,164.86879518362923,166.208408084904,2161909
2023-10-03,172.23667907714844,175.29866156282756,168.69626137181055,174.1504199557834,938787
2023-10-04,177.0210418701172,180.75283096656455,170.32294839395058,172.23668938714104,2336995
2023-10-05,178.83909606933594,180.17872357064323,162.66798996593755,178.93478896253131,1674143
2023-10-06,174.341796875,178.36064993257753,170.80137905286466,178.36064993257753,1286598
2023-10-09,165.72996520996094,171.75825219025737,165.44290114410208,166.49546451868957,1098876
2023-10-10,174.1504364013672,176.9253550971587,166.78253624298492,166.78253624298492,1376365
2023-10-11,170.22726440429688,175.20300292729507,167.45234565935897,173.6720042124209,729050
2023-10-12,168.02645874023438,176.06416476989034,161.61541497295704,172.7151181574196,1014969
2023-10-13,166.6868438720703,169.366084283701,163.24211871484707,168.02647137822848,689279
2023-10-16,165.53860473632812,171.75826329578553,162.85936428288622,168.1221522947348,1630373
2023-10-17,177.88221740722656,178.36065264995787,162.1895472859136,165.53859398503275,1717884
2023-10-18,175.29867553710938,180.083028115091,170.89707992577752,173.6719985807327,1618326
2023-10-19,172.23667907714844,177.02103127373587,167.45232688056097,175.29866156282756,1395742
2023-10-20,164.5817108154297,169.6531269176698,162.09384190469038,167.35662916913725,921968
2023-10-23,166.39976501464844,170.32293969048962,164.10328178044367,165.6342803370364,1240671
2023-10-24,171.7582550048828,175.7771081907096,166.01703199636307,168.40920824991295,2584630
2023-10-25,160.3715057373047,177.02104702237853,157.88363653347272,175.5857412357106,2606400
2023-10-26,170.9927520751953,172.52375068543304,155.0130179588351,162.6679818086541,2037295
2023-10-27,166.30409240722656,173.48062100994906,164.29465855819032,170.99275192073134,1302274
2023-10-30,166.59115600585938,169.74881690168394,162.76367409510496,166.20839905437305,945432
2023-10-31,161.328369140625,167.83507673909483,159.70167764032269,167.45233438648538,524598
2023-11-01,165.44290161132812,165.44290161132812,153.7690845724741,161.80680543579692,1003364
2023-11-02,161.90248107910156,166.3997693811657,159.60599778463447,165.44289890835694,652840
2023-11-03,158.45774841308594,162.85934361303143,157.40518510403157,161.99816606975713,537057
2023-11-06,159.98873901367188,161.61541588592416,158.93619026136022,160.75423830669783,531909
2023-11-07,157.88363647460938,160.754248046875,156.73539476584023,159.98874870746707,409521
2023-11-08,159.79737854003906,161.71111960039883,156.4483316844095,159.79737854003906,646338
2023-11-09,160.75424194335938,160.75424194335938,156.73538881491237,159.60600027818666,377873
2023-11-10,159.12757873535156,160.65856288717282,157.40520878895222,160.65856288717282,490776
2023-11-13,150.22866821289062,159.7973731946034,149.27179771471936,159.12756676602052,580616
2023-11-14,148.41061401367188,151.28122539033333,142.57369837418642,150.03729087364314,816088
2023-11-15,148.41061401367188,152.9079022503046,144.48743929196073,151.37690367581138,981949
2023-11-16,155.0130157470703,156.06557910167612,148.02785841363948,148.31492247404876,1383220
2023-11-17,157.4051971435547,167.1652733168174,153.67340803635236,154.7259568252295,2468277
2023-11-20,158.93618774414062,161.23267098616236,156.44831873138008,161.23267098616236,1089562
2023-11-21,160.65853881835938,162.18953734150261,157.11812115936013,161.23266691470909,2036649
2023-11-22,156.06558227539062,165.53859425674545,155.10871178835743,160.6585489326021,1906260
2023-11-23,150.22866821289062,157.11813287958682,148.79336246563372,156.2569552715067,1197517
2023-11-24,148.41061401367188,150.80279016088977,143.8176328908766,150.22866204528367,1458181
2023-11-27,146.49688720703125,150.8028046867857,146.30550141627123,148.50630660383845,979457
2023-11-28,146.40118408203125,147.7407969196321,143.53057262944242,146.78392643543583,1253872
2023-11-29,139.51171875,146.68824734207115,139.2246546861802,146.49687616641953,1249782
2023-11-30,140.65997314453125,140.85134433751585,138.07642553752402,140.18153786172672,1525945
2023-12-01,138.076416015625,142.1909620841376,137.11954551600277,141.13839869427912,507262
2023-12-04,139.0332794189453,139.70308581435674,133.96186310965714,138.74621536357347,840606
2023-12-05,135.205810546875,139.32035679889447,135.0144393585525,138.93759982156374,601252
2023-12-06,129.94300842285156,136.35403743841567,129.17750915218326,135.6842310518375,1219613
2023-12-07,136.8324737548828,138.17208653878276,128.02926857330692,130.32575180304522,890190
2023-12-08,132.33518981933594,137.69365572729467,131.47399763007996,136.83247813872347,601465
2023-12-11,132.62225341796875,133.96186624009582,130.13438434752166,132.43086764279226,625652
2023-12-12,129.27320861816406,132.6222553222545,128.02927406507922,131.56969194640925,545687
2023-12-13,121.52255249023438,129.56025878317274,121.33118131196156,129.273209316106,760928
2023-12-14,123.81903839111328,128.2206485858262,118.55625787636605,122.47942551481907,1033528
2023-12-15,122.76648712158203,126.49827620247433,120.56568206844953,124.20179286049215,2001141
2023-12-18,116.73820495605469,123.81904105573786,116.73820495605469,122.76649223047988,1076384
2023-12-19,125.44573211669922,128.4120219944032,116.35545479632565,116.73820446776392,1649928
2023-12-20,120.7570571899414,127.07240848763651,118.17350969567904,124.39316810071477,1302461
2023-12-21,126.40259552001953,126.97670904430095,119.32174524840417,120.56567978537434,1671770
2023-12-22,126.9767074584961,128.02927080756038,123.53198255377436,127.0724003450236,915379
2023-12-25,126.9767074584961,138.7462170678356,122.76648326360801,127.16807863086655,2711306
2023-12-26,124.68022918701172,130.4214521923935,123.34060172534488,128.22064712019346,1329742
2023-12-27,124.48886108398438,127.07240858012719,122.95786240443319,124.87160345352942,934037
2023-12-28,132.62225341796875,134.82304382565113,123.91472627208863,125.25433909421571,1362654
2023-12-29,136.1626739501953,136.64110919626017,130.13438692964112,132.8136272277413,1013371
2024-01-02,142.47801208496094,143.43488258815256,135.4928690922101,136.16267552430722,1260092
2024-01-03,138.65052795410156,143.43488039697166,136.5454157993757,143.33920210852523,1016476
2024-01-04,139.2246551513672,139.51171921614616,135.87560846387726,138.65052702180927,575682
2024-01-05,135.8756103515625,141.42546214521403,133.00499886526188,141.13839807644698,1163229
2024-01-08,141.90390014648438,149.08042900149184,137.02385468480517,137.78935401614305,1379362
2024-01-09,143.14784240722656,148.2192447226994,138.65053906982826,141.13840837984918,1909936
2024-01-10,145.44430541992188,145.5399983032349,141.3297596490899,142.95643646062325,914132
2024-01-11,143.43487548828125,148.98472705221812,141.71252034833915,145.44430928579297,547721
2024-01-12,147.93218994140625,150.03730218959055,140.75566095849234,143.4348867648984,1424610
2024-01-15,145.82705688476562,148.69766835573097,144.48744403858913,147.83649075471536,835459
2024-01-16,147.26235961914062,147.93218062926334,143.81763468459437,145.82705391290853,809376
2024-01-17,151.8553466796875,153.0035883690009,145.06157483418338,146.87962295887252,1269170
2024-01-18,156.16127014160156,157.21383358216946,149.65454751055861,151.95104558070156,1274690
2024-01-19,155.0130157470703,156.35262856140076,152.0467114573155,155.96988621464482,754982
2024-01-22,151.4726104736328,157.5965761326786,150.32436873764746,155.20439976575668,724060
2024-01-23,153.2906494140625,157.1181313699726,150.32435965864315,153.099278236404,893631
2024-01-24,153.09927368164062,155.01301460266114,152.42946727942035,153.09927368164062,421857
2024-01-25,156.44833374023438,157.5965754714017,153.5777221119732,153.67341500652287,860711
2024-01-26,158.55343627929688,159.3189355866369,156.73538819996355,157.30950172995492,585674
2024-01-29,157.02244567871094,159.7973641256491,156.06557523484477,158.55342962848624,820316
2024-01-30,166.59115600585938,167.4523335955052,155.10871027359616,157.88362881861917,1544034
2024-01-31,163.62484741210938,167.35663633737497,162.1895417330558,166.49545877021657,798241
2024-02-01,171.85394287109375,176.54260235070302,163.81622213374035,164.67741432025215,1557371
2024-02-02,172.23667907714844,174.4374840077155,167.64369804828763,174.1504199557834,881528
2024-02-05,171.7582550048828,174.6288665091427,168.88764350062294,172.2366902555928,641553
2024-02-06,172.52374267578125,174.62885471661178,169.17469614696952,171.75824340620173,1209457
2024-02-07,171.27981567382812,175.96847517881542,170.5143163707914,173.95905593411436,902020
2024-02-08,173.00218200683594,175.39435815571176,170.70568414350447,171.85394037551245,1137682
2024-02-09,178.93478393554688,181.3269601913697,173.1935609215721,173.95906024357242,1166702
2024-02-12,175.5857391357422,188.79055513529747,174.3418045487034,183.43207442221595,1979833
2024-02-13,170.3229522705078,177.69085234184774,168.2178400502229,177.02104589912327,1404499
2024-02-14,169.84451293945312,171.7582539303202,163.24211236123574,171.7582539303202,1221284
2024-02-15,173.48062133789062,174.62886299635986,170.41863871507772,171.27981630875843,1237809
2024-02-16,173.09786987304688,175.77711022821597,169.46177360605162,174.15043327708358,1034467
2024-02-19,168.60057067871094,173.95905104880052,167.45232905674442,173.95905104880052,698245
2024-02-20,167.93077087402344,170.32294709730013,166.68683631778256,167.93077087402344,1007491
2024-02-21,164.39035034179688,170.22725147237628,163.14641580554724,169.36607388611063,1196305
2024-02-22,167.83506774902344,169.6531303282461,163.24210136099242,164.48602124068512,1341291
2024-02-23,166.49546813964844,173.76768982970026,165.92133999544453,171.27982067239694,1102213
2024-02-26,163.72055053710938,167.8350820605143,161.71111662048602,167.45233969576955,1096887
2024-02-27,156.92677307128906,157.8836436387969,152.42948432413934,154.0561613687655,3036424
2024-02-28,152.33377075195312,158.8404926480335,151.9510284171713,156.92675177275598,1187551
2024-02-29,150.22866821289062,153.8647790260785,149.3674906048105,153.19497259749562,1174882
2024-03-01,148.88905334472656,153.00358475074128,148.69766756712923,151.37690784595816,1854545
2024-03-04,148.60198974609375,149.75023141186242,145.25294303720224,148.98473210112166,1101709
2024-03-05,148.69766235351562,149.94159686085922,145.54000154346141,149.7502256906566,1158413
2024-03-06,145.25294494628906,148.69766998886973,145.1572520559319,148.69766998886973,1116219
2024-03-07,150.13296508789062,150.13296508789062,145.44430580676206,145.44430580676206,1203323
2024-03-08,146.40118408203125,152.14240698720894,145.63568477453725,150.70710126091453,1595962
2024-03-11,145.82705688476562,148.88905413434333,145.15725046167736,148.31492599987627,1470656
2024-03-12,141.32977294921875,146.01844725979822,141.32977294921875,145.82706147516137,1194592
2024-03-13,140.4685821533203,142.8607582301797,140.4685821533203,141.32975970071607,864237
2024-03-14,143.53057861328125,144.77451321473345,140.37290296365197,141.1384023030599,880501
2024-03-15,144.39175415039062,145.63568873380046,141.42546432915128,144.0090117865808,643260
2024-03-18,138.7462158203125,144.6788097145614,137.50228131006247,144.48743854391165,967347
2024-03-19,139.7987823486328,140.37289587367724,137.50228444640086,138.74621898502426,732745
2024-03-20,139.70309448242188,141.99957786651635,138.45915989908517,139.6074015911324,775087
2024-03-21,139.2246551513672,144.4874428031371,138.93759108658824,140.18152563350716,1319848
2024-03-22,140.947021484375,144.10469691817102,139.70308696794817,139.70308696794817,910735
2024-03-25,138.2677764892578,145.34861179791508,137.78934127649222,142.5736934041482,1548247
2024-03-26,134.9187469482422,138.74622913117105,133.29206994063458,138.74622913117105,903679
2024-03-27,135.68423461914062,136.54541219585624,133.38773674675804,134.91873532834643,734770
2024-03-28,139.2246551513672,139.2246551513672,135.1101091580283,135.87560846387726,711553
2024-03-29,142.95643615722656,143.2435002058724,138.17208401540927,140.18151775524615,808767
2024-04-01,137.7893524169922,140.85133510612167,133.77049922496695,140.65996392567953,1247047
2024-04-02,132.4308624267578,140.9470180627216,132.0481200928493,137.88503558940107,1098423
2024-04-03,133.3877410888672,133.3877410888672,129.08182386375145,132.43087059439702,736478
2024-04-04,130.9955596923828,133.19636466310487,129.9430109503397,133.19636466310487,1227561
2024-04-05,136.73680114746094,136.92818694555766,130.99557762103396,130.99557762103396,1577689
2024-04-08,144.58314514160156,144.58314514160156,137.5022943505493,137.5022943505493,2016585
2024-04-15,138.93759155273438,141.32976776611025,136.4497370512344,141.32976776611025,1336976
2024-04-16,133.9618682861328,138.74622072492326,131.66538495578735,138.74622072492326,1240586
2024-04-17,131.9524383544922,136.64111264466666,131.66538888015702,134.15324346206916,1127136
2024-04-18,131.0912628173828,133.0050038804103,129.8473282062778,132.71793980081904,775029
2024-04-19,132.81362915039062,133.10069322232215,129.1775183075233,129.1775183075233,703094
2024-04-22,137.3109130859375,139.7987821598242,136.64110667394792,137.78934832317074,1324710
2024-04-24,136.3540496826172,138.84191888552158,133.77050218771524,137.78935546875,1197547
2024-04-25,139.70309448242188,139.89446566431553,135.30148429544133,136.35404769688438,991449
2024-04-26,145.44430541992188,145.6356765858639,137.11953559562895,140.18151805275363,2065439
2024-04-29,145.54000854492188,149.46316882520154,143.530574659416,147.35805665033376,1785504
2024-04-30,144.48744201660156,146.11411890724753,142.95644341323782,145.73137655674898,880607
2024-05-02,147.5494384765625,148.69768023655524,144.96589086640734,145.73139023996453,1521652
2024-05-03,147.64511108398438,148.12354630162483,145.1572421119803,147.54941820018263,899719
2024-05-06,148.88905334472656,149.94160211808747,146.11412017709895,147.93218285947944,1345506
2024-05-07,146.40118408203125,149.75023077671824,144.67881429034097,148.98473146922424,945673
2024-05-08,146.783935546875,148.60199834011297,145.25295143753786,146.8796284415086,764236
2024-05-09,146.1141357421875,147.93219861824062,145.6357004485977,147.35807042565827,592510
2024-05-10,149.08041381835938,151.5682681409746,145.15723927023788,146.7839160582332,1587275
2024-05-13,145.44430541992188,150.13296468857993,145.3486125366088,149.27178714149875,729796
2024-05-14,143.43487548828125,146.20980857059192,141.9038915193678,145.44430928579297,857208
2024-05-15,141.61683654785156,144.67881928280318,141.5211436558559,143.53057758228198,624627
2024-05-16,143.6262664794922,144.87018643672556,141.52113971962189,141.9038966762733,800083
2024-05-17,144.77450561523438,148.8890515729716,142.7650717798534,148.79335868531163,1502907
2024-05-20,146.783935546875,147.16669252472363,142.95645337250343,144.7745161657414,1339151
2024-05-21,143.72193908691406,148.3149201803788,143.62626080204703,147.35804972760215,1374057
2024-05-22,144.67881774902344,145.54000996579862,142.5737055536039,143.72194724195225,951826
2024-05-23,139.9901580810547,145.34862415933898,139.9901580810547,144.6788177246391,1440455
2024-05-24,136.44973754882812,140.65996185944923,135.97130230440823,140.2772195041873,856640
2024-05-27,135.8756103515625,138.36347947996373,135.8756103515625,136.73678795717868,596871
2024-05-28,134.1532440185547,137.78935491563206,134.1532440185547,135.87561387513716,524492
2024-05-29,134.3446044921875,136.54540943344017,132.1438141516191,134.15323332353168,715737
2024-05-30,136.9281768798828,138.74622502266428,133.96187243567584,134.4403076943747,699427
2024-05-31,136.3540496826172,139.41603243956342,135.6842432358923,136.92817783734452,596510
2024-06-03,130.70851135253906,132.43086650890265,126.49827254634525,128.9861415954909,1862580
2024-06-04,129.8473358154297,132.81364047722423,128.12496583763564,130.80420640301676,661290
2024-06-05,128.6033935546875,131.0912627761143,125.3500395888392,131.0912627761143,625378
2024-06-06,127.16807556152344,128.5077029371523,125.92415567079662,128.5077029371523,443374
2024-06-07,124.1061019897461,128.6990833491078,123.24492437266557,128.0292769135246,567494
2024-06-10,126.3069076538086,126.4026005453356,122.47942560369319,124.10610255485517,462831
2024-06-11,124.39315795898438,127.4551404655302,124.20178678995357,126.30689885066106,434529
2024-06-12,126.3069076538086,127.35947105786447,124.20179544638218,124.39316662875089,529113
2024-06-13,128.69908142089844,129.0818237781587,126.49827636493939,126.6896475435695,373840
2024-06-14,131.0912628173828,131.37832689697404,126.11553897364847,129.36889294052096,666158
2024-06-20,133.1963653564453,133.1963653564453,130.89988208850218,131.95243083602423,653795
2024-06-21,135.3971710205078,135.3971710205078,132.52655962077972,133.48343008735574,413866
2024-06-24,139.2246551513672,139.99015445721614,133.4834322585273,135.39717322280728,1135340
2024-06-25,136.8324737548828,142.57369642991287,136.8324737548828,141.4254548150437,620151
2024-06-26,133.2920684814453,137.8850499708163,131.4740057040455,136.8324865417593,362769
2024-06-27,135.4928741455078,137.5022935167418,131.7610702834692,133.2920689859495,313361
2024-06-28,137.21522521972656,138.6505309839525,135.58854827374086,135.68424116496337,408214
2024-07-01,134.24893188476562,138.363477887924,130.32575705835498,137.2152216260678,490946
2024-07-02,132.14381408691406,134.44029731102802,130.32575148386326,134.2489261424659,367392
2024-07-03,133.9618682861328,134.53599641906163,132.04812731061662,132.23949848803124,402847
2024-07-04,138.7462158203125,139.03327987662934,133.19636426736312,134.05755643631363,581008
2024-07-05,138.93759155273438,140.4685901695689,137.78934989045092,138.84191326461027,645063
2024-07-08,142.76507568359375,142.76507568359375,139.3203506439148,139.70309300365076,781930
2024-07-09,142.38233947753906,142.95645304195585,139.70309904153683,142.86077474822926,537822
2024-07-10,144.77450561523438,146.40118250066033,141.42545895672254,143.81763514137387,871866
2024-07-11,147.16668701171875,148.31492870087882,144.9658819237622,145.444317177636,1166471
2024-07-12,147.8365020751953,149.27180792058556,145.73138975542685,148.31493735699206,606402
2024-07-16,150.22866821289062,154.05615020557573,147.16668553887956,148.31492721654809,1093619
2024-07-17,150.13296508789062,150.99415723794638,147.07098262262193,149.27178753851896,669900
2024-07-18,150.99417114257812,152.14241284770677,149.46317246861634,150.4200429896711,361785
2024-07-19,149.55885314941406,151.66396520371362,148.69766099037042,150.89846592923627,417359
2024-07-22,152.9079132080078,154.05615492082092,149.46317346888296,150.22867281098686,913692
2024-07-23,155.0130157470703,155.0130157470703,148.31492247404876,153.1949676989526,985464
2024-07-24,155.58714294433594,155.68282123011468,152.71653155865215,155.30007888563065,513124
2024-07-25,151.185546875,156.44833489912975,150.22867632515823,155.5871572445465,598209
2024-07-26,151.8553466796875,153.96045887687632,149.27179922856098,151.56828260718783,614919
2024-07-29,148.12355041503906,151.66396820375962,148.12355041503906,151.66396820375962,628176
2024-07-30,146.87960815429688,148.31491377143985,145.06156021285597,147.3580433600112,607051
2024-07-31,142.95643615722656,145.731369159891,142.95643615722656,145.731369159891,221589
2024-08-01,144.58314514160156,146.97532150330454,142.9564535350949,142.9564535350949,468433
2024-08-02,140.56427001953125,144.77450896226458,139.70309241342116,144.20038082440115,283501
2024-08-05,136.3540496826172,136.83248494466147,128.89045667458947,128.89045667458947,632611
2024-08-06,136.8324737548828,141.32976193018615,136.35403853196365,136.35403853196365,534783
2024-08-07,144.8701934814453,145.9227569125643,135.11011692284043,137.21522918439274,794280
2024-08-08,144.77450561523438,145.4443120267998,142.86076466751334,144.8701839022096,209597
2024-08-09,150.22866821289062,150.22866821289062,140.8513344106751,145.73137979162263,736986
2024-08-12,146.783935546875,153.0992869748624,145.44432262611926,151.1855458876766,616765
2024-08-13,143.43487548828125,146.87961496953434,142.0952626903964,146.7839220836778,503945
2024-08-14,143.6262664794922,145.6356857493434,140.0858339837203,143.53057359015807,351637
2024-08-15,144.77450561523438,146.01844015139,141.13839489442745,143.43487819141882,196158
2024-08-16,144.20037841796875,147.166682746286,143.62626489037126,144.58313537038524,462204
2024-08-19,147.45375061035156,149.36749161969715,136.16267573507557,141.80820587237096,1219594
2024-08-20,146.40118408203125,147.54942574292983,143.72194380614468,147.54942574292983,507883
2024-08-21,146.40118408203125,148.21923216173025,146.40118408203125,146.40118408203125,255346
2024-08-22,147.26235961914062,147.93218062926334,145.44431156485382,146.49687492303124,396419
2024-08-23,148.69766235351562,149.8459185761001,141.9038909068741,148.31492001311037,495559
2024-08-26,149.36749267578125,153.9604594501365,147.4537516529048,148.69767163722625,855036
2024-08-27,148.5063018798828,151.28123515008826,144.7745126897441,149.55886529283754,643275
2024-08-28,149.08041381835938,151.18552581462885,147.3580441484357,149.84591307173477,353190
2024-08-29,151.185546875,154.63028669470472,147.3580646756329,148.79337050039555,637059
2024-09-02,150.4200439453125,151.75967144371128,149.36749512587653,150.70710802358977,635241
2024-09-03,148.31492614746094,151.95103693443892,146.9753132999514,150.4200383081266,686078
2024-09-04,148.5063018798828,148.5063018798828,145.1572550577174,147.54943135926413,341145
2024-09-05,146.49688720703125,149.65454834496913,146.49688720703125,149.65454834496913,297173
2024-09-06,146.87960815429688,148.21922089002348,146.11410890501722,146.59254411073152,168246
2024-09-09,152.525146484375,154.15183795759458,150.132970318681,150.132970318681,1102073
2024-09-10,152.8122100830078,156.44832076402105,149.08042111606645,152.62083891046703,556619
2024-09-11,149.1761016845703,154.05614696279616,148.6019881581633,152.90790530929735,414618
2024-09-12,147.0709991455078,151.7596735540758,146.87962795755695,151.37691657748832,364586
2024-09-13,150.51573181152344,150.51573181152344,147.26236336750966,148.3149267524787,285979
2024-09-16,148.9847412109375,151.28123928358136,147.8364994749585,150.5157399260334,286303
2024-09-17,151.3769073486328,151.95103547816885,148.41061761452295,150.13297280176133,651772
2024-09-18,149.55885314941406,152.14240042517642,148.50628982192217,151.18552998225078,277634
2024-09-19,155.2043914794922,155.2043914794922,149.65453968439928,149.84592546408373,453416
2024-09-20,153.86477661132812,157.97932260902803,153.38634136975102,155.30008233605938,363250
2024-09-23,152.1424102783203,155.20439297384758,151.1855397734252,154.2475224689525,433782
2024-09-24,153.38633728027344,154.05614368048649,151.66396753637954,152.3337739365926,396581
2024-09-25,153.09927368164062,155.30007866095113,152.6208384513855,152.9079025096755,829940
2024-09-26,148.79336547851562,154.0561533250226,147.9321878529977,152.62084754870253,358132
2024-09-27,149.1761016845703,149.2717945726472,146.87961837757274,148.7933593336323,302828
2024-09-30,147.5494384765625,149.5588725070644,145.9227614331823,148.98474432672495,152883
2024-10-01,144.77450561523438,148.21923056072143,142.57370060521822,147.549424149156,551722
2024-10-02,141.61683654785156,147.93218780174612,138.65053210421024,142.28664298976514,512883
2024-10-03,139.51171875,143.43487895325467,138.45915538288898,141.52113799536903,127759
2024-10-04,153.38633728027344,153.38633728027344,136.83247544291658,139.51171564445323,483287
2024-10-07,153.09927368164062,154.34320820044087,147.7407932625094,152.14240322113037,430430
2024-10-08,148.31492614746094,153.00358571442925,148.31492614746094,153.00358571442925,441424
2024-10-09,148.31492614746094,148.6019902149801,144.48744418236518,148.6019902149801,192442
2024-10-10,146.20980834960938,148.69766277059026,145.63568023670678,148.31492042911148,142383
2024-10-11,143.53057861328125,147.83649597167968,143.53057861328125,146.01844781618564,106861
2024-10-14,137.3109130859375,144.67881281919233,137.3109130859375,143.5305711699695,243503
2024-10-15,143.53057861328125,145.3486267687753,136.83248494466147,136.83248494466147,267403
2024-10-16,149.654541015625,149.654541015625,141.52114172997832,143.53057562905923,282620
2024-10-17,149.55885314941406,151.95102925672816,147.35804821054825,150.03728837087687,244655
2024-10-18,144.10470581054688,150.1329783917032,144.10470581054688,149.750236024885,136836
2024-10-21,144.39175415039062,145.06157518808573,142.09527076616112,144.0090117865808,84922
2024-10-22,148.21923828125,151.37691392960548,141.13840224612537,143.3392073707783,441339
2024-10-23,144.48744201660156,148.79335916279166,143.05213630120485,148.21923103635908,145131
2024-10-24,143.81764221191406,145.73138325372082,143.24351405909786,144.48744865640933,228346
2024-10-25,145.54000854492188,147.35805665033376,144.00900990828075,145.44431565487488,407464
2024-10-28,146.3054962158203,148.12355895861597,144.87019044025365,145.82706095729807,163508
2024-10-30,147.35804748535156,148.7933531426764,145.92274182802672,146.401177047135,344868
2024-10-31,148.79336547851562,148.88905837054446,144.39175525752654,145.82706103384663,665073
2024-11-01,149.55885314941406,151.66396520371362,147.0709841575337,148.7933538749367,266607
2024-11-04,148.5063018798828,150.89847818142954,145.25294795005345,149.65454358448815,229975
2024-11-05,147.0709991455078,148.50630495616798,146.1141286050677,148.50630495616798,203522
2024-11-06,148.12355041503906,148.79335681819953,146.87961589449276,148.02785752857991,531437
2024-11-07,147.16668701171875,148.5062998822913,145.82705954046097,148.31492870087882,241336
2024-11-08,156.16127014160156,160.75425168120162,146.7839358733943,147.45375693594795,1206847
2024-11-11,158.93618774414062,164.19897522440112,156.6396899014345,156.6396899014345,611455
2024-11-12,158.45774841308594,160.7542315956067,157.21381393893552,158.55342669529196,333517
2024-11-13,154.3432159423828,159.51031084804873,150.03729865409946,158.45776204910175,1825020
2024-11-14,157.11813354492188,160.18011623189926,154.6302789995525,155.58714950177574,748987
2024-11-15,155.491455078125,158.64913062446394,155.491455078125,157.1181319957284,349183
2024-11-18,153.5777130126953,156.73538853683164,150.1329734226039,155.49145398481613,688612
2024-11-19,150.99417114257812,157.59657189758178,148.79336602401509,153.57771862928888,840440
2024-11-20,148.88905334472656,155.20438978694665,147.7407970818821,151.5682790228706,476135
2024-11-21,152.42947387695312,153.38634437887916,147.93218543803783,149.84592644188987,736155
2024-11-22,152.2381134033203,153.8647904508586,150.80280754948896,153.48203346275855,569846
2024-11-25,162.85934448242188,164.77308534496663,153.48201133581574,153.48201133581574,1650624
2024-11-26,160.3715057373047,165.15585835953112,158.84050705791802,162.85936034045113,363282
2024-11-27,156.6396942138672,162.76367402899783,156.35263015054025,161.71111066369394,448873
2024-11-28,157.30950927734375,158.36207270052174,154.2475265017608,156.6397028265421,401817
2024-11-29,157.59657287597656,161.23268379869552,155.1087182662003,157.88363695421225,572915
2024-12-02,161.328369140625,162.66798197544296,156.73538790588728,157.40519432329626,495592
2024-12-03,159.89306640625,163.14642026630102,159.5103094458007,161.4240504459919,468451
2024-12-04,159.89306640625,162.9550490864189,159.7973735159664,159.98874469584848,536311
2024-12-05,165.53860473632812,168.40921637915463,160.27581672447954,160.46718791386414,1143602
2024-12-06,164.00759887695312,166.59116092352528,163.5291636239857,166.0170327796903,352792
2024-12-09,180.37008666992188,180.37008666992188,171.94962347023417,173.1935580225775,3621967
2024-12-10,171.85394287109375,181.32695471793076,169.94020192420265,180.3700842444852,2112632
2024-12-11,167.26097106933594,172.90650133936077,167.26097106933594,171.7582596268947,444709
2024-12-12,173.00218200683594,174.6288588679346,167.45233042130715,167.8350727648535,812494
2024-12-13,177.1167449951172,177.49948737559885,170.99276470260952,172.3323922356671,652328
2024-12-16,173.00218200683594,178.93477593591106,172.81081083506277,177.40377736035674,408011
2024-12-17,170.03587341308594,173.48061282004278,167.45232615821038,173.0021776024479,393474
2024-12-18,169.17471313476562,172.3323888134337,168.02647141543696,170.41864774765736,483363
2024-12-19,166.97390747070312,170.70569669710937,165.34723048997952,168.1221491864677,419500
2024-12-20,168.1221466064453,168.69627475585975,165.72997031836076,166.9739049083018,248606
2024-12-23,168.7919464111328,170.80138025439965,166.01702786632123,168.7919464111328,849485
2024-12-24,167.83506774902344,170.6100007591999,166.49545498596174,168.88763106334625,246415
2024-12-25,168.8876495361328,170.8013906073638,167.4523437327096,169.1747136169546,287899
2024-12-26,164.6774139404297,170.8013791160826,163.3377865202849,169.36607340922475,805289
2024-12-27,166.49546813964844,167.16527457409617,164.19898476420323,164.96446948889482,353368
2024-12-30,166.49546813964844,169.36607965929755,166.11272577730264,167.45233864619814,287860
2024-12-31,172.23667907714844,173.95904878805675,164.10328034294974,166.49545644124348,671200
2025-01-02,172.71511840820312,175.1072945634414,170.2272493664815,171.75824794610782,669381
2025-01-03,169.94021606445312,174.05474776207987,169.94021606445312,173.38494129507222,410774
2025-01-06,168.02645874023438,170.61000606400347,166.39976727648667,169.94019966164623,374628
2025-01-07,172.81082153320312,172.81082153320312,166.97390552832837,168.0264689392682,490835
2025-01-08,172.52374267578125,173.57629139585444,170.9927441366222,172.71511384300507,288682
2025-01-09,174.24612426757812,174.62886662813284,171.47119105115834,172.90649680426628,299045
2025-01-10,175.01161193847656,175.2986760140736,173.00219261066815,173.67199905327095,293324
2025-01-13,174.0547332763672,175.3943606995779,170.32294427027,174.34179733853267,379127
2025-01-14,172.42807006835938,176.92535873005312,172.3323917738383,174.15043997728287,397659
2025-01-15,173.57630920410156,175.49005027405056,171.0884545735792,172.3323891891832,299009
2025-01-16,174.0547332763672,175.49003898650992,173.57629803965295,174.15042616398392,230566
2025-01-17,176.63829040527344,176.63829040527344,172.71511573121586,173.9590502327964,428280
2025-01-20,177.5951690673828,177.69084735612435,174.53317181395363,176.63829857585745,382698
2025-01-21,179.8916473388672,183.24069396485675,174.5331668970101,177.11672883189254,964249
2025-01-22,181.80540466308594,182.6665823185841,178.07361535501275,179.60459947597457,312456
2025-01-23,193.287841796875,195.39295398541682,181.32696049756345,181.99676693018785,1030387
2025-01-24,197.4023895263672,199.98593698837664,191.37410238122166,192.7137152576161,831300
2025-01-27,193.287841796875,208.40639867934186,189.7474238524158,197.40238788397522,2188797
2025-01-28,194.91452026367188,195.48864841082025,191.27840939999788,192.13960162072044,560272
2025-01-29,189.3646697998047,196.15845632246672,187.25955757892018,194.9145217280896,446695
2025-01-30,193.0964813232422,193.76628779300674,187.16388678996387,188.40780683351835,393770
2025-01-31,199.22044372558594,200.08163597293856,191.94823637404977,193.0964781031675,524909
2025-02-03,202.76084899902344,203.8134123679582,197.11531900375297,201.8039785184227,655457
2025-02-04,200.27301025390625,204.57892775511007,197.11533449955292,202.76086493863465,395531
2025-02-05,195.8713836669922,201.89967059054348,192.9050939495325,199.9859296370786,417089
2025-02-06,190.03448486328125,197.59375588243205,189.4603567298864,196.15845014962986,574815
2025-02-07,192.1396026611328,193.76627961928108,189.46036229440816,190.70429688617517,438739
2025-02-10,192.2352752685547,193.95764506771553,190.6085983585025,192.33096815766334,282035
2025-02-11,192.71371459960938,194.1490203625678,190.321538328012,193.0007786723381,303597
2025-02-12,192.2352752685547,192.80940340183662,187.73798689346273,192.33096815766334,297852
2025-02-13,198.8376922607422,199.50749868872077,191.75684182025185,192.6180340282401,1244694
2025-02-14,200.27301025390625,206.77973295364035,197.88083386434857,199.98594616702215,715247
2025-02-17,180.27439880371094,195.20158464635324,180.27439880371094,195.20158464635324,4398942
2025-02-18,175.68142700195312,177.59516797321325,171.18412403894393,173.95905720768204,1692181
2025-02-19,172.23667907714844,176.35122488635048,169.36606775919594,176.35122488635048,842081
2025-02-20,172.04531860351562,174.24612367088162,171.8539474238936,172.42806096275967,343089
2025-02-21,166.97390747070312,173.86337236597612,161.71111955615376,172.6194377569455,500305
2025-02-24,169.36607360839844,170.61000814260836,165.92133406761477,167.06959031499912,324420
2025-02-25,163.62484741210938,171.37550391927252,163.62484741210938,169.55744129872733,449346
2025-02-26,169.07901000976562,169.07901000976562,159.79736932254517,164.19897934775142,462865
2025-02-27,169.94021606445312,170.32295844540437,166.11273385219684,168.88765261580826,328981
2025-02-28,164.5817108154297,170.6099973293874,164.5817108154297,167.35662916913725,351963
2025-03-03,164.96446228027344,166.30408969131508,162.2852366595593,165.53859039938908,513137
2025-03-04,162.09385681152344,165.25153238072144,161.99817852196296,164.9644683106698,281164
2025-03-05,162.763671875,164.29465585800818,160.84993094572633,162.3809149287345,566431
2025-03-06,166.01702880859375,166.01702880859375,162.09385398782854,163.62485260097714,812530
2025-03-07,167.4523468017578,167.4523468017578,163.91192867522926,166.01704097202847,581647
2025-03-10,164.5817108154297,167.45232205058252,163.4334692415053,167.45232205058252,557582
2025-03-11,164.39035034179688,165.6342848780465,161.711110094648,163.72054393018084,700863
2025-03-12,170.70570373535156,172.90650896504002,165.06017321634243,165.06017321634243,1346186
2025-03-13,174.1504364013672,174.5331787729641,170.13158309685736,170.70569665425273,783873
2025-03-14,179.60458374023438,179.89164780047844,175.0116025783831,175.10729546535933,1133675
2025-03-17,178.93478393554688,180.65715375987634,177.30810700172438,179.60459036704023,686828
2025-03-18,180.27439880371094,182.18813982965557,176.1598672784782,178.9347859258238,986539
2025-03-19,166.01702880859375,173.95905673801792,165.8256576321214,167.6437057096361,591099
2025-03-20,172.23667907714844,174.34179112351006,166.01702122158474,166.01702122158474,677191
2025-03-21,170.61001586914062,172.14099993384667,156.92676457451813,172.14099993384667,697334
2025-03-24,165.32212829589844,171.96674602437585,157.68577612637463,165.91717501359292,721465
2025-03-25,166.90890502929688,169.48740542805237,164.627912848834,165.61964726358602,708960
2025-03-26,163.0411376953125,166.80973163573782,162.3469266061289,166.80973163573782,572576
2025-03-27,160.8593292236328,165.6196577421564,160.8593292236328,164.0328765250928,328039
2025-03-28,163.73536682128906,164.72710128990337,160.36346054840018,161.15685114982503,360574
2025-04-02,163.14031982421875,164.92544489138191,161.1568508901857,162.8427964575804,293863
2025-04-03,162.346923828125,166.01633820759193,161.2560250302654,165.42130662675936,613776
2025-04-04,167.40476989746094,169.3882386992492,161.553527852586,162.34691839983452,829226
2025-04-07,169.09072875976562,170.2808071086675,158.37999335431448,162.44611077345198,734903
2025-04-08,169.09072875976562,172.56179943811858,168.19817378125603,170.08246323929504,316014
2025-04-09,162.6444549560547,171.17337754950006,162.44611108630028,168.09899460397116,366381
2025-04-10,165.123779296875,168.59484973254504,163.93370103117851,165.32212315238007,472804
2025-04-11,162.6444549560547,167.00808062132094,161.35519710365006,165.61965840037277,358923
2025-04-14,161.45437622070312,164.33040015696727,161.1568528504458,163.3386656778876,416936
2025-04-15,166.21470642089844,169.9832853732237,161.65272171811773,161.95024509137167,671012
2025-04-16,159.07420349121094,165.61965706916703,159.07420349121094,165.32213370059318,374962
2025-04-17,163.0411376953125,163.0411376953125,159.6692466148969,159.6692466148969,282395
2025-04-18,168.5948486328125,173.6527001448633,162.24775450205541,164.23122330950025,756901
2025-04-21,172.56179809570312,176.52873598296068,169.09072744435278,173.55353256751752,705502
2025-04-22,162.9419708251953,173.95021398275392,161.65271303214794,172.56179182572848,690239
2025-04-24,161.15684509277344,173.55352548452524,160.26429015763392,172.5617910531851,1074691
2025-04-25,160.46263122558594,162.34692055928213,160.16510787482702,161.45436563967155,336998
2025-04-28,157.28909301757812,163.14032033834872,157.28909301757812,160.46264029549891,581060
2025-04-29,149.55355834960938,158.57833278088458,149.55355834960938,157.78495732562237,565187
2025-04-30,138.94200134277344,146.3800096559269,138.64447798371395,144.79322849605416,863820
2025-05-02,142.1155548095703,144.19818814967945,137.4544057538967,139.43787472504866,396183
2025-05-05,140.5287628173828,143.3056221908671,140.33041896199097,142.1155439258499,268766
2025-05-06,142.3138885498047,145.28909179474834,140.42959921440686,140.52876357630524,411943
2025-05-07,141.6196746826172,144.19817503092952,140.528760794665,142.90893242310634,214123
2025-05-08,143.80149841308594,144.89241238514862,141.32216223355,141.6196856016277,136148
2025-05-09,152.5287628173828,152.5287628173828,144.79323101081937,146.2808326992867,391449
2025-05-12,157.28909301757812,157.38825738499207,151.6361944316354,156.69404628242611,596180
2025-05-13,157.68577575683594,157.68577575683594,153.71883800194698,156.89238517932483,325933
2025-05-14,156.59486389160156,160.26429346952267,152.5287617186802,157.8841217055198,636858
2025-05-15,155.70230102539062,157.58659033505188,153.61965272930942,156.59485593361626,305788
2025-05-16,155.3056182861328,157.18990765607273,154.80975106955214,155.70230600633073,304618
2025-05-20,156.59486389160156,157.189910615769,154.31388675851565,154.71057448618274,151980
2025-05-21,151.5370330810547,156.79322890398188,151.5370330810547,156.59486989987087,233525
2025-05-22,147.3717498779297,152.5287661507858,147.2725703767976,151.73537553973088,311833
2025-05-23,142.80975341796875,148.8593393033241,142.3138862186008,147.76842541164822,304373
2025-05-26,139.73538208007812,144.19818723692094,139.73538208007812,143.70231999727173,420844
2025-05-27,138.6444854736328,140.62795446429232,137.0577042280382,140.3304310891599,386694
2025-05-28,145.18991088867188,145.18991088867188,137.1568712850196,138.64447289302922,824270
2025-05-29,142.01637268066406,148.3634823505301,141.81802881375165,145.18991994926355,519254
2025-05-30,148.26429748535156,148.26429748535156,139.93373431516096,141.91720317784123,393114
2025-06-02,144.29736328125,146.77669942010309,141.02463655143055,146.77669942010309,544238
2025-06-03,147.96678161621094,149.85108621069878,142.80976533884177,143.8014998203615,723153
2025-06-04,149.45437622070312,151.23950122895525,147.37174298829777,148.76016514323467,210717
2025-06-05,147.66925048828125,151.14032099126794,147.66925048828125,149.5535549837882,121977
2025-06-10,150.5452880859375,151.33867864901572,147.96677253909988,148.66098360704345,324734
2025-06-11,148.76016235351562,151.33867788737638,147.86760743246103,150.54528732829107,492349
2025-06-12,141.4213409423828,148.1651232068477,141.4213409423828,147.96677934012823,366351
2025-06-13,137.55355834960938,138.743636603908,133.88414409357785,137.35521449600395,335959
2025-06-16,135.3717498779297,138.54529703168487,134.28083595038893,135.3717498779297,504244
2025-06-17,133.8841552734375,136.5618353523728,133.38828803168403,135.8676242404514,280825
2025-06-18,131.9006805419922,134.18167278090584,130.01639115874468,133.8841494223229,366706
2025-06-19,127.83456420898438,133.2891036693512,127.33869698531467,131.99986099394332,515721
2025-06-20,128.92547607421875,130.41307772122897,126.44613999586839,128.72713221448402,414730
2025-06-23,123.47093963623047,128.23126804632935,123.47093963623047,128.23126804632935,341210
2025-06-24,128.7271270751953,129.71886146694155,125.1568772118425,127.04118163575988,1063537
2025-06-25,128.4296112060547,130.4130801049899,127.43787675658709,128.9254784307885,268468
2025-06-26,126.34696960449219,129.9172120875239,126.04944624493399,129.9172120875239,317073
2025-06-27,127.23953247070312,127.23953247070312,122.97507132562005,126.8428371789667,395805
2025-06-30,131.70233154296875,133.48745649216448,121.58663610808128,127.83455829760032,775694
2025-07-01,137.85108947753906,139.23951166381443,131.70233887270018,132.19820610103667,796827
2025-07-02,138.6444854736328,145.58662694094107,137.35522760317065,137.85109485083552,908727
2025-07-03,140.5287628173828,142.61141113066256,139.53702840775742,140.72710667277465,504117
2025-07-04,140.132080078125,142.01636947019648,139.23950999819635,140.82629116295834,407388
2025-07-07,135.07423400878906,138.94200758499562,134.57836676563443,138.94200758499562,522959
2025-07-08,133.68580627441406,138.04943178136722,133.58662677680147,135.86761902789064,395837
2025-07-09,134.08248901367188,135.07422342225328,133.38827795419812,133.88414515848882,359951
2025-07-10,137.55355834960938,138.8428160970437,135.47092518775335,135.47092518775335,367133
2025-07-11,137.355224609375,139.14034968859343,135.9668023992424,138.14861521487956,292598
2025-07-14,136.3634796142578,138.74363611445847,135.86761241566052,138.74363611445847,234231
2025-07-16,135.27256774902344,137.256036573101,132.69406735732233,136.36348165533258,310182
2025-07-17,135.57009887695312,139.6362162526556,135.57009887695312,136.0659661114209,2449455
2025-07-18,136.85935974121094,137.85109423208928,135.17341413325124,137.85109423208928,401528
2025-07-21,140.8262939453125,143.20645060681437,136.85935608769805,136.85935608769805,823576
2025-07-22,140.42959594726562,142.413064731082,140.33041645500845,141.81801804287073,578510
2025-07-23,139.5370330810547,141.71884582876936,139.5370330810547,141.3221581047,374805
2025-07-24,140.8262939453125,142.8097628741197,139.8345594809089,140.72711444580534,627248
2025-07-25,139.4378662109375,141.81802277791994,138.9419989984273,141.22297606984114,320232
2025-07-28,136.85935974121094,140.6279538330821,136.16514862412959,140.13208658764293,513750
2025-07-29,138.74363708496094,139.43786327398598,136.1651367138181,137.25603547876335,464044
2025-07-30,138.74363708496094,139.83455098257224,138.44612886985428,139.3386837805064,475727
2025-07-31,141.4213409423828,142.21471640926077,139.1403486434411,139.23951301046733,893647
2025-08-01,142.01637268066406,144.09902111491184,140.82629434652262,141.52050544704954,1005385
2025-08-04,143.80149841308594,145.88414685696299,142.0163733372866,142.0163733372866,856424
2025-08-05,142.41307067871094,144.49570390909608,142.01636782578055,144.29736004896415,445331
2025-08-06,141.2229766845703,143.0081016839108,140.82628896590197,142.51223446924214,717328
2025-08-07,137.355224609375,140.6279513991643,137.355224609375,140.6279513991643,1575655
2025-08-08,137.15687561035156,138.24777441102785,135.47093009463984,137.55356333193083,607388
2025-08-11,137.65274047851562,138.5452954031637,137.45439662111232,137.85108433591893,677484
2025-08-12,136.46266174316406,138.14860722442998,136.3634822484623,138.14860722442998,478861
2025-08-13,137.25604248046875,137.25604248046875,135.96679979546352,136.26430802574666,410085
2025-08-14,135.3717498779297,137.35521874060998,135.3717498779297,137.35521874060998,455194
2025-08-15,132.29736328125,136.1651365317929,131.50398786513807,135.5700898370429,1342856
2025-08-18,132.99159240722656,133.38828012404565,131.70233462856496,132.2973662037936,573286
2025-08-19,132.09902954101562,133.8841546292727,131.99986517274243,132.79324064959692,630583
2025-08-20,132.4957275390625,133.38828248403024,131.7023369587208,132.19820417985102,924536
2025-08-21,132.39654541015625,133.58662369068057,131.30563149228692,132.89241262143025,1851519
2025-08-22,136.16514587402344,136.85935697708393,132.49573135841766,132.49573135841766,2098712
2025-08-25,136.85935974121094,138.24778197537364,136.16514862412959,137.3552269866501,1420939
2025-08-26,136.95852661132812,138.54529257078153,135.37174551920873,136.85934711832093,1215417
2025-08-27,133.5866241455078,138.24777292082007,133.5866241455078,137.15687413190287,1227819
2025-08-28,134.08248901367188,135.07422342225328,133.58662180938117,133.58662180938117,584434
2025-08-29,134.6775360107422,134.97505936051004,133.6858015999601,134.5783565165975,621870
2025-09-01,134.87588500976562,135.57009609725313,134.38001778546501,134.7767055118388,363065
2025-09-02,132.39654541015625,135.76843639375286,130.1155532117626,135.27256918247886,1092937
2025-09-03,132.19821166992188,133.6858134175969,131.00813329831536,133.6858134175969,870708
2025-09-04,137.85108947753906,140.1320817544202,132.29737046710383,132.29737046710383,1683162
2025-09-05,136.46266174316406,138.24777158646546,134.08249006431842,137.55356052155201,829021
2025-09-08,132.99159240722656,135.66927232742134,131.603155133027,135.66927232742134,693728
2025-09-09,135.66928100585938,136.5618359921301,132.59489803951823,132.99160091437983,937338
2025-09-10,131.50399780273438,136.06596732078467,130.9089510630174,135.76844395092618,662506
2025-09-11,130.71060180664062,134.38001619654432,130.11555509144907,132.19820346195291,728205
2025-09-12,128.4296112060547,130.80976783171025,128.03292347933436,130.71060346636352,424943
2025-09-15,133.18994140625,133.6858086377456,127.43787849436771,128.4296129573589,1141113
2025-09-16,137.65274047851562,137.75190484088412,133.2890999523112,133.48745894238084,1033000
2025-09-17,139.73538208007812,141.32216330002245,137.35522538282885,137.6527487531518,913276
2025-09-18,135.7684326171875,140.82628408455844,134.97505720735091,139.9337291821593,826830
2025-09-19,135.66928100585938,137.05770323620658,134.38002314472706,136.95853886699172,745721
2025-09-22,138.44613647460938,139.53703529947697,137.05769915295937,137.05769915295937,1065460
2025-09-23,148.26429748535156,151.43784463910674,137.05769538467464,138.24777367574953,2558101
2025-09-24,143.9006805419922,148.859352991645,143.3056337949669,148.660993987525,1079411
2025-09-25,144.09901428222656,146.28082698014288,140.33042045891673,144.79322534983635,886331
2025-09-26,140.2312469482422,146.0824893567513,140.2312469482422,144.09902043169743,488188
2025-09-29,132.29736328125,138.64447253880783,131.20646451776307,137.85108199002985,2193607
2025-09-30,136.46266174316406,137.55356052155201,132.89241179122874,133.88414620758118,1083734
2025-10-01,135.27256774902344,136.46266114960295,132.39654400717745,136.46266114960295,867427
2025-10-02,136.16514587402344,137.85109144793236,134.57836466759912,135.47093477096297,732101
2025-10-03,134.38002014160156,136.85935630657576,133.38828567561188,136.85935630657576,407134
2025-10-06,136.3634796142578,137.95026070283558,134.47919031265445,134.87587801846593,720233
2025-10-07,136.6610107421875,138.34695628689224,135.57009679008434,136.36348737955328,544570
2025-10-08,133.78497314453125,136.76017653662018,133.78497314453125,136.6610121698174,511487
2025-10-09,136.46266174316406,139.23950600281793,134.38001341575742,135.07422448067086,1150557
2025-10-10,133.8841552734375,137.2560464642942,132.79324128851295,136.5618353523728,750445
2025-10-13,128.8262939453125,133.68580163916977,128.72712958380492,133.18993443363328,799730
2025-10-14,126.84283447265625,130.4130768894428,125.95027197687632,129.8180301813674,911149
2025-10-15,128.92547607421875,130.21473386149424,126.44613999586839,126.8428352816711,704437
2025-10-16,125.7519302368164,130.31389958913522,124.36350050513968,129.12382128560276,680772
2025-10-17,124.3635025024414,126.64448721523387,120.79325996817198,124.16515107111155,1253379
2025-10-20,127.73539733886719,128.23126455281258,122.18167848961218,124.46267070029428,602089
2025-10-21,130.01638793945312,130.90894286043505,126.54530991848725,127.73539575701835,560849
2025-10-22,129.52052307128906,132.59489073561326,129.52052307128906,130.016390288051,541703
2025-10-23,128.8262939453125,130.71059840595086,128.62795008963116,129.52052013919652,1149754
2025-10-24,132.29736328125,133.58662103143098,129.1238162188041,129.32216007283208,681077
2025-10-27,129.4213409423828,132.99159088351502,129.22299708624573,132.29736468803594,587319
2025-10-28,129.8180389404297,130.71060906276617,129.32217169446523,130.71060906276617,166332
2025-10-30,131.0081329345703,132.6940785507208,129.81803943360057,129.81803943360057,523800
2025-10-31,132.39654541015625,134.38001425525223,130.90894377633427,134.28083475993088,1764304
2025-11-03,132.69407653808594,134.28084262753256,131.99986542816134,132.79324090655103,643825
2025-11-04,132.29736328125,133.189933323375,131.40480837179103,132.892409976,406732
2025-11-05,133.48745727539062,134.97505888633776,131.30562947320192,132.4957228680925,536356
2025-11-06,132.79324340820312,134.3800246602099,132.59489953486917,133.8841574105412,416417
2025-11-07,131.0081329345703,132.99160192596324,130.41308618408544,132.79324292068998,266461
2025-11-10,130.1155548095703,132.29736753943507,128.72713265401998,131.20646874083596,426235
2025-11-11,125.05770874023438,130.01638840226542,123.570107111525,130.01638840226542,578275
2025-11-12,123.96680450439453,126.64448445515613,123.96680450439453,125.45440615844726,388459
2025-11-13,124.26432800292969,126.34696880770319,123.96680464524778,123.96680464524778,343522
2025-11-14,125.85110473632812,125.85110473632812,122.77672941751058,124.36350304338414,260703
2025-11-17,125.45440673828125,127.53705511664744,124.85936758717662,125.45440673828125,491871
2025-11-18,125.85110473632812,125.95027666925769,124.06597967826195,125.35523750534679,277146
2025-11-19,125.7519302368164,128.52878970016988,125.05771158781138,125.35523494686116,1705311
2025-11-20,124.95854187011719,127.04119028768591,124.95854187011719,126.14862019472778,378360
2025-11-21,122.38003540039062,124.95854351521567,122.28086346642304,124.95854351521567,649985
2025-11-24,123.47093963623047,125.2560646816009,121.68581459086003,122.28086131687246,1797405
2025-11-25,124.85936737060547,126.74366431777955,122.77672656218498,124.36350015115615,1151897
2025-11-26,128.92547607421875,128.92547607421875,124.66101499292283,125.45440556452824,926439
2025-11-27,126.34696960449219,129.12382150625757,125.95027431385904,128.92547764410767,451488
2025-11-28,127.04119110107422,127.63622270085577,126.04944906910443,126.34697243532871,435347
2025-12-01,131.9006805419922,132.6940711206578,126.44614112108275,127.14035220266517,606197
2025-12-02,129.8180389404297,132.694078046624,129.8180389404297,132.694078046624,378421
2025-12-03,128.7271270751953,132.09901795406617,128.62794758295433,129.81802582651665,396403
2025-12-04,130.90895080566406,131.60316191219098,128.9254818540631,128.9254818540631,690695
2025-12-05,135.47093200683594,135.5700963722972,124.46267355196221,130.9089474809483,910559
2025-12-08,139.83456420898438,145.2891039476327,135.96680572010075,136.26431396334755,1439168
2025-12-09,138.34695434570312,142.80975932459677,136.36348546619482,139.83455600533432,616513
2025-12-10,145.88414001464844,146.18164823610522,137.85108511665453,138.44613182490087,1883091
2025-12-11,147.57008361816406,148.06595082445313,143.5039664735271,145.88413814331443,944152
2025-12-12,150.8428192138672,150.8428192138672,145.38827961896646,147.66925679797308,869612
2025-12-15,153.2229766845703,158.9750396772559,147.96678093034612,155.70231287687727,1563477
2025-12-16,153.71884155273438,158.77669336011692,145.78496585969003,153.42131818771182,1986688
2025-12-17,151.73536682128906,154.61139059686133,150.94197625582095,154.5122262340943,355912
2025-12-18,152.03289794921875,155.40478910904903,151.73537458037086,151.93371844871373,430339
2025-12-19,153.2229766845703,154.41305503034422,152.2312422076475,152.2312422076475,289651
2025-12-22,152.92544555664062,154.31388283349366,152.3304139802748,153.61965662873394,273118
2025-12-23,155.20643615722656,155.20643615722656,150.8428107783966,153.61965503801588,429181
2025-12-24,158.7766876220703,159.17337533931982,153.81801549311953,155.2064376361592,583952
2025-12-25,163.14031982421875,163.23949932398722,159.07420245638417,159.6692491896609,591044
2025-12-26,162.9419708251953,164.62791633948808,161.85105689277063,163.63618190370804,351210
2025-12-29,158.181640625,163.4378360986336,156.49569513076526,162.941968886643,451135
2025-12-30,159.66925048828125,160.56180546278864,152.33042142573768,157.68578153811626,745328
2025-12-31,164.03286743164062,164.3303907849297,157.68577318058306,159.17337481436215,727523
2026-01-02,160.46263122558594,163.63617832412666,159.96676401854313,163.63617832412666,351462
2026-01-05,156.8923797607422,160.85931737862526,156.29734819765937,159.8675829741545,471056
2026-01-06,158.7766876220703,159.37171919794457,155.40478149478395,156.79321877049,432486
2026-01-07,157.5865936279297,160.76015588497017,157.0907264168504,159.17337475644993,270180
2026-01-08,156.6940460205078,157.88412435615547,156.29735828618095,157.1899132547499,181039
2026-01-09,157.28909301757812,159.17338245778097,156.19817904735515,156.69404628242611,494600
2026-01-12,162.346923828125,163.3386582621791,157.18990779757692,157.685775014604,499016
2026-01-13,160.95849609375,163.14030874650132,159.76841784067346,162.3469182002283,517865
2026-01-14,163.239501953125,164.13205693474856,160.06593950142502,161.652720727275,905249
2026-01-15,162.04940795898438,165.32213476911494,160.76016524127687,163.53700967880124,645524
2026-01-16,159.66925048828125,162.94197728258692,159.47090661979817,162.04940717541237,492502
2026-01-19,157.68577575683594,161.6527135117249,157.4874318956248,160.16511185364155,554705
2026-01-20,153.2229766845703,157.98330520033312,152.92545331496004,157.88412569957396,489476
2026-01-21,152.6279296875,154.31389040155423,149.95024963086559,153.22297642571527,537351
2026-01-22,156.39651489257812,156.99156159720755,151.83454564352914,153.61965549208475,499920
2026-01-23,161.0576629638672,163.041131794125,156.59485809578715,158.3799830695524,576855
2026-01-26,166.01634216308594,167.00807662076906,159.2725599569743,160.85932600966714,691782
2026-01-27,182.5783233642578,182.5783233642578,165.42131387665103,167.10725946189936,2560788
2026-01-28,200.8262176513672,200.8262176513672,200.8262176513672,200.8262176513672,734688
2026-01-29,188.72706604003906,203.30555921055532,187.933675465367,197.3551525995147,6943093
2026-01-30,192.59483337402344,196.46260693334662,181.58658970364345,189.4212860582202,6921598
2026-02-02,192.89234924316406,198.54523254406536,185.7518642771484,192.49566151886688,3711395
2026-02-03,190.4130096435547,199.93366617879897,186.64441580115937,192.8923457066218,5439559
2026-02-04,188.42955017089844,192.39648806923316,187.04112795954816,192.09896470032461,1629173
2026-02-05,193.0906982421875,195.66921391671644,188.23120539326803,189.81797146533677,2342737
2026-02-06,193.6857452392578,194.0824329746451,189.4212839868426,193.3882218713838,770097
2026-02-09,206.37994384765625,209.25596768216434,195.66920882601687,196.36341991027743,3610163
2026-02-10,204.89234924316406,207.66919367590867,204.29730250319466,206.28077145953637,950353
2026-02-11,208.2642364501953,215.1071981662064,200.9254075045409,204.4956424783727,2530539
2026-02-12,206.28076171875,211.1402543792501,206.28076171875,210.54522280004593,1223130
2026-02-13,207.07415771484375,208.76010326575351,205.4873765300658,206.97497821604506,1445441
2026-02-16,209.7518310546875,213.91711261647427,208.36340891164738,213.12372204930858,1469189
2026-02-17,210.7435760498047,212.4295216316697,208.26423986098348,210.14852931142073,839491
2026-02-18,213.5204315185547,219.17331489427175,210.24770478545526,212.42951756329924,3454590
2026-02-19,216.19810485839844,216.69397207137644,212.62785487189043,213.6195892978464,2426172
2026-02-20,214.2146453857422,216.5948020591836,212.72704368167453,215.20637985512062,1186131
2026-02-23,214.2146453857422,219.07413823262968,213.02456704902147,215.40472372246288,1216269
2026-02-24,214.90884399414062,217.5865238792632,213.42124237655403,213.7187657266046,844949
2026-02-25,206.47911071777344,215.50390032066338,204.8923446677343,215.50390032066338,1021231
2026-02-26,209.0576171875,211.53695321882077,204.59481233112263,206.37993730020682,800224
2026-02-27,208.56175231933594,211.04108837845152,205.2890256947701,209.75183060117814,717776
2026-03-02,207.07415771484375,207.07415771484375,193.5865630422319,197.35515700657933,1147708
2026-03-03,209.85101318359375,212.42951364340482,203.50390369928976,207.4708414522298,908878
2026-03-04,208.2642364501953,215.99976825916454,200.4295402748976,209.8510176381207,2081852
2026-03-05,206.37994384765625,210.44604598842056,206.28076435019042,210.24770212615564,483083
2026-03-06,206.28076171875,212.3303478029915,203.60308178066492,206.47910557848473,652059
2026-03-09,201.4212646484375,205.388202286948,199.0410929857315,205.388202286948,734455
2026-03-10,206.37994384765625,207.96670987844232,201.8179593522296,204.29729546220784,934601
2026-03-11,202.115478515625,206.77662727907568,200.13200966882331,205.1898461485678,709379
2026-03-12,205.98324584960938,208.9584492517684,200.72705014592836,202.11548747986947,875724
2026-03-13,206.77662658691406,210.04935319971503,202.0162983439914,205.88407166190757,371909
2026-03-16,205.4873809814453,207.7683733092256,203.70225589306648,206.9749826996498,373872
2026-03-17,204.7931671142578,206.97497991170198,202.5121748172024,206.08242494586887,297402
2026-03-18,199.7353057861328,205.98323564775524,199.7353057861328,205.98323564775524,220827
2026-03-19,197.55349731445312,199.73531005473794,197.15680959173466,199.33862233201947,138298
2026-03-23,200.8262176513672,200.8262176513672,191.00805306370012,195.86754561059269,620715
2026-03-24,195.17333984375,201.02456695745968,195.17333984375,198.34688700936655,265508
2026-03-25,195.8675537109375,197.55349924799197,193.9832643105825,196.36342093552216,341797
2026-03-26,203.50390625,210.54522690279083,200.33035903440418,200.33035903440418,3629198
2026-03-27,198.0493621826172,205.38820602710294,197.65267446460885,204.39647159941566,1356612
2026-03-30,198.0493621826172,198.44606503329194,193.78490111702857,196.3634166820821,630749
2026-03-31,197.55349731445312,202.51216951176704,195.37168457416834,198.04936453418452,552004
2026-04-01,197.45433044433594,200.42953372496783,195.66920544942352,199.3386198023362,615439
2026-04-02,198.24771118164062,199.23944563504085,194.67747622899986,196.16507790910023,457400
2026-04-03,196.85928344726562,201.12374450313513,195.17333795057294,198.2477055897969,593357
2026-04-06,196.561767578125,198.34689263840403,195.86755648042399,196.859290943616,498141
2026-04-07,188.42955017089844,196.56176983595117,187.23947182793145,196.56176983595117,625872
2026-04-08,192.59483337402344,195.669216321229,190.3138410389355,193.88409122713117,1197430
2026-04-09,190.31382751464844,192.59481968764206,189.8179603088962,192.3964758318744,524929
2026-04-10,193.38821411132812,195.37168297400842,190.80969853677715,190.90887803297778,925950
2026-04-13,194.4791259765625,196.36341532306068,189.61961823492734,192.39647763976652,831983
2026-04-14,197.45433044433594,199.3386198023362,195.8675493082657,195.8675493082657,875329
2026-04-15,191.40475463867188,199.14028660915164,190.0163324197484,198.84276323862025,739220
2026-04-16,198.24771118164062,200.52870345099453,191.90061673294585,191.9997962313526,1262558
2026-04-17,213.02456665039062,213.81795725094213,198.14854963755144,199.63615133883536,2025529
2026-04-20,216.0989227294922,222.64437591410933,210.1485162462643,221.15677429330236,3496407
2026-04-21,214.41297912597656,218.57826067409889,212.72703363419686,216.59479182902479,1065933
2026-04-22,212.23117065429688,215.60306170508352,209.35514682466513,215.20637398122628,836974
2026-04-24,211.83448791503906,214.61133231271407,210.14852721730733,212.03283178163483,599217
2026-04-27,212.6278533935547,215.80141564068208,211.0410874026573,212.23116567899692,779818
2026-04-28,209.3551483154297,212.52869552688574,209.05762495408482,211.8344844388589,449778
2026-04-29,209.3551483154297,211.53696107751404,207.17332042067855,209.85101554011553,533411
2026-04-30,211.83448791503906,213.22291011387657,207.37168281963233,209.1567927516614,530894
2026-05-04,208.9584503173828,212.72704433920282,206.67745800422855,212.03283323502555,371337
2026-05-05,207.27249145507812,210.8427413800981,207.27249145507812,208.95843692363405,369009
2026-05-06,208.85928344726562,210.3468851381075,208.2642367178621,208.2642367178621,445259
2026-05-07,207.96670532226562,211.2394319422707,207.47083811113353,209.15678360244937,562610
2026-05-08,202.01629638671875,208.36340569334257,201.32208532592122,208.16504670511512,821551
2026-05-11,198.44607543945312,202.01631048674432,197.05763808828388,202.01631048674432,761776
2026-05-12,193.58656311035156,200.3303604490305,193.58656311035156,198.5452353986939,482003
2026-05-13,191.7022705078125,194.8758176930748,191.30556765173807,193.48739552848087,290145
2026-05-14,192.89234924316406,196.0658964355414,191.90061479975446,191.90061479975446,403986
2026-05-15,189.91714477539062,193.18987144557298,189.81796527857705,193.0906919487594,245718
2026-05-18,183.57005310058594,190.41301476566014,183.57005310058594,189.61962417760319,315654
2026-05-20,185.65267944335938,188.03285111872697,181.9832651347505,183.96673396455705,430513
2026-05-21,194.77664184570312,204.19811921351533,182.77666396208986,185.65268784235525,3447445
2026-05-22,212.13198852539062,213.2229024514647,192.7931671402578,194.7766360002714,2192660
2026-05-25,215.60305786132812,220.66090948000374,211.73529965834067,217.09065949827198,1233782
2026-05-26,225.6195831298828,226.8096614209577,215.00802774107657,215.00802774107657,907438
2026-05-27,225.6195831298828,225.6195831298828,225.6195831298828,225.6195831298828,0
2026-05-28,225.6195831298828,225.6195831298828,225.6195831298828,225.6195831298828,0
2026-05-29,225.6195831298828,225.6195831298828,225.6195831298828,225.6195831298828,0
2026-06-01,216.39999389648438,229.60000610351562,215.6999969482422,227.5,735113
2026-06-02,219.60000610351562,223.3000030517578,215.39999389648438,217.10000610351562,493265
2026-06-03,216.39999389648438,219.6999969482422,216.10000610351562,219.60000610351562,249661
2026-06-04,212.89999389648438,218.8000030517578,212.39999389648438,216.60000610351562,388231
2026-06-05,210.10000610351562,215.5,209.8000030517578,213.10000610351562,231613
2026-06-08,204.8000030517578,210.0,203.1999969482422,209.60000610351562,452447
2026-06-09,208.0,213.6999969482422,204.8000030517578,204.8000030517578,616099
2026-06-10,215.1999969482422,215.1999969482422,206.1999969482422,207.39999389648438,592084
2026-06-11,215.0,215.5,209.8000030517578,214.0,533016
2026-06-12,217.10000610351562,224.89999389648438,215.60000610351562,216.0,632830
2026-06-15,223.0,223.1999969482422,215.39999389648438,219.89999389648438,835583
2026-06-16,225.8000030517578,227.6999969482422,222.60000610351562,223.0,690450
2026-06-17,224.39999389648438,227.6999969482422,222.89999389648438,225.8000030517578,542359
2026-06-18,212.89999389648438,230.0,212.1999969482422,227.60000610351562,1157555
2026-06-19,203.60000610351562,212.6999969482422,195.39999389648438,212.6999969482422,1194343
2026-06-22,196.60000610351562,202.6999969482422,195.5,202.6999969482422,393631
2026-06-23,195.60000610351562,205.0,195.10000610351562,196.10000610351562,475275
2026-06-24,194.60000610351562,201.0,186.0,195.60000610351562,501112
2026-06-25,194.39999389648438,200.39999389648438,190.89999389648438,195.89999389648438,308875
2026-06-26,188.1999969482422,194.60000610351562,188.10000610351562,194.10000610351562,269808
2026-06-29,207.0,207.0,207.0,207.0,128683
2026-06-30,227.6999969482422,227.6999969482422,227.6999969482422,227.6999969482422,1240803
2026-07-01,222.5,231.0,220.10000610351562,231.0,4028001
2026-07-02,217.39999389648438,225.5,211.0,223.5,1359352
2026-07-03,239.10000610351562,239.10000610351562,223.0,223.0,2881832
2026-07-06,232.10000610351562,240.0,230.8000030517578,239.10000610351562,1138948
2026-07-07,234.0,240.0,231.10000610351562,233.8000030517578,849665
2026-07-08,234.8000030517578,238.10000610351562,233.10000610351562,234.0,753929
2026-07-09,231.5,237.0,228.3000030517578,236.0,392639
2026-07-10,234.6999969482422,235.89999389648438,230.60000610351562,232.0,313618
2026-07-13,236.39999389648438,239.10000610351562,234.6999969482422,234.6999969482422,337318
2026-07-14,233.10000610351562,237.8000030517578,231.8000030517578,236.60000610351562,398749
2026-07-16,241.3000030517578,241.89999389648438,233.10000610351562,233.3000030517578,520217
2026-07-17,238.3000030517578,243.60000610351562,237.8000030517578,241.0,280993
2026-07-20,239.10000610351562,240.10000610351562,237.1999969482422,238.10000610351562,236113
2026-07-21,241.0,241.60000610351562,237.39999389648438,240.10000610351562,241834
2026-07-22,240.1999969482422,244.5,239.0,241.0,239738
2026-07-23,237.0,241.0,235.89999389648438,241.0,216817
2026-07-24,236.1999969482422,239.89999389648438,234.10000610351562,237.0,312460
2026-07-27,236.8000030517578,241.39999389648438,235.0,239.0,252308
2026-07-28,235.89999389648438,238.89999389648438,234.60000610351562,236.8000030517578,192191
2026-07-29,237.8000030517578,237.8000030517578,232.6999969482422,235.89999389648438,192568
2026-07-30,235.10000610351562,239.10000610351562,234.60000610351562,236.3000030517578,142379
2026-08-03,236.10000610351562,239.3000030517578,235.8000030517578,238.39999389648438,215383
2026-08-04,237.3000030517578,239.39999389648438,234.6999969482422,236.10000610351562,335304
2026-08-05,234.60000610351562,238.89999389648438,234.0,238.0,423032
2026-08-06,235.10000610351562,235.3000030517578,232.1999969482422,234.5,325903
2026-08-07,236.39999389648438,237.0,233.10000610351562,235.60000610351562,194690
