Price,Close,High,Low,Open,Volume
2021-08-10,1.1150071620941162,1.1276706428974765,1.0990118487017473,1.1056771346527636,13207344
2021-08-11,1.0863491296768188,1.119672985234237,1.063022392650791,1.1156741568895987,11550228
2021-08-12,1.1076765060424805,1.1110083386461842,1.0823503070407627,1.0936805590926337,12235380
2021-08-13,1.1996495723724365,1.218310484127206,1.1456653454292602,1.1456653454292602,101753592
2021-08-16,1.1929844617843628,1.2156450630126607,1.1763229139637053,1.202315348058154,38335608
2021-08-17,1.2589651346206665,1.2656303250272947,1.1929843258951405,1.1929843258951405,65520372
2021-08-18,1.2629640102386475,1.2809586902576007,1.2469686013979497,1.2662966055670173,29281500
2021-08-19,1.2489680051803589,1.276293569489797,1.2429697152265595,1.2589651233234964,23133792
2021-08-20,1.32028067111969,1.3296115555133616,1.245636074799317,1.2489679069941226,46585776
2021-08-23,1.2676299810409546,1.3449401952097448,1.2676299810409546,1.330278108822774,30693780
2021-08-24,1.2489680051803589,1.2842913212080576,1.2436367109591635,1.2696291418596535,26848656
2021-08-25,1.2742942571640015,1.2882902040906632,1.247635592115812,1.2509674247139961,50441340
2021-08-26,1.2929551601409912,1.332943538761936,1.2596321627773865,1.2756274760899295,46996872
2021-08-27,1.3129494190216064,1.3129494190216064,1.2736280355005256,1.2996204677367624,16596480
2021-08-31,1.299620509147644,1.3296117707343544,1.2976210472167202,1.31628205630806,27654384
2021-09-01,1.2929551601409912,1.318947591943667,1.2849575034847198,1.3069511069592599,18152376
2021-09-02,1.2742942571640015,1.299620456123765,1.2709616618491095,1.299620456123765,11096748
2021-09-03,1.2749603986740112,1.2969539054002979,1.269629104609234,1.2762935320438458,13043088
2021-09-06,1.2529670000076294,1.2842914920119806,1.2516346291381584,1.2789594343649746,11483004
2021-09-07,1.2283076047897339,1.2762935420293358,1.2243087766864336,1.256299401512835,13809504
2021-09-08,1.2682960033416748,1.2816257176065393,1.2289739516667284,1.2289739516667284,35195244
2021-09-09,1.2816256284713745,1.3062848306626538,1.254966201795769,1.2696291438842304,25221948
2021-09-10,1.3009527921676636,1.3096175397552372,1.2789592844490916,1.2862907079275114,22412556
2021-09-13,1.2696291208267212,1.3009527500899085,1.2636309263118735,1.3009527500899085,15620616
2021-09-14,1.2736279964447021,1.2842913478247644,1.2536338550836366,1.2709616342319614,13836444
2021-09-15,1.3596030473709106,1.3862616184622598,1.273628090181353,1.273628090181353,75038520
2021-09-16,1.3502720594406128,1.3715994295376366,1.3122831432564097,1.3662673724993117,28194444
2021-09-17,1.3942590951919556,1.4329142423208625,1.3662672988481812,1.3689328981955118,41020260
2021-09-20,1.3969248533248901,1.423584282053437,1.3296117645478824,1.3969248533248901,22980876
2021-09-21,1.3596030473709106,1.4115878187356632,1.3529377610558178,1.4075889901691436,19313652
2021-09-22,1.3795971870422363,1.388927214971842,1.346273329712154,1.3596030442554548,12349032
2021-09-23,1.3795971870422363,1.4035901583863744,1.358269815384223,1.3835960155995928,11226732
2021-09-24,1.3569364547729492,1.3902603088677394,1.3462731990073689,1.3795970531021589,7973388
2021-09-27,1.3689329624176025,1.3862615041287758,1.350272049998372,1.3596029352361223,9383016
2021-09-28,1.3396086692810059,1.3795970461091391,1.334276707736699,1.370266161076394,10401588
2021-09-29,1.3769307136535645,1.404922513236985,1.348938914070144,1.3556042002942252,45697032
2021-09-30,1.3609353303909302,1.3929259568592764,1.3609353303909302,1.3795971012016557,11063076
2021-10-01,1.3596030473709106,1.3742651327627016,1.3409412753562595,1.3609354181888567,7284252
2021-10-04,1.338275671005249,1.3715995282956848,1.3356099759827027,1.3596030426378884,9433416
2021-10-05,1.3196146488189697,1.3449400860388687,1.3122832248621878,1.3382756578687347,11318652
2021-10-06,1.3076180219650269,1.3516052261977436,1.30628479325255,1.3202807392065201,17406768
2021-10-07,1.3649342060089111,1.375598320572175,1.3149488027498024,1.3149488027498024,14712876
2021-10-08,1.3476064205169678,1.3622686007498797,1.3369424013374953,1.3622686007498797,9660204
2021-10-11,1.3529376983642578,1.368933011889155,1.3329435564581364,1.3502720987955419,13448040
2021-10-12,1.3582696914672852,1.3782638324299719,1.3436075121071505,1.355604092024347,16447752
2021-10-13,1.3422744274139404,1.3676006262379585,1.3302779424009252,1.3582697407646274,9900456
2021-10-14,1.3302780389785767,1.358269839374472,1.3216141486335962,1.3396088297897315,8995272
2021-10-15,1.3256127834320068,1.3462731566400064,1.3116168376107327,1.3356098058704189,9743136
2021-10-18,1.3356099128723145,1.3622685779507753,1.3256128896329946,1.3256128896329946,14967456
2021-10-19,1.3795971870422363,1.388927214971842,1.3369424437262099,1.340941272283566,24108252
2021-10-20,1.4169189929962158,1.4302487064367961,1.3702661876990005,1.3795970729130336,26009988
2021-10-21,1.4435783624649048,1.4862323406562201,1.3889271365620615,1.4155865641436451,42311148
2021-10-22,1.4622392654418945,1.4755689782734627,1.4462439532665043,1.450242781310352,14799612
2021-10-25,1.498228907585144,1.523555107755783,1.4555750224007906,1.462239450632501,19237944
2021-10-26,1.4995619058609009,1.5128908556142733,1.4862321933909017,1.5035607337962802,13859892
2021-10-27,1.5715410709381104,1.596866411847644,1.4968956075064848,1.5062264930320635,27855768
2021-10-28,1.562210202217102,1.5862031726355694,1.5395503652788394,1.5728734586065412,7055640
2021-11-01,1.5728732347488403,1.5928673739185828,1.5475478018317128,1.5622099798770388,14682012
2021-11-02,1.5635433197021484,1.5822042315689617,1.559544491583814,1.5782054034506272,10097460
2021-11-03,1.528886318206787,1.584869914825844,1.486232340033348,1.5635434024370631,22894284
2021-11-04,1.5768722295761108,1.5768722295761108,1.5462148322878988,1.5462148322878988,12893256
2021-11-05,1.558211326599121,1.6781761750564388,1.5422160134714786,1.624858273951791,51576588
2021-11-08,1.5435491800308228,1.5795387306798232,1.5262206377519696,1.5608769595929666,18732324
2021-11-09,1.5355515480041504,1.5582113851066324,1.516889871956595,1.5435492048682666,18387372
2021-11-10,1.5302194356918335,1.5542124039261462,1.5155572568944706,1.5395502251287834,16957020
2021-11-11,1.5395503044128418,1.580871052913087,1.5208886292383184,1.522221762665818,31033284
2021-11-12,1.5542124509811401,1.5702077636216192,1.538217138340661,1.5462147946609006,13784784
2021-11-15,1.5755398273468018,1.5888686825674478,1.5475479347651004,1.5595445146370204,29156460
2021-11-16,1.5888687372207642,1.6195270883461752,1.5635433965966503,1.580871080590773,34214316
2021-11-17,1.5768722295761108,1.5968663708632653,1.5662089735750533,1.5888687143484035,15963804
2021-11-18,1.5715410709381104,1.5875363843783616,1.554212528692406,1.583537556018299,26872932
2021-11-19,1.6248583793640137,1.6301903414316439,1.570207913311642,1.578205570394309,33557736
2021-11-22,1.6461855173110962,1.6581820972669308,1.6155281204216567,1.632855899280538,27445776
2021-11-23,1.7048348188400269,1.7314942457658054,1.647518757528183,1.647518757528183,36124704
2021-11-24,1.6995035409927368,1.756819599643423,1.6675129166121279,1.7194977765701986,28614264
2021-11-25,1.728827953338623,1.7461564966895888,1.7035027061533652,1.7128326388781474,16827444
2021-11-26,1.7354931831359863,1.7394919160614313,1.6901727481072908,1.7288278019838312,17252772
2021-11-29,1.859457015991211,1.8594570159912107,1.7368255157708476,1.7368255157708476,26916648
2021-11-30,1.8474605083465576,1.9514302414458324,1.8474605083465576,1.859457089350007,30164760
2021-12-01,1.9434325695037842,1.9660923117882327,1.8754523892545152,1.8754523892545152,24589476
2021-12-02,1.9794219732284546,2.0580655072119534,1.9487638105231748,1.9487638105231748,23821044
2021-12-03,1.992751121520996,2.0287404854914497,1.9794220735052996,1.987419731129756,19900464
2021-12-06,1.983420729637146,2.0114126228797926,1.9261039050549775,2.003414966336061,18618324
2021-12-07,2.003415107727051,2.008746307094936,1.9674255554007105,1.9874196028315325,24632328
2021-12-08,1.9980826377868652,2.0207423766442076,1.9327681624194402,2.0127447208055926,19302960
2021-12-09,2.0274081230163574,2.068728875606633,2.00874635065506,2.00874635065506,24055200
2021-12-10,2.123380184173584,2.1460399289738037,2.008746515051468,2.0287405645521845,25787700
2021-12-13,2.335318088531494,2.335318088531494,2.159369447138652,2.159369447138652,30862716
2021-12-14,2.4112956523895264,2.5685825047129143,2.385969455862717,2.4472850088245743,90544896
2021-12-15,2.441953420639038,2.528594420649688,2.4059638680256805,2.413961525197628,45999720
2021-12-16,2.5179309844970703,2.524595412061397,2.424624612975652,2.4792757410548045,35907216
2021-12-17,2.32065486907959,2.768524189785119,2.2806665879485153,2.545922662815889,67680840
2021-12-20,2.5139319896698,2.5525870413359844,2.232680607747085,2.2713364221299153,69449796
2021-12-21,2.263339042663574,2.6192352580932257,2.263339042663574,2.61256987650762,62963100
2021-12-22,2.1473724842071533,2.3393164051277404,2.0647294727602055,2.1913596843937233,57658776
2021-12-23,2.084724187850952,2.28599903924524,2.0140783106150204,2.2326809427355183,53668860
2021-12-24,2.1886935234069824,2.1886935234069824,2.079392599141797,2.0993868357539798,44585352
2021-12-27,2.1833624839782715,2.2526749400838004,2.100719455308572,2.1993577981651375,47778420
2021-12-28,2.1327099800109863,2.2166854707495665,2.0673962602874894,2.2060221191558553,26510196
2021-12-29,2.1660337448120117,2.2006900650666017,2.0713949064478707,2.1193810353430127,31097892
2021-12-30,2.2366795539855957,2.28333321957448,2.1793634900233885,2.1793634900233885,49400004
2021-12-31,2.28466534614563,2.28466534614563,2.1686992439140504,2.2353469463492077,35425296
2022-01-03,2.4232921600341797,2.4272910835451897,2.2993283913803895,2.3126572465809723,38796060
2022-01-04,2.4152944087982178,2.444618575532404,2.3766385946285724,2.4352886442093897,39060816
2022-01-05,2.4099626541137695,2.4592818232054245,2.3992993025069165,2.424624738738296,26599476
2022-01-06,2.3886351585388184,2.4259579374350775,2.3326515622319532,2.39929927273003,36681468
2022-01-07,2.3473143577575684,2.403298143512138,2.320654930922248,2.388635105996247,22648200
2022-01-10,2.332651376724243,2.384636235928886,2.332651376724243,2.3579775733439106,20886036
2022-01-11,2.2833330631256104,2.3579776644707584,2.2793341396418674,2.3379834284103764,19709616
2022-01-12,2.2726688385009766,2.328652429788121,2.2686701058914736,2.293996302254394,28925988
2022-01-13,2.2300150394439697,2.29266325355783,2.222017382917998,2.2766679405058863,25888668
2022-01-14,2.28466534614563,2.3059926185520463,2.2046885989892346,2.23134802318577,27019932
2022-01-17,2.2753355503082275,2.3193227580071745,2.2726690926731545,2.2993285206860588,19794576
2022-01-18,2.1607019901275635,2.2753356477693716,2.1607019901275635,2.2740024188947277,18280932
2022-01-19,2.158036231994629,2.186028126488877,2.099386938730718,2.1593694608302894,36502080
2022-01-20,2.143373966217041,2.183362247350366,2.1127156166377468,2.1726981336773172,30309252
2022-01-21,2.1367084980010986,2.1540370384694896,2.106051103070446,2.1407074212905974,12785976
2022-01-24,2.030073404312134,2.1393750898400157,2.002081702242445,2.1367086323349573,21465540
2022-01-25,2.0100793838500977,2.0660629793706398,1.9660921777443718,2.0340723533589014,20798208
2022-01-26,2.007413625717163,2.066062914209792,1.9927507792263002,2.016743747978398,16009248
2022-01-27,2.0354056358337402,2.0394043688511307,1.895446357320705,1.9860864667455655,16014228
2022-01-28,2.067396402359009,2.118048040956831,2.06073121128248,2.0860574119397706,23529864
2022-01-31,2.135376453399658,2.1647006228293098,2.059398618804179,2.0927217119553085,23472336
2022-02-01,2.1087169647216797,2.187361063997367,2.0660629872230865,2.140707590855004,26009904
2022-02-02,2.0713951587677,2.130044455274438,2.0620642725147875,2.116714835689353,15702276
2022-02-03,1.987419605255127,2.078059528579022,1.983420872035761,2.078059528579022,16355388
2022-02-04,1.9754230976104736,2.0100794190509252,1.9634265173063998,2.00074853361534,14263272
2022-02-07,1.9994161128997803,2.0047473120785297,1.8781178410312804,1.976755608532608,16930668
2022-02-08,1.9887518882751465,2.046068711694303,1.9700908807309283,2.014078086168497,17669964
2022-02-09,2.0660626888275146,2.0660626888275146,2.0007482172197357,2.006080178151049,19109916
2022-02-10,2.048734426498413,2.0940548611279044,2.0447355029290204,2.080725052336872,23093796
2022-02-11,2.0727274417877197,2.078059403558069,2.0007485320568703,2.0327391586039147,15654252
2022-02-14,2.0020813941955566,2.044735173755163,1.9794214665474994,2.019409933087158,17295780
2022-02-15,2.023409128189087,2.06073114617138,2.002081852172383,2.0087462803215823,22601988
2022-02-16,2.187361001968384,2.216685360400675,2.09272159230981,2.096720325123494,92566284
2022-02-17,2.1886935234069824,2.285998820964884,2.150038469632053,2.187361057353406,80851980
2022-02-18,2.2673377990722656,2.2793341884218963,2.1993576238271237,2.211354203855925,39764100
2022-02-21,2.304659605026245,2.34198238289071,2.2673377805576265,2.2673377805576265,42777768
2022-02-22,2.420625686645508,2.443286380178462,2.2060220048618455,2.2406783247740103,99099984
2022-02-23,2.505934476852417,2.531260675215989,2.4379543010083324,2.4526163852944656,65383104
2022-02-24,2.2966623306274414,2.4979371933892796,2.272669357454269,2.272669357454269,82993644
2022-02-25,2.49927020072937,2.508600323882438,2.36864123077743,2.4152947067305286,55331520
2022-02-28,2.3953001499176025,2.4992698679503325,2.3953001499176025,2.4659460154721167,44501412
2022-03-01,2.4592816829681396,2.512598819320421,2.416626944218818,2.432622256735752,41058936
2022-03-02,2.4832749366760254,2.5046014504414567,2.431290069691632,2.47660974566462,36594720
2022-03-03,2.4379544258117676,2.5925757933059836,2.427291264584324,2.5099335289451536,55954080
2022-03-04,2.340649127960205,2.4486175834134922,2.329985776899747,2.441953155844977,34307100
2022-03-07,2.340649127960205,2.3659753256105653,2.2806666103352304,2.331319005635951,27796188
2022-03-08,2.3673086166381836,2.392634052238268,2.3246538765198004,2.3393167234955285,29650596
2022-03-09,2.359311103820801,2.4046305881294647,2.3459812941253113,2.399299388832167,19878084
2022-03-10,2.3246538639068604,2.3873026496336487,2.300660894491552,2.3873026496336487,20337084
2022-03-11,2.363309621810913,2.372639744099463,2.3166561501806693,2.3446478518004827,19914000
2022-03-14,2.4246246814727783,2.468611887703338,2.3713073526602457,2.3739730474896175,27982152
2022-03-15,2.393967390060425,2.451284217048765,2.389968466281097,2.4339556744577986,20881776
2022-03-16,2.3966329097747803,2.4152946813180383,2.3753063966629413,2.4086294905109003,12151548
2022-03-17,2.4152944087982178,2.440619842857666,2.399299096740944,2.405963524079401,13532028
2022-03-18,2.376638889312744,2.4352889461656986,2.376638889312744,2.4166271744141548,15375756
2022-03-21,2.4166269302368164,2.4392874328692793,2.379304915938239,2.379304915938239,19028808
2022-03-22,2.49927020072937,2.52326317177487,2.4232923637456953,2.4272912875928707,31745856
2022-03-23,2.632564067840576,2.7178727895560972,2.5125990235341416,2.5125990235341416,72931416
2022-03-24,2.676551342010498,2.7378669038295325,2.5925758470663305,2.6365628658053244,49187964
2022-03-25,2.8591649532318115,2.90581766329391,2.693879671472726,2.693879671472726,75593976
2022-03-28,2.927145004272461,2.973797712353432,2.8271742072906316,2.888488998927055,53008440
2022-03-29,2.8658294677734375,3.0591066483769143,2.8325056121157868,2.945806034906762,60433824
2022-03-30,2.89648699760437,2.9444729400675893,2.8445021312629573,2.8791592173017273,24262284
2022-03-31,2.905817747116089,2.925811984209944,2.8631637687194957,2.8991533192167647,17690412
2022-04-01,2.89115571975708,2.9884600681897675,2.871161482267359,2.9324764701694,28207524
2022-04-04,3.0204508304595947,3.0551079171044173,2.8671628771639335,2.893821543874942,45237000
2022-04-05,3.0591065883636475,3.064437787363752,2.999124068850797,3.021783809741937,34286988
2022-04-06,3.227057456970215,3.289705863572843,3.0417781227479903,3.059106665073555,59871108
2022-04-07,3.1644086837768555,3.283041260269537,3.1430821710295724,3.239054243240437,34991160
2022-04-08,3.1217546463012695,3.195066784892024,3.109758256674531,3.1937337467784,22001328
2022-04-11,3.132418155670166,3.191068212720909,3.007121909954905,3.131085689526919,32182152
2022-04-12,3.217726707458496,3.245718410293179,3.1164226755646927,3.1310855227348657,32918100
2022-04-13,3.1724061965942383,3.268378264449493,3.1417487996261886,3.2537161803441244,40581984
2022-04-14,3.145747423171997,3.2057301303411094,3.1377497670186147,3.1844026659070965,20253180
2022-04-15,3.2070634365081787,3.2257240626126,3.1230877588507626,3.1457474991472054,22086948
2022-04-18,3.189734935760498,3.2577149242974346,3.188401706920617,3.219060059183246,19519104
2022-04-19,3.2363877296447754,3.3310271434389573,3.1963992556854968,3.212394568997538,44048148
2022-04-20,3.255049467086792,3.2857068646009715,3.239054153939171,3.239054153939171,28692828
2022-04-21,3.2446587085723877,3.283450892370599,3.237731900954314,3.2598980420673995,25350948
2022-04-22,3.107501745223999,3.2432727948449656,3.085334812701891,3.2432727948449656,27743640
2022-04-25,3.2030959129333496,3.252971065606246,3.046543449469879,3.1047311275882574,38893344
2022-04-26,3.0784077644348145,3.275138123484048,3.067324793793734,3.2155647285068594,37959324
2022-04-27,3.162919044494629,3.16984585184209,3.0548560141299315,3.0825642344509854,28118136
2022-04-28,3.1365957260131836,3.2169503372654744,3.129668918717885,3.169845827971549,20359440
2022-04-29,3.196169376373291,3.254357059419856,3.1559914729987657,3.186471131919479,21270132
2022-05-05,3.205866813659668,3.264054496444461,3.1961693619945075,3.232190110294076,28348020
2022-05-06,3.380429983139038,3.380429983139038,3.1864710449446063,3.1989397347354087,47049396
2022-05-09,3.347179889678955,3.5674619263947456,3.319471668038456,3.4289202236334972,53363064
2022-05-10,3.373502731323242,3.4878003012513665,3.361034042441574,3.463554989825805,11981568
2022-05-11,3.3430235385894775,3.4635552643247633,3.3236278428333135,3.420607510731648,30613992
2022-05-12,3.2418882846832275,3.3236278257408123,3.189241692551516,3.3236278257408123,31166316
2022-05-13,3.337482213973999,3.345794938043405,3.2668258430602983,3.2820651765667095,22667460
2022-05-16,3.2529714107513428,3.3333264264755136,3.2446588844238886,3.325013701961799,20514216
2022-05-17,3.2502007484436035,3.2848357770345027,3.2086379213895344,3.2792944895579548,23760948
2022-05-18,3.3194713592529297,3.3928983676840767,3.2266476660023797,3.2557416032072024,36872388
2022-05-20,3.239116668701172,3.319471477970249,3.223877335948419,3.319471477970249,20355348
2022-05-23,3.3596484661102295,3.3596484661102295,3.216950406098306,3.2682104855819922,35361600
2022-05-24,3.428920030593872,3.4670189570710908,3.359648390368062,3.359648390368062,27391392
2022-05-25,3.405367374420166,3.4455452768360697,3.3541072931868694,3.440003196496115,27962172
2022-05-26,3.4233779907226562,3.441388760086718,3.3735028372573397,3.4053672213585946,18993744
2022-05-27,3.7648844718933105,3.7648844718933105,3.4774093907994676,3.4774093907994676,69845304
2022-05-30,3.851473808288574,3.9865524004578963,3.754493747231445,3.882645730116496,75578652
2022-05-31,4.021188735961914,4.225538203588534,3.8514743010503496,3.8549378043218554,77276988
2022-06-01,4.277491092681885,4.353689742080404,3.990016387847471,4.031578819079163,62721948
2022-06-02,4.239391803741455,4.440277729747173,4.2012920859105565,4.32251705550649,67515924
2022-06-03,4.22553825378418,4.353690254587468,4.211683844161038,4.256710179970566,40982352
2022-06-06,4.197829246520996,4.280954495721199,4.159729529865666,4.242854779065868,36163752
2022-06-07,4.159730434417725,4.308663452687025,4.156267327533659,4.218611178897647,37963932
2022-06-08,4.204755783081055,4.4887677399652475,4.1389480475261315,4.204755783081055,107548212
2022-06-09,4.329444408416748,4.440278086337641,4.156266885758477,4.26710056367937,67209072
2022-06-10,4.242855072021484,4.353689538019429,4.1909017381375895,4.329444226076298,41257500
2022-06-13,4.173584938049316,4.2844186302533105,4.1562674213752855,4.225538280816507,26156796
2022-06-14,4.163193702697754,4.2636364710247845,4.083531950758915,4.201292232742771,25205952
2022-06-15,4.287881374359131,4.301736177990269,4.183974707222869,4.183974707222869,32377320
2022-06-16,4.24631929397583,4.35022596964344,4.2047564651597815,4.319054046217659,34283352
2022-06-17,4.280954837799072,4.315589865601168,4.2290015033509585,4.291345346139701,20463480
2022-06-20,4.235928058624268,4.4472052928802945,4.232464555888141,4.315589810672613,37708032
2022-06-21,4.201292514801025,4.280955064833055,4.1909020059093525,4.267100656604984,22351884
2022-06-22,4.180511474609375,4.2324648115342764,4.152803054674261,4.194365882763184,15676020
2022-06-23,4.107776641845703,4.260173543013048,4.080068222462321,4.215147212875366,25633260
2022-06-24,4.097385883331299,4.163194025824869,4.045432545583493,4.128558203077992,18665820
2022-06-27,3.958843946456909,3.958843946456909,3.958843946456909,3.958843946456909,185700
2022-06-28,3.948453426361084,4.135485351493164,3.8791817851212587,4.059287101050837,23942400
2022-06-29,3.775275230407715,3.962307161207377,3.764884721730372,3.948453546010085,22334736
2022-06-30,4.007333755493164,4.007333755493164,3.657514822074215,3.76834810008724,32120364
2022-07-01,3.9623069763183594,4.080068051029109,3.879181721660908,4.0073337009366385,28596624
2022-07-04,3.8168375492095947,4.000406349025933,3.8168375492095943,3.9692344307755447,13437552
2022-07-05,3.858400583267212,3.927672228299588,3.785665831630227,3.8203016541464154,21367836
2022-07-06,3.9449896812438965,3.9657710951528133,3.799520576626482,3.8861097351848857,20654628
2022-07-07,3.9692347049713135,4.038505551119103,3.9276718801846613,3.9484532925779874,20305296
2022-07-08,4.0939226150512695,4.173583965942267,3.9692345421777238,3.9796250497619954,21193836
2022-07-13,4.035041332244873,4.156266294325969,3.996942409520691,4.093922458460057,15826800
2022-07-14,4.048896312713623,4.204756320866438,4.003869982436811,4.01772439035756,28426404
2022-07-18,4.152802467346191,4.159729472257162,4.086994731574625,4.100849137769015,13360404
2022-07-19,4.0939226150512695,4.194365377483267,4.076604309665902,4.149338655500719,19033752
2022-07-20,4.107776641845703,4.197829698493563,4.107776641845703,4.111240541094561,25941168
2022-07-21,4.000406742095947,4.128557930120199,3.9969428429522647,4.121630924577804,21538332
2022-07-22,4.010797023773193,4.041969339697501,3.9934787181508336,4.007333521197706,15390996
2022-07-25,3.955380916595459,4.014260867570001,3.9345995009516272,4.003870357934352,17800008
2022-07-26,3.9969429969787598,4.086995261617614,3.976161583178255,3.9830885889875898,20001312
2022-07-27,3.9311351776123047,4.045432356773965,3.910353764208596,4.045432356773965,17769588
2022-07-28,4.021188735961914,4.055823768676969,3.951917085041636,3.955380984685683,20065164
2022-07-29,4.073141574859619,4.11470400535842,3.9900163174895233,4.05928716711169,17314680
2022-08-01,4.177048206329346,4.2809548761565805,4.135485379849456,4.135485379849456,40509372
2022-08-02,4.121631145477295,4.263636748569636,4.118167246147964,4.177048381904007,30221328
2022-08-03,4.156267166137695,4.197829996348083,4.138948857782089,4.149339367148423,14817840
2022-08-04,4.2948079109191895,4.384860953710266,4.194365153842727,4.194365153842727,49192776
2022-08-05,4.218610763549805,4.377933879530055,4.190901947479977,4.32944444233911,32051736
2022-08-08,4.218610763549805,4.27749110586006,4.183974941648771,4.253245792705836,31748136
2022-08-09,4.132021427154541,4.305198943708895,4.1285579243881525,4.242855101168924,40042224
2022-08-10,4.22553825378418,4.253246280285371,4.107777159291385,4.152803495100914,31122588
2022-08-11,4.260173797607422,4.336371658186048,4.19436604990631,4.277491313024146,38803896
2022-08-12,4.062750816345215,4.12163115955739,3.958844141795491,4.000406970164383,89854512
2022-08-15,3.951916456222534,4.080068038739788,3.913817529925638,4.069677530578583,61029804
2022-08-16,3.9865524768829346,4.035041913782339,3.872254899492734,3.9623071638744842,40583316
2022-08-17,3.9969429969787598,4.03850582457977,3.9657710744642523,4.007333902065262,31815204
2022-08-18,3.9969429969787598,4.017724410779264,3.903427229435238,4.003870002788094,39428496
2022-08-19,3.9969429969787598,4.062750741284941,3.9657710744642523,4.017724410779264,27804300
2022-08-22,4.0523600578308105,4.1112403974162035,3.996942824628255,3.996942824628255,42298632
2022-08-23,4.017724514007568,4.100849774972843,3.9761616853386754,4.080068360638397,40141704
2022-08-24,3.910353899002075,4.045432496223727,3.910353899002075,4.041969786010813,29053416
2022-08-25,3.893036127090454,3.9588438680621896,3.875718613444587,3.9380628516871488,21512004
2022-08-26,3.8722546100616455,3.9311349476168838,3.816837775142307,3.9311349476168838,33538032
2022-08-29,3.837618827819824,3.8757185462980974,3.8029838011281387,3.872254647256456,19019052
2022-08-31,3.827228546142578,3.9068906977343163,3.823765439641085,3.8410829540110316,20596812
2022-09-01,3.744103193283081,3.858400370721758,3.740640086869242,3.830692348431156,24608580
2022-09-02,3.8341562747955322,3.8445467832282345,3.754493728282369,3.757957627465759,28465668
2022-09-05,3.8549370765686035,3.899963006970509,3.7960563429511667,3.8687910870391997,46768212
2022-09-06,3.9623069763183594,4.066213643733294,3.854937202545071,3.879181721660908,106629960
2022-09-07,3.910353899002075,4.007333963686539,3.8826458753386657,3.9865525495664755,37213500
2022-09-08,3.865328550338745,3.9969432546923174,3.8653285503387447,3.938063305144029,46552800
2022-09-09,3.8965001106262207,3.9380629370218956,3.8549372842305454,3.8895723122727937,34478184
2022-09-12,3.910353899002075,3.96230723611598,3.8306925382247607,3.9484536206567813,47141520
2022-09-13,3.7787387371063232,3.993478668736623,3.775274838201235,3.944989236907337,64005408
2022-09-14,3.8306925296783447,3.8722549614532378,3.660978110511058,3.7752752933576454,37987356
2022-09-15,3.893036127090454,4.066213641784006,3.813374771574505,3.8341561843220258,45160200
2022-09-16,4.017724514007568,4.038505928342015,3.8826459153924318,3.8965003237395663,52589748
2022-09-19,3.910353899002075,4.194365898022096,3.910353899002075,4.114704140872275,60824772
2022-09-20,3.9865524768829346,4.017724399308444,3.844546876334502,3.9415257501333114,31169364
2022-09-21,3.9623069763183594,4.024651214590808,3.91728144081752,3.9900161872824698,31766508
2022-09-22,4.132021427154541,4.1562667392642325,3.9761614244321324,3.9761614244321324,55245696
2022-09-23,4.07660436630249,4.211682948636965,4.059286853421444,4.142412104367854,46608276
2022-09-26,4.066213607788086,4.170120274284488,4.028114681713228,4.080068014961428,35939652
2022-09-27,3.983088254928589,4.13548514456003,3.958843736629288,4.0800679136156575,33392760
2022-09-28,3.9034271240234375,4.003869894663843,3.896500118401166,3.9830884814245393,28034220
2022-09-29,3.841082811355591,3.965770892050847,3.7579575563495804,3.9103536590076917,28836720
2022-09-30,3.9865524768829346,4.017724399308444,3.7960566466901,3.844546876334502,34272600
2022-10-03,4.156267166137695,4.19090219735881,4.052360486984253,4.05582359373384,45458064
2022-10-04,4.571893215179443,4.571893215179443,4.197829383395566,4.208219891244715,98226336
2022-10-05,4.907857894897461,4.973665635998354,4.70697196160377,4.713898967075712,122930424
2022-10-06,4.800488471984863,5.0186923312863305,4.7831701642937015,4.918248762736158,68837448
2022-10-07,4.855904579162598,5.1329895555399965,4.769316217696504,4.800488138808593,78807060
2022-10-10,4.672336101531982,4.897466948424185,4.655018588000261,4.883613333971285,56861184
2022-10-11,4.6134562492370605,4.710435119653331,4.592674836220725,4.6758000919135805,34033320
2022-10-12,4.447205543518066,4.682727310200628,4.447205543518066,4.606528660221487,41457252
2022-10-13,4.585747241973877,4.665409791182369,4.457596444517185,4.457596444517185,47035944
2022-10-14,4.616919040679932,4.682727180035846,4.544184688398903,4.606528532174782,38865408
2022-10-17,4.727753639221191,4.751998159731067,4.523403398999717,4.627310072389194,66259152
2022-10-18,4.620383262634277,4.807415203399118,4.58228433241492,4.755461864499299,45565656
2022-10-19,4.554575443267822,4.696581841793645,4.554575443267822,4.63423759827298,32171352
2022-10-20,4.488768577575684,4.679263625781585,4.488768577575684,4.554575532665382,59201124
2022-10-21,4.835123062133789,4.835123062133789,4.492231144542785,4.530330466704271,83642820
2022-10-24,4.980592727661133,5.08796330474164,4.717363323243518,4.918248879628274,96898260
2022-10-25,4.855904579162598,5.167624583028448,4.8039512451849555,4.987520061853607,96663948
2022-10-26,4.939029693603516,4.994446925124367,4.883613254827606,4.918248281329755,43883268
2022-10-27,4.745070934295654,4.95634817060036,4.727753420447102,4.939029864006837,44544876
2022-10-28,4.710435390472412,4.783170142025113,4.703508384526205,4.7450712129484645,13077768
2022-10-31,4.824732780456543,4.859368604414169,4.693118076358651,4.717363390952505,36455340
2022-11-01,4.945957183837891,4.987520009129629,4.817805601622923,4.838587014268792,53286324
2022-11-02,5.143380165100098,5.243822935912561,4.970201853266741,5.0152281826336145,83493216
2022-11-03,5.288849830627441,5.417000628070794,5.036009756805948,5.195333666088841,118671432
2022-11-04,5.229968547821045,5.354656631564045,5.205724028010939,5.288849681421267,53420052
2022-11-07,5.167624473571777,5.316557466852427,5.1468430611464004,5.2784585410496305,61303788
2022-11-08,5.316557884216309,5.378901730014124,5.1606978733492666,5.195333695568057,75833556
2022-11-09,5.320021152496338,5.541688089442813,5.240358612293374,5.320021152496338,67943136
2022-11-10,5.410073757171631,5.534761442034818,5.306167088870652,5.333875110953597,50744976
2022-11-11,5.593642234802246,5.621351051874628,5.417000805107777,5.444710018552675,54981336
2022-11-14,5.6144232749938965,5.739111358014093,5.52783491200048,5.593641861761782,59575224
2022-11-15,5.54515266418457,5.718330190353423,5.423928475140875,5.673304255518124,65131740
2022-11-16,5.610960006713867,5.801455034000726,5.465490514657479,5.552078875153341,98432148
2022-11-17,5.337338924407959,5.635204517115404,5.323484517216403,5.6109599981820155,55755588
2022-11-18,5.458563804626465,5.493199628861166,5.271531859974684,5.271531859974684,28897116
2022-11-21,5.45163631439209,5.610960219709127,5.351193542870742,5.458563320075116,39277560
2022-11-22,5.815310001373291,5.815310001373291,5.4412461234429745,5.4862724557555635,62744784
2022-11-23,5.8464813232421875,6.092393581377847,5.794527990190889,5.929606973222246,64323924
2022-11-24,5.908825874328613,5.974633617993387,5.780673889869977,5.888044460730659,40822476
2022-11-25,6.009268283843994,6.009268283843994,5.811845461143181,5.908825517535173,32335200
2022-11-28,5.912289619445801,6.092393745900491,5.853408486685311,6.0508313161605605,34490232
2022-11-29,5.860336780548096,5.9399981439835905,5.763356712627553,5.9226806286161,22421544
2022-11-30,5.915752410888672,6.057758801455672,5.811845740550247,5.836091053093203,44415504
2022-12-01,6.0439043045043945,6.165128487193805,5.957315149586261,5.957315149586261,52943088
2022-12-02,6.3244524002075195,6.4006506505502,6.061221828604862,6.064685727760312,64827408
2022-12-05,6.24825382232666,6.622318072595035,6.24825382232666,6.407577726705638,54426192
2022-12-06,6.255181312561035,6.345233570591341,6.144346849510342,6.251717413538068,34277520
2022-12-07,6.005805492401123,6.303671097025969,5.950388257790171,6.275963074279232,31226688
2022-12-08,5.89150857925415,6.016196669110232,5.756429980398607,6.005805763738261,31138320
2022-12-09,6.123565673828125,6.130493472141724,5.856872392083606,5.856872392083606,22473912
2022-12-12,6.1824469566345215,6.265572214592083,6.151275034446998,6.151275034446998,32617500
2022-12-13,6.359087944030762,6.3798693561966155,6.178982636175005,6.2828893006318065,36679212
2022-12-14,6.047368049621582,6.386796069604352,6.047368049621582,6.372941662476241,28435068
2022-12-15,6.054295063018799,6.269035415054362,5.898435053372502,6.196300664611591,22642176
2022-12-16,5.9850239753723145,6.10278465549757,5.981560472588923,6.075076236857952,5301276
2022-12-19,6.050831317901611,6.147810981276831,5.946924648963158,6.130493467368746,29675832
2022-12-20,6.272499084472656,6.2967440003983866,6.064685745893534,6.116639080538315,32379660
2022-12-21,6.144347190856934,6.32445250966816,6.123565777426984,6.279425783592861,30066204
2022-12-22,6.272499084472656,6.303671005985027,6.147811002050686,6.158201510430647,31722732
2022-12-23,6.16859245300293,6.320988558705809,6.092393805592756,6.303671044633033,31113120
2022-12-26,6.251718044281006,6.386796643140933,6.165128883792646,6.199764706536994,49071192
2022-12-27,6.137420177459717,6.435285366063589,6.0542945292128625,6.303670681208492,70157628
2022-12-28,6.040440559387207,6.147811130078562,5.919216373606556,6.140884124347667,30073884
2022-12-29,6.2690348625183105,6.2690348625183105,5.998877694824665,6.040440122576974,31672416
2022-12-30,6.369479179382324,6.372942286037606,6.175519442473136,6.255181993975008,32155860
2023-01-02,6.345233917236328,6.497630024046018,6.345233917236328,6.372941939954006,36132288
2023-01-03,6.095857620239258,6.44567655250023,6.095857620239258,6.352160392314212,58244100
2023-01-04,6.120102882385254,6.203228137220588,6.061221750345156,6.1235655923785375,29957112
2023-01-05,5.867263317108154,6.178983346303426,5.839555292865923,6.158201931749239,23677680
2023-01-06,5.721794128417969,5.797992383142186,5.389292689291614,5.6421323707116295,57665160
2023-01-09,5.392756462097168,5.815309761587876,5.358120640343709,5.763356425330187,36199080
2023-01-10,5.247286796569824,5.458563241466985,5.1987965683694695,5.392756292053428,25396068
2023-01-11,4.994447231292725,5.351193575348632,4.987520225567657,5.247286903982639,25767012
2023-01-12,5.219578266143799,5.236896573791411,4.866295412915744,5.0325459342157055,35815068
2023-01-13,5.35465669631958,5.451636362222773,5.164161660130087,5.219578102452988,23213664
2023-01-16,5.572860240936279,5.576324139989673,5.326947983238736,5.354656401058565,19724856
2023-01-17,5.687158584594727,5.7114035030304,5.538225967201334,5.576324898244519,19040232
2023-01-18,5.718329906463623,5.77721064295547,5.6490590579840765,5.704476291689195,17170416
2023-01-19,5.673304080963135,5.770283349939753,5.593641929874583,5.718330014413085,15982548
2023-01-20,5.649058818817139,5.697548252150907,5.614422999671272,5.697548252150907,14928456
2023-01-23,5.4966630935668945,5.6836950234234385,5.48280828932197,5.666376716303532,22848720
2023-01-24,5.403146743774414,5.513980417434561,5.2992400756249065,5.50358951279612,19901952
2023-01-25,5.2576775550842285,5.479344915274838,5.18147930092558,5.472417909362008,22935444
2023-01-26,5.35465669631958,5.413537434259374,5.1676247666294906,5.271531438276485,21692460
2023-01-27,5.455100059509277,5.455100059509277,5.202260395496186,5.320021470643544,27441960
2023-01-30,5.2576775550842285,5.507053731671171,5.2576775550842285,5.462027400492763,18116112
2023-01-31,5.361583709716797,5.417000148021962,5.126061567778157,5.257677045603119,26630700
2023-02-01,5.2161149978637695,5.42392834123386,5.202260589998598,5.361584100399335,31872924
2023-02-02,5.195333957672119,5.385829007623397,4.869759511350821,5.243823397754205,29345868
2023-02-03,5.385828495025635,5.437781829657682,5.167624648120029,5.202260468789719,21635916
2023-02-06,5.202260971069336,5.385829015028793,5.039473945871121,5.3027037508662485,6314844
2023-02-07,4.790097236633301,5.229968427920756,4.713898987002388,5.229968427920756,11066112
2023-02-08,4.530331134796143,4.530331134796143,4.530331134796143,4.530331134796143,180
2023-02-15,5.268068313598633,5.268068313598633,4.918248579156378,4.9632749090807025,6186384
2023-02-16,5.126061916351318,5.794528273304475,5.056791066480081,5.794528273304475,22435704
2023-02-17,5.056790828704834,5.12952557438482,4.869758908650924,5.122598568997909,12891912
2023-02-20,5.437781810760498,5.437781810760498,5.08103626790583,5.1537706190399435,18536436
2023-02-21,5.285385608673096,5.607496117757894,5.167624534456812,5.437781710052289,16745448
2023-02-22,5.344265460968018,5.600569414114801,5.216114673512041,5.285385519412964,22898868
2023-02-23,5.3892927169799805,5.5174443098394494,5.326948473863949,5.344265988863532,16773756
2023-02-24,5.926143646240234,5.926143646240234,5.333875513006601,5.389292750467142,62798172
2023-02-27,6.518411159515381,6.518411159515381,6.3244522341544895,6.511484154131325,127527936
2023-02-28,6.345233917236328,6.89247529336031,6.151274983605138,6.7019802589413215,159443616
2023-03-01,6.213618755340576,6.559973791761154,6.199764347770059,6.386796273550865,73978668
2023-03-02,6.0439043045043945,6.501093805789984,6.0439043045043945,6.279425664328959,59324052
2023-03-03,6.0439043045043945,6.2170818215956904,5.867262888263485,6.040440405354781,46669524
2023-03-06,6.0023417472839355,6.165128763335219,5.950388410555015,6.095857911944994,31804764
2023-03-07,6.016196250915527,6.123565629191572,5.950388113003322,6.033513764710863,36066972
2023-03-08,5.9018988609313965,6.030050052478815,5.874190045255068,6.019659147507068,21280212
2023-03-09,5.832627296447754,5.93307086278533,5.815309781883086,5.915752555475661,22610640
2023-03-10,5.683695316314697,5.863799456957381,5.683695316314697,5.832627533103692,24407568
2023-03-13,5.590178489685059,5.770283005478372,5.565933574795099,5.746038486960883,32933520
2023-03-14,5.714866638183594,5.825700309709646,5.586714660469442,5.607496072973696,45488736
2023-03-15,5.836091041564941,5.836091041564941,5.5070535170582176,5.711402958130635,28265952
2023-03-16,5.825700759887695,6.040440717783985,5.7217940857095675,5.836091268756506,47966664
2023-03-17,5.922680377960205,5.939997892594795,5.7356484452991205,5.891508455245441,24569508
2023-03-20,5.593642234802246,5.919216673491319,5.593642234802246,5.919216673491319,19111836
2023-03-21,5.365046977996826,5.628277545224202,5.365046977996826,5.593641725225282,23798952
2023-03-22,5.503589630126953,5.579788277858384,5.378901546414826,5.403146858963911,16460124
2023-03-23,5.378901481628418,5.524370976935868,5.358120464903771,5.472417642379277,23571792
2023-03-24,5.392756462097168,5.4897353360658565,5.361584143244555,5.403146970799706,17425992
2023-03-27,5.441246032714844,5.524371293494147,5.389292695181215,5.437782133356427,24580404
2023-03-28,5.160697937011719,5.45856355425826,5.160697937011719,5.455100447640666,19668264
2023-03-29,5.184942722320557,5.240358764515097,4.987519901022751,5.1641613101251345,37350672
2023-03-30,5.036009311676025,5.236896031080371,5.011764396952438,5.181478800017551,24028164
2023-03-31,4.973666191101074,5.081036769762036,4.959811782238441,5.008302015071394,15472848
2023-04-03,4.928638935089111,5.029082893151702,4.8489775790325265,4.973665659991388,19141668
2023-04-04,5.0429368019104,5.04986420419227,4.939030127779922,4.945957530061791,16330104
2023-04-05,5.067181587219238,5.174552157885276,5.042936670794326,5.091426900016646,19413060
2023-04-06,5.039473533630371,5.129525796680176,5.004837712449875,5.091426869028623,13007364
2023-04-07,5.146842956542969,5.146842956542969,5.022154880897316,5.022154880897316,19021980
2023-04-10,5.212651252746582,5.2265056610214025,5.157234016019809,5.18840593917252,29535144
2023-04-11,5.199053764343262,5.295664025041875,5.191897979552399,5.2133669718728655,19780296
2023-04-12,5.252725601196289,5.295663582246978,5.199053329626395,5.199053329626395,16515972
2023-04-13,5.209787845611572,5.306397685332753,5.202631652184874,5.302820407593245,14033568
2023-04-14,5.309976100921631,5.374383069123607,5.188318767309173,5.20263156340525,19949172
2023-04-17,5.199053764343262,5.38153958483677,5.199053764343262,5.338602009682807,18013356
2023-04-18,5.016567707061768,5.234834880312459,5.009411513705854,5.1990530945590585,21349944
2023-04-19,5.066662311553955,5.088131301204121,5.020145826072831,5.048771009110745,13460664
2023-04-20,5.038036823272705,5.07381861283397,5.023724844524728,5.063084321657767,4015332
2023-04-24,5.066662311553955,5.138225064405283,5.030880525641373,5.059505299192369,17417172
2023-04-25,5.059505462646484,5.234835072719025,5.048771172218075,5.127490530487205,19798572
2023-04-26,4.887754440307617,5.066662559657435,4.866285449606162,5.059505546945386,17014212
2023-04-27,4.7983012199401855,4.948583336513344,4.7983012199401855,4.8877544610202905,14464848
2023-04-28,4.698112487792969,4.877019789995087,4.633705924518117,4.812613226720235,15806376
2023-05-02,4.401126384735107,4.783988489495219,4.3939693718931245,4.698112525130344,21971352
2023-05-03,4.2043280601501465,4.483423734640493,4.039732723708664,4.401126680650211,40799052
2023-05-04,4.193593502044678,4.34387562126047,4.129186528534812,4.207906299320297,21166668
2023-05-05,4.168545722961426,4.222217992518645,4.100561476068893,4.204327508990851,13936068
2023-05-08,4.225796699523926,4.250843787140011,4.122030661670933,4.175702933778695,19834260
2023-05-09,4.079092502593994,4.243686999139802,4.079092502593994,4.225796515540758,22816332
2023-05-10,4.028997898101807,4.100561470055715,3.98963842491146,4.100561470055715,15286188
2023-05-11,4.365344524383545,4.404703999495479,4.03615469804032,4.03615469804032,26410740
2023-05-12,4.422595500946045,4.526361543429849,4.28304766913559,4.3689232264430276,34119492
2023-05-15,4.215061664581299,4.41543794010589,4.079092356161935,4.222217857764021,17379960
2023-05-16,4.22937536239624,4.250843944444247,4.1470770837774396,4.154234096767351,24985992
2023-05-17,4.365344524383545,4.365344524383545,4.232952483086928,4.257999980185803,17947668
2023-05-18,4.211483955383301,4.408282561905957,4.211483955383301,4.393969355250097,16821708
2023-05-22,4.193593502044678,4.279469057237552,4.129186528534812,4.211483986780518,19610868
2023-05-23,4.2508440017700195,4.275890681163801,4.154234152790268,4.200749414521576,12917220
2023-05-24,4.2186408042907715,4.308094051484317,4.168546216026885,4.254421775578615,10526592
2023-05-25,4.275890350341797,4.279468856608145,4.1864371118824355,4.218640392384145,11046300
2023-05-26,4.283047199249268,4.3116719723910775,4.18643695194801,4.293781489177446,26049780
2023-05-29,4.515626907348633,4.519205004110554,4.283047341928321,4.3116721160236935,35251800
2023-05-30,4.615815162658691,4.676643625373186,4.50131361163712,4.569299086706705,34292400
2023-05-31,4.569299221038818,4.716002827615112,4.554986014881682,4.626549588745781,33894384
2023-06-01,4.683799743652344,4.733894329358217,4.5764551973223435,4.5800337037553644,22867236
2023-06-02,4.794723033905029,4.81619202613181,4.6945346765047,4.730316466711656,23270316
2023-06-05,5.030880928039551,5.030880928039551,4.866285600547632,4.866285600547632,31137864
2023-06-06,4.970052242279053,5.038036491403662,4.8913328837114705,5.030880707244524,30675324
2023-06-07,5.188319206237793,5.3028207657193445,5.1096002542539924,5.145381223803948,40613364
2023-06-08,5.120335102081299,5.216944951109574,5.034459544227179,5.188319355671241,24947988
2023-06-09,5.131069660186768,5.202632424044598,5.063084584086148,5.156116340896121,23476200
2023-06-12,5.109600067138672,5.338601539767867,5.109600067138672,5.145381035378317,50916120
2023-06-13,4.898488521575928,5.109599913212526,4.894910834346674,5.109599913212526,30172200
2023-06-14,4.819770336151123,4.934270667887402,4.794722838335722,4.898488879139929,19094916
2023-06-15,4.837660789489746,4.887754556333016,4.805457097929643,4.819770304719632,15018432
2023-06-16,4.812613010406494,4.934270347163759,4.812613010406494,4.85912908706253,21757332
2023-06-19,4.590768337249756,4.819770653760739,4.580034045610324,4.812613640360495,22090044
2023-06-20,4.580033779144287,4.605081277152988,4.487002028554195,4.590768070159198,16466844
2023-06-21,4.465533256530762,4.644440572494796,4.451220458320413,4.583612510933478,23345124
2023-06-22,4.816191673278809,4.816191673278809,4.440485770040224,4.494158041931451,33947028
2023-06-23,4.919958114624023,4.934270912730617,4.794723076254441,4.8376610610872515,27800256
2023-06-26,5.052350044250488,5.1060223192516965,4.902067510452323,4.937849300111102,22102404
2023-06-27,5.1811628341674805,5.195476040469184,5.009411729311861,5.052349710269232,14436480
2023-07-03,5.474571704864502,5.481727898550162,5.224100830997058,5.2276793373268235,36420120
2023-07-04,5.3815388679504395,5.538977987498733,5.320710815204931,5.49246191191539,32343768
2023-07-05,5.524665832519531,5.646323180590054,5.385117999061405,5.40300848444901,46414968
2023-07-06,5.4888834953308105,5.617697024709021,5.485305808097077,5.5389780778807545,30426408
2023-07-07,5.524665832519531,5.5425563179071355,5.420899788810539,5.4888840427703975,25627752
2023-07-10,5.911106109619141,5.911106109619141,5.531821699528003,5.556868787076351,73580232
2023-07-11,5.918262004852295,6.043497854429587,5.771557983163843,6.00771606612552,47458368
2023-07-12,5.760823726654053,5.918262040078653,5.699995259456801,5.907527749215708,30206508
2023-07-13,5.68568229675293,5.957622161726417,5.678526512539413,5.757245052731325,40048944
2023-07-14,5.954043865203857,6.004137632359215,5.68926100357401,5.703572981992317,45966576
2023-07-17,6.154419898986816,6.215249182929562,5.9719340945932435,6.011294388109641,43583628
2023-07-18,5.821651935577393,6.225983425268247,5.785870967621642,6.157998357691532,42144552
2023-07-19,5.907527923583984,5.918262214763766,5.6749483387930395,5.796605686265363,32103492
2023-07-20,6.132951259613037,6.2009363316068145,5.871746900669897,5.961200145345004,50726580
2023-07-21,6.082857131958008,6.272498720149778,6.004137364049074,6.129373209545312,47801076
2023-07-24,6.140108108520508,6.247452654440492,5.975512783221178,6.097170126357735,62919744
2023-07-25,5.828808784484863,6.1794676085703015,5.721464238142649,6.15442011097104,45053460
2023-07-26,5.875324249267578,5.903949842814483,5.760823513027692,5.828808581099457,26888484
2023-07-27,5.982668876647949,6.082857227021141,5.9611998859269875,6.011294470600523,30769584
2023-07-28,5.982668876647949,6.079278720661866,5.925418917203618,6.018450664345197,33618360
2023-07-31,6.200936317443848,6.225983815556887,5.950465431183014,6.004137705455056,66457716
2023-08-01,6.229560852050781,6.480031712135403,6.222404658758911,6.236717454829566,81398592
2023-08-02,6.2760772705078125,6.387000320030065,6.190201717850173,6.22956119259399,36396396
2023-08-03,6.211670875549316,6.3870004919113805,6.11863912670502,6.3333282188701086,37353336
2023-08-04,6.347640037536621,6.361952834415003,6.140107963439026,6.21524922570493,34980996
2023-08-07,6.462141513824463,6.583798033610903,6.390577939802829,6.419203533206255,48541284
2023-08-08,6.268921375274658,6.508656725819766,6.208092092098253,6.469297251773096,33687144
2023-08-09,5.83954381942749,5.989825947225856,5.8037620289384275,5.975513149132836,77174616
2023-08-10,5.556868553161621,5.8610116878049,5.549712769217948,5.839543107513118,70498344
2023-08-11,5.621275901794434,5.64274489302176,5.474571879133777,5.556868928112456,62256828
2023-08-14,5.517509460449219,5.703572536106566,5.510352448082198,5.6320097832009,59912952
2023-08-15,5.5282440185546875,5.535400212294811,5.399430483797773,5.5175097279445025,36030228
2023-08-16,5.564024925231934,5.674947974402057,5.538978247420703,5.653478983934067,37559244
2023-08-17,5.646323204040527,5.778714434406501,5.510353057608245,5.564025332967896,60768924
2023-08-18,5.467414855957031,5.674948164439318,5.399430604420163,5.657057679689339,33729972
2023-08-21,5.549712657928467,5.592650227137914,5.370804549855939,5.449523904474657,46384452
2023-08-22,5.578338146209717,5.721464487221512,5.528244377291251,5.553291057007001,43396500
2023-08-23,5.413742542266846,5.603385364581621,5.413742542266846,5.596228351761231,47142624
2023-08-24,5.2563042640686035,5.488883841473646,5.238413779337106,5.431633880845907,47061396
2023-08-25,5.36007022857666,5.392273919614269,5.152538151688783,5.256304190132721,48450132
2023-08-28,5.503196716308594,5.610541264158295,5.453102948867426,5.5103529103020525,48561828
2023-08-29,5.510352611541748,5.546134398542933,5.41016508209138,5.535400108134736,26245164
2023-08-31,5.7429327964782715,5.832386032372325,5.581915989100376,5.596227966320695,82846404
2023-09-01,5.778714179992676,5.796605483640829,5.6606353431947705,5.7894484707972325,42342504
2023-09-04,5.782292366027832,5.939730669872678,5.77513617255464,5.86458940994339,54644568
2023-09-05,5.728620529174805,5.793027094277485,5.628431765539721,5.782292803256023,34340844
2023-09-06,5.746510982513428,5.821652247710054,5.6821040082790555,5.785871277835878,40911996
2023-09-07,6.000560283660889,6.011294574463366,5.739354703110861,5.76797988807108,65104392
2023-09-08,6.39773416519165,6.548016678996161,6.032762989431549,6.032762989431549,151160268
2023-09-11,6.57664155960083,6.862893386561105,6.440672248909885,6.454984226027528,123001452
2023-09-12,6.630313873291016,6.730502627636698,6.422780990222692,6.576641604186237,90281940
2023-09-13,6.5337042808532715,6.72692437501566,6.326170980475993,6.65536161983666,66342540
2023-09-14,6.4907660484313965,6.569485813151862,6.143685347966863,6.540859811319186,56452392
2023-09-15,6.4907660484313965,6.701876618457776,6.3369054346357885,6.515813544105665,48710988
2023-09-18,6.000560283660889,6.583798273667759,5.9898255833714655,6.476453727695199,45081708
2023-09-19,6.06138801574707,6.172311062188103,6.011294251870153,6.082857005686848,32717208
2023-09-20,5.964778900146484,6.218827075608393,5.9576227057925095,6.08285774493497,30866964
2023-09-21,6.415624618530273,6.451406403263408,5.896792425281968,5.964777898172304,39003204
2023-09-22,6.361952781677246,6.487187808262006,6.272498723274493,6.39773456883312,37832592
2023-09-25,6.995285987854004,6.995285987854004,6.383421992603905,6.440672772133781,78658536
2023-09-26,6.673252582550049,7.213553429392401,6.644627806014784,7.059692798593584,90410124
2023-09-27,7.013176441192627,7.220709338785147,6.576642064452729,6.676830825810124,85609260
2023-09-28,6.809221267700195,7.116943319288331,6.780596493861012,7.020333069633398,50396352
2023-09-29,7.349523067474365,7.485492384577929,6.787752858039059,6.8127999452652235,118278876
2023-10-02,7.220709323883057,7.564212360869093,7.109786681464099,7.370991851378579,114467112
2023-10-03,7.141989231109619,7.413929498469088,7.077582670513472,7.406773304955499,49182012
2023-10-04,6.887940883636475,7.263646764907079,6.887940883636475,7.156302227401192,38456760
2023-10-05,7.227865219116211,7.270803199337311,6.798487054852917,6.941613382598633,50192928
2023-10-06,7.385304927825928,7.46402305864351,7.0847398781337345,7.088317156015205,37839480
2023-10-09,7.120521068572998,7.521274480650649,7.084740098904565,7.156302857215331,56888952
2023-10-10,7.199240684509277,7.385304998667466,7.145568412190397,7.242178666159158,32997996
2023-10-11,6.920145034790039,7.263647250167607,6.887941343797319,7.199240687156048,29327700
2023-10-12,6.737658500671387,7.048957829393823,6.519391324688176,6.97739507596495,35228280
2023-10-13,6.4907660484313965,6.7269241141320455,6.444249972728182,6.7269241141320455,22745556
2023-10-16,6.583797931671143,6.769862238477844,6.304702290434941,6.57306364142626,50773908
2023-10-17,6.648204803466797,6.673252300851745,6.501501191968525,6.576642046175594,19405056
2023-10-18,6.558751583099365,6.598111058789874,6.347640178988653,6.544438785902034,17334636
2023-10-19,6.326170921325684,6.590954996652108,6.297546147111274,6.55517320991024,24391884
2023-10-20,6.011294364929199,6.3082804949819025,5.993403061908143,6.3082804949819025,25884024
2023-10-23,6.3655314445495605,6.390578122893017,6.082857284602754,6.082857284602754,28339656
2023-10-24,6.655361652374268,6.762706195154498,6.379843282794325,6.440672566813807,29859588
2023-10-25,6.297545909881592,6.683986080035844,6.0828568354654715,6.63389231756074,25371804
2023-10-26,6.4263596534729,6.490766214178242,6.064966557093944,6.297546122575289,23961156
2023-10-27,6.465719223022461,6.530125784680806,6.168732682954433,6.426359748561679,16967904
2023-10-30,6.548017501831055,6.719768616772823,6.426360154965416,6.454984931302086,33703908
2023-10-31,6.340484142303467,6.440672490237001,6.22956109452738,6.404890703411065,35349360
2023-11-01,6.605267524719238,6.651783605667905,6.172311636342197,6.358375141162942,29861232
2023-11-02,6.422781467437744,6.619580075102089,6.3691091943450955,6.605267277850141,14290656
2023-11-03,6.429938316345215,6.501501072319427,6.251030197948876,6.440672606895266,11936016
2023-11-06,6.283233165740967,6.544438317635262,6.265342682383081,6.505078844760996,20526144
2023-11-07,6.268921375274658,6.358374613702474,6.190201608207461,6.304702343056242,13816524
2023-11-08,6.265343189239502,6.340484453882181,6.251030391908395,6.3225939690769835,11101500
2023-11-09,6.254608154296875,6.3154366183546005,6.168732603364747,6.2653428540927205,9711672
2023-11-10,6.197357654571533,6.304702193314477,6.154419675279588,6.233139440477127,12030720
2023-11-13,6.000560283660889,6.258186948302866,5.982668980016201,6.20093616889548,10600848
2023-11-14,6.025606632232666,6.06496692748869,5.878902608561363,6.011294653794101,9989916
2023-11-15,6.025606632232666,6.16515446194121,5.954043873631179,6.025606632232666,8976624
2023-11-16,6.086435794830322,6.1222167639149445,6.011294531291786,6.0434978129548895,9394116
2023-11-17,6.3047027587890625,6.3047027587890625,6.064966982948822,6.09359175906161,14115108
2023-11-20,6.415624618530273,6.458562596415272,6.333327578310017,6.386999845922814,19779312
2023-11-21,6.440672397613525,6.533704141151824,6.326170845211952,6.447828591081028,15443412
2023-11-22,6.2868123054504395,6.469297711012265,6.247452828609739,6.440672934754997,10216128
2023-11-23,6.2868123054504395,6.351218871003206,6.193780554153447,6.326171372804183,12867876
2023-11-24,6.3047027587890625,6.369109324016746,6.197358210418287,6.254608581617773,9887172
2023-11-27,6.5086565017700195,6.544438287293731,6.311858728824178,6.311858728824178,24791316
2023-11-28,6.379843711853027,6.590955533757346,6.347640428750602,6.540860536852112,14727072
2023-11-29,6.3082804679870605,6.465719183850217,6.261764390689553,6.390577922712766,11282316
2023-11-30,6.175889015197754,6.351218629515799,6.118639055373031,6.30828064778858,9772176
2023-12-01,6.2617645263671875,6.44067264584548,6.122216700937924,6.222405051292037,16798428
2023-12-04,6.254608154296875,6.454984439805175,6.125795032642146,6.261764347836154,15148092
2023-12-05,6.197357654571533,6.3476397631195045,6.165153965359115,6.2617642140225325,8034504
2023-12-06,6.025606632232666,6.261764718386253,6.0220289447382385,6.200936250728905,9571704
2023-12-07,6.161576747894287,6.161576747894287,5.928996365694262,6.0256062058155155,6958848
2023-12-08,5.939731121063232,6.222405289082819,5.939731121063232,6.161577230453175,17471172
2023-12-11,5.7429327964782715,5.9719338502024515,5.725041494120394,5.943309076787981,10700616
2023-12-12,5.746510982513428,5.796605568798131,5.689261021227795,5.72504199110197,9592140
2023-12-13,5.692838668823242,5.7465109422321845,5.617697404153334,5.7465109422321845,10712064
2023-12-14,5.810917377471924,5.857433865410045,5.5640250071714785,5.739354620840657,8915520
2023-12-15,6.140108108520508,6.140108108520508,5.789448466840462,5.810917457921849,15015708
2023-12-18,5.821651935577393,6.122216570761922,5.818074248268748,6.115060377170772,7044480
2023-12-19,5.925418853759766,5.950465122111013,5.725041745671892,5.818074310791244,9978276
2023-12-20,5.889636993408203,6.054232312140798,5.889636993408203,5.9039497900537485,12231828
2023-12-21,6.10790491104126,6.154420171805297,5.86101212442416,5.896793094242651,13312296
2023-12-22,5.868167877197266,6.150842021867317,5.868167877197266,6.104325945626628,6996588
2023-12-25,5.939731121063232,5.939731121063232,5.653479265522206,5.868168361921453,6042432
2023-12-26,6.1186394691467285,6.1186394691467285,5.782293014836556,5.932575142070785,10343244
2023-12-27,6.2939677238464355,6.297546230157354,5.954043611724587,6.0470753576090175,18291516
2023-12-28,6.802065849304199,6.802065849304199,6.233139839448143,6.293967896612532,19697976
2023-12-29,7.370991230010986,7.370991230010986,6.648204247784922,6.751971506593435,37239960
2024-01-02,6.984551429748535,7.213552901156983,6.984551429748535,7.213552901156983,24274224
2024-01-03,6.612423896789551,6.970238505600478,6.612423896789551,6.963082311701126,16582548
2024-01-04,6.619579792022705,6.759127614198587,6.440672495689289,6.612423598446232,13029456
2024-01-05,6.454984664916992,6.666096067070385,6.444250374233724,6.619579988469011,10570128
2024-01-08,6.462141513824463,6.558751355985034,6.462141513824463,6.476453491552314,10474788
2024-01-09,6.3047027587890625,6.508657155001363,6.3047027587890625,6.465719581345225,8333160
2024-01-10,6.340484142303467,6.404890703411065,6.286811871551492,6.304702355477531,8968332
2024-01-11,6.265343189239502,6.4048910181547924,6.265343189239502,6.354797251213289,8163348
2024-01-12,6.39773416519165,6.472875422093906,6.225983071832415,6.265342543836317,14331012
2024-01-15,6.444250106811523,6.512235173445143,6.340484072718512,6.433515407086782,16661484
2024-01-16,6.401312351226807,6.494344917316269,6.369109069897832,6.454984623270743,7733436
2024-01-17,6.2868123054504395,6.401312638940382,6.283233798931324,6.401312638940382,10573884
2024-01-18,6.297545909881592,6.451406522409655,6.297545909881592,6.3404838885595804,9753420
2024-01-19,6.24029541015625,6.3619527487806735,6.24029541015625,6.333327974383081,7631460
2024-01-22,6.247452259063721,6.297546022434123,6.225983269341023,6.240295246677955,6323328
2024-01-23,6.254608154296875,6.576641777407552,6.233139573679039,6.3011246407629695,10107792
2024-01-24,6.2939677238464355,6.333328017371079,6.200935977962005,6.26176444294363,9066468
2024-01-25,6.465719223022461,6.50150101015437,6.319015206139815,6.319015206139815,10880748
2024-01-26,6.669673442840576,6.669673442840576,6.437093879674758,6.465719062979581,12486084
2024-01-29,6.608845233917236,6.7734401364295564,6.587376244570648,6.687564588530117,15415248
2024-01-30,6.573063850402832,6.680408394212151,6.569486163027717,6.619579928583387,9755184
2024-01-31,6.666096210479736,6.75197217574111,6.5480173724757735,6.573064051275566,16837236
2024-02-01,6.780596733093262,6.794909530004758,6.673252189461316,6.691142673742015,14417220
2024-02-02,6.712611675262451,6.880785094182584,6.662517909708238,6.812800025344754,13176744
2024-02-05,6.726924419403076,6.830690456046015,6.655361663751872,6.69114263209054,13708728
2024-02-06,6.938035488128662,7.002442050851365,6.637470436790879,6.74839348734855,24555780
2024-02-07,7.045380115509033,7.113364775909363,6.884363297314217,6.96308224846609,24982224
2024-02-08,6.9809722900390625,7.1777708838907275,6.963081806588487,7.048957765098918,19893312
2024-02-09,7.041801929473877,7.141989460860907,6.984551560549626,6.99528585116532,13303344
2024-02-12,7.020333766937256,7.199241078123889,6.977395782939764,7.095474624702421,16004388
2024-02-13,6.941613674163818,7.1240990740510215,6.941613674163818,7.070426801263739,14815728
2024-02-14,7.084739685058594,7.084739685058594,6.8306903108962365,6.941613357823702,12376812
2024-02-15,7.0811614990234375,7.292271661995546,7.0489578096351,7.163458542389879,25658100
2024-02-16,7.106208324432373,7.370991581573239,6.755549106444901,6.841425067291507,89513952
2024-02-19,7.091896057128906,7.413929687284955,7.059692366523753,7.145568328821581,46547424
2024-02-20,7.249334335327148,7.356678884323683,7.070427026657562,7.149146799374442,21998172
2024-02-21,7.664400577545166,7.9291830207407585,7.263647177948622,7.285115759081062,76297740
2024-02-22,7.64293098449707,7.979276994257667,7.5785244237517855,7.871932453357575,54690960
2024-02-23,7.72880744934082,7.836151997248332,7.607149694464776,7.836151997248332,22526304
2024-02-26,8.072308540344238,8.193965459145264,7.671556000010473,7.828993883768394,50367696
2024-02-27,8.158185005187988,8.322779092246874,7.943495926104093,8.022214872913729,44407260
2024-02-28,7.83615255355835,8.387187720210035,7.743120387040855,8.17249860915364,48418812
2024-02-29,7.614305019378662,7.979276604401766,7.535586075419152,7.836151102843782,35892456
2024-03-01,7.657243728637695,7.850464238857858,7.585680971025065,7.693025516930957,30873264
2024-03-04,7.442554473876953,7.800369892053799,7.442554473876953,7.750275717129563,32333052
2024-03-05,7.757431983947754,7.972121073082453,7.413929768921786,7.499804913191338,42267300
2024-03-06,7.356678485870361,7.821838445985933,7.356678485870361,7.764588077553511,21152712
2024-03-07,7.635775089263916,7.635775089263916,7.392460404863979,7.392460404863979,18443448
2024-03-08,7.635775089263916,7.77890142237999,7.521274350360611,7.635775089263916,16312056
2024-03-11,7.485492706298828,7.871932912272958,7.47833651235148,7.778901571983525,18790308
2024-03-12,7.449711799621582,7.5999943307097,7.335210238573082,7.499805157677047,17664384
2024-03-13,7.227865219116211,7.506960862092581,7.227865219116211,7.485492281468958,21402012
2024-03-14,7.242178440093994,7.41392954235841,7.081161628163506,7.27796022684761,26057796
2024-03-15,7.227865219116211,7.3352097601820345,7.152724367959676,7.263647005796104,20446080
2024-03-18,7.013176441192627,7.320897690655597,7.013176441192627,7.235022545462275,12708720
2024-03-19,7.1563029289245605,7.177771510940745,6.988129912876058,7.03822408988773,12583704
2024-03-20,7.370991230010986,7.592836496147554,7.134833577407237,7.156302157108008,32946960
2024-03-21,7.17777156829834,7.471180438707606,7.16345918017318,7.406773873170471,26107452
2024-03-22,7.016754150390625,7.2994287057530585,6.966660796197321,7.192084165962572,45202368
2024-03-25,6.948769569396973,7.356678333666967,6.941613375862709,7.023910420480593,51275400
2024-03-26,6.848581790924072,7.031067596705418,6.726924450574197,6.959504021748734,54393060
2024-03-27,6.862893581390381,6.9487695414032915,6.809221311125774,6.855737797371872,10340232
2024-03-28,7.116943359375,7.124098733901254,6.916565846502851,6.916565846502851,13301652
2024-03-29,7.277959823608398,7.499804268473071,6.9237225293984865,7.120520298205051,20641188
2024-04-01,7.227865219116211,7.363835353320719,7.120520678050387,7.306584986017204,19333368
2024-04-02,7.106208324432373,7.335209794724844,6.998863782861045,7.2493338338782385,18152148
2024-04-03,6.797242641448975,7.158958557539955,6.797242641448975,7.158958557539955,13419024
2024-04-04,6.782171726226807,6.921582631480305,6.72942101299744,6.816082498618168,19092624
2024-04-05,7.1966376304626465,7.2041732619872,6.801010938639348,6.801010938639348,26116956
2024-04-08,7.494300365447998,7.746746612600339,7.302138309022446,7.3134417564833,18104916
2024-04-09,7.494300365447998,7.494300365447998,7.494300365447998,7.494300365447998,0
2024-04-15,7.588496685028076,7.837175980779025,7.388798995338921,7.464156174754834,16001184
2024-04-16,7.633710861206055,7.7693548258902965,7.426478391734999,7.580961436626296,17209776
2024-04-17,7.8371758460998535,7.935140781335484,7.6713893643156155,7.6713893643156155,17260140
2024-04-18,7.9049973487854,7.987891020416438,7.776890750369089,7.837175802613118,15834180
2024-04-19,7.844712734222412,8.018033993889627,7.791961585770237,7.867319630075232,17584140
2024-04-22,7.505603790283203,7.9200695660494125,7.505603790283203,7.844712387473127,19140576
2024-04-24,7.588496685028076,7.93514091769815,7.456621405450788,7.535746400717607,18646560
2024-04-25,7.754283428192139,7.8748552642366185,7.596032569984586,7.618640328241549,17623620
2024-04-26,8.522929191589355,8.522929191589355,7.761818359468759,7.784425253287151,73361532
2024-04-29,8.779144287109375,9.374467794023527,8.666108090870209,9.374467794023527,206238672
2024-04-30,8.77160930633545,8.892181142947907,8.635966205745884,8.779144938324002,54874680
2024-05-02,9.012752532958984,9.525183244368783,8.741465482824912,8.794216628926456,96581136
2024-05-03,9.042896270751953,9.163468106042274,8.937395699273475,9.042896270751953,44634672
2024-05-06,9.186074256896973,9.299110451115707,8.95246623716462,9.07303806267824,39489492
2024-05-07,8.854501724243164,9.216217217888655,8.733929893028,9.186074691283746,41458128
2024-05-08,8.74146556854248,8.960002337115707,8.74146556854248,8.899716421205621,21675300
2024-05-09,8.779144287109375,8.907252608605438,8.73392963613416,8.786679918538955,19819704
2024-05-10,8.967537879943848,8.967537879943848,8.718858587078667,8.786680134005739,25100580
2024-05-13,8.960002899169922,9.21621784226052,8.914788243801635,9.027824451023443,34045560
2024-05-14,9.201146125793457,9.231288650134058,8.83942979692235,8.997680636903603,34973496
2024-05-15,9.012752532958984,9.201146772928684,8.809287029758991,9.201146772928684,50999016
2024-05-16,9.26896858215332,9.34432576283498,9.035359683484385,9.06550307319572,38329584
2024-05-17,9.593005180358887,9.645755466202024,9.148395997851498,9.268968695777094,40830180
2024-05-20,9.419682502746582,9.653291390484384,9.39707560831925,9.60807673923198,24940512
2024-05-21,9.276503562927246,9.510111582803045,9.261431437930497,9.464896932608244,24852840
2024-05-22,9.17853832244873,9.351860423699705,9.14085930482106,9.276503250842058,18921192
2024-05-23,9.216217041015625,9.38200438375197,9.208682271906763,9.238824797933193,20659680
2024-05-24,9.193610191345215,9.397075692607167,9.06550273031245,9.268968231574402,20419728
2024-05-27,8.862038612365723,9.404611876960889,8.862038612365723,9.208682858123195,27857076
2024-05-28,9.005217552185059,9.133325886094703,8.854502321796089,8.944931632509034,18036828
2024-05-29,9.148395538330078,9.329253282537344,9.020288939714066,9.042895834340818,21416196
2024-05-30,9.140860557556152,9.238825499375363,9.012753087421993,9.208682971060412,13171152
2024-05-31,8.92986011505127,9.299111254799882,8.92986011505127,9.163468154973412,14504688
2024-06-03,8.944931030273438,9.0202890715932,8.824359199039133,8.967537925230708,13865964
2024-06-04,9.336790084838867,9.495040939645854,8.95246682670698,8.95246682670698,40650900
2024-06-05,9.095646858215332,9.397076456440267,8.960002892215746,9.359398295660787,26054172
2024-06-06,9.374467849731445,9.487504046642332,9.155931949781776,9.155931949781776,28484340
2024-06-07,9.15593147277832,9.397075116985771,8.997680632868045,9.351860468097449,17677416
2024-06-10,8.944931030273438,9.155932166132352,8.899716377961132,9.088110618862776,15694128
2024-06-11,8.914788246154785,9.005217556915232,8.869574453172385,8.94493163720754,10208460
2024-06-12,9.080574989318848,9.148396543045301,8.862039063399797,8.92232412235856,16925040
2024-06-13,9.193610191345215,9.291575126204508,9.103180888029291,9.193610191345215,19363836
2024-06-14,9.2086820602417,9.351860780371712,9.193609935177177,9.268967973306609,16466316
2024-06-20,9.2086820602417,9.351860780371712,9.095645865445277,9.2991104986402,16757604
2024-06-21,9.52518367767334,9.532719309631286,9.21621759301078,9.306646901301724,32770164
2024-06-24,9.992400169372559,10.022542695843054,9.555325773970544,9.623148183324677,53912724
2024-06-25,10.030077934265137,10.06022132195172,9.79646991368558,9.992399777654063,19953756
2024-06-26,10.045149803161621,10.444545186525398,9.886899811048846,10.0300785396076,41335128
2024-06-27,9.675898551940918,10.045149678830803,9.638219531124449,10.045149678830803,24281028
2024-06-28,9.70604133605957,9.924578972672034,9.57039823735974,9.7211134622245,30341556
2024-07-01,9.68343448638916,9.984864075152181,9.562862650883952,9.758791667980468,26882388
2024-07-02,10.27875804901123,10.346579598795458,9.72111352447597,9.7587916841351,34007820
2024-07-03,10.301365852355957,10.399330792694668,10.067757811854262,10.346579644145086,21420588
2024-07-04,10.286294937133789,10.52743861777516,10.143115337754333,10.369187753955075,16928400
2024-07-05,10.07529354095459,10.323972847783502,10.07529354095459,10.203401010387799,13666752
2024-07-08,9.954721450805664,10.210936383166711,9.909506797330836,10.097900180678534,12494736
2024-07-09,10.27875804901123,10.346579598795458,9.947185932021922,9.954721563953749,21386700
2024-07-10,10.550045013427734,10.625403056847876,10.022543021475684,10.308901344237974,25015572
2024-07-11,10.474687576293945,10.768581523732834,10.459615450539767,10.550044755473778,18247116
2024-07-12,10.791189193725586,10.791189193725586,10.414401576083954,10.474687491418884,23798556
2024-07-16,10.889153480529785,10.919296869986818,10.685687973288692,10.79118940518942,17120268
2024-07-17,11.175511360168457,11.213190379908793,10.730902204343916,10.889153052376036,18080520
2024-07-18,11.167976379394531,11.40911916900919,10.987117777987518,11.198118904697216,21584244
2024-07-19,11.130297660827637,11.258405121617724,11.0021893376398,11.145368923885824,16419852
2024-07-22,10.994654655456543,11.220727070440821,10.572652354207053,11.032333678753197,31368804
2024-07-23,11.190583229064941,11.45433377401008,11.017261122067556,11.15290421018804,31441272
2024-07-24,10.643488883972168,11.258405218494493,10.607316472484863,10.987118169124,23221725
2024-07-25,9.721113204956055,10.670617457919688,9.630683899950846,10.625402805417083,72951536
2024-07-26,9.495040893554688,9.811542601632286,9.404611587704581,9.730156398846745,50211253
2024-07-29,9.630683898925781,10.019528703049922,9.458869254311491,9.495040803830172,42747641
2024-07-30,9.558341026306152,9.73015653738817,9.495041028748455,9.67589878062601,15400675
2024-07-31,9.160453796386719,9.522169293200522,9.15141069336693,9.495040846538929,21305242
2024-08-01,9.332268714904785,9.395569575498179,9.205668718513591,9.205668718513591,14883634
2024-08-02,9.187582969665527,9.377483836110882,9.097154519509258,9.268969178484657,15192669
2024-08-05,8.880123138427734,9.268967922357312,8.645008509965818,8.645008509965818,21526372
2024-08-06,9.042896270751953,9.241840230179879,9.03385316750573,9.088110924585271,12752329
2024-08-07,8.997681617736816,9.24184023102026,8.907253172459749,9.19662557718283,13825818
2024-08-08,9.13332462310791,9.205667716715293,8.997680675795792,9.00672377809614,15086719
2024-08-09,9.070024490356445,9.33226844112774,9.060982249735055,9.187582242412235,14421487
2024-08-12,8.852995872497559,9.151411395876298,8.825867423753447,9.088111394674092,9601855
2024-08-13,8.871081352233887,8.952466691790212,8.7263942918723,8.843952043317346,8255848
2024-08-14,9.070024490356445,9.16045379575252,8.889166741962065,8.889166741962065,12303465
2024-08-15,9.17853832244873,9.187581424663003,8.943423701661517,9.079066785284821,9806918
2024-08-16,8.663094520568848,9.051939334480931,8.663094520568848,9.0248100248607,34254138
2024-08-19,8.635965347290039,8.726393784561468,8.437021405456552,8.68117999712461,15867216
2024-08-20,8.536493301391602,8.663094153731754,8.527451060965538,8.663094153731754,10421250
2024-08-21,8.500322341918945,8.663094754443485,8.482236997415002,8.536493893324643,8782211
2024-08-22,8.373722076416016,8.608837584261305,8.355635870090477,8.518408277429183,13844935
2024-08-23,8.048176765441895,8.382764662649468,8.048176765441895,8.373721560044348,16989208
2024-08-26,7.704547882080078,8.165734927214796,7.704547882080078,8.075306483759926,20993054
2024-08-27,7.695505142211914,7.776891348840838,7.568904280522719,7.72263359028895,17190134
2024-08-28,7.586989879608154,7.894447612108146,7.559860571307004,7.785932966096782,15652686
2024-08-29,8.07530689239502,8.23807844380963,7.6050758580025875,7.641247409694481,32099198
2024-09-02,8.102434158325195,8.4551073826604,8.084347953919327,8.229035001973198,19316665
2024-09-03,8.048176765441895,8.310420704206242,8.048176765441895,8.129562964092509,11949830
2024-09-04,8.156692504882812,8.283292495379564,7.930620107684035,7.975833897205587,14702836
2024-09-05,8.111477851867676,8.283292494260523,8.03913475376566,8.274249391398332,12012306
2024-09-06,8.048176765441895,8.138606066697628,8.030091422629386,8.11147762128,7034578
2024-09-09,8.084348678588867,8.147649537285913,7.9487055829767685,7.98487713263318,10324803
2024-09-10,7.948705673217773,8.219992729919639,7.948705673217773,8.093391873486027,10009769
2024-09-11,7.695505142211914,8.002963761744375,7.695505142211914,7.9487060031924885,9741915
2024-09-12,7.903491020202637,7.903491020202637,7.6412470666114025,7.740719476096277,9701362
2024-09-13,8.048176765441895,8.057219868047014,7.7768905864701585,7.957748326583893,10003830
2024-09-16,7.99392032623291,8.13860652649812,7.921577226100305,8.057220323249496,10305450
2024-09-17,7.984877586364746,8.129563793212018,7.984877586364746,8.030092241603974,7691162
2024-09-18,7.885405540466309,8.039134841204591,7.876362437505759,8.012005532322942,7864630
2024-09-19,8.021048545837402,8.021048545837402,7.876362349673126,7.966791653474677,15558938
2024-09-20,7.930620193481445,8.111477940717526,7.912533987558954,8.08434863183379,10506542
2024-09-23,7.831148147583008,7.993920558816125,7.822105044203878,7.939662800939151,8048935
2024-09-24,8.608838081359863,8.608838081359863,7.813063067439367,7.867319964753359,49279058
2024-09-25,8.427978515625,8.80778020398042,8.400850069998967,8.690222456403957,37394444
2024-09-26,8.608838081359863,8.99768205343625,8.491280320649102,8.491280320649102,40101090
2024-09-27,8.337550163269043,8.68118030691763,8.274249306282627,8.608837209559796,15975102
2024-09-30,8.337550163269043,8.482236357984712,8.219992414463125,8.337550163269043,13294084
2024-10-01,8.084348678588867,8.45510814056429,7.975834029619635,8.346592629197287,14934698
2024-10-02,7.948705673217773,8.210949626803428,7.948705673217773,8.030091876468111,12552542
2024-10-03,7.767847537994385,8.057219924192818,7.767847537994385,7.957748382036541,13879469
2024-10-04,7.686461448669434,7.885405398224012,7.668375243074586,7.804019197842696,15385269
2024-10-07,7.840190887451172,7.9848770852176445,7.677418483765008,7.713590033206627,16494422
2024-10-08,7.912534236907959,7.966791993987499,7.7135902774800345,7.840191135733767,8227952
2024-10-09,7.99392032623291,8.030091876299213,7.767847922719073,7.822104816619638,7460101
2024-10-10,7.713590145111084,8.048177197899495,7.713590145111084,8.002963407239859,10111603
2024-10-11,7.505603790283203,7.804019286818516,7.505603790283203,7.75880463471364,10301802
2024-10-14,7.324746131896973,7.550818532728388,7.30665992587953,7.5056038800825515,10300526
2024-10-15,7.469432353973389,7.559860797152133,7.342831498645819,7.342831498645819,10025409
2024-10-16,7.460389137268066,7.614118436967229,7.433260690967555,7.46943224016749,10392243
2024-10-17,7.668375492095947,7.668375492095946,7.487517742263075,7.505603948445252,8230390
2024-10-18,7.505603790283203,7.740719291310346,7.478475343979381,7.740719291310346,8010745
2024-10-21,7.297616958618164,7.541775570008763,7.297616958618164,7.505604019698799,8322192
2024-10-22,7.379003047943115,7.451346147440772,7.26144529565998,7.315703051482108,10968224
2024-10-23,7.279531478881836,7.460389227058239,7.270488375873573,7.379003024779416,7813764
2024-10-24,7.41517448425293,7.442302930550091,7.315702939564833,7.351874488760301,11180485
2024-10-25,7.424217700958252,7.469432353745129,7.315703051708411,7.415174597921323,8082915
2024-10-28,7.469432353973389,7.5327323504382875,7.397089254471283,7.451346147898977,5717757
2024-10-30,7.460389137268066,7.568903784867871,7.433260690967555,7.478475343066913,11588028
2024-10-31,7.541775703430176,7.541775703430176,7.388046396293759,7.424217947243633,14417641
2024-11-01,7.650290489196777,8.084349108136655,7.505604282883485,7.5417758344618075,38555631
2024-11-04,7.514646530151367,7.749761157422371,7.478474982694466,7.65028961751532,16982682
2024-11-05,7.424217700958252,7.641246999457934,7.32474615474534,7.623161655781847,8783288
2024-11-06,7.505603790283203,7.568903785791373,7.397089142670159,7.4603891381783285,11724340
2024-11-07,7.59603214263916,7.59603214263916,7.406131295953293,7.505603701892116,10745568
2024-11-08,7.713590145111084,7.73167635129316,7.53273239527921,7.60507549521196,15682547
2024-11-11,7.96679162979126,8.138606271626134,7.713589924858732,7.767847679457917,19047432
2024-11-12,7.876362323760986,8.021048519449264,7.840190774838917,7.966791627265037,11055457
2024-11-13,7.776891231536865,7.903491228918654,7.758805024826437,7.876362781250814,10981095
2024-11-14,7.858276844024658,7.912534603618805,7.785933739497684,7.822105291761171,9676420
2024-11-15,8.002963066101074,8.147649259799099,7.8763622154164326,7.8763622154164326,15445284
2024-11-18,8.183820724487305,8.26520692320914,7.894447477654363,8.048176772485002,13771540
2024-11-19,7.984877586364746,8.2832931035867,7.91253448294111,8.210950000163065,12494975
2024-11-20,7.794976234436035,8.1114779388236,7.794976234436034,8.002963290507289,11108053
2024-11-21,8.07530689239502,8.093392237042057,7.80401982350691,7.858276719845842,10490023
2024-11-22,8.192864418029785,8.201906658897279,7.975834251651839,8.075306662774421,11472078
2024-11-25,8.165735244750977,8.283293001971703,8.156693003732311,8.256164554120092,13677261
2024-11-26,8.12052059173584,8.265207659235733,8.102435247296983,8.174778349848026,9594728
2024-11-27,8.319464683532715,8.36467933892539,8.13860692435984,8.165735372636314,18336152
2024-11-28,8.427978515625,8.527450920250018,8.292335425097095,8.44606472097418,34363989
2024-11-29,8.898210525512695,8.95246742298167,8.38276568756826,8.455108792458782,31039294
2024-12-02,8.943425178527832,9.02481052470271,8.726395001534646,8.898210522387675,14476489
2024-12-03,9.603555679321289,9.712070330441566,8.907253119033397,8.943424669406824,28596172
2024-12-04,9.639727592468262,9.847714661741014,9.522169833731109,9.621642247799834,25314745
2024-12-05,9.504083633422852,9.766327575489239,9.359397439510051,9.657812930054638,17844891
2024-12-06,9.35035514831543,9.603556009638325,9.332268941307744,9.549299113410898,11408603
2024-12-09,9.34131145477295,9.513126960902076,9.223753703841906,9.440782999838712,11589255
2024-12-10,9.47695541381836,9.540256277724449,9.187582992754544,9.359398514559564,15299978
2024-12-11,9.856756210327148,10.010485509997745,9.4046114142131,9.476954512599526,28202193
2024-12-12,9.8477144241333,10.010485971813047,9.684942014055755,9.856756665050431,18022950
2024-12-13,10.372201919555664,10.462630361821315,9.730156271159156,9.811542472876678,27427407
2024-12-16,10.263688087463379,10.516888953296055,10.182301879274846,10.399331192845711,17211087
2024-12-17,10.67966079711914,10.70678924426164,10.010485822554449,10.263687537210402,25004447
2024-12-18,10.444544792175293,10.878603375406536,10.40837324357269,10.679660289291089,21020733
2024-12-19,10.860518455505371,11.041376205565863,10.137086592865622,10.39933054605278,33298853
2024-12-20,10.317944526672363,10.896690199570262,10.317944526672363,10.860518648914004,25965522
2024-12-23,10.345072746276855,10.462630498920632,9.929099491690327,10.091871897258292,28509524
2024-12-24,10.399330139160156,10.779131830625651,10.272729287872409,10.444544790505619,24895133
2024-12-25,10.896690368652344,10.996161918901084,10.363159341395503,10.58018864870065,20360598
2024-12-26,10.761046409606934,10.932861924765465,10.516888654378764,10.878604166715979,31495788
2024-12-27,10.878602981567383,10.94190383612856,10.55305905592965,10.770088339688138,21435420
2024-12-30,10.969033241271973,10.97807634448634,10.670617734380135,10.842432383464185,18790314
2024-12-31,11.701506614685059,12.063222958835912,10.75200325948369,10.96903254853556,35240855
2025-01-02,11.285533905029297,11.665335609756031,11.258405458233895,11.665335609756031,19374451
2025-01-03,11.11371898651123,11.39404913785495,11.059461231851953,11.285533628536394,14009736
2025-01-06,10.9871187210083,11.158934234612287,10.959990273427913,11.113719580379774,9436255
2025-01-07,10.580187797546387,11.122761884558095,10.580187797546387,10.996161034282633,13333735
2025-01-08,10.399330139160156,10.661574082086545,10.390287036411515,10.580187882144262,11544115
2025-01-09,10.498802185058594,10.643489248773637,10.417416843615975,10.489759944274605,7650558
2025-01-10,10.580187797546387,11.068504130897828,10.52593090628386,10.544016249238789,21954296
2025-01-13,10.046656608581543,10.61635912962086,10.001442820916258,10.580187582050002,25117940
2025-01-14,10.064743995666504,10.308901754846614,9.947186236654664,10.064743995666504,22677955
2025-01-15,10.09187126159668,10.17325745925435,9.8386704285266,10.07378591900482,15788285
2025-01-16,9.965271949768066,10.245601246870983,9.856756437291954,10.146129699898623,16711546
2025-01-17,10.010485649108887,10.091871851524044,9.874842553348806,10.001443408483247,13151951
2025-01-20,10.028572082519531,10.227516041556097,9.98335742877516,10.100915183551413,11839582
2025-01-21,9.7391996383667,10.019528938113716,9.703027225601629,10.019528938113716,19402864
2025-01-22,9.495040893554688,9.793456395503156,9.395569347037789,9.739199501911312,21166967
2025-01-23,9.630683898925781,9.77537095939827,9.504083906809283,9.504083906809283,14653533
2025-01-24,9.947185516357422,10.046657061057804,9.612598470658586,9.630683814059672,19345914
2025-01-27,9.92005729675293,10.109958149991696,9.757284890434622,9.965271949885546,13452262
2025-01-28,9.947185516357422,10.010485511857869,9.856756212158706,9.920057070056911,12556233
2025-01-29,10.082828521728516,10.21847247683561,9.911013880136831,9.983356977901515,20359592
2025-01-30,10.236557960510254,10.281772612832905,10.100914865940062,10.155171758809034,15608788
2025-01-31,10.435502052307129,10.616359801609256,10.236558096875902,10.236558096875902,30281962
2025-02-03,10.453588485717773,10.643489342213268,10.164215218145053,10.435502279195443,21295323
2025-02-04,10.562103271484375,10.625403270318978,10.41741706706368,10.507845513627712,12701579
2025-02-05,10.453588485717773,10.56210313765837,10.29081607660798,10.51688848375034,16124396
2025-02-06,10.788174629211426,10.833388416884382,10.48975914610177,10.48975914610177,18352587
2025-02-07,10.851475715637207,10.941905024893305,10.643489511705107,10.851475715637207,12349586
2025-02-10,10.715831756591797,10.950946389526013,10.661574002900677,10.860517949904464,11835091
2025-02-11,10.688702583312988,10.815303435256656,10.516887942187351,10.706788788903976,15697633
2025-02-12,10.3089017868042,10.770089720726983,10.227516441757082,10.715832824028904,17849940
2025-02-13,10.227516174316406,10.426459273537603,10.227516174316406,10.336030827272822,11920766
2025-02-14,10.290815353393555,10.426458443187174,10.227515359809562,10.227515359809562,11488978
2025-02-17,10.444544792175293,10.45358789492538,10.290815495014792,10.290815495014792,10208906
2025-02-18,10.80626106262207,10.860518820663389,10.10091538247176,10.218473139563113,45235377
2025-02-19,11.37596321105957,11.556820960361437,10.752003760368687,10.80626065396036,68250083
2025-02-20,11.84619426727295,11.999923570371134,11.276491707979282,11.43926325177906,67431338
2025-02-21,11.791935920715332,11.981836764305902,11.656292830606812,11.84619367419738,42531603
2025-02-24,11.828107833862305,12.180781086383075,11.538735439423371,11.83715093678796,34303323
2025-02-25,11.611078262329102,11.981836849499796,11.556820508461266,11.82810755300496,24151823
2025-02-26,11.665334701538086,11.773850205066648,11.375962325189144,11.647249359215131,19890440
2025-02-27,11.77385139465332,12.036095352815142,11.629164329462492,11.66533588016075,28216500
2025-02-28,11.737678527832031,11.999923338254456,11.565863884256325,11.78289318005651,33279481
2025-03-03,11.5025634765625,11.864278956606274,11.484477271361445,11.800978963198046,27330309
2025-03-04,11.38500690460205,11.719593973763146,11.366920697534944,11.502564663344785,19905054
2025-03-05,11.656292915344238,11.746721355274726,11.403091213784297,11.484477413400153,20480962
2025-03-06,11.954708099365234,12.04513653697875,11.665334856767913,11.773850361740482,41353202
2025-03-07,12.072266578674316,12.343552770412622,11.909494173713117,11.954708826468758,45947863
2025-03-10,12.02705192565918,12.325467426483094,11.918537276486646,12.072266578413846,33002117
2025-03-11,11.602035522460938,12.063223426368662,11.394049327991434,11.394049327991434,33128312
2025-03-12,11.665334701538086,11.800978649749933,11.556820060407233,11.647249359215131,15422018
2025-03-13,11.755764961242676,11.891408058144057,11.683421861242236,11.683421861242236,24837783
2025-03-14,11.710549354553223,11.945664841608094,11.69246401222469,11.846193302806899,23941443
2025-03-17,11.493520736694336,11.800979335633718,11.48447763380841,11.71959313445591,19539223
2025-03-18,11.258405685424805,11.565864296636361,11.104676379819026,11.50256429870379,24776643
2025-03-19,10.200386047363281,10.869560980599179,10.137086053807646,10.390286890427921,26037029
2025-03-20,10.173257827758789,10.507844870606236,9.992400083300405,10.173257827758789,20143023
2025-03-21,9.567383766174316,10.173257858754162,9.31418292316114,10.173257858754162,18515353
2025-03-24,10.010485649108887,10.064743404851582,9.386526201255634,9.567383949735,23657627
2025-03-25,10.317944526672363,10.417416937775414,10.010485914895286,10.010485914895286,22461767
2025-03-26,10.046656608581543,10.263686756404416,9.947185068361112,10.263686756404416,12299538
2025-03-27,9.92005729675293,10.218472800071309,9.911014193646851,10.055700393753002,11615635
2025-03-28,10.10091495513916,10.137086504837152,9.811542557555224,9.9200572066492,10655918
2025-04-02,9.829627990722656,10.119000390941872,9.811542646907844,10.100915047127062,17449791
2025-04-03,10.001442909240723,10.227515299154504,9.811542067217236,9.829627409963521,19662946
2025-04-04,9.856756210327148,10.146129466270615,9.820584661133934,10.04665705919096,12465508
2025-04-07,9.748241424560547,9.874842276141035,9.332268183536375,9.766327630099651,18654214
2025-04-08,9.947185516357422,10.046657061057804,9.856756212158706,9.856756212158706,12678165
2025-04-09,9.721113204956055,9.947185605071311,9.67589855245345,9.811542509961264,14813009
2025-04-10,9.793456077575684,10.01952847246413,9.793456077575684,9.983356923777889,13749386
2025-04-11,9.829627990722656,9.911014193883755,9.75728489066785,9.793456440695254,12180498
2025-04-14,9.874842643737793,10.137086597032754,9.84771419681701,9.84771419681701,16674372
2025-04-15,9.748241424560547,9.947185373501956,9.721112978649638,9.929099167962852,12618843
2025-04-16,9.485998153686523,9.84771452853844,9.467912809262721,9.739199874802207,10532293
2025-04-17,9.65781307220459,9.70302686166952,9.395569126278327,9.48599756760594,11559578
2025-04-18,9.495040893554688,9.703027089653048,9.440783137565068,9.65781329912577,8909510
2025-04-21,9.422697067260742,9.621641007351982,9.395568622556663,9.495040161403429,11812528
2025-04-22,9.08811092376709,9.485997980189326,9.042896269937842,9.467912636096303,17405958
2025-04-24,9.160453796386719,9.1966253460681,8.988638288601834,9.088110697023959,13407983
2025-04-25,9.07906723022461,9.268968074042363,9.0338525793351,9.16949653200363,11446073
2025-04-28,8.934381484985352,9.133325441429347,8.907253038051373,9.079067685163611,10249279
2025-04-29,8.871081352233887,9.051939099688664,8.871081352233887,8.907252901724842,8975434
2025-04-30,8.64500904083252,8.90725299292651,8.617879731638201,8.86203834000042,12128846
2025-05-02,8.925337791442871,8.952466236582241,8.690222300507747,8.690222300507747,12192707
2025-05-05,8.816823959350586,9.015767920930394,8.798737752662511,8.934381715629662,9552309
2025-05-06,8.852995872497559,9.03385363478803,8.789695871295352,8.798738112611499,11485158
2025-05-07,8.635965347290039,8.852994631618726,8.527450705125696,8.825866186677068,13408253
2025-05-08,8.482236862182617,8.62692306549867,8.418936863831295,8.608837721283061,11254522
2025-05-09,8.590750694274902,8.626922241649625,8.40989295740129,8.482236052150736,14316139
2025-05-12,9.287055015563965,9.332268807639942,8.753523990048507,8.825867092247437,32614330
2025-05-13,9.413654327392578,9.449825875856806,9.097153493930005,9.323225887430874,30371878
2025-05-14,9.314183235168457,9.648770290243334,9.19662548137494,9.413654782656302,25352793
2025-05-15,9.160453796386719,9.386526197494788,9.060982250362365,9.323226201151815,13701255
2025-05-16,9.241840362548828,9.259925706902512,9.0700248480009,9.169497260338481,12604868
2025-05-20,9.250882148742676,9.37748300258584,9.187582153019974,9.323226109794314,17246639
2025-05-21,9.364739418029785,9.459620626239092,9.174977906465434,9.38371602161335,16393036
2025-05-22,9.326786994934082,9.440643900398236,9.250882391291315,9.393203296907942,11301133
2025-05-23,9.203442573547363,9.412180703813174,9.203442573547363,9.31729948873208,10105007
2025-05-26,8.966239929199219,9.288834956246573,8.956751627261525,9.222418652391273,8876258
2025-05-27,8.785966873168945,8.975728391031865,8.776478571062226,8.966240088925145,7281993
2025-05-28,8.653133392333984,8.814430909366605,8.653133392333984,8.757502001356265,5584709
2025-05-29,8.615180969238281,8.814430787232187,8.548764664858407,8.814430787232187,8823450
2025-05-30,8.615180969238281,8.700573877643425,8.529788060833138,8.615180969238281,6107433
2025-06-02,8.577228546142578,8.975728176559839,8.501323940811126,8.586716848022578,13851261
2025-06-03,8.757501602172852,8.96623971555703,8.615180695915699,8.615180695915699,12494987
2025-06-04,8.91879940032959,8.956751703549338,8.729037884230845,8.757501885432085,8026451
2025-06-05,8.994704246520996,9.089585459526548,8.909312240641167,8.994704246520996,4791742
2025-06-10,9.080097198486328,9.174978411922721,9.042144894082634,9.051633196397136,7285225
2025-06-11,9.156002044677734,9.260371563134576,8.994704520566557,9.080097433902397,10801347
2025-06-12,8.814431190490723,9.118049629951242,8.757502280664713,9.118049629951242,8700669
2025-06-13,8.586716651916504,8.653132953851122,8.3779785395951,8.539276048454242,10202570
2025-06-16,8.72903823852539,8.795455450496409,8.453883802800659,8.548765017128217,8209033
2025-06-17,8.586716651916504,8.842894462845921,8.558252651780846,8.700573557313383,9113255
2025-06-18,8.377979278564453,8.558253406651058,8.321051273271873,8.539276801650646,10360087
2025-06-19,8.178729057312012,8.472860086703966,8.178729057312012,8.406442877248454,8437896
2025-06-20,8.444395065307617,8.444395065307617,8.197705549504189,8.245145249369362,8842996
2025-06-23,8.207193374633789,8.340026893805689,8.131288765065367,8.340026893805689,8507540
2025-06-24,8.510812759399414,8.577229066883133,8.415931544547536,8.529788459457194,12723661
2025-06-25,8.491835594177246,8.691085408335786,8.482347292347253,8.510812197837234,11156302
2025-06-26,8.434907913208008,8.567740524454964,8.434907913208008,8.49183591664119,5472424
2025-06-27,8.425419807434082,8.482347812194389,8.283097985824671,8.434908109845573,9767693
2025-06-30,8.710062026977539,8.79545493388583,8.396955304883312,8.425419305567987,15505107
2025-07-01,8.823919296264648,8.91879960405415,8.65313347544752,8.710062384004665,11898860
2025-07-02,8.890335083007812,9.19395349796981,8.814430479267314,8.823918780948437,17743982
2025-07-03,8.947264671325684,9.080097285585634,8.909312366557938,8.966240371282396,12320642
2025-07-04,8.975728034973145,9.118048941511024,8.871359430502316,8.95675143151249,14944363
2025-07-07,8.890335083007812,8.947263988240312,8.785966479078189,8.890335083007812,10809799
2025-07-08,8.653133392333984,8.966240124255119,8.586717087033833,8.928287820532992,13492302
2025-07-09,8.72903823852539,8.804942848045707,8.615181324244913,8.624669626648533,9244719
2025-07-10,8.890335083007812,8.918799083196937,8.776478177397063,8.776478177397063,8044445
2025-07-11,8.871359825134277,9.013680738003135,8.776478613318842,8.89982382673719,12484186
2025-07-14,8.738526344299316,8.947264468210435,8.729038042109197,8.871359860398082,10306842
2025-07-16,8.681597709655762,8.861871837533041,8.56774079434848,8.738526619736568,10339594
2025-07-17,8.852383613586426,8.8618719161598,8.681597786683042,8.681597786683042,8019534
2025-07-18,8.994704246520996,9.137026066029325,8.823919329907032,8.852383331866974,29262692
2025-07-21,9.05163288116455,9.11804918534442,8.98521657698468,9.032657182050707,19945425
2025-07-22,8.956751823425293,9.118049340481582,8.928287821843094,9.070609639462681,18626905
2025-07-23,8.947264671325684,9.051633283223405,8.852383456979158,8.95675206887688,13804401
2025-07-24,9.156002044677734,9.212930955186406,8.92828821235172,8.96624051773939,23878166
2025-07-25,9.146513938903809,9.250882544426728,9.042144428526624,9.23190594077478,13698840
2025-07-28,9.032657623291016,9.250883150458945,9.013681018395895,9.184466843034675,11763634
2025-07-29,8.91879940032959,9.080096915227095,8.909312003165365,9.032657214843121,10691416
2025-07-30,8.994704246520996,9.108562064069382,8.890335636098333,8.918799638058276,15027839
2025-07-31,9.023168563842773,9.184466072501904,8.975727960439338,9.03265686549431,16898409
2025-08-01,9.60194206237793,9.668358368868743,9.032657496340292,9.032657496340292,47997782
2025-08-04,9.573477745056152,9.867607868276966,9.526037139901552,9.687334654514624,24428484
2025-08-05,9.53552532196045,9.763239138013086,9.431155810962288,9.649382229986767,18592781
2025-08-06,9.668357849121094,9.67784615092523,9.374227732026954,9.53552524328023,19091496
2025-08-07,9.611430168151855,9.791703384163862,9.582966166645601,9.668358171164366,19490992
2025-08-08,9.53552532196045,9.649382229986767,9.478596415520155,9.611429927311328,12224432
2025-08-11,9.668357849121094,9.715798453287515,9.526036941476091,9.53552524328023,14081995
2025-08-12,9.5545015335083,9.70631075235523,9.49757352886786,9.67784675003501,14007445
2025-08-13,9.48808479309082,9.611430003983514,9.459620792070746,9.58296600296344,15337950
2025-08-14,9.383716583251953,9.535525801589591,9.345764278667545,9.535525801589591,12043076
2025-08-15,9.402691841125488,9.4691081448126,9.345763839352042,9.402691841125488,11940978
2025-08-18,9.60194206237793,9.649382669094644,9.402692238051179,9.421668842679589,19834666
2025-08-19,9.421669006347656,9.526037619054012,9.174978571018821,9.488085313992217,25634000
2025-08-20,9.78221607208252,9.820168376039451,9.307811820193741,9.459621036021462,32666837
2025-08-21,9.744263648986816,9.886584560871636,9.649382437827411,9.84863225737873,27340767
2025-08-22,10.009929656982422,10.085834263085163,9.74426353562283,9.791703235796334,32075265
2025-08-25,10.417917251586914,10.541262469383387,10.009930197949396,10.12378711325668,34504267
2025-08-26,10.275595664978027,10.626654690543766,10.275595664978027,10.465357178141364,29886171
2025-08-27,10.256620407104492,10.531774839236027,10.237643802545065,10.275596106809612,15744325
2025-08-28,10.266107559204102,10.41791677263455,10.24713185995244,10.266107559204102,9051980
2025-08-29,10.0383939743042,10.294572706612243,10.00044167005719,10.266107799786255,11657838
2025-09-01,9.896072387695312,10.085833896046456,9.877095784433074,10.03839329274511,7640219
2025-09-02,9.592453956604004,10.000441915930997,9.336276122851805,9.924537305570766,20399787
2025-09-03,9.459620475769043,9.611429682605761,9.307811268932324,9.592453079324049,15475850
2025-09-04,9.953001022338867,9.953001022338867,9.47859676878768,9.497573373259794,38369849
2025-09-05,10.256620407104492,10.436893626147508,9.96248937041353,10.00992997695779,40038988
2025-09-08,9.915048599243164,10.370477147710242,9.772727686827743,10.085834418025104,26390802
2025-09-09,9.867608070373535,10.161739104472671,9.677846550722949,9.915048676499756,15592173
2025-09-10,9.801191329956055,10.066857445682674,9.763239027709394,9.953000538942694,10517506
2025-09-11,9.63040542602539,9.962488746172854,9.63040542602539,9.791702935256529,13436289
2025-09-12,9.696823120117188,9.820168333658465,9.497573298989632,9.630405909838471,11139187
2025-09-15,10.142762184143066,10.417916605279194,9.526037038275485,9.649382248419856,16562952
2025-09-16,10.228155136108398,10.30405974193503,10.085834226397035,10.190202833195084,13104065
2025-09-17,10.342012405395508,10.683584048377623,10.14276258194071,10.218668095267864,60428589
2025-09-18,10.17122745513916,10.54126219400761,10.104810244304222,10.436893583916,22483695
2025-09-19,10.237643241882324,10.342011846680519,10.057370032711939,10.180714336176052,15107984
2025-09-22,10.75,10.806928906904046,10.37047697015395,10.550750183117254,31983522
2025-09-23,10.778464317321777,10.949250138191394,10.579214494591993,10.72153631360144,25645494
2025-09-24,11.063106536865234,11.205428349267182,10.693071815299549,10.778463816915602,29577900
2025-09-25,11.053618431091309,11.233892549026551,10.901809219053806,11.148499641041887,16264532
2025-09-26,10.674095153808594,11.034642476475305,10.674095153808594,11.034642476475305,12698892
2025-09-29,10.531774520874023,10.854368644943904,10.484333915763832,10.674095431350315,10809534
2025-09-30,10.50330924987793,10.65511845707135,10.43689294794437,10.569726456665737,12822840
2025-10-01,10.911297798156738,10.911297798156738,10.398941242089638,10.522286456216534,21498886
2025-10-02,11.395190238952637,11.594440059041512,10.787952476573611,10.95873829517959,31496595
2025-10-03,11.25286865234375,11.546999689873266,11.205428950518552,11.395190472382282,18125266
2025-10-06,11.157988548278809,11.5185358988531,11.157988548278809,11.357238376100014,10190844
2025-10-07,11.546998977661133,11.831641695327287,11.16747595734243,11.16747595734243,22283799
2025-10-08,11.357237815856934,11.651367939412076,11.357237815856934,11.546999331836748,17213380
2025-10-09,11.480583190917969,11.708297013335937,11.319285673825,11.433142585033984,15454261
2025-10-10,11.651368141174316,11.765225052733822,11.490070623584776,11.499558925761644,14097633
2025-10-13,11.271844863891602,11.57546328828595,11.233892560842307,11.442630680040562,16899875
2025-10-14,10.740511894226074,11.423654265281495,10.740511894226074,11.300309052114942,16030499
2025-10-15,11.395190238952637,11.670344666232104,10.759488475090713,10.759488475090713,24398872
2025-10-16,11.214916229248047,11.717785387931363,11.167476527925052,11.39519035175091,13697680
2025-10-17,11.537510871887207,11.727272385269377,10.920785727181585,11.214915846710381,23304018
2025-10-20,11.537510871887207,11.670344383681861,11.328772754739683,11.575463174563641,23517493
2025-10-21,11.471095085144043,11.698808911460247,11.442631083068097,11.537511391606024,15788648
2025-10-22,11.641880989074707,11.90754712164284,11.4331428610583,11.499559167986755,25553605
2025-10-23,11.584951400756836,11.717784911683632,11.565974797115466,11.660856005613786,8807432
2025-10-24,11.679832458496094,11.898057968429484,11.603926949764638,11.632391854859279,19247824
2025-10-27,11.471095085144043,11.812665824618348,11.442631083068097,11.68932060915016,11031962
2025-10-28,11.347749710083008,11.518535529845412,11.347749710083008,11.499558925492124,4248492
2025-10-30,11.727272987365723,11.812665898985472,11.366725641001405,11.366725641001405,16010458
2025-10-31,11.76522445678711,11.983450871529678,11.584951248829556,11.727272154856347,22834881
2025-11-03,11.594440460205078,12.002427511757142,11.56597555288301,11.77471368230655,27070202
2025-11-04,11.13901138305664,11.689320231292537,11.09157077789404,11.594439925821618,23737418
2025-11-05,11.442630767822266,11.461606467065344,10.987202222882658,11.148499738293115,22329537
2025-11-06,10.731024742126465,11.148500092121056,10.702559835077006,11.148500092121056,38481320
2025-11-07,10.512798309326172,10.9966908707759,10.49382260948631,10.987202568428813,16372243
2025-11-10,10.474845886230469,10.645631707127727,10.370477276156759,10.531774794814323,15560331
2025-11-11,10.152250289916992,10.53177421491881,9.990952780140715,10.474845309469549,15874172
2025-11-12,10.256620407104492,10.351500715338704,10.161739194015974,10.180714893721092,9195803
2025-11-13,10.398941040039062,10.51279794974682,10.247131827095384,10.285084130331304,9201561
2025-11-14,10.152250289916992,10.436893007454792,10.085833987604733,10.398940705440037,8220202
2025-11-17,10.285083770751953,10.436892978388192,10.199690865243006,10.209179166933835,10259061
2025-11-18,10.152250289916992,10.323036101410523,10.123786289619488,10.209179195366254,9877884
2025-11-19,9.839143753051758,10.237643383963377,9.829655451159988,10.228155082071607,22296311
2025-11-20,9.810680389404297,9.94351300509906,9.791703784388286,9.896073302267691,11048266
2025-11-21,9.820168495178223,9.896073104012961,9.677846674972352,9.810680192860302,12721344
2025-11-24,9.829655647277832,9.905560254217871,9.820168250051045,9.820168250051045,8669713
2025-11-25,9.791703224182129,9.96248904013786,9.791703224182129,9.905560133201192,9602547
2025-11-26,9.649382591247559,9.839144111729189,9.611430287151233,9.801191807632863,8417545
2025-11-27,9.592453956604004,9.725287477161574,9.582966558949723,9.649382866801343,9200730
2025-11-28,9.639894485473633,9.70631079278221,9.497573568425446,9.6304061830426,8608038
2025-12-01,9.943512916564941,9.943512916564941,9.6778467826865,9.696823387533549,12709580
2025-12-02,9.858120918273926,10.00993013777098,9.810680310967516,9.96248953046457,7755810
2025-12-03,9.867608070373535,9.99095328435999,9.772727762975391,9.896072976961849,10751280
2025-12-04,10.114298820495605,10.180715128275153,9.74426407160461,9.90556068980432,19778423
2025-12-05,9.725287437438965,10.009930177554384,9.69682343488372,10.009930177554384,26213373
2025-12-08,9.67784595489502,9.839143462881124,9.658870256525372,9.744263161324398,16017374
2025-12-09,9.620918273925781,9.744263484408014,9.582965971073884,9.687334577703032,10250956
2025-12-10,9.53552532196045,9.67784623077978,9.53552532196045,9.639893928104339,9114168
2025-12-11,9.5545015335083,9.630406142931765,9.507061831259374,9.563989835899813,11308321
2025-12-12,9.563989639282227,9.715798855008245,9.535525637547172,9.59245364101728,16516402
2025-12-15,9.668357849121094,9.687334452729369,9.601941546200662,9.601941546200662,14945667
2025-12-16,9.60194206237793,9.715798975585457,9.56398975797542,9.696823275811358,9449055
2025-12-17,9.73477554321289,9.763239545193006,9.563989721623585,9.649382632418238,15777582
2025-12-18,9.639894485473633,9.839144312253689,9.61143048303486,9.829656009822656,14021245
2025-12-19,9.582965850830078,9.658870455581447,9.535525246646907,9.639893851966473,9955506
2025-12-22,9.421669006347656,9.639894534239401,9.402692401389595,9.58296652907387,10924477
2025-12-23,9.364739418029785,9.440644022655526,9.260370812882957,9.421668323926221,15810561
2025-12-24,9.336276054382324,9.412180664185895,9.231906537261674,9.364740056845083,17948822
2025-12-25,9.459620475769043,9.58296568253744,9.374227570709827,9.374227570709827,10884166
2025-12-26,9.326786994934082,9.507061107226345,9.2888346931127,9.488084503888528,11768111
2025-12-29,9.212930679321289,9.364739896326302,9.212930679321289,9.34576419662783,7750430
2025-12-30,9.421669006347656,9.450133008930422,9.193954271122553,9.222419178559647,10345322
2025-12-31,9.317298889160156,9.649382215719962,9.317298889160156,9.469108099637461,19287098
2026-01-02,9.592453956604004,9.601942259112615,9.345764425360416,9.393204128194814,16088927
2026-01-05,9.611430168151855,9.630405867537927,9.516548956658614,9.592453563911489,11364553
2026-01-06,9.687335014343262,9.782216228176752,9.563989798301451,9.630406105072305,19538703
2026-01-07,9.469108581542969,9.744263920604231,9.45013288169472,9.725287315901669,22290463
2026-01-08,9.48808479309082,9.526037096069013,9.317298977261817,9.469108189174586,12411024
2026-01-09,9.402691841125488,9.535525353353986,9.38371614215243,9.497573050553596,21149524
2026-01-12,9.526037216186523,9.545013820342042,9.374228002359533,9.42166860789404,28411438
2026-01-13,9.516549110412598,9.601942021165305,9.469108503899504,9.526037412686078,16929874
2026-01-14,9.440644264221191,9.639894082675697,9.431155962186622,9.535525474858302,22276815
2026-01-15,9.639894485473633,9.639894485473633,9.421668958685837,9.45013296112461,22651416
2026-01-16,9.668357849121094,9.696822754533505,9.573477545642513,9.67784615092523,15525064
2026-01-19,9.706310272216797,9.867607785476396,9.658870572314552,9.725286876061114,30337033
2026-01-20,9.48808479309082,9.734775214876208,9.478596491132704,9.715798610959974,23947155
2026-01-21,9.440644264221191,9.535525474858302,9.402691960937203,9.497573171574315,19693388
2026-01-22,9.658870697021484,9.668358094211861,9.459620878354984,9.497573181679352,22949878
2026-01-23,9.67784595489502,9.77272716130599,9.630405351689534,9.706309954876613,24258765
2026-01-26,10.228155136108398,10.228155136108398,9.620918289495352,9.677846291438188,55417562
2026-01-27,9.981465339660645,10.247131452603028,9.93402473613594,10.237643150927239,29500540
2026-01-28,10.019417762756348,10.095322367372708,9.953000555076336,9.981465460448169,23218257
2026-01-29,10.17122745513916,10.332524973824388,10.04788224056491,10.04788224056491,36964471
2026-01-30,10.512798309326172,10.512798309326172,9.971977743502542,10.171227568519825,35504757
2026-02-02,10.332525253295898,10.911298132856373,10.218668337883395,10.49382277634386,41718575
2026-02-03,10.465357780456543,10.579214694907378,10.332525166024396,10.342012563587891,24104462
2026-02-04,10.31354808807373,10.569726812477123,10.304059786091171,10.503309603453495,17000809
2026-02-05,10.294572830200195,10.484334353713358,10.21866822079493,10.313548530124352,18831213
2026-02-06,10.05737018585205,10.313548003295358,9.971977278419525,10.294572304340502,16691011
2026-02-09,10.323036193847656,10.351500194400039,10.114298078470235,10.114298078470235,19751536
2026-02-10,10.266107559204102,10.427405074687526,10.190202952488878,10.389452771329912,15907284
2026-02-11,10.247132301330566,10.323036911315254,10.152251086422542,10.228155696407232,14498052
2026-02-12,10.579214096069336,10.579214096069336,10.237643372051494,10.247131673932223,22677985
2026-02-13,10.60767936706543,10.617166764418657,10.44638184895463,10.57921446044284,17306487
2026-02-16,10.731024742126465,10.835393353411533,10.6361435283369,10.759488744321608,23128819
2026-02-17,10.60767936706543,10.759488582968698,10.569727063089612,10.750000280761169,15789847
2026-02-18,10.389452934265137,10.693072270741908,10.389452934265137,10.655119061934798,22103198
2026-02-19,10.142762184143066,10.588702420072057,10.11429818329568,10.465357209927687,20885521
2026-02-20,10.683584213256836,10.977714349414832,10.408429777082747,10.550750693952189,78361591
2026-02-23,10.304059982299805,10.89232114360581,10.304059982299805,10.712047926775865,53299329
2026-02-24,10.133275032043457,10.436893461366191,10.123786729913549,10.342012249775689,24765553
2026-02-25,9.896072387695312,10.199690801057143,9.820167784354854,10.152250197755794,21463604
2026-02-26,9.820168495178223,9.95300110821186,9.763239586125012,9.90556050147657,18474906
2026-02-27,9.658870697021484,9.943512519527095,9.55450118423876,9.867607912878361,20046338
2026-03-02,9.336276054382324,9.46910866911141,8.78596718087928,8.78596718087928,25225999
2026-03-03,9.364739418029785,9.573477533177703,9.288834813404044,9.336275417508698,20427201
2026-03-04,9.279346466064453,9.459620579806405,9.203441861811292,9.383715975553244,18479020
2026-03-05,9.412179946899414,9.592453155230992,9.336275342880407,9.336275342880407,15087069
2026-03-06,9.545013427734375,9.668357730254662,9.402691616984868,9.469107919088755,18164791
2026-03-09,9.450132369995117,9.744263392978214,9.298323160011945,9.545013578661733,22745911
2026-03-10,9.649382591247559,9.820168412108178,9.573477983054905,9.6398942890099,26622401
2026-03-11,9.763238906860352,9.829655208756343,9.56398909631813,9.64938200152969,16547770
2026-03-12,10.275595664978027,10.379964271004294,9.668357918001083,9.734775126248953,37560048
2026-03-13,10.266107559204102,10.474845680098111,10.085834344469015,10.275595861257077,33524629
2026-03-16,10.370476722717285,10.427404723408769,10.104809703309513,10.294572118559138,23720297
2026-03-17,10.550750732421875,10.77846456218499,10.379964907672376,10.379964907672376,28442843
2026-03-18,10.541261672973633,10.712047485458573,10.465357068503495,10.626654579216103,19714930
2026-03-19,10.531774520874023,10.598190825115722,10.436893310653641,10.531774520874023,4618907
2026-03-23,10.446381568908691,10.655118782752723,10.076345936423637,10.54126187387754,25603766
2026-03-24,10.408429145812988,10.655118659768046,10.332524540772313,10.446381448333325,21449741
2026-03-25,10.256620407104492,10.617166845190525,10.256620407104492,10.446381928427222,13911792
2026-03-26,10.674095153808594,10.85436836271482,10.20917922649662,10.256619830373287,43437006
2026-03-27,10.237643241882324,10.958737888272381,10.199690939696229,10.768976377341907,40723571
2026-03-30,10.028905868530273,10.37047751830025,9.867608346106524,10.275596303396519,17005354
2026-03-31,10.275595664978027,10.417916573636962,10.019417848421092,10.066857548071223,18210034
2026-04-01,10.522286415100098,10.61716672223552,10.275595987810261,10.408429503625012,25864417
2026-04-02,10.75,10.806928906904046,10.37047697015395,10.522286182092369,46000715
2026-04-03,10.5600004196167,11.100000381469727,10.520000457763672,11.100000381469727,24895118
2026-04-06,10.380000114440918,10.720000267028809,10.350000381469727,10.600000381469727,19768909
2026-04-07,10.140000343322754,10.5,10.079999923706055,10.420000076293945,21256010
2026-04-08,10.279999732971191,10.520000457763672,10.270000457763672,10.5,24858260
2026-04-09,10.15999984741211,10.369999885559082,10.140000343322754,10.279999732971191,16498305
2026-04-10,10.300000190734863,10.350000381469727,10.210000038146973,10.260000228881836,24814396
2026-04-13,10.289999961853027,10.3100004196167,10.140000343322754,10.260000228881836,27008195
2026-04-14,10.319999694824219,10.40999984741211,10.260000228881836,10.300000190734863,24840794
2026-04-15,10.630000114440918,10.640000343322754,10.34000015258789,10.359999656677246,36700647
2026-04-16,10.699999809265137,10.949999809265137,10.65999984741211,10.680000305175781,36508290
2026-04-17,10.949999809265137,10.949999809265137,10.710000038146973,10.739999771118164,22180449
2026-04-20,10.6899995803833,10.859999656677246,10.670000076293945,10.819999694824219,21103658
2026-04-21,10.5,10.789999961853027,10.460000038146973,10.739999771118164,22731943
2026-04-22,10.390000343322754,10.670000076293945,10.289999961853027,10.579999923706055,30120590
2026-04-24,10.670000076293945,10.710000038146973,10.399999618530273,10.4399995803833,18950473
2026-04-27,10.90999984741211,11.0600004196167,10.680000305175781,10.680000305175781,31737925
2026-04-28,10.289999961853027,10.6899995803833,10.119999885559082,10.649999618530273,66017478
2026-04-29,10.220000267028809,10.4399995803833,10.220000267028809,10.300000190734863,21159715
2026-04-30,10.59000015258789,10.699999809265137,10.119999885559082,10.229999542236328,62206148
2026-05-04,10.270000457763672,10.670000076293945,10.270000457763672,10.609999656677246,26025681
2026-05-05,10.550000190734863,10.59000015258789,10.270000457763672,10.300000190734863,32645495
2026-05-06,11.0,11.039999961853027,10.489999771118164,10.569999694824219,46386178
2026-05-07,11.09000015258789,11.289999961853027,10.90999984741211,11.079999923706055,30195631
2026-05-08,11.199999809265137,11.449999809265137,10.850000381469727,11.270000457763672,61019777
2026-05-11,11.180000305175781,11.4399995803833,11.100000381469727,11.3100004196167,45637669
2026-05-12,11.4399995803833,11.5600004196167,11.100000381469727,11.1899995803833,55853714
2026-05-13,10.970000267028809,11.569999694824219,10.970000267028809,11.550000190734863,30290705
2026-05-14,11.010000228881836,11.229999542236328,10.989999771118164,11.039999961853027,21028517
2026-05-15,11.069999694824219,11.170000076293945,10.8100004196167,10.989999771118164,23737047
2026-05-18,10.619999885559082,11.109999656677246,10.619999885559082,11.079999923706055,23821805
2026-05-20,11.0,11.15999984741211,10.449999809265137,10.619999885559082,40266099
2026-05-21,10.199999809265137,11.010000228881836,10.199999809265137,11.0,24852980
2026-05-22,10.5600004196167,10.630000114440918,9.989999771118164,9.989999771118164,44588028
2026-05-25,10.649999618530273,10.699999809265137,10.479999542236328,10.579999923706055,19786261
2026-05-26,10.420000076293945,10.699999809265137,10.420000076293945,10.6899995803833,8314741
2026-05-27,10.420000076293945,10.420000076293945,10.420000076293945,10.420000076293945,0
2026-05-28,10.420000076293945,10.420000076293945,10.420000076293945,10.420000076293945,0
2026-05-29,10.420000076293945,10.420000076293945,10.420000076293945,10.420000076293945,0
2026-06-01,10.470000267028809,10.649999618530273,10.430000305175781,10.510000228881836,22221338
2026-06-02,10.859999656677246,10.890000343322754,10.550000190734863,10.5600004196167,20527357
2026-06-03,10.5600004196167,10.960000038146973,10.329999923706055,10.869999885559082,19791176
2026-06-04,10.75,10.949999809265137,10.40999984741211,10.569999694824219,18248729
2026-06-05,10.649999618530273,11.149999618530273,10.630000114440918,10.850000381469727,29693292
2026-06-08,11.180000305175781,11.229999542236328,10.510000228881836,10.59000015258789,38767956
2026-06-09,11.029999732971191,11.380000114440918,10.970000267028809,11.15999984741211,27155561
2026-06-10,10.779999732971191,11.079999923706055,10.760000228881836,11.029999732971191,16150504
2026-06-11,10.850000381469727,10.960000038146973,10.510000228881836,10.779999732971191,16549344
2026-06-12,11.119999885559082,11.1899995803833,10.869999885559082,11.0,24398304
2026-06-15,12.020000457763672,12.119999885559082,11.289999961853027,11.289999961853027,58944353
2026-06-16,12.539999961853027,12.600000381469727,12.010000228881836,12.079999923706055,62417863
2026-06-17,12.289999961853027,12.789999961853027,12.25,12.579999923706055,41843866
2026-06-18,12.170000076293945,12.430000305175781,11.9399995803833,12.359999656677246,28757446
2026-06-19,11.789999961853027,12.119999885559082,11.6899995803833,12.0,22947863
2026-06-22,12.329999923706055,12.329999923706055,11.829999923706055,11.829999923706055,31472915
2026-06-23,11.859999656677246,12.279999732971191,11.779999732971191,12.220000267028809,27269133
2026-06-24,11.609999656677246,11.970000267028809,11.489999771118164,11.880000114440918,19212052
2026-06-25,11.5,11.789999961853027,11.4399995803833,11.680000305175781,13327305
2026-06-26,11.630000114440918,11.75,11.390000343322754,11.510000228881836,19935453
2026-06-29,11.789999961853027,11.989999771118164,11.600000381469727,11.699999809265137,21766315
2026-06-30,12.100000381469727,12.1899995803833,11.6899995803833,11.890000343322754,32342666
2026-07-01,11.90999984741211,12.15999984741211,11.90999984741211,12.149999618530273,23631012
2026-07-02,11.8100004196167,12.09000015258789,11.710000038146973,11.920000076293945,17151114
2026-07-03,12.149999618530273,12.479999542236328,11.800000190734863,11.880000114440918,40709117
2026-07-06,11.84000015258789,12.510000228881836,11.770000457763672,12.149999618530273,24415727
2026-07-07,11.989999771118164,12.100000381469727,11.760000228881836,11.84000015258789,20463317
2026-07-08,11.399999618530273,11.989999771118164,11.399999618530273,11.989999771118164,22617664
2026-07-09,11.680000305175781,12.289999961853027,11.220000267028809,11.510000228881836,21669327
2026-07-10,11.760000228881836,11.899999618530273,11.579999923706055,11.739999771118164,12516432
2026-07-13,11.579999923706055,11.789999961853027,11.510000228881836,11.729999542236328,13757135
2026-07-14,11.890000343322754,12.0,11.539999961853027,11.579999923706055,22090152
2026-07-16,12.130000114440918,12.180000305175781,11.949999809265137,12.0,19127869
2026-07-17,12.369999885559082,12.430000305175781,12.09000015258789,12.119999885559082,26661306
2026-07-20,12.59000015258789,12.630000114440918,12.369999885559082,12.460000038146973,19761372
2026-07-21,12.010000228881836,12.649999618530273,12.010000228881836,12.649999618530273,21332306
2026-07-22,11.970000267028809,12.170000076293945,11.8100004196167,12.010000228881836,22140565
2026-07-23,12.010000228881836,12.149999618530273,11.9399995803833,11.979999542236328,16637323
2026-07-24,12.050000190734863,12.229999542236328,11.8100004196167,12.010000228881836,29246510
2026-07-27,12.4399995803833,12.640000343322754,12.210000038146973,12.210000038146973,31084815
2026-07-28,12.4399995803833,12.609999656677246,12.350000381469727,12.40999984741211,16575144
2026-07-29,12.149999618530273,12.550000190734863,12.130000114440918,12.4399995803833,17483969
2026-07-30,12.319999694824219,12.430000305175781,12.069999694824219,12.100000381469727,15126253
2026-08-03,12.5,13.279999732971191,12.5,13.100000381469727,25459112
2026-08-04,12.539999961853027,12.5600004196167,12.350000381469727,12.529999732971191,17295769
2026-08-05,12.529999732971191,12.619999885559082,12.359999656677246,12.5,19223174
2026-08-06,12.649999618530273,12.800000190734863,12.569999694824219,12.619999885559082,21250083
2026-08-07,12.539999961853027,12.75,12.4399995803833,12.710000038146973,17838798
