Price,Close,High,Low,Open,Volume
2021-08-10,1.4644855260849,1.4872259626754354,1.4644855260849,1.4872259626754354,770196
2021-08-11,1.4167306423187256,1.4622115183020867,1.4167306423187256,1.4622115183020867,4231912
2021-08-12,1.4531153440475464,1.4531153440475464,1.3939902052308428,1.4190046328204289,6972652
2021-08-13,1.4326488971710205,1.4531152356323527,1.4326488971710205,1.4531152356323527,1126128
2021-08-16,1.4531153440475464,1.4622115192501162,1.425826818439837,1.4326490040592452,1577804
2021-08-17,1.4417451620101929,1.4531153266598713,1.432648986916466,1.4531153266598713,1067624
2021-08-18,1.4417451620101929,1.4440191515661445,1.432648986916466,1.4417451620101929,1245372
2021-08-19,1.4394710063934326,1.4394710063934326,1.4258267442990584,1.4349229190286412,793936
2021-08-20,1.4326488971710205,1.4394709738464802,1.4258267120606074,1.4394709738464802,1001312
2021-08-23,1.4508413076400757,1.4508413076400757,1.430374859877345,1.4349229473318452,900488
2021-08-24,1.4531153440475464,1.4690337048695243,1.4462932668631,1.4531153440475464,1745260
2021-08-25,1.4531153440475464,1.4644856172682394,1.4508413544643848,1.4531153440475464,970460
2021-08-26,1.4508413076400757,1.4690336574580771,1.4462932201855754,1.4531152971498467,1116812
2021-08-27,1.4371970891952515,1.4508413519757017,1.434922991181029,1.4462932643822184,3272552
2021-08-31,1.4417451620101929,1.4417451620101929,1.4212787138318272,1.4371970744633296,6122268
2021-09-01,1.4326488971710205,1.4394709738464802,1.4235527226471054,1.4394709738464802,2002132
2021-09-02,1.4326488971710205,1.4417450716949356,1.4326488971710205,1.4326488971710205,812372
2021-09-03,1.4371970891952515,1.4462932643822184,1.4303749035875457,1.4326490016017681,1398608
2021-09-06,1.448567271232605,1.4667596218234442,1.437197106330812,1.437197106330812,1182980
2021-09-07,1.444019079208374,1.4690336136801598,1.437197002447404,1.444019079208374,1013072
2021-09-08,1.444019079208374,1.4485671665273392,1.4212786426135482,1.4462931770853342,1616196
2021-09-09,1.4394710063934326,1.459937453752472,1.4258267442990584,1.4349229190286412,1546896
2021-09-10,1.4349229335784912,1.4508412937341484,1.432648944090516,1.4394710209893995,1114344
2021-09-13,1.4326488971710205,1.4394709738464802,1.3871679161164916,1.4394709738464802,1097740
2021-09-14,1.421278715133667,1.4326489882287206,1.421278715133667,1.4303748902357256,1044044
2021-09-15,1.4076343774795532,1.4303748140230526,1.4076343774795532,1.4190045415338255,2416380
2021-09-16,1.4076343774795532,1.42355273727748,1.400812192299026,1.4099083669164256,1399964
2021-09-17,1.3917161226272583,1.414456560885554,1.3917161226272583,1.414456560885554,2611172
2021-09-20,1.3689756393432617,1.3848939998179943,1.3462352018329005,1.3848939998179943,4125380
2021-09-21,1.3644275665283203,1.3962641793855255,1.359879478977291,1.3667016645213153,1405396
2021-09-22,1.382619857788086,1.382619857788086,1.3576053231063732,1.3712496936127299,1616692
2021-09-23,1.3735237121582031,1.4121825097299174,1.3576053518536861,1.4099084117857186,3813308
2021-09-24,1.3712496757507324,1.3712496757507324,1.337138966799081,1.3712496757507324,1884768
2021-09-27,1.3712496757507324,1.3712496757507324,1.3598794032885304,1.3712496757507324,1225948
2021-09-28,1.3712496757507324,1.3735236651822003,1.3621533927199982,1.3735236651822003,404968
2021-09-29,1.3735237121582031,1.3803458975558414,1.3667016351955232,1.3712497226489626,1222660
2021-09-30,1.3667017221450806,1.3826199750273587,1.3667017221450806,1.375797897630658,1041184
2021-10-01,1.3735237121582031,1.3803458975558414,1.3667016351955232,1.3689756247047637,628892
2021-10-04,1.4030864238739014,1.4258268625843848,1.375797897421321,1.375797897421321,1458348
2021-10-05,1.4030864238739014,1.4212787748422882,1.3962642380432737,1.4144565890116605,401380
2021-10-06,1.4030864238739014,1.4099085012695638,1.3871680625590803,1.4099085012695638,421292
2021-10-07,1.421278715133667,1.421278715133667,1.4053603544875841,1.4167306275826377,999612
2021-10-08,1.4394710063934326,1.4417451042933065,1.4144564716696018,1.4303748316638498,963056
2021-10-11,1.4531153440475464,1.466759606851401,1.4326490040592452,1.4553894420656697,1533992
2021-10-12,1.4394710063934326,1.4531152684878068,1.4326489295637237,1.4394710063934326,875344
2021-10-13,1.4394710063934326,1.4462931916580979,1.4235527548341407,1.4394710063934326,947100
2021-10-14,1.3917161226272583,1.439471097187161,1.3917161226272583,1.439471097187161,3366676
2021-10-15,1.3917161226272583,1.3962642102789173,1.3712497824122736,1.3962642102789173,3320348
2021-10-18,1.3848940134048462,1.3917160905074046,1.3757978383114613,1.3917160905074046,1096488
2021-10-19,1.3848940134048462,1.4121825386850007,1.3848940134048462,1.387168002960712,3490456
2021-10-20,1.3848940134048462,1.393990188498231,1.3803459258581539,1.387168002960712,952812
2021-10-21,1.3485091924667358,1.3939901759595268,1.3485091924667358,1.3848940009479604,6177188
2021-10-22,1.3644275665283203,1.3712497520723446,1.3507833038752324,1.3621534685353254,6381592
2021-10-25,1.36215341091156,1.3667016067051456,1.350783246732464,1.3644275088083528,5131160
2021-10-26,1.3735237121582031,1.3894420724627203,1.359879449797885,1.3621534393071255,5403160
2021-10-27,1.3735237121582031,1.3803458975558414,1.3712497226489626,1.3735237121582031,1755808
2021-10-28,1.3462351560592651,1.3712496906876175,1.3462351560592651,1.3712496906876175,2359796
2021-11-01,1.3485091924667358,1.3644275529544565,1.3485091924667358,1.3553313779428904,4034176
2021-11-02,1.3462351560592651,1.3598794181015603,1.3416870687118334,1.3507832434066969,2514656
2021-11-03,1.3462351560592651,1.3553313307541286,1.3234947193221063,1.3462351560592651,3593528
2021-11-04,1.36215341091156,1.3644275088083528,1.3485091488356713,1.3485091488356713,2699280
2021-11-05,1.3553314208984375,1.3644275961982957,1.3530573228559915,1.3598795085483666,2072128
2021-11-08,1.3576053380966187,1.362153425503971,1.3553313486104213,1.3598794360177733,3379928
2021-11-09,1.3530572652816772,1.3667016360858422,1.3530572652816772,1.3576053527380796,4707708
2021-11-10,1.3917161226272583,1.3985383083222285,1.3553314214139849,1.3553314214139849,8873108
2021-11-11,1.3644275665283203,1.3985382773785204,1.359879478977291,1.3962641793855255,7087916
2021-11-12,1.3712496757507324,1.3803458503465122,1.3667015884528426,1.3667015884528426,2464768
2021-11-15,1.3985382318496704,1.4144564835425804,1.378071784318835,1.3917160465277396,5666884
2021-11-16,1.3644275665283203,1.421278715133667,1.3621534685353254,1.4167306275826377,4977552
2021-11-17,1.3757977485656738,1.3826198252232158,1.364427476223166,1.366701574065649,3549396
2021-11-18,1.3757977485656738,1.3985381848157359,1.364427476223166,1.3757977485656738,7162444
2021-11-19,1.4144564867019653,1.4212786720391344,1.375797797907865,1.37807178739695,7013704
2021-11-22,1.4144564867019653,1.4417451196156843,1.4076344097997535,1.4281008573763034,5734560
2021-11-23,1.4144564867019653,1.4190045741150923,1.37807178739695,1.4144564867019653,7162552
2021-11-24,1.4258267879486084,1.4394710504606811,1.3962641649549707,1.4076344379325112,6417448
2021-11-25,1.421278715133667,1.4371970757797499,1.4144565295896427,1.4371970757797499,4977420
2021-11-26,1.4190045595169067,1.4326489300508767,1.3871679479525414,1.4167305700512158,5106224
2021-11-29,1.4167306423187256,1.4212787299170617,1.393990204327045,1.4212787299170617,4386456
2021-11-30,1.4144564867019653,1.4144564867019653,1.3939901475603726,1.4121824972128805,6407860
2021-12-01,1.4258267879486084,1.4394710504606811,1.4076344379325112,1.4121825254365354,12502548
2021-12-02,1.421278715133667,1.4508413384328378,1.4099084420386134,1.4281009006776912,17322376
2021-12-03,1.459937572479248,1.4622115621290936,1.4235528706019969,1.4258268602518425,10138000
2021-12-06,1.5008702278137207,1.512240500350587,1.4622114313103216,1.4781297911749434,12589992
2021-12-07,1.5122405290603638,1.5145145185499354,1.4872259940653318,1.5008702563076337,11386184
2021-12-08,1.4985963106155396,1.5508993716237667,1.4758557644454717,1.5327069130007203,19188532
2021-12-09,1.5599955320358276,1.575913784083107,1.5008702860460486,1.5031443840156367,27533988
2021-12-10,1.557721495628357,1.562269583312317,1.5054184330453335,1.559995593687819,8310144
2021-12-13,1.557721495628357,1.5804619340481576,1.5486253202604365,1.5508994183198985,10125140
2021-12-14,1.530432939529419,1.5690917383028826,1.530432939529419,1.5622695526931696,13565696
2021-12-15,1.509966492652893,1.5395291162664269,1.4917741422553221,1.534981028667034,12507984
2021-12-16,1.5395290851593018,1.5418031831305294,1.498596297591839,1.5145145496505947,13924992
2021-12-17,1.4872260093688965,1.5827359544827637,1.430374861890162,1.5531733317694316,26845040
2021-12-20,1.4531153440475464,1.4781298800720941,1.3394130455804623,1.4781298800720941,24904104
2021-12-21,1.393990159034729,1.528158793043835,1.3348649137424435,1.5236107055932715,23987012
2021-12-22,1.3371390104293823,1.4008122346774723,1.3166725627035887,1.3803458953866365,19026520
2021-12-23,1.3212206363677979,1.3485091607608952,1.2871099266589479,1.3485091607608952,11388932
2021-12-24,1.3553314208984375,1.3553314208984375,1.3143986320490753,1.3234948073489337,7240160
2021-12-27,1.3871679306030273,1.3871679306030273,1.3485091342551883,1.3598794067463014,10259412
2021-12-28,1.3871679306030273,1.3917160179124817,1.3667015919279604,1.3871679306030273,9166212
2021-12-29,1.4144564867019653,1.4144564867019653,1.37807178739695,1.3871679622232036,6411656
2021-12-30,1.4144564867019653,1.4281008573763034,1.3939901475603726,1.4258267594522613,10125852
2021-12-31,1.4940481185913086,1.4940481185913086,1.4076343528057638,1.4099083422027767,8580948
2022-01-03,1.4758557081222534,1.5076924281713764,1.4644855439061006,1.5076924281713764,6450544
2022-01-04,1.4713077545166016,1.484952126312429,1.4531154033687868,1.4758558423035553,3232188
2022-01-05,1.4576632976531982,1.4735816570118818,1.453115210469996,1.4713075592028049,6396936
2022-01-06,1.4417451620101929,1.4553894246507832,1.4121825387381004,1.4553894246507832,3374492
2022-01-07,1.448567271232605,1.459937544569361,1.4349230082894755,1.4417451939785217,3233488
2022-01-10,1.459937572479248,1.475855825333063,1.4508413970099352,1.4531153866597808,3523864
2022-01-11,1.4281009435653687,1.469033732753896,1.4281009435653687,1.466759634692607,3210188
2022-01-12,1.4371970891952515,1.4485672539614791,1.4258268159940624,1.4326490016017681,3695212
2022-01-13,1.4121825695037842,1.43264901812803,1.4121825695037842,1.4281009304820824,3929600
2022-01-14,1.4508413076400757,1.4508413076400757,1.4099084121146142,1.4099084121146142,5060984
2022-01-17,1.4508413076400757,1.4644855700035768,1.4417451327310749,1.4508413076400757,3128896
2022-01-18,1.3894420862197876,1.457663398696848,1.3894420862197876,1.4508413216666216,4732608
2022-01-19,1.4371970891952515,1.4371970891952515,1.3644275792645557,1.3848940276527117,9079740
2022-01-20,1.421278715133667,1.4326489882287206,1.3917160918344962,1.4326489882287206,7792460
2022-01-21,1.4190045595169067,1.4326489300508767,1.4008122100515552,1.405360297417893,3089812
2022-01-24,1.3871679306030273,1.434922901569775,1.3871679306030273,1.4190045417692077,2762260
2022-01-25,1.393990159034729,1.3962641485425316,1.343961088643571,1.3871679736414044,4276112
2022-01-26,1.3803459405899048,1.4076344661612963,1.3757978529946728,1.3917161053605038,4331160
2022-01-27,1.3917161226272583,1.3939902206705692,1.357605411022333,1.3712497824122736,4509676
2022-01-28,1.409908413887024,1.412182511834612,1.3917160640461528,1.3962641515063705,2984296
2022-01-31,1.4144564867019653,1.4235527699631765,1.4076344097997535,1.4076344097997535,2651764
2022-02-01,1.4053603410720825,1.4303748765814364,1.4053603410720825,1.416730614058596,3259712
2022-02-02,1.4008122682571411,1.4121825413629139,1.3962641807018241,1.4099084433677749,2279892
2022-02-03,1.4008122682571411,1.4235528144686864,1.3894421035863291,1.4121825413629139,4279496
2022-02-04,1.3871679306030273,1.4121824650225034,1.3780717559841187,1.4076343777130491,8973472
2022-02-07,1.4121825695037842,1.4235528428361346,1.384894043628098,1.3871680332335905,4600720
2022-02-08,1.4121825695037842,1.4167306571497318,1.391716120879538,1.4121825695037842,2695260
2022-02-09,1.4053603410720825,1.423552799537496,1.4030863515357554,1.4212787015662094,2848796
2022-02-10,1.3871679306030273,1.409908367150299,1.3871679306030273,1.409908367150299,3247924
2022-02-11,1.3735237121582031,1.382619887065082,1.3576053518536861,1.3780717996116425,4898372
2022-02-14,1.3530572652816772,1.3712497235422445,1.3439610903688728,1.364427538140162,2963196
2022-02-15,1.3485091924667358,1.3576053674783022,1.346235202931324,1.3530572799725191,5587840
2022-02-16,1.3439611196517944,1.3507833052025222,1.3439611196517944,1.3507833052025222,4475012
2022-02-17,1.323494791984558,1.3485092195512958,1.323494791984558,1.3485092195512958,5414812
2022-02-18,1.2825618982315063,1.3348649599406173,1.2825618982315063,1.3325909703541143,11082412
2022-02-21,1.2689175605773926,1.2939320951635473,1.2643694732376332,1.2848359204840283,6340300
2022-02-22,1.200696349143982,1.2507253139922891,1.200696349143982,1.2461772262788067,19218864
2022-02-23,1.184777855873108,1.2097923897266056,1.184777855873108,1.2097923897266056,9728456
2022-02-24,1.130200743675232,1.130200743675232,1.0665275203770266,1.1211045689183454,14827396
2022-02-25,1.1825038194656372,1.1825038194656372,1.093816060114454,1.1324748575953425,7453256
2022-02-28,1.1893260478973389,1.2052444087406549,1.141571073802353,1.1711336974678133,5072332
2022-03-01,1.1825038194656372,1.1893260048472474,1.1415710324808506,1.1893260048472474,10413748
2022-03-02,1.1574894189834595,1.1802298567126612,1.1552153209930591,1.1802298567126612,5131276
2022-03-03,1.168859601020813,1.177955776247826,1.1574894362045276,1.1597634257937999,4404928
2022-03-04,1.1597633361816406,1.171133608554334,1.155215248919554,1.1643114234437273,2909228
2022-03-07,1.1552153825759888,1.1597634703642814,1.1324749436345256,1.1574894806876181,4668272
2022-03-08,1.1461191177368164,1.1620374779735625,1.1392970408031808,1.14157103030274,3270084
2022-03-09,1.1597633361816406,1.1643114234437273,1.1506671616574673,1.1506671616574673,2728800
2022-03-10,1.1597633361816406,1.171133608554334,1.1461190743953806,1.1643114234437273,2771600
2022-03-11,1.1643115282058716,1.1711337139303235,1.1529413632450698,1.1597634405345583,3557256
2022-03-14,1.1756818294525146,1.2052444542338465,1.1643115557873975,1.1665856538944073,7972952
2022-03-15,1.1711336374282837,1.196148172203963,1.1711336374282837,1.1711336374282837,4139460
2022-03-16,1.1734075546264648,1.187051815908755,1.1734075546264648,1.1779556417205617,2744180
2022-03-17,1.1870520114898682,1.1916000993333171,1.1756818460987293,1.17795583580297,6540296
2022-03-18,1.2120665311813354,1.2143406292874004,1.1893260922955158,1.1916000819666146,5947132
2022-03-21,1.2166144847869873,1.2257106593381648,1.20751831023581,1.221162572062576,5500044
2022-03-22,1.2325328588485718,1.2325328588485718,1.214340509533973,1.2188885968626226,3662880
2022-03-23,1.2052444219589233,1.2370810355597548,1.2052444219589233,1.2348069375136423,6816368
2022-03-24,1.1984221935272217,1.2120664560125365,1.196148203997149,1.2075183685174316,5548568
2022-03-25,1.2052444219589233,1.2075184115700726,1.1984222362555494,1.2006963343016617,4683916
2022-03-28,1.1870520114898682,1.2052444712986317,1.1870520114898682,1.2029703731594235,4904852
2022-03-29,1.1938741207122803,1.2006963062563045,1.1847779456102216,1.1916000227192853,4901540
2022-03-30,1.2166144847869873,1.2257106593381648,1.193874048409044,1.1961481462643153,9341852
2022-03-31,1.2188886404037476,1.2279848153859805,1.2120664549495934,1.2257107174229427,5337024
2022-04-01,1.2188886404037476,1.2348068924051754,1.2143405529126312,1.2211626299318263,5122660
2022-04-04,1.246177077293396,1.2484510666607906,1.2211625436423468,1.2279847286144334,7241480
2022-04-05,1.250725269317627,1.2734657070727735,1.2461771817665976,1.250725269317627,10182284
2022-04-06,1.2439030408859253,1.2598214009831699,1.2325328766178563,1.257547411503539,4906784
2022-04-07,1.2757397890090942,1.2757397890090942,1.2439030681176306,1.2439030681176306,6063608
2022-04-08,1.3075764179229736,1.3166725930250323,1.2734657070727735,1.2871099697258614,8518192
2022-04-11,1.332590937614441,1.362153452122446,1.3098505001332987,1.3121244896639332,9897816
2022-04-12,1.36215341091156,1.36215341091156,1.3121244499666345,1.339412974118412,9459024
2022-04-13,1.36215341091156,1.4076343929328121,1.3303167994011529,1.3667016067051456,9950136
2022-04-14,1.3985382318496704,1.3985382318496704,1.330316812370191,1.3848939696407658,9824032
2022-04-15,1.4076343774795532,1.412182464788253,1.371249679009954,1.3917160176816261,6191088
2022-04-18,1.4622114896774292,1.4781298501774642,1.409908429102982,1.4121825270751125,10892572
2022-04-19,1.4781298637390137,1.4804039617320086,1.4440191528888136,1.4713076781949894,9305056
2022-04-20,1.459937572479248,1.4781299234178735,1.4190046744323754,1.46675964986375,10146004
2022-04-21,1.4895000457763672,1.4917740351953857,1.4394709773385144,1.4394709773385144,10291832
2022-04-22,1.421278715133667,1.4872260388410723,1.421278715133667,1.482677951290043,6134636
2022-04-25,1.421278715133667,1.421278715133667,1.3667016645213153,1.421278715133667,5342848
2022-04-26,1.421278715133667,1.4326489882287206,1.3826199167324376,1.4258268026846963,3978920
2022-04-27,1.3757977485656738,1.419004523223315,1.3712496613156615,1.419004523223315,7760044
2022-04-28,1.382619857788086,1.3917160325023532,1.3712496936127299,1.3780717704309524,3615228
2022-04-29,1.3985382318496704,1.3985382318496704,1.362153424190968,1.3667016200288933,3841740
2022-05-05,1.409908413887024,1.4281008721628536,1.3985382494539587,1.4212786867550478,8063924
2022-05-06,1.409908413887024,1.409908413887024,1.3712497246926518,1.4053603264268062,7748856
2022-05-09,1.3803459405899048,1.4076344661612963,1.378071842574808,1.4076344661612963,4173184
2022-05-10,1.3894420862197876,1.3939901737182583,1.3826199007546018,1.3871679882530725,580720
2022-05-11,1.3416872024536133,1.375797915177046,1.3143986756488537,1.3712498273762528,6039200
2022-05-12,1.3416872024536133,1.3416872024536133,1.3075764897301805,1.3303169287341468,5373956
2022-05-13,1.3644275665283203,1.3644275665283203,1.3303168556781202,1.3416871287731738,2909364
2022-05-16,1.3507832288742065,1.3576053056044806,1.3348648691119762,1.3553313161727074,3208748
2022-05-17,1.3507832288742065,1.3598794034712083,1.339412956410477,1.3530572183059797,3513600
2022-05-18,1.3507832288742065,1.3507832288742065,1.3348648691119762,1.343961043708978,3496652
2022-05-20,1.3348649740219116,1.3485092369897465,1.3303168863659667,1.3416871597233104,4094528
2022-05-23,1.3075764179229736,1.3439611183312081,1.3075764179229736,1.3394130307801788,3472532
2022-05-24,1.3075764179229736,1.3143986034669979,1.29620614482792,1.312124505474003,2493984
2022-05-25,1.3075764179229736,1.3212206805760616,1.3007542323789494,1.3075764179229736,4905092
2022-05-26,1.3143985271453857,1.3234947017192675,1.3053022441365496,1.3075763419974973,3352732
2022-05-27,1.3143985271453857,1.3234947017192675,1.3075763419974973,1.316672516571379,2031588
2022-05-30,1.323494791984558,1.3280428795816888,1.30757643117712,1.3143986167902968,8757360
2022-05-31,1.2962061166763306,1.3416870996338077,1.2962061166763306,1.3234947498248002,17181036
2022-06-01,1.300754189491272,1.3075763748103593,1.2871099272880544,1.300754189491272,10791984
2022-06-02,1.32804274559021,1.32804274559021,1.3007541143257222,1.307576299250582,4628592
2022-06-03,1.3371390104293823,1.3416870978756745,1.3166725627035887,1.330316825042465,7033304
2022-06-06,1.36215341091156,1.3644275088083528,1.3371389846565753,1.3416870720152048,5694460
2022-06-07,1.3803459405899048,1.3939902033756004,1.3667016778042091,1.3689756673843443,8274676
2022-06-08,1.378071904182434,1.403086441291982,1.353057367072886,1.384894090097753,10933660
2022-06-09,1.3871679306030273,1.3871679306030273,1.3507832321273927,1.3780717559841187,4864164
2022-06-10,1.3644275665283203,1.3871680042834669,1.3439611183312081,1.3757978396233739,5520752
2022-06-13,1.3416872024536133,1.3667017395754595,1.3257688409333535,1.3644276414575796,4718740
2022-06-14,1.3371390104293823,1.3485091748276337,1.3325909229830903,1.3462351853219667,2094540
2022-06-15,1.3212206363677979,1.3416870838800994,1.3189466468858515,1.339412985963196,5472780
2022-06-16,1.305302381515503,1.3280429287785327,1.2962062059842774,1.3189467532473071,3567600
2022-06-17,1.300754189491272,1.3030282874092867,1.2871099272880544,1.3030282874092867,4241660
2022-06-20,1.3030282258987427,1.307576313085119,1.2893839643396139,1.3007541280880788,4736016
2022-06-21,1.300754189491272,1.3121244622114319,1.300754189491272,1.3030282874092867,2388596
2022-06-22,1.2916580438613892,1.2984802293345563,1.2825618688538059,1.2916580438613892,3673212
2022-06-23,1.3030282258987427,1.3189465852685356,1.28710986652895,1.2893839643396139,7868204
2022-06-24,1.305302381515503,1.3143986654816944,1.2984803040845665,1.305302381515503,2561756
2022-06-27,1.2893840074539185,1.2893840074539185,1.2893840074539185,1.2893840074539185,444444
2022-06-28,1.3143985271453857,1.325768691145261,1.2984801674236153,1.3075763419974973,3273076
2022-06-29,1.300754189491272,1.3280428223326641,1.2939321126071417,1.3075763748103593,3833784
2022-06-30,1.300754189491272,1.3075763748103593,1.2666435882007063,1.2916580146891268,5232312
2022-07-01,1.3030282258987427,1.3098504108957831,1.2893839643396139,1.2893839643396139,1833756
2022-07-04,1.3189467191696167,1.3189467191696167,1.3007542601422393,1.3098505438734094,3532480
2022-07-05,1.305302381515503,1.339413093975082,1.2734657671562133,1.3280429287785327,11256564
2022-07-06,1.3030282258987427,1.3166724874578715,1.2893839643396139,1.307576313085119,1717248
2022-07-07,1.300754189491272,1.3121244622114319,1.2962061020901994,1.3030282874092867,1029620
2022-07-08,1.305302381515503,1.3143986654816944,1.3007542937498902,1.305302381515503,464240
2022-07-13,1.2984802722930908,1.3098505456462204,1.2962061742484796,1.30302835994735,1500780
2022-07-14,1.300754189491272,1.3075763748103593,1.2962061020901994,1.298480200008214,972476
2022-07-18,1.305302381515503,1.3143986654816944,1.305302381515503,1.305302381515503,1647752
2022-07-19,1.3098504543304443,1.3189466290048262,1.3053022585582978,1.3053022585582978,1910856
2022-07-20,1.3075764179229736,1.3280428661200858,1.3053023199299787,1.3280428661200858,2054376
2022-07-21,1.3098504543304443,1.3143985416676351,1.3053022585582978,1.312124443781562,1229472
2022-07-22,1.3257687091827393,1.3303167965315583,1.3121244471362823,1.3143985450281697,2171008
2022-07-25,1.3303169012069702,1.3462352623978442,1.3280429115711108,1.3303169012069702,4082724
2022-07-26,1.3439611196517944,1.3553313927580204,1.3303168569852994,1.3303168569852994,4634452
2022-07-27,1.3257687091827393,1.355331331167541,1.3257687091827393,1.3485091459268346,2906732
2022-07-28,1.4076343774795532,1.4167305520969529,1.3303167847967001,1.3303167847967001,10336460
2022-07-29,1.3985382318496704,1.4212786688645112,1.3757977948348297,1.4144564835425804,3960972
2022-08-01,1.4963222742080688,1.5145146251448898,1.3985383337051738,1.3985383337051738,16880456
2022-08-02,1.4781298637390137,1.557721450099507,1.4553894259838671,1.496322213943131,6345332
2022-08-03,1.4985963106155396,1.4985963106155396,1.4622115018044073,1.4804039604274537,3120404
2022-08-04,1.503144383430481,1.553173345957391,1.4895001209231418,1.5213367334402665,5398564
2022-08-05,1.5440771579742432,1.5599955183164884,1.491774097918247,1.512240545724711,5681964
2022-08-08,1.5440771579742432,1.5577214203668996,1.528158797631998,1.5440771579742432,2803716
2022-08-09,1.5440771579742432,1.5577214203668996,1.5145145352393412,1.5463512559238317,3932412
2022-08-10,1.5440771579742432,1.553173332902681,1.491774097918247,1.553173332902681,2228800
2022-08-11,1.575913667678833,1.5850098420153813,1.5418030681342527,1.544077057500914,3995912
2022-08-12,1.5895581245422363,1.6054764858050572,1.5804619490877574,1.587284134896099,5725052
2022-08-15,1.6122984886169434,1.6395870118831233,1.5986542269838535,1.6077504014059134,4594632
2022-08-16,1.6236686706542969,1.6441351175511638,1.5463511871988231,1.625942768502817,10423376
2022-08-17,1.6441351175308228,1.6441351175308228,1.5804617874274431,1.6282167578962394,6216188
2022-08-18,1.662327527999878,1.6736978007925483,1.6100244683365184,1.6350390034194184,6175044
2022-08-19,1.6646016836166382,1.6736978587920055,1.63049097249153,1.6668756731929992,1808836
2022-08-22,1.6941641569137573,1.6941641569137573,1.6577794571101203,1.6827939924426,2008268
2022-08-23,1.7282748222351074,1.7282748222351074,1.6714236760534593,1.7055343854494394,3910596
2022-08-24,1.7282748222351074,1.7396450948454194,1.6987122001962611,1.732822909592241,3282364
2022-08-25,1.7646596431732178,1.7874000801347372,1.723726748207526,1.7487412830826758,1914564
2022-08-26,1.7964962720870972,1.7964962720870972,1.7305489500510038,1.7555633767302405,3347164
2022-08-29,1.8419772386550903,1.8851840146968164,1.8055924310544877,1.8055924310544877,2337484
2022-08-31,1.8419772386550903,1.9056504621949708,1.8419772386550903,1.8419772386550903,2660384
2022-09-01,1.8419772386550903,1.8419772386550903,1.782851994075959,1.8055924310544877,2915624
2022-09-02,1.9306650161743164,1.9306650161743164,1.8260588907288922,1.8260588907288922,3154544
2022-09-05,1.9897900819778442,1.9897900819778442,1.889732161849718,1.9306648389217247,4011156
2022-09-06,1.9897900819778442,1.9943382776913496,1.928390741064972,1.9920641798345968,5573688
2022-09-07,1.9670495986938477,1.982968067319254,1.9374871931107673,1.982968067319254,4009272
2022-09-08,1.9443092346191406,2.0079824573515475,1.939761038846156,1.9602274860847644,2659344
2022-09-09,1.9693236351013184,1.9761457118019954,1.9443092092855645,1.9647756562575032,1288976
2022-09-12,2.11031436920166,2.1444251851521328,1.9738717560094687,1.9738717560094687,6072904
2022-09-13,2.0693819522857666,2.2945124548394475,2.0693819522857666,2.1512475304316707,11057392
2022-09-14,1.9943382740020752,2.06710767032428,1.957953358971065,2.06710767032428,4453144
2022-09-15,2.119410753250122,2.183084195913802,1.9966122807843407,1.9966122807843407,4641392
2022-09-16,2.1171369552612305,2.1990025344965245,2.0762040572086184,2.11941083647643,4609876
2022-09-19,2.103492498397827,2.1967283474114083,2.0443672517994855,2.1967283474114083,3778336
2022-09-20,2.1080405712127686,2.1239588224938006,2.0125306297867587,2.114862647923224,2629236
2022-09-21,2.048915386199951,2.1307809596577942,2.0375451134466607,2.1080406310211286,2618832
2022-09-22,2.0443673133850098,2.0671078602601645,2.0329970399474324,2.055737586822587,1613240
2022-09-23,2.071655750274658,2.1034924711544916,2.0284489733169515,2.044367225321909,1408012
2022-09-26,2.032996892929077,2.1262329548788026,2.030723011901942,2.073929787596278,1412860
2022-09-27,2.0625596046447754,2.073929877754389,2.014804631080336,2.0420931564214553,1822128
2022-09-28,2.0625596046447754,2.071655779758482,2.0034345748406435,2.0693818986324963,1627260
2022-09-29,2.0625596046447754,2.0693818986324963,1.989790203735123,2.035271079303656,1327852
2022-09-30,2.0466413497924805,2.0625596020036028,2.0466413497924805,2.0625596020036028,1112684
2022-10-03,2.096670389175415,2.112588641142728,2.046641318445395,2.0489154164035592,1969700
2022-10-04,2.080751895904541,2.1034924414793106,2.0693818399870714,2.1034924414793106,1701960
2022-10-05,2.0921223163604736,2.114862863540342,2.0762040634565238,2.0807520427705395,1464388
2022-10-06,2.0852999687194824,2.12850674251813,2.0852999687194824,2.0943961430386664,5786688
2022-10-07,2.0875742435455322,2.094396320645965,2.078478068454982,2.0853001455554145,1425972
2022-10-10,2.067107677459717,2.0966702990351367,2.067107677459717,2.089848005453949,1932972
2022-10-11,2.067107677459717,2.092122103314345,2.060285600748438,2.067107677459717,1667832
2022-10-12,2.0239007472991943,2.0875741881121854,2.0239007472991943,2.0671077404844325,2810464
2022-10-13,1.996612310409546,2.028449032213771,1.9920643312203277,2.0216269549949812,1663044
2022-10-14,1.9875160455703735,2.010256591101167,1.9875160455703735,2.003434514189895,1793764
2022-10-17,2.0375452041625977,2.0693819259152675,1.9829681527608134,1.992064327994444,7425368
2022-10-18,2.0398192405700684,2.0671077654466345,2.023900771739633,2.0534633945733924,2521556
2022-10-19,2.1557953357696533,2.1580694336410766,2.0307229890201204,2.0466412403802625,7434112
2022-10-20,2.048915386199951,2.210372652060911,2.048915386199951,2.164891777917665,10162560
2022-10-21,2.0602855682373047,2.0716556236200483,2.0398191215565187,2.0625594491919106,6032052
2022-10-24,2.1694397926330566,2.180810065573643,2.0625595739834113,2.0625595739834113,5498084
2022-10-25,2.1944541931152344,2.230839109459861,2.121684794165812,2.1808100392471754,4162568
2022-10-26,2.2581276893615723,2.2717718435637413,2.20582451993347,2.246757416279818,2777052
2022-10-27,2.1603434085845947,2.2785938887309864,2.1603434085845947,2.276319790988964,2764824
2022-10-28,2.135329008102417,2.180809879106057,2.123958736134032,2.180809879106057,953028
2022-10-31,2.158069372177124,2.221742809544029,2.085299977323408,2.1717137421471473,6418840
2022-11-01,2.1376030445098877,2.2080985623464735,2.1376030445098877,2.1830841356921575,4621424
2022-11-02,2.2171947956085205,2.2353871458126378,2.1171368694858756,2.1376031008130667,4458288
2022-11-03,2.3172526359558105,2.3240749296822614,2.194454168188563,2.2171947135369066,4224920
2022-11-04,2.4559695720672607,2.4627916489233885,2.210372636547526,2.3195267337252243,6741340
2022-11-07,2.45369553565979,2.5287390335678808,2.380926135717379,2.45596963362547,4635452
2022-11-08,2.4332289695739746,2.4787098423298617,2.3900221946733593,2.4650656889380493,3318648
2022-11-09,2.4787099361419678,2.5310131044431943,2.3650076415139893,2.4127626139325367,2750088
2022-11-10,2.726580858230591,2.726580858230591,2.458243601687978,2.4878060061999507,11006068
2022-11-11,2.6901962757110596,2.8880382424984,2.683374198751473,2.8152688432763666,8091512
2022-11-14,2.7061145305633545,2.8311870982668528,2.683374201716302,2.6947444745747866,6674956
2022-11-15,2.833461284637451,2.922149155457448,2.672004012244076,2.7311292594574073,7318904
2022-11-16,3.029029130935669,3.035851424920603,2.7197589603260854,2.8402833347509344,7729112
2022-11-17,2.9380671977996826,3.0403992156642876,2.858475507866152,3.0358512368260357,5818560
2022-11-18,3.1495535373687744,3.283722058148685,3.0790580217516137,3.0813321196131143,4416780
2022-11-21,3.2518858909606934,3.3428476461032584,3.0676880657095857,3.188212662360898,5837760
2022-11-22,3.331477165222168,3.3519436130733897,3.22459716379677,3.29736656338341,6010756
2022-11-23,3.331477165222168,3.365587983930843,3.25188568864176,3.3496695151188276,4130072
2022-11-24,3.4269871711730957,3.4565497944950505,3.2905445445370605,3.3314772240929105,4785448
2022-11-25,3.401972770690918,3.524771244067505,3.3906024974973605,3.456549821776085,2488184
2022-11-28,3.6612141132354736,3.672584169635458,3.379232246995418,3.4201651440191196,5362232
2022-11-29,3.547511577606201,3.663487966856114,3.5247710325835047,3.6612138689798623,3001204
2022-11-30,3.8113009929656982,3.888618588518808,3.533867331530985,3.547511702398559,5109428
2022-12-01,3.790834426879883,4.134215400247841,3.7430792387676073,3.8294932234508403,11450692
2022-12-02,3.727161169052124,3.925003357324654,3.7157911128108774,3.8113010599528154,2766536
2022-12-05,3.547511577606201,3.7294350703081314,3.5452374797299493,3.7294350703081314,2520332
2022-12-06,3.7294352054595947,3.7521757513063885,3.4451794667242623,3.592992580988586,5119996
2022-12-07,3.7157909870147705,3.865877979765296,3.5793481480397946,3.806752735084812,4703396
2022-12-08,3.804478645324707,3.8249450929018374,3.5929925263908267,3.6839544915258604,3786136
2022-12-09,3.752175807952881,3.8886186513536813,3.743079415980901,3.852233950945447,4802992
2022-12-12,3.8113009929656982,3.829493342875851,3.7066946556774405,3.7521757473227413,16835652
2022-12-13,3.9090850353240967,3.9295514831849427,3.7453534524373273,3.847685691741558,4088400
2022-12-14,3.8954405784606934,3.990950527106762,3.7840123773302543,3.979580470686455,4369544
2022-12-15,3.9409215450286865,3.9409215450286865,3.827219249518638,3.8977145512877143,3645000
2022-12-16,3.8567817211151123,4.002320956786893,3.8044787683883023,4.002320956786893,590428
2022-12-19,3.865878105163574,3.9363734079870483,3.8317675027483347,3.9340993099940533,3428716
2022-12-20,3.8113009929656982,3.8863444905625597,3.7567239432352384,3.8658780426961576,3120356
2022-12-21,3.827219247817993,3.8931667873796383,3.7771903939621434,3.8113009958520334,2507048
2022-12-22,3.8090269565582275,3.865878105163574,3.768094060164003,3.8613299091775843,2408332
2022-12-23,3.6998729705810547,3.8181234674611284,3.686228382198069,3.8090270752058046,2269332
2022-12-26,3.7726423740386963,3.7726423740386963,3.6271033509879884,3.6998729709483062,6709980
2022-12-27,3.6384735107421875,3.797656900333095,3.599814712340958,3.774916354142988,2332336
2022-12-28,3.5293192863464355,3.6407474816753593,3.479290216596136,3.638473383761729,3255540
2022-12-29,3.502030611038208,3.536141429774959,3.490660554995875,3.536141429774959,2660744
2022-12-30,3.658939838409424,3.695324537619103,3.5202229015851314,3.5202229015851314,3668612
2023-01-02,3.8067526817321777,3.8067526817321777,3.6794062362189135,3.690776291915879,4749476
2023-01-03,3.9409215450286865,3.9409215450286865,3.7135169540085897,3.827219249518638,5404012
2023-01-04,4.104652404785156,4.320686924506399,3.943195364748708,3.945469462547225,16410768
2023-01-05,3.968209981918335,4.211532806216929,3.9386471444627325,4.163777620227033,6757060
2023-01-06,4.184244632720947,4.2069851799008156,3.624829297421501,3.8135753185265764,6797376
2023-01-09,4.2911248207092285,4.450307774079773,4.043253781953262,4.218354987286877,12192800
2023-01-10,4.209259033203125,4.443485918176531,4.004594987966278,4.307043076772021,6146044
2023-01-11,4.0432538986206055,4.552640144836298,3.7976569507355427,4.295672706835351,5972164
2023-01-12,3.993224620819092,4.116023311976849,3.752175868302569,4.084186373302699,8358580
2023-01-13,3.993224620819092,4.050075770338828,3.822671172259884,4.0409798119603915,3685896
2023-01-16,4.086460113525391,4.086460113525391,3.8977143309958775,3.979580117932952,5359936
2023-01-17,4.2592878341674805,4.329783568823328,4.000046742338378,4.086460295034802,6740268
2023-01-18,4.218355178833008,4.3206874228706225,4.188792771522061,4.259288076448054,3083820
2023-01-19,4.2297258377075195,4.243369992876354,4.181970644006791,4.218355346950264,2836256
2023-01-20,4.22062873840332,4.320686871614161,4.179695846010713,4.282028076992232,2790368
2023-01-23,4.0887346267700195,4.3707162802983115,4.027335280329059,4.220629278158089,9991452
2023-01-24,4.102379322052002,4.120571673278269,3.852234167385927,4.034157679648599,3078164
2023-01-25,4.102379322052002,4.229725780635873,3.911359417306262,4.229725780635873,5825940
2023-01-26,4.013690948486328,4.206984937780989,3.8954404569484367,4.116023188036395,7237168
2023-01-27,4.047801494598389,4.052349690457852,3.9113590887331413,4.029609144900367,3478500
2023-01-30,3.984128475189209,4.1387636640135135,3.902262684931676,4.068267929629603,2131528
2023-01-31,3.9568397998809814,3.972758051865598,3.802204608476419,3.972758051865598,3125716
2023-02-01,3.704421043395996,4.059172088487414,3.592992627546715,4.059172088487414,8609336
2023-02-02,3.768094062805176,3.781738217032867,3.502030669796068,3.7044210539160565,5022716
2023-02-03,3.936373472213745,3.970484075185541,3.6930506216111296,3.768094121645019,5479932
2023-02-06,3.752175807952881,3.9363734079870483,3.6157329645520804,3.6157329645520804,2128748
2023-02-07,3.5929925441741943,3.7294351672471895,3.3769582283228483,3.7294351672471895,4546188
2023-02-08,3.3064627647399902,3.3064627647399902,3.3064627647399902,3.3064627647399902,588
2023-02-15,3.8090269565582275,3.9522916601981706,3.3201071653002145,3.5929926352318944,10422608
2023-02-16,3.8090269565582275,3.852233950945447,3.602088810333953,3.8090269565582275,7648452
2023-02-17,3.7635457515716553,3.8044786467411558,3.6157328563683264,3.7521756956867183,5327548
2023-02-20,3.897714853286743,4.000047100670531,3.7658201976253443,3.7703683938957058,4513984
2023-02-21,3.88407039642334,3.9431956421244014,3.831767444597729,3.8863444943818233,3099444
2023-02-22,3.88407039642334,3.9340992502904677,3.7885604508662154,3.88407039642334,2033408
2023-02-23,3.9181807041168213,4.009142446926942,3.820396667943515,3.884070104780501,1962548
2023-02-24,3.9181807041168213,4.000046489515832,3.7908342641826516,3.9181807041168213,4546540
2023-02-27,3.8408634662628174,3.918181063171611,3.6180070675209257,3.918181063171611,9742032
2023-02-28,3.8408634662628174,3.8408634662628174,3.7385316588763615,3.8408634662628174,3407228
2023-03-01,3.8385891914367676,3.9272772742406348,3.774916185437894,3.820396842045686,3174576
2023-03-02,3.8999886512756348,3.979580344922043,3.8385893075707056,3.856781657512184,2515148
2023-03-03,3.8567817211151123,3.940921612069416,3.7908346141421436,3.8999887155910975,2383412
2023-03-06,3.986402750015259,3.986402750015259,3.8203970642107206,3.8203970642107206,3484328
2023-03-07,4.036431312561035,4.150133603055712,4.034157214702364,4.050075465973248,2690564
2023-03-08,4.036431312561035,4.297946493950829,3.993224320725909,4.036431312561035,2607988
2023-03-09,4.036431312561035,4.156955896631727,4.020513061290151,4.036431312561035,1390276
2023-03-10,4.059171676635742,4.1455852227178145,3.9886763811156465,4.1455852227178145,1366352
2023-03-13,4.184244632720947,4.220629334712792,4.059172273841462,4.059172273841462,1936532
2023-03-14,4.184244632720947,4.252466274260553,4.09783107392528,4.172874576000943,1767588
2023-03-15,4.184244632720947,4.2069851799008156,4.093282877741334,4.143311734545156,1771084
2023-03-16,4.118297576904297,4.252466329907376,4.118297576904297,4.184244687475037,2748780
2023-03-17,4.120571136474609,4.184244140601669,4.054623600783229,4.138763485330885,28959896
2023-03-20,4.120571136474609,4.172874085218925,3.89316655890126,4.1319411918573525,3155088
2023-03-21,4.120571136474609,4.120571136474609,4.013690707421657,4.097830591969313,1519912
2023-03-22,4.013690948486328,4.152407887934232,3.8999886528706256,4.102379034009664,2155364
2023-03-23,4.013690948486328,4.061446138189638,4.013690948486328,4.050075648384166,531592
2023-03-24,3.9795801639556885,4.03188311344155,3.888618418384665,4.013690764327346,2825836
2023-03-27,3.9795801639556885,4.002320708783398,3.9159067251860638,3.9386472700137736,823700
2023-03-28,3.9795801639556885,4.011416666470593,3.8840702226711596,3.9795801639556885,1949740
2023-03-29,3.8931665420532227,3.972757796867608,3.884070150794545,3.972757796867608,13005856
2023-03-30,3.9113593101501465,3.9272775628195484,3.8658782164605507,3.8999888198578203,2113136
2023-03-31,3.9500179290771484,3.9659361810187987,3.856781647902075,3.911359131330354,1427168
2023-04-03,3.9500179290771484,3.9659361810187987,3.902262739512363,3.9500179290771484,1115800
2023-04-04,4.104652404785156,4.175148135319763,3.945469462547225,3.9568395178000038,1745692
2023-04-05,4.09100866317749,4.266110307615478,4.043253905825229,4.104652817601015,2373948
2023-04-06,4.0887346267700195,4.177422716209136,4.043253966759566,4.093282822893022,449564
2023-04-07,4.0887346267700195,4.138763916643331,4.059172219450217,4.0887346267700195,539732
2023-04-10,4.08418607711792,4.1842442144636065,4.072816021534468,4.088734272847228,1145056
2023-04-11,4.106926918029785,4.127393366546965,4.018239263615241,4.100105057683958,2341216
2023-04-12,4.079638481140137,4.1501337828537865,4.077364383182943,4.127393237021689,1395832
2023-04-13,4.022787570953369,4.097831073012313,4.002321121870033,4.072816427746044,1282780
2023-04-14,4.022787570953369,4.038705823853772,3.8658782725610816,4.018239374770436,1998276
2023-04-17,4.022787570953369,4.059172272937108,3.9818546727866972,4.022787570953369,547792
2023-04-18,4.004594802856445,4.200162447214412,3.9682101046624134,4.0227871519534615,672288
2023-04-19,4.0432538986206055,4.0432538986206055,3.9409216562768927,4.004595099706297,1109540
2023-04-20,4.102379322052002,4.2001629388057715,4.047801834633333,4.0500759327541,353540
2023-04-24,4.102379322052002,4.2001629388057715,4.072816480221901,4.102379322052002,1089224
2023-04-25,4.106926918029785,4.197888670472889,4.081912707195338,4.102379155712517,975284
2023-04-26,4.106926918029785,4.143311619007027,3.979580464609441,4.141037520978468,1947972
2023-04-27,4.086460113525391,4.1319412026548346,4.040979458135758,4.10692656025966,1139112
2023-04-28,4.086460113525391,4.086460113525391,3.961387769029137,4.084186015694938,4536716
2023-05-02,4.054623603820801,4.088734203734395,3.9909501659062294,4.086460105908181,766572
2023-05-03,4.036431312561035,4.054623661690591,3.656665644959221,4.054623661690591,4514204
2023-05-04,3.8704261779785156,4.138763660254652,3.8704261779785156,4.036431422525675,3991648
2023-05-05,3.865878105163574,3.870426301149564,3.745353513973896,3.870426301149564,2380416
2023-05-08,3.865878105163574,3.865878105163574,3.743079415980901,3.8567817131915945,2184196
2023-05-09,3.7066946029663086,3.8658779877213547,3.7066946029663086,3.8658779877213547,1546212
2023-05-10,3.665762186050415,3.772642187332505,3.6543916962928518,3.70669464795814,470944
2023-05-11,3.904536724090576,3.922729073458472,3.6293771688137655,3.665762084419468,4404076
2023-05-12,3.88407039642334,3.904536844309855,3.8090268987527303,3.904536844309855,732540
2023-05-15,3.797657012939453,3.8522340651700984,3.6498436751907857,3.6498436751907857,2441712
2023-05-16,3.797657012939453,3.797657012939453,3.683954712357312,3.699872965040435,1606904
2023-05-17,3.797657012939453,3.8886187666571947,3.758998213391931,3.865878219792796,731376
2023-05-18,3.865878105163574,3.872700399142559,3.774916354142988,3.8636040071705793,694444
2023-05-22,3.797657012939453,3.927277566204717,3.7430795269689527,3.865878219792796,3493440
2023-05-23,3.797657012939453,3.797657012939453,3.7112430216027072,3.790834718758177,1803336
2023-05-24,3.797657012939453,3.797657012939453,3.7567241153315054,3.797657012939453,1084524
2023-05-25,3.7726423740386963,3.8454117771290863,3.7726423740386963,3.7976570190034638,284688
2023-05-26,3.8499598503112793,3.977306301652737,3.7521758053787906,3.78173821178776,1832660
2023-05-29,3.9340991973876953,3.9909503443657823,3.849959742754431,3.849959742754431,470064
2023-05-30,4.040979862213135,4.045528058328838,3.91135930909458,4.025061609548029,490588
2023-05-31,4.036431312561035,4.08873426209103,3.845411429830792,4.040979508278379,496396
2023-06-01,4.0341572761535645,4.077364268646851,4.004594871020152,4.004594871020152,512176
2023-06-02,4.031883239746094,4.093282582582389,4.031883239746094,4.091008484654397,1051448
2023-06-05,4.031883239746094,4.093282582582389,4.031883239746094,4.03870553353007,1868540
2023-06-06,4.086460113525391,4.09328240701675,4.0478013178873065,4.0478013178873065,932080
2023-06-07,4.075090408325195,4.1092010112338295,4.047801665754379,4.086460464714791,1035868
2023-06-08,4.025061130523682,4.100104622542403,4.0023205863913836,4.070541785048475,744852
2023-06-09,3.9545655250549316,4.029609019440304,3.9545655250549316,4.025061257462264,1515860
2023-06-12,3.9113593101501465,3.970484124710824,3.9113593101501465,3.954565872041422,1483960
2023-06-13,3.758997917175293,3.947743703918503,3.758997917175293,3.9113590052985945,979312
2023-06-14,3.674858331680298,3.7589982252214047,3.674858331680298,3.7589982252214047,1281796
2023-06-15,3.6839544773101807,3.70896868689917,3.6521175402353703,3.6748580856488555,1216372
2023-06-16,3.733983278274536,3.733983278274536,3.670309838750674,3.686228090196684,1528892
2023-06-19,3.6066367626190186,3.784012284224565,3.6066367626190186,3.7749163260600955,2344740
2023-06-20,3.4997568130493164,3.5998147399390588,3.4997568130493164,3.5998147399390588,1068816
2023-06-21,3.4610977172851562,3.524770938022637,3.390602203101946,3.4997565126646744,1463508
2023-06-22,3.4224390983581543,3.4792902454509145,3.3314771328877884,3.4610978957308243,3740516
2023-06-23,3.4610977172851562,3.5020303936100134,3.4247130197208815,3.4247130197208815,1760456
2023-06-26,3.502030611038208,3.536141429774959,3.490660554995875,3.4952085340388246,2242976
2023-06-27,3.5043046474456787,3.513400822241732,3.492934374733134,3.513400822241732,1094748
2023-07-03,3.531593084335327,3.6384732981933308,3.524771007624789,3.5406892589060144,7985024
2023-07-04,3.433809280395508,3.54751157157589,3.433809280395508,3.53614129908387,6134204
2023-07-05,3.454275608062744,3.470194076748506,3.4338093772437634,3.447453531123084,4358012
2023-07-06,3.549785614013672,3.5838964330410064,3.4633718427623115,3.467920038713924,9910720
2023-07-07,3.556607961654663,3.5702521159757215,3.533867415293001,3.5588818427948907,4931924
2023-07-10,3.6998729705810547,3.7157912232880155,3.5998148244717725,3.683954717874094,6957016
2023-07-11,3.7021470069885254,3.752175862340047,3.638473563481258,3.7021470069885254,4840608
2023-07-12,3.674858331680298,3.7476277348834945,3.6316515527458817,3.7089689352143145,4295320
2023-07-13,3.733983278274536,3.8499596679038093,3.672583936634364,3.6748580345180546,6479184
2023-07-14,3.861330032348633,3.888618775395203,3.6953247772232465,3.733983576857638,6857556
2023-07-17,4.050075531005859,4.088734327744392,3.956839686002309,3.956839686002309,9281748
2023-07-18,3.820396900177002,4.095556676861252,3.820396900177002,4.054623781673526,8953260
2023-07-19,4.036431312561035,4.047801368114576,3.6612138406765644,3.8226708849838937,7076408
2023-07-20,4.411648750305176,4.416196945987322,4.050075434631017,4.050075434631017,10887016
2023-07-21,4.504884719848633,4.5662840620658205,4.245643631029163,4.411648874440233,6370904
2023-07-24,4.39345645904541,4.7436597238556075,4.384360501301413,4.504884652283249,5902832
2023-07-25,4.479870796203613,4.575380745610935,4.343427949373176,4.395730903307223,4458512
2023-07-26,4.561736106872559,4.57083249897261,4.313865060764174,4.525351405952048,3037092
2023-07-27,4.684534549713135,4.8209773878096,4.50488471890916,4.593572802228767,6311052
2023-07-28,4.820977687835693,4.8710065436306085,4.6890830373401435,4.6890830373401435,4750292
2023-07-31,5.203016757965088,5.225757303405407,4.820977416274995,4.820977416274995,12560632
2023-08-01,5.694211006164551,5.721499313420263,5.307623038876766,5.307623038876766,17070988
2023-08-02,5.771528244018555,5.8215575308977074,5.503191194918735,5.685114691552482,12321004
2023-08-03,6.344587802886963,6.344587802886963,6.2217895531484135,6.344587802886963,90881396
2023-08-04,6.817589282989502,6.976772664322686,6.358231921990148,6.58108874260457,55977416
2023-08-07,6.790301322937012,7.026801875406557,6.567444490935139,6.935840124456732,26252268
2023-08-08,7.436130046844482,7.467966549707335,6.5810887616522615,6.831233890011339,40815804
2023-08-09,7.3406195640563965,7.727207523512818,7.276946559256385,7.52254392202151,35554640
2023-08-10,7.049542427062988,7.786333694679342,7.049542427062988,7.340620030328864,22511232
2023-08-11,7.590765476226807,7.590765476226807,6.731175967713874,7.072282853573633,22105684
2023-08-14,7.4270339012146,7.731756087601615,7.213273464404342,7.618053792195709,19954564
2023-08-15,6.758464336395264,7.477063248101847,6.753916574185226,7.477063248101847,26508848
2023-08-16,6.794848918914795,7.072282794697965,6.7584642194251705,6.790301156783465,16512448
2023-08-17,6.963128566741943,7.063186271607808,6.685694696117966,6.794848792556994,16209588
2023-08-18,7.413389205932617,7.636246465077477,6.972224618450033,6.972224618450033,34718212
2023-08-21,8.154728889465332,8.154728889465332,7.276947016770626,7.367909201472132,34306536
2023-08-22,8.477643013000488,8.782365204604073,8.10015142048975,8.413970004076651,30923176
2023-08-23,8.07286262512207,9.014317451621254,8.07286262512207,8.923356139713293,31699692
2023-08-24,8.759625434875488,8.877875932846484,8.004642220312736,8.086508016406482,40725868
2023-08-25,8.668663024902344,9.109828499804081,8.250238530267536,9.091635715590538,22388976
2023-08-28,8.777816772460938,9.096183543474407,8.600441470956678,9.050702452261103,30353052
2023-08-29,8.304816246032715,8.823298465799887,8.300268049853036,8.782365567662508,24561252
2023-08-31,8.800558090209961,8.886972080090098,8.323007915326809,8.413970101251133,16107432
2023-09-01,8.809654235839844,8.98248134328542,8.47309467782324,8.868779047800793,12232780
2023-09-04,8.68685531616211,8.891518922072216,8.60044133101092,8.809654000195962,12824860
2023-09-05,9.364521026611328,9.546444523969459,8.59134507848969,8.709595568642392,24646084
2023-09-06,9.132568359375,9.450935134447144,8.959741251536764,9.369069342715468,13191152
2023-09-07,9.378165245056152,9.523704037213673,9.087086793261486,9.132567882680618,15041644
2023-09-08,9.760204315185547,10.174081455565698,9.319039735137654,9.55099251458953,21172472
2023-09-11,9.873907089233398,10.051283263052943,9.632858773946857,9.778397575813377,17682340
2023-09-12,10.08311939239502,10.31507217454512,9.664694918855952,9.883003113533816,19061864
2023-09-13,10.046734809875488,10.701660268989217,9.87845503235028,10.124052404822802,22212588
2023-09-14,9.905744552612305,10.146792870123619,9.255367266723862,10.064927076448194,16430880
2023-09-15,9.57373332977295,10.00125422141591,9.36906970990238,9.91484023037027,10790596
2023-09-18,8.805106163024902,9.546444758258076,8.618634465221476,9.350876668493584,16777304
2023-09-19,8.941548347473145,9.109828124598705,8.482190974757058,8.805105941410002,11358184
2023-09-20,9.832974433898926,9.832974433898926,8.982480921882784,8.982480921882784,18370380
2023-09-21,10.815361976623535,10.815361976623535,9.787493186176622,9.837521603148193,33122784
2023-09-22,11.233787536621094,11.552153454705762,10.92906533928824,10.98364195725489,30131896
2023-09-25,12.279848098754883,12.348069303585362,11.288363928280887,11.288363928280887,18079072
2023-09-26,12.109294891357422,13.189466736126395,11.836409199183004,12.461771846154514,26888800
2023-09-27,13.132615089416504,13.246317384562968,12.211626672226085,12.370810058927068,26240272
2023-09-28,12.552733421325684,14.144565536086702,12.484512218474714,13.735237451501229,24007752
2023-09-29,12.57547378540039,13.075764062143557,12.09792448838354,12.893840561731409,19567872
2023-10-02,12.257107734680176,12.927950580467881,12.109294404348839,12.757397138153108,20274188
2023-10-03,12.177515983581543,12.461771729545069,11.881890181275413,12.257108112939147,13921484
2023-10-04,12.52999210357666,12.76876760832438,12.109293974460497,12.222996265300502,24233596
2023-10-05,12.689175605773926,12.836988932273407,11.881889506574371,12.507252112183549,16664112
2023-10-06,12.927950859069824,13.291798731003523,12.313959147488637,12.643695115752724,16089456
2023-10-09,12.60958480834961,13.121245140692636,12.075183496303534,12.313959012047352,12575508
2023-10-10,12.973431587219238,13.223577154802332,12.507252354764844,12.757397054868278,18236908
2023-10-11,12.325328826904297,13.234947177709342,12.26847767997898,12.973431554861028,13279428
2023-10-12,13.098504066467285,13.348649636517674,11.586264060053987,12.5072524781294,32401496
2023-10-13,12.791507720947266,13.826198394212406,12.60958422907861,13.234946828769365,25371308
2023-10-16,12.57547378540039,13.428241006844535,12.439031376961198,12.939321653704365,15649576
2023-10-17,13.18946647644043,13.234947568820644,12.325329191135097,12.746027343822789,15182636
2023-10-18,12.666436195373535,13.405501133813432,12.473141767909132,12.73465740081051,14657712
2023-10-19,13.18946647644043,13.917161352084804,12.757397400047921,12.836989528583217,35335832
2023-10-20,12.700546264648438,13.621535566996435,12.643695115983979,13.416871084812506,21390556
2023-10-23,13.18946647644043,13.223577512595512,12.313959134909965,13.12124527160995,21505232
2023-10-24,13.757977485656738,13.848939667264512,12.836989083666557,13.303168312577176,30735700
2023-10-25,12.8256196975708,14.713076823435676,12.8256196975708,13.757978204078453,35263880
2023-10-26,14.019493103027344,14.087714305473192,12.620954549229022,13.394130490227708,30770096
2023-10-27,13.541943550109863,14.099084985114354,13.189466598977944,13.962642574185768,20388356
2023-10-30,13.985382080078125,13.985382080078125,13.121244824235896,13.416870613408284,19546356
2023-10-31,13.39413070678711,15.008702949855449,13.269057488221245,15.008702949855449,51235616
2023-11-01,13.530573844909668,13.71249735336209,12.461772039967078,13.610165108770191,26354116
2023-11-02,13.36001968383789,13.848939900110633,12.871099467565147,13.712496625404913,19468756
2023-11-03,13.109874725341797,13.39413045774314,12.871099216140948,13.360019422863118,11861548
2023-11-06,13.075763702392578,13.416870581585428,13.041652667481431,13.234947086178504,12863916
2023-11-07,12.905210494995117,13.23494732431031,12.65506579274479,13.098504049690401,12274432
2023-11-08,13.644274711608887,14.190046047065092,12.927949942257571,12.962060976028443,29110656
2023-11-09,14.576634407043457,14.838150042134254,13.337280040036692,13.439611415309031,23040812
2023-11-10,13.678386688232422,14.826778847976081,13.678386688232422,14.735818398262841,14955564
2023-11-13,13.075763702392578,13.837568718931415,12.84835911626401,13.81482860731042,19570344
2023-11-14,13.348649978637695,13.57605457497742,12.780138487788387,13.075764289534089,15322316
2023-11-15,13.075763702392578,13.80345855149992,13.018912555860435,13.485091783928066,10546904
2023-11-16,13.166726112365723,13.314538575427024,13.00754272581691,13.132615076862523,8832760
2023-11-17,13.712496757507324,13.769347905645812,13.09850418411572,13.166726255865647,12379108
2023-11-20,13.632905006408691,13.928530792592271,13.507832658501751,13.769347410038145,11189828
2023-11-21,13.667015075683594,13.97401178287041,13.325908201573558,13.632904908760374,14018384
2023-11-22,13.917160987854004,14.099084485133995,13.530573013959236,13.667015420049314,11778752
2023-11-23,15.08829402923584,15.30432942827347,13.814828686598839,13.87167983345727,43590464
2023-11-24,15.406661987304688,15.713657857033997,14.929112663841376,15.611326478777377,27640984
2023-11-27,15.372549057006836,15.543102489743507,15.07692414790548,15.45214031195877,14061148
2023-11-28,14.792669296264648,15.406660996226469,14.610744930000747,15.37254996068207,12218008
2023-11-29,14.224157333374023,14.98596325191163,13.97401262428985,14.98596325191163,15797932
2023-11-30,14.96322250366211,14.96322250366211,14.019493121561352,14.076344268254658,26016756
2023-12-01,14.588005065917969,15.08829447920838,14.440191732686001,14.963222993365463,8441172
2023-12-04,14.394710540771484,14.75855840948722,13.974012391374814,14.690336337710741,8626052
2023-12-05,14.440191268920898,14.599373785775672,14.110454444402365,14.394710178042539,13023116
2023-12-06,14.212786674499512,14.576633666374837,13.871679794311524,14.428821205447836,11711164
2023-12-07,13.757977485656738,14.178675623763471,13.496461864144129,14.178675623763471,15460480
2023-12-08,13.939901351928711,14.064973704354204,13.564684294652233,13.780717963623685,10529900
2023-12-11,13.303168296813965,13.996752111442522,13.291798240996378,13.93990096487494,7406104
2023-12-12,12.939321517944336,13.64427539994988,12.91658053845662,13.314538570955158,6310180
2023-12-13,12.325328826904297,13.087133848711659,12.313958771015166,12.962061498971897,8441684
2023-12-14,12.950691223144531,13.121244661024011,12.143405124010915,12.518622166857988,18576520
2023-12-15,13.109874725341797,13.337279311262872,12.677805665099894,12.825618992940454,11648268
2023-12-18,12.65506649017334,13.189466959650032,12.643695566051937,13.087134714915424,7613072
2023-12-19,12.893840789794922,13.121245386202311,12.450401653304574,12.6550661370631,8612312
2023-12-20,12.746026992797852,13.143985022075535,12.393550054647836,12.882470266180853,6923512
2023-12-21,12.962061882019043,13.18946647644043,12.620954990386963,12.746027343822789,10803988
2023-12-22,13.053023338317871,13.371389232252676,12.655065320289639,12.96206115863385,8166708
2023-12-25,12.439031600952148,12.984802112016341,12.222997060800205,12.984802112016341,6733032
2023-12-26,12.723287582397461,12.84835993928393,12.143406024120411,12.439031831528347,8719632
2023-12-27,12.71191692352295,13.121245011883115,12.495882389602963,12.71191692352295,9514848
2023-12-28,13.109874725341797,13.212206095022559,12.734656811580164,12.734656811580164,6325948
2023-12-29,13.667015075683594,13.848939435859325,13.109874541954246,13.143984708877467,12919936
2024-01-02,14.440191268920898,14.713076079231742,13.450981662844951,13.644275214728408,10846924
2024-01-03,14.735817909240723,14.985962607569583,13.974012023458009,14.440191252605239,10996276
2024-01-04,14.724447250366211,14.895000693420645,14.32648921657253,14.72444725036621,8695780
2024-01-05,15.03144359588623,15.190627855621548,14.394710894343461,14.713076811374997,8179496
2024-01-08,15.201996803283691,15.236107839468405,14.72444750157581,15.122405542158939,8049120
2024-01-09,15.486252784729004,15.656806233316239,15.008703475676628,15.213367960973187,7302384
2024-01-10,15.656805038452148,15.656805038452148,15.16788484282261,15.520362636986972,9493064
2024-01-11,15.543103218078613,15.918321134673496,14.951851637211176,15.645436323491392,7896248
2024-01-12,15.406661987304688,16.009284537490043,14.97459289085333,15.406661987304688,11184784
2024-01-15,16.191205978393555,16.373130342853432,15.463511990472687,15.463511990472687,10634660
2024-01-16,16.202577590942383,16.532313563721665,15.98654391704691,16.270799664256426,6790336
2024-01-17,15.850099563598633,16.361759901899354,15.64543681624584,16.20257737952288,7299212
2024-01-18,15.702287673950195,16.122985819542514,15.611325490723909,15.850099269863653,7562016
2024-01-19,15.906950950622559,16.282168884656617,15.50899290375964,15.690917276309305,7602344
2024-01-22,16.816570281982422,16.90753247333384,15.725029190643882,15.906951838387224,7789604
2024-01-23,16.418609619140625,17.021232089813626,16.293538143880447,16.85067865858311,7496544
2024-01-24,16.600534439086914,16.63464547328237,16.248056643999305,16.600534439086914,6453908
2024-01-25,16.44135284423828,16.7597178879493,16.24805755132312,16.634646402194075,5771788
2024-01-26,16.32765007019043,16.543683734248436,15.67954560809778,16.441352363896602,19080944
2024-01-29,15.804618835449219,16.304908234098416,15.645436318140652,16.259428010570062,16459464
2024-01-30,16.202577590942383,16.202577590942383,15.531734721511684,15.861470694290965,11529120
2024-01-31,16.17983627319336,16.17983627319336,15.83872940194526,16.17983627319336,6404132
2024-02-01,16.418609619140625,16.418609619140625,16.02065161293609,16.14572482315549,8586740
2024-02-02,16.111616134643555,16.498205009335262,15.92969348916464,16.498205009335262,8007504
2024-02-05,16.918903350830078,16.97575450339674,15.975173871231616,16.088876176364938,15419536
2024-02-06,16.759716033935547,17.396449520838807,16.657384671914283,16.91890027314095,10605460
2024-02-07,17.19178581237793,17.282747990900837,16.543683109710997,16.88478997795246,10389084
2024-02-08,15.474883079528809,15.804619041813115,15.474883079528809,15.474883079528809,36108424
2024-02-09,14.838150024414062,15.656806230493304,14.599374502451226,15.25884818386151,37097568
2024-02-12,14.951851844787598,15.076925063708721,14.610744958594724,14.895000697088786,15264148
2024-02-13,15.122406005859375,15.66817739667175,14.963223478728835,15.008703705063441,17709112
2024-02-14,15.349808692932129,15.406659836239283,14.951850689782036,15.122404119703504,7714496
2024-02-15,15.349808692932129,15.577213266160753,15.201995373341681,15.349808692932127,12185476
2024-02-16,15.122406005859375,15.520364058645148,15.076925779524771,15.372550720618548,7173400
2024-02-19,15.111034393310547,15.531734275055216,15.099665204724609,15.31569887241024,9934416
2024-02-20,15.281587600708008,15.349809671007323,14.974591754279725,15.133776006658355,6472248
2024-02-21,15.338438987731934,15.338438987731934,14.963222800090353,15.292958763460028,5698536
2024-02-22,15.361181259155273,15.42940159744761,15.04281447557953,15.349810335293522,8621144
2024-02-23,15.508993148803711,15.986544200552098,15.236108320626998,15.372550734715354,12011844
2024-02-26,15.508993148803711,15.804619825128006,15.361181545600989,15.736397750604114,6359740
2024-02-27,14.838150024414062,15.599955080974476,14.838150024414062,15.599955080974476,6672632
2024-02-28,15.076925277709961,15.076925277709961,14.4856728127623,14.895000908507798,6773508
2024-02-29,15.577214241027832,15.577214241027832,14.838149331781986,15.031442884131344,6460352
2024-03-01,15.463512420654297,15.74776816368103,15.349810123443604,15.57721471786499,6458128
2024-03-04,15.327070236206055,15.656806208978388,15.008703452346225,15.508992873440675,5291604
2024-03-05,15.56584358215332,15.59995461784381,14.917740843871405,15.304329690098042,6637784
2024-03-06,15.74776840209961,15.9183218504978,15.247478980782008,15.554474840906872,8592400
2024-03-07,16.816570281982422,16.82794120651116,15.679547227488424,15.78188034336858,14705768
2024-03-08,17.203157424926758,17.51015327165878,16.00928333822275,16.793828472644513,14371712
2024-03-11,17.51015281677246,17.51015281677246,16.998492507191447,17.51015281677246,9367404
2024-03-12,16.782459259033203,17.73755783297912,16.782459259033203,17.510153245376824,9453236
2024-03-13,17.02123260498047,17.169045930179163,16.30490782514008,16.782458835006523,7286308
2024-03-14,17.282747268676758,17.737556407326146,16.782457910146103,17.043971776902158,14388124
2024-03-15,17.07808494567871,17.48741391565191,16.56642460069191,17.396451729551266,13132896
2024-03-18,16.680126190185547,16.839310442831543,16.179836790348002,16.7142372253925,6719700
2024-03-19,16.896162033081055,16.896162033081055,16.009283769232123,16.60053536681162,8403312
2024-03-20,16.66875648498535,16.827938997736997,16.293538579260172,16.72560763024798,6710652
2024-03-21,17.13493537902832,17.714817773096343,16.22531702595492,16.418610578991153,18411960
2024-03-22,16.350391387939453,17.305490031535367,16.350391387939453,17.134936578396136,8275848
2024-03-25,16.12298583984375,16.441352614056953,15.79324814210319,16.350390430716132,8404756
2024-03-26,15.668177604675293,16.145726927366063,15.508993340472072,16.122986813896873,4456568
2024-03-27,15.713656425476074,15.91832089830326,15.39528966051815,15.656805279410705,5418788
2024-03-28,15.69091796875,16.020653956718203,15.463513360507246,15.74776912081069,7880944
2024-03-29,15.554473876953125,15.793247648937484,15.497622731010283,15.690916280224085,3549296
2024-04-01,15.918320655822754,16.054763057309383,14.98596222154499,15.918320655822754,7520372
2024-04-02,16.418609619140625,16.475460762884133,15.827358071200015,16.02065161293609,8082640
2024-04-03,16.282167434692383,16.407240646552147,15.941060567757656,16.19120525651794,7167988
2024-04-04,16.714237213134766,16.81656858372125,16.179836778482183,16.293539072449086,5934396
2024-04-05,18.317440032958984,18.317440032958984,16.566423685836796,16.657385866914193,12545872
2024-04-08,18.840469360351562,18.885951317941117,18.203737568731338,18.3174398602663,5897432
2024-04-09,18.840469360351562,18.840469360351562,18.840469360351562,18.840469360351562,0
2024-04-15,18.487995147705078,18.92006251080849,18.22647950401233,18.647177677800077,7356808
2024-04-16,18.8291015625,19.374871214199608,18.30607028883523,18.351550514823728,10818304
2024-04-17,18.863210678100586,19.511315169268105,18.624436891581485,18.829101376425996,5024952
2024-04-18,18.931432723999023,19.14746639743628,18.658547901240453,18.897321687414355,4323008
2024-04-19,19.09061622619629,19.329391759562917,18.715400009419415,18.715400009419415,4470404
2024-04-22,20.01160430908203,20.90985176306276,19.215688228607178,19.215688228607178,8757288
2024-04-24,20.10256576538086,20.10256576538086,19.534054299928684,20.057083807169104,5867296
2024-04-25,19.647756576538086,20.375450557722743,19.647756576538086,20.19352792990623,7975940
2024-04-26,20.12530517578125,20.466412043167374,20.079824954113466,20.329969643204773,6384872
2024-04-29,20.409561157226562,20.409561157226562,19.79556948213493,20.27311875553501,6015124
2024-04-30,20.466413497924805,20.762040164656355,20.261749015953683,20.39819142561464,7312244
2024-05-02,20.580116271972656,20.921223171508114,19.89790247290174,20.625596497926953,16855408
2024-05-03,20.12530517578125,21.48973264532574,20.034342997486434,20.693816621424787,15268548
2024-05-06,20.204896926879883,20.295859107406333,19.73871857099066,20.12530566952897,6488208
2024-05-07,20.887109756469727,20.932591712205106,19.943380428210975,20.20489603507196,9649808
2024-05-08,21.478363037109375,21.785360624515455,20.875742255808497,20.88711144444172,9033188
2024-05-09,21.78536033630371,21.796729524786528,21.12588668072387,21.671658041719578,9997444
2024-05-10,22.08098602294922,22.17194820874621,21.410143155745267,21.944543611733426,8285784
2024-05-13,21.967283248901367,22.45620346888672,21.3874025800475,22.285650024819226,6466676
2024-05-14,22.01276397705078,22.22879763346908,21.376030460829604,21.967282020201125,6460008
2024-05-15,22.5130558013916,22.62675810341883,21.84221291341472,22.012766366455566,8013132
2024-05-16,23.399932861328125,23.399932861328125,22.30839012585931,22.399352309641603,12304732
2024-05-17,24.51421546936035,24.74162005911338,23.286230337702122,23.422672744562075,13815504
2024-05-20,24.445993423461914,24.9008026034333,24.082146426476672,24.878062491426594,5800832
2024-05-21,24.423254013061523,24.55969642398065,24.036665158004716,24.355031940122267,8697840
2024-05-22,24.878063201904297,25.01450561280042,24.24132963777653,24.53695630718429,5848776
2024-05-23,25.37835121154785,25.673977864546814,24.559695056651332,24.900801932438156,7710128
2024-05-24,25.58301544189453,25.78767991242154,25.059984209987643,25.15094638966179,5950420
2024-05-27,24.92354393005371,25.69671992067657,24.58243702845181,25.583017620142602,5138524
2024-05-28,25.082727432250977,25.28739017904722,24.468733986984137,24.923543175348,4952796
2024-05-29,25.014503479003906,26.151526364413176,24.80983901263839,25.196427834653083,6349840
2024-05-30,25.05998420715332,25.53753521664876,24.218587948920995,24.69613722345716,5666012
2024-05-31,26.08330535888672,26.08330535888672,25.014504497085863,25.05998472036957,6764904
2024-06-03,26.90196418762207,27.220329231531952,25.92412373858638,26.378932926982632,8720060
2024-06-04,26.81100082397461,27.743359272195892,26.03782489070844,27.061145519600913,14617984
2024-06-05,26.674558639526367,27.17484803488786,25.92412281152482,26.81100104417411,6830476
2024-06-06,26.651817321777344,27.106626502933675,25.924123325910948,27.06114627880178,8007096
2024-06-07,25.58301544189453,26.85648075245476,24.900801696777343,26.65181628192775,8298820
2024-06-10,25.15094757080078,25.583016643324353,24.627918049290653,25.56027653107771,4932012
2024-06-11,24.7188777923584,25.310131103642213,24.627917345969475,24.94628237824931,3903344
2024-06-12,24.673397064208984,25.196428295037677,24.218587901735088,24.71887728647267,6514424
2024-06-13,25.719457626342773,25.901381984152007,24.74161897425609,24.74161897425609,9647132
2024-06-14,25.742198944091797,26.287970308145336,25.059985172764705,26.106047676767048,8349020
2024-06-20,24.536954879760742,25.901382379265964,24.536954879760742,25.81042019897376,9145328
2024-06-21,23.8547420501709,25.105467306295633,23.604597345937822,24.559695938449334,10648384
2024-06-24,23.832000732421875,24.195847714261138,23.377191571382976,23.991183244801782,7136360
2024-06-25,24.355031967163086,24.60517667661911,23.081566572238362,23.83200243556583,10463396
2024-06-26,23.99118423461914,24.900802594225553,23.763779644717538,24.355031231469837,9298132
2024-06-27,24.559696197509766,25.01450538635254,23.627337707373954,23.9911847114563,10497972
2024-06-28,24.332290649414062,24.90080211318542,23.809259408760695,24.559695234922607,7288688
2024-07-01,22.967863082885742,24.55969517773921,22.967863082885742,24.377770815772237,6150560
2024-07-02,24.60517692565918,24.650658886449317,22.74045990724856,23.036086580026552,14758444
2024-07-03,24.104887008666992,25.173687908463762,23.832002189345076,24.71887871962099,12384016
2024-07-04,24.036664962768555,24.377771854775446,23.55911566095078,24.10488703515368,7980128
2024-07-05,23.445411682128906,24.104885306370516,23.03608448205288,23.991183017189524,10824628
2024-07-08,24.17310905456543,24.55969617067565,23.195268605638116,23.445413312236457,11407212
2024-07-09,25.76494026184082,25.992344847611847,24.03666402201359,24.173108161443647,17443436
2024-07-10,25.014503479003906,26.2652286529541,24.991763368287568,25.696717210249467,9832692
2024-07-11,24.059406280517578,25.08272693400909,23.94570398568519,25.014504863125925,20081576
2024-07-12,25.492053985595703,25.537535944203032,23.76377946258163,24.059406121171637,13363172
2024-07-16,25.446575164794922,26.060566892688442,24.923543889211988,25.469315277872568,11697780
2024-07-17,25.58301544189453,25.58301544189453,24.741619183567042,25.58301544189453,6441280
2024-07-18,25.082727432250977,25.787681327223098,24.832580990683358,25.628497070320122,9484408
2024-07-19,25.37835121154785,25.492053503476793,24.900801932438156,25.082726293508177,4581712
2024-07-22,25.082727432250977,25.423834323523877,24.69613858116607,25.01450536001265,6007000
2024-07-23,25.173686981201172,25.332871232408277,24.7643597672957,25.082726534750606,6780772
2024-07-24,24.445993423461914,25.196429264398432,24.104886538483374,25.12820719341899,7684100
2024-07-25,24.355031967163086,24.650658636948908,23.94570473395124,24.445994152863292,3674768
2024-07-26,23.627336502075195,24.627917013478665,23.331709850424414,24.445992653238296,8949612
2024-07-29,22.62675666809082,23.604597097479484,22.615385744625634,23.604597097479484,5134428
2024-07-30,21.751249313354492,22.899641448334265,21.262329099371726,22.64949674709823,9685688
2024-07-31,23.104305267333984,23.104305267333984,21.512473187606812,21.78535972796418,18193064
2024-08-01,22.5130558013916,23.58185674646379,22.41072442355087,23.172529500141426,9188772
2024-08-02,22.115095138549805,22.740457726015222,21.30780819529257,22.422090970859163,9521176
2024-08-05,20.625595092773438,21.228217587889954,19.909272040517223,21.091775184363023,10967912
2024-08-06,19.249799728393555,21.36466146647326,19.204317767438223,21.023554566625624,10712044
2024-08-07,19.72734832763672,19.87516165921607,18.647176517189752,19.38624144012715,17746216
2024-08-08,19.318017959594727,19.772827109767263,19.227057517527598,19.715975965995696,8303360
2024-08-09,19.05650520324707,19.852421262703174,18.715398320623024,19.147465650646023,13297528
2024-08-12,18.71539878845215,19.374870723376006,18.578954644024375,19.181577165382485,9227124
2024-08-13,18.397031784057617,20.227637703136143,18.05592489709101,20.227637703136143,7938272
2024-08-14,17.999074935913086,18.647177716886137,17.999074935913086,18.48799518645748,7691828
2024-08-15,18.669918060302734,18.760880250935532,17.726188585536505,18.04455538527155,11515880
2024-08-16,18.374290466308594,18.908690873833624,18.317439322211055,18.669915374640265,7936716
2024-08-19,18.135515213012695,18.6016952949171,17.794408343802424,18.41977093735459,7679516
2024-08-20,17.328227996826172,18.374290434370003,17.24863674221981,18.135514935591686,10443124
2024-08-21,17.669336318969727,18.010443211111685,17.294120125581067,17.37371138675565,13136316
2024-08-22,17.19178581237793,18.067293093872504,16.93027019973429,17.964961727383766,14771648
2024-08-23,16.748348236083984,17.328228893916066,16.45272157800223,17.237268446776433,11325408
2024-08-26,17.07808494567871,17.396451729551266,16.339020002919998,16.941642534007443,16900272
2024-08-27,17.36233901977539,17.635225551780668,17.134934443917274,17.2031565106584,9547216
2024-08-28,17.14630699157715,17.612485375288514,17.14630699157715,17.396451701734392,5639052
2024-08-29,17.48741340637207,17.55563374274125,16.850679857170327,17.14630651964814,7136476
2024-09-02,17.896739959716797,18.01044225103637,17.532892974486025,17.692077223308992,5907848
2024-09-03,18.10140609741211,18.431143813568497,17.896741607204596,17.964963682260247,11010572
2024-09-04,18.112775802612305,18.2492182085818,17.669335814512294,17.942222361410607,11888796
2024-09-05,18.15825653076172,18.306069864234992,17.91948274742123,18.260589639301386,5026740
2024-09-06,18.112775802612305,18.2492182085818,17.794409032043937,18.192367061514567,4383104
2024-09-09,18.055925369262695,18.590325825826692,17.70344754952932,17.85126088473878,7501040
2024-09-10,17.271377563476562,18.101404647002063,17.169046194052026,18.055924423915446,9866236
2024-09-11,16.827939987182617,17.305489288475655,16.8165690634778,17.271378252320574,8206404
2024-09-12,16.600534439086914,17.1690458924803,16.168465387516086,16.941641311122947,7966512
2024-09-13,17.328227996826172,17.35096984239304,16.555053826410962,16.634645081017325,6259624
2024-09-16,17.1008243560791,17.498782385834556,16.998492985268573,17.32822894451079,3408052
2024-09-17,17.237268447875977,17.53289337101727,16.918901677989005,17.112195230612027,6238964
2024-09-18,18.419771194458008,18.840469325364268,17.567004009529395,17.61248423207521,22976292
2024-09-19,18.544845581054688,18.66991706844066,18.06729453934286,18.419772358709324,10601896
2024-09-20,18.658546447753906,18.692655746722096,18.351548877366152,18.54484415796859,7196832
2024-09-23,18.760879516601562,19.136097453925476,18.669917329529188,18.669917329529188,7122528
2024-09-24,18.863210678100586,19.181577461752116,18.556214818313517,18.783619415927554,8716460
2024-09-25,18.431142807006836,18.976912437808704,18.317440511429886,18.863210142231758,6835020
2024-09-26,18.23784828186035,18.590326106923403,18.06729483133812,18.4538836934975,7187392
2024-09-27,17.851259231567383,18.294697461170397,17.748927866261834,18.260588162708036,5076900
2024-09-30,18.203739166259766,18.203739166259766,17.6011166212475,17.703447998625677,4471020
2024-10-01,17.30548858642578,18.192366815682146,17.28274847489804,18.180995892438624,6737800
2024-10-02,17.04397201538086,17.305487620755212,16.68012504636225,17.305487620755212,5189448
2024-10-03,17.37371063232422,17.748928544378884,16.83931020483269,16.941641574047917,6727736
2024-10-04,18.635805130004883,18.635805130004883,17.45330197670684,17.5670042697147,11362904
2024-10-07,18.283329010009766,18.806358515364302,17.862630874083926,18.70402714593561,10143508
2024-10-08,18.169626235961914,18.68128653946858,18.055923946293767,18.28332852563006,7369216
2024-10-09,18.544845581054688,18.624436843020195,17.90811201541184,18.249218910943497,6311360
2024-10-10,18.328807830810547,18.931430282903825,18.317438643387906,18.68128560513657,9169944
2024-10-11,18.419771194458008,18.681286811494637,18.23784683435619,18.340179937523192,4928296
2024-10-14,17.714818954467773,18.397032764768515,17.635227690257906,18.249219425544798,5933344
2024-10-15,17.680707931518555,17.98770379941477,17.510154478802942,17.510154478802942,5271912
2024-10-16,18.397031784057617,18.499363156163863,17.476042495264036,17.69207789798516,7835384
2024-10-17,18.53347396850586,18.840469816084337,18.283329268070037,18.397031562355348,6542988
2024-10-18,17.817150115966797,18.522104031070278,17.737558852722106,18.44251276782559,9537752
2024-10-21,17.498783111572266,18.010443456763962,17.396451736517683,17.83989000836673,5022224
2024-10-22,18.283329010009766,18.419771414234457,17.521523996042546,17.521523996042546,7199064
2024-10-23,17.896739959716797,18.328809013723024,17.817148702784955,18.283328791178906,3483636
2024-10-24,18.8291015625,18.931432938453824,18.021814539008595,18.033185462985426,10118980
2024-10-25,18.8291015625,18.954173051448073,18.544845812673366,18.84047075151742,4970564
2024-10-28,18.510732650756836,19.124724305915233,18.226476933561425,18.988281908653278,4266776
2024-10-30,19.329391479492188,19.454464706578566,18.249219602697035,18.510735246176175,12029828
2024-10-31,19.568166732788086,19.750089373753667,19.124726717080662,19.329391206256442,8013628
2024-11-01,19.05650520324707,19.602274827478084,19.05650520324707,19.568165527183137,6321688
2024-11-04,18.669918060302734,19.340762698130057,18.465253565118815,18.999655784476683,6356044
2024-11-05,18.601696014404297,18.874580826343607,18.23784728520612,18.874580826343607,3091660
2024-11-06,18.62443733215332,18.942804123336003,18.51073503065661,18.578955370578974,4822112
2024-11-07,18.487995147705078,18.76087998071349,18.30607076905983,18.624437564209284,4593876
2024-11-08,19.101985931396484,19.215688228607178,18.408401224427507,18.487994220442488,6553344
2024-11-11,18.908693313598633,19.443093790076684,18.897322389328256,19.26116941150739,6341060
2024-11-12,18.965543746948242,19.181577420230177,18.704028113266318,18.920061786548253,6036432
2024-11-13,18.99965476989746,19.147466369953218,18.749508325275194,18.965543733361752,4361032
2024-11-14,19.534055709838867,19.681869048517022,19.02239535400178,19.02239535400178,6714460
2024-11-15,19.784198760986328,19.795569684143025,19.13609604511829,19.784198760986328,7726048
2024-11-18,19.556793212890625,20.079824423033006,19.20431543193043,19.88652914865917,7985452
2024-11-19,18.85184097290039,19.647757042751774,18.82910086075365,19.636386119198733,6131532
2024-11-20,18.760879516601562,18.97691319280897,18.26059009014262,18.931432966752485,7074740
2024-11-21,18.931432723999023,19.12472628469963,18.613065940807765,18.76087927603507,7849452
2024-11-22,18.61306381225586,19.02239273454309,18.45388130634371,19.02239273454309,10142876
2024-11-25,19.261167526245117,19.556794178744738,18.601695622138593,18.601695622138593,13767492
2024-11-26,20.170785903930664,20.307230042278576,19.261167568060795,19.35212974863964,16583216
2024-11-27,20.182157516479492,20.81889106732118,19.909272700381255,20.432302220396103,10242748
2024-11-28,19.715978622436523,20.273120947440223,19.272540335255144,20.19352968242811,4531264
2024-11-29,21.364660263061523,21.557955550054928,20.022974587201755,20.23900825095292,18790704
2024-12-02,20.887109756469727,22.080983768915814,20.750667359182017,21.36465901445632,14721076
2024-12-03,21.05766487121582,21.717138534976616,20.78478005481242,21.046295682591968,11821516
2024-12-04,21.22821807861328,21.501104626934634,20.88711119443109,21.262329114023366,13013172
2024-12-05,22.058244705200195,22.274278366576684,21.171366478308535,21.319179805283692,15932576
2024-12-06,22.740459442138672,23.422673225402832,22.262910140845634,22.501683924012468,16343260
2024-12-09,22.649497985839844,22.945124662079447,21.603437164849538,22.740460173525832,14799656
2024-12-10,22.42209243774414,22.967863805865488,22.228798881419323,22.55853484603464,8065560
2024-12-11,22.36524200439453,22.69497971450602,22.183319365846952,22.285650741595003,7240420
2024-12-12,22.490314483642578,23.01334400398443,22.410723223477444,22.422092412095694,8720668
2024-12-13,23.172529220581055,23.19526933372027,22.10372655344378,22.444833455410258,10387384
2024-12-16,23.05882453918457,23.536373805640498,23.05882453918457,23.172526828100708,4813752
2024-12-17,22.876901626586914,23.172528290408152,22.581276697725023,23.058825994316805,5324588
2024-12-18,22.80868148803711,23.331711013625025,22.763199528229876,23.081566307043033,5632772
2024-12-19,22.729087829589844,23.05882552248321,22.49031405365946,22.740458752950047,4841752
2024-12-20,22.94512367248535,23.172528264412936,22.61538597321474,22.740459192758653,6542028
2024-12-23,23.081565856933594,23.377192517557855,22.85416126721011,23.081565856933594,5424844
2024-12-24,23.354450225830078,23.559114699675224,22.285649368468864,23.081565417342752,7256008
2024-12-25,23.331710815429688,23.65007759153842,23.12704633543412,23.58185551988678,4019236
2024-12-26,22.922382354736328,23.377191514671896,22.808680064752437,23.331709557702787,4174136
2024-12-27,22.967863082885742,24.03666393830364,22.740458497906676,22.92238285987365,10223968
2024-12-30,23.900222778320312,23.94570473865905,23.081566576776282,23.081566576776282,8965852
2024-12-31,23.65007781982422,24.173109080977156,22.763199554588937,23.94570448655577,23634720
2025-01-02,23.80925941467285,24.104886069891087,23.399932201631415,23.650076898761068,6861692
2025-01-03,23.05882453918457,23.877480672388913,22.763197894018916,23.877480672388913,11405588
2025-01-06,22.876901626586914,23.24074862708735,22.785939442721965,23.058825994316805,6109132
2025-01-07,23.036087036132812,23.19526956465155,22.69498013077029,22.72908943333899,5062668
2025-01-08,22.80868148803711,23.1497883792742,22.547165857763467,23.03608608219517,6056772
2025-01-09,23.263490676879883,23.331711014153225,22.808681488553468,22.854161713402362,5808300
2025-01-10,24.150365829467773,24.605174991867987,23.51363404308303,23.51363404308303,14671004
2025-01-13,24.650657653808594,24.71887798914338,23.763779414781812,24.104886296333703,9618556
2025-01-14,24.878063201904297,24.991765500144297,24.286811598048164,24.491474346912657,6802892
2025-01-15,25.105466842651367,25.19642902477243,24.627917555214925,24.878062254828365,6349648
2025-01-16,25.605756759643555,26.197008352946995,25.173687687051263,25.355612054972024,10928476
2025-01-17,25.901382446289062,26.174267252912514,25.46931339000252,25.605755793314245,5728340
2025-01-20,26.106046676635742,26.44715354923137,25.9241223172677,25.969602539630074,5662964
2025-01-21,25.628496170043945,26.242489593742462,25.332871248967745,26.083305342431306,4978884
2025-01-22,25.810420989990234,26.060565692240562,25.46931410465997,25.628496623830358,5380360
2025-01-23,25.673978805541992,26.151528102154685,25.492054437804132,25.810421213865713,4886704
2025-01-24,25.787681579589844,25.90138387779354,25.3101322741262,25.67397928138615,4088780
2025-01-27,25.628496170043945,26.15152741227313,25.423833430437078,25.673978128258266,4096740
2025-01-28,25.537534713745117,25.833159623131905,25.40109057945665,25.537534713745117,5204804
2025-01-29,25.605756759643555,25.855901464315085,25.42383412668215,25.537536422892785,4907412
2025-01-30,25.58301544189453,25.74219795510483,25.3556108601888,25.673977621568678,4161084
2025-01-31,25.12820816040039,25.878644030215114,24.582436776440538,25.855902182373924,8708488
2025-02-03,24.51421546936035,24.991764760849847,24.377771327541065,24.991764760849847,3858264
2025-02-04,25.31013298034668,25.51479573485646,24.377772721093528,24.377772721093528,7445156
2025-02-05,25.21916961669922,25.492054433298428,24.332291360312773,25.310131800552075,4317360
2025-02-06,24.423254013061523,25.628497333633092,24.33229182746231,25.46931481005401,7746100
2025-02-07,24.536954879760742,24.764359463011612,24.332290407843104,24.42325258813531,7355376
2025-02-10,25.196428298950195,25.855900196672334,24.49147270903877,25.150946341720182,23187076
2025-02-11,25.742198944091797,26.037825605650603,25.01450494865997,25.196429314997594,11007372
2025-02-12,25.514795303344727,26.2652311737205,25.17368840498472,25.810421975907158,14254636
2025-02-13,25.33287239074707,25.855901921590444,24.809841124944313,25.583017099842543,9362452
2025-02-14,24.855321884155273,25.514793794005744,24.855321884155273,25.332871166617764,6140392
2025-02-17,24.764360427856445,24.946283060569463,24.468733764128682,24.87806272391184,4891008
2025-02-18,25.924123764038086,25.94686387648835,24.514215972609236,24.514215972609236,11675136
2025-02-19,25.878643035888672,26.060565666912403,25.628496598922123,25.878643035888672,5228984
2025-02-20,26.5153751373291,26.742779729818988,25.7876811353452,25.7876811353452,7391256
2025-02-21,26.2879695892334,27.174847814696523,25.90138249003733,26.5153741734568,9855544
2025-02-24,25.35561180114746,26.606337046943974,25.35561180114746,26.378932456799152,6824876
2025-02-25,24.878063201904297,25.423834580448183,24.377772048672657,25.401092732832673,7902852
2025-02-26,25.21916961669922,25.241909728922597,24.650658136318082,24.878062728470535,5821876
2025-02-27,25.196428298950195,25.35561081185707,24.969023717677935,25.219168410085565,5131364
2025-02-28,24.377771377563477,25.332871697461638,24.28681092944308,24.923542741082517,8581800
2025-03-03,23.74104118347168,24.67339971990476,23.627338880614975,24.400514887032454,17326860
2025-03-04,24.059406280517578,24.445993388963974,23.55911514227946,23.741039507995016,10325528
2025-03-05,24.17310905456543,24.445993873589188,23.945704460392506,24.059406757478968,8875852
2025-03-06,24.355031967163086,24.673398749634114,23.991184959321647,24.309551741792674,10426932
2025-03-07,24.059406280517578,24.787100273461142,23.308970440640067,24.51421545984714,19597196
2025-03-10,23.832000732421875,24.400512183720494,23.65007637402261,24.082145424001414,8441268
2025-03-11,23.718299865722656,24.082146869399836,23.331711014661167,23.741039978147597,7300872
2025-03-12,24.309551239013672,24.309551239013672,23.80926009548944,23.80926009548944,9144700
2025-03-13,25.03724479675293,25.492053972842754,24.332290920805566,24.423253103015394,15041744
2025-03-14,25.4238338470459,25.69671866096623,25.15094729816623,25.378351888086286,12618204
2025-03-17,25.58301544189453,25.78767991242154,25.3556108601888,25.651237510389958,6511332
2025-03-18,25.833162307739258,26.28797150940706,25.65123966804779,25.673979781139295,11728912
2025-03-19,23.263490676879883,24.90080306087123,23.263490676879883,24.90080306087123,11558588
2025-03-20,23.78652000427246,23.78652000427246,22.09235648585736,22.990603931333407,25844052
2025-03-21,22.22879981994629,23.581856506307076,21.410143600679284,23.581856506307076,16152768
2025-03-24,22.297019958496094,23.081565072391708,21.432881852935157,22.080984564626224,24911072
2025-03-25,23.627336502075195,23.877481196186242,22.399351407850904,22.399351407850904,11925548
2025-03-26,23.195268630981445,23.90022252669587,23.036086108870222,23.627337707373954,6377160
2025-03-27,22.706348419189453,23.87748242813259,22.706348419189453,23.74104001839228,12925200
2025-03-28,22.0772647857666,22.848782103548768,21.804265988015374,22.82504347138378,24798036
2025-04-02,22.433349609375,22.623262288196692,22.077264694940478,22.089134916544907,12980088
2025-04-03,22.552045822143555,23.169259345573895,22.445221066390054,22.504568555395696,15810612
2025-04-04,22.314655303955078,22.860652913508485,21.970440600850704,22.552045253997154,8270392
2025-04-07,22.136613845825195,22.136613845825195,21.127706512369354,21.839876394808773,15716784
2025-04-08,21.934831619262695,22.326525396795194,21.899222764734,22.267177909627893,9101792
2025-04-09,21.471920013427734,22.148482812290908,21.471920013427734,21.816136523771405,6685836
2025-04-10,21.721179962158203,21.958569907099825,21.626223621953248,21.958569907099825,7201820
2025-04-11,20.61731719970703,21.697442217851716,20.593578566469684,21.67370358461437,23473012
2025-04-14,20.095060348510742,20.75975114560119,20.059451492508728,20.629187755116003,15058864
2025-04-15,19.228586196899414,20.593578426926225,19.19297734171387,20.118798520829944,25052584
2025-04-16,19.228586196899414,19.48971478302405,18.516416337754993,19.252324829975908,24974052
2025-04-17,20.8665771484375,21.080228467521206,19.276063382940233,19.276063382940233,44237956
2025-04-18,21.12770652770996,21.7805289204201,20.581708892986633,20.961534279476776,29376688
2025-04-21,21.12770652770996,21.495661691694163,20.783491808737647,21.163315384086122,16157624
2025-04-22,20.61731719970703,21.44818204100552,20.391797467239805,21.24640094177564,9532144
2025-04-24,20.60544776916504,20.759749783144215,20.26123126525861,20.284969897321442,9714764
2025-04-25,20.890316009521484,21.12770596417514,20.498622222114633,20.6410558326785,8666048
2025-04-28,20.985271453857422,21.317617738351352,20.40366500320766,20.593577683244632,12390040
2025-04-29,20.937793731689453,21.210792547711073,20.74788285051825,21.080229156494934,6690468
2025-04-30,20.759750366210938,21.103966879785172,20.581707904026825,21.04461939239047,8640812
2025-05-02,21.175182342529297,21.175182342529297,20.688534042585065,20.759749939309284,5846424
2025-05-05,21.163314819335938,21.75678970596262,20.84283874278585,21.18705345257268,8078940
2025-05-06,20.937793731689453,21.460052729979,20.937793731689453,21.09209756780095,5323780
2025-05-07,20.961532592773438,21.293877062497177,20.890314885751764,21.08022756371521,5241604
2025-05-08,21.163314819335938,21.222662307998604,20.949663497922003,20.97340213115875,3212456
2025-05-09,21.555007934570312,21.555007934570312,21.02088055326243,21.495660447758326,6597224
2025-05-12,21.661832809448242,21.946700023307645,21.400704228220196,21.661832809448242,10778436
2025-05-13,21.519399642944336,21.744919374270154,21.412573077204517,21.661833252789148,5742472
2025-05-14,21.507530212402344,21.733051763170124,21.18705412567095,21.55500929152583,5241884
2025-05-15,21.946701049804688,22.041657395913006,21.412573640479778,21.578747698954746,7903920
2025-05-16,22.52830696105957,22.552045594193558,21.95857071013583,22.14848339749095,10627664
2025-05-20,21.922962188720703,22.979348585115737,21.626224742172937,22.75382703905445,8201748
2025-05-21,22.00604820251465,22.457089481261264,21.756789835334256,21.95857093575885,7694924
2025-05-22,21.70931053161621,22.17222202780738,21.056488159235673,22.07726568414189,9590012
2025-05-23,21.922962188720703,21.922962188720703,21.056488482572895,21.709310864977983,5636188
2025-05-26,21.163314819335938,21.839875827862034,21.068358475247344,21.74491948377344,6768040
2025-05-27,20.842838287353516,21.305747964350743,20.652925603326068,21.163314356900948,7616416
2025-05-28,20.902185440063477,21.0090101911551,20.534230299829563,20.85470636424599,5255936
2025-05-29,21.09209632873535,21.282009009891702,20.80722911814238,20.97340135579802,4438568
2025-05-30,20.890316009521484,21.246400941501964,20.61731719944146,21.103967330938097,6242148
2025-06-02,20.41553497314453,20.890314856240916,20.32057863429695,20.664795136226743,5755584
2025-06-03,19.94075584411621,20.688534550498886,19.88140835648491,20.463013010815,17256184
2025-06-04,19.964494705200195,20.095059903938477,19.822061095484912,19.940756072104584,5726944
2025-06-05,19.869537353515625,20.0831886628189,19.869537353515625,19.96449369222169,1647356
2025-06-10,20.439273834228516,20.474882688088282,19.905146459756647,19.905146459756647,11365744
2025-06-11,20.118799209594727,20.427406883579103,19.952626961228784,20.332450536880703,13662144
2025-06-12,19.83393096923828,20.08318932907662,19.46597582372346,20.08318932907662,7571476
2025-06-13,19.810190200805664,19.810190200805664,18.56389298861121,19.240455781287157,14968004
2025-06-16,20.486753463745117,20.676664337563416,19.525323439240758,20.154407170636105,9788032
2025-06-17,20.178146362304688,20.534231298110065,19.667757592088652,20.534231298110065,11798296
2025-06-18,19.94075584411621,20.095059674185904,19.572800696345524,20.095059674185904,7242380
2025-06-19,19.691495895385742,20.095059902549696,18.943718991646787,19.928885848608676,10773356
2025-06-20,19.964494705200195,19.964494705200195,19.513453431817126,19.703366118865244,13889892
2025-06-23,20.083189010620117,20.201883983272886,19.572800265984903,19.70336546035957,6176764
2025-06-24,20.771621704101562,20.854707828689634,20.33245063601461,20.41553676060268,9337132
2025-06-25,21.068357467651367,21.329486043050288,20.664795288502265,20.676663698982217,7502208
2025-06-26,21.02088165283203,21.19892412258112,20.819098738203074,21.115836187784883,4470900
2025-06-27,21.080228805541992,21.17518333897592,20.5698400381973,20.93779338310784,3187084
2025-06-30,22.0772647857666,22.0772647857666,21.020880259721483,21.044618891886472,5505148
2025-07-01,22.12474250793457,22.504567875000472,21.59061512303242,22.041656388066997,9767472
2025-07-02,22.05352783203125,22.694480004974665,21.934832851031235,22.231570303531274,8708312
2025-07-03,22.05352783203125,22.338395061974616,21.638095398531195,22.148484179059597,6056348
2025-07-04,21.85174560546875,22.20783053020007,21.590615211752514,22.053526700588183,8435172
2025-07-07,21.175182342529297,21.768657204272177,20.937792397832148,21.768657204272177,6654956
2025-07-08,20.652925491333008,21.388833968451042,20.652925491333008,21.23453013990817,7200200
2025-07-09,20.902185440063477,21.032748823493066,20.557968932167526,20.700402537336878,10392704
2025-07-10,20.937793731689453,21.27014003766614,20.914055097935762,20.973402587890824,4401864
2025-07-11,21.12770652770996,21.151445161580178,20.747882952361486,20.997141324711265,6320036
2025-07-14,21.03274917602539,21.29387775840293,20.890315568468694,21.246400492931226,4355652
2025-07-16,21.507530212402344,23.12178267976728,21.080229367141047,21.080229367141047,13000400
2025-07-17,21.839876174926758,22.302785869395176,21.365096258080523,21.685572339723404,9672384
2025-07-18,22.552045822143555,22.74195851141826,21.792398687328003,21.851746176333645,9789184
2025-07-21,22.658870697021484,23.12178220038413,22.504568673708913,23.026825855247562,15225904
2025-07-22,22.611392974853516,23.133650145879056,22.528306853709672,22.68261068505773,11881224
2025-07-23,22.623262405395508,22.848782127915722,22.55204469768305,22.63513081591989,5189908
2025-07-24,23.026824951171875,23.181128779567835,22.611392542258983,22.670740029246538,11484896
2025-07-25,23.442256927490234,23.58469053140364,23.1099106442646,23.1099106442646,9353028
2025-07-28,22.94373893737793,24.095079828015372,22.94373893737793,23.59656129725027,7367376
2025-07-29,22.9912166595459,23.03869573698311,22.81317419422498,22.9200007601025,3851428
2025-07-30,23.430387496948242,23.596561549742457,22.872521472952638,23.02682530371098,8149612
2025-07-31,23.596561431884766,23.8576900150953,23.371039892320802,23.4659962347087,10714832
2025-08-01,23.584692001342773,24.284993465204764,23.418519754943876,23.655909713308958,16210412
2025-08-04,22.504568099975586,23.003086635306232,22.29091678165057,22.90813029259049,23667956
2025-08-05,22.18408966064453,22.69447840519459,22.18408966064453,22.575783432561625,8442744
2025-08-06,22.00604820251465,22.267178603096436,21.69744234631869,22.20783111408087,10204044
2025-08-07,22.11287498474121,22.31465608713055,22.041657272772433,22.053527495147776,5070428
2025-08-08,22.11287498474121,22.44522128869276,22.101004762365864,22.29091745352151,5497908
2025-08-11,22.195960998535156,22.4808282227228,22.172222365043126,22.195960998535156,6543860
2025-08-12,21.922962188720703,22.184090779454408,21.839876065915657,22.14848373478199,4900944
2025-08-13,21.97281265258789,22.485575801337852,21.858866493626707,22.238690042066562,3826456
2025-08-14,21.706937789916992,22.12474280140487,21.706937789916992,21.99180500785342,3201550
2025-08-15,21.365095138549805,21.78290195060108,21.34610350819712,21.72592705954303,3736600
2025-08-18,21.422069549560547,21.573998979539287,21.156193952668588,21.365096466103935,3793158
2025-08-19,21.02325439453125,21.49803431716216,21.02325439453125,21.42206960198688,5386277
2025-08-20,21.02325439453125,21.36509651839084,20.852333332601454,21.080229289268964,13008794
2025-08-21,21.365095138549805,21.555007819793534,21.099217747036892,21.099217747036892,12538958
2025-08-22,21.004262924194336,21.573997337685054,20.94728803393204,21.555007518739153,15561128
2025-08-25,21.080228805541992,21.17518333897592,20.985272460966435,21.17518333897592,19354076
2025-08-26,21.44106101989746,21.76391150896048,21.00426436477788,21.118210530834443,18204395
2025-08-27,21.118209838867188,21.592989741209905,21.023253496170323,21.55500829081612,9333599
2025-08-28,21.042245864868164,21.403079617541998,20.985272781708698,21.13720221089505,6800284
2025-08-29,21.213167190551758,21.32711335829448,21.042246127796,21.061237759467012,7016948
2025-09-01,21.118209838867188,21.3461039746547,21.061236757705707,21.289130893493223,7544446
2025-09-02,20.681413650512695,21.232158276833374,20.01672104823459,21.1561935632423,12893587
2025-09-03,20.5104923248291,20.64343011909546,19.959747705686414,20.624438488159804,9323399
2025-09-04,20.700403213500977,20.890315900691178,20.472509075557703,20.510492337452387,5057319
2025-09-05,20.548473358154297,20.81435075242781,20.472508647096376,20.757377671919762,5992574
2025-09-08,20.206632614135742,20.282597323502582,19.845798886287113,19.99772830502079,6277325
2025-09-09,19.97873878479004,20.3205790764818,19.97873878479004,20.149658025065136,4977849
2025-09-10,20.073694229125977,20.206633836918794,19.940756432474803,20.05470440899127,6499999
2025-09-11,20.09268569946289,20.643430324074192,20.016720986107593,20.07369406833866,9048714
2025-09-12,20.168649673461914,20.20663293431796,19.769834490181243,20.187641303889936,5173199
2025-09-15,21.061237335205078,21.156193680505645,19.826808468580996,20.13066913577114,10226041
2025-09-16,21.080228805541992,21.270139683551477,20.700403427239763,21.270139683551477,7455670
2025-09-17,20.928298950195312,21.1372014550712,20.833342607563875,21.1372014550712,7437422
2025-09-18,20.795358657836914,21.232157095029145,20.662420869237405,20.947288076562508,9429200
2025-09-19,20.320579528808594,20.96628048802607,20.320579528808594,20.833342694472446,12843319
2025-09-22,21.080228805541992,21.17518333897592,20.624438713807642,20.624438713807642,11706207
2025-09-23,20.41553497314453,20.909306486238737,20.41553497314453,20.909306486238737,7882551
2025-09-24,20.2825984954834,20.529484267976702,20.11167743674637,20.510492636752222,8742790
2025-09-25,20.073694229125977,20.396544716257377,20.05470440899127,20.320580002293614,6613014
2025-09-26,20.358562469482422,20.60544823300478,20.07369344489128,20.14965815588727,11265195
2025-09-29,20.225624084472656,20.33957206339713,19.997729937765385,20.32058043171944,6711280
2025-09-30,20.339570999145508,20.52948368370205,20.111676864362614,20.225623026183268,5435264
2025-10-01,20.5104923248291,20.567465406494453,20.09268549995277,20.396544350356788,5106428
2025-10-02,19.769834518432617,20.54847325567862,19.769834518432617,20.510491805909858,10079400
2025-10-03,19.6558895111084,20.18764251705757,19.63689787953908,19.959748371650782,11330959
2025-10-06,19.295055389404297,19.788826933978743,19.295055389404297,19.731853851494503,5587534
2025-10-07,19.97873878479004,20.07369331456235,19.257073129442787,19.333037839945572,8712213
2025-10-08,20.13066864013672,20.852332499913096,19.978739215853103,20.05470392799491,12513060
2025-10-09,20.054704666137695,20.396544977786963,19.902773425120426,20.320580262849163,7373624
2025-10-10,20.700403213500977,20.719394844448317,20.073693881371568,20.111677143266256,9079803
2025-10-13,20.339570999145508,20.700402926433032,20.24461465686724,20.700402926433032,7052417
2025-10-14,19.864791870117188,20.472509586465325,19.750843892731083,20.339571788799585,5975857
2025-10-15,20.24461555480957,20.3775533532106,19.807818896553798,20.035713041444854,10235956
2025-10-16,20.396543502807617,20.510491472544985,20.092684665030017,20.092684665030017,6542843
2025-10-17,20.168649673461914,20.377552174745478,19.90277228089428,20.377552174745478,6770635
2025-10-20,20.700403213500977,20.795359557096077,20.16865022496667,20.24461493761443,12166282
2025-10-21,21.38408660888672,21.422068058166317,20.757377301070207,20.79535875034981,18367795
2025-10-22,21.28913116455078,21.839875785834863,21.251147902531788,21.44106059034352,11959406
2025-10-23,21.687946319580078,21.801892483141238,20.985272273814196,21.34610420661336,13580147
2025-10-24,22.12474250793457,22.409611533233996,21.403078657249146,21.896848374379978,18264427
2025-10-27,22.333646774291992,22.67548706832212,21.403078611481885,22.12474246062414,16357662
2025-10-28,22.181716918945312,22.523557206297866,22.048777318896754,22.333646338022344,7486922
2025-10-30,22.10575294494629,22.39062016240892,21.763910835077855,22.200707476672765,8562659
2025-10-31,22.01079750061035,22.504569054767977,21.972814237455918,22.08676221577755,8814041
2025-11-03,22.314655303955078,22.751451942684536,22.010796457683877,22.06776953857433,15160872
2025-11-04,22.25768280029297,22.732462712690012,22.14373482441536,22.39062059619882,6790465
2025-11-05,22.523557662963867,22.675487085121276,22.029787946523076,22.295663529727754,8724755
2025-11-06,22.40961265563965,22.71347151559815,22.257683225660397,22.694479884065327,5558983
2025-11-07,22.352638244628906,22.561540745657954,22.1437339324583,22.409611324702,7356847
2025-11-10,21.820884704589844,22.504568949023817,21.74491998977959,22.504568949023817,7531429
2025-11-11,21.19417381286621,21.896847826531026,20.776367006232,21.858866377459663,8321719
2025-11-12,21.004262924194336,21.365094840147894,20.85233169463641,21.365094840147894,4707193
2025-11-13,21.02325439453125,21.403079781549312,20.852333332601454,21.042246026110487,8360670
2025-11-14,20.814350128173828,21.25114675087129,20.814350128173828,20.928298096914023,4276844
2025-11-17,21.28913116455078,21.308122795560276,20.90930760006893,20.92829923107843,4153938
2025-11-18,21.02325439453125,21.42206960198688,20.947289679355972,21.251148540057084,6060606
2025-11-19,21.19417381286621,21.44105957082545,21.137200733688395,21.156192363794844,7103079
2025-11-20,21.02325439453125,21.53601758032063,21.004264574093686,21.27014017163632,4464835
2025-11-21,21.02325439453125,21.061237657689723,20.738387165409375,21.02325439453125,6057396
2025-11-24,21.004262924194336,21.004262924194336,20.738385536394876,20.890314954811274,4652157
2025-11-25,21.004262924194336,21.061236003315102,20.75737716648231,21.04224437322767,4226078
2025-11-26,21.118209838867188,21.21316618156405,20.87132407231198,20.909307333847366,4580476
2025-11-27,21.308122634887695,21.611981484181946,21.099218317641697,21.099218317641697,4772062
2025-11-28,21.365095138549805,21.555007819793534,21.118209377389576,21.308122058633305,3640386
2025-12-01,21.573997497558594,21.782901807785368,21.175182318474764,21.365094998473367,6508392
2025-12-02,21.34610366821289,21.668954142062468,21.34610366821289,21.573997800728787,4318578
2025-12-03,21.34610366821289,21.536016350880256,21.080228085848464,21.34610366821289,7079776
2025-12-04,21.28913116455078,21.49803367223039,21.175183189635415,21.346104246437655,4197035
2025-12-05,21.555007934570312,21.72592717522992,21.175182570060343,21.251147280734024,5783650
2025-12-08,22.10575294494629,22.162726026210496,21.592989780143636,21.630973041747506,9113430
2025-12-09,22.75145149230957,22.77044312261097,22.124742181495805,22.238690152162647,7735700
2025-12-10,22.466585159301758,22.8274189045467,22.371628815229844,22.78943564246129,4517408
2025-12-11,22.447593688964844,22.618514747289613,22.162726465851318,22.447593688964844,4055718
2025-12-12,22.656497955322266,22.656497955322266,22.31465583949238,22.485576897407324,4093795
2025-12-15,22.656497955322266,22.751452488704675,22.504568528540457,22.71347103758004,4111029
2025-12-16,22.88439178466797,22.922373235276723,22.447593330246857,22.656497647590626,8079642
2025-12-17,23.03632164001465,23.07430309133341,22.713471153667818,22.94136529500529,6541413
2025-12-18,22.865400314331055,23.435136566595343,22.865400314331055,23.036321371124505,6995589
2025-12-19,22.84640884399414,23.188250959985105,22.67548778599866,22.865400475136223,6058706
2025-12-22,22.73246192932129,22.941364431566146,22.447592905014773,22.84640809013064,4684836
2025-12-23,22.561540603637695,22.69447839335195,22.257681763638516,22.54254897335236,3289961
2025-12-24,22.504568099975586,22.58053281191986,22.162725990655556,22.48557646920412,4329990
2025-12-25,22.447593688964844,22.8843921503661,22.314655892997415,22.561541664895234,2549642
2025-12-26,22.181716918945312,22.48557575709938,22.181716918945312,22.466584126929366,2578259
2025-12-29,22.143733978271484,22.25768194979498,21.801891874842568,22.181717239159838,5373777
2025-12-30,21.820884704589844,22.162726826806832,21.213166986107794,22.14373519531885,8699477
2025-12-31,22.029788970947266,22.21969985190443,21.460052705792453,21.74491993279903,5554162
2026-01-02,21.725927352905273,22.067769459303218,21.64996264161035,22.029788009226547,6621420
2026-01-05,21.991804122924805,22.48557563787789,21.66895365631252,21.725926735378945,7493023
2026-01-06,22.3906192779541,22.485575617071294,21.991804102575113,22.162725150757755,5194509
2026-01-07,22.54254913330078,22.88439123629614,22.40961134264328,22.789434895337255,9402648
2026-01-08,22.78943634033203,22.88439268731175,22.295664784950834,22.54255056264143,8201581
2026-01-09,23.32118797302246,23.378162864536595,22.808426627386243,22.979347679645503,14799924
2026-01-12,23.30219841003418,23.435136202746623,22.979347932468308,23.416144572032962,8991839
2026-01-13,23.587066650390625,23.701012817337276,23.112286728782347,23.283207790343994,7626621
2026-01-14,24.308731079101562,24.403687420692663,23.4921090770163,23.73899484069653,12445637
2026-01-15,24.270748138427734,24.593598617414763,23.169258908169027,24.232766687974813,8801498
2026-01-16,25.29627227783203,25.29627227783203,24.21377469458078,24.270747774977803,7168563
2026-01-19,25.125350952148438,25.96096457420769,25.125350952148438,25.505176313707125,11369655
2026-01-20,25.3912296295166,25.58114231991831,24.84048500072161,25.144343856451034,6985303
2026-01-21,25.239299774169922,25.638114968345405,24.992414005285898,25.638114968345405,6907409
2026-01-22,25.998947143554688,26.017938774678978,24.9734226076843,25.239300009999447,11859944
2026-01-23,25.941972732543945,26.264823200553536,25.847016392927912,26.20785012124053,12818879
2026-01-26,26.568683624267578,26.606666886837786,25.65710705628233,25.94197428099231,9606565
2026-01-27,26.454736709594727,26.644647583642215,26.264824024405645,26.5686828717949,7270955
2026-01-28,26.302806854248047,26.62565732708627,26.150877433046713,26.587674066215154,18812382
2026-01-29,26.98649024963379,27.100438225327892,26.340789280031004,26.340789280031004,16208941
2026-01-30,27.13842010498047,27.290349534210485,26.169868635282864,27.25236808247381,15628629
2026-02-02,26.62565803527832,27.100437941946122,26.2268428412317,27.024471418183325,9365731
2026-02-03,26.79657745361328,27.30934062547852,26.41675388805104,26.62565820746649,12166282
2026-02-04,26.454736709594727,26.929516611425836,26.378771997747414,26.891533349931382,10551853
2026-02-05,25.657106399536133,26.549691313388735,25.657106399536133,26.39776188928014,8091898
2026-02-06,25.54315757751465,25.71407862674539,25.163334029858305,25.657105547382322,5409715
2026-02-09,25.714078903198242,26.093902454938082,25.60013093210551,25.733070533570622,8672938
2026-02-10,25.979957580566406,26.207851722887312,25.56215074740725,25.903992866459436,10401207
2026-02-11,25.92298126220703,26.150877203147097,25.63811405274427,26.01793760240847,6506675
2026-02-12,26.20785140991211,26.32179757414099,25.885000926027573,25.979957270312724,9619812
2026-02-13,26.454736709594727,26.967498061778695,26.188859312558332,26.302807285900098,10408788
2026-02-16,26.663639068603516,26.891533202899424,26.492718015096187,26.51170964573958,8694020
2026-02-17,26.511709213256836,26.853551314695057,26.454736133397653,26.663638633642368,5177785
2026-02-18,26.093902587890625,26.777586795647373,25.790043744950545,26.51170940250402,22397539
2026-02-19,24.55561637878418,26.207850171139416,24.32772224995672,26.112893831342593,10928339
2026-02-20,24.650571823120117,25.068378647061262,24.042854123672353,24.55561729093761,11661343
2026-02-23,24.726537704467773,25.0303965462995,24.555616653152036,25.011404915899625,9548500
2026-02-24,24.992414474487305,25.011406105790684,24.38469676191233,24.707547249503197,16394056
2026-02-25,24.612590789794922,25.06837907210888,24.156802507480965,25.06837907210888,17953852
2026-02-26,24.97342300415039,25.106362612989265,24.422678370794078,24.78351212331746,5414770
2026-02-27,24.66956329345703,25.087370114678972,24.403687707249826,24.97342214120332,8613248
2026-03-02,23.966888427734375,24.32772215533049,23.131276625283924,23.359170753224955,9253315
2026-03-03,24.175792694091797,24.384697018342525,23.814960751241298,23.87193383460892,5987615
2026-03-04,24.55561637878418,25.0114046364391,23.92890707172328,24.118817940175393,8725338
2026-03-05,25.258291244506836,25.46719375016884,24.55561720421653,24.55561720421653,4770296
2026-03-06,25.14434242248535,25.46719289107132,24.17579101672745,25.4482012608859,11579539
2026-03-09,25.030397415161133,25.296273005422254,24.57460732545048,24.74552838269927,6765779
2026-03-10,26.16986846923828,26.283816446008636,25.258291899642018,25.258291899642018,11168698
2026-03-11,26.397762298583984,26.77758767588636,26.055921994610124,26.169868158887535,10274939
2026-03-12,26.492717742919922,26.75859513577108,26.20785053076205,26.39776140182011,11072724
2026-03-13,26.663639068603516,26.777587041322263,26.074911196649563,26.454736564950995,6479519
2026-03-16,25.44820213317871,26.91052510703259,25.182326546035533,26.8155687639922,10796583
2026-03-17,26.378772735595703,26.378772735595703,25.48618598806677,25.61912378473261,7483620
2026-03-18,26.15087890625,26.45473776577048,25.903993130104194,26.416754502759588,4679718
2026-03-19,27.480260848999023,27.480260848999023,25.998946271537847,26.15087750429468,5211181
2026-03-23,26.89153289794922,27.21438337065936,26.112894161815902,27.21438337065936,10283634
2026-03-24,26.53070068359375,26.777586443016748,26.150877134920496,26.777586443016748,4239329
2026-03-25,26.302806854248047,26.929516169488934,26.26482359337693,26.587674066215154,5386968
2026-03-26,25.695087432861328,26.30280693057166,25.695087432861328,26.30280693057166,4390381
2026-03-27,25.58114242553711,25.90399291386801,25.429212997045116,25.752063485376016,2612255
2026-03-30,25.58114242553711,25.69508859133528,25.182327222960215,25.5621507941902,5080693
2026-03-31,25.885000228881836,26.0369296511896,25.18232619792304,25.524166492544715,4509208
2026-04-01,25.860000610351562,27.799999237060547,25.299999237060547,27.799999237060547,6219961
2026-04-02,25.799999237060547,25.81999969482422,25.420000076293945,25.780000686645508,3336193
2026-04-03,26.020000457763672,26.3799991607666,25.760000228881836,25.899999618530273,4492696
2026-04-06,25.979999542236328,26.239999771118164,25.899999618530273,26.020000457763672,3667917
2026-04-07,25.979999542236328,26.440000534057617,25.31999969482422,26.280000686645508,5656053
2026-04-08,26.5,26.780000686645508,26.34000015258789,26.600000381469727,10895559
2026-04-09,26.600000381469727,26.700000762939453,26.239999771118164,26.3799991607666,4586428
2026-04-10,27.0,27.0,26.520000457763672,26.65999984741211,9525058
2026-04-13,27.260000228881836,27.3799991607666,26.239999771118164,26.959999084472656,7065395
2026-04-14,27.84000015258789,28.079999923706055,27.239999771118164,27.299999237060547,10732856
2026-04-15,28.040000915527344,28.260000228881836,27.81999969482422,28.020000457763672,7167663
2026-04-16,27.84000015258789,28.719999313354492,27.84000015258789,28.280000686645508,7595862
2026-04-17,28.34000015258789,28.5,27.559999465942383,28.020000457763672,5904032
2026-04-20,28.479999542236328,28.700000762939453,27.8799991607666,28.0,3878222
2026-04-21,29.100000381469727,29.18000030517578,28.65999984741211,28.799999237060547,7033100
2026-04-22,28.579999923706055,29.34000015258789,28.479999542236328,29.100000381469727,4209556
2026-04-24,28.979999542236328,28.979999542236328,28.1200008392334,28.559999465942383,2508880
2026-04-27,28.68000030517578,29.15999984741211,28.420000076293945,29.1200008392334,6090680
2026-04-28,28.65999984741211,28.899999618530273,28.399999618530273,28.68000030517578,3110169
2026-04-29,28.760000228881836,31.520000457763672,28.600000381469727,28.65999984741211,2986455
2026-04-30,28.8799991607666,29.479999542236328,28.18000030517578,29.020000457763672,6115911
2026-05-04,30.15999984741211,30.18000030517578,28.959999084472656,29.0,14185721
2026-05-05,29.719999313354492,30.200000762939453,29.65999984741211,30.15999984741211,5933762
2026-05-06,30.239999771118164,30.3799991607666,29.780000686645508,29.780000686645508,5545347
2026-05-07,30.739999771118164,30.81999969482422,30.020000457763672,30.360000610351562,7576907
2026-05-08,30.739999771118164,30.899999618530273,30.280000686645508,30.739999771118164,4341989
2026-05-11,30.700000762939453,31.1200008392334,30.399999618530273,30.799999237060547,3362206
2026-05-12,30.700000762939453,30.899999618530273,30.260000228881836,30.860000610351562,2989424
2026-05-13,30.399999618530273,30.799999237060547,30.15999984741211,30.780000686645508,2598213
2026-05-14,30.940000534057617,31.239999771118164,30.399999618530273,30.399999618530273,6617592
2026-05-15,31.0,31.139999389648438,30.5,30.899999618530273,3248956
2026-05-18,29.399999618530273,31.040000915527344,29.399999618530273,31.0,7337236
2026-05-20,28.700000762939453,29.260000228881836,27.8799991607666,29.1200008392334,9934255
2026-05-21,26.84000015258789,28.6200008392334,26.84000015258789,28.559999465942383,7764513
2026-05-22,28.219999313354492,28.420000076293945,26.200000762939453,26.399999618530273,8508739
2026-05-25,28.020000457763672,28.600000381469727,27.959999084472656,28.020000457763672,2358516
2026-05-26,27.420000076293945,28.1200008392334,27.420000076293945,28.1200008392334,2088355
2026-05-27,27.420000076293945,27.420000076293945,27.420000076293945,27.420000076293945,0
2026-05-28,27.420000076293945,27.420000076293945,27.420000076293945,27.420000076293945,0
2026-05-29,27.420000076293945,27.420000076293945,27.420000076293945,27.420000076293945,0
2026-06-01,27.399999618530273,29.700000762939453,27.15999984741211,27.15999984741211,5724536
2026-06-02,28.5,28.540000915527344,27.5,27.5,3245941
2026-06-03,28.100000381469727,28.5,27.600000381469727,28.5,3970944
2026-06-04,27.600000381469727,28.280000686645508,27.299999237060547,28.260000228881836,4159900
2026-06-05,27.079999923706055,27.799999237060547,26.700000762939453,27.68000030517578,5671089
2026-06-08,27.219999313354492,27.299999237060547,26.520000457763672,26.600000381469727,3309715
2026-06-09,27.219999313354492,27.459999084472656,27.020000457763672,27.299999237060547,2405274
2026-06-10,27.31999969482422,27.479999542236328,27.020000457763672,27.239999771118164,2244847
2026-06-11,27.940000534057617,28.600000381469727,27.15999984741211,27.280000686645508,4166001
2026-06-12,27.920000076293945,28.239999771118164,27.34000015258789,27.959999084472656,5326724
2026-06-15,28.420000076293945,28.780000686645508,28.200000762939453,28.200000762939453,2895847
2026-06-16,28.280000686645508,28.600000381469727,27.899999618530273,28.459999084472656,4046740
2026-06-17,28.079999923706055,28.399999618530273,27.84000015258789,28.34000015258789,2869280
2026-06-18,28.399999618530273,28.5,27.899999618530273,28.040000915527344,3119403
2026-06-19,29.6200008392334,29.959999084472656,28.139999389648438,28.299999237060547,15851050
2026-06-22,29.079999923706055,29.579999923706055,28.81999969482422,29.540000915527344,2782343
2026-06-23,28.700000762939453,29.040000915527344,28.299999237060547,29.040000915527344,2351965
2026-06-24,28.399999618530273,28.8799991607666,28.360000610351562,28.739999771118164,2400557
2026-06-25,28.020000457763672,28.799999237060547,27.299999237060547,28.399999618530273,4227044
2026-06-26,28.079999923706055,28.18000030517578,27.68000030517578,27.979999542236328,3239130
2026-06-29,27.600000381469727,28.100000381469727,27.5,28.079999923706055,1778902
2026-06-30,27.360000610351562,27.760000228881836,27.040000915527344,27.600000381469727,5586076
2026-07-01,27.100000381469727,27.440000534057617,26.81999969482422,27.440000534057617,5009163
2026-07-02,26.799999237060547,27.139999389648438,26.760000228881836,27.079999923706055,2043882
2026-07-03,27.040000915527344,27.200000762939453,26.600000381469727,26.84000015258789,3054715
2026-07-06,27.040000915527344,27.200000762939453,26.860000610351562,27.079999923706055,2089325
2026-07-07,27.100000381469727,27.600000381469727,26.8799991607666,27.040000915527344,2349102
2026-07-08,26.959999084472656,27.479999542236328,26.760000228881836,27.059999465942383,2759622
2026-07-09,27.360000610351562,27.420000076293945,27.020000457763672,27.079999923706055,2347245
2026-07-10,27.899999618530273,28.3799991607666,27.280000686645508,27.420000076293945,5335141
2026-07-13,27.899999618530273,28.15999984741211,27.579999923706055,27.920000076293945,1391204
2026-07-14,27.799999237060547,28.100000381469727,27.719999313354492,27.899999618530273,2603869
2026-07-16,27.979999542236328,28.239999771118164,27.719999313354492,27.81999969482422,3147937
2026-07-17,27.920000076293945,28.299999237060547,27.700000762939453,28.139999389648438,2461809
2026-07-20,27.920000076293945,28.18000030517578,27.639999389648438,27.920000076293945,4459829
2026-07-21,27.780000686645508,28.1200008392334,27.260000228881836,27.940000534057617,6153862
2026-07-22,27.479999542236328,27.600000381469727,27.15999984741211,27.5,5781986
2026-07-23,27.139999389648438,27.559999465942383,26.739999771118164,27.559999465942383,5161310
2026-07-24,26.84000015258789,27.260000228881836,26.399999618530273,27.139999389648438,3911492
2026-07-27,27.299999237060547,27.299999237060547,26.899999618530273,26.899999618530273,2640975
2026-07-28,27.18000030517578,27.540000915527344,26.920000076293945,27.31999969482422,3039754
2026-07-29,27.0,27.399999618530273,26.139999389648438,27.100000381469727,6946221
2026-07-30,26.8799991607666,27.1200008392334,26.520000457763672,27.0,3751200
2026-08-03,27.280000686645508,27.600000381469727,26.84000015258789,27.360000610351562,4375025
2026-08-04,28.0,28.0,27.0,27.280000686645508,6939441
2026-08-05,28.31999969482422,28.31999969482422,27.799999237060547,28.0,7646417
2026-08-06,28.219999313354492,28.700000762939453,27.860000610351562,28.5,11317202
2026-08-07,28.600000381469727,28.600000381469727,27.600000381469727,28.219999313354492,9790806
