Price,Close,High,Low,Open,Volume
2021-08-10,31.079763412475586,31.306620972790263,30.569328493013703,30.928523836987168,11244970
2021-08-11,30.966331481933594,31.306621433246484,30.81509190422075,31.041953073707997,8884017
2021-08-12,31.38224220275879,31.646910555362567,30.94742887895662,31.098668452706764,11051290
2021-08-13,31.287715911865234,31.66581665757363,31.212097926225127,31.382242901210308,6928491
2021-08-16,31.249908447265625,31.66581637922012,31.249908447265625,31.344431829943854,6636986
2021-08-17,32.043914794921875,32.516538885668005,31.231000781904825,31.24990617823495,17465048
2021-08-18,31.231002807617188,32.15734565286398,31.231002807617188,32.100629460194874,8574578
2021-08-19,31.15538215637207,31.28771633741914,30.890713794277925,31.155382156372067,7329571
2021-08-20,30.9852352142334,31.193190974598163,30.90961723235988,31.060856801942684,4685341
2021-08-23,30.947429656982422,31.268814210010635,30.90961886113535,31.193192618316488,4849789
2021-08-24,30.928524017333984,31.17428697674727,30.833997028455087,31.023047400376957,5852169
2021-08-25,30.229040145874023,30.947430871825055,30.172325752795064,30.85290387849671,8831863
2021-08-26,30.05889320373535,30.512611924618483,29.832033843293786,30.1723237854151,10100083
2021-08-27,30.380277633666992,30.41808842839006,29.96436970922078,30.134512876720816,6720273
2021-08-31,30.361373901367188,30.531518881116146,30.210134320016564,30.47480629175719,9622802
2021-09-01,30.455900192260742,30.626045168092944,30.21013362457602,30.399183998371353,6305940
2021-09-02,30.39918327331543,30.77728401188795,30.39918327331543,30.512612052552836,5714005
2021-09-03,30.266849517822266,30.55042327278052,30.247944120046924,30.418089094189064,3837845
2021-09-06,30.247943878173828,30.39918345333126,30.247943878173828,30.304660071046328,3044156
2021-09-07,30.266849517822266,30.493707079454495,30.153418934088183,30.247944120046924,5995854
2021-09-08,30.19122886657715,30.380277430172423,30.03998929453376,30.266848652598842,7066062
2021-09-09,30.361373901367188,30.45590089335886,30.039991143185627,30.11561093386094,5833746
2021-09-10,30.436994552612305,30.644946716883556,30.34246756354725,30.399183756986282,6157083
2021-09-13,30.51261329650879,30.682758275219406,30.342468317798172,30.455900707495935,3989679
2021-09-14,30.266849517822266,30.644946655821293,30.191229729638867,30.56932867055586,5256740
2021-09-15,30.07779884338379,30.47480498100102,30.07779884338379,30.26684921339981,4095501
2021-09-16,30.153419494628906,30.247944682344833,29.945465523988265,30.172324892755693,4677500
2021-09-17,30.153419494628906,30.323566274851974,30.077799705039766,30.191230290882476,6227299
2021-09-20,29.964370727539062,30.03999051663716,29.718605962240744,29.888750938440964,8206434
2021-09-21,30.03999137878418,30.19123096132095,29.907655391875977,30.09670577150596,4963191
2021-09-22,30.19122886657715,30.24794325536394,30.00217850006396,30.096703683320552,4325481
2021-09-23,30.115610122680664,30.285755097846675,29.96437054540376,30.191229911319116,6092306
2021-09-24,30.115610122680664,30.361373083567152,30.002179538264,30.021084936153105,8910318
2021-09-27,30.73947525024414,30.833998638221946,30.210134902394536,30.210134902394536,9722286
2021-09-28,30.72056770324707,30.928523469259606,30.5315173346753,30.682756908365544,6881175
2021-09-29,30.871809005737305,31.26881516255368,30.72056942357775,30.815092810238948,13884061
2021-09-30,30.852901458740234,30.985235633185006,30.62604390421657,30.871806855923175,7181793
2021-10-01,30.871809005737305,31.231004365554774,30.739474822077202,30.739474822077202,5503926
2021-10-04,31.04195213317871,31.363336676810484,30.79618917903011,30.909617957419016,6416968
2021-10-05,30.701663970947266,31.117571919693727,30.663853174015028,31.09867012706367,5166660
2021-10-06,30.247943878173828,30.73947339889446,30.13451329534678,30.701662603646128,7214587
2021-10-07,30.323566436767578,30.418089822070225,30.210134047401187,30.38027902561476,5292854
2021-10-08,30.229040145874023,30.474806722691625,30.229040145874023,30.285756341871032,3546159
2021-10-11,30.266849517822266,30.455899889739744,30.115609941455467,30.266849517822266,5013794
2021-10-12,30.380277633666992,30.55042260408495,30.15341827408235,30.15341827408235,6822463
2021-10-13,30.966331481933594,31.287716035302886,30.45590016080022,30.45590016080022,11621955
2021-10-14,31.193193435668945,31.40114921244094,30.833998077381693,30.909619671057346,4613557
2021-10-15,30.701663970947266,31.24990970895657,30.531518990588246,31.19319351355821,6484484
2021-10-18,30.909618377685547,31.193192130431378,30.644946416731656,30.68275721198734,4637025
2021-10-19,30.966331481933594,31.0986692675388,30.833997302164352,31.004142277820797,4262670
2021-10-20,31.079763412475586,31.42005335878351,30.909618439321626,30.94742923465271,7216656
2021-10-21,31.722532272338867,31.722532272338867,30.871807412936153,31.0041415897686,10911427
2021-10-22,31.741437911987305,32.0061062676711,31.193192197115554,31.49567134813586,8119799
2021-10-25,31.36333656311035,31.703626502879274,31.249907785132656,31.438954546483533,6326722
2021-10-26,31.722532272338867,31.779244859075124,31.438954915314042,31.438954915314042,8361820
2021-10-27,31.609098434448242,32.02500994919033,31.51457505700816,31.7225308143792,6825981
2021-10-28,31.835960388183594,31.854865785313653,31.55238664290435,31.609099228458714,2223494
2021-11-01,32.006107330322266,32.23296489820156,31.703628169259193,31.930485737138483,5022774
2021-11-02,32.49763870239258,32.800117880524944,32.0628217287206,32.0628217287206,7484272
2021-11-03,32.61106491088867,32.932449462939566,31.344432100551153,32.53544331942449,9374412
2021-11-04,33.14040756225586,33.36726514091677,32.894640978564304,32.970262575342076,8137410
2021-11-05,33.70755386352539,33.83988804713807,33.140406332089334,33.1971189217313,7019622
2021-11-08,34.50156021118164,34.5393710055808,33.76426774957728,33.76426774957728,6802967
2021-11-09,34.407039642333984,34.8418529959443,34.25580005821578,34.501563030219316,6520203
2021-11-10,34.21799087524414,34.482659258479885,33.764272101481595,34.42594305957096,6265012
2021-11-11,34.44484329223633,34.69060984480532,34.06674617373627,34.08565157053663,5017975
2021-11-12,34.99309158325195,35.25775994646045,34.444845852793186,34.444845852793186,6906120
2021-11-15,37.28059005737305,37.43182963466283,35.598049309294716,35.787099682365934,9442062
2021-11-16,36.864681243896484,37.67759530466999,36.278628346576276,37.337305362407974,6922061
2021-11-17,37.507450103759766,37.809929249287194,36.732346842616245,37.110443971607616,5275701
2021-11-18,38.73627471923828,39.208898867016934,37.62088144201377,37.62088144201377,8936621
2021-11-19,38.811893463134766,39.605902117320184,38.37707653867822,39.171085192863636,4850547
2021-11-22,39.757144927978516,39.984002501462804,38.9253254115852,38.9253254115852,5215374
2021-11-23,41.231727600097656,42.57398198833313,39.60590306424538,39.738237242134254,12584831
2021-11-24,40.778011322021484,42.97098710229767,40.645677136186286,42.12026579085591,9356331
2021-11-25,41.66654586791992,41.779974651762565,40.79691557623026,40.79691557623026,4867670
2021-11-26,40.49443435668945,42.47945419927943,39.90838146315536,41.64763835227486,8150514
2021-11-29,41.5531120300293,41.5531120300293,40.32429003135892,40.66457997686307,5347439
2021-11-30,41.13720703125,42.158073334671855,40.94815664740561,41.32625741509439,6158515
2021-12-01,43.65156555175781,44.067473493930734,41.49640064238793,41.53420783288656,8291070
2021-12-02,43.72718048095703,44.23761537827424,43.235654586320926,43.764991274647734,4246134
2021-12-03,43.783897399902344,44.653527640077286,43.783897399902344,43.95404236850536,4034510
2021-12-06,44.99381637573242,44.99381637573242,43.84061593404457,43.84061593404457,3843283
2021-12-07,45.86344528198242,46.52511977467675,44.86148084414038,45.39082115946302,4780190
2021-12-08,46.48731231689453,47.73503980145579,45.59878020086944,46.33607273106396,5630575
2021-12-09,48.39671325683594,49.152911169038546,46.56292926317903,46.56292926317903,5547311
2021-12-10,47.01665115356445,48.11313901692482,46.35497663471133,47.82956164753345,5523621
2021-12-13,48.25492477416992,49.38922345017367,47.309676478472824,47.309676478472824,5945798
2021-12-14,49.861846923828125,50.8543568997229,48.63302487720431,49.01112202686915,5741568
2021-12-15,49.247432708740234,51.37424128532215,48.63302350567369,50.71257039060986,6962361
2021-12-16,52.03591537475586,52.03591537475586,49.15290893711168,50.14541887717464,7706847
2021-12-17,46.84650421142578,56.33679382873429,46.84650421142578,53.59557608810664,8812299
2021-12-20,50.57078170776367,51.18519451664097,44.44557344015915,44.44557344015915,8340156
2021-12-21,45.52315902709961,50.38173482351823,45.52315902709961,50.38173482351823,6245203
2021-12-22,44.426666259765625,46.203733919790274,42.74412558507174,43.95404215061918,8108235
2021-12-23,46.2037353515625,46.48730910467066,43.57594277130928,45.466439266478204,6722531
2021-12-24,49.43648147583008,49.53100846188797,46.39278464148235,46.61964219634965,5334124
2021-12-27,48.113136291503906,50.94888097809543,47.73503555762404,49.814582382291654,8544744
2021-12-28,46.827598571777344,48.68028425269281,46.14701868661008,48.44397219321372,4851785
2021-12-29,47.45146560668945,47.73503937686997,45.73111398098004,46.50621730219698,4179596
2021-12-30,46.12811279296875,48.207659615183026,46.12811279296875,47.640512120868145,3529887
2021-12-31,45.75001525878906,46.54402390727502,45.693299067527285,46.222639368463184,3330702
2022-01-03,47.111175537109375,47.167891733355894,46.03359304927833,46.03359304927833,4099307
2022-01-04,47.97134780883789,49.15290809969596,47.03555047191052,47.54598538296181,4622299
2022-01-05,48.86933517456055,48.91659686582411,47.545986184165244,48.3494493589895,3343541
2022-01-06,48.58576202392578,49.436483294732234,47.92408752051902,48.16039958560458,4137837
2022-01-07,48.86933517456055,49.5310096697582,47.49872449290167,48.680284803670375,3984943
2022-01-10,49.578269958496094,50.476256490444236,49.011118861869775,49.200169227411884,4020624
2022-01-11,48.63302230834961,50.2872067160769,48.113136501373916,50.00363296734797,4039714
2022-01-12,48.72754669189453,49.72005663578486,48.396711245876396,49.05838574374859,3725395
2022-01-13,51.23245620727539,51.23245620727539,48.396711438671616,48.58576181107906,7819444
2022-01-14,50.80709457397461,52.55580243325608,49.81458461044091,51.42150739255242,10268008
2022-01-17,51.374244689941406,52.272231314064705,51.04340922066048,51.46877168533322,5387632
2022-01-18,49.105648040771484,52.22496659110947,49.105648040771484,51.37424171109185,6997404
2022-01-19,50.665306091308594,51.13793022874929,48.727547848968925,49.247433678986496,7829163
2022-01-20,49.72005844116211,51.37424294298946,48.822075453410385,51.18519617030661,7321588
2022-01-21,49.247432708740234,50.28720795412629,48.86933556973835,49.57827176193232,5853381
2022-01-24,46.46840286254883,49.43648172909142,46.46840286254883,49.15290798113665,7920509
2022-01-25,47.45146560668945,48.20766352911621,45.6554923858193,46.92212525807266,6028078
2022-01-26,47.92408752441406,48.06587259997535,47.16788963724599,47.82956053487058,4172331
2022-01-27,48.63302230834961,49.05838473436094,46.12811304859965,47.22460085463117,7132314
2022-01-28,48.63302230834961,49.72005561278318,48.396710250102856,48.68028399883179,5277509
2022-01-31,48.63302230834961,49.247431496289664,48.49123363106722,49.05838473436094,3391673
2022-02-01,49.15291213989258,50.098160450275124,48.82207667359314,48.82207667359314,4283234
2022-02-02,48.63302230834961,49.531008850854455,48.065871205055885,49.483743554536424,3832181
2022-02-03,48.91659927368164,49.38922342125344,48.302186439503856,48.302186439503856,3712806
2022-02-04,49.15291213989258,50.19268383897892,48.86933836794504,49.05838875118878,5111217
2022-02-07,50.901615142822266,50.901615142822266,49.058384000730356,49.15290738028119,6727929
2022-02-08,50.57078170776367,51.23245620828478,50.23994626042109,50.90161715510626,4694974
2022-02-09,51.04340362548828,51.56328942272888,50.712568192472204,50.901614950860946,5049934
2022-02-10,50.85435485839844,51.61055273320993,50.85435485839844,51.13792861072326,5236916
2022-02-11,53.17021560668945,53.453789368757924,50.61804453640116,50.712571527647995,8381542
2022-02-14,51.1379280090332,53.075689773097515,50.75983087899411,52.50853866928509,8130160
2022-02-15,52.933902740478516,53.217476498278174,51.27971827983856,51.27971827983856,5233777
2022-02-16,52.31949234008789,53.12295556438558,52.31949234008789,53.075693870211865,4021240
2022-02-17,51.988651275634766,53.83188599657442,51.65781584621502,52.461275378140535,6178060
2022-02-18,52.22496795654297,52.650330407672975,51.56329343321141,52.50854172201762,2779822
2022-02-21,52.31949234008789,53.406529335264004,51.65782140998361,52.508542722618884,4274711
2022-02-22,51.9413948059082,52.319491962404655,50.75983443091409,51.5160323497431,3785729
2022-02-23,52.177703857421875,52.603066288938955,51.70507973481087,52.177703857421875,3266405
2022-02-24,50.476261138916016,50.94888529337839,47.404204134910586,48.68028790962454,8157887
2022-02-25,52.508541107177734,53.12295393004183,50.665306244421465,51.23245737456587,5148529
2022-02-28,52.31949234008789,53.02842857020202,51.752344798331045,51.894133486688325,4198428
2022-03-01,52.2722282409668,53.40652687812966,51.84686580130123,52.98116443846409,2937869
2022-03-02,51.752342224121094,53.028425932518466,51.752342224121094,52.224966354021745,3007327
2022-03-03,52.36675262451172,52.98116180159536,51.65781646229813,51.98865189566349,3818008
2022-03-04,51.56329345703125,52.36675666638933,51.23245799813068,52.13044459407861,2824877
2022-03-07,51.46876907348633,51.61055415062473,50.66530587969141,51.04340663039913,4099424
2022-03-08,51.61055374145508,51.84686580731492,50.90161754387555,51.043406225725846,3567266
2022-03-09,51.752342224121094,52.224966354021745,51.61055354281652,51.89413090542567,3356964
2022-03-10,51.89413070678711,53.40652647434571,51.46876827033752,52.08317747335498,4799857
2022-03-11,51.89413070678711,52.4612782181626,51.705080334383304,51.8468654093092,4120376
2022-03-14,54.30451583862305,54.96619037323186,52.08318015856748,52.17770715256081,6808063
2022-03-15,53.926414489746094,56.14775014572182,53.69010241607864,54.25725355638218,6815166
2022-03-16,53.45378875732422,54.5408257062946,53.122953306334615,53.926412890644215,3090714
2022-03-17,54.068199157714844,54.63534665002962,53.642836735560856,53.690098425614444,4343146
2022-03-18,52.933902740478516,54.39903682730671,52.933902740478516,54.02093968551915,2860896
2022-03-21,54.49356460571289,54.49356460571289,53.40652764494162,53.40652764494162,3711654
2022-03-22,55.67512130737305,55.67512130737305,54.16272199982978,54.54082272817454,3726479
2022-03-23,54.351776123046875,56.242272683848505,54.162725745799506,55.91143722804263,4686935
2022-03-24,54.777137756347656,54.91892283279908,54.16272494088354,54.63534907406025,3323892
2022-03-25,54.63534927368164,55.29702378371379,54.49356419671217,54.82439964881025,4372157
2022-03-28,54.80228805541992,55.34293768088455,54.45823931644698,55.34293768088455,3893082
2022-03-29,56.0801887512207,56.276789639669914,54.94974020487536,55.048038774174934,3598685
2022-03-30,56.8665885925293,57.21064108500397,56.27678967664423,56.52253984990468,4674242
2022-03-31,59.47154235839844,59.47154235839844,56.86658900309054,57.11233917812524,5661590
2022-04-01,58.58684158325195,59.618995342148054,58.390244438557616,59.47154373377713,4424563
2022-04-04,59.91389465332031,60.012193225412,58.48854285888994,58.63599446687763,4685599
2022-04-05,61.240943908691406,61.58499640949285,59.37324479661985,60.20879390598737,5119409
2022-04-06,61.97819137573242,62.32224385948849,61.04433999103733,61.33924319135681,5445891
2022-04-07,61.4866943359375,62.81374755892474,61.4866943359375,62.174795590466054,3035564
2022-04-08,61.92904281616211,62.420543155972915,61.584994078234544,61.634143362245624,3371499
2022-04-11,62.223941802978516,62.912043023518244,61.535840582438794,62.07649395205213,5397991
2022-04-12,63.354393005371094,63.944199433419136,61.58499622032776,62.22394443439617,5848186
2022-04-13,62.86289596557617,63.74759435200771,62.46969418281764,63.64929578124313,4850088
2022-04-14,63.15779495239258,63.747593872241424,63.01034334750533,63.01034334750533,2250744
2022-04-15,63.2560920715332,63.74759241008389,62.96119636822279,63.30524510526826,1909287
2022-04-18,63.550994873046875,63.69844647362052,63.20694613817499,63.45269630589776,2630247
2022-04-19,67.92534637451172,68.7117499286546,63.89504503385475,63.89504503385475,12626865
2022-04-20,67.53214263916016,68.26939313740296,66.25424627535925,67.87619887143337,4564019
2022-04-21,70.28455352783203,71.70990161348128,67.82705165622951,67.82705165622951,7047067
2022-04-22,68.07279968261719,70.92350326312894,67.3355491445383,70.13709968929801,4747133
2022-04-25,67.08979797363281,68.61345206302396,65.76274852464385,68.07279867654319,5473823
2022-04-26,66.2542495727539,68.02364635677743,64.73059546734173,67.18809725045797,5913591
2022-04-27,67.23725128173828,67.23725128173828,65.61529858092149,66.10679894482352,3671217
2022-04-28,65.95934295654297,67.48299698336105,65.4186970919655,67.13894825141176,3011444
2022-04-29,66.20509338378906,67.0406424503104,65.71359305057652,66.15594785028776,3623496
2022-05-05,66.69659423828125,67.72874794597453,66.64744870439584,66.84404583933743,2622020
2022-05-06,66.84404754638672,67.18809629117074,65.51699810239113,66.15595005681868,4047648
2022-05-09,68.22025299072266,68.61345478743961,66.45084865534666,66.7457518778095,3536630
2022-05-10,69.64559936523438,69.69475240101087,68.4660015036013,68.4660015036013,697167
2022-05-11,69.35070037841797,69.69474911352388,68.41684524061627,69.30154734496,4799236
2022-05-12,69.94049835205078,70.33370011538983,67.82704543634077,68.22024719967982,6605978
2022-05-13,69.05580139160156,70.82520570827721,69.05580139160156,70.57945552538895,3030626
2022-05-16,68.9083480834961,69.49814700795065,68.36770219428784,69.0557996895348,2524335
2022-05-17,69.39984893798828,70.4811482239083,68.76089697367637,68.90834858077916,2964905
2022-05-18,68.71175384521484,69.49814994448208,68.51514919562264,69.25239975726721,2442107
2022-05-20,68.22025299072266,68.90835051020194,68.02364834251395,68.41685013923089,3360555
2022-05-23,68.07279968261719,68.56430004133645,67.04064592942663,68.5151470055844,2859538
2022-05-24,66.5,68.56430000560503,66.30339535679458,68.31854982637348,3549416
2022-05-25,73.13525390625,73.13525390625,71.36584963847532,73.13525390625,7336481
2022-05-26,79.86880493164062,80.36030526968149,75.10125315258423,75.1995517202524,22478872
2022-05-27,77.46045684814453,80.45860443255302,77.46045684814453,79.81965248843316,9455012
2022-05-30,77.16555786132812,78.44346181942137,76.87065464032185,77.80450984037475,6827158
2022-05-31,76.52660369873047,77.41130583680544,75.74020763131958,77.26385423050957,4655855
2022-06-01,76.33000183105469,77.46045407640072,75.88764703955418,76.57575199309949,4192550
2022-06-02,82.27715301513672,82.27715301513672,76.47745506640683,76.47745506640683,11774927
2022-06-03,81.14671325683594,82.8669645342396,80.2620110999454,82.42460970594414,8550813
2022-06-06,81.0975570678711,82.96525988210148,80.70435529123837,81.29415420633741,6236220
2022-06-07,79.72135162353516,81.09755404052648,79.42645592684404,80.90095690939907,3913974
2022-06-08,77.65705871582031,81.19585989153785,76.87065512134953,79.96710896249006,4250341
2022-06-09,77.90280151367188,78.44345487105993,76.37914750626905,78.05025311111405,4218534
2022-06-10,77.11640167236328,78.59090271772166,76.47745721913476,77.11640167236328,3940200
2022-06-13,77.36215209960938,79.2790079646646,75.88765104942851,76.52660300444691,4734343
2022-06-14,77.01810455322266,77.90280669704079,76.23170848070677,77.55875794658381,2721724
2022-06-15,77.90280151367188,79.72135121625928,77.06725246109926,77.06725246109926,4851243
2022-06-16,76.6249008178711,78.24685345699379,75.93680333446152,77.902804715289,4058624
2022-06-17,76.18255615234375,76.87065365964607,75.8876529350997,76.67405651461694,3211392
2022-06-20,75.2978515625,76.67405403224963,74.16739926593065,76.47745689358544,3858532
2022-06-21,75.39614868164062,76.47745542259581,75.19955154675785,75.29785011419924,2873748
2022-06-22,74.31484985351562,75.34700356663807,74.16739825168385,74.70805162516703,2916940
2022-06-23,72.8895034790039,74.95380345116143,72.05395438309492,74.31485149557214,4099892
2022-06-24,73.92164611816406,74.75720267311456,72.74204833424541,73.03695153007499,4320399
2022-06-27,71.85734558105469,71.85734558105469,71.85734558105469,71.85734558105469,32711
2022-06-28,76.33000183105469,79.27900377559227,75.00295245595272,77.95195440049032,10606765
2022-06-29,71.90650177001953,76.42830343128752,71.56245302943285,76.37915039704654,5524775
2022-06-30,71.26754760742188,71.95564506719981,69.89134518816618,71.75904793574892,5373785
2022-07-01,71.75904846191406,72.64375055932969,70.57945066515981,70.77604779805223,2399973
2022-07-04,69.25239562988281,72.59459947675248,69.25239562988281,71.80820342435379,2683625
2022-07-05,68.51514434814453,69.84220126497532,68.36770024600779,69.20324932348272,2747087
2022-07-06,69.4489974975586,70.13709495342295,68.46599684649534,68.5642954116617,2970142
2022-07-07,70.03880310058594,70.48115043607785,69.00664931817079,69.79305291426809,2131963
2022-07-08,69.84220123291016,70.23539550469431,69.64559659731808,70.03879836880223,560433
2022-07-13,66.0576400756836,69.79304551138404,65.6644458190412,69.79304551138404,4577340
2022-07-14,64.4848403930664,66.9914950214092,64.18994470130235,66.6474462978346,6171129
2022-07-18,64.92720031738281,65.46784621157667,64.28824835178982,65.1729504964801,5397534
2022-07-19,64.82889556884766,65.32039593707152,64.28824966362167,64.77975003184554,5275381
2022-07-20,65.46784210205078,66.2050925930642,64.18994575078077,64.9763417747085,6440335
2022-07-21,64.7305908203125,66.54914050932422,64.7305908203125,65.66444593067509,5019775
2022-07-22,65.61529541015625,66.30339288648761,64.82889186603467,64.87804489992978,4502931
2022-07-25,65.91020202636719,66.50000096514287,65.71359738030836,65.71359738030836,3077437
2022-07-26,65.1729507446289,66.20509700094728,64.28824859657009,65.95934682091429,3131768
2022-07-27,62.66629409790039,64.2390937047312,62.66629409790039,63.99334353179826,8030702
2022-07-28,62.7154426574707,64.28824599596857,62.223942317287,64.28824599596857,4025332
2022-07-29,63.79674530029297,63.79674530029297,61.732441633114234,62.46969213928164,4726457
2022-08-01,64.33739471435547,64.82889507886453,63.305248448706685,63.796748813215736,4080912
2022-08-02,63.79674530029297,65.3203918465523,63.30524496284803,64.3865442052869,4699174
2022-08-03,64.87804412841797,65.17294732888165,63.79674489288432,63.84589042649498,4739989
2022-08-04,65.86104583740234,66.74574795306866,65.41869852941922,65.41869852941922,6285560
2022-08-05,65.95934295654297,66.49999632082032,65.36954405895851,65.95934295654297,3666572
2022-08-08,67.04064178466797,67.38469801426056,65.91019702926317,66.45084289060898,5566689
2022-08-09,66.99150085449219,67.77789693403577,66.35254888381904,67.63045282516534,3629115
2022-08-10,68.51514434814453,68.56429738199012,65.86104551388298,66.49999745537558,4668490
2022-08-11,68.85919952392578,70.08795035411931,68.46599775832387,69.3015468229155,5944208
2022-08-12,67.53214263916016,69.20324826833043,66.8440451740135,69.10494970183804,3205938
2022-08-15,66.54914093017578,67.77789174129202,66.30339076795254,67.53214157906878,2474397
2022-08-16,67.23725128173828,67.38470289084897,64.48484624400675,66.4017021630449,3815227
2022-08-17,67.3355484008789,68.12195196602474,66.84404804758782,67.23724983016074,3431407
2022-08-18,69.30155181884766,69.4490034290406,66.10679943003552,67.33555034880942,7222668
2022-08-19,69.89134979248047,71.07095515799553,68.66259889071499,69.5473010399262,7105582
2022-08-22,72.053955078125,73.08610132430972,69.79305044413898,69.89134901524702,7481994
2022-08-23,71.90650177001953,73.23355119782535,71.41500142640996,72.10309890758333,6059507
2022-08-24,70.08795166015625,72.79120353695512,70.03879862615263,72.25055016171534,6644263
2022-08-25,70.23539733886719,71.46414821953107,69.89134859222135,70.23539733886719,4414612
2022-08-26,70.48114776611328,70.48114776611328,69.00664670406321,70.43200223053175,4857905
2022-08-29,70.23539733886719,70.48114751499996,69.2523966343361,70.28455037397383,3129039
2022-08-31,69.05580139160156,70.18625373282765,69.05580139160156,70.18625373282765,2709149
2022-09-01,68.1219482421875,69.64559475428071,67.6795934485864,68.46599697074404,3350291
2022-09-02,68.85919952392578,69.44899842247871,68.22024759228516,68.22024759228516,3380646
2022-09-05,70.77604675292969,72.15224916195439,69.00664258422653,69.00664258422653,7856915
2022-09-06,70.92350006103516,72.4962996379871,69.39984601791613,72.15225090235697,7846413
2022-09-07,71.46414947509766,72.0539559079389,70.28455160881585,71.02180215016706,6252481
2022-09-08,72.00479888916016,73.67589702390916,70.77604805487414,72.25054905601735,7771277
2022-09-09,72.25054931640625,74.16739762492072,71.80820201434905,72.15225074924908,6979979
2022-09-12,74.85550689697266,75.19955565164797,72.79120686922043,73.03695705108856,9040085
2022-09-13,69.69474792480469,75.69105041910555,69.69474792480469,75.54359882094654,7493647
2022-09-14,70.67774963378906,70.82520123414737,67.82704619242818,69.64559593098083,5184346
2022-09-15,69.69474792480469,72.54545132364602,69.69474792480469,71.02179730883606,4070121
2022-09-16,71.02179718017578,72.39799959433368,69.64559476601788,69.69474779854845,3347398
2022-09-19,68.4168472290039,72.74205180950936,68.4168472290039,71.75905110938085,3680489
2022-09-20,70.38285064697266,71.12010119320428,68.56430079954139,68.56430079954139,5986338
2022-09-21,70.18624877929688,70.72689464367367,69.30154668339861,70.18624877929688,2751909
2022-09-22,69.89134979248047,70.77605194169168,69.74389818432854,69.7930512202793,3145931
2022-09-23,70.48114776611328,71.75905168643676,69.79305027037,69.94050187651506,5306933
2022-09-26,68.9083480834961,71.21839824576824,66.79489506280872,70.28455057369021,4598883
2022-09-27,68.9574966430664,69.98964281894554,68.66259345012966,69.15409377189108,2320189
2022-09-28,68.46600341796875,69.0066493281257,67.87620447066094,69.0066493281257,3374359
2022-09-29,67.53214263916016,68.9574981022495,65.86104450968978,68.81004650266097,2757584
2022-09-30,66.0576400756836,67.5321410371917,66.0576400756836,67.08979374861916,2669976
2022-10-03,68.81005096435547,68.90834953722161,66.10679896218436,66.15595199846761,3626204
2022-10-04,69.05580139160156,69.49814872092027,67.97450208683328,68.95750281838633,4079490
2022-10-05,69.35070037841797,70.92349995297353,68.85920004263811,69.30154734496,6057457
2022-10-06,69.84220123291016,70.87434744589356,69.49814499554903,69.98964533497922,3838482
2022-10-07,70.23539733886719,71.365849649018,69.89134859222135,70.33370340908046,4193216
2022-10-10,70.87435150146484,71.56245651586184,69.84220522941997,70.38285113391002,4618556
2022-10-11,71.8082046508789,72.59460071670968,70.87434947934831,71.1692526913475,7439832
2022-10-12,69.39984893798828,72.1522539382395,69.39984893798828,71.80820518813316,4171772
2022-10-13,69.4489974975586,70.13709495342295,68.95749717202696,69.49814303029189,3439613
2022-10-14,70.72689819335938,71.16925301335962,70.08795373063722,70.77605122881505,2869213
2022-10-17,71.75904846191406,73.08609785818757,70.87434636449844,71.26754812998314,8623247
2022-10-18,71.90650177001953,72.59459925119289,70.87434804855941,72.34884907938812,5446782
2022-10-19,71.12010192871094,72.49630446251574,71.07095639160747,72.15225570398965,4097115
2022-10-20,70.57945251464844,71.80820337667434,70.4320009112653,71.21839696314184,7926095
2022-10-21,72.00479888916016,72.39800065607166,70.38284628796264,70.62859645481984,5814934
2022-10-24,70.87435150146484,71.70990062636794,70.43200417054568,70.87435150146484,5490228
2022-10-25,70.77604675292969,71.4149986749447,70.23539339590934,70.87434531792435,3078655
2022-10-26,70.87435150146484,71.12010168524225,70.38285113391002,70.77605292789396,3254327
2022-10-27,74.51145935058594,74.65890346233749,70.53030333988308,71.07095674864043,10388150
2022-10-28,72.39800262451172,74.1182538392843,72.29970405503617,74.1182538392843,3436508
2022-10-31,77.31300354003906,77.41130210626577,72.49629879793143,72.88950056253816,9191053
2022-11-01,76.23170471191406,78.34515014582111,76.03510007872976,77.31300394547812,6898901
2022-11-02,75.93680572509766,77.46045984308654,75.64190250880938,76.13340286948961,4661496
2022-11-03,78.4434585571289,79.81965353205737,75.88765074723287,75.9859568166136,8370039
2022-11-04,79.67221069335938,80.70435694095629,78.54175837481968,78.93496015949003,6737668
2022-11-07,79.22985076904297,80.36030301475625,79.08239917182823,79.77050412559707,4335398
2022-11-08,77.85365295410156,80.26200918482138,77.70620884788829,79.22985544312714,5473250
2022-11-09,77.60790252685547,79.27900822231143,77.50960395646399,77.85365270268427,4090252
2022-11-10,78.9841079711914,79.32815673030416,77.01810649088944,77.65705847192767,4215039
2022-11-11,77.65705871582031,80.01626199953218,77.01810673277537,79.62306020229678,4245497
2022-11-14,80.3111572265625,81.44160957424322,77.65705823609512,77.65705823609512,6075267
2022-11-15,83.06356048583984,83.84996405836696,79.91796119513194,80.70435726795877,11296747
2022-11-16,84.14485931396484,85.22615859551189,82.12971235737722,83.94826217175637,10015270
2022-11-17,80.80265045166016,84.63635448762209,80.55690028909464,84.19400719488408,4691231
2022-11-18,81.98226165771484,82.47376201837297,80.7043577201236,80.7043577201236,2482502
2022-11-21,87.29046630859375,87.33961184442039,82.71951149350146,83.75165774226407,8885076
2022-11-22,86.9464111328125,89.15816276422639,85.37361147263603,87.33961292278171,7000043
2022-11-23,88.8141098022461,89.15815853977998,85.86510776675568,87.48706038621542,6076768
2022-11-24,89.84626770019531,90.87841396088132,87.58536303444441,89.20731572946568,5806950
2022-11-25,90.3377685546875,91.46822089372398,88.42091263205162,90.38691409134972,4719597
2022-11-28,90.68181610107422,93.09016485672399,90.14116270709556,90.82926770849569,4901677
2022-11-29,90.14115905761719,91.61566007273437,88.6666580425,90.87840956517577,3033203
2022-11-30,90.43606567382812,94.36806852921195,89.40391192440975,89.94456531690514,8928593
2022-12-01,91.36991119384766,93.23761400597792,89.94456319231935,91.51736279738164,4981436
2022-12-02,89.55136108398438,91.41906388918736,88.66665896576191,91.22246675167128,5152401
2022-12-05,91.32076263427734,91.91056152917702,88.47005922594579,89.94456021304488,4258824
2022-12-06,91.36991119384766,93.3850656095119,91.12416102119104,91.91056457357223,3512564
2022-12-07,88.61751556396484,92.40206679998148,87.29046610454346,91.36991305393138,3752059
2022-12-08,87.63451385498047,89.35476507899978,84.88210889666952,88.91241026443186,3666441
2022-12-09,89.69881439208984,90.33776635071327,87.33961119854963,87.88026458654642,5316341
2022-12-12,92.5003662109375,92.89356799870276,90.04286441203001,90.04286441203001,4751204
2022-12-13,94.31891632080078,95.59682025988765,92.79526970079759,93.38506863433754,5605902
2022-12-14,90.23946380615234,95.49851584993303,89.60051187566687,94.26976502196092,3850979
2022-12-15,92.5003662109375,93.87656871826576,89.30561387235778,92.40206763892127,3449295
2022-12-16,93.23761749267578,94.66297304720652,92.3529153380878,92.94272177428003,1172450
2022-12-19,103.6082763671875,104.68957564859443,99.97116923920022,100.16777388108345,8036807
2022-12-20,107.04877471923828,107.04877471923828,101.15077068511717,102.92016739553353,4748955
2022-12-21,105.57427978515625,107.73687838888388,103.90317404618456,106.95048230557401,3343201
2022-12-22,104.00148010253906,106.95048228881483,103.01847937378047,105.77087691448429,3104242
2022-12-23,102.23207092285156,103.9031690822874,100.65927133167078,103.41166874131216,2235093
2022-12-26,106.16407775878906,106.16407775878906,102.33037345089272,102.42867202295155,3414542
2022-12-27,106.0657730102539,108.22837146841557,105.37766804651164,107.93347576941164,4194010
2022-12-28,103.50997924804688,106.95048178241139,101.64227637230893,106.06577963077758,4062426
2022-12-29,113.83148193359375,113.83148193359375,102.72357123120109,102.72357123120109,8261312
2022-12-30,110.29267883300781,120.81079113685568,109.40798417635457,115.60088427142912,12561064
2023-01-02,114.71617889404297,119.43458526231062,111.47228107809661,112.06207999920503,6562123
2023-01-03,116.8787841796875,119.9260848354011,113.2416771069905,114.61787958045151,7173868
2023-01-04,121.89208984375,127.29859382875505,115.20768191695454,116.97708622101815,10917047
2023-01-05,117.27198791503906,128.37989895801468,116.19068113232265,121.89208826051727,11152192
2023-01-06,112.94678497314453,117.27198966962159,108.03178134071614,113.63488248180435,14626424
2023-01-09,105.27937316894531,118.54988258098969,103.50997641382615,117.96008366261663,12353654
2023-01-10,100.26606750488281,107.73687103471842,100.06947037240025,105.27936938018698,10706539
2023-01-11,92.94271850585938,102.72357239952237,92.7952669019966,100.95416815256921,10813518
2023-01-12,98.8898696899414,99.47966861459311,86.35661066736697,94.85956828850458,23729201
2023-01-13,94.51551818847656,98.69327113622779,94.26976801507944,98.69327113622779,13912246
2023-01-16,102.82186889648438,103.21507066562675,94.22061300768215,95.2527667142184,13775290
2023-01-17,113.04508209228516,113.04508209228516,100.46266995517679,102.4286713828687,22759703
2023-01-18,112.35697937011719,118.35328194592914,111.17737406850996,115.20767530800981,16264759
2023-01-19,117.6651840209961,121.69549300142131,114.5195846945036,114.5195846945036,20347639
2023-01-20,116.0923843383789,120.8107908270307,114.51958467539511,118.54988615544748,8581841
2023-01-23,114.51958465576172,120.90908937904457,113.24168071122502,117.0753850451348,9336358
2023-01-24,113.43827819824219,115.01107776171021,109.50627553972218,114.51957742939521,7955927
2023-01-25,112.06208038330078,116.7804867677409,105.77087437061402,115.20767963979405,10577627
2023-01-26,113.63488006591797,118.35328645261569,108.62157796736427,112.25867757815612,18386306
2023-01-27,111.66887664794922,113.33998231723591,108.3266728090759,112.94678054212727,7945936
2023-01-30,108.9164810180664,112.3569834825398,108.9164810180664,111.86548313047217,5715892
2023-01-31,105.37767028808594,109.7028747961141,104.7878713778321,108.916478749009,6816482
2023-02-01,99.57797241210938,106.36067114032942,99.57797241210938,105.37767045511491,5473396
2023-02-02,102.62527465820312,106.16407568096183,95.35106797271571,99.77457112608913,11949660
2023-02-03,106.75387573242188,107.63857787240912,100.75757289426424,101.24907324984602,6552914
2023-02-06,103.21507263183594,110.09607747395833,100.26607055664063,104.6895736694336,1961212
2023-02-07,93.23761749267578,104.4929803210722,92.99186731082914,104.4929803210722,4215486
2023-02-08,86.35661315917969,86.35661315917969,86.35661315917969,86.35661315917969,115
2023-02-15,102.5269775390625,102.5269775390625,98.25091843052526,100.2660728954612,1634532
2023-02-16,105.18107604980469,111.57058066965263,102.72357427294008,108.1300781820422,8496648
2023-02-17,101.8388671875,106.45897480344897,100.5609708254119,103.60827138079107,4351829
2023-02-20,108.42498016357422,109.5062794331724,100.56097456693276,102.23207275633901,6817074
2023-02-21,113.53658294677734,115.99408474216214,105.9674804168723,107.73687720972919,11525909
2023-02-22,115.01107788085938,122.87508320604634,113.73317401563654,115.99407854650775,14939959
2023-02-23,113.53658294677734,118.3532879656716,112.75017937237409,115.60088295496051,5834829
2023-02-24,115.20767974853516,116.78048687796652,112.6518794127595,114.12638047182625,5460664
2023-02-27,117.37028503417969,117.66518074424461,113.14337902594761,117.27198646415805,6827758
2023-02-28,117.37028503417969,119.9260853532432,116.2889857645413,117.86178538398806,5383081
2023-03-01,117.46858215332031,119.53288209707881,117.0753803783901,118.05838106586559,4506365
2023-03-02,120.31929016113281,121.5971866029756,117.37028798806436,117.66518370555099,7950711
2023-03-03,124.0546875,129.55949751560277,119.53288570121227,120.61418499009841,19057941
2023-03-06,132.1152801513672,134.17958749723832,124.44787965134483,125.82408204869235,10981653
2023-03-07,136.8336944580078,143.81300542868033,132.90169165749379,133.19659486741241,14301392
2023-03-08,139.38949584960938,139.97928724284574,133.9829922482447,136.73539708154664,8950169
2023-03-09,136.0472869873047,142.92829169040766,136.0472869873047,140.56909607767517,6023618
2023-03-10,132.21359252929688,136.2439013496526,131.7220921853218,135.45749779941244,4318084
2023-03-13,130.1492919921875,134.86769854464586,128.96969410392313,132.1152934724284,4610842
2023-03-14,127.10198974609375,132.90168770459104,126.90539261179552,130.93568636280892,4286311
2023-03-15,121.79378509521484,127.79008771094213,121.40058332539503,127.79008771094213,4956254
2023-03-16,130.54249572753906,131.23059321643433,122.38358693218032,122.48188550206534,7042871
2023-03-17,125.03768920898438,133.09829215338638,125.03768920898438,131.230596775813,6734231
2023-03-20,120.02438354492188,126.21728343316592,119.33628605723925,125.03768559722424,5115325
2023-03-21,116.97708129882812,121.59718150991023,116.09237918402303,120.02438191675675,5951800
2023-03-22,121.99038696289062,121.99038696289062,115.40428518677585,116.97708482737188,5211121
2023-03-23,121.49888610839844,123.07168574254692,119.82778790330947,121.9903864628011,3574379
2023-03-24,120.51588439941406,123.36658793123115,119.53288369876681,121.69548974001088,3633754
2023-03-27,121.40058898925781,122.67849292586698,118.84478861573982,122.58018685405064,3319621
2023-03-28,115.60088348388672,121.10568603079555,114.71618133356023,120.71249174149519,4369262
2023-03-29,116.68218231201172,117.46858588686669,111.86548479005107,114.42128515877924,4197657
2023-03-30,116.0923843383789,120.02438724568862,115.01108503880882,116.58388470179263,3797172
2023-03-31,115.20767974853516,115.6991801015574,112.35698370076628,115.01108260720633,3797498
2023-04-03,115.01107788085938,115.69917534693327,110.58757488544171,114.42127898141034,3840029
2023-04-04,118.84478759765625,119.63118366754803,114.02808260823059,114.91278474909657,5030067
2023-04-05,116.78048706054688,121.10568417414473,116.48558384839238,119.04138418816389,5249203
2023-04-06,115.60088348388672,118.25498993486622,114.32298704425986,116.97708599553901,3237104
2023-04-07,115.99407958984375,117.96008093882415,115.10937748286257,115.7974824548257,3053336
2023-04-10,119.0413818359375,119.33628504226478,116.48558154666792,116.48558154666792,5092653
2023-04-11,119.13967895507812,122.28528561872538,118.5498800493005,119.53288072549653,7757815
2023-04-12,118.45158386230469,121.9903848677945,118.45158386230469,119.63118169756791,6823161
2023-04-13,119.53288269042969,119.92608446731172,118.15668022119264,119.13968091354766,4460960
2023-04-14,119.23798370361328,122.1869856995836,118.25498303828985,119.82778260286737,6709162
2023-04-17,116.28898620605469,120.22098901945027,116.28898620605469,119.92608580856553,4088873
2023-04-18,114.02808380126953,117.4685863297561,113.63488201235957,116.28898846272656,2615871
2023-04-19,114.32298278808594,115.89578238583405,113.63487780802734,114.0280795823894,2247727
2023-04-20,110.98078155517578,113.83148511145049,110.292676558999,113.73317904078222,1624830
2023-04-24,106.95047760009766,112.0620781656692,106.6555743945185,111.17737604863181,5761681
2023-04-25,102.13377380371094,107.93347940944739,101.6422734557621,107.63857620079803,4447482
2023-04-26,98.3000717163086,102.33037315673718,98.20177314453234,102.13377601318469,5009119
2023-04-27,97.16961669921875,98.98816647564134,96.38322064709821,98.20177042352081,5364914
2023-04-28,95.20361328125,98.7915672226081,93.97486244514792,97.26791318596153,5042775
2023-05-02,91.22246551513672,96.33406601826681,91.02586088058558,95.35106534461103,6049686
2023-05-03,92.54951477050781,93.13931367377909,87.53621284315204,91.17331232974153,5977078
2023-05-04,90.73096466064453,94.9087174998455,89.64965792603257,91.91056246242131,4460275
2023-05-05,88.42090606689453,91.22246393814197,88.27346196815505,90.97671377397639,2950836
2023-05-08,90.53436279296875,90.87841153735573,87.7328123033888,88.71581300146599,3891451
2023-05-09,90.5835189819336,94.7612720942339,90.04286557928516,90.68181755522411,7013100
2023-05-10,90.97671508789062,92.74611179561705,88.96156071274947,90.583513319607,3876779
2023-05-11,99.67626953125,100.06947129955807,90.48521475808596,90.48521475808596,12264521
2023-05-12,92.89356231689453,100.06947013067214,92.45121502002736,99.7745669329608,12380057
2023-05-15,88.07685852050781,91.12415909716813,86.50405894865409,86.50405894865409,3543603
2023-05-16,91.56651306152344,91.76311019382081,88.07685771549619,88.07685771549619,5802130
2023-05-17,91.76311492919922,93.3359145678411,91.07501743094973,92.40206689168818,3985151
2023-05-18,88.47006225585938,92.79526679941918,88.1751590484598,91.91056467692057,4032541
2023-05-22,85.6193618774414,89.6988163970845,85.3736116955316,88.71581566944522,3470851
2023-05-23,85.27530670166016,86.55321055124796,84.93125797283261,85.71765399590988,3724559
2023-05-24,83.70250701904297,85.81595992081583,83.55505542130071,85.47190369285063,3159965
2023-05-25,83.70250701904297,84.39060447557377,82.71950636702766,83.65335398656228,2985873
2023-05-26,87.1921615600586,87.53621781456499,83.8008120488701,83.8008120488701,4382776
2023-05-29,90.5835189819336,92.35291580026407,87.24131499215328,88.47006590753571,8330517
2023-05-30,97.31707000732422,98.49666785601777,91.51736433523051,91.51736433523051,8803677
2023-05-31,94.66297149658203,98.00516791518929,94.4172213187609,97.31707041717021,7428761
2023-06-01,99.08647155761719,101.05247291788976,95.44936454129294,95.44936454129294,6112636
2023-06-02,102.62527465820312,103.31337214884782,100.56097468656891,102.03547573769337,4884416
2023-06-05,107.73687744140625,108.42498244541387,103.50997884407508,105.4759802846106,7054564
2023-06-06,110.09607696533203,111.76717513367579,105.37767066693777,107.7368738161349,8558316
2023-06-07,117.9600830078125,119.23798690694385,112.16037742665503,112.65187777252092,9234826
2023-06-08,115.99407958984375,121.49888186704888,113.53657790361824,117.96008093882415,7989440
2023-06-09,115.7974853515625,118.05838245962754,113.8314839534015,116.97708319057902,4981608
2023-06-12,112.1603775024414,117.56688131061931,112.1603775024414,116.48558204892375,6272067
2023-06-13,112.55358123779297,114.22467944406351,109.50628053828186,111.96378231203279,6933779
2023-06-14,109.89948272705078,112.84848486642029,109.89948272705078,112.84848486642029,4310075
2023-06-15,112.25867462158203,112.45527925734154,109.50627721824885,110.88247966976544,3176634
2023-06-16,109.60457611083984,115.20767700182788,109.60457611083984,114.32298238724032,5393587
2023-06-19,104.49297332763672,110.58757442965792,104.49297332763672,109.80117090050041,4853198
2023-06-20,103.21507263183594,106.65557505289713,103.01847549336962,104.29637189280086,3814255
2023-06-21,109.60457611083984,112.06207781736092,104.00147521985181,104.00147521985181,9665535
2023-06-22,117.9600830078125,119.336285476177,106.65557505289713,110.09607747395833,12535682
2023-06-23,120.71248626708984,124.6444889793768,118.54988027551201,119.92608272475245,11067617
2023-06-26,126.31558990478516,128.67478558418054,121.10568319676999,121.40058640654449,7491280
2023-06-27,127.79009246826172,130.44419138887628,124.44788854992098,126.11899425894147,3291816
2023-07-03,134.17959594726562,134.6710962987208,128.57649494055659,128.57649494055659,6211587
2023-07-04,130.83740234375,134.86769631188088,130.05099876479255,134.17959880506837,5284539
2023-07-05,131.42718505859375,133.1965892440029,123.56317978957513,130.3458933337435,14521972
2023-07-06,135.94900512695312,139.3895077115139,132.90169683801037,132.90169683801037,8672671
2023-07-07,143.32150268554688,145.97560153169772,133.0982865752694,135.94899755768336,9434980
2023-07-10,141.94529724121094,149.31780260344973,141.94529724121094,145.28750867173287,7206247
2023-07-11,140.47079467773438,146.46710497513428,138.99629362093773,144.30450642504593,5623684
2023-07-12,139.78269958496094,142.53510460479575,138.01329528653852,140.569103161971,6054450
2023-07-13,144.0095977783203,148.03990651453836,141.74869324335407,143.5180974446059,10639857
2023-07-14,152.07020568847656,154.92091672558436,144.7960064891815,144.99260362981644,11615229
2023-07-17,151.57870483398438,157.86991830921946,150.4974130643817,154.62601300161077,8265076
2023-07-18,144.0095977783203,151.87360311775078,144.0095977783203,151.57869991764215,6106049
2023-07-19,148.13819885253906,148.23650491988528,140.76569378357328,143.7146958111596,5884782
2023-07-20,151.8736114501953,153.15151538784409,146.0739131939287,149.4161096467941,7786809
2023-07-21,150.2025146484375,152.36511325606273,147.64670674889805,151.8736128907206,4356075
2023-07-24,143.9113006591797,146.66370569898493,143.02660600324978,146.46710855315615,9937232
2023-07-25,139.6844024658203,146.46710115019695,139.6844024658203,144.20619658893807,5546259
2023-07-26,145.87730407714844,146.27051337349226,140.76570321988626,140.86400929382248,4736277
2023-07-27,145.18919372558594,147.84329249387633,143.81299880851674,146.66369470790278,4216741
2023-07-28,149.80929565429688,150.9889084542424,145.28750158563847,145.97559905267346,8960357
2023-07-31,151.77529907226562,155.41241358970336,151.48041086763016,152.36510548033664,8064643
2023-08-01,149.80929565429688,156.10050892287353,148.1381975202405,151.77529698833962,9779156
2023-08-02,147.35179138183594,151.38210004513508,142.53509419834145,149.12119555107458,6909612
2023-08-03,144.30450439453125,149.41610498628737,142.53510015139256,147.35179753605885,7911315
2023-08-04,146.2705078125,147.450105657883,143.8130060515353,145.09090996711703,5218601
2023-08-07,147.9416046142578,149.9076060044805,146.27050643244857,146.4671035715908,6161242
2023-08-08,145.48410034179688,150.7922980031565,145.38579427423838,147.94160203675966,4996377
2023-08-09,147.74501037597656,149.2195114475943,145.18920251874562,145.48410573294927,6932322
2023-08-10,148.3347930908203,159.04950924809646,147.1551953027036,148.23650202479374,16806585
2023-08-11,155.41241455078125,155.7073027572403,145.2875044789498,148.33479760776112,10842535
2023-08-14,152.56170654296875,161.2121157540413,151.7753029784348,158.65630791915606,7943782
2023-08-15,149.90760803222656,153.0532072992522,146.07391126919538,152.56170694504817,4844870
2023-08-16,150.89060974121094,153.8396118859903,146.56541259529476,149.90760902628446,7487063
2023-08-17,154.72430419921875,156.2971113191718,149.51441248809996,150.89060746850862,6520487
2023-08-18,149.3177947998047,155.2157987813543,147.05690527306382,154.72429844955852,5578499
2023-08-21,158.16481018066406,158.16481018066406,146.66370473237163,148.13820581547068,8329859
2023-08-22,155.31411743164062,161.9002194114566,152.75830949946084,158.75462003297443,8233785
2023-08-23,149.80929565429688,157.5750099234056,149.80929565429688,156.78860638990852,6285833
2023-08-24,146.46710205078125,154.82260787247012,146.27050491368036,149.90760444794725,7386558
2023-08-25,153.54470825195312,160.03251895249502,150.49741504365053,153.3481111093853,8377969
2023-08-28,155.6090087890625,159.24610826182925,153.54470138590847,156.49370339075716,6666625
2023-08-29,163.07980346679688,163.96451306028783,155.21579818812023,157.28010557353275,13276166
2023-08-31,160.0325164794922,168.48631347447525,158.26311222492353,166.32371494084705,9809708
2023-09-01,159.14781188964844,161.60531371005314,157.96821401573433,160.72061905446776,4559440
2023-09-04,156.29710388183594,161.90020460602182,155.8056035551635,159.93420329933207,5603461
2023-09-05,157.37841796875,158.55801580811286,154.52770694093948,156.3954172693809,4849743
2023-09-06,155.41241455078125,160.1308058469278,154.03620458990505,158.36141661057292,6818211
2023-09-07,157.9682159423828,159.44271705260928,155.51071409200534,155.51071409200534,4175216
2023-09-08,159.73760986328125,160.91720767469934,156.78860783503606,158.26310884915867,4444819
2023-09-11,155.21580505371094,161.21211534369385,153.8396100688298,160.62230892194458,3865298
2023-09-12,155.80560302734375,158.7546049773881,152.365100752292,156.78860367735854,4581337
2023-09-13,154.23280334472656,159.83591931660862,153.74130299627376,155.80561045953561,6332612
2023-09-14,159.0495147705078,159.2461119087868,152.3651070732219,154.33110845481187,5813627
2023-09-15,159.83592224121094,162.19511795719168,156.29711366783926,159.04951866941718,11947103
2023-09-18,151.8736114501953,159.7376172210792,151.8736114501953,159.24611686039896,4139738
2023-09-19,153.54470825195312,154.23280575064078,150.39910897266634,152.36511039714566,3916886
2023-09-20,151.48040771484375,156.49370208150455,150.69400418691666,154.52770076138665,4626755
2023-09-21,155.6090087890625,156.19880019039232,148.62969804449398,151.4804089821543,3640752
2023-09-22,154.0362091064453,156.59201696629773,152.85661124782135,155.70730732277931,3850360
2023-09-25,157.1999969482422,158.1999969482422,154.0,155.60000610351562,3805320
2023-09-26,154.3000030517578,159.10000610351562,153.8000030517578,157.39999389648438,3646009
2023-09-27,154.3000030517578,157.0,152.5,154.3000030517578,3890608
2023-09-28,153.60000610351562,156.10000610351562,152.6999969482422,154.5,3373076
2023-09-29,163.0,164.3000030517578,154.0,154.3000030517578,12002727
2023-10-02,174.60000610351562,175.0,164.39999389648438,165.5,12291257
2023-10-03,175.0,176.60000610351562,170.1999969482422,174.60000610351562,10576511
2023-10-04,169.6999969482422,176.6999969482422,169.3000030517578,174.89999389648438,8033102
2023-10-05,170.5,171.1999969482422,162.1999969482422,169.39999389648438,7540603
2023-10-06,165.0,170.0,164.60000610351562,169.0,5667499
2023-10-09,157.10000610351562,162.60000610351562,156.8000030517578,162.3000030517578,4805471
2023-10-10,164.0,165.10000610351562,159.1999969482422,160.89999389648438,5122709
2023-10-11,160.60000610351562,163.39999389648438,158.10000610351562,163.10000610351562,4746937
2023-10-12,158.60000610351562,162.60000610351562,154.0,161.60000610351562,5495954
2023-10-13,157.39999389648438,160.39999389648438,155.0,157.39999389648438,3561400
2023-10-16,160.0,161.6999969482422,157.1999969482422,159.6999969482422,5742648
2023-10-17,165.0,165.0,156.3000030517578,160.10000610351562,6349188
2023-10-18,160.5,164.1999969482422,160.5,161.10000610351562,4873208
2023-10-19,156.60000610351562,163.8000030517578,154.5,161.1999969482422,4776345
2023-10-20,151.6999969482422,158.8000030517578,151.39999389648438,156.8000030517578,4763248
2023-10-23,148.60000610351562,154.10000610351562,146.1999969482422,151.5,6310127
2023-10-24,151.0,155.10000610351562,148.1999969482422,149.8000030517578,10958601
2023-10-25,142.0,152.89999389648438,140.60000610351562,151.0,4185480
2023-10-26,141.8000030517578,144.39999389648438,139.60000610351562,143.3000030517578,6402298
2023-10-27,141.89999389648438,143.8000030517578,138.6999969482422,141.89999389648438,4086584
2023-10-30,139.5,143.10000610351562,139.5,141.6999969482422,2459256
2023-10-31,135.8000030517578,141.39999389648438,135.5,141.0,3037184
2023-11-01,136.39999389648438,138.10000610351562,133.60000610351562,136.5,3446089
2023-11-02,137.6999969482422,139.3000030517578,136.3000030517578,136.6999969482422,2395034
2023-11-03,141.5,142.8000030517578,137.39999389648438,138.3000030517578,3695243
2023-11-06,142.5,144.0,141.10000610351562,143.0,2662164
2023-11-07,140.60000610351562,143.5,140.1999969482422,141.8000030517578,2692428
2023-11-08,143.39999389648438,146.1999969482422,141.1999969482422,141.1999969482422,4733140
2023-11-09,138.60000610351562,141.89999389648438,137.39999389648438,141.0,4243490
2023-11-10,139.39999389648438,140.0,138.1999969482422,138.89999389648438,2738749
2023-11-13,136.0,140.39999389648438,136.0,139.39999389648438,2119697
2023-11-14,139.89999389648438,141.0,136.3000030517578,136.3000030517578,3323435
2023-11-15,138.5,142.3000030517578,137.39999389648438,140.5,3856778
2023-11-16,138.6999969482422,139.1999969482422,137.6999969482422,138.0,2657499
2023-11-17,137.39999389648438,141.5,137.3000030517578,139.0,3531074
2023-11-20,143.1999969482422,143.3000030517578,138.1999969482422,138.5,3953314
2023-11-21,143.6999969482422,145.6999969482422,142.39999389648438,145.0,2728894
2023-11-22,145.8000030517578,146.3000030517578,142.6999969482422,143.8000030517578,3286392
2023-11-23,142.1999969482422,148.0,142.1999969482422,145.5,3889347
2023-11-24,142.1999969482422,143.1999969482422,140.3000030517578,141.5,1798636
2023-11-27,142.89999389648438,144.39999389648438,140.6999969482422,142.39999389648438,2499687
2023-11-28,142.5,145.60000610351562,141.60000610351562,143.1999969482422,2900669
2023-11-29,139.89999389648438,143.3000030517578,139.39999389648438,143.0,2680928
2023-11-30,135.89999389648438,140.60000610351562,135.6999969482422,139.89999389648438,4057408
2023-12-01,136.60000610351562,138.60000610351562,136.3000030517578,137.0,2741540
2023-12-04,137.39999389648438,138.5,134.89999389648438,137.10000610351562,1924574
2023-12-05,136.5,138.1999969482422,135.39999389648438,137.39999389648438,1480939
2023-12-06,133.10000610351562,138.1999969482422,133.10000610351562,136.39999389648438,2854652
2023-12-07,135.10000610351562,135.10000610351562,130.1999969482422,133.10000610351562,3053391
2023-12-08,133.1999969482422,135.39999389648438,132.60000610351562,134.60000610351562,2316220
2023-12-11,126.0999984741211,133.5,126.0999984741211,133.1999969482422,4720364
2023-12-12,126.19999694824219,127.19999694824219,124.19999694824219,126.0999984741211,2968838
2023-12-13,122.5,126.0,122.0999984741211,125.80000305175781,2900937
2023-12-14,124.5,126.0,122.30000305175781,123.5999984741211,3704240
2023-12-15,128.3000030517578,128.5,124.19999694824219,124.5,3192870
2023-12-18,125.0999984741211,129.0,124.5999984741211,127.9000015258789,1940942
2023-12-19,124.0,125.4000015258789,122.5,124.80000305175781,2615560
2023-12-20,124.5,125.4000015258789,122.5999984741211,124.0,1941751
2023-12-21,129.89999389648438,130.10000610351562,123.4000015258789,124.19999694824219,3437791
2023-12-22,125.69999694824219,130.0,124.9000015258789,129.89999389648438,2918568
2023-12-25,125.0,127.5,121.9000015258789,125.0,1888646
2023-12-26,125.0999984741211,126.9000015258789,122.5999984741211,126.0,2480115
2023-12-27,124.0,125.5999984741211,123.0,123.5,2452111
2023-12-28,124.19999694824219,126.0,123.69999694824219,124.19999694824219,3307977
2023-12-29,128.5,129.10000610351562,124.5,124.5,3717213
2024-01-02,128.39999389648438,130.5,127.19999694824219,129.60000610351562,3550273
2024-01-03,126.0999984741211,131.60000610351562,126.0999984741211,128.39999389648438,5532770
2024-01-04,128.6999969482422,128.6999969482422,124.5999984741211,126.5999984741211,3535838
2024-01-05,128.0,129.5,126.5999984741211,128.89999389648438,2351138
2024-01-08,132.0,132.6999969482422,128.8000030517578,128.8000030517578,4133080
2024-01-09,128.3000030517578,132.5,127.5,132.39999389648438,3594523
2024-01-10,130.10000610351562,130.8000030517578,127.69999694824219,128.39999389648438,3799283
2024-01-11,129.5,131.60000610351562,129.3000030517578,130.89999389648438,3167311
2024-01-12,132.3000030517578,134.10000610351562,127.30000305175781,129.0,5533469
2024-01-15,132.8000030517578,135.5,132.3000030517578,132.8000030517578,4525109
2024-01-16,131.1999969482422,133.39999389648438,130.89999389648438,133.0,2567844
2024-01-17,130.6999969482422,131.8000030517578,129.5,130.8000030517578,2627428
2024-01-18,128.60000610351562,133.1999969482422,128.60000610351562,132.0,3841478
2024-01-19,128.6999969482422,130.60000610351562,128.60000610351562,129.10000610351562,2399352
2024-01-22,131.5,133.89999389648438,128.39999389648438,128.6999969482422,5087505
2024-01-23,133.3000030517578,134.39999389648438,131.0,132.39999389648438,3930939
2024-01-24,133.5,135.5,131.89999389648438,134.39999389648438,3902777
2024-01-25,136.5,137.10000610351562,134.39999389648438,134.39999389648438,4011168
2024-01-26,139.3000030517578,139.3000030517578,135.8000030517578,137.0,4166469
2024-01-29,141.60000610351562,144.1999969482422,139.60000610351562,140.39999389648438,5925325
2024-01-30,140.5,142.0,140.0,141.6999969482422,3897084
2024-01-31,141.60000610351562,142.5,140.0,140.39999389648438,4201749
2024-02-01,146.0,147.0,141.89999389648438,142.0,6605917
2024-02-02,146.8000030517578,150.89999389648438,145.60000610351562,146.6999969482422,5325940
2024-02-05,145.3000030517578,147.6999969482422,143.89999389648438,146.8000030517578,4255257
2024-02-06,148.8000030517578,149.3000030517578,146.3000030517578,147.60000610351562,4924383
2024-02-07,156.5,156.5,148.0,149.0,7044227
2024-02-08,158.89999389648438,163.0,157.8000030517578,160.60000610351562,7643515
2024-02-09,160.6999969482422,161.5,158.0,160.0,3465316
2024-02-12,160.60000610351562,161.89999389648438,159.0,160.6999969482422,4821541
2024-02-13,156.60000610351562,162.10000610351562,156.60000610351562,161.60000610351562,3764476
2024-02-14,158.5,158.89999389648438,155.5,156.60000610351562,2865441
2024-02-15,159.5,160.60000610351562,157.6999969482422,158.60000610351562,4808167
2024-02-16,156.39999389648438,160.5,156.10000610351562,160.10000610351562,2581541
2024-02-19,155.0,160.10000610351562,154.3000030517578,156.89999389648438,5594894
2024-02-20,160.10000610351562,160.5,155.0,155.1999969482422,2870798
2024-02-21,160.6999969482422,162.8000030517578,158.10000610351562,161.5,4013090
2024-02-22,160.1999969482422,163.39999389648438,159.3000030517578,161.0,3719869
2024-02-23,160.3000030517578,161.1999969482422,157.5,160.1999969482422,3553694
2024-02-26,159.5,162.1999969482422,158.89999389648438,161.5,2851287
2024-02-27,161.0,162.8000030517578,157.89999389648438,159.1999969482422,4109824
2024-02-28,160.0,162.8000030517578,158.60000610351562,160.5,4348978
2024-02-29,169.0,169.0,160.0,160.0,7850422
2024-03-01,166.0,171.5,164.8000030517578,168.89999389648438,4846790
2024-03-04,158.5,164.10000610351562,158.1999969482422,163.10000610351562,4821944
2024-03-05,159.1999969482422,160.39999389648438,156.1999969482422,158.60000610351562,3716307
2024-03-06,154.8000030517578,158.6999969482422,154.8000030517578,157.6999969482422,2566960
2024-03-07,159.0,159.3000030517578,156.5,156.5,3633555
2024-03-08,156.0,159.89999389648438,155.60000610351562,159.60000610351562,4689017
2024-03-11,156.89999389648438,158.60000610351562,156.10000610351562,157.60000610351562,3628588
2024-03-12,154.8000030517578,159.10000610351562,152.0,156.89999389648438,3415239
2024-03-13,152.60000610351562,155.8000030517578,152.10000610351562,154.5,2326764
2024-03-14,152.6999969482422,155.89999389648438,152.10000610351562,153.3000030517578,2610974
2024-03-15,149.39999389648438,153.60000610351562,149.0,152.89999389648438,2792236
2024-03-18,148.0,149.5,146.0,149.5,2413817
2024-03-19,152.5,152.5,146.60000610351562,148.39999389648438,3246393
2024-03-20,149.0,152.5,149.0,152.5,3316622
2024-03-21,150.6999969482422,153.1999969482422,148.89999389648438,150.39999389648438,5642526
2024-03-22,145.3000030517578,149.89999389648438,144.60000610351562,149.3000030517578,3772931
2024-03-25,145.0,150.89999389648438,144.89999389648438,145.39999389648438,3509504
2024-03-26,145.3000030517578,147.39999389648438,144.0,145.10000610351562,3156791
2024-03-27,147.0,147.8000030517578,143.0,145.0,2767197
2024-03-28,149.0,149.39999389648438,146.39999389648438,147.39999389648438,2255556
2024-03-29,148.0,150.3000030517578,143.89999389648438,149.89999389648438,4680168
2024-04-01,147.39999389648438,150.6999969482422,144.10000610351562,150.39999389648438,3077894
2024-04-02,152.0,155.0,147.5,147.5,5771326
2024-04-03,151.0,154.5,149.5,151.3000030517578,2434782
2024-04-04,157.6999969482422,158.5,151.0,151.0,4249225
2024-04-05,165.5,166.0,158.39999389648438,159.89999389648438,5274128
2024-04-08,167.0,169.3000030517578,163.0,166.0,5704767
2024-04-15,161.89999389648438,168.89999389648438,160.8000030517578,167.60000610351562,5266374
2024-04-16,162.0,164.39999389648438,158.0,160.1999969482422,4610959
2024-04-17,164.39999389648438,168.0,162.60000610351562,163.5,5586278
2024-04-18,161.5,166.0,160.3000030517578,164.6999969482422,2908093
2024-04-19,162.6999969482422,163.0,158.1999969482422,159.6999969482422,2480680
2024-04-22,161.0,166.60000610351562,160.39999389648438,164.0,3702077
2024-04-24,162.10000610351562,163.6999969482422,160.10000610351562,162.5,2738297
2024-04-25,168.8000030517578,170.89999389648438,161.5,162.10000610351562,7118619
2024-04-26,168.1999969482422,173.89999389648438,167.8000030517578,170.1999969482422,5632119
2024-04-29,164.6999969482422,165.89999389648438,161.0,162.5,6994165
2024-04-30,173.0,174.1999969482422,164.6999969482422,165.0,10064030
2024-05-02,176.60000610351562,177.3000030517578,172.60000610351562,174.0,5891006
2024-05-03,173.5,187.10000610351562,172.8000030517578,178.10000610351562,10942275
2024-05-06,179.1999969482422,181.0,171.6999969482422,173.89999389648438,5581100
2024-05-07,183.89999389648438,184.60000610351562,178.89999389648438,179.6999969482422,4845011
2024-05-08,180.6999969482422,184.6999969482422,179.60000610351562,183.39999389648438,2582164
2024-05-09,183.0,183.60000610351562,176.89999389648438,181.60000610351562,4148869
2024-05-10,182.10000610351562,186.8000030517578,181.89999389648438,183.10000610351562,4565083
2024-05-13,182.6999969482422,186.6999969482422,180.60000610351562,181.5,3707116
2024-05-14,185.60000610351562,186.1999969482422,178.5,182.8000030517578,3389724
2024-05-15,185.0,187.8000030517578,183.5,186.0,4636007
2024-05-16,187.8000030517578,188.10000610351562,182.3000030517578,185.10000610351562,4224355
2024-05-17,188.39999389648438,190.89999389648438,187.5,189.1999969482422,4419254
2024-05-20,190.1999969482422,191.89999389648438,188.10000610351562,189.3000030517578,3611391
2024-05-21,191.10000610351562,193.8000030517578,189.0,190.5,7003650
2024-05-22,195.0,195.39999389648438,190.0,191.10000610351562,4150065
2024-05-23,190.39999389648438,196.10000610351562,190.0,194.3000030517578,3644773
2024-05-24,187.1999969482422,190.6999969482422,185.0,190.39999389648438,2239955
2024-05-27,185.89999389648438,188.5,185.10000610351562,187.0,1286508
2024-05-28,187.0,188.5,184.89999389648438,185.3000030517578,2459771
2024-05-29,184.0,190.0,184.0,187.1999969482422,2688720
2024-05-30,181.8000030517578,184.60000610351562,178.60000610351562,183.39999389648438,3527703
2024-05-31,181.0,186.6999969482422,179.1999969482422,181.89999389648438,3628302
2024-06-03,176.3000030517578,182.3000030517578,173.60000610351562,181.89999389648438,3822343
2024-06-04,176.5,179.89999389648438,176.0,177.60000610351562,2853473
2024-06-05,173.89999389648438,177.6999969482422,171.5,177.0,2897621
2024-06-06,173.89999389648438,177.8000030517578,173.5,174.1999969482422,1946030
2024-06-07,166.89999389648438,175.1999969482422,166.3000030517578,175.0,2454143
2024-06-10,166.39999389648438,168.0,162.8000030517578,166.60000610351562,2377752
2024-06-11,167.5,168.5,165.6999969482422,167.5,2273715
2024-06-12,168.1999969482422,170.0,166.8000030517578,167.1999969482422,2030499
2024-06-13,173.5,173.5,169.10000610351562,170.39999389648438,1638297
2024-06-14,175.10000610351562,176.5,171.89999389648438,175.5,1404881
2024-06-20,175.0,178.1999969482422,173.3000030517578,177.10000610351562,1714768
2024-06-21,173.60000610351562,176.0,173.0,174.89999389648438,1931304
2024-06-24,170.0,174.6999969482422,169.10000610351562,173.89999389648438,1864787
2024-06-25,173.6999969482422,176.1999969482422,168.5,169.6999969482422,3763488
2024-06-26,175.0,179.10000610351562,173.1999969482422,173.6999969482422,4477987
2024-06-27,180.0,180.5,173.6999969482422,175.0,4078610
2024-06-28,174.39999389648438,182.3000030517578,173.89999389648438,181.0,3665632
2024-07-01,165.39999389648438,175.60000610351562,164.8000030517578,174.8000030517578,3294686
2024-07-02,165.0,165.5,162.0,165.3000030517578,1989538
2024-07-03,169.39999389648438,169.5,164.8000030517578,165.5,2271669
2024-07-04,175.0,175.10000610351562,169.6999969482422,169.6999969482422,2242165
2024-07-05,173.89999389648438,176.5,172.60000610351562,175.0,1966046
2024-07-08,169.39999389648438,174.5,169.3000030517578,173.89999389648438,2395086
2024-07-09,166.5,170.89999389648438,166.10000610351562,169.39999389648438,3157875
2024-07-10,165.5,168.89999389648438,165.3000030517578,168.89999389648438,2337832
2024-07-11,169.8000030517578,170.10000610351562,166.6999969482422,167.0,2323284
2024-07-12,170.60000610351562,174.5,168.10000610351562,169.39999389648438,4134789
2024-07-16,172.3000030517578,172.89999389648438,169.6999969482422,171.0,2819850
2024-07-17,171.39999389648438,173.6999969482422,170.39999389648438,172.6999969482422,2265685
2024-07-18,169.39999389648438,173.0,169.0,171.1999969482422,2235834
2024-07-19,166.0,169.1999969482422,165.5,169.10000610351562,2533238
2024-07-22,178.0,182.60000610351562,170.0,170.0,13920162
2024-07-23,180.1999969482422,184.5,177.3000030517578,178.1999969482422,6869800
2024-07-24,178.0,180.6999969482422,174.3000030517578,180.10000610351562,4063094
2024-07-25,175.8000030517578,182.1999969482422,175.39999389648438,176.8000030517578,3477764
2024-07-26,190.8000030517578,193.3000030517578,176.10000610351562,176.6999969482422,11666278
2024-07-29,183.0,191.0,183.0,188.6999969482422,6358762
2024-07-30,178.0,184.6999969482422,177.39999389648438,183.8000030517578,5335370
2024-07-31,168.0,174.5,167.60000610351562,174.0,6706936
2024-08-01,167.39999389648438,171.0,166.1999969482422,169.89999389648438,3443876
2024-08-02,160.6999969482422,165.8000030517578,159.10000610351562,165.10000610351562,4679731
2024-08-05,151.39999389648438,156.5,147.60000610351562,148.0,3627212
2024-08-06,151.6999969482422,157.10000610351562,151.39999389648438,156.1999969482422,2026425
2024-08-07,157.5,157.5,151.0,152.5,2406645
2024-08-08,159.6999969482422,160.0,156.10000610351562,156.6999969482422,1820228
2024-08-09,153.10000610351562,161.3000030517578,152.39999389648438,160.0,2048241
2024-08-12,147.39999389648438,153.89999389648438,147.10000610351562,153.6999969482422,2510287
2024-08-13,149.1999969482422,150.10000610351562,146.60000610351562,147.6999969482422,2349753
2024-08-14,147.0,150.89999389648438,147.0,150.5,1695244
2024-08-15,153.39999389648438,153.39999389648438,144.5,147.1999969482422,2646971
2024-08-16,151.0,153.89999389648438,149.6999969482422,153.39999389648438,2164402
2024-08-19,153.60000610351562,154.5,149.89999389648438,151.0,1828299
2024-08-20,153.10000610351562,155.10000610351562,151.60000610351562,153.0,1749796
2024-08-21,150.5,154.89999389648438,149.89999389648438,153.10000610351562,1966900
2024-08-22,148.8000030517578,152.3000030517578,148.60000610351562,151.0,1820902
2024-08-23,142.5,149.3000030517578,141.89999389648438,148.8000030517578,3527095
2024-08-26,139.89999389648438,143.89999389648438,139.89999389648438,143.39999389648438,2084069
2024-08-27,141.0,141.39999389648438,139.1999969482422,139.6999969482422,1893962
2024-08-28,143.89999389648438,144.3000030517578,140.6999969482422,141.10000610351562,1741324
2024-08-29,144.10000610351562,146.3000030517578,142.5,144.39999389648438,2517002
2024-09-02,146.6999969482422,147.60000610351562,145.0,145.0,2054071
2024-09-03,147.8000030517578,150.3000030517578,145.0,146.89999389648438,2155362
2024-09-04,143.10000610351562,148.60000610351562,142.0,147.0,2707384
2024-09-05,145.1999969482422,146.0,143.39999389648438,143.8000030517578,1788097
2024-09-06,142.10000610351562,144.60000610351562,142.0,144.1999969482422,1490916
2024-09-09,138.0,143.5,138.0,142.3000030517578,1852134
2024-09-10,138.10000610351562,139.5,136.1999969482422,138.60000610351562,1197725
2024-09-11,133.89999389648438,138.3000030517578,133.8000030517578,137.8000030517578,1987072
2024-09-12,138.3000030517578,138.3000030517578,133.0,135.0,2023609
2024-09-13,141.8000030517578,141.8000030517578,137.10000610351562,138.3000030517578,1238176
2024-09-16,138.0,142.89999389648438,138.0,141.8000030517578,1334646
2024-09-17,141.1999969482422,142.0,137.89999389648438,138.10000610351562,1819242
2024-09-18,141.1999969482422,143.0,139.39999389648438,141.1999969482422,2060342
2024-09-19,144.89999389648438,145.1999969482422,142.10000610351562,143.3000030517578,2143558
2024-09-20,145.5,146.5,143.60000610351562,144.8000030517578,1960553
2024-09-23,145.8000030517578,147.1999969482422,143.6999969482422,146.5,1219852
2024-09-24,147.3000030517578,148.60000610351562,144.89999389648438,146.0,2366199
2024-09-25,145.8000030517578,149.5,145.10000610351562,147.3000030517578,1822674
2024-09-26,146.1999969482422,148.39999389648438,145.60000610351562,145.8000030517578,1512200
2024-09-27,147.89999389648438,148.60000610351562,145.8000030517578,147.0,1658765
2024-09-30,144.3000030517578,148.60000610351562,143.5,147.1999969482422,2499677
2024-10-01,138.8000030517578,145.3000030517578,137.8000030517578,145.0,2574589
2024-10-02,136.3000030517578,140.10000610351562,136.0,138.60000610351562,2103194
2024-10-03,138.6999969482422,140.6999969482422,135.8000030517578,136.8000030517578,1989148
2024-10-04,139.5,139.60000610351562,134.10000610351562,139.1999969482422,2441735
2024-10-07,141.3000030517578,143.1999969482422,139.10000610351562,139.10000610351562,1224235
2024-10-08,143.8000030517578,144.5,140.3000030517578,143.0,1773196
2024-10-09,144.39999389648438,144.60000610351562,140.5,143.8000030517578,1184586
2024-10-10,141.5,146.39999389648438,141.5,144.60000610351562,1877083
2024-10-11,140.10000610351562,144.8000030517578,139.10000610351562,142.5,2015893
2024-10-14,136.3000030517578,140.5,135.10000610351562,140.5,1291322
2024-10-15,140.3000030517578,141.1999969482422,136.3000030517578,136.60000610351562,1676713
2024-10-16,139.6999969482422,140.0,137.0,139.89999389648438,1987589
2024-10-17,143.1999969482422,143.60000610351562,139.39999389648438,139.6999969482422,1681497
2024-10-18,147.0,148.1999969482422,143.39999389648438,143.5,3846791
2024-10-21,139.0,147.10000610351562,139.0,147.0,2006607
2024-10-22,140.1999969482422,141.39999389648438,138.8000030517578,139.10000610351562,1988124
2024-10-23,139.3000030517578,142.89999389648438,139.3000030517578,140.3000030517578,1754152
2024-10-24,141.3000030517578,141.89999389648438,139.1999969482422,140.10000610351562,1674464
2024-10-25,139.39999389648438,140.39999389648438,138.1999969482422,139.6999969482422,1357225
2024-10-28,131.89999389648438,134.39999389648438,130.6999969482422,133.89999389648438,3191222
2024-10-30,131.5,133.1999969482422,131.5,132.10000610351562,2430093
2024-10-31,128.5,132.1999969482422,128.5,131.89999389648438,2576243
2024-11-01,128.60000610351562,130.10000610351562,128.3000030517578,128.6999969482422,1954195
2024-11-04,123.69999694824219,128.5,123.0,128.10000610351562,2111318
2024-11-05,124.80000305175781,126.0,123.30000305175781,124.30000305175781,1661729
2024-11-06,127.4000015258789,128.60000610351562,124.4000015258789,125.0,1919575
2024-11-07,132.1999969482422,132.39999389648438,127.5999984741211,127.69999694824219,3069414
2024-11-08,135.8000030517578,136.1999969482422,130.39999389648438,131.0,2942274
2024-11-11,137.6999969482422,138.1999969482422,135.6999969482422,135.89999389648438,2007607
2024-11-12,136.0,137.8000030517578,135.0,137.6999969482422,1392333
2024-11-13,137.1999969482422,138.5,134.0,134.5,1974503
2024-11-14,137.39999389648438,139.89999389648438,136.5,137.3000030517578,1542502
2024-11-15,138.5,140.3000030517578,137.3000030517578,137.39999389648438,2119527
2024-11-18,140.10000610351562,140.1999969482422,136.6999969482422,139.0,1692046
2024-11-19,136.60000610351562,142.1999969482422,135.1999969482422,140.5,2093093
2024-11-20,132.5,138.8000030517578,132.5,136.39999389648438,1511578
2024-11-21,138.3000030517578,139.10000610351562,133.0,133.5,1478135
2024-11-22,142.5,142.5,137.6999969482422,138.0,1348027
2024-11-25,144.0,146.0,142.60000610351562,145.0,5230125
2024-11-26,143.5,143.6999969482422,140.10000610351562,143.5,3211953
2024-11-27,143.1999969482422,146.1999969482422,142.8000030517578,145.10000610351562,2241676
2024-11-28,143.39999389648438,144.0,141.39999389648438,142.0,1271657
2024-11-29,142.89999389648438,145.0,141.6999969482422,143.39999389648438,1392316
2024-12-02,143.0,144.0,141.1999969482422,142.39999389648438,1202044
2024-12-03,142.8000030517578,146.8000030517578,142.8000030517578,143.0,2125634
2024-12-04,145.3000030517578,146.0,143.0,143.0,2174039
2024-12-05,145.10000610351562,147.0,144.1999969482422,146.0,1552372
2024-12-06,144.89999389648438,148.1999969482422,144.89999389648438,146.0,2361173
2024-12-09,150.0,150.10000610351562,146.10000610351562,146.1999969482422,3178199
2024-12-10,147.0,151.10000610351562,147.0,150.8000030517578,2545756
2024-12-11,148.8000030517578,150.8000030517578,147.89999389648438,148.0,2349975
2024-12-12,148.3000030517578,151.8000030517578,148.10000610351562,149.10000610351562,1857247
2024-12-13,151.5,151.60000610351562,146.10000610351562,148.10000610351562,1502064
2024-12-16,150.1999969482422,152.89999389648438,150.1999969482422,152.0,1195356
2024-12-17,148.8000030517578,151.10000610351562,147.5,149.60000610351562,1303529
2024-12-18,145.89999389648438,149.8000030517578,145.39999389648438,148.10000610351562,1285800
2024-12-19,142.6999969482422,146.1999969482422,142.5,146.0,1488492
2024-12-20,142.10000610351562,144.10000610351562,142.0,142.5,1190038
2024-12-23,139.39999389648438,143.8000030517578,139.39999389648438,142.5,1055534
2024-12-24,141.3000030517578,142.5,139.89999389648438,139.89999389648438,830787
2024-12-25,141.6999969482422,143.89999389648438,141.39999389648438,143.10000610351562,1156241
2024-12-26,141.3000030517578,144.60000610351562,140.8000030517578,142.39999389648438,1357486
2024-12-27,142.89999389648438,143.6999969482422,141.3000030517578,141.3000030517578,1485666
2024-12-30,142.6999969482422,143.39999389648438,141.8000030517578,143.0,925175
2024-12-31,142.0,143.89999389648438,139.39999389648438,142.39999389648438,1668492
2025-01-02,144.0,144.3000030517578,141.39999389648438,142.6999969482422,1313461
2025-01-03,145.0,146.60000610351562,143.8000030517578,144.10000610351562,2308410
2025-01-06,144.39999389648438,147.10000610351562,144.39999389648438,145.6999969482422,2009726
2025-01-07,145.1999969482422,146.1999969482422,143.1999969482422,144.0,1815047
2025-01-08,142.39999389648438,145.5,142.39999389648438,144.8000030517578,2424706
2025-01-09,142.6999969482422,144.5,141.10000610351562,142.6999969482422,1764586
2025-01-10,137.1999969482422,142.89999389648438,137.1999969482422,142.39999389648438,3859578
2025-01-13,131.89999389648438,137.1999969482422,131.8000030517578,137.1999969482422,2694614
2025-01-14,128.8000030517578,133.1999969482422,128.5,132.3000030517578,2985772
2025-01-15,128.39999389648438,129.1999969482422,127.0,129.1999969482422,2698774
2025-01-16,129.5,130.8000030517578,127.5999984741211,129.5,2174189
2025-01-17,128.0,130.3000030517578,128.0,129.5,2235515
2025-01-20,127.30000305175781,129.60000610351562,126.0,128.6999969482422,4475906
2025-01-21,126.0,127.80000305175781,125.80000305175781,127.19999694824219,2731371
2025-01-22,126.5999984741211,127.30000305175781,125.0,126.19999694824219,2612588
2025-01-23,130.10000610351562,130.10000610351562,127.30000305175781,127.4000015258789,4555925
2025-01-24,131.0,131.3000030517578,129.5,130.8000030517578,2236384
2025-01-27,130.6999969482422,132.60000610351562,129.0,130.0,3330362
2025-01-28,133.39999389648438,133.60000610351562,130.89999389648438,130.89999389648438,3911676
2025-01-29,128.8000030517578,134.5,128.60000610351562,133.39999389648438,3493399
2025-01-30,129.3000030517578,131.3000030517578,129.0,129.10000610351562,2584518
2025-01-31,127.0,131.5,126.69999694824219,129.3000030517578,2487069
2025-02-03,127.9000015258789,129.8000030517578,123.5,126.5,4280518
2025-02-04,130.8000030517578,132.0,126.0999984741211,128.1999969482422,4214261
2025-02-05,128.3000030517578,132.10000610351562,126.80000305175781,131.10000610351562,2770938
2025-02-06,127.4000015258789,130.0,126.5,129.0,3030171
2025-02-07,128.10000610351562,128.5,126.69999694824219,127.4000015258789,2325120
2025-02-10,128.39999389648438,130.6999969482422,128.10000610351562,128.89999389648438,3077288
2025-02-11,131.5,131.6999969482422,127.0,128.6999969482422,4208320
2025-02-12,127.19999694824219,132.10000610351562,127.0,131.6999969482422,3174962
2025-02-13,129.1999969482422,129.3000030517578,127.5,128.3000030517578,2811697
2025-02-14,128.39999389648438,130.10000610351562,128.1999969482422,129.3000030517578,1673437
2025-02-17,127.0999984741211,129.39999389648438,126.80000305175781,128.60000610351562,2274696
2025-02-18,128.39999389648438,128.60000610351562,126.0999984741211,126.9000015258789,2573869
2025-02-19,125.9000015258789,129.10000610351562,125.5,128.8000030517578,2479846
2025-02-20,127.4000015258789,128.10000610351562,125.4000015258789,125.69999694824219,2772300
2025-02-21,124.5999984741211,128.1999969482422,123.4000015258789,127.4000015258789,2836694
2025-02-24,124.4000015258789,126.5999984741211,124.0999984741211,126.5,1809498
2025-02-25,122.19999694824219,124.9000015258789,122.0999984741211,124.4000015258789,1482584
2025-02-26,123.80000305175781,124.5,120.4000015258789,122.19999694824219,2155990
2025-02-27,126.69999694824219,127.19999694824219,123.0,123.5999984741211,2332000
2025-02-28,127.5999984741211,127.5999984741211,123.5999984741211,126.0,2843397
2025-03-03,127.5999984741211,130.3000030517578,126.9000015258789,127.5999984741211,3071663
2025-03-04,126.0,127.30000305175781,125.19999694824219,127.0999984741211,1947239
2025-03-05,133.0,133.0,126.69999694824219,126.69999694824219,3550485
2025-03-06,140.60000610351562,140.60000610351562,133.10000610351562,134.3000030517578,4372290
2025-03-07,145.6999969482422,145.89999389648438,139.39999389648438,140.0,5427423
2025-03-10,142.3000030517578,146.1999969482422,140.10000610351562,145.6999969482422,3324416
2025-03-11,144.8000030517578,146.0,140.89999389648438,141.89999389648438,3627367
2025-03-12,148.0,148.10000610351562,143.5,146.0,3213585
2025-03-13,147.5,151.0,145.60000610351562,149.0,3708213
2025-03-14,147.39999389648438,148.6999969482422,145.89999389648438,147.60000610351562,2540274
2025-03-17,147.0,150.60000610351562,146.89999389648438,147.5,2875651
2025-03-18,150.1999969482422,151.0,145.0,146.89999389648438,3148214
2025-03-19,143.5,152.0,139.0,139.0,5940877
2025-03-20,148.1999969482422,152.39999389648438,144.89999389648438,145.10000610351562,4359205
2025-03-21,137.6999969482422,149.5,136.1999969482422,149.1999969482422,4068890
2025-03-24,141.1999969482422,144.3000030517578,133.1999969482422,138.8000030517578,2700719
2025-03-25,142.6999969482422,147.3000030517578,139.1999969482422,141.6999969482422,3369159
2025-03-26,141.1999969482422,143.89999389648438,139.10000610351562,140.60000610351562,2050762
2025-03-27,136.0,142.39999389648438,134.5,141.3000030517578,3055429
2025-03-28,137.10000610351562,138.1999969482422,132.60000610351562,138.1999969482422,2931182
2025-04-02,132.1999969482422,137.10000610351562,131.60000610351562,137.10000610351562,2678528
2025-04-03,133.0,135.8000030517578,131.5,131.60000610351562,3037555
2025-04-04,132.6999969482422,134.10000610351562,130.5,133.0,1536146
2025-04-07,132.10000610351562,132.6999969482422,126.19999694824219,129.0,3063919
2025-04-08,137.39999389648438,139.3000030517578,132.8000030517578,133.5,3733655
2025-04-09,135.10000610351562,137.39999389648438,133.60000610351562,136.5,2484264
2025-04-10,135.0,139.6999969482422,133.6999969482422,139.3000030517578,2125262
2025-04-11,131.0,134.60000610351562,129.89999389648438,133.5,2946520
2025-04-14,130.8000030517578,132.8000030517578,129.60000610351562,132.0,2090647
2025-04-15,127.0,132.3000030517578,127.0,130.89999389648438,1922150
2025-04-16,123.19999694824219,126.69999694824219,122.80000305175781,126.4000015258789,2638752
2025-04-17,124.30000305175781,125.30000305175781,120.30000305175781,123.19999694824219,4621043
2025-04-18,121.4000015258789,126.19999694824219,120.80000305175781,125.19999694824219,3220220
2025-04-21,121.69999694824219,124.30000305175781,121.0999984741211,122.0,3395900
2025-04-22,121.5999984741211,123.4000015258789,121.0999984741211,122.30000305175781,1964979
2025-04-24,123.80000305175781,124.0999984741211,120.5,122.0999984741211,2312268
2025-04-25,123.0999984741211,125.5,123.0999984741211,123.5,2319549
2025-04-28,118.5,122.5,118.0999984741211,122.0,2333460
2025-04-29,116.4000015258789,119.5999984741211,116.30000305175781,118.30000305175781,2135140
2025-04-30,113.69999694824219,116.69999694824219,113.69999694824219,116.0,1977316
2025-05-02,112.80000305175781,115.4000015258789,112.5,114.30000305175781,2040335
2025-05-05,112.30000305175781,114.0,110.69999694824219,113.0999984741211,2041307
2025-05-06,111.19999694824219,113.9000015258789,110.5999984741211,112.0999984741211,2641231
2025-05-07,112.5,113.19999694824219,110.30000305175781,110.5,2436619
2025-05-08,113.0,113.80000305175781,111.5,113.30000305175781,1398653
2025-05-09,116.0,116.69999694824219,113.0999984741211,113.5999984741211,2575911
2025-05-12,123.80000305175781,123.9000015258789,118.30000305175781,118.5999984741211,3073904
2025-05-13,121.0999984741211,124.0,120.5,124.0,2529447
2025-05-14,121.30000305175781,122.5,120.0,120.5999984741211,2145234
2025-05-15,116.0,122.30000305175781,115.0999984741211,120.9000015258789,3202502
2025-05-16,118.69999694824219,119.0,115.30000305175781,115.5,2947619
2025-05-20,116.0999984741211,119.30000305175781,115.9000015258789,118.69999694824219,1611212
2025-05-21,114.0,116.4000015258789,114.0,115.80000305175781,1976448
2025-05-22,115.0,116.9000015258789,113.69999694824219,115.0,2277221
2025-05-23,112.30000305175781,115.0,111.5999984741211,114.19999694824219,2304110
2025-05-26,111.0,112.80000305175781,111.0,112.4000015258789,1546551
2025-05-27,107.5999984741211,111.9000015258789,106.9000015258789,111.30000305175781,2994641
2025-05-28,106.5,108.0999984741211,105.9000015258789,107.69999694824219,2186542
2025-05-29,107.30000305175781,108.69999694824219,106.69999694824219,107.9000015258789,1866428
2025-05-30,105.4000015258789,108.19999694824219,104.30000305175781,106.9000015258789,2497957
2025-06-02,105.5,106.0,103.0999984741211,105.0,1971557
2025-06-03,108.69999694824219,109.30000305175781,106.0,106.0999984741211,2924376
2025-06-04,110.30000305175781,110.30000305175781,107.9000015258789,108.19999694824219,1437487
2025-06-05,111.0,111.0,109.19999694824219,110.30000305175781,467231
2025-06-10,112.0999984741211,112.5999984741211,110.9000015258789,111.69999694824219,2118514
2025-06-11,112.4000015258789,114.0999984741211,111.30000305175781,112.0999984741211,2212661
2025-06-12,109.9000015258789,112.69999694824219,109.5,111.0,1421635
2025-06-13,109.0,109.0,103.9000015258789,103.9000015258789,2072982
2025-06-16,112.30000305175781,112.5999984741211,106.80000305175781,109.0,2364008
2025-06-17,110.5999984741211,112.5999984741211,110.19999694824219,111.5999984741211,1178666
2025-06-18,110.5999984741211,111.69999694824219,107.9000015258789,109.0999984741211,1618702
2025-06-19,111.0999984741211,112.5999984741211,109.0999984741211,111.19999694824219,1528111
2025-06-20,109.0999984741211,113.4000015258789,108.5999984741211,111.0999984741211,2447794
2025-06-23,109.69999694824219,111.0,106.9000015258789,107.80000305175781,1467757
2025-06-24,117.19999694824219,117.30000305175781,112.9000015258789,113.0999984741211,2697924
2025-06-25,117.19999694824219,119.69999694824219,116.5,117.19999694824219,2009927
2025-06-26,120.0,121.30000305175781,116.5999984741211,116.5999984741211,2388435
2025-06-27,120.0999984741211,122.5999984741211,117.30000305175781,120.69999694824219,3535747
2025-06-30,122.5,124.5,118.5,119.80000305175781,4537484
2025-07-01,128.39999389648438,129.0,123.80000305175781,123.9000015258789,3452990
2025-07-02,126.0999984741211,130.3000030517578,125.19999694824219,128.0,2723927
2025-07-03,128.0,129.3000030517578,126.5999984741211,127.4000015258789,2002459
2025-07-04,128.10000610351562,128.89999389648438,125.4000015258789,128.5,1688927
2025-07-07,123.0999984741211,125.5,120.0,124.5,1888356
2025-07-08,122.5999984741211,124.5999984741211,121.4000015258789,123.5999984741211,1074309
2025-07-09,125.0,125.0,121.80000305175781,122.30000305175781,1854141
2025-07-10,127.5999984741211,128.3000030517578,125.5,125.5999984741211,1783380
2025-07-11,126.0999984741211,130.10000610351562,125.9000015258789,128.1999969482422,2580045
2025-07-14,122.69999694824219,126.30000305175781,122.4000015258789,126.0999984741211,1585339
2025-07-16,124.5,125.80000305175781,121.5,122.0,2371551
2025-07-17,128.1999969482422,129.3000030517578,124.0999984741211,124.0999984741211,2657956
2025-07-18,130.0,130.89999389648438,127.0,128.0,2314875
2025-07-21,130.3000030517578,132.0,129.60000610351562,130.0,2424543
2025-07-22,128.60000610351562,131.39999389648438,128.60000610351562,130.5,1972729
2025-07-23,125.69999694824219,128.60000610351562,123.9000015258789,128.10000610351562,3792693
2025-07-24,126.5999984741211,128.1999969482422,124.9000015258789,126.0,2892606
2025-07-25,126.0,127.5999984741211,125.19999694824219,126.5999984741211,2665002
2025-07-28,121.30000305175781,124.0999984741211,120.80000305175781,124.0,4121848
2025-07-29,121.5999984741211,122.5,119.5999984741211,121.30000305175781,2750524
2025-07-30,125.69999694824219,128.5,120.5,120.9000015258789,4570324
2025-07-31,125.0999984741211,126.80000305175781,123.9000015258789,126.0,2692600
2025-08-01,128.0,128.39999389648438,124.0999984741211,124.69999694824219,3497530
2025-08-04,133.1999969482422,133.8000030517578,128.89999389648438,129.39999389648438,4109714
2025-08-05,137.8000030517578,139.0,133.0,133.8000030517578,4827816
2025-08-06,138.0,138.89999389648438,136.10000610351562,137.8000030517578,1803597
2025-08-07,138.1999969482422,140.5,137.1999969482422,138.10000610351562,1890188
2025-08-08,136.5,139.89999389648438,135.0,138.3000030517578,1452169
2025-08-11,137.1999969482422,139.5,136.5,136.5,1241542
2025-08-12,138.5,139.89999389648438,135.39999389648438,137.0,1663620
2025-08-13,138.89999389648438,140.5,138.1999969482422,138.6999969482422,1881996
2025-08-14,139.0,141.1999969482422,137.89999389648438,138.89999389648438,2964823
2025-08-15,140.0,140.6999969482422,138.0,138.8000030517578,1424125
2025-08-18,145.3000030517578,146.60000610351562,139.8000030517578,140.3000030517578,2891361
2025-08-19,143.6999969482422,146.89999389648438,142.8000030517578,145.10000610351562,2301856
2025-08-20,145.10000610351562,145.6999969482422,141.6999969482422,143.3000030517578,1740616
2025-08-21,145.6999969482422,147.39999389648438,144.5,145.1999969482422,1737298
2025-08-22,145.8000030517578,146.89999389648438,143.60000610351562,146.1999969482422,1146479
2025-08-25,144.6999969482422,147.5,143.6999969482422,147.0,2005498
2025-08-26,142.3000030517578,145.60000610351562,142.3000030517578,144.6999969482422,1988825
2025-08-27,142.39999389648438,145.89999389648438,141.89999389648438,143.0,2302954
2025-08-28,141.1999969482422,144.89999389648438,140.8000030517578,142.3000030517578,1889234
2025-08-29,137.0,142.89999389648438,136.10000610351562,141.5,3321013
2025-09-01,135.39999389648438,137.8000030517578,133.10000610351562,137.6999969482422,2189804
2025-09-02,129.6999969482422,136.3000030517578,126.4000015258789,136.0,2989264
2025-09-03,126.5,129.8000030517578,125.5,129.6999969482422,2195040
2025-09-04,127.69999694824219,128.5,126.0999984741211,127.0999984741211,2875251
2025-09-05,125.4000015258789,128.60000610351562,125.4000015258789,128.0,2296747
2025-09-08,122.5999984741211,124.80000305175781,121.4000015258789,124.80000305175781,1982269
2025-09-09,121.80000305175781,126.19999694824219,121.5,122.5999984741211,3294301
2025-09-10,126.19999694824219,126.9000015258789,121.4000015258789,123.0,2825212
2025-09-11,121.9000015258789,127.30000305175781,121.9000015258789,126.19999694824219,2093007
2025-09-12,123.4000015258789,124.9000015258789,120.30000305175781,121.9000015258789,1633731
2025-09-15,131.89999389648438,132.1999969482422,121.69999694824219,123.69999694824219,3720741
2025-09-16,136.0,137.1999969482422,129.6999969482422,132.39999389648438,3685411
2025-09-17,135.39999389648438,137.1999969482422,134.1999969482422,136.0,2121867
2025-09-18,133.39999389648438,138.10000610351562,133.3000030517578,135.6999969482422,1857698
2025-09-19,136.5,136.5,133.3000030517578,133.39999389648438,2180936
2025-09-22,136.0,140.8000030517578,134.60000610351562,139.6999969482422,3684514
2025-09-23,135.1999969482422,136.6999969482422,133.60000610351562,133.8000030517578,2731009
2025-09-24,133.6999969482422,135.6999969482422,132.3000030517578,135.0,1568372
2025-09-25,132.6999969482422,135.89999389648438,130.5,134.10000610351562,3105115
2025-09-26,129.10000610351562,133.1999969482422,129.10000610351562,132.5,1767830
2025-09-29,126.5999984741211,131.39999389648438,126.5999984741211,129.10000610351562,2067241
2025-09-30,126.5,128.6999969482422,126.19999694824219,127.19999694824219,4704783
2025-10-01,121.5999984741211,127.19999694824219,119.69999694824219,126.80000305175781,12682139
2025-10-02,120.0999984741211,122.5,118.0,122.0,5650563
2025-10-03,117.0,120.5,117.0,120.30000305175781,2281851
2025-10-06,117.0999984741211,118.30000305175781,115.80000305175781,117.5999984741211,2118323
2025-10-07,116.5,117.5,115.4000015258789,117.19999694824219,3303176
2025-10-08,116.19999694824219,121.0999984741211,116.0999984741211,116.9000015258789,5227109
2025-10-09,114.19999694824219,118.5999984741211,113.19999694824219,117.30000305175781,4386440
2025-10-10,113.5,114.5999984741211,112.30000305175781,114.5,3989996
2025-10-13,111.4000015258789,113.30000305175781,111.0999984741211,112.4000015258789,2948492
2025-10-14,108.5,112.19999694824219,108.0,111.69999694824219,3557105
2025-10-15,109.0999984741211,110.19999694824219,107.30000305175781,108.69999694824219,5098186
2025-10-16,106.9000015258789,110.0999984741211,106.4000015258789,109.5,5507692
2025-10-17,105.80000305175781,107.5999984741211,103.9000015258789,106.4000015258789,3686899
2025-10-20,107.5,107.5999984741211,103.30000305175781,106.4000015258789,5731986
2025-10-21,106.5999984741211,108.30000305175781,105.9000015258789,108.19999694824219,3999619
2025-10-22,105.80000305175781,108.0,105.0999984741211,106.9000015258789,5896814
2025-10-23,106.0999984741211,107.19999694824219,105.4000015258789,106.0,4360262
2025-10-24,111.4000015258789,112.0,106.5999984741211,107.4000015258789,8129773
2025-10-27,109.5999984741211,111.69999694824219,109.19999694824219,110.5999984741211,4621097
2025-10-28,107.9000015258789,109.30000305175781,107.30000305175781,109.30000305175781,2157564
2025-10-30,107.5999984741211,108.5999984741211,106.80000305175781,107.9000015258789,3700033
2025-10-31,110.5999984741211,110.9000015258789,106.69999694824219,107.19999694824219,4828610
2025-11-03,113.0,114.9000015258789,111.9000015258789,111.9000015258789,4804910
2025-11-04,112.0999984741211,113.9000015258789,111.5,113.0,2692274
2025-11-05,112.69999694824219,114.0,111.0999984741211,112.19999694824219,3147025
2025-11-06,112.0999984741211,113.5,111.69999694824219,113.19999694824219,2564306
2025-11-07,108.30000305175781,112.19999694824219,107.19999694824219,112.0999984741211,4128867
2025-11-10,107.30000305175781,109.4000015258789,106.5999984741211,109.0,3079581
2025-11-11,104.5,107.9000015258789,101.9000015258789,107.19999694824219,3551513
2025-11-12,103.5999984741211,106.0999984741211,103.4000015258789,105.5,2736316
2025-11-13,104.5,105.0999984741211,103.4000015258789,103.5999984741211,3222797
2025-11-14,104.19999694824219,105.0,102.80000305175781,104.5999984741211,2148259
2025-11-17,105.9000015258789,106.80000305175781,104.5999984741211,104.5999984741211,2071976
2025-11-18,104.5999984741211,106.5999984741211,103.5999984741211,105.0,2188695
2025-11-19,106.0999984741211,106.69999694824219,104.69999694824219,105.0999984741211,2920825
2025-11-20,106.9000015258789,107.69999694824219,106.0999984741211,106.80000305175781,2044963
2025-11-21,107.5,107.5,105.5999984741211,106.0999984741211,2008773
2025-11-24,106.69999694824219,108.5,106.0,108.0,3078330
2025-11-25,106.0,108.19999694824219,105.80000305175781,106.9000015258789,3264762
2025-11-26,105.5,106.30000305175781,104.9000015258789,106.19999694824219,2926124
2025-11-27,105.80000305175781,108.0,105.4000015258789,106.19999694824219,3830971
2025-11-28,105.69999694824219,107.4000015258789,105.0,105.80000305175781,4663946
2025-12-01,109.19999694824219,109.19999694824219,105.19999694824219,105.69999694824219,3228720
2025-12-02,108.5999984741211,110.0,107.69999694824219,109.19999694824219,1955006
2025-12-03,106.80000305175781,110.9000015258789,106.69999694824219,109.0999984741211,3306713
2025-12-04,104.5,107.5999984741211,104.19999694824219,107.0,2830530
2025-12-05,105.69999694824219,106.5,103.80000305175781,104.0,2520039
2025-12-08,108.30000305175781,109.0999984741211,106.0999984741211,106.0999984741211,2055539
2025-12-09,107.0,108.80000305175781,106.5,108.4000015258789,1670035
2025-12-10,106.80000305175781,108.9000015258789,106.5,107.0999984741211,2169680
2025-12-11,108.4000015258789,109.0,107.19999694824219,107.30000305175781,2752265
2025-12-12,109.30000305175781,110.69999694824219,108.5,108.80000305175781,2869600
2025-12-15,109.69999694824219,111.19999694824219,108.9000015258789,110.0999984741211,2636494
2025-12-16,107.9000015258789,110.0999984741211,107.30000305175781,109.5999984741211,1922724
2025-12-17,107.5999984741211,108.5,107.0999984741211,107.69999694824219,1487624
2025-12-18,108.4000015258789,109.0,107.30000305175781,108.5,1991801
2025-12-19,107.69999694824219,108.5,106.80000305175781,108.5,1515238
2025-12-22,105.69999694824219,111.0999984741211,105.4000015258789,110.4000015258789,5377419
2025-12-23,104.4000015258789,106.4000015258789,102.5999984741211,106.4000015258789,4427913
2025-12-24,107.80000305175781,108.0,104.4000015258789,104.4000015258789,3562192
2025-12-25,108.19999694824219,108.4000015258789,106.9000015258789,108.30000305175781,1058723
2025-12-26,107.30000305175781,108.4000015258789,105.80000305175781,108.4000015258789,1432004
2025-12-29,102.69999694824219,107.0999984741211,102.5999984741211,107.0999984741211,3633573
2025-12-30,101.5,103.4000015258789,99.6500015258789,103.19999694824219,6244437
2025-12-31,101.0,102.5,101.0,101.4000015258789,2076949
2026-01-02,104.9000015258789,104.9000015258789,101.5999984741211,102.0999984741211,2297070
2026-01-05,107.0,107.30000305175781,104.4000015258789,105.30000305175781,2844569
2026-01-06,110.0999984741211,111.80000305175781,106.0999984741211,106.9000015258789,5459006
2026-01-07,109.9000015258789,112.19999694824219,109.5999984741211,110.19999694824219,5521809
2026-01-08,111.5,112.30000305175781,108.5,109.9000015258789,5119495
2026-01-09,109.19999694824219,112.19999694824219,108.30000305175781,111.80000305175781,4017499
2026-01-12,109.69999694824219,110.69999694824219,107.69999694824219,109.5,3092188
2026-01-13,112.19999694824219,113.0,109.19999694824219,109.69999694824219,5119864
2026-01-14,111.5,114.69999694824219,111.4000015258789,112.5,4766471
2026-01-15,111.19999694824219,112.4000015258789,108.30000305175781,111.0999984741211,5578679
2026-01-16,114.4000015258789,114.9000015258789,111.19999694824219,111.19999694824219,4192470
2026-01-19,114.30000305175781,116.19999694824219,113.69999694824219,116.0,4720705
2026-01-20,110.19999694824219,114.0999984741211,109.80000305175781,114.0999984741211,4836257
2026-01-21,110.0,111.0,108.69999694824219,110.19999694824219,3213800
2026-01-22,112.0,112.19999694824219,109.69999694824219,111.0,4065013
2026-01-23,114.4000015258789,115.4000015258789,112.30000305175781,112.69999694824219,4785030
2026-01-26,114.5,114.69999694824219,112.69999694824219,114.19999694824219,3194157
2026-01-27,113.0,116.0999984741211,112.19999694824219,115.0,5684151
2026-01-28,114.0,114.9000015258789,113.0,113.0,5586275
2026-01-29,116.69999694824219,117.4000015258789,113.69999694824219,114.0999984741211,9019748
2026-01-30,114.0,117.80000305175781,113.0999984741211,116.9000015258789,8126936
2026-02-02,115.0,115.5999984741211,111.0999984741211,113.5,6261165
2026-02-03,118.19999694824219,118.80000305175781,115.19999694824219,115.5,7208582
2026-02-04,120.5,122.80000305175781,117.5999984741211,119.0,9886859
2026-02-05,121.0,124.0999984741211,119.30000305175781,120.5,9211107
2026-02-06,123.0,123.4000015258789,117.5,121.0,6528538
2026-02-09,124.69999694824219,126.5,124.19999694824219,126.0,4834750
2026-02-10,123.0,124.80000305175781,122.30000305175781,124.69999694824219,2979162
2026-02-11,122.69999694824219,124.19999694824219,121.69999694824219,122.0,4301436
2026-02-12,131.3000030517578,132.0,123.0999984741211,123.0999984741211,6664457
2026-02-13,132.39999389648438,132.5,128.8000030517578,132.3000030517578,4261442
2026-02-16,135.3000030517578,135.39999389648438,132.5,132.6999969482422,3613892
2026-02-17,131.89999389648438,136.0,131.6999969482422,134.6999969482422,3561239
2026-02-18,127.9000015258789,133.39999389648438,126.80000305175781,131.89999389648438,5245970
2026-02-19,120.80000305175781,127.69999694824219,120.0,127.5999984741211,4255558
2026-02-20,120.5,121.5999984741211,119.30000305175781,120.4000015258789,2708809
2026-02-23,124.4000015258789,124.9000015258789,120.80000305175781,121.0999984741211,3735666
2026-02-24,121.0,124.4000015258789,120.19999694824219,124.4000015258789,2853950
2026-02-25,118.80000305175781,121.80000305175781,118.0,121.4000015258789,2549977
2026-02-26,118.5999984741211,119.80000305175781,117.69999694824219,118.80000305175781,2672692
2026-02-27,115.19999694824219,119.9000015258789,114.5,119.30000305175781,3888551
2026-03-02,110.9000015258789,113.9000015258789,108.0,109.5,2644514
2026-03-03,109.0999984741211,113.5999984741211,108.69999694824219,110.9000015258789,2379720
2026-03-04,111.4000015258789,112.30000305175781,107.9000015258789,109.0999984741211,2707594
2026-03-05,112.19999694824219,115.19999694824219,111.80000305175781,115.0,1331256
2026-03-06,109.0,113.80000305175781,108.5,113.0,1447708
2026-03-09,107.5999984741211,108.0999984741211,104.19999694824219,106.0,2244723
2026-03-10,114.0,114.30000305175781,110.0,111.80000305175781,1765666
2026-03-11,113.0999984741211,115.9000015258789,110.9000015258789,114.19999694824219,1483431
2026-03-12,111.80000305175781,115.0999984741211,111.0,111.9000015258789,1845324
2026-03-13,111.80000305175781,113.4000015258789,110.30000305175781,112.80000305175781,1831562
2026-03-16,113.0,114.0,111.0999984741211,112.4000015258789,1588659
2026-03-17,114.80000305175781,115.0,112.69999694824219,112.69999694824219,1548669
2026-03-18,113.0,115.9000015258789,112.5,115.0,1762274
2026-03-19,117.0,117.0,112.69999694824219,112.9000015258789,1480646
2026-03-23,116.0999984741211,116.5,109.80000305175781,113.0,2722242
2026-03-24,114.0,117.0999984741211,113.9000015258789,115.9000015258789,1510877
2026-03-25,114.5,116.19999694824219,113.19999694824219,115.80000305175781,2337085
2026-03-26,111.30000305175781,114.0,111.30000305175781,113.5999984741211,2177361
2026-03-27,110.5,112.30000305175781,109.69999694824219,111.9000015258789,1197200
2026-03-30,108.0,112.0999984741211,108.0,110.19999694824219,1542228
2026-03-31,108.5999984741211,109.69999694824219,106.0,108.0999984741211,3386262
2026-04-01,110.19999694824219,111.4000015258789,108.80000305175781,110.19999694824219,2411584
2026-04-02,110.80000305175781,111.0999984741211,108.0,108.9000015258789,1285267
2026-04-03,109.5999984741211,111.0,108.80000305175781,110.9000015258789,938348
2026-04-06,110.4000015258789,110.80000305175781,109.5,109.5999984741211,1261516
2026-04-07,106.9000015258789,110.9000015258789,106.9000015258789,110.5,1349251
2026-04-08,111.9000015258789,113.69999694824219,110.5,110.5,2662479
2026-04-09,113.4000015258789,113.5,110.5,112.0,1942958
2026-04-10,117.30000305175781,118.30000305175781,115.19999694824219,116.5999984741211,4178260
2026-04-13,119.19999694824219,120.80000305175781,114.5,115.0,4351460
2026-04-14,117.80000305175781,121.0,116.5999984741211,120.80000305175781,3126045
2026-04-15,118.5999984741211,119.19999694824219,117.5999984741211,118.0,1211663
2026-04-16,116.0,120.4000015258789,115.5,118.9000015258789,1968346
2026-04-17,118.69999694824219,119.30000305175781,114.9000015258789,115.9000015258789,2827250
2026-04-20,116.4000015258789,117.19999694824219,116.0999984741211,116.19999694824219,1646708
2026-04-21,116.5999984741211,120.5,116.5,120.0,3913556
2026-04-22,115.19999694824219,117.30000305175781,114.4000015258789,116.9000015258789,1517402
2026-04-24,117.19999694824219,119.9000015258789,112.4000015258789,113.30000305175781,7498629
2026-04-27,116.5,118.19999694824219,116.0,117.19999694824219,2698151
2026-04-28,115.0999984741211,117.30000305175781,114.0999984741211,116.4000015258789,2233067
2026-04-29,112.30000305175781,115.69999694824219,111.80000305175781,115.4000015258789,2187189
2026-04-30,111.9000015258789,112.69999694824219,110.80000305175781,111.5,2628629
2026-05-04,110.0,112.5999984741211,109.30000305175781,112.19999694824219,1534742
2026-05-05,111.30000305175781,111.80000305175781,109.30000305175781,110.0,2111803
2026-05-06,113.5,114.5999984741211,111.9000015258789,112.0,4675445
2026-05-07,115.0,115.69999694824219,113.5,113.5,2575795
2026-05-08,114.19999694824219,115.4000015258789,113.4000015258789,114.69999694824219,1833627
2026-05-11,116.4000015258789,116.69999694824219,112.5999984741211,113.69999694824219,2371470
2026-05-12,114.69999694824219,117.69999694824219,114.4000015258789,117.0,3772840
2026-05-13,113.4000015258789,115.9000015258789,113.19999694824219,115.5,1912014
2026-05-14,112.0999984741211,114.9000015258789,112.0,113.69999694824219,1389477
2026-05-15,110.9000015258789,112.0,110.0999984741211,112.0,1613981
2026-05-18,107.30000305175781,110.9000015258789,107.30000305175781,110.5999984741211,2030590
2026-05-20,107.69999694824219,108.5,106.5999984741211,107.5,1204969
2026-05-21,102.0,107.9000015258789,102.0,107.69999694824219,2332471
2026-05-22,104.0999984741211,105.4000015258789,100.4000015258789,101.80000305175781,4527015
2026-05-25,105.0,105.5999984741211,103.5,104.0999984741211,2430071
2026-05-26,103.69999694824219,105.4000015258789,103.69999694824219,105.0,903766
2026-05-27,103.69999694824219,103.69999694824219,103.69999694824219,103.69999694824219,0
2026-05-28,103.69999694824219,103.69999694824219,103.69999694824219,103.69999694824219,0
2026-05-29,103.69999694824219,103.69999694824219,103.69999694824219,103.69999694824219,0
2026-06-01,104.0,106.0,103.5,103.9000015258789,2052800
2026-06-02,107.69999694824219,107.69999694824219,104.19999694824219,104.19999694824219,1798787
2026-06-03,105.69999694824219,107.0999984741211,105.4000015258789,106.69999694824219,1205754
2026-06-04,105.5,106.80000305175781,103.5999984741211,106.0,1812921
2026-06-05,103.30000305175781,105.5,103.30000305175781,105.19999694824219,1207843
2026-06-08,103.19999694824219,103.9000015258789,101.4000015258789,101.5,1579022
2026-06-09,102.5,103.9000015258789,102.5,103.5999984741211,1136410
2026-06-10,102.0,102.9000015258789,101.30000305175781,102.5,1025826
2026-06-11,101.5,102.9000015258789,101.0,101.5,1101043
2026-06-12,102.9000015258789,104.69999694824219,101.30000305175781,103.0999984741211,1605243
2026-06-15,106.0999984741211,106.9000015258789,105.0,106.0999984741211,2260483
2026-06-16,105.5,107.4000015258789,104.69999694824219,106.0999984741211,1728712
2026-06-17,103.5999984741211,105.80000305175781,103.0,105.5,1527829
2026-06-18,103.80000305175781,104.9000015258789,102.5,103.5999984741211,3106791
2026-06-19,103.5,105.19999694824219,102.0999984741211,103.80000305175781,3903150
2026-06-22,103.0999984741211,104.5,102.80000305175781,103.69999694824219,2026388
2026-06-23,101.4000015258789,103.0,101.0,102.0999984741211,1942400
2026-06-24,100.80000305175781,101.5999984741211,99.5999984741211,101.0,2251741
2026-06-25,100.0999984741211,103.0,100.0999984741211,101.19999694824219,1922889
2026-06-26,104.0999984741211,104.80000305175781,100.19999694824219,100.19999694824219,3390775
2026-06-29,101.5999984741211,104.4000015258789,101.5,103.80000305175781,2330001
2026-06-30,99.3499984741211,102.0,99.19999694824219,101.4000015258789,3200419
2026-07-01,99.80000305175781,100.30000305175781,98.55000305175781,99.4000015258789,1740207
2026-07-02,99.75,100.5,99.4000015258789,99.80000305175781,1065303
2026-07-03,100.19999694824219,101.30000305175781,99.69999694824219,99.8499984741211,1187909
2026-07-06,99.5999984741211,102.69999694824219,99.44999694824219,101.5999984741211,1423670
2026-07-07,98.80000305175781,99.94999694824219,98.5999984741211,99.30000305175781,1261296
2026-07-08,96.80000305175781,98.55000305175781,96.6500015258789,98.19999694824219,1564427
2026-07-09,96.5,97.1500015258789,96.0,96.5,966441
2026-07-10,98.9000015258789,100.0,96.0999984741211,96.0999984741211,1875554
2026-07-13,97.5,98.8499984741211,97.5,98.19999694824219,594269
2026-07-14,97.94999694824219,98.19999694824219,97.05000305175781,97.30000305175781,686082
2026-07-16,98.8499984741211,99.6500015258789,97.9000015258789,97.9000015258789,1086025
2026-07-17,97.5999984741211,98.8499984741211,97.19999694824219,98.1500015258789,930881
2026-07-20,98.44999694824219,99.69999694824219,97.30000305175781,97.5999984741211,995373
2026-07-21,98.5999984741211,99.8499984741211,97.94999694824219,98.55000305175781,1253225
2026-07-22,98.55000305175781,99.25,97.9000015258789,98.9000015258789,1137111
2026-07-23,99.0,101.69999694824219,98.6500015258789,99.0,2284870
2026-07-24,99.0,99.6500015258789,98.25,98.55000305175781,982015
2026-07-27,99.30000305175781,100.5999984741211,99.0,99.55000305175781,1324515
2026-07-28,97.5,101.80000305175781,97.30000305175781,99.30000305175781,2605306
2026-07-29,98.3499984741211,100.0999984741211,97.4000015258789,97.44999694824219,2235831
2026-07-30,96.9000015258789,100.5,96.55000305175781,99.0,2527992
2026-08-03,96.4000015258789,98.75,96.0,97.69999694824219,1259764
2026-08-04,97.44999694824219,97.75,96.0999984741211,96.0999984741211,862701
2026-08-05,98.0999984741211,98.0999984741211,96.55000305175781,97.0999984741211,938791
2026-08-06,98.0,100.80000305175781,97.9000015258789,99.4000015258789,1835318
2026-08-07,97.9000015258789,98.5,96.80000305175781,98.0,891136
