Price,Close,High,Low,Open,Volume
2021-08-10,7.799050331115723,7.87262609228759,7.764715038273289,7.769620213760288,26164952
2021-08-11,7.504746913909912,7.83338619117811,7.499841738360646,7.803955605665804,47167146
2021-08-12,7.602848529815674,7.646994176769611,7.5390826473025765,7.568513234532973,24299348
2021-08-13,7.578322887420654,7.627373708715058,7.548892768870653,7.602848298067856,15872284
2021-08-16,7.568512916564941,7.671519265868859,7.543987506200524,7.578322800040731,21127584
2021-08-17,7.568512916564941,7.578322800040731,7.485126801995899,7.568512916564941,23959430
2021-08-18,7.485126495361328,7.602847898948021,7.485126495361328,7.588132840445503,22554044
2021-08-19,7.494936943054199,7.5341774138725475,7.4311710610285555,7.4311710610285555,30635428
2021-08-20,7.543987274169922,7.543987274169922,7.440980928034173,7.494936454949745,21467874
2021-08-23,7.666614532470703,7.730380415983062,7.5685133531375826,7.5734180612667465,33259222
2021-08-24,7.681329727172852,7.73528572759007,7.661709490962044,7.676424551174317,26039080
2021-08-25,7.715664386749268,7.8186707352997535,7.627373564979774,7.681329093160203,52087282
2021-08-26,7.6911396980285645,7.853006755692093,7.671519462790055,7.715664641239221,48430940
2021-08-27,7.754905700683594,7.794146171773814,7.67642429071984,7.720569937642166,40053974
2021-08-31,7.7941460609436035,7.838291239454885,7.7254750036205415,7.7794305336565355,31985796
2021-09-01,7.705854892730713,7.833386657910551,7.700949716889185,7.818671130385966,33646000
2021-09-02,7.715664386749268,7.754905323715288,7.696044152157903,7.700949327751567,20682360
2021-09-03,7.700949192047119,7.730379777307192,7.632278606079088,7.715664250785514,24012438
2021-09-06,7.696044445037842,7.730380207716877,7.676424209699812,7.710759972378846,15571338
2021-09-07,7.553797721862793,7.7156647824896165,7.553797721862793,7.691139838829983,20692442
2021-09-08,7.445886611938477,7.573417908609223,7.440981436124864,7.553797673138083,21770442
2021-09-09,7.5194621086120605,7.5194621086120605,7.4017407000027955,7.440981169539217,24304588
2021-09-10,7.4164557456970215,7.553797388825681,7.406645862222336,7.534177154093015,19767602
2021-09-13,7.411550998687744,7.465506998160392,7.391930762820414,7.416456174600407,16365292
2021-09-14,7.33797550201416,7.436076684972236,7.313450089328807,7.411551272286882,25945932
2021-09-15,7.239873886108398,7.391930593654522,7.239873886108398,7.3379750631999805,34834574
2021-09-16,7.215347766876221,7.318354109660605,7.19572753338316,7.259493409181423,20817088
2021-09-17,7.288923740386963,7.288923740386963,7.200632920957251,7.2349682136364,22902270
2021-09-20,7.347784996032715,7.347784996032715,7.092721933893141,7.230063582737527,23315236
2021-09-21,7.225158214569092,7.367405503243266,7.220253506649843,7.337974916811261,33293302
2021-09-22,7.308544635772705,7.308544635772705,7.190823220692202,7.249683928232454,19372210
2021-09-23,7.308544635772705,7.382120871035511,7.269304164079204,7.27911451589424,29414166
2021-09-24,7.2006330490112305,7.298734221112891,7.181012814590898,7.264398927823132,19636256
2021-09-27,7.230063438415527,7.269303908730629,7.181013084413301,7.220253554728404,19977292
2021-09-28,7.171202659606934,7.234968540162702,7.131962189693121,7.200633245933942,18301696
2021-09-29,7.234968662261963,7.26439924908565,7.185917840150253,7.205538075438276,21894576
2021-09-30,7.426266670227051,7.440981730466659,7.210443603723932,7.234969015978832,53277822
2021-10-01,7.387025833129883,7.465506774245299,7.3379750110410935,7.357595246319947,40343858
2021-10-04,7.4655070304870605,7.548893150230115,7.401741146696294,7.401741146696294,51025642
2021-10-05,7.39193058013916,7.504747284425689,7.382120696339594,7.4900322248346844,35779774
2021-10-06,7.274209022521973,7.387025724554674,7.2055379661636625,7.362500313870757,43895008
2021-10-07,7.607753753662109,7.607753753662109,7.313449750634116,7.313449750634116,99431242
2021-10-08,7.73528528213501,7.76962057658081,7.553797522907286,7.6420888146631185,143678606
2021-10-11,7.759810447692871,7.833386682193931,7.720569976405632,7.764715623549605,65939350
2021-10-12,8.014874458312988,8.103165757882739,7.700950201452031,7.700950201452031,169049268
2021-10-13,7.995253562927246,8.166930981819958,7.9707286183282875,8.039399211658706,170140262
2021-10-14,8.127690315246582,8.196360906938956,8.000158548127427,8.000158548127427,141070152
2021-10-15,8.088451385498047,8.181647874538356,7.98544547832204,8.157121990282052,86642802
2021-10-18,7.980536937713623,8.073732451905657,7.867720724386575,8.044302338769564,89867770
2021-10-19,8.044303894042969,8.117879658891443,7.99525307228845,7.99525307228845,58942452
2021-10-20,7.995253562927246,8.09826038848954,7.960918266262038,8.06392509182433,91938432
2021-10-21,8.147311210632324,8.162025803160297,7.951107911637125,7.9854441438579515,87305072
2021-10-22,8.191454887390137,8.294460752555631,8.108068786061024,8.147309249300228,98214642
2021-10-25,8.181646347045898,8.245411763073802,8.09335505134061,8.09335505134061,79233384
2021-10-26,8.323891639709473,8.412182924095015,8.215980589664102,8.215980589664102,81357380
2021-10-27,8.08354377746582,8.142404946411228,8.024683544086953,8.112974829721795,121761514
2021-10-28,8.059020042419434,8.112976044064933,8.059020042419434,8.088450163513942,21549112
2021-11-01,8.08354377746582,8.157119536972674,8.02958871946295,8.08354377746582,55145814
2021-11-02,8.0050630569458,8.127689637929816,7.990348465990322,8.073733642915547,33224556
2021-11-03,7.965822696685791,8.108069981631923,7.6175631832480315,8.005063165711176,71054410
2021-11-04,8.181646347045898,8.191456698916852,8.000158579699844,8.04430422755249,87697692
2021-11-05,8.201265335083008,8.260126505142965,8.12768957418298,8.206170510551885,90015534
2021-11-08,8.299367904663086,8.397469553916235,8.211076607448586,8.211076607448586,116160188
2021-11-09,8.436710357666016,8.529905898991332,8.29936823043392,8.318987999714677,122013752
2021-11-10,8.377847671508789,8.475949306964107,8.28955638671231,8.441613079658174,82248038
2021-11-11,8.431804656982422,8.56424066419822,8.363133129854504,8.363133129854504,112299320
2021-11-12,8.515191078186035,8.54462119910342,8.451424724703916,8.466140252945944,79140104
2021-11-15,8.838924407958984,8.917405346950932,8.623101357947835,8.632911709213477,128620152
2021-11-16,8.740822792053223,8.907595021791531,8.740822792053223,8.843829609511163,94973666
2021-11-17,8.88306999206543,8.887975167664553,8.740822706390576,8.740822706390576,67439712
2021-11-18,9.143037796020508,9.216614494812312,8.853638983176946,8.90759497947318,157489212
2021-11-19,9.279425621032715,9.432927062970062,9.23981231522773,9.244764096510318,82372096
2021-11-22,9.249716758728027,9.432927961354064,9.165538357818395,9.413121778793103,62038250
2021-11-23,9.551769256591797,9.591382567919847,9.279426914812582,9.279426914812582,163089762
2021-11-24,10.398503303527832,10.438116611667803,9.655753067561559,9.655753067561559,151995132
2021-11-25,10.537150382995605,10.893670157228085,10.40840689507549,10.477729948395643,173648686
2021-11-26,10.240049362182617,10.596569110765131,10.160822751386503,10.398502583774846,126525372
2021-11-29,11.260093688964844,11.260093688964844,10.358890202426707,10.378696384664668,168603494
2021-11-30,10.764927864074707,11.616614558161862,10.497538239837525,11.289804492729822,310690406
2021-12-01,10.814443588256836,11.180866927275545,10.636183228129335,10.933283513523246,197947728
2021-12-02,10.84415340423584,11.111543946172265,10.82434722212339,10.88376671291652,108781946
2021-12-03,10.873863220214844,11.042220019314486,10.863960601322228,10.933283655849452,83052296
2021-12-06,11.161060333251953,11.299706435383055,10.735216575093316,10.962992853997688,115317972
2021-12-07,11.428450584411621,11.57700025804425,11.08183341999443,11.279900910778991,215510868
2021-12-08,11.83448600769043,12.141489830861001,11.51757956657683,11.537385746918583,222898702
2021-12-09,12.398977279663086,12.814916527940827,11.943423780214793,11.963229961344338,252201382
2021-12-10,12.131587982177734,12.517818470185858,11.90381168156544,12.438591848715857,139113092
2021-12-13,12.755496978759766,12.953563511381432,12.210813305708388,12.25042661223272,202470152
2021-12-14,12.963467597961426,13.181341264877082,12.765401057336177,13.003080906086476,102453296
2021-12-15,12.63665771484375,13.17143785289735,12.597044406264068,13.17143785289735,119571244
2021-12-16,13.537860870361328,13.547764433383895,12.696076902558243,12.775303517827268,170126778
2021-12-17,12.191007614135742,14.389547631189895,12.191007614135742,13.765637320040225,169112710
2021-12-20,11.983038902282715,12.686175911333285,10.972898011341385,12.032554834835786,120480416
2021-12-21,10.784733772277832,12.864433867475345,10.784733772277832,12.359363480065868,73273946
2021-12-22,9.942950248718262,10.834250195422676,9.829062100592129,10.249954109379805,113309938
2021-12-23,9.819157600402832,10.249953131708054,9.244764188299682,10.101402525122657,101531212
2021-12-24,10.705507278442383,10.705507278442383,9.804302854644167,9.858771508161274,80723248
2021-12-27,10.804540634155273,11.200674685164907,10.636183827755948,10.883767255466037,93720370
2021-12-28,10.477729797363281,10.992703741620593,10.319276566655109,10.903573563233309,52641402
2021-12-29,10.715410232543945,10.824347542986851,10.111307021142345,10.398503753704523,78238534
2021-12-30,10.457923889160156,10.972896902424951,10.408407017155366,10.863960539579034,57873860
2021-12-31,10.339083671569824,10.56686091939567,10.259857049140617,10.537151172098678,38037822
2022-01-03,10.794636726379395,10.794636726379395,10.319277013663347,10.388600068987156,61064146
2022-01-04,11.141253471374512,11.27990052124458,10.814443445103988,10.903573623987905,106163426
2022-01-05,11.398740768432617,11.438354077454605,10.953090805821303,11.151157350931243,89890050
2022-01-06,11.51758098602295,11.765164409769472,11.230384252255215,11.269997562276426,118434816
2022-01-07,11.616613388061523,11.725550695203248,11.359127354035119,11.616613388061523,64605930
2022-01-10,11.983038902282715,12.250428527001619,11.695842148977883,11.7255518974009,143423396
2022-01-11,11.884003639221191,12.171200356057474,11.606710485420308,12.141490611407033,118264414
2022-01-12,11.963231086730957,12.141491455944546,11.884004465848433,12.072167454330472,71043126
2022-01-13,12.032553672790527,12.32965396169583,11.943424436129142,11.983037745019463,150168774
2022-01-14,11.953327178955078,12.052360924435664,11.775067759328135,12.022651178573804,76699158
2022-01-17,11.992939949035645,12.329653535183537,11.992939949035645,12.141490560577465,103946860
2022-01-18,11.289804458618164,12.10187878206293,11.289804458618164,11.983038844488153,74117382
2022-01-19,11.497773170471191,11.547290041147335,10.933283300348117,11.279900450625366,105702304
2022-01-20,11.161060333251953,11.606710272662575,10.97289641685155,11.547289839995148,87775316
2022-01-21,11.042219161987305,11.170962642153384,10.923379244400703,11.071929849725738,55845374
2022-01-24,10.339083671569824,11.161061532070558,10.329181052108051,11.032318034509137,81098178
2022-01-25,10.477729797363281,10.566859975750566,10.111306465236696,10.418310308075593,60528668
2022-01-26,10.576764106750488,10.735217345967516,10.497537487141974,10.547053416055443,49702876
2022-01-27,11.042219161987305,11.042219161987305,10.38859914303314,10.438116011474818,80088846
2022-01-28,10.854057312011719,11.170963791515305,10.824347565672209,11.05212386170146,60787524
2022-01-31,10.695603370666504,11.042219573772813,10.655990063327048,10.962992959093901,50038984
2022-02-01,10.646086692810059,10.883766541142947,10.606473384754578,10.794636361904173,52156078
2022-02-02,10.527246475219727,10.804539623879158,10.467826042564838,10.725313009976464,54389088
2022-02-03,10.269760131835938,10.616377297063744,10.15092020376075,10.438116932723068,60105416
2022-02-04,10.160823822021484,10.339083242867893,10.081597202877347,10.309373496802792,41525386
2022-02-07,10.428213119506836,10.448020245939537,9.923143673397991,10.141016397423073,59446254
2022-02-08,10.438116073608398,10.576763117179262,10.309372592675965,10.428212510969969,71427850
2022-02-09,10.586665153503418,10.695602447627357,10.507438545661826,10.53714923194417,62481950
2022-02-10,10.497536659240723,10.675796067073328,10.457923352560618,10.606473016497077,50218310
2022-02-11,10.764927864074707,10.804541176719322,10.269760983789086,10.38860092172293,87931308
2022-02-14,10.814443588256836,11.022413693586998,10.418310504035468,10.804540025037358,197455530
2022-02-15,10.77483081817627,10.962993806468642,10.72531394406065,10.883767185665977,95464866
2022-02-16,11.02241325378418,11.081832741818616,10.77482984991065,10.794636031103552,122901710
2022-02-17,10.745121002197266,11.071931047014711,10.735217438546844,11.052123919713866,90832464
2022-02-18,10.725314140319824,10.883767384824639,10.56686089581501,10.814444326467742,46936258
2022-02-21,10.705507278442383,10.933283566867054,10.586666408140372,10.854056949636231,65623882
2022-02-22,10.63618278503418,10.695603217419862,10.35888963763104,10.428212688367893,61527616
2022-02-23,10.398503303527832,10.715409768647598,10.398503303527832,10.68570002365656,44621566
2022-02-24,9.35865306854248,9.982563399039417,9.35865306854248,9.606236488051307,75921236
2022-02-25,10.170727729797363,10.249954351623241,9.442831843145335,9.457687188908624,93572160
2022-02-28,11.0125093460083,11.032316471036504,9.982562455934307,10.032079324049112,124740042
2022-03-01,11.884003639221191,11.884003639221191,11.12144628569907,11.151156974805266,188166302
2022-03-02,11.369029998779297,11.874100393617692,11.309610507889943,11.735454285238681,150491696
2022-03-03,11.794872283935547,12.082068972115678,11.468062292022143,11.487869416116608,178406074
2022-03-04,11.983038902282715,12.260332091294583,11.844391835548844,11.844391835548844,128084502
2022-03-07,12.032553672790527,12.230621161697917,11.66613032944111,12.082070545017375,134407832
2022-03-08,12.834723472595215,13.062499746880537,11.943423611848544,12.0127466615083,209810550
2022-03-09,12.379170417785645,13.082307335294098,12.329653547223351,13.042694027735415,114997446
2022-03-10,12.091974258422852,12.597044661384523,12.052360949040905,12.428687860397298,111703594
2022-03-11,12.052360534667969,12.408880306847966,12.032553408430088,12.111780024470088,75158122
2022-03-14,11.933521270751953,12.181104695686825,11.884004396873816,12.08207094793055,47524964
2022-03-15,11.864197731018066,12.161298041387289,11.775068487917567,11.893908423174084,61533468
2022-03-16,11.606710433959961,12.052360379563739,11.576999744985493,11.933520457033115,55985130
2022-03-17,11.775067329406738,11.874100126815728,11.636420279687243,11.656227405842495,72941318
2022-03-18,11.537385940551758,11.844389768874805,11.537385940551758,11.775066719831672,54295536
2022-03-21,11.963231086730957,12.02265152462076,11.636421039476591,11.676034349917852,97519306
2022-03-22,12.032553672790527,12.141490980580748,11.973134181682937,12.082070545017375,67647036
2022-03-23,11.844389915466309,12.141490184901468,11.794873046484495,12.101876878607161,61046080
2022-03-24,11.68593692779541,11.992939821701917,11.68593692779541,11.854293719081845,53305316
2022-03-25,11.804776191711426,11.923616106391727,11.656226534474973,11.775066449155272,76045094
2022-03-28,11.676033020019531,11.913712855595408,11.666129457423276,11.903810237454863,62684776
2022-03-29,11.844389915466309,11.953326271661721,11.705742871208376,11.72554999658339,104451518
2022-03-30,12.07216739654541,12.230621582007815,11.943424846569417,11.943424846569417,155028838
2022-03-31,11.953327178955078,12.191007979217323,11.884004123792145,12.131587543037814,91759364
2022-04-01,12.270234107971191,12.309847415690838,11.943424083170173,12.002843572521765,132780732
2022-04-04,12.547527313232422,12.616850365910866,12.428687389588335,12.428687389588335,202074508
2022-04-05,12.884241104125977,12.99317746639094,12.61685056339956,12.6960771804024,303253200
2022-04-06,12.646561622619629,13.012984973077721,12.646561622619629,12.953564536361581,147904948
2022-04-07,12.923853874206543,13.191243459337466,12.814916572024245,13.072403538784195,148144138
2022-04-08,13.815154075622559,13.973607306754957,13.102113591071014,13.250664203599454,310757492
2022-04-11,13.854767799377441,14.181577834514005,13.696314563487686,13.825058053762058,211629196
2022-04-12,13.765637397766113,14.003318192252614,13.587377982470949,13.815154269303125,156870566
2022-04-13,13.795348167419434,14.191481253102841,13.577474498065673,13.884478347812145,210551940
2022-04-14,13.775541305541992,13.983511415634927,13.755735123105223,13.943898106305596,82523382
2022-04-15,13.636896133422852,13.805252001314622,13.626992569295142,13.785445817515061,63319118
2022-04-18,13.94389820098877,14.07264169329725,13.587378414603917,13.67650859731408,189148064
2022-04-19,13.726024627685547,14.201385290843765,13.626991825183781,14.161771980951897,152201464
2022-04-20,13.795348167419434,13.953801401692797,13.666604678458384,13.805250786219688,114289236
2022-04-21,14.12215805053711,14.132061613688869,13.825057767174686,13.825057767174686,185998482
2022-04-22,13.36950397491455,14.260803862126556,13.339794230529016,14.03302758107788,227745600
2022-04-25,13.36950397491455,13.51805364129797,12.94366021274699,13.201147182636944,135618228
2022-04-26,12.676270484924316,13.557666799493703,12.527719875719237,13.498247311376259,116886062
2022-04-27,12.448493957519531,12.626754320744123,12.240523848576101,12.547527702523368,131936316
2022-04-28,12.260330200195312,12.676270391784199,12.210813330824116,12.56733309027642,101803198
2022-04-29,12.131587982177734,12.398978537980858,11.963231175440027,12.389074974183151,104533418
2022-05-05,12.210814476013184,12.36926771729694,12.161297601998056,12.349461534364378,107242210
2022-05-06,11.933521270751953,12.161297568353245,11.85429465032926,12.161297568353245,103899272
2022-05-09,11.755260467529297,12.01274744660177,11.735454285384526,11.923617265810854,92121604
2022-05-10,11.83448600769043,11.884002875228354,11.775066522209476,11.854293132487877,17613802
2022-05-11,11.814681053161621,12.101877781332373,11.755260617059903,12.062264472083157,170257316
2022-05-12,11.210577011108398,11.745357163188867,11.180867265008317,11.656227924888622,179777664
2022-05-13,11.369029998779297,11.497773488313934,11.279900762445267,11.349223816634773,100357342
2022-05-16,11.19076919555664,11.576998671866038,11.19076919555664,11.398739276821571,106594606
2022-05-17,11.131349563598633,11.349223222517676,11.131349563598633,11.339319659735962,95908244
2022-05-18,11.0125093460083,11.180866130925216,10.933282734806893,11.091735957209707,103454982
2022-05-20,11.279900550842285,11.517580398852548,10.972896705487207,11.012510013488917,310364650
2022-05-23,11.68593692779541,11.804776849093646,11.398740215210738,11.398740215210738,195676700
2022-05-24,11.418546676635742,11.7849700124078,11.408644057959776,11.755260267468381,88426238
2022-05-25,11.715646743774414,11.804776921408026,11.458159773823038,11.458159773823038,135682030
2022-05-26,11.874100685119629,11.933521121923496,11.735454573336943,11.745357192424418,117617450
2022-05-27,11.636421203613281,11.923617944477417,11.616614075885352,11.903811761205322,73835448
2022-05-30,11.97313404083252,12.082070402885444,11.784970117475192,11.804777243915236,173568008
2022-05-31,12.11177921295166,12.230620073504797,11.963229553943789,12.0028428593096,148980246
2022-06-01,12.329652786254883,12.36926609136869,12.091972955572036,12.171199565799652,128986168
2022-06-02,12.299943923950195,12.448493592646075,12.250427052899648,12.40888028469679,84012552
2022-06-03,12.052360534667969,12.369266998827966,12.042456971549028,12.349460817045847,74734852
2022-06-06,12.290040016174316,12.41878349951282,12.141490351644517,12.141490351644517,106955790
2022-06-07,12.191007614135742,12.369267028424389,12.121683616593048,12.309847538480094,71126118
2022-06-08,11.57699966430664,12.309847264821979,11.51758017568329,12.260330394665358,99333856
2022-06-09,11.735453605651855,11.755259786649427,11.438353335042493,11.576999435392665,79265630
2022-06-10,11.50767707824707,11.715647185752683,11.468063769410563,11.616613441433522,68793954
2022-06-13,11.289804458618164,11.557195026503308,11.279901838828835,11.418547960438136,54016368
2022-06-14,11.527484893798828,11.616614135665678,11.299707646034646,11.339320957238524,81791282
2022-06-15,11.51758098602295,11.685937789727049,11.497773858784438,11.586904042446116,63454830
2022-06-16,11.269997596740723,11.57700051422999,11.161061229963211,11.527484584893912,62741514
2022-06-17,11.50767707824707,11.537386823760507,11.279900788551094,11.29970697074146,63029874
2022-06-20,11.804776191711426,11.83448593426758,11.497772370445551,11.567096362350824,68164362
2022-06-21,11.97313404083252,12.062264220901172,11.84439055233955,11.864196734323823,73445844
2022-06-22,11.755260467529297,11.943424392411403,11.755260467529297,11.893907520365808,62076322
2022-06-23,11.537385940551758,11.913712817917938,11.507676197312659,11.765163157266738,65776270
2022-06-24,12.161297798156738,12.319751041996305,11.606711444718254,11.606711444718254,200372498
2022-06-27,11.874100685119629,11.874100685119629,11.874100685119629,11.874100685119629,1129318
2022-06-28,11.487871170043945,11.94342470475669,11.339320550022252,11.923617577638144,93385540
2022-06-29,11.230382919311523,11.893906491754493,11.161059871116366,11.8840029293107,120535146
2022-06-30,11.319514274597168,11.5274843853586,10.992704235465746,11.200674346227178,122527312
2022-07-01,11.329416275024414,11.57699968172426,11.27990034924904,11.27990034924904,71045460
2022-07-04,11.071930885314941,11.458160417482617,11.052123758303368,11.378933798347925,68344040
2022-07-05,10.715410232543945,11.289803697668303,10.6857004862667,11.190770895258884,78704514
2022-07-06,10.913477897644043,10.933284080654612,10.665894471049096,10.784734402479973,69640516
2022-07-07,10.933282852172852,11.002605901604323,10.814442934095027,10.913476671387738,40607450
2022-07-08,10.992704391479492,11.032317701498368,10.88376708058573,10.913477771441743,18883080
2022-07-13,10.873863220214844,11.012510273725074,10.774830420098208,10.992704091484061,39638602
2022-07-14,10.705507278442383,10.923380003599256,10.695603715174586,10.883766694983846,47759898
2022-07-18,10.883766174316406,10.943186606624803,10.814443123669719,10.863959993184094,44651662
2022-07-19,11.042219161987305,11.06202628714626,10.834249070096824,10.85405619525578,54203426
2022-07-20,10.982800483703613,11.131350155505485,10.943187174926063,11.081833283419602,52161648
2022-07-21,11.052123069763184,11.15115680973971,11.00260619977492,11.00260619977492,70390616
2022-07-22,11.071930885314941,11.22048056007854,11.022414012241809,11.091737067870715,55550756
2022-07-25,11.131349563598633,11.200673558614897,11.042219387474674,11.071930075819813,53313822
2022-07-26,11.02241325378418,11.220479787991856,11.012509690959863,11.151156737133103,42598684
2022-07-27,11.062026977539062,11.230383774074669,11.022413669204553,11.052123414341493,56232926
2022-07-28,10.943187713623047,11.190771141784401,10.913477966691316,11.170964014192696,50876244
2022-07-29,10.992704391479492,11.06202744789857,10.87386351696706,10.972897264242151,50049296
2022-08-01,11.428450584411621,11.428450584411621,11.022413928323695,11.032317491754082,99987490
2022-08-02,11.250189781188965,11.47796700891462,11.220480036513708,11.448257264239363,68389868
2022-08-03,11.487871170043945,11.577000408709997,11.269997494018945,11.279901057578218,82253388
2022-08-04,11.57699966430664,11.67603340461988,11.56709704583991,11.62651653446326,54752906
2022-08-05,11.666130065917969,11.775067371247433,11.547290141931448,11.63642032103528,107172236
2022-08-08,11.884003639221191,11.94342407297783,11.705743282407033,11.705743282407033,82138506
2022-08-09,11.864197731018066,12.082071417882943,11.755261359813554,11.963231482626425,74653268
2022-08-10,11.884003639221191,11.94342407297783,11.784969897778714,11.80477702384951,58954528
2022-08-11,11.933521270751953,12.161297568353245,11.913714143418373,12.002844327507857,82995538
2022-08-12,12.161297798156738,12.260331547784384,11.804777999517713,11.97313480721121,154211320
2022-08-15,12.11177921295166,12.37916973251267,12.091973032496604,12.280135996870289,95126082
2022-08-16,11.903812408447266,12.181105600524607,11.527485461257218,12.151395851773149,118787010
2022-08-17,12.299943923950195,12.319750105696958,11.933520589305363,11.98303746035591,143957642
2022-08-18,12.834723472595215,12.854529653445551,12.131586579977474,12.398977104874907,285236814
2022-08-19,12.646561622619629,13.012984973077721,12.567334058846175,12.913951226702755,136942474
2022-08-22,12.775303840637207,12.923854456362063,12.507914243461709,12.646561295913752,159738244
2022-08-23,12.864433288574219,13.141727377686896,12.795110238523911,12.805013801232732,228436528
2022-08-24,12.5574312210083,13.06250067424549,12.527720530939925,12.96346787405159,143601980
2022-08-25,12.973370552062988,13.042693601913466,12.557430364048676,12.597043670314052,187597498
2022-08-26,13.220954895019531,13.795348349050903,12.943660786934478,13.062500714204162,337086564
2022-08-29,13.102113723754883,13.40911757052472,12.983273799202104,13.250664337787681,101966038
2022-08-31,12.904047012329102,13.37940764871492,12.904047012329102,13.250664162703256,110908952
2022-09-01,12.597044944763184,13.01298517485837,12.597044944763184,12.854530989310257,116253712
2022-09-02,13.488344192504883,13.567570808906364,12.626754030796958,12.646561157125213,233916422
2022-09-05,14.25090217590332,14.379645669270463,13.597281145472639,13.597281145472639,288766444
2022-09-06,13.963704109191895,14.686647182372939,13.696313584400626,14.409354039388292,262502204
2022-09-07,14.19148063659668,14.538097779853754,13.894380363012864,13.993414102359381,244877192
2022-09-08,13.884477615356445,14.726260614140575,13.765636751464928,14.359837293099616,242440954
2022-09-09,14.518291473388672,14.746068708955569,13.973607765160825,13.973607765160825,286149790
2022-09-12,15.964179992675781,15.964179992675781,14.607421999561499,14.84510185966463,393813008
2022-09-13,14.855005264282227,16.934706379064057,14.855005264282227,16.73663888664232,508454116
2022-09-14,16.340505599975586,16.340505599975586,14.171675272266645,14.686648290967048,372344892
2022-09-15,16.76634979248047,17.855717236965692,16.419732620747222,16.815865721765952,630451656
2022-09-16,16.736637115478516,17.469483737626483,16.489053720607792,16.766347802871106,353236218
2022-09-19,15.062973976135254,16.984220729569653,15.062973976135254,16.786155144463425,211126912
2022-09-20,15.231330871582031,15.538333758490253,14.359837190805363,15.112490952992811,271222364
2022-09-21,15.389785766601562,16.07311560876443,15.102589029394586,15.25113870763909,290315412
2022-09-22,15.310558319091797,15.686885220712334,15.21152457597111,15.409592062212486,143955020
2022-09-23,14.904522895812988,15.409593327168778,14.864909584204055,15.350172887527455,92047380
2022-09-26,14.934231758117676,15.300655104893023,14.755971394216667,14.855005139596292,121404764
2022-09-27,14.696551322937012,15.270944756791467,14.656938015238627,14.973844476825704,110987658
2022-09-28,14.231094360351562,14.904521540942516,14.171674870567514,14.656938129778874,111182566
2022-09-29,14.805487632751465,15.211524271395968,14.12215784115926,14.359837686543004,268269508
2022-09-30,14.508387565612793,14.894618028342062,14.379645022492134,14.85500472019976,128202462
2022-10-03,15.785917282104492,15.835434151352178,14.617324267920038,14.617324267920038,187730150
2022-10-04,15.508625984191895,16.152342527734472,15.429399361739142,15.875050293605675,176585898
2022-10-05,15.330364227294922,15.736401811274693,15.171910996695866,15.647271632948787,132534356
2022-10-06,15.568045616149902,15.815629034593005,15.409592379459243,15.459108307583232,129674008
2022-10-07,15.587851524353027,15.983984609112584,15.52843203386698,15.617562214051823,193732298
2022-10-10,16.231569290161133,16.24147285416709,15.746305987339364,15.746305987339364,209799654
2022-10-11,15.974081993103027,16.27118324097372,15.92456606291374,16.27118324097372,154275802
2022-10-12,15.65717601776123,16.459346720341554,15.587852017393773,16.340505846699,190112260
2022-10-13,15.389785766601562,15.766112688537568,15.300655581872531,15.676982503808539,133435172
2022-10-14,15.419495582580566,15.68688613796803,15.379882271907146,15.597755952838876,103597310
2022-10-17,16.19195556640625,16.40982828954778,15.429398202043602,15.518528381717758,269637726
2022-10-18,16.57818603515625,16.8257694620055,16.152342238749682,16.350409735793736,249000380
2022-10-19,16.221662521362305,16.964412674864285,16.221662521362305,16.68712049312679,169460380
2022-10-20,16.102825164794922,16.449442315538107,15.95427549702256,16.350408574052697,190703354
2022-10-21,15.766111373901367,16.132535646001543,15.766111373901367,16.09292139435331,119903678
2022-10-24,15.785917282104492,16.063210427653516,15.736401357312532,15.825530588611496,121275966
2022-10-25,15.795821189880371,16.122632156271482,15.686884830720498,15.855241623166686,177619610
2022-10-26,16.449443817138672,16.449443817138672,15.88495389472688,15.914662697646438,204725050
2022-10-27,16.023597717285156,16.538571635137544,15.96417823104416,16.51876451008674,128615440
2022-10-28,15.74630355834961,15.974079828615297,15.74630355834961,15.84533729422077,36046072
2022-10-31,15.954275131225586,16.07311410715415,15.696788164831739,15.785917396778164,103502914
2022-11-01,16.50886344909668,16.697027387768358,15.974082325159813,16.00379301723798,224811198
2022-11-02,17.766584396362305,18.033973018995713,16.45934441402532,16.548472695628895,464580694
2022-11-03,17.083255767822266,17.90523263645667,17.023836276655512,17.7863917652116,267146266
2022-11-04,17.3902587890625,17.56851915263416,17.033739950830757,17.1624824973483,221552396
2022-11-07,17.657649993896484,18.113204483250474,17.459582496105767,17.538809117439722,264840192
2022-11-08,17.915136337280273,18.42020673835239,17.479388991253266,17.736875973500517,334216540
2022-11-09,18.925277709960938,19.202569938500847,17.855717383950164,17.92504044108514,387477764
2022-11-10,18.83614730834961,19.15305378812183,18.38059282699333,18.687597632070332,242358210
2022-11-11,19.2421817779541,20.054255012017375,19.014405507699554,19.073824993654785,312310864
2022-11-14,20.648456573486328,21.064396773848337,19.22237561668637,19.27189154264624,341255252
2022-11-15,20.37116241455078,21.539756397175083,20.163193259462467,20.89603991711077,275989874
2022-11-16,19.824668884277344,20.750218484767952,19.625625265467523,20.6009367197709,180090024
2022-11-17,20.372034072875977,20.790024114492088,18.938926985809704,19.934141189827063,297473220
2022-11-18,19.764955520629883,20.471556723702133,19.58581665274663,20.16304083913682,158703510
2022-11-21,20.690505981445312,20.690505981445312,19.8644762992041,19.924190523268685,240463814
2022-11-22,21.198062896728516,21.31748944268368,20.610886333741767,20.799977573912216,230449522
2022-11-23,21.8847599029541,22.113658712050153,20.690504008830942,21.267728165545577,232863104
2022-11-24,22.840167999267578,23.656243387786848,21.80514425894618,21.924570805221936,326856612
2022-11-25,23.984664916992188,24.034424872511714,22.700837563805663,22.840168856057463,270875618
2022-11-28,23.39748764038086,24.4524142316928,23.327822945419776,24.143898340484892,211459310
2022-11-29,23.387537002563477,23.626388216505298,22.98945164599377,23.497011187452912,144642028
2022-11-30,24.143898010253906,24.422558684507404,23.14868375706069,23.268108404440373,237300268
2022-12-01,23.755765914916992,24.512127104163287,23.61643462365953,24.422559564511463,175583934
2022-12-02,23.407440185546875,24.721122723819914,22.860071195786052,23.815477886125,281581902
2022-12-05,24.77088165283203,25.079399431791913,23.18849087044737,23.58657808223812,252690338
2022-12-06,24.402652740478516,25.37796220493854,24.213561510194896,24.780833302825307,173264330
2022-12-07,24.571840286254883,25.950212245930093,23.994616099010077,25.17891968604408,281600348
2022-12-08,25.37796401977539,25.452605849710025,24.213563241762756,24.611648572232763,212859162
2022-12-09,26.62198257446289,27.268871491020665,25.527246462784774,25.726290082442844,253710578
2022-12-12,29.010494232177734,29.1348960101015,26.796142205490632,26.920543983414397,246724492
2022-12-13,29.532981872558594,30.876521478925298,29.110016578989686,29.856427260502244,274086088
2022-12-14,28.06504249572754,30.553078110660103,28.06504249572754,29.53298198996133,294442282
2022-12-15,29.010494232177734,29.85642670170343,27.890878230863855,29.110016034160843,272779202
2022-12-16,28.66217041015625,29.483222947735864,28.56265050106104,29.15977754851466,49637768
2022-12-19,29.582744598388672,30.15499166553801,29.0353756101608,29.11001743980751,180215518
2022-12-20,30.354036331176758,30.976045272389396,29.30906206922778,29.582745623717216,298376262
2022-12-21,29.48322105407715,30.67747886872036,29.28417745222979,30.453555291197198,201398326
2022-12-22,28.910974502563477,29.881308819567515,28.662170928881448,29.632505245885486,132599028
2022-12-23,28.8612117767334,29.483220651231964,28.687050051161975,28.98561355163311,103901768
2022-12-26,29.458341598510742,29.931068737579224,29.159776190468307,29.25929799314912,156308990
2022-12-27,28.836334228515625,29.682266748678842,28.73681242057514,29.48322313279787,125531674
2022-12-28,29.060256958007812,29.234418693061237,27.940640922954405,28.86121334804343,184648602
2022-12-29,29.259300231933594,29.657385574895965,28.81145493293367,29.060258509562733,127069110
2022-12-30,30.926284790039062,31.4985318672831,29.532983266859155,29.557865142660706,358105196
2023-01-02,32.14542007446289,32.344463687210876,31.22484763649973,31.34924941991208,188727498
2023-01-03,34.3846549987793,34.68321854419203,32.12054463266143,32.36934821991228,263514414
2023-01-04,32.419105529785156,34.40953406519556,32.220061916955885,34.38465218992647,221434950
2023-01-05,30.926284790039062,32.99135519900737,30.553079431663146,32.667909795793335,173804532
2023-01-06,31.299489974975586,31.92149890215538,28.114803508526787,29.33394138544331,297530190
2023-01-09,29.408580780029297,32.34446362192283,28.86121369340806,32.09566005560035,217603688
2023-01-10,28.935853958129883,30.25451164941137,28.512886779317714,29.4085791900075,237561544
2023-01-11,26.273656845092773,29.65738504742234,26.174135036567073,28.960736184183656,203951162
2023-01-12,27.816238403320312,28.114801912125483,25.875569901425223,27.21910948748948,221155860
2023-01-13,27.492794036865234,28.761691843537978,27.020066881926606,27.567435865936805,199425798
2023-01-16,28.836334228515625,28.985615991316052,27.617196352241045,27.617196352241045,146993280
2023-01-17,29.309059143066406,29.532980820970522,28.43824671230899,28.91097194185808,168262172
2023-01-18,31.374130249023438,32.070779116120164,30.503317741487066,30.951164933222593,298097778
2023-01-19,30.702360153198242,31.52341077482287,30.47843656612951,31.00092367047619,192089780
2023-01-20,31.075565338134766,31.34924887726039,30.50331638505529,31.00092351009117,110104066
2023-01-23,30.304275512695312,31.772215053602434,29.856428328479875,31.374129722200152,140799240
2023-01-24,31.34925079345703,31.34925079345703,29.085138615795934,30.254514671819162,204104444
2023-01-25,30.677480697631836,31.299489617711796,29.333941050615007,31.299489617711796,169864126
2023-01-26,30.32915496826172,31.423891034451504,30.30427499139343,30.677480339079455,206501790
2023-01-27,30.627717971801758,30.901401509189256,29.50810194758156,30.055470920577083,207715584
2023-01-30,29.383699417114258,30.752118967344323,29.383699417114258,30.62771719005068,108799986
2023-01-31,28.264083862304688,29.632503433877915,28.264083862304688,29.18465816756807,156786684
2023-02-01,26.39805793762207,28.66217000554744,26.39805793762207,28.33872650911271,129450268
2023-02-02,26.59710121154785,27.318631922459694,24.45241381938574,26.572221234941345,233363462
2023-02-03,28.5875301361084,28.761691873160686,26.273656211153348,26.59710160650253,167600982
2023-02-06,29.259300231933594,30.08035279409776,26.497580910995133,27.89088056047375,30408262
2023-02-07,26.348297119140625,29.25929798262966,26.348297119140625,28.811452718057772,170916522
2023-02-08,23.73586082458496,23.73586082458496,23.73586082458496,23.73586082458496,4
2023-02-15,28.960735321044922,28.960735321044922,26.67174138605685,27.368392126753342,94406834
2023-02-16,28.338726043701172,31.598052320765998,27.96552070132992,31.598052320765998,142396750
2023-02-17,27.816238403320312,28.68705085192597,27.39327121792241,27.642074774666884,82366398
2023-02-20,27.24399185180664,27.96552260926118,26.796144651118816,27.915760754617718,71808286
2023-02-21,27.069828033447266,28.16456217669346,26.89566440286136,27.094708009753678,124192444
2023-02-22,27.368391036987305,28.04015987587971,26.821023975535752,27.069827530417456,86426064
2023-02-23,27.044946670532227,27.592315650730473,26.845904958095137,27.39327204007283,43745688
2023-02-24,26.522459030151367,27.36839151104598,26.37317727428067,27.094707975579624,52712686
2023-02-27,27.592315673828125,27.592315673828125,25.776048894273508,26.522459587533668,85697052
2023-02-28,27.467912673950195,28.015279732121005,27.119587319559468,27.617194426340372,76802488
2023-03-01,27.61719512939453,28.31384585591071,27.51767332586072,28.16456220149973,84501442
2023-03-02,27.542552947998047,28.512887198088546,27.46791301997293,27.46791301997293,137556126
2023-03-03,27.169349670410156,27.716718675142324,26.174135368956,27.2688714801997,87782650
2023-03-06,27.716718673706055,28.015282204838577,27.219111523004763,27.293751456677576,72420102
2023-03-07,27.816238403320312,28.761690780017013,27.716716600978426,28.065041960064786,96838936
2023-03-08,28.338726043701172,28.413365973243103,27.492793554682226,27.691837163235107,84350828
2023-03-09,28.98561668395996,29.08513849427863,28.288965909949916,28.612411318930434,135708190
2023-03-10,28.214324951171875,29.184659244651602,28.164563098709497,28.836333870297267,98627910
2023-03-13,28.288965225219727,28.836334219613104,28.08992350762081,28.3636070557072,90549308
2023-03-14,28.836334228515625,29.408581302287356,28.363607064463775,28.388487041893747,198723722
2023-03-15,27.51767349243164,28.786571275062276,27.194230001764513,28.786571275062276,112831378
2023-03-16,27.96552085876465,28.040160788726773,27.169348318291526,27.76647724909123,71741646
2023-03-17,28.53776741027832,28.736811016433595,28.06504216754543,28.21432392305163,144880540
2023-03-20,27.592315673828125,28.985615254936317,27.49279386841599,28.264084538474048,143023580
2023-03-21,26.522459030151367,28.015280385299327,26.522459030151367,27.64207504651234,102215032
2023-03-22,27.368391036987305,27.368391036987305,26.323416865772344,26.6966221980949,73005758
2023-03-23,28.164562225341797,28.164562225341797,27.06982808020468,27.16934798560222,65092508
2023-03-24,28.015281677246094,28.68705245697422,27.791358084003384,28.189445315644026,69556066
2023-03-27,28.189443588256836,28.4880070954714,27.617194651505024,28.264083515950233,69735456
2023-03-28,26.49757957458496,28.363606305189535,26.49757957458496,28.21432454638528,60075182
2023-03-29,26.99518585205078,26.99518585205078,25.999971627090385,26.49757873957058,68165344
2023-03-30,26.348297119140625,27.34351134914994,26.323417143034494,26.99518598900258,75131346
2023-03-31,25.850692749023438,26.721505292746514,25.776050914558894,26.497581687573582,76935354
2023-04-03,25.40284538269043,25.726290799089725,24.601697543669367,25.676528943678694,81018788
2023-04-04,26.472700119018555,26.472700119018555,25.303322205884513,25.477485843102222,66286316
2023-04-05,25.950212478637695,26.671741295498585,25.850690673416022,26.522459536776353,54832594
2023-04-06,26.32341766357422,26.348297640172348,25.800928663910828,25.800928663910828,41599006
2023-04-07,25.950212478637695,26.522459536776353,25.925330603666865,26.298535949582725,35896384
2023-04-10,26.895666122436523,27.044947888039836,26.07461546250798,26.07461546250798,49765000
2023-04-11,26.62198257446289,27.11958972538743,26.472700808829657,26.995187937656294,45532638
2023-04-12,27.393272399902344,27.517674183642335,26.59710174325462,26.646861697462384,98529140
2023-04-13,26.845903396606445,27.567434070496972,26.845903396606445,27.443032295626896,57240710
2023-04-14,26.32341766357422,27.268870061846876,26.273655812157422,26.895664718213332,42177496
2023-04-17,25.900449752807617,26.646860419448874,25.82580982507578,26.447818713943498,52505902
2023-04-18,25.776050567626953,27.044948448900602,25.7262906108008,26.348299562231087,55175532
2023-04-19,26.373178482055664,26.82102566839768,25.427724154542787,25.77604953300651,56692662
2023-04-20,25.850692749023438,26.099496332944316,25.726290957062997,25.950214562235928,14089458
2023-04-24,25.577007293701172,26.37317794404448,25.552125418573738,25.975092618872825,40194408
2023-04-25,24.830595016479492,25.850689190487554,24.780833167612975,25.626765616139334,33953932
2023-04-26,24.104087829589844,24.95499743402815,24.084184987751083,24.78083380584044,61892452
2023-04-27,23.566675186157227,24.462367686335636,23.566675186157227,24.08418708340543,61630948
2023-04-28,22.252992630004883,23.725909356605893,21.914619611972128,23.576627589408066,55590330
2023-05-02,21.456817626953125,22.491841306410304,21.41701004601578,22.252990126124903,58279312
2023-05-03,21.088590621948242,21.606100592563113,20.36208277222059,21.45681883376612,71373566
2023-05-04,20.899499893188477,21.695670558402654,20.70045627777463,20.899499893188477,48500006
2023-05-05,20.103328704833984,21.048781107895145,19.983902159049343,20.899499349329755,38148790
2023-05-08,20.720361709594727,20.919405331642935,20.023712828867325,20.3521334764924,44267002
2023-05-09,19.924190521240234,21.05873420326322,19.834621083373094,20.720361193147486,65017160
2023-05-10,19.4166316986084,20.11328058681978,19.297205144452363,19.954046446758852,33066224
2023-05-11,20.879594802856445,21.09854315579456,19.40667814772988,19.41663051815621,111256504
2023-05-12,20.53127098083496,21.148304706306668,20.063520924807868,20.919405863881966,66770276
2023-05-15,20.163042068481445,21.96437943094106,20.0336631456906,20.53127029871861,115817526
2023-05-16,21.277679443359375,21.387153616301788,20.252609999336787,20.292417581539162,93555782
2023-05-17,21.536436080932617,21.95442614804039,21.21796781994013,21.3373943669226,90362982
2023-05-18,20.98906898498535,21.675767358822725,20.660648353710187,21.62600550667766,54758428
2023-05-22,20.700456619262695,21.387155015726016,20.312323650845467,21.098543856657486,66820336
2023-05-23,20.541221618652344,20.979116422415554,20.451652183832127,20.660648164486147,47858222
2023-05-24,20.133182525634766,20.670599097178595,19.954043668453487,20.511364979288665,50114648
2023-05-25,20.023712158203125,20.3123233124637,19.80476380163931,20.192898661811252,46186762
2023-05-26,21.765336990356445,22.02409103095737,20.023712012236007,20.023712012236007,122829696
2023-05-29,23.93490219116211,23.93490219116211,22.501795023633573,22.939687931268125,117416060
2023-05-30,24.382749557495117,25.178920212329178,23.994616600541082,24.43250951158953,171001340
2023-05-31,23.636337280273438,24.571839160973354,23.437293680730324,24.34293845203264,110750694
2023-06-01,23.73586082458496,24.323037398350998,23.666196129090785,23.72590845405428,68833498
2023-06-02,24.412607192993164,24.770883046249953,24.18370646387115,24.293180643093827,134435160
2023-06-05,25.427722930908203,25.601886560869254,24.810691168552715,24.880355861248933,103202290
2023-06-06,25.900449752807617,27.21910935649537,25.900449752807617,26.074613380622868,182043016
2023-06-07,27.02006721496582,27.219110829462966,26.37317831518097,26.547340054200532,161013452
2023-06-08,27.169349670410156,27.293751458091926,26.34829901064286,26.89566611715439,112848506
2023-06-09,27.666954040527344,27.816237689318534,26.821023487886322,27.36839053938586,106546850
2023-06-12,26.94542694091797,28.164562895009897,26.89566508881549,27.865999375277294,90213886
2023-06-13,25.87557029724121,27.044946272539864,25.800928469787884,26.945426366896125,81987718
2023-06-14,25.99997329711914,26.62198222767223,25.37796436656605,25.875571511008523,85248970
2023-06-15,26.32341766357422,26.398057593368605,25.87557049192575,26.024852249735062,55001784
2023-06-16,26.149253845214844,27.06982815857131,26.12437386879343,26.572221037260956,76744852
2023-06-19,24.631553649902344,26.12437508322976,24.53203184136973,26.07461512807376,61362146
2023-06-20,24.123992919921875,24.905235945496205,24.054328226923477,24.53203060595864,79865244
2023-06-21,24.382749557495117,25.004758474778157,24.09413650872991,24.183705944676316,87859892
2023-06-22,25.601886749267578,25.601886749267578,24.044375929390295,24.432508876251394,97847542
2023-06-23,26.32341766357422,26.373177616770477,25.552125101488464,26.17413400754437,71721224
2023-06-26,27.29374885559082,27.368390680370922,26.422936424851745,26.472698274111966,76546926
2023-06-27,27.094709396362305,27.169349329101337,26.870785801703985,27.119589373941984,27652004
2023-07-03,28.488008499145508,28.61241028298457,27.492794228433,27.816239625702796,123337278
2023-07-04,29.632503509521484,29.781785265339174,28.488007517291855,28.88609283221253,165159914
2023-07-05,29.607624053955078,30.080351204208554,28.463128041597564,29.63250403065883,140414348
2023-07-06,29.15977668762207,30.03058915404004,29.15977668762207,29.73202563912781,100299000
2023-07-07,29.383699417114258,29.90618650210346,28.91097228375432,29.01049408523333,103586036
2023-07-10,30.65260124206543,30.901404829738755,30.254515881432255,30.602841283819057,127667630
2023-07-11,31.548294067382812,32.0956611730615,30.97604508562912,31.797097642367785,152843776
2023-07-12,31.498531341552734,31.971258500582902,30.901402398473607,31.299489626006746,137298190
2023-07-13,33.837284088134766,34.509052939419824,31.299488540812867,31.299488540812867,330152130
2023-07-14,34.58369445800781,35.65355051347899,33.289916719586365,34.21048912213003,216331796
2023-07-17,36.82292938232422,37.569340113047005,34.48417727796934,34.80761889079617,225620128
2023-07-18,34.58369445800781,38.41526772110998,34.58369445800781,37.320533587778215,259386594
2023-07-19,35.62866973876953,35.70331156753692,33.91192665932504,34.55881365027985,174493980
2023-07-20,36.648765563964844,37.12149081476306,35.653551312649796,36.82292729865676,152610080
2023-07-21,35.92723083496094,36.52436162839671,35.23058393728049,36.42483793127032,101943644
2023-07-24,34.98178482055664,36.524366255239045,34.35977587137492,36.02675909589367,118180550
2023-07-25,35.28034973144531,36.424843964665904,34.21049353788145,34.98178618349392,184744208
2023-07-26,36.97220993041992,37.121489786115944,34.956899608775345,35.30522306850703,153631664
2023-07-27,36.44972229003906,37.619098286813525,36.325320507479205,37.29565289286967,127180366
2023-07-28,37.1463737487793,37.619099013056356,36.574124778668356,36.77316839389493,146447036
2023-07-31,37.121490478515625,38.04206289335526,36.997088698228076,37.32053408626391,134665650
2023-08-01,37.096614837646484,38.4899125905449,36.549243931265046,37.07173296137776,177627908
2023-08-02,39.16168212890625,39.16168212890625,37.096615443860436,37.27077719126363,158411726
2023-08-03,38.06694793701172,39.510009467768406,37.7683843987548,39.21144592951149,124222306
2023-08-04,38.16646194458008,38.4899073094882,37.420051316226306,38.11670199531132,103358154
2023-08-07,39.01240158081055,39.58465056643491,38.41527071894288,39.2114452014331,93382256
2023-08-08,37.81814193725586,39.23632150061473,37.643980200780405,39.08704163925339,86349174
2023-08-09,38.56455612182617,38.91287962628544,37.37029814070068,37.49469993464206,97013926
2023-08-10,37.27077102661133,40.08225178603801,36.748282074380974,38.6391904957053,174970668
2023-08-11,39.03727722167969,39.26120270455535,37.17125051325444,37.27077421556842,143994248
2023-08-14,38.76359558105469,40.380818728304256,38.46503206700452,39.55976621733549,111411464
2023-08-15,39.31096649169922,39.758813704690404,38.11670852253653,38.86311927870803,99237052
2023-08-16,37.07173156738281,38.365509359439486,37.07173156738281,37.96742592919805,136096148
2023-08-17,36.87268829345703,37.71862270883412,36.87268829345703,37.66885895770985,91263838
2023-08-18,35.15594482421875,37.245893271285716,34.80761755208015,36.94732974976774,94952460
2023-08-21,36.748287200927734,37.09661448315473,34.73298052498241,34.90714226787527,103062902
2023-08-22,36.42483901977539,36.92244613095506,35.90235383090132,36.748284401330366,69584162
2023-08-23,36.20092010498047,37.1712525273622,36.07651831767813,36.47460555562212,104425132
2023-08-24,36.82292938232422,38.489912588316855,36.32532222850903,36.32532222850903,186398638
2023-08-25,37.59919357299805,38.196324407578324,36.524364145059344,36.82292766412892,83352906
2023-08-28,39.171634674072266,39.410483975300814,37.917662555078195,37.917662555078195,114588213
2023-08-29,38.455081939697266,39.609530435734754,38.07689942307283,39.23134791911032,63295810
2023-08-31,38.335655212402344,39.31096476881519,38.21623055965254,38.51479408974769,102372288
2023-09-01,38.534698486328125,39.15173028252679,38.25603590381806,38.534698486328125,70189686
2023-09-04,38.37546157836914,39.11191797302147,38.21622745548964,38.813354467177525,80330654
2023-09-05,38.31574630737305,38.395365264848806,37.65890509396143,38.375460525479866,55299481
2023-09-06,40.9829216003418,41.89851685412825,38.75364009250023,38.813354312006666,262034834
2023-09-07,41.79899978637695,42.75440458463397,40.62464663152059,41.06253954827809,145721826
2023-09-08,43.29182052612305,43.33163000786765,41.480530867595945,41.79899912867052,127507385
2023-09-11,41.32129669189453,43.74961812904433,41.12225307983019,43.45105460916839,80393859
2023-09-12,42.55535888671875,42.85392619344933,40.66445412392409,41.46062475017663,103169982
2023-09-13,41.10234832763672,42.595169723045615,40.70426490005902,42.21698723987185,69785727
2023-09-14,41.50043487548828,41.50043487548828,39.350772252981606,41.04263723283433,68822478
2023-09-15,40.6246452331543,42.177180824212044,40.405696884091505,41.56014525802438,81368095
2023-09-18,38.25603485107422,40.34598707840209,38.25603485107422,40.306177596790256,57030959
2023-09-19,39.41048049926758,39.86828191305274,37.99727816839408,38.25603218797625,84333215
2023-09-20,37.81814193725586,39.78866571946625,37.81814193725586,39.41048323709018,53073789
2023-09-21,39.66924285888672,39.748858029245945,37.2608222633493,37.6788142461694,62283935
2023-09-22,40.32608413696289,41.32129844301891,39.49010396801818,39.66924284682357,75305563
2023-09-25,42.097564697265625,42.19708840646979,40.42560434704889,40.42560434704889,68432473
2023-09-26,40.80378341674805,42.3961246656545,40.60473981152449,42.376223721929044,60832577
2023-09-27,40.405696868896484,41.1620618218611,39.927994486390915,40.803784085871655,44659256
2023-09-28,40.12704086303711,40.86350112631347,40.04742569201447,40.306179743389706,44688324
2023-09-29,40.604740142822266,41.04263683717513,40.08722828359499,40.226557669455985,58901834
2023-10-02,41.3411979675293,41.838805057760204,40.64454728191787,40.64454728191787,78343290
2023-10-03,41.10234832763672,42.15727681377781,40.90330471562731,41.341201421336244,60202474
2023-10-04,40.38579559326172,41.26158138911086,40.38579559326172,41.00282735771021,46406796
2023-10-05,41.46062469482422,41.58004933949241,39.74885500333581,40.44550572404209,76083346
2023-10-06,40.72416687011719,41.460627114167714,40.56493273578751,40.823690576849,39234858
2023-10-09,43.670005798339844,44.12780347831184,41.420819289883724,41.420819289883724,236318919
2023-10-10,42.67478942871094,43.829237842716644,42.35632116253289,42.79421407941741,132732566
2023-10-11,41.77909469604492,43.252011363492336,41.48053117363984,42.993257323125576,74384917
2023-10-12,42.893733978271484,43.869047314195676,41.75919030573905,41.77909504692537,175339595
2023-10-13,42.39612579345703,43.7894272706449,42.39612579345703,42.714594051710066,93499381
2023-10-16,40.30617904663086,42.615075912994165,40.30617904663086,42.41603229421638,60473167
2023-10-17,40.72416687011719,40.86350005954173,39.98771042250789,40.30617869116724,45576709
2023-10-18,39.510005950927734,41.63976380974676,39.45029173001505,41.46062494344974,56641759
2023-10-19,40.90330505371094,41.3212970220297,39.5100073510111,39.52991209202067,85686621
2023-10-20,39.92799377441406,42.51555304573045,39.39058097645385,40.92320800266475,102129926
2023-10-23,40.604740142822266,41.20187096336498,39.43038703850673,39.96780363806286,53915395
2023-10-24,41.739288330078125,41.99804618620377,40.54503415130004,40.74407398346875,53687009
2023-10-25,39.450294494628906,42.31651275980027,38.57450484207408,41.65967146949446,83796649
2023-10-26,41.2615852355957,41.8985217997501,39.251251832207544,39.86828745061832,73241388
2023-10-27,41.67957305908203,41.719378743028585,40.02751758740838,41.002827078257546,43546904
2023-10-30,41.67957305908203,42.336414299712736,41.10234698278544,41.56014461791935,50211763
2023-10-31,41.14215850830078,42.25679743947277,40.82369024225164,41.73928555803262,50969876
2023-11-01,41.3411979675293,41.759186101031666,39.80856721847232,41.44071786699915,43257321
2023-11-02,43.19230270385742,43.55057666753568,41.241679765033204,41.400913903259536,86190501
2023-11-03,43.21220016479492,43.7297120214108,42.575263663249544,42.99325561516433,62031952
2023-11-06,44.12779998779297,44.80454598136924,43.610288122326345,43.670002344032866,49055482
2023-11-07,42.97335433959961,44.42636632545209,42.67479080498409,44.127802790836576,41836304
2023-11-08,42.6946907043457,43.41124234686273,42.61507174604331,43.09277410653496,46174900
2023-11-09,42.475746154785156,42.615075547803244,41.54024608991998,42.3563215031184,37101855
2023-11-10,41.95823287963867,42.99325661698843,41.739284528465156,42.376224841293464,31546183
2023-11-13,40.92321014404297,42.09756329854413,40.80378549340726,41.95823390672894,27916607
2023-11-14,41.12225341796875,41.54024538638503,40.54503111432104,40.982924027310375,36394911
2023-11-15,40.80378341674805,41.540243617142906,40.52512464729967,41.28148579141998,30794034
2023-11-16,41.540245056152344,41.79899909439785,40.803784830245526,40.803784830245526,37283142
2023-11-17,42.0179443359375,42.35631731255037,41.44071828318108,41.56014292303243,33802389
2023-11-20,44.38655471801758,44.88416185071482,42.276701538384785,42.29660627926561,87684062
2023-11-21,46.23765182495117,46.23765182495117,43.86904471095193,44.18751295815252,79281023
2023-11-22,46.06587600708008,47.38204356697185,45.66703573890931,45.92628305430712,84592375
2023-11-23,46.384944915771484,47.70111242503122,45.86645410854454,45.88639650154818,69027368
2023-11-24,47.66122817993164,48.17971899304295,45.36790620920199,46.46471121149191,79159062
2023-11-27,49.25658416748047,49.49588527297915,47.86064710545568,47.86064710545568,66608998
2023-11-28,48.39908218383789,49.715249726224606,47.98029952746614,49.236643692958765,45802248
2023-11-29,47.86064529418945,49.017277403320804,47.760937137942165,48.45890183891788,44130651
2023-11-30,48.69820785522461,49.41611876825228,47.50169093471929,47.52163332715033,65551625
2023-12-01,48.359195709228516,49.475943081210836,47.840704907045385,49.33635013516586,31513859
2023-12-04,48.95745086669922,49.51582643839357,47.98029646895091,48.478844863942236,59969592
2023-12-05,49.43606185913086,50.253680942242866,48.83780148861458,49.0571640048328,48783953
2023-12-06,47.162681579589844,49.834901517538064,47.162681579589844,49.55571560879273,60273339
2023-12-07,46.68407440185547,47.38204296040789,45.80662810528607,47.162680435359874,45758455
2023-12-08,46.045928955078125,47.60140127923771,45.74680068602267,46.78377843184009,43106358
2023-12-11,46.045928955078125,46.76383984370906,45.5473805721116,46.065871346831464,44543430
2023-12-12,45.686973571777344,46.24534913074959,45.04883224930752,46.045929016572195,37644641
2023-12-13,45.22831344604492,46.26529507652819,45.22831344604492,45.647092294727045,39398580
2023-12-14,46.4647102355957,47.182621162305814,45.50749820239723,45.60721016645281,39382612
2023-12-15,49.45600128173828,49.81495674937328,46.50459557570781,46.50459557570781,82705139
2023-12-18,47.382041931152344,50.25368187342227,47.36209953807003,49.456001364619894,48425326
2023-12-19,48.25948715209961,48.91757089491813,46.60430659873046,47.382040893800756,49615614
2023-12-20,45.88639831542969,48.25948992595487,45.88639831542969,48.25948992595487,36916613
2023-12-21,47.48175048828125,47.661228223893886,45.68697693577746,45.88639706463846,45267266
2023-12-22,45.467613220214844,47.64128458013682,45.467613220214844,47.48174924196009,29274980
2023-12-25,44.05173873901367,45.96616284796632,43.73266805418823,45.46761442747374,39458445
2023-12-26,43.393653869628906,44.80952952198606,42.9948136219557,44.47051645255058,47958048
2023-12-27,42.895103454589844,44.07167794618374,42.775452907335875,43.513302386294704,42364922
2023-12-28,44.649993896484375,45.52744015354883,43.03469813067905,43.03469813067905,40091534
2023-12-29,44.84941482543945,45.18842789879016,44.13150389278559,44.82947243246323,36849927
2024-01-02,46.76384353637695,46.98320225574054,45.008950959732665,45.30807925240853,46539543
2024-01-03,46.4647102355957,47.12279398387247,45.78668409450783,46.60430698527351,39344694
2024-01-04,47.32221221923828,47.44186657132832,46.42482740029714,46.52453555674982,43861988
2024-01-05,47.30227279663086,47.78087882416851,46.684073819847555,47.4817505324103,33674790
2024-01-08,47.50168991088867,48.09995026005791,47.24244642211765,47.50168991088867,43664505
2024-01-09,46.80372619628906,48.438968275174794,46.66413324161384,48.060070395611525,52583306
2024-01-10,47.342159271240234,47.760941937532294,46.34506239407774,46.80372604470303,57482399
2024-01-11,46.743900299072266,47.70111233980131,46.50459538707873,47.621342767929285,31073331
2024-01-12,47.40198516845703,48.31931244484566,46.08581763056393,47.00314490695255,76692839
2024-01-15,47.48175048828125,48.279427200102646,47.02308685443677,47.54157766802633,46519666
2024-01-16,47.9404182434082,48.25948893025097,47.06297195277929,47.52163558966294,53819627
2024-01-17,48.15977478027344,48.63838078884245,47.46180625808521,47.72105355665745,54705288
2024-01-18,48.25948715209961,49.29646494431918,48.15977518887106,48.53867304189459,58145208
2024-01-19,47.32221221923828,48.49878672276716,46.96325677021289,48.33925139026947,39019339
2024-01-22,46.98320388793945,47.90053499478587,46.783783751353475,47.36210176709054,38100419
2024-01-23,47.12279510498047,48.63838276208029,46.963259762318515,47.56152015001778,78260713
2024-01-24,48.25948715209961,48.5586154345403,47.302271323217916,47.90053169172178,55825331
2024-01-25,48.33925247192383,49.5158270017801,47.98029701486632,49.3562916657126,55345537
2024-01-26,49.03722381591797,49.25658634199463,48.11989272801593,48.438967222137734,58229593
2024-01-29,51.25077819824219,51.54990648426939,49.495885660603534,49.85484112528519,77168938
2024-01-30,50.70237350463867,51.749328244240665,50.453099291137754,51.35048798119013,53800307
2024-01-31,50.45309829711914,50.95164671429867,49.77507214546518,50.75223039032491,38591732
2024-02-01,51.151065826416016,51.64961423369809,50.40324321549291,50.45309729549662,52346448
2024-02-02,51.001502990722656,51.898887831175706,50.75222878999307,51.3504853502951,42299635
2024-02-05,52.19801712036133,52.49714920991729,51.00150397662759,51.05135805701274,63952284
2024-02-06,52.148162841796875,52.39743704639784,51.25077798740691,52.34758296620215,49009713
2024-02-07,51.10121154785156,52.54700268407625,51.10121154785156,52.3475825612138,46596542
2024-02-08,51.20092010498047,51.69946851419594,50.752229579584544,51.15106602478342,45379738
2024-02-09,51.94874572753906,52.44729416562916,51.051360821150524,51.50005517615616,84705277
2024-02-12,53.29482650756836,53.74352084333646,52.29772967413817,53.195114542051805,76921848
2024-02-13,54.790470123291016,55.43858076351369,52.846130595378085,53.34467899722127,98030608
2024-02-14,54.74061965942383,54.890181907681836,53.095408303226876,54.890181907681836,57461272
2024-02-15,55.68785858154297,56.33597306748524,54.64090763039389,54.74061959941262,50932459
2024-02-16,58.130741119384766,59.775952316685846,55.53829103040001,55.737711145773225,86096310
2024-02-19,58.33016586303711,59.676245092273525,57.88147151875076,58.33016586303711,71032522
2024-02-20,59.377113342285156,59.377113342285156,58.08088827036627,58.47972850955166,44216203
2024-02-21,60.22465133666992,60.473925549481265,58.7788601416396,59.825811074722715,68778436
2024-02-22,62.21884536743164,62.51797366365895,59.62639125834211,60.22465165441938,75583390
2024-02-23,63.11623001098633,64.16318094552715,61.07218222381184,62.21884512578961,60833216
2024-02-26,66.30694580078125,67.05476849778253,63.26580092703391,63.31565501277608,76750918
2024-02-27,63.06637191772461,67.10461695693533,63.01651783898844,66.30693648266698,50795224
2024-02-28,60.72319793701172,64.61187706142779,60.72319793701172,63.06637394555569,63130683
2024-02-29,59.825809478759766,61.77014904754397,58.82871265411377,60.822906303405766,71158874
2024-03-01,59.028133392333984,60.723198772547285,58.82871326461079,59.82581009960419,36058195
2024-03-04,58.38002014160156,60.12493963910918,58.0310377635491,59.227554751136,37331908
2024-03-05,56.43567657470703,59.028130500873495,56.43567657470703,58.38001606842628,46990196
2024-03-06,54.74061965942383,57.23336183328425,54.74061965942383,56.385827211998084,68492897
2024-03-07,57.08379364013672,57.08379364013672,54.98989181408728,55.03974589496987,42697326
2024-03-08,58.38002014160156,58.92842265152228,57.23336103969872,57.48263525362838,48483564
2024-03-11,56.43567657470703,59.87566124765303,56.28611433895779,59.82580716906995,43414821
2024-03-12,55.63800048828125,57.23335764497816,54.79046973263963,56.53538912664966,47136214
2024-03-13,55.43858337402344,56.73481232275093,55.03974691594181,55.93713179934243,34663801
2024-03-14,56.236263275146484,56.63509972881476,54.98989222564078,55.58814880795448,33423937
2024-03-15,57.48263168334961,57.53248576231455,55.88727453111474,56.43567700697387,30402466
2024-03-18,54.989891052246094,57.53248717825836,54.690758963849646,57.48263309806645,32974425
2024-03-19,56.036842346191406,56.435678794163564,54.840325395029886,54.98989144028353,36266869
2024-03-20,55.787567138671875,56.4356777813539,55.43858097388389,55.837421218320884,35420455
2024-03-21,57.73190689086914,58.38001753598621,56.23626167404478,56.23626167404478,98022438
2024-03-22,56.186405181884766,58.28031081946205,56.03684293867233,57.781762401508786,64620917
2024-03-25,55.03974533081055,57.83161567146722,54.840325205701674,56.186404393847155,57628255
2024-03-26,52.84613037109375,55.7875666902093,52.696564329726584,55.43858052822674,45063574
2024-03-27,55.53829574584961,56.28611838927589,51.94874477522987,53.84323032669218,70104564
2024-03-28,55.28902053833008,56.78466579831941,55.08960040960698,55.5382947483283,44828792
2024-03-29,55.937129974365234,56.63509850776478,55.338873404949915,55.63800168965757,36930435
2024-04-01,54.74061965942383,55.68785864259263,54.042651090018374,55.438584425206585,36518259
2024-04-02,52.2977294921875,55.837422477825115,51.64961503126372,54.840325647863956,40110433
2024-04-03,52.2977294921875,53.14526027620546,51.40034082377343,52.048455284697205,27609868
2024-04-04,53.69366455078125,54.59105324892498,52.247877142338,52.64671360536202,35320938
2024-04-05,58.28030776977539,58.38001592669949,53.94293447837405,53.94293447837405,51084435
2024-04-08,58.629295349121094,59.07798970252303,57.98118466409405,58.479733100402264,42430061
2024-04-15,57.93132400512695,59.87566357440264,57.93132400512695,59.277407000912824,64499800
2024-04-16,58.38002014160156,59.02813461926774,57.38292328588293,57.68205158187399,38372646
2024-04-17,57.53248977661133,59.17769731898215,57.083795427374675,58.52958663997158,31102475
2024-04-18,57.48263168334961,58.380016515585716,56.73480908800832,57.582339841279484,29092246
2024-04-19,58.52958297729492,58.729003098212154,56.9342258135795,57.78176037657213,38894193
2024-04-22,57.63219451904297,59.42696800578529,57.63219451904297,59.07798564578239,42585102
2024-04-24,58.130741119384766,58.42986939063342,57.18349842407876,57.98117888557161,38922466
2024-04-25,57.2832145690918,58.72900575665936,56.984086275986726,58.33016549677086,37597178
2024-04-26,58.92842102050781,59.67624364159863,57.23335945559998,57.38292169764462,58760762
2024-04-29,61.86985397338867,62.06927408861471,58.479727229035326,59.32725796421808,67954497
2024-04-30,60.573631286621094,61.820002300749096,60.27450300395486,61.37130797493852,50125618
2024-05-02,61.91971206665039,62.16898627594226,60.7231989049475,60.82290706721522,50934416
2024-05-03,62.0194206237793,63.01651740614353,61.321452115399865,62.0194206237793,48311287
2024-05-06,62.21884536743164,62.86695604198704,61.67043905345515,62.119133399607435,38288783
2024-05-07,62.11913299560547,62.86695563312148,60.87276193307878,62.26869904455772,47045760
2024-05-08,62.21884536743164,62.66753590996128,61.471022725052045,62.31855353163319,40599227
2024-05-09,63.215938568115234,63.814195125972255,62.21884176927192,62.21884176927192,54756132
2024-05-10,63.215938568115234,64.36260140823403,63.01651844762209,63.215938568115234,44107142
2024-05-13,62.21884536743164,63.71449065219084,62.119133399607435,63.21594222393777,37212454
2024-05-14,60.67333984375,62.667533479418005,60.623485763582806,61.969568749832206,45554121
2024-05-15,59.77595520019531,61.27160043220876,59.37711495020938,60.82290610188022,28428829
2024-05-16,60.523780822753906,61.02232925819072,59.77595816959869,59.9255204180561,35385724
2024-05-17,61.271602630615234,61.77015105917415,60.773054202056315,60.822908284187676,45859069
2024-05-20,62.0194206237793,63.21593752334084,61.720292349794505,61.77014642818824,48112332
2024-05-21,61.221744537353516,63.31564627866351,61.122032576001075,62.218841329143494,73861881
2024-05-22,61.32145690917969,61.82000533933562,60.7730543967327,61.421165073761806,32854072
2024-05-23,60.32435989379883,62.41826177362212,60.32435989379883,61.371310833710474,48867670
2024-05-24,59.07798385620117,60.72319505465824,58.97827570025568,60.32435482363158,27191679
2024-05-27,59.87566375732422,60.32435809062361,59.028132975020675,59.32726126267942,32310422
2024-05-28,59.426971435546875,60.07508591709741,59.277409188466294,59.97537775237702,21384092
2024-05-29,57.3829231262207,60.32435960313095,57.233360880452636,59.825811176658796,29777252
2024-05-30,59.92551803588867,60.07508408202323,58.52958475433054,58.52958475433054,53570111
2024-05-31,58.479732513427734,60.72320045429648,58.18060041174709,60.124940054557875,47345786
2024-06-03,60.22465133666992,60.42406766402089,58.18059974871879,58.7788601416396,34921062
2024-06-04,59.028133392333984,60.573632725849244,59.028133392333984,60.22465035505058,31677411
2024-06-05,58.828712463378906,59.67624324013112,58.3301640526723,59.3272608740855,44861364
2024-06-06,60.27450180053711,61.2217445130866,58.978276732448414,59.17769304782944,45916727
2024-06-07,60.47392272949219,61.520873613754425,59.97537432711755,60.82290508970545,33499436
2024-06-10,58.130741119384766,60.573628974556364,57.93132100401156,60.473920818680924,21200128
2024-06-11,56.83451843261719,58.330163654528164,56.43567818532526,57.93132340723624,41799829
2024-06-12,57.432777404785156,58.28031201486325,56.68495476251648,56.83452081241928,33627842
2024-06-13,59.97537612915039,60.32435849984925,58.130744702766584,58.42987299245454,38365449
2024-06-14,59.177696228027344,60.9724735918868,58.62929372401367,60.32435912120171,35075769
2024-06-20,60.523780822753906,60.82290912329145,59.875666335236964,60.12494055295537,25040106
2024-06-21,61.32145690917969,61.32145690917969,60.12493991608092,60.52378018165473,38508112
2024-06-24,61.57073211669922,61.96957238870182,60.573635240315426,61.520878033604575,35918879
2024-06-25,59.72610092163086,62.16898508291392,59.72610092163086,61.67043667389738,35275730
2024-06-26,58.72900390625,60.224649128273796,58.38001773893762,59.72610072093253,25244854
2024-06-27,59.72610092163086,60.2246493306474,58.57943805944381,58.87856634412923,28291433
2024-06-28,58.42987060546875,60.17478999492449,58.13074232800082,59.8258076384823,39111123
2024-07-01,56.08669662475586,59.17769527284894,55.38872808381217,58.92842106562781,31245872
2024-07-02,56.78466796875,56.78466796875,55.28902265159393,56.28611952969798,23244482
2024-07-03,58.33016586303711,58.42987402682401,56.78466650260424,57.03394071569414,31200970
2024-07-04,59.92551803588867,61.0223268324228,59.526681585567445,60.52377841680435,38457594
2024-07-05,60.573631286621094,61.421162054779145,59.67624263499994,60.025228801129266,43403645
2024-07-08,63.11623001098633,63.81419856855442,60.3243595843366,60.92261617446774,64180844
2024-07-09,64.36260223388672,64.81129275622413,62.86695321281291,63.01651925600704,60439874
2024-07-10,64.81129455566406,65.25998509045905,63.913905878828906,64.46231218335183,63812135
2024-07-11,64.71158599853516,65.40955073890306,64.01361365092212,65.11042625327902,33859844
2024-07-12,63.614776611328125,65.90809854583435,63.41535648580094,64.66172751581765,42547337
2024-07-16,63.06637191772461,63.864052391992956,62.667531680590436,63.71448635216205,27807460
2024-07-17,63.315650939941406,63.56492515624039,62.567828291044464,63.11623080617768,24499278
2024-07-18,62.96666717529297,64.66172876599005,62.61768099796746,63.56492375981869,30979314
2024-07-19,62.817100524902344,63.51506906923688,62.368406188999955,62.817100524902344,22694242
2024-07-22,63.06637191772461,64.61187498390274,62.81709772042135,63.215937957555525,32933526
2024-07-23,64.11332702636719,64.61187542437239,62.86695222773176,63.06637234765832,48903634
2024-07-24,62.617679595947266,64.21303679166655,62.46811735497586,64.21303679166655,22064147
2024-07-25,64.26288604736328,64.41245208958091,61.96956795992434,62.218842161205416,30015677
2024-07-26,64.4124526977539,65.2101331922829,63.86405401410459,64.16317849411922,42463138
2024-07-29,62.517974853515625,65.70868561578612,62.41826288379368,64.7614390197299,52626884
2024-07-30,62.56782531738281,63.31564793073799,62.268697032765246,62.617679397548656,29716379
2024-07-31,62.31855010986328,63.16608086990844,61.37130738746887,62.56782431030273,34319173
2024-08-01,63.11623001098633,64.01361489618304,62.26869920769677,62.56782750276234,50069907
2024-08-02,60.62348556518555,62.61767919432733,60.07508307789606,62.16898486704593,35195251
2024-08-05,56.585243225097656,58.42987077794702,55.438580387192964,57.781760142123765,51367351
2024-08-06,56.08669662475586,58.52958461624751,55.887276498254444,57.83161607530382,48593727
2024-08-07,58.08089065551758,58.5794390731615,56.38582527480371,56.48553724050604,44247119
2024-08-08,59.028133392333984,59.476827728805524,57.63219630189419,57.63219630189419,43719342
2024-08-09,57.781761169433594,59.576534675071066,57.233358682103045,59.12784034775608,32652977
2024-08-12,56.88437271118164,58.629292142835205,56.48553626612004,57.98118149325167,30906473
2024-08-13,58.180599212646484,58.180599212646484,56.38582565766626,56.535391705424026,34581985
2024-08-14,57.3829231262207,58.38001997916501,57.08379483106194,58.08089168400625,25520321
2024-08-15,58.52958297729492,58.67914521526602,56.88437173425581,57.4826320970075,30218220
2024-08-16,57.58234405517578,59.077989355310216,57.43277800371326,58.529586839318796,23237167
2024-08-19,58.67914581298828,58.77885777627381,57.5823408422048,57.881469124816434,22745522
2024-08-20,57.8814697265625,58.97827851237108,57.632195521190894,58.08088985158429,28174555
2024-08-21,56.43567657470703,58.28030791126012,56.236260260374706,57.58233940022983,26117163
2024-08-22,55.98699188232422,57.33307116207157,55.23916921499285,56.684956662268604,27944723
2024-08-23,54.940032958984375,56.335970020771065,54.591050595348946,55.88727569350945,27850817
2024-08-26,54.34177780151367,55.388728723203634,54.09250359141498,55.33887464190842,27668305
2024-08-27,56.33597183227539,56.38582591388031,54.192212090660114,54.3417781390975,36574618
2024-08-28,56.934226989746094,57.38292132017353,55.88727608783041,56.036842132513726,24028719
2024-08-29,58.2304573059082,58.77885981027705,56.03684348481022,56.93422836369852,32734135
2024-09-02,59.07798385620117,59.775952358686666,58.23045311979743,58.23045311979743,29417709
2024-09-03,57.48263168334961,59.27740515144423,57.38291972179732,59.077985031962065,23944935
2024-09-04,56.635101318359375,57.183503834809066,55.68785853342481,56.93422961791169,21959468
2024-09-05,57.333065032958984,57.931321581419176,56.53538836713795,56.78466256293342,30715782
2024-09-06,57.183502197265625,57.98118271139249,56.934227987506624,57.083794034811056,16075510
2024-09-09,55.837425231933594,57.28321646741357,55.837425231933594,56.984088164395615,17754464
2024-09-10,56.28611755371094,57.13364834889676,55.93713137645243,55.9869892615055,28094519
2024-09-11,54.74061965942383,57.03394169865087,54.591053607543124,56.78466748126483,37445725
2024-09-12,55.787567138671875,55.937129377618895,53.942935762678864,55.23916465528786,29329975
2024-09-13,58.180599212646484,58.529585389540415,55.38872881560807,55.88727723663716,26844490
2024-09-16,57.183502197265625,58.38001916483334,56.98408587235649,58.13074495507434,16299253
2024-09-17,57.93132400512695,58.330164256535184,57.38292151215754,57.432775592677935,17527220
2024-09-18,57.58234405517578,58.380020787856274,57.48263588994923,57.7319101066383,23483211
2024-09-19,58.479732513427734,58.5794406782395,57.63219789803705,58.130746329341214,36242935
2024-09-20,59.028133392333984,59.22755352005718,58.18059880041605,58.62929313688759,31901880
2024-09-23,59.12784194946289,59.87566458070472,58.82871365769068,59.426970241235104,35309263
2024-09-24,62.26869583129883,63.61477498791671,59.22755135639078,59.22755135639078,78142361
2024-09-25,60.97247314453125,62.66753472566,60.97247314453125,62.01942406335271,30400995
2024-09-26,59.07798385620117,61.4211597535214,58.7290015067696,61.2217434416304,37548400
2024-09-27,59.07798385620117,59.67624039911883,58.33016127574293,59.127837934173925,28656470
2024-09-30,59.07798385620117,59.67624039911883,58.62928954720176,58.82870966271509,27972735
2024-10-01,58.2304573059082,59.626390607608656,56.93422836369852,59.1776962663532,37759264
2024-10-02,56.036842346191406,59.67624347659714,56.036842346191406,58.28031020326081,46633981
2024-10-03,57.63219451904297,58.42987120163706,55.68785499022944,56.18640339230355,42269757
2024-10-04,60.97247314453125,61.37130959742283,56.88437382794009,57.48263421271133,39808119
2024-10-07,58.828712463378906,61.42116267760422,58.38001813301846,61.42116267760422,27616198
2024-10-08,57.98118209838867,58.82871288115975,57.482633684141554,58.5794386740362,29016706
2024-10-09,58.579437255859375,58.6791454148459,57.38292032990882,57.88146873208635,24880481
2024-10-10,56.5353889465332,58.828710810629886,56.286114748183074,58.57943661227976,22562691
2024-10-11,55.937129974365234,57.68204940605284,55.488439449115,56.53539034740306,29313295
2024-10-14,55.18930435180664,57.28320983784337,54.840322005945,56.08669296062557,42077682
2024-10-15,55.837425231933594,56.435681837969504,54.54120004977397,55.23916862589769,35292948
2024-10-16,56.88437271118164,56.98408467516392,55.68785576875184,56.58524442647982,27564873
2024-10-17,58.08089065551758,58.77885920094359,56.63509948362567,56.63509948362567,28678178
2024-10-18,59.177696228027344,60.47392516939753,58.72900569068509,58.92842201678271,34854332
2024-10-21,57.432777404785156,59.327262953314865,57.13364910860222,58.92842268932251,24244193
2024-10-22,58.180599212646484,58.72900551867657,56.83451999731697,57.53248854748222,29023761
2024-10-23,60.822906494140625,61.371308988691155,57.1835015513209,58.080890217765436,65759516
2024-10-24,60.67333984375,61.1220341724998,60.0750832744986,60.0750832744986,34359414
2024-10-25,60.67333984375,61.07218009233261,59.6263889457488,60.2246493186227,28316140
2024-10-28,60.025230407714844,60.723198955032274,60.025230407714844,60.22465053603734,7089169
2024-10-30,61.32145690917969,61.82000533933562,59.87566570100295,60.075085833789856,39535478
2024-10-31,60.67333984375,62.46811715874921,60.473923523081204,61.07218009233261,32641509
2024-11-01,63.66463088989258,64.11332902644172,60.822906454061666,60.822906454061666,44140353
2024-11-04,63.315650939941406,65.21013650526274,62.76724842480818,64.31274780513733,48800889
2024-11-05,64.96086120605469,66.60607252765108,63.46521593319346,64.16318068429727,54259395
2024-11-06,63.365501403808594,65.50925725938092,62.76724484030526,64.76143465319052,40269872
2024-11-07,65.16027069091797,65.16027069091797,63.46520926922472,63.56491742216354,30815245
2024-11-08,65.0605697631836,66.15737478180353,64.61187922150803,64.86115343516008,35606906
2024-11-11,65.60897064208984,66.30693533960891,64.71158202581914,65.21013041183123,34627082
2024-11-12,65.80838775634766,67.10461661868877,65.50925567819363,65.65882171727064,38586169
2024-11-13,67.80258178710938,68.00199810240883,65.55911400738884,65.80838820513557,56324521
2024-11-14,68.15156555175781,68.89938816046161,67.20432662363098,68.10171527552453,36258173
2024-11-15,67.50344848632812,69.49764203224322,67.25417429308874,68.50054525928567,31127041
2024-11-18,67.25418090820312,67.70287906451473,66.306941923621,67.5034551259611,25156586
2024-11-19,67.70287322998047,68.20142162253225,66.30693620938654,67.25417511233701,39450126
2024-11-20,65.80838775634766,67.90228948169158,65.21013120728435,67.30403293262829,25645008
2024-11-21,67.8524398803711,67.95214803833062,64.7115834575549,65.30984001255683,27754435
2024-11-22,68.30113220214844,69.0988127014219,67.60316747071792,67.60316747071792,37108888
2024-11-25,68.91220092773438,69.4615041279315,68.0133446090875,68.61257961495659,35049758
2024-11-26,67.46404266357422,69.36161873318207,67.31423202131944,68.96213384675038,24455130
2024-11-27,68.3129653930664,68.61257908383844,67.31423785112007,67.6138515418921,27601257
2024-11-28,70.06073760986328,70.06073760986328,68.31296443594495,68.31296443594495,28599089
2024-11-29,69.36162567138672,71.70864152221536,68.91220131935252,69.81105764310746,36825237
2024-12-02,70.11066436767578,70.26047501002223,69.21181575296865,69.36161877562931,21238229
2024-12-03,70.11066436767578,70.80977815873064,69.66124006032221,70.11066436767578,25353035
2024-12-04,70.2105484008789,71.30914715984783,69.81105586497576,70.36035143461703,30704942
2024-12-05,70.90965270996094,71.15933458570024,69.96086463002605,70.26047830910153,23510896
2024-12-06,71.1093978881836,71.55882985355201,70.51016288737883,71.20927673805643,23089633
2024-12-09,71.15933227539062,71.25920349850662,69.41155920195997,70.90965040775767,36646944
2024-12-10,70.90965270996094,71.55882711082035,69.91092520700374,71.10939516267791,28454917
2024-12-11,69.21182250976562,71.2092776168909,68.76239053885051,70.9096563029475,29563072
2024-12-12,69.1119384765625,70.51015847064727,68.91219602870152,69.41155976803994,21842593
2024-12-13,69.1119384765625,69.21181732017895,68.16315041969389,68.91219602870152,13791857
2024-12-16,67.46404266357422,69.21181571061308,67.41410324292737,69.16187628996623,16669227
2024-12-17,67.96340942382812,68.56264439989931,67.5639168998853,67.5639168998853,21700007
2024-12-18,70.65997314453125,70.90965502843419,67.31423742416916,67.91347242159894,45206572
2024-12-19,69.81105041503906,71.10939153075883,69.66123977330984,70.01079285755418,26172219
2024-12-20,69.711181640625,70.90965157715317,68.91219660314886,70.06073473713855,22794354
2024-12-23,71.95832061767578,72.85716928685143,69.6612442816605,69.91092616080624,44640850
2024-12-24,72.55755615234375,73.35653359983995,70.75984356102626,71.95832116180003,35526356
2024-12-25,73.90583801269531,73.90583801269531,72.40774670162716,72.65742858680518,15689030
2024-12-26,74.30532836914062,74.55501024698069,72.80723710210023,73.90583584065928,21477208
2024-12-27,73.85589599609375,74.80469169828774,72.90710791358593,74.30532794545496,30264543
2024-12-30,73.10684967041016,74.55500911164138,73.10684967041016,73.90583471520574,15733468
2024-12-31,72.40774536132812,73.70609418809542,72.30787413304286,73.10685157901126,27815526
2025-01-02,73.4064712524414,73.70609255032582,72.10812245452378,72.85716807954869,26506697
2025-01-03,74.75475311279297,75.25411687122136,73.35653306525623,73.35653306525623,27667543
2025-01-06,75.40392303466797,75.70354431976614,74.50506679905926,75.20418059105972,21399430
2025-01-07,77.2016372680664,78.25029655047476,75.10430346387774,75.40392475581497,46375846
2025-01-08,76.50252532958984,77.85080593688318,76.05310100038746,76.95195727847839,28639553
2025-01-09,78.1004867553711,78.35016862814362,76.40265306839235,76.55246371599308,23867081
2025-01-10,78.25029754638672,79.59857813789223,77.40138070134148,77.80087322244691,27031090
2025-01-13,78.6997299194336,79.24902547172545,77.75093422417038,78.2502979733554,23151017
2025-01-14,78.4500503540039,80.14788410333395,78.10048962353625,78.400110929741,33725336
2025-01-15,78.20036315917969,80.04800743608435,77.20163569926518,78.45004502415831,41783078
2025-01-16,80.14788055419922,80.44750184713604,77.35144055240883,78.25029681153332,30229393
2025-01-17,80.94686889648438,81.79578576824505,79.94814137213385,80.69718701539674,21433875
2025-01-20,82.24520874023438,82.29514816349693,80.84698870543083,81.19654942889636,19993143
2025-01-21,80.54737091064453,82.34507576097903,79.94813596053302,82.24520453924141,20518796
2025-01-22,81.8956527709961,81.8956527709961,80.04800847022179,80.64724342997481,19910869
2025-01-23,83.94304656982422,84.09284959398383,81.44622790468591,82.09539466187317,32844398
2025-01-24,85.0416488647461,85.4411413920459,83.29387572503481,83.99298193304485,24082576
2025-01-27,85.74075317382812,86.88929130699573,84.19273014189442,84.89183633442111,45575561
2025-01-28,89.53591918945312,89.83553285857471,84.54228184056768,85.74075175642582,51430881
2025-01-29,88.08776092529297,90.4847084076837,87.38865473528509,89.53592034700357,34854634
2025-01-30,88.68700408935547,89.1364284116237,87.08903401087724,88.08776150008312,24681032
2025-01-31,88.58712768554688,89.93541592887331,88.38738523007657,88.68700653296828,23591558
2025-02-03,88.13770294189453,88.88674857596162,87.33871788434848,88.03783171462283,20492281
2025-02-04,88.28751373291016,89.48598370144707,87.43859687022267,88.43732438389883,27977135
2025-02-05,86.0903091430664,88.63706736596295,85.39120292720938,88.38738548605883,32504292
2025-02-06,85.84062194824219,88.33744059269002,85.49106886195665,86.78941760494385,27242522
2025-02-07,85.5909423828125,86.24011677174325,84.94177561356777,85.84062425396387,22943950
2025-02-10,81.44622802734375,85.74075156603766,81.3463491848391,85.6408803432189,51630303
2025-02-11,81.6459732055664,82.1952763789829,80.89692757982726,81.24648068123497,24098781
2025-02-12,78.00061798095703,82.14533872314412,78.00061798095703,81.79578561421694,50265805
2025-02-13,79.54864501953125,80.09794055974199,77.151697552224,78.1004856069336,48323805
2025-02-14,79.1990966796875,80.69718798419846,78.10049029396367,79.74839225286301,42286606
2025-02-17,80.59730529785156,80.79705536742212,78.99934283971737,79.19909290928793,30049968
2025-02-18,83.89311218261719,84.19273348828678,80.3476264175011,80.59730829899698,44845386
2025-02-19,83.69336700439453,84.94177637128773,83.19400325763725,83.64342758184438,27999402
2025-02-20,83.99298095703125,84.64215535388915,82.04546538614365,83.89310973128836,31337511
2025-02-21,82.64469909667969,84.04291909476011,81.54610039093292,83.94304787054422,20946566
2025-02-24,83.64342498779297,84.44241000569995,82.64469752525216,82.99425061320427,20137572
2025-02-25,80.89692687988281,84.49234432838485,80.54737378149954,83.94304877940715,33624825
2025-02-26,85.89056396484375,87.03910209993876,82.59476020669045,82.59476020669045,77775026
2025-02-27,89.8854751586914,90.23502826037131,84.94177707283784,85.89056515163846,86597843
2025-02-28,93.33108520507812,94.18000970655234,89.38611448517138,89.88547825324497,99828367
2025-03-03,97.92523193359375,99.42332314551194,93.43095829783917,93.88038261354025,78386555
2025-03-04,101.57058715820312,101.77033723681157,96.82663137178356,97.82535890576663,88344020
2025-03-05,105.26587677001953,105.86511172755911,100.17236820140434,101.97007307402306,75414801
2025-03-06,112.05722045898438,112.05722045898438,104.7665144104745,105.86511311699671,76781475
2025-03-07,108.06230926513672,113.85493164217434,105.56549058877324,111.85747670108356,96915667
2025-03-10,110.1596450805664,111.05849372488487,107.86256880807557,108.06231125799387,51755935
2025-03-11,116.85111999511719,118.44908250530119,109.56040604156442,110.15964865010892,90000097
2025-03-12,115.75251770019531,117.94971513193926,113.65519149358774,116.95098764120364,61955099
2025-03-13,116.15200805664062,119.7474254323729,114.05467426941804,115.952257990403,72620847
2025-03-14,116.95098876953125,117.65010259160277,115.65264759086035,116.95098876953125,35017698
2025-03-17,121.54513549804688,121.74488557281,116.85111922656368,117.15074052886526,57042667
2025-03-18,123.24297332763672,123.8422082954517,120.04704079981344,121.6450108735681,58847122
2025-03-19,112.1571044921875,122.84348599866868,110.95862688624234,117.55022705003852,78521688
2025-03-20,117.35047912597656,120.84602531270778,113.05594790583238,113.25569797402862,76894160
2025-03-21,110.35939025878906,117.5502253092248,107.86257147465356,117.35048285436847,69700458
2025-03-24,120.24679565429688,120.44653811162227,111.95735414062513,112.15710421763686,73404180
2025-03-25,117.35047912597656,125.54004142987245,114.0546753877556,122.64373782804395,100179556
2025-03-26,115.85238647460938,118.34920514863113,113.85493153539197,116.85111394421807,51094163
2025-03-27,116.85111999511719,118.04958997283362,114.8536649524656,117.55022621217073,42818807
2025-03-28,119.74742889404297,119.74742889404297,114.75379138903439,116.85111761720076,36533871
2025-04-02,118.14946746826172,120.54640739625687,116.45162612963124,119.5476798863635,26643644
2025-04-03,117.15074157714844,120.54640906195806,115.65265029160786,118.04959025272375,45528015
2025-04-04,117.2506103515625,118.24933785435317,115.15328411963931,117.15073912522067,30956862
2025-04-07,116.55149841308594,117.65010477967519,113.35557340033428,113.35557340033428,36119623
2025-04-08,118.6488265991211,119.74742529325101,116.95098532666039,118.74869782228092,30048916
2025-04-09,116.95098876953125,119.54767874655917,116.15201134104596,117.35048129361697,36638755
2025-04-10,122.94335174560547,123.54258671201535,120.04704051832405,120.34666181137199,43491599
2025-04-11,119.0483169555664,123.24297709796919,118.74870327233594,122.84348456730899,32305299
2025-04-14,119.148193359375,120.54640575848028,118.1494658630506,120.14692085569939,24518993
2025-04-15,116.45162200927734,119.74742572318608,116.0521294955178,119.14819076238975,31099483
2025-04-16,121.04576873779297,121.84475377765199,116.65137387762648,116.65137387762648,57457601
2025-04-17,128.33648681640625,133.13038197882358,121.14565169246657,121.14565169246657,88444266
2025-04-18,129.7346954345703,130.43381687218985,126.7385205708772,128.63610433428792,25485816
2025-04-21,127.73725128173828,131.1329263723411,126.5387736863975,130.0343200050238,24934299
2025-04-22,131.53240966796875,132.5311371753024,128.83584844604235,128.83584844604235,42482740
2025-04-24,134.32884216308594,134.62846344626823,131.43253865085723,132.13164481870157,41709151
2025-04-25,135.12783813476562,135.8269443593288,132.13165553860395,134.9280956762294,31222511
2025-04-28,138.42364501953125,141.12020636627577,133.8294921773939,135.62720482168123,38791893
2025-04-29,137.22515869140625,139.22261378292234,136.6259313075752,138.42364393781426,26663636
2025-04-30,134.82821655273438,136.52605030589427,131.83203396267362,135.127837859615,39393812
2025-05-02,129.63482666015625,135.12782766067667,128.8358416485699,134.82820637641035,27383518
2025-05-05,129.63482666015625,130.63355411479634,128.03685663698352,129.73469026199732,24859653
2025-05-06,137.22515869140625,138.42364393781426,129.33521717566688,129.53495963694388,42909071
2025-05-07,144.01651000976562,146.31358642818512,137.22515960549742,137.32503845648773,53124006
2025-05-08,154.4032745361328,154.7028805886981,144.01649959833117,144.4159997340381,45723588
2025-05-09,149.01014709472656,155.60175500643533,148.9102834835631,155.00251238196253,36613645
2025-05-12,140.22132873535156,148.2111483838473,137.02540392382758,148.11128478186404,65721237
2025-05-13,136.6259307861328,141.4198260353498,135.2277030837842,140.12147718294497,52831124
2025-05-14,137.82440185546875,139.12275071792385,136.32631053095278,137.3250380806301,39980565
2025-05-15,137.3250274658203,141.61955864535307,136.32629999334162,141.4198161987317,39271203
2025-05-16,138.42364501953125,143.61702525018237,136.42618991240596,137.32503861486313,47312639
2025-05-20,132.13165283203125,137.72451775334565,129.7346976605773,137.6246541458095,45130917
2025-05-21,132.8307647705078,134.72834102862296,131.03305212423535,132.8307647705078,27390598
2025-05-22,136.82566833496094,137.82439584105555,130.9331821447517,133.2302432172714,32790134
2025-05-23,136.0266876220703,138.32376400724937,134.22897500587047,135.92682401189816,25281752
2025-05-26,136.12655639648438,138.12401132456375,134.92808648751108,136.42617768357064,15398955
2025-05-27,137.42491149902344,138.7232450707832,135.02795633092427,135.62719893279217,25937494
2025-05-28,134.92808532714844,138.52349502314829,133.92935787169768,137.82438885220705,20977030
2025-05-29,132.03176879882812,136.02667868828962,130.83329887986406,135.02795121592425,19670153
2025-05-30,129.43508911132812,132.4312715885406,128.43636161892397,131.43254409613644,29057534
2025-06-02,129.13546752929688,132.4312712947946,129.03558868452913,130.53367991981247,20620160
2025-06-03,127.43762969970703,130.23406217668997,126.73852348538286,129.2353346592633,32067776
2025-06-04,134.52859497070312,134.82821627697095,127.7372523522675,127.7372523522675,39191709
2025-06-05,139.32247924804688,139.52222169013393,133.82947827410953,134.22896315828365,15261303
2025-06-10,139.02285766601562,140.9204489601873,137.32502405287258,138.82311522435847,29996112
2025-06-11,141.1201934814453,142.71814827762213,138.0241322523345,140.02158717708429,40042707
2025-06-12,144.515869140625,148.01141546170135,141.7194290358894,144.21624783665823,52557913
2025-06-13,141.3199462890625,150.50823656881602,140.52096121269855,148.91028165546092,48698994
2025-06-16,138.72325134277344,144.81549552617557,138.3237664163815,141.3199490824403,33034762
2025-06-17,144.3161163330078,145.31484378167914,138.42363048159552,139.32247908965115,45384727
2025-06-18,141.3199462890625,145.4147352808198,141.02032498050443,144.41600774520805,23678474
2025-06-19,143.91664123535156,145.2149748154114,141.519686051929,141.81930735477837,30274928
2025-06-20,146.11383056640625,146.71305789927757,143.11764818393465,143.816754358637,31320852
2025-06-23,146.91282653808594,147.61193276492,143.71688623363409,146.2137050718791,33863987
2025-06-24,142.41854858398438,143.8167609979376,138.42363855626388,142.91791233744945,44459926
2025-06-25,148.21115112304688,149.80912117802794,142.91790769958737,143.21751375044596,39703153
2025-06-26,140.12147521972656,149.40964427756705,140.12147521972656,148.71052281650157,22953982
2025-06-27,146.31358337402344,146.31358337402344,140.32121818464364,140.52096064308176,35646531
2025-06-30,150.6081085205078,151.70669961574328,144.91536487611427,146.31357726618563,44361621
2025-07-01,148.21115112304688,153.00504604861814,147.81166622898755,150.60810620551845,26946538
2025-07-02,145.41473388671875,150.40837151690314,145.314855038366,148.8104013794951,35818693
2025-07-03,149.609375,150.30848116685527,146.51331381044906,146.51331381044906,42289082
2025-07-04,151.00759887695312,151.50696263993206,148.81040136772037,150.8078564196361,28599538
2025-07-07,151.1074676513672,151.4070889370541,148.31102771724184,150.20860379430638,22896439
2025-07-08,152.00631713867188,153.30466589116193,151.40708980324152,152.3059384260729,26600839
2025-07-09,149.50950622558594,152.60556762359099,147.21242988894085,152.10620386516257,32979888
2025-07-10,152.30593872070312,154.00377236676448,149.2098774771893,151.00758996570147,33507736
2025-07-11,153.8040313720703,154.6030164010983,151.70669757579333,152.3059401574073,26734047
2025-07-14,155.3021240234375,156.8002152519594,151.2073352363955,153.70415395059865,31432471
2025-07-16,161.49423217773438,165.189520844979,154.50313974372534,155.30212478405792,62542623
2025-07-17,161.6939697265625,165.98850085371996,160.1958785361149,160.7951211080426,33834459
2025-07-18,165.98851013183594,168.68507137749464,162.29322137005383,162.29322137005383,41835450
2025-07-21,176.5750274658203,176.67489107356445,166.58775232905867,166.58775232905867,33414388
2025-07-22,176.27540588378906,178.17298206101006,173.4789658020641,177.37401224283644,28536377
2025-07-23,179.87083435058594,181.56866810467267,176.97451536832253,178.0731217476936,37748666
2025-07-24,182.36764526367188,187.46114630491397,178.27285647028623,180.3701902892149,41750398
2025-07-25,182.9668731689453,186.76204067983235,182.2677669736332,182.86700956354193,25124710
2025-07-28,181.06930541992188,184.76459425719113,178.47260772920683,184.06548802949794,20263642
2025-07-29,179.07183837890625,182.0680207882375,177.07438343935206,181.0692933184604,20734021
2025-07-30,180.07057189941406,181.36892070162574,176.37528318494412,178.77222309720236,25425784
2025-07-31,186.7620391845703,186.7620391845703,180.27031054981254,180.27031054981254,36147227
2025-08-01,184.16534423828125,188.459875520626,183.26649558728053,187.76076932102853,20662476
2025-08-04,188.2601318359375,188.2601318359375,183.56611568153656,186.0629344061511,20992141
2025-08-05,184.86447143554688,188.45988139091446,184.86447143554688,188.26013893328948,14575760
2025-08-06,181.36892700195312,188.1602620690572,179.37147192589362,185.76332207353494,36492060
2025-08-07,178.772216796875,183.26649040350034,177.87336817129864,181.8682780438545,21739606
2025-08-08,180.2703094482422,182.46750684793642,179.5712032627993,180.07056700088305,20700951
2025-08-11,178.47259521484375,181.46877761432978,178.37273161181727,181.3689140113033,13886398
2025-08-12,171.7811279296875,178.7722203454306,171.7811279296875,178.4725990511672,21753767
2025-08-13,173.97833251953125,175.67616627110903,170.1831648611163,171.7811350034087,25254554
2025-08-14,169.78367614746094,175.17679858816075,168.58520618723568,174.2779499278349,16553058
2025-08-15,170.18316650390625,171.88101551124615,168.88483289505504,170.18316650390625,14923094
2025-08-18,171.48150634765625,172.2804913845605,166.78749020998032,170.18315756760833,22600903
2025-08-19,172.1806182861328,172.9796033497005,169.3841934227047,171.98087583008405,16197940
2025-08-20,181.26904296875,182.26777047821972,172.97960159227705,173.4789653470119,38944686
2025-08-21,180.07057189941406,183.06675440942303,178.47260179832702,182.16789051279696,20439294
2025-08-22,181.26904296875,182.66725538625863,178.77222419507578,180.07057300526085,24210182
2025-08-25,179.97068786621094,182.86700668603189,179.47132412893546,182.26776410555254,14214828
2025-08-26,185.26394653320312,185.76331027048937,178.8720967916877,180.2703091603405,33825828
2025-08-27,183.06675720214844,185.16407584752642,181.6685295325239,185.16407584752642,18713287
2025-08-28,183.5661163330078,186.56229881317864,182.76713129042116,184.76458627720172,19222348
2025-08-29,183.06675720214844,187.26140973227692,182.76713589870226,183.5661209614345,35688973
2025-09-01,178.27285766601562,184.66470753140123,177.97323636996302,183.26649513565192,23196336
2025-09-02,173.97833251953125,179.37147032023864,168.48533110953855,178.7722277070358,25999625
2025-09-03,178.57247924804688,178.77222169927776,170.4827804385318,172.77985672611763,27613522
2025-09-04,181.76840209960938,183.9655995166753,178.47259835432448,178.57247719847965,24151693
2025-09-05,174.77731323242188,182.36764835997886,174.77731323242188,181.8682846078862,22814460
2025-09-08,173.2792205810547,175.3765544187068,171.78112933683806,173.57884187777245,14491964
2025-09-09,173.4789581298828,174.2779431520934,170.58265456866263,173.2792156841731,23875219
2025-09-10,177.17425537109375,180.66980167962785,174.3778305157645,179.87083185774662,39929582
2025-09-11,171.88101196289062,177.47387692069648,170.88228444477824,177.17425561738824,24580157
2025-09-12,173.6787109375,176.67489352001724,171.08202850960868,171.8810135794878,21574800
2025-09-15,184.96432495117188,186.16279487089392,171.68124651243727,173.47895901170625,39453729
2025-09-16,194.95159912109375,196.24994788013439,184.5648395275122,184.96432441981466,53887807
2025-09-17,193.85301208496094,199.04639198991444,193.85301208496094,194.95160318135896,31237472
2025-09-18,191.95542907714844,196.5495818314569,191.15644400169833,194.35238430349872,20834723
2025-09-19,204.139892578125,204.139892578125,191.4560565205288,192.1551627146882,45499411
2025-09-22,213.3282012939453,217.92233867612578,205.03875994951173,209.73277617800207,68105717
2025-09-23,210.93124389648438,214.22704767786442,209.03366775173,212.52921398423595,31683071
2025-09-24,217.22323608398438,217.52285738852646,207.33583970970378,211.33074979860464,41049717
2025-09-25,218.022216796875,220.5190355525896,215.32565558857766,218.72132300060062,35589650
2025-09-26,217.0234832763672,222.01712064931917,213.82755840555228,217.72258946070608,44830105
2025-09-29,216.02476501464844,220.2194175389443,213.3282037661277,217.02349253183186,28386846
2025-09-30,214.72640991210938,218.82119870850775,213.0285762304462,216.22450114405433,39223793
2025-10-01,217.82247924804688,218.4217066192852,206.83647647557885,214.82629667373743,41278766
2025-10-02,216.72386169433594,221.61762021749155,215.72513422109014,217.9223316143565,28112699
2025-10-03,215.82501220703125,219.32055834950924,212.6290721138397,217.92233074889498,24107108
2025-10-06,214.9261474609375,216.9236023913168,212.72895008539464,215.92487492612716,20279138
2025-10-07,209.23341369628906,216.72387003386504,206.23723116125868,215.12589991943318,32163159
2025-10-08,215.32565307617188,215.92488042692827,208.13480295211832,209.13353044275107,27020145
2025-10-09,218.9210662841797,223.01585515484388,209.23341252310834,214.72641380653124,40301031
2025-10-10,213.2283172607422,219.72004588928937,211.83010488265003,218.92106085636303,29717793
2025-10-13,213.72769165039062,215.62526786368707,209.3332966094027,211.03113036435838,19071746
2025-10-14,211.730224609375,216.6239831390316,209.83264850343593,213.72767955852004,20036093
2025-10-15,207.2359619140625,212.22959955054594,202.84156688970614,211.83011463537633,33134559
2025-10-16,203.74041748046875,210.33202531823304,203.54067502100952,207.1360850093941,22182650
2025-10-17,194.6519775390625,204.8390099105244,193.35364402134877,203.74040359928932,28317714
2025-10-20,203.64053344726562,205.9376097710054,190.25759089232113,195.05148599417538,39630987
2025-10-21,205.33837890625,207.13607620433837,202.3421964236065,203.84028766492824,21489361
2025-10-22,207.33583068847656,215.92487786227855,205.6379817830694,205.6379817830694,28052729
2025-10-23,206.2372283935547,211.13098703934776,205.63798579884147,208.73404713923935,26059011
2025-10-24,203.64053344726562,215.4255211278403,203.64053344726562,207.53557988474762,53541269
2025-10-27,208.5343017578125,208.73404420678668,200.3447394348943,203.94014923454588,31221468
2025-10-28,211.1309814453125,211.1309814453125,206.73658666508834,208.8339204516423,12129563
2025-10-30,205.43824768066406,211.6303552527066,205.43824768066406,211.13099149303588,24507408
2025-10-31,203.34092712402344,207.73532207210752,201.143714410609,205.73786705218342,26205355
2025-11-03,202.34219360351562,205.73786094076985,201.24358727944235,204.23976972032736,25081750
2025-11-04,197.04893493652344,203.64052716373192,195.5508437158799,202.34219363067172,23546197
2025-11-05,193.85301208496094,203.940150599715,192.8542845940325,198.7467706947615,44519407
2025-11-06,187.16152954101562,195.45097093352803,187.16152954101562,194.15262212083073,42870800
2025-11-07,184.86447143554688,189.65835137603702,184.46497128092423,187.26141140579193,25678773
2025-11-10,186.1627960205078,188.3600086661672,183.76585616626187,185.7633111245908,25412471
2025-11-11,181.16915893554688,188.55975143766833,179.87082540190286,188.06038769722926,34898259
2025-11-12,183.3663787841797,185.86319758440342,180.96942359234137,182.76713617637697,23347877
2025-11-13,177.57374572753906,184.4649591171092,177.07438199671887,183.56611049738152,21915538
2025-11-14,175.7760467529297,177.5737593698683,171.28177283026955,177.5737593698683,32083989
2025-11-17,188.06039428710938,188.95924295564774,177.7734978257239,178.07311912836084,45680469
2025-11-18,187.96051025390625,189.65834393617544,184.36510043957833,188.06038909848706,28742274
2025-11-19,184.0654754638672,190.95668889969934,183.96559662128396,187.96050649466417,36852150
2025-11-20,184.56484985351562,186.56230490552474,183.26650102183518,184.8644711591915,22196256
2025-11-21,184.4649658203125,185.76331461549958,181.3689197203442,183.46623832237972,27716401
2025-11-24,184.16534423828125,184.86446567725093,181.36891943989136,184.26522308366899,25804960
2025-11-25,180.10000610351562,185.39999389648438,179.39999389648438,185.0,28775390
2025-11-26,184.10000610351562,185.6999969482422,180.10000610351562,180.3000030517578,23280248
2025-11-27,184.5,186.10000610351562,183.39999389648438,184.3000030517578,13460544
2025-11-28,183.39999389648438,185.0,182.8000030517578,184.5,13710754
2025-12-01,187.1999969482422,188.1999969482422,181.5,183.39999389648438,18915360
2025-12-02,187.6999969482422,188.89999389648438,185.5,187.10000610351562,19794223
2025-12-03,185.89999389648438,191.8000030517578,185.6999969482422,187.6999969482422,25981247
2025-12-04,185.10000610351562,187.60000610351562,183.0,185.6999969482422,14532958
2025-12-05,188.1999969482422,188.6999969482422,184.10000610351562,185.10000610351562,14533185
2025-12-08,193.6999969482422,194.39999389648438,186.6999969482422,190.0,27158085
2025-12-09,202.0,202.8000030517578,191.89999389648438,193.8000030517578,40458135
2025-12-10,205.8000030517578,209.89999389648438,200.89999389648438,202.0,52526261
2025-12-11,204.89999389648438,209.89999389648438,204.5,206.8000030517578,26064583
2025-12-12,204.0,207.10000610351562,203.3000030517578,205.0,16173224
2025-12-15,212.1999969482422,214.1999969482422,205.89999389648438,207.0,36336874
2025-12-16,209.3000030517578,212.60000610351562,207.0,212.1999969482422,21248733
2025-12-17,201.0,209.60000610351562,200.0,209.3000030517578,33541318
2025-12-18,204.39999389648438,205.89999389648438,201.8000030517578,202.0,27863503
2025-12-19,211.10000610351562,211.3000030517578,204.1999969482422,204.39999389648438,32709015
2025-12-22,212.8000030517578,216.3000030517578,209.6999969482422,211.8000030517578,30091977
2025-12-23,221.6999969482422,223.89999389648438,211.8000030517578,212.60000610351562,43793581
2025-12-24,224.6999969482422,229.5,221.0,221.60000610351562,33914596
2025-12-25,222.6999969482422,228.0,220.3000030517578,225.1999969482422,13579327
2025-12-26,226.10000610351562,227.0,222.0,222.6999969482422,21511696
2025-12-29,221.0,228.0,221.0,226.3000030517578,23826351
2025-12-30,229.0,231.3000030517578,222.0,222.0,34829885
2025-12-31,231.6999969482422,237.3000030517578,229.1999969482422,229.8000030517578,33390707
2026-01-02,230.1999969482422,233.6999969482422,228.5,232.0,20364261
2026-01-05,240.0,242.5,233.0,233.0,34329300
2026-01-06,257.0,258.0,238.8000030517578,240.0,54994067
2026-01-07,263.5,270.0,257.75,259.0,46562786
2026-01-08,262.75,268.5,260.25,264.0,39424305
2026-01-09,280.0,280.0,263.5,265.0,46746602
2026-01-12,283.0,294.75,280.0,285.75,73292826
2026-01-13,289.75,292.75,282.5,283.0,55044032
2026-01-14,288.0,292.5,283.0,292.0,46382182
2026-01-15,302.5,304.5,285.75,289.25,57149729
2026-01-16,309.25,312.5,301.0,303.25,50889702
2026-01-19,316.0,325.0,305.75,310.0,53303143
2026-01-20,336.75,338.25,317.0,317.5,72992317
2026-01-21,303.25,339.25,303.25,338.5,109808705
2026-01-22,300.25,304.75,287.5,295.0,85588015
2026-01-23,300.75,306.75,296.75,302.75,51219152
2026-01-26,323.25,324.25,300.75,300.75,64694547
2026-01-27,310.5,333.5,308.0,328.5,70509406
2026-01-28,307.5,316.25,307.5,312.25,54249535
2026-01-29,319.0,323.0,309.0,310.25,58984283
2026-01-30,303.25,317.25,303.25,317.0,52704794
2026-02-02,299.5,306.0,293.75,300.0,36840843
2026-02-03,296.75,306.5,291.75,304.25,50541184
2026-02-04,302.5,304.0,297.25,299.0,46636544
2026-02-05,285.0,303.0,283.75,302.75,41435454
2026-02-06,288.0,292.75,283.0,285.0,41861945
2026-02-09,292.0,294.25,287.25,291.0,28749581
2026-02-10,298.25,298.25,291.0,292.25,38575272
2026-02-11,294.0,300.0,291.5,298.0,39497827
2026-02-12,301.5,303.5,292.5,295.0,40207260
2026-02-13,302.25,304.0,298.5,302.0,38043567
2026-02-16,296.5,304.5,295.25,303.25,33971514
2026-02-17,294.0,301.75,293.25,296.75,32315707
2026-02-18,310.25,315.5,294.75,294.75,83188891
2026-02-19,307.0,321.25,304.5,313.25,74721661
2026-02-20,313.25,314.75,306.0,307.25,42689070
2026-02-23,310.5,316.25,308.75,314.5,35880813
2026-02-24,309.0,315.5,305.25,312.75,32333409
2026-02-25,306.25,314.75,303.75,309.75,59100784
2026-02-26,311.0,312.75,304.0,308.25,34047361
2026-02-27,322.0,324.75,307.5,312.25,73945610
2026-03-02,340.0,347.0,324.0,324.0,58565606
2026-03-03,322.25,345.5,318.0,344.25,36583772
2026-03-04,333.0,339.25,321.75,322.0,46372048
2026-03-05,345.0,350.0,330.0,333.5,46519728
2026-03-06,333.5,350.0,333.5,346.0,34172215
2026-03-09,319.0,337.75,318.5,333.5,36349526
2026-03-10,334.25,336.0,319.25,319.25,30058029
2026-03-11,335.75,335.75,326.5,334.5,19131976
2026-03-12,330.0,338.25,329.75,336.75,23419978
2026-03-13,322.25,333.5,320.25,330.0,22428192
2026-03-16,320.5,328.25,314.75,324.0,18105422
2026-03-17,341.25,343.75,321.5,321.75,33575822
2026-03-18,348.75,355.5,338.0,341.0,41934787
2026-03-19,338.75,351.5,338.75,348.0,12565804
2026-03-23,353.25,356.5,338.0,338.75,44437394
2026-03-24,352.0,359.0,347.0,353.25,30707912
2026-03-25,337.5,355.0,337.0,352.0,23956540
2026-03-26,338.0,343.25,335.0,340.0,22025311
2026-03-27,330.75,341.0,328.0,340.0,14929459
2026-03-30,320.5,332.75,320.5,330.75,18317233
2026-03-31,320.25,324.75,316.0,321.0,18067512
2026-04-01,320.25,327.5,317.75,321.5,17723482
2026-04-02,336.5,336.5,323.25,325.0,24822094
2026-04-03,330.5,338.5,330.0,336.5,12968325
2026-04-06,337.0,342.5,327.75,330.5,21266430
2026-04-07,342.0,344.75,337.0,338.5,21595112
2026-04-08,362.25,366.5,338.0,341.5,53570213
2026-04-09,376.75,379.0,362.25,362.25,35915324
2026-04-10,398.5,399.5,376.5,377.0,34383162
2026-04-13,415.25,429.0,388.5,398.75,77119327
2026-04-14,411.75,425.25,408.5,415.75,38474453
2026-04-15,416.75,421.25,411.25,412.25,21183260
2026-04-16,411.0,422.5,406.0,420.0,15450028
2026-04-17,414.0,417.5,407.0,412.5,20981008
2026-04-20,408.0,421.5,408.0,418.0,17267189
2026-04-21,396.5,412.25,396.5,409.0,13215889
2026-04-22,396.5,406.75,391.0,399.0,23228306
2026-04-24,392.0,404.5,390.25,399.0,18264062
2026-04-27,415.0,416.25,391.0,393.75,31236856
2026-04-28,414.5,424.75,414.25,420.75,28763388
2026-04-29,425.5,434.25,415.5,415.5,38292607
2026-04-30,420.25,431.0,418.25,427.25,27047316
2026-05-04,431.75,443.5,421.5,422.0,35686201
2026-05-05,427.25,434.5,424.25,432.75,15706669
2026-05-06,434.0,450.0,429.5,430.75,30033225
2026-05-07,428.0,437.0,423.0,437.0,17211142
2026-05-08,428.5,434.5,426.25,431.0,17958234
2026-05-11,431.75,438.75,425.0,430.0,21073942
2026-05-12,419.25,433.25,419.25,433.0,13835481
2026-05-13,412.75,423.5,410.75,420.0,13698866
2026-05-14,415.5,421.0,413.75,414.75,10379851
2026-05-15,415.0,419.0,410.5,415.5,15045515
2026-05-18,402.0,419.0,402.0,416.75,14506796
2026-05-20,393.5,403.25,389.25,402.0,21017807
2026-05-21,377.75,409.25,377.75,397.75,20097708
2026-05-22,410.0,412.0,370.5,370.5,28455776
2026-05-25,401.75,413.0,396.0,411.25,15337705
2026-05-26,380.25,401.75,380.25,399.75,23629428
2026-05-27,380.25,380.25,380.25,380.25,0
2026-05-28,380.25,380.25,380.25,380.25,0
2026-05-29,380.25,380.25,380.25,380.25,0
2026-06-01,384.0,398.25,383.0,385.0,28628121
2026-06-02,407.75,408.5,383.0,385.0,27766669
2026-06-03,383.5,409.5,381.25,409.5,33258536
2026-06-04,362.25,393.5,356.75,388.5,44493259
2026-06-05,363.0,367.75,355.0,362.75,24157367
2026-06-08,368.0,377.25,359.5,366.0,28237277
2026-06-09,357.25,368.75,357.25,368.5,19113351
2026-06-10,376.75,382.75,356.0,357.25,36066569
2026-06-11,377.75,389.75,373.25,380.5,24887395
2026-06-12,371.25,382.75,365.25,377.75,26510524
2026-06-15,375.75,385.5,369.75,372.0,30445838
2026-06-16,394.0,397.0,378.5,382.0,30390789
2026-06-17,395.0,399.25,384.75,398.0,22440362
2026-06-18,410.75,412.5,390.0,393.5,25136272
2026-06-19,402.5,412.75,400.5,408.75,19250277
2026-06-22,394.75,407.25,393.75,402.75,15420310
2026-06-23,392.0,396.25,387.25,393.0,15103312
2026-06-24,367.5,392.75,367.5,392.0,25534326
2026-06-25,373.5,389.0,371.25,374.25,30370634
2026-06-26,361.5,379.0,354.25,376.0,30569254
2026-06-29,357.5,367.75,354.0,364.25,27586033
2026-06-30,345.0,367.0,342.5,359.0,45256637
2026-07-01,371.25,372.25,342.5,345.0,51344130
2026-07-02,384.75,388.75,371.75,372.5,48201664
2026-07-03,399.5,399.75,382.25,386.0,42574152
2026-07-06,401.75,411.25,396.5,403.75,53832210
2026-07-07,383.0,410.0,382.75,402.75,65463431
2026-07-08,377.0,389.0,375.25,383.0,46688381
2026-07-09,358.75,382.0,358.25,378.5,39044596
2026-07-10,370.0,375.25,355.0,359.0,54713081
2026-07-13,352.5,370.5,352.5,370.0,35331632
2026-07-14,348.5,353.25,345.5,352.75,38210676
2026-07-16,352.5,363.0,349.0,349.0,39755676
2026-07-17,351.5,353.25,344.5,350.25,44877273
2026-07-20,354.5,361.75,348.75,353.25,40499377
2026-07-21,360.0,363.5,353.5,355.5,34390421
2026-07-22,370.0,376.0,360.0,362.0,47861304
2026-07-23,376.25,381.0,370.0,371.5,40700422
2026-07-24,380.25,391.25,371.5,376.25,42885683
2026-07-27,360.5,382.5,360.5,381.25,33473184
2026-07-28,358.0,366.25,355.5,360.5,23084210
2026-07-29,354.5,362.75,352.0,357.5,23389684
2026-07-30,337.5,356.0,335.5,354.5,33703835
2026-08-03,336.25,344.5,331.75,344.0,30271176
2026-08-04,349.25,351.25,336.5,337.75,31914222
2026-08-05,346.75,361.5,341.5,354.0,44255746
2026-08-06,363.0,364.5,344.75,346.75,41509167
2026-08-07,353.75,368.5,350.5,365.0,34419991
