Price,Close,High,Low,Open,Volume
2021-08-09,28.32695960998535,28.45851029931579,28.129636921462694,28.283110495366206,3351384
2021-08-10,30.015172958374023,30.32212342449759,28.326957103848873,28.326957103848873,17751862
2021-08-11,29.817853927612305,30.146727316519794,29.510906769487892,30.03710285355063,8380422
2021-08-12,30.738689422607422,31.308737795307135,29.817844882107348,29.817844882107348,12440330
2021-08-13,30.45367431640625,30.519449662940602,29.92747823507764,30.212502506411095,9221992
2021-08-16,30.67292022705078,31.001793581931835,30.365973100684233,30.431748440754998,6068512
2021-08-17,30.475597381591797,30.629070943915337,30.234422251174273,30.409822041889495,5279264
2021-08-18,30.563297271728516,30.870247758595376,30.40982370103155,30.475599044322514,6700390
2021-08-19,31.17719841003418,31.17719841003418,30.43175335673941,30.497528707435606,7247886
2021-08-20,31.2648983001709,31.527996343238815,30.957947795364063,31.17719672216618,6021250
2021-08-23,31.74724006652832,32.185737848260835,31.527991175662066,31.5718402847408,4613854
2021-08-24,32.18574905395508,32.22959817830019,31.70340199521132,31.83494936824667,6353230
2021-08-25,32.032264709472656,32.22958737562416,31.85686492540875,32.05418759156026,17185860
2021-08-26,32.273433685302734,32.36113524246221,31.922637493081815,32.18573547361559,7007240
2021-08-27,31.65953826904297,32.22958671927356,31.506064715664746,32.20766049215987,6130876
2021-08-31,31.506065368652344,31.878787819002284,31.155269145870538,31.834938709338637,7338194
2021-09-01,31.571842193603516,31.98841377324667,31.199119725690252,31.46221774154239,6097406
2021-09-02,31.703397750854492,31.74724686932922,30.694851298569326,31.418373462558833,3822892
2021-09-03,31.17719841003418,31.703397870130466,31.11142305933798,31.703397870130466,4596180
2021-09-06,31.111419677734375,31.396443936122132,31.001795220313927,31.045647679660462,2031294
2021-09-07,30.54137420654297,31.067570258805176,30.54137420654297,30.93602291847608,2751624
2021-09-08,30.475597381591797,30.738695394928257,30.256348479565958,30.475597381591797,3629048
2021-09-09,30.519451141357422,30.563300259346754,30.124802388506925,30.475602023368094,5109250
2021-09-10,30.168651580810547,30.541374061515793,30.059027124987065,30.431749605692314,3729508
2021-09-13,29.905548095703125,30.168649447452736,29.730151655166928,30.015172543774575,3062608
2021-09-14,29.57667350769043,29.949399291837125,29.51090151799162,29.861697729784513,4050592
2021-09-15,29.68630027770996,30.278274995173323,29.44512849047746,29.44512849047746,5755172
2021-09-16,29.927471160888672,30.01516937188917,29.642446956928605,29.70822228791513,3674546
2021-09-17,30.54137420654297,30.56329709052803,29.94940281137976,29.97132569536482,6035584
2021-09-20,29.6424560546875,30.30020287548148,29.6424560546875,30.059031048474356,2872836
2021-09-21,29.5328311920166,30.03710441701739,29.5328311920166,29.774006361291455,4204520
2021-09-22,29.839778900146484,29.861701784532034,29.46705306538951,29.620529983453192,2213666
2021-09-23,29.028554916381836,29.883627689472444,28.94085668884723,29.77400323231772,6768964
2021-09-24,28.458507537841797,28.80930376622842,28.173483302265204,28.80930376622842,7581160
2021-09-27,28.17348861694336,28.853161664957774,27.976164237608096,28.59006026219522,7068558
2021-09-28,27.625364303588867,28.1296374956855,27.581515188074608,27.998086803669658,5184624
2021-09-29,28.129636764526367,28.239261223199133,27.88846161725709,27.998086075929855,4144504
2021-09-30,28.020015716552734,28.305040012890725,27.625366948198085,28.283113780298038,8978858
2021-10-01,27.713064193725586,27.932313116662122,27.647288847750012,27.932313116662122,4650756
2021-10-04,27.340341567993164,27.734990320702554,27.31841700900634,27.66921497100545,4228250
2021-10-05,27.230714797973633,27.428039157644612,27.164941126574295,27.296490142109455,3884314
2021-10-06,26.836069107055664,27.471891332454895,26.814144548814983,27.186867057116302,7181808
2021-10-07,26.945693969726562,27.14301834228577,26.879918621294628,27.14301834228577,4572626
2021-10-08,27.121091842651367,27.537665142213374,26.748369332522326,26.967618261477426,10741030
2021-10-11,27.55958366394043,27.66920810440596,27.164936681906237,27.27456112237177,5918142
2021-10-12,27.31841468811035,27.581514391809943,27.25264101673782,27.493814490576746,4351692
2021-10-13,26.989540100097656,27.53766236725129,26.989540100097656,27.274564348112108,6176976
2021-10-14,26.507192611694336,27.099163978565848,26.44141727193689,27.03339031154478,13102578
2021-10-15,26.572967529296875,26.90184089808885,26.309869503357877,26.682591985560865,14351224
2021-10-18,26.616819381713867,26.87991741819257,26.55104403622593,26.616819381713867,13190398
2021-10-19,26.879915237426758,27.077239585145133,26.704517118249836,26.74836622985997,8147614
2021-10-20,26.704517364501953,27.05531527882702,26.66066657975107,27.05531527882702,7218220
2021-10-21,27.143016815185547,27.143016815185547,26.375645599423688,26.72644353493895,12539666
2021-10-22,27.31841468811035,27.493814490576746,27.03339210002307,27.099165771395604,10452782
2021-10-25,26.945693969726562,27.230716576546225,26.879918621294628,27.14301834228577,18009414
2021-10-26,27.252643585205078,27.384192613084668,27.033394647826874,27.055319207017366,21700026
2021-10-27,27.669214248657227,27.91038940942595,27.3403408542307,27.406116202210637,30146464
2021-10-28,27.252643585205078,27.69114145996148,27.252643585205078,27.669215228034343,9635900
2021-11-01,28.063861846923828,28.195412537520497,26.61681930498912,26.70451920780806,27633162
2021-11-02,28.085786819458008,28.370807727198745,27.64728732499996,28.173485045613177,15221974
2021-11-03,28.305038452148438,28.305038452148438,27.471891841666928,28.10771240611499,12504426
2021-11-04,28.918930053710938,29.094329851793535,28.436583118088453,28.50235846055354,10485654
2021-11-05,28.743534088134766,29.00663211698018,28.414660715709758,28.984705887296002,7940162
2021-11-08,29.46705436706543,29.46705436706543,28.743535586395264,28.94085828194656,10951180
2021-11-09,28.787385940551758,29.379357398135966,28.743536822485016,29.357431166365963,18637080
2021-11-10,29.11625862121582,29.554756481940537,28.80930811142461,28.80930811142461,18998702
2021-11-11,29.028554916381836,29.29165628993152,28.94085668884723,29.094330259769258,8679792
2021-11-12,29.291658401489258,29.423205752274065,29.050483240174017,29.050483240174017,9542782
2021-11-15,29.46705436706543,29.686303293443814,29.24780544068705,29.35742990387624,16861886
2021-11-16,29.094329833984375,29.905550135962834,28.89700715218279,29.59860299861084,15621632
2021-11-17,29.591670989990234,29.591670989990234,29.049120699125343,29.116940347846107,10370910
2021-11-18,30.269859313964844,30.45071055318277,29.25257497399582,29.614277452431665,18993412
2021-11-19,30.17943572998047,30.563742461371014,30.06640413548616,30.405498918969087,8570610
2021-11-22,30.563745498657227,30.78980871011098,30.202046430001737,30.202046430001737,13401762
2021-11-23,30.767200469970703,30.767200469970703,30.021191278995914,30.563741536368266,16342554
2021-11-24,31.196720123291016,31.422783312590227,30.88023303805233,30.948049235281676,15321164
2021-11-25,31.174108505249023,31.37756741970897,30.857621459800338,31.196716201116825,7240054
2021-11-26,31.24193572998047,31.37757503922482,30.948052859584987,31.17411607535829,10948258
2021-11-29,31.400177001953125,31.535816301308916,31.015870253045946,31.30975310201638,8548954
2021-11-30,31.37757682800293,31.76188362683599,31.151513599342177,31.400181081198333,16615884
2021-12-01,31.716659545898438,32.14617813637095,31.513200648214244,31.53580834221798,11710754
2021-12-02,31.69405174255371,31.920114884011937,31.51320053949717,31.71665943647945,6823982
2021-12-03,31.603639602661133,31.965338693651674,31.535819945146947,31.761883170560186,9937946
2021-12-06,33.00523376464844,33.140873091406995,31.490610713284298,31.69406625397076,17253390
2021-12-07,35.06239700317383,35.33367210147256,34.15814437587805,34.92675772929945,31432172
2021-12-08,34.429420471191406,35.65016017361114,34.429420471191406,35.491916649141935,20050314
2021-12-09,33.84165954589844,34.79112427344527,33.72862794858452,34.47463718074653,25796200
2021-12-10,34.836341857910156,34.904158060993495,33.570386508775336,33.84166166946114,30517396
2021-12-13,35.378883361816406,35.8084019717326,34.6328742687699,34.99457669250456,21388596
2021-12-14,36.283145904541016,36.44138946470179,35.53713660726775,35.53713660726775,17364302
2021-12-15,37.707340240478516,38.0238273221541,36.73526784754567,36.983938732755405,17011784
2021-12-16,38.45335388183594,38.7020213462763,37.11957885647977,38.00122745617979,25341068
2021-12-17,34.92677307128906,39.96798437276349,34.610285892494886,39.10894330959876,29631576
2021-12-20,32.394859313964844,35.71798787581156,31.513210708119207,33.909482160580595,26887242
2021-12-21,29.56906509399414,34.20336035610525,29.162150673772345,33.90947752764227,41947066
2021-12-22,29.817733764648438,30.495923343369334,28.868269044329303,29.16215188499847,35098876
2021-12-23,28.936086654663086,30.47331694808213,27.6249195382336,30.292465716600418,30011914
2021-12-24,29.56906509399414,29.56906509399414,28.732630280143834,29.25257456739922,20232640
2021-12-27,28.890878677368164,30.06640666928462,28.777847073348298,29.659492204922937,21586506
2021-12-28,28.303110122680664,29.501245695211534,28.077046937276744,29.162150917105652,18237872
2021-12-29,28.80044937133789,29.139542415369295,28.077046163155394,28.325717040023704,16941398
2021-12-30,27.87358856201172,29.184755591385162,27.82837489478071,29.02650861843915,17465376
2021-12-31,27.71534538269043,28.212685411006763,27.71534538269043,28.009228205092136,13631008
2022-01-03,29.139541625976562,29.207361267780712,27.94140784366261,27.98662151310709,26399264
2022-01-04,30.60895538330078,30.60895538330078,29.388215503696706,29.388215503696706,36482818
2022-01-05,31.332361221313477,31.51320902360879,30.69938356492771,30.970658717821404,24701394
2022-01-06,31.174108505249023,31.467991304279998,30.789801821647025,30.970653040239167,15151610
2022-01-07,32.869590759277344,32.91480616277081,31.40017983146527,31.467999487254485,24950392
2022-01-10,32.259220123291016,33.366931947583765,32.259220123291016,32.93740976897808,17355000
2022-01-11,32.05575942993164,32.59830967903795,31.55842112667579,32.553097733187485,17696172
2022-01-12,32.53049087524414,32.68873786398113,32.07836450616806,32.4400669812091,15690526
2022-01-13,31.852293014526367,32.48527045604195,31.829688771638036,32.37223889325165,13587138
2022-01-14,31.76188087463379,32.10097568824198,31.44539376171314,31.874912479169854,12085604
2022-01-17,32.41746139526367,32.64352459453176,31.874911096800528,31.874911096800528,12325088
2022-01-18,30.812410354614258,32.57570374725447,30.812410354614258,32.417456770780845,11169322
2022-01-19,31.784488677978516,31.920124534189373,30.405501718404377,30.812416185938616,21849622
2022-01-20,31.648849487304688,32.3270391191755,30.90284020235662,32.0783682077092,17052572
2022-01-21,31.53581428527832,31.784485168383277,30.99326402144081,31.716665523040977,12738890
2022-01-24,30.269859313964844,31.71666577825775,30.202043117527293,31.626238433923547,15808646
2022-01-25,30.83501434326172,30.94804592582419,29.93076168276196,30.699378513856846,14052546
2022-01-26,30.970651626586914,31.24192671736776,30.67676884097019,30.970651626586914,11240728
2022-01-27,32.50788116455078,32.50788116455078,30.31506933285376,30.31506933285376,18253618
2022-01-28,31.920124053955078,32.756557227749255,31.807092450754496,32.59831367315859,11660954
2022-01-31,31.80709457397461,32.30443297136588,31.784490321496058,32.191401360620084,8402014
2022-02-01,32.41746139526367,32.64352459453176,31.987942696434573,31.987942696434573,10790668
2022-02-02,31.897510528564453,32.598304194977025,31.76187126438149,32.553092256732626,7253834
2022-02-03,31.603639602661133,32.44007284679991,31.35496867492614,31.965338693651674,10217610
2022-02-04,31.038476943969727,31.874910064276953,30.993264995470792,31.784486167279088,10003908
2022-02-07,31.965333938598633,32.01054933651605,30.631562486848196,31.03847692195105,11048064
2022-02-08,32.16879653930664,32.46267941193922,31.377575278077146,31.9427333218125,13205684
2022-02-09,32.66613006591797,32.77916165784156,32.259215645102955,32.485278828950136,12268688
2022-02-10,32.66613006591797,32.91480094793005,32.41745918390589,32.733949710962214,10615672
2022-02-11,33.434749603271484,33.570388918074435,32.2592215229665,32.50789245028822,19315694
2022-02-14,33.11825942993164,33.79644904283126,32.16879466176231,33.050439778751524,25267600
2022-02-15,34.04512405395508,34.45203511121695,33.231295040529005,33.231295040529005,17295578
2022-02-16,34.04512405395508,34.40682315479354,33.84166507587298,34.36161119837013,11095254
2022-02-17,33.773841857910156,34.248575973963234,33.54777865016122,34.09033241842914,12405096
2022-02-18,34.248573303222656,34.248573303222656,33.61559568099576,33.909478518042235,8477916
2022-02-21,34.836341857910156,35.0397973660618,34.29378808708774,34.5424589965627,13260238
2022-02-22,34.15814971923828,34.384212911425294,33.54777634077289,34.02251042414585,15052508
2022-02-23,34.09032440185547,34.65548228832704,34.06771670661661,34.36159949747183,12178294
2022-02-24,32.16879653930664,32.48528366401806,30.69938562559472,31.648850449179925,17299406
2022-02-25,33.027828216552734,33.50255877081993,32.28181911761859,32.46267033091323,14125736
2022-02-28,33.05043411254883,33.253893031207944,32.236608786262835,32.55309583824347,14274414
2022-03-01,33.208683013916016,33.93208802031,33.050439462311346,33.23129071390984,14810298
2022-03-02,33.86426544189453,33.886869690483294,33.32171173400792,33.32171173400792,10126756
2022-03-03,34.452030181884766,34.745913030765486,34.361606281975625,34.361606281975625,12975336
2022-03-04,33.773841857910156,34.42942723005254,33.751237606805745,34.31639562617807,12422050
2022-03-07,34.11293029785156,34.40681310292331,33.344316914848676,33.38952885806352,16001050
2022-03-08,34.58766555786133,34.994579960196816,33.57038127674776,33.81905214746674,13068044
2022-03-09,34.949363708496094,35.446701939195876,34.72330056277348,34.72330056277348,12364310
2022-03-10,34.338993072509766,35.22064147768958,34.158145301708885,35.17542953498936,12568272
2022-03-11,34.248573303222656,34.67809198467098,33.93208621683448,34.20336135508871,13113486
2022-03-14,35.017189025878906,35.039796726127676,34.42942676336916,34.474638714415946,10970018
2022-03-15,34.452030181884766,34.971976229989004,34.452030181884766,34.700701080810916,9014592
2022-03-16,34.542457580566406,34.79112503039694,34.135543131492916,34.587669530585536,6979796
2022-03-17,35.42409896850586,35.53713055643948,34.587665907687146,34.700697495620766,12361578
2022-03-18,36.41878128051758,36.41878128051758,35.46931312317256,35.537132770047286,14124734
2022-03-21,36.780479431152344,36.893511023411236,36.01186598357208,36.39617270736221,12641784
2022-03-22,37.978614807128906,37.978614807128906,36.735267298562185,36.78047924534725,9209896
2022-03-23,38.02383041381836,38.13686201638586,37.32303654757029,37.91079881125086,9689064
2022-03-24,37.72994613647461,38.069040931408,37.43606674042618,38.02382898197367,5804240
2022-03-25,37.978614807128906,38.29510188407481,37.277817558883854,37.34563720378667,9040766
2022-03-28,37.54909133911133,38.24988504833313,37.48127170287697,37.97860995284566,5810292
2022-03-29,37.978614807128906,38.06903870069904,37.52648844037737,37.75255162375314,6824456
2022-03-30,38.88286590576172,38.88286590576172,37.91079356822762,37.97861321027889,7304768
2022-03-31,38.27249526977539,38.792441249291755,38.04643210037264,38.792441249291755,9753804
2022-04-01,37.978614807128906,38.45334887199819,37.978614807128906,38.27249763540749,8762466
2022-04-04,36.961326599121094,38.11425009300214,36.848295019307265,37.97861081744553,17139416
2022-04-05,37.051753997802734,37.59430770204405,36.84829851461874,37.051753997802734,19069092
2022-04-06,36.53181457519531,37.096972576362006,36.26053597507475,37.00654522650492,11850490
2022-04-07,37.07436752319336,37.23261108492656,36.69006074485532,36.71266499684524,13102886
2022-04-08,37.66212844848633,37.684732697584764,37.16478667601385,37.18739437456278,12847462
2022-04-11,37.75254821777344,38.046431019538346,37.50387735871465,37.662124332361216,16078182
2022-04-12,37.978614807128906,38.47595312066551,37.45866879547456,37.75255162375314,21844668
2022-04-13,38.566383361816406,38.86026276272858,37.82037411072628,38.04643731108991,16655102
2022-04-14,38.40813446044922,39.01850783077255,38.40813446044922,38.88286853748947,8055450
2022-04-15,38.27249526977539,38.521162686448285,38.02382440365228,38.40813110174691,4905422
2022-04-18,38.295101165771484,38.543772042600665,38.001221792455645,38.295101165771484,5153446
2022-04-19,38.67940902709961,39.289778884537235,38.340314278584245,38.47595010832029,19132534
2022-04-20,39.244571685791016,39.42541948063613,38.4533505102666,38.81504954940742,12267904
2022-04-21,40.55574035644531,40.73659162263975,39.35760804799052,39.58367126837082,15025150
2022-04-22,39.01850891113281,40.71398287686366,38.8828696140941,40.420100032913524,11194532
2022-04-25,39.244571685791016,39.56105877622055,37.72994553308382,38.70201795290393,9451688
2022-04-26,37.390846252441406,39.74190524699121,37.30042236587994,39.24456697200284,13532098
2022-04-27,38.40813446044922,38.40813446044922,37.23260656664778,37.4360655065724,9835110
2022-04-28,37.95600509643555,38.63419461060259,37.68472998065878,38.362919494825825,7362692
2022-04-29,37.77516174316406,38.34031973782869,37.616914745097446,38.06904114082915,9875268
2022-05-05,38.47595977783203,38.9054819702328,38.001229080274584,38.069045287460625,12940656
2022-05-06,37.54909133911133,38.27249274356125,37.16478121693326,38.27249274356125,14959882
2022-05-09,37.30043411254883,37.82038024764431,36.825699934972256,37.54910505307966,13397282
2022-05-10,37.79776382446289,37.86558346982132,37.48127674539083,37.616912586657236,2818212
2022-05-11,37.63951873779297,38.928078148836356,37.300423974389425,38.38552790717082,12359776
2022-05-12,37.18739318847656,37.662127247258546,36.6900548813171,37.30042477871509,11834806
2022-05-13,36.938720703125,37.50387862973003,36.62223364400627,37.368242797014965,8341298
2022-05-16,36.98394012451172,37.07436402283595,36.237930890259655,36.93872472589899,6391606
2022-05-17,38.04644012451172,38.45335460514652,37.07436760117606,37.07436760117606,19865550
2022-05-18,37.07436752319336,37.97862038961271,36.75788039972696,37.75255717300787,19374580
2022-05-20,36.3283576965332,37.00654733660333,36.3283576965332,36.82569607602779,15649480
2022-05-23,36.305747985839844,36.87090593425298,35.22064403499655,36.5544154134714,17142650
2022-05-24,35.31106948852539,36.35096153937289,35.31106948852539,36.30574959139051,19099858
2022-05-25,36.01186752319336,36.50920586050517,35.31107024144677,35.31107024144677,11982518
2022-05-26,37.029151916503906,37.30042705977579,36.12489913929722,36.19271878747784,12971720
2022-05-27,36.961326599121094,37.209997454491536,36.5770199176441,37.05175048319213,10374572
2022-05-30,37.75254821777344,37.933399438048006,37.05175103275329,37.30042189181208,13879408
2022-05-31,37.30043411254883,37.88819990864828,37.277826409063756,37.75256058664033,16172348
2022-06-01,38.3403205871582,39.01851019577928,37.41346007559578,37.41346007559578,15326960
2022-06-02,39.78712844848633,40.23925490812822,38.15947388366575,38.88287552920254,11221438
2022-06-03,39.85493850708008,40.44270069336392,39.561055689213006,39.78711886457994,9255014
2022-06-06,39.990570068359375,40.44269637076909,39.854934247306424,40.239240914464695,6414808
2022-06-07,39.312381744384766,40.23924207073796,38.92807506618345,40.01317891303718,10769950
2022-06-08,37.8881950378418,39.80973230570291,37.8881950378418,39.357605889735595,10326274
2022-06-09,37.21000289916992,38.52116665730363,36.66744916700544,38.023828323240785,17136878
2022-06-10,36.848297119140625,37.48127469205886,36.3961707741205,37.07436029165069,10641312
2022-06-13,37.07436752319336,37.75255717300787,36.66745304341446,36.803092353157744,10185018
2022-06-14,37.82037353515625,38.430743476959,37.323035191815144,37.323035191815144,12898842
2022-06-15,38.4879264831543,38.833212911255146,37.8894321152406,38.30377301901348,9314742
2022-06-16,37.59017562866211,38.603014209451764,37.106773321392126,38.603014209451764,18250072
2022-06-17,38.39585494995117,38.39585494995117,37.38301256258075,37.72829902164068,10487400
2022-06-20,38.09659957885742,38.85623036358144,37.54414274220445,38.60301893119513,8512678
2022-06-21,38.34981155395508,38.67207746115741,38.07357961928456,38.46490702258947,6599038
2022-06-22,38.90227127075195,39.13246222501676,38.16566091959162,38.234718908358104,10584414
2022-06-23,39.06340026855469,39.36264918119106,38.71811387222845,38.994342286802464,8426720
2022-06-24,38.85622787475586,39.29358921638928,38.695094933755904,39.27057223192339,7054314
2022-06-27,38.11962127685547,38.11962127685547,38.11962127685547,38.11962127685547,50056
2022-06-28,38.69509506225586,39.06339842684532,38.05055978368094,38.211692725216,16993830
2022-06-29,37.38301467895508,38.71812309872541,37.33697718429452,38.533969607647485,9271078
2022-06-30,37.221866607666016,37.705268886797555,36.64638937652574,37.52111547034581,14600706
2022-07-01,38.02753448486328,38.16565042441573,37.17582889078115,37.24488686055738,6330528
2022-07-04,38.09659957885742,38.74113489657583,37.79735066215585,38.119620077232504,5463196
2022-07-05,37.221866607666016,38.37282106994656,36.89960076320117,38.21168814771414,7412196
2022-07-06,38.58000564575195,38.58000564575195,37.29093488667072,37.49810534217813,7803254
2022-07-07,39.22453308105469,39.22453308105469,38.18867389568421,38.67207625383104,6385836
2022-07-08,39.316612243652344,39.66189864477499,38.971325842529694,39.22453376255869,2473954
2022-07-13,38.58000564575195,39.3166160027547,38.11962373357083,39.3166160027547,6604610
2022-07-14,37.75131607055664,39.24755725627992,37.06074321560743,38.37283093752389,10034022
2022-07-18,38.85622787475586,38.90226535612233,38.211692598321335,38.211692598321335,5833826
2022-07-19,39.316612243652344,39.316612243652344,38.51094397436617,38.76415189439516,5751412
2022-07-20,39.29359436035156,39.59284329706056,38.6720794994545,39.59284329706056,6187458
2022-07-21,38.879249572753906,39.36265196679384,38.55698365168402,39.36265196679384,7391354
2022-07-22,39.01736831665039,39.408692252147425,38.810197854456476,39.10944329708427,6996968
2022-07-25,39.707942962646484,40.05322942319123,39.13246552840523,39.13246552840523,9364866
2022-07-26,40.62870407104492,41.3422974455388,39.77699822926645,39.84605621912638,13705132
2022-07-27,41.59550476074219,41.84871621557544,40.191342046257006,40.9049318974899,10339078
2022-07-28,41.572479248046875,42.12493602038966,41.089076937921064,42.03286106247736,13183468
2022-07-29,42.40116882324219,42.67739723818668,41.15813919977456,41.66455854591194,9559654
2022-08-01,43.80533981323242,44.104588759776064,42.40117357076201,42.40117357076201,10322940
2022-08-02,43.02268981933594,44.01251166823571,42.90759433719493,43.78232070395369,7324962
2022-08-03,43.298919677734375,43.57514811893321,42.72344229505548,43.09174571250885,6600424
2022-08-04,43.87439727783203,44.63402461678434,43.73628130033058,43.87439727783203,6344616
2022-08-05,43.9894905090332,44.33477692272284,43.39099265366383,43.92043252380827,6043984
2022-08-08,45.41667556762695,45.66988350756399,44.12760483044414,44.15062533063623,8216198
2022-08-09,45.117427825927734,45.90007567915849,44.9793118459763,45.416676774199004,6142930
2022-08-10,47.419334411621094,47.60348786910469,45.43969089043376,45.577806861655226,11237028
2022-08-11,51.05635452270508,51.60881140974417,47.97179361817035,48.340100551153235,24948184
2022-08-12,50.13558578491211,51.51673137946928,49.62916643606146,51.05634951461689,13087478
2022-08-15,49.39897918701172,50.59597142239326,48.98463477526249,50.31974298537216,9919720
2022-08-16,50.91823196411133,51.10238540680297,47.879712453220804,49.58312389514033,16084880
2022-08-17,51.97711944580078,52.6676923254728,50.319745237075004,52.02315693529186,15657878
2022-08-18,49.26085662841797,50.964268022744534,47.87971111547167,50.642002141364266,27798388
2022-08-19,48.98463439941406,50.227664112689105,47.971792121527805,49.26086283431572,17106872
2022-08-22,50.8722038269043,51.10239479444685,48.43217816597907,48.98463859554244,14896998
2022-08-23,50.96427536010742,52.11523011993311,50.595971944424306,51.05635384835458,11548038
2022-08-24,51.14842224121094,51.79295752624673,49.81331418915852,51.240500717607325,14759806
2022-08-25,51.37862014770508,52.39146245113773,51.10239170583625,51.79296456672593,12012694
2022-08-26,51.97711944580078,52.25334789518253,50.82616464634742,51.56277501551051,12543580
2022-08-29,51.70088577270508,51.8389982272238,50.73408102889928,51.792960742384224,10511350
2022-08-31,50.36577606201172,51.70088415519907,50.36577606201172,51.70088415519907,13321646
2022-09-01,50.31974792480469,51.10239582526244,49.81332497604739,50.18163193651897,15396802
2022-09-02,49.95143127441406,52.43749399424514,49.95143127441406,50.50388809551661,23566334
2022-09-05,52.437496185302734,52.52957115518883,49.90539587665052,50.04350833147967,17307064
2022-09-06,52.023155212402344,53.86468283054048,51.470698331934976,53.31222595007311,17990954
2022-09-07,52.34541702270508,53.128068306305465,51.33257831738094,52.06918860420167,14061048
2022-09-08,55.24583053588867,55.47602149645488,52.71372996966044,52.71372996966044,18124764
2022-09-09,55.79829025268555,57.27151458213126,55.01564235223052,55.70621526878572,13601596
2022-09-12,55.75224685668945,56.719048134997394,55.52205590888113,56.074516291082176,9421808
2022-09-13,53.91071701049805,57.36358108263629,53.58845110207247,57.08735265935223,12943172
2022-09-14,55.19978713989258,55.42997807582839,52.52957087806329,53.91071649367811,8669292
2022-09-15,53.86467742919922,55.89035830851077,53.86467742919922,55.245823004306885,8441220
2022-09-16,55.42998504638672,55.79828848273878,53.91072327318276,54.14091423806607,9726020
2022-09-19,53.31222152709961,55.89035927611439,53.26618053051774,55.47601489392177,6715824
2022-09-20,53.54241943359375,54.78544922962797,52.52957708827387,53.68053190402235,8673232
2022-09-21,53.45033645629883,54.96959809059234,53.220145512462544,54.37110023164398,10111146
2022-09-22,54.232994079589844,55.19979545364514,53.6344961510418,53.680533642675776,8528072
2022-09-23,55.291866302490234,56.76509051166598,54.140911535525674,54.23299002434396,14061544
2022-09-26,54.87751770019531,57.54773396095773,54.785442730831754,56.71904518694596,14671840
2022-09-27,56.166587829589844,56.765085662256155,55.153749126161365,55.24582409467853,11906206
2022-09-28,55.42998504638672,57.823969676198935,55.29186906248259,56.12055794103664,13038386
2022-09-29,53.772605895996094,56.028474336099485,51.97711583122324,55.93639936352039,9600838
2022-09-30,53.26618194580078,53.81864230754812,52.069189764000704,53.77260482217792,9456752
2022-10-03,56.76508712768555,56.949237069473845,53.40429800352425,53.63448894319461,11997722
2022-10-04,56.99528121948242,57.31754714786986,55.93640143346336,57.31754714786986,10657572
2022-10-05,57.1794319152832,58.238311715076875,56.30470909472826,57.13339442669114,13109864
2022-10-06,58.97492599487305,59.25115092835788,57.22547331665371,57.63981422931622,14616624
2022-10-07,58.19227600097656,59.57341826303069,57.54774060372774,59.20511834306337,19861652
2022-10-10,57.45566177368164,58.65265399554269,56.85716390653356,58.65265399554269,8402546
2022-10-11,56.5809326171875,57.916040744838284,56.350741681814426,57.5477338432674,9743692
2022-10-12,55.291866302490234,57.31754739483489,55.06167534909732,56.626974534656156,12962404
2022-10-13,56.85716247558594,57.317544357979344,55.47601682840571,56.58093404863689,12646864
2022-10-14,58.5145378112793,58.97492321603356,57.40962056722627,57.96208094547033,13933136
2022-10-17,63.53269958496094,63.71684952743311,58.836805803220436,58.92888077445652,20587164
2022-10-18,63.302494049072266,64.86778927379288,62.56588039928116,63.8089168114122,14892980
2022-10-19,65.05197143554688,66.61726726752303,63.57875058929793,63.94705053220683,13983054
2022-10-20,64.5455322265625,66.29498461441682,64.08515038896238,65.09798902670877,11790376
2022-10-21,65.37422943115234,66.15687725176251,63.80893378993201,64.45346563634739,8851180
2022-10-24,65.65045928955078,66.89348896799142,64.77572949741105,65.51234331975293,8597136
2022-10-25,64.45346069335938,66.43310410534365,63.0723151070731,65.97272224324821,12993832
2022-10-26,62.98023986816406,64.77572631264924,62.704007942149566,64.77572631264924,12998336
2022-10-27,62.151546478271484,63.48665096304224,61.32285778692069,63.302501042683915,14274480
2022-10-28,61.13871765136719,62.15155642517374,60.770410726836545,62.15155642517374,4896222
2022-10-31,61.69118118286133,61.87533115256324,60.81645828947067,61.36891522344746,15181990
2022-11-01,63.71685791015625,64.59158781415539,62.105521114488866,62.15156211859916,12823202
2022-11-02,64.82178497314453,65.32820094234789,63.394598007930774,64.22328698693,9679578
2022-11-03,64.40742492675781,65.05196380094652,62.88817027838293,64.91384782612964,11640430
2022-11-04,66.24895477294922,66.52518673195746,64.1312021784113,64.86780902764907,11877766
2022-11-07,67.72216796875,68.04443383509613,66.4791314451922,66.7553633448426,10860846
2022-11-08,67.90633392333984,69.28747969805184,67.26180203842252,68.13652488579184,11926468
2022-11-09,63.71685791015625,64.31535583923547,62.15156211859916,63.90101490172651,34700856
2022-11-10,65.55838012695312,66.24895298092329,63.670818541023536,64.82177329764049,19138336
2022-11-11,62.56589126586914,66.24894610476933,62.01343444500804,66.20291213420485,24475628
2022-11-14,62.2896728515625,63.16439565690275,62.01344089994435,62.70401375411939,15709262
2022-11-15,61.69118118286133,62.980252045387864,61.09268324402354,62.704020065963945,21162278
2022-11-16,59.665496826171875,62.65797916494853,59.527380851715826,61.73721536840187,22481878
2022-11-17,58.00811767578125,59.94172019333327,57.13339138929436,59.94172019333327,13336212
2022-11-18,60.171905517578125,60.171905517578125,57.777921337263024,57.777921337263024,12769420
2022-11-21,59.02096176147461,61.18475541798494,57.68585698029419,60.678339512134414,21764098
2022-11-22,60.632293701171875,60.770409673585874,58.42246272959344,58.560575189572354,21092760
2022-11-23,59.849647521972656,61.27683423436784,59.38926561795748,61.00060228201059,18315300
2022-11-24,61.0466423034668,61.4149422008769,59.66549661356819,60.40210343325863,25331896
2022-11-25,60.908531188964844,61.55306308572541,60.67834022228309,61.23079713734513,17638236
2022-11-28,61.368900299072266,62.15154801727895,60.770402505783856,61.046634418030614,19106976
2022-11-29,61.6451301574707,62.65797590080443,60.908523373528794,62.15155302913757,19436858
2022-11-30,61.92136764526367,62.24363358119428,61.04664481561336,62.151558603052756,32907406
2022-12-01,60.31002426147461,62.56589258802461,60.0798333291789,62.335701655728904,28104914
2022-12-02,56.626976013183594,59.80360844299932,56.58093852379002,59.80360844299932,36853922
2022-12-05,55.522056579589844,57.68585362258793,54.18694836368637,56.16659194372619,41244694
2022-12-06,58.422462463378906,58.83680686629778,55.337901697147366,55.56809264183173,27979634
2022-12-07,55.061668395996094,58.37641981373352,54.46317410021257,58.37641981373352,29999096
2022-12-08,56.07451248168945,56.25866241747789,54.50921344044359,55.061670272678654,20883944
2022-12-09,56.626976013183594,56.85716697258678,55.706212175570855,56.35074756438683,17538118
2022-12-12,57.59377670288086,58.284349573448814,56.67301287545691,56.67301287545691,18712282
2022-12-13,61.18474578857422,61.7832436057233,57.77792286767885,57.77792286767885,40401280
2022-12-14,59.46189498901367,62.11602676719568,58.716875854132006,61.69695594619012,22856400
2022-12-15,59.83440399169922,60.99849745457275,58.9031292214004,60.06722268427393,15450054
2022-12-16,59.88097381591797,61.091626819848436,59.78784064979306,60.300044643227935,4690798
2022-12-19,61.04506301879883,61.83664513936157,60.57942564140162,61.41756723666657,19555004
2022-12-20,63.047298431396484,63.60606897163639,60.99849680072539,61.2313154908045,26311142
2022-12-21,64.6304702758789,65.1892337152831,62.58166152464673,63.466376816677425,31188774
2022-12-22,64.30452728271484,65.32892813374802,63.88544936293117,64.95641679562792,16833674
2022-12-23,63.74576187133789,64.81672939052979,62.907620174204865,64.77016991016873,13682960
2022-12-26,63.186988830566406,64.49077486988706,63.047296200449495,64.21138960965324,14553948
2022-12-27,63.83887481689453,64.5838902122079,63.280104389083085,63.51292303231748,15512864
2022-12-28,62.62822723388672,64.07170594524295,61.7900785339077,63.93201331106936,18547016
2022-12-29,63.55950927734375,64.30453200833428,62.44198228592128,62.721360481245235,10799550
2022-12-30,63.74576187133789,65.1426741733108,63.60607632519131,64.11827323954334,19365892
2023-01-02,64.86328125,65.2823520034246,64.16482525758448,64.21138472737512,13880730
2023-01-03,65.18924713134766,66.53959297989995,64.1648460974393,65.37549928112588,27983002
2023-01-04,63.606075286865234,66.02738848307929,63.233563924740785,65.42205840775996,20367576
2023-01-05,61.23130798339844,64.0716984961359,60.90536327826341,64.02513192180446,13968738
2023-01-06,60.25347900390625,61.277887006821125,57.73903979053714,60.06722687886525,20854578
2023-01-09,60.905372619628906,61.929773466482985,59.13594909957398,60.719113398797305,20519082
2023-01-10,60.53285598754883,61.97633462619986,59.74127390718562,60.81224124182392,14604386
2023-01-11,57.92529296875,61.92977387738275,57.92529296875,61.23131778102129,15435492
2023-01-12,58.670310974121094,60.25347525361992,56.435250087427754,59.83440444582985,21636928
2023-01-13,57.31996536254883,59.13595200063365,57.18027626886942,58.67031458330583,19071816
2023-01-16,59.6947135925293,59.6947135925293,57.50621922131374,57.64591186310684,13078106
2023-01-17,61.32444381713867,61.976340436542436,59.32220513981887,59.69471292622349,12292964
2023-01-18,62.5816650390625,62.95417638793872,60.99850068766733,61.790082863364916,16950432
2023-01-19,63.00074768066406,63.652637261133194,61.97634672347106,62.58166971745087,12482684
2023-01-20,63.00074768066406,63.652637261133194,62.34885099513139,63.14044033506846,11634672
2023-01-23,63.83887481689453,65.70142396276967,63.09385231652003,63.14041888719136,20583394
2023-01-24,63.74576187133789,64.39765854196328,62.721360937570445,63.79232845676235,18227930
2023-01-25,63.512939453125,65.23580354254236,61.55726376534265,64.1648360857611,21059502
2023-01-26,62.34884262084961,64.351084784882,61.92977181898677,63.326683965279706,14850234
2023-01-27,62.162593841552734,62.58166466587509,60.067225509815,61.92977513802632,12228688
2023-01-30,59.741275787353516,62.44197394511407,59.69470920848808,62.44197394511407,14404546
2023-01-31,57.97184753417969,59.694704232657,57.97184753417969,59.6481447627349,13440790
2023-02-01,55.45741653442383,58.48405979296326,55.45741653442383,58.20467804883518,15499612
2023-02-02,56.62150573730469,57.506217486058006,53.40860704579599,56.57494270895585,20164400
2023-02-03,59.135948181152344,59.229074237590446,57.18027257570157,58.20467340664601,22191590
2023-02-06,59.83440399169922,60.39316743286599,57.739035758526875,58.43749183625099,4812720
2023-02-07,55.876487731933594,59.83440561294556,55.410850334167485,59.6015869140625,11532878
2023-02-08,54.619266510009766,54.619266510009766,54.619266510009766,54.619266510009766,200
2023-02-15,61.464134216308594,61.464134216308594,58.67030993374911,60.06722207502885,10597092
2023-02-16,62.441978454589844,65.18923628455671,61.836648410934956,65.18923628455671,17793886
2023-02-17,63.00074768066406,64.30453394666587,61.231323970023304,62.34885099513139,12013854
2023-02-20,62.67479705810547,64.35108743977717,62.302285716046356,63.00074181800861,7004348
2023-02-21,62.535099029541016,63.885444534982476,62.44197297831441,62.67479165891206,7151964
2023-02-22,61.464134216308594,63.466376373155406,61.464134216308594,62.67479424744273,8195864
2023-02-23,62.20915985107422,62.395411970153994,61.32444452278802,61.69695586601048,7857624
2023-02-24,61.55727005004883,62.62823761617081,61.4175773927175,62.209166749240495,5662434
2023-02-27,62.95417404174805,63.0473000992307,60.48629444061248,61.92977319931331,12056620
2023-02-28,63.46638107299805,64.11827061184427,62.86105101260479,63.093869720058876,11504704
2023-03-01,64.81671905517578,65.14266378598325,63.65262565581896,63.932010913689496,10257296
2023-03-02,66.0273666381836,66.21361870509342,63.512921104535444,64.81670688808697,14472294
2023-03-03,63.74576187133789,66.07394904129272,62.58166828636048,65.84113032429724,14179804
2023-03-06,65.18924713134766,65.46863246107907,63.419823288198266,64.02515343257359,14726298
2023-03-07,64.49077606201172,66.58614423731174,64.49077606201172,65.70143607198781,10876218
2023-03-08,64.95640563964844,64.95640563964844,63.373241605868024,64.44420174956923,7324730
2023-03-09,65.09610748291016,65.98081566747743,64.77016273623077,64.95641484717254,9028382
2023-03-10,65.93426513671875,66.53958813192709,64.72360493617494,65.28236844986301,15019094
2023-03-13,67.19147491455078,68.44869441129678,66.12050752655881,66.72583753760318,23494128
2023-03-14,64.16482543945312,67.98305012113462,64.16482543945312,67.37772017164642,21775456
2023-03-15,63.885440826416016,65.23579335853142,62.39540277810061,64.16482606893972,16881472
2023-03-16,67.51742553710938,67.6105515995962,63.978578322104596,64.21139703085325,18022250
2023-03-17,67.65711212158203,69.84560636672698,66.67927079042286,68.58838687313839,22054422
2023-03-20,66.86553192138672,69.37997098067468,66.53958006494413,67.42429536733263,16852412
2023-03-21,65.32892608642578,67.75023905073151,65.18923345087568,67.00521639783932,14235064
2023-03-22,65.42205047607422,66.53957732189679,64.5839017891761,65.56174310806765,11834068
2023-03-23,65.70143127441406,66.35332070599202,64.95640869112903,65.65486469856053,7943804
2023-03-24,66.0273666381836,66.91207461359664,65.70142196856094,66.26018527435134,11847892
2023-03-27,65.65486145019531,66.77238816476975,65.1426575613961,66.63270265424413,8237848
2023-03-28,66.49302673339844,68.3090098767954,65.18924050233899,65.65487793449856,17133072
2023-03-29,68.40213775634766,68.63495647860216,65.98082446591353,66.63272115126426,14482686
2023-03-30,68.44869232177734,69.28684099570953,67.47085101801274,68.54181837331151,9929388
2023-03-31,69.24026489257812,69.70590219125728,67.3777156978615,68.21586425649625,12211692
2023-04-03,69.24026489257812,70.54405074989202,66.81895236045878,69.10057228196212,16622350
2023-04-04,72.1738052368164,72.26693130643181,68.91434306483114,69.24028786101694,16105908
2023-04-05,71.38220977783203,73.47757792920639,71.33564319910988,72.40661056415813,9968560
2023-04-06,72.87223815917969,72.87223815917969,71.00968894105368,71.24250759331944,11438640
2023-04-07,72.03411102294922,73.15164514937135,71.4753475122699,72.82569325516687,5772428
2023-04-10,74.36228942871094,74.5019820660974,72.17379512653186,72.17379512653186,8267708
2023-04-11,74.45541381835938,75.80576647611305,73.38445353418624,74.36228776387422,11067818
2023-04-12,75.06074523925781,76.13171264859926,74.50198179679438,74.59510785302786,8532524
2023-04-13,75.57295227050781,76.08514915309202,74.40885875773063,75.3866930454257,11647900
2023-04-14,77.10955047607422,77.66831389298964,75.61950522421664,75.71263838125448,14069478
2023-04-17,75.47982025146484,76.69047314613589,75.01418288311544,76.69047314613589,10581850
2023-04-18,75.43325805664062,76.36453284746335,75.06074671929898,75.43325805664062,8590284
2023-04-19,75.57295227050781,76.36453443818371,74.96762222285109,75.43325962796196,6785068
2023-04-20,73.80352783203125,75.43325873053035,73.24476437355841,75.43325873053035,5137270
2023-04-24,72.6394271850586,74.36228397292255,72.40660850818341,73.80352056943454,8645922
2023-04-25,70.91658020019531,72.91882251911001,70.40437619824162,72.68600381005163,9056384
2023-04-26,71.52190399169922,72.26691953230414,68.77463920273021,70.31124396875525,10836150
2023-04-27,73.71038818359375,73.80351422532632,71.24250899984182,71.52189423010111,12293200
2023-04-28,72.73255920410156,74.17603796122175,71.47533966680548,73.5707079306532,12133946
2023-05-02,71.56846618652344,73.66383446390738,71.19595484953152,72.7791262554815,8234516
2023-05-03,72.82569885253906,73.105084181884,68.2624572437084,71.66160515537531,9283220
2023-05-04,72.59284973144531,74.5485320082368,71.28907102033244,72.87223494386156,8876308
2023-05-05,73.1050796508789,73.57071710088451,71.61504123187372,72.5928756138473,10575496
2023-05-08,75.52638244628906,76.22483852397681,72.96537682810066,73.5707068497759,9004306
2023-05-09,77.06298828125,77.3889330342367,72.63943306268882,73.10507045411632,21537128
2023-05-10,73.85009002685547,77.34237031617594,73.38445265494607,77.06298505100534,13357382
2023-05-11,81.20716094970703,81.20716094970703,73.61727689863565,73.75696243670407,19535782
2023-05-12,82.55751037597656,88.56422984370353,81.39341690509438,82.74376248929264,20191742
2023-05-15,74.31573486328125,75.01419099130058,74.31573486328125,74.31573486328125,25759752
2023-05-16,70.73031616210938,72.91881756254813,66.91209101410345,66.91209101410345,56565292
2023-05-17,68.30900573730469,71.66159362467577,67.8433683333625,70.96313751876251,22367492
2023-05-18,65.98081970214844,69.70591898927115,65.88769364098297,69.33340763954627,15380076
2023-05-22,63.74576187133789,66.91209784348914,63.14043889120035,66.3999009291371,13337464
2023-05-23,62.5816650390625,64.49078126138875,62.395412917155895,63.7457585636363,12227852
2023-05-24,62.11602783203125,63.55950664924069,62.11602783203125,62.72135788779853,11588796
2023-05-25,61.929771423339844,62.95417223639762,61.74351931371572,62.25571616771333,11050450
2023-05-26,62.62822723388672,62.954171976916754,61.55725984530589,62.162589856683105,22335234
2023-05-29,63.885440826416016,65.51517149599327,62.44196935354184,63.326677446430466,24758764
2023-05-30,65.4686279296875,66.26021016905192,64.7701717587665,64.7701717587665,23263688
2023-05-31,65.65486145019531,66.39988399661932,65.1426575613961,65.74798749223292,18955204
2023-06-01,66.95864868164062,67.7036641377761,65.7945553704336,66.027374032675,14490464
2023-06-02,67.9365005493164,69.56623161079479,67.3777370349651,68.35557851387756,17221944
2023-06-05,71.75472259521484,72.77912340299545,68.5883870124782,68.86776517547517,21495858
2023-06-06,72.22036743164062,73.80353183400406,70.73032198816534,71.75473000682041,16094284
2023-06-07,74.82792663574219,75.57294929662729,73.19819578198586,73.19819578198586,21520122
2023-06-08,75.10731506347656,75.85233065058102,73.52414361888654,74.96762242056231,14654236
2023-06-09,76.17827606201172,76.78359895489326,74.36228606818,75.47982001170621,14953738
2023-06-12,76.64391326904297,79.11178562425916,76.64391326904297,78.73928141558963,16234798
2023-06-13,77.06298828125,78.41333387436464,75.61950952579969,76.83016958553625,16550628
2023-06-14,75.97891998291016,78.00565443688583,74.23498836138683,77.58145738018212,14874742
2023-06-15,79.27826690673828,79.27826690673828,75.46047114109408,76.02606971467365,9837116
2023-06-16,83.37884521484375,84.88711729908022,78.66551293154056,79.18398235949364,23809156
2023-06-19,82.4361801147461,84.65145207793238,81.58778604336986,83.4259827873176,13818938
2023-06-20,78.2413101196289,81.91771046725924,77.62857552969488,81.06930928057935,13185666
2023-06-21,74.89485931396484,78.85406339253807,74.65919266138222,78.7126619625934,13863212
2023-06-22,78.38273620605469,78.66553189604402,74.04647089843385,75.55473615430509,18162088
2023-06-23,79.18399047851562,80.409459874616,77.44005879327666,79.65532375517346,12923628
2023-06-26,81.06932067871094,81.5877901412368,78.94832100979117,79.51391948310815,10923778
2023-06-27,80.36231994628906,81.0221836262429,80.07951711660901,80.833653201106,3139960
2023-07-03,84.3215103149414,84.3215103149414,80.97504876281855,81.16357917432788,11507432
2023-07-04,83.14319610595703,85.87693084423844,83.14319610595703,84.55719608865682,11560444
2023-07-05,85.12278747558594,85.31131789801823,81.8234547391985,84.93424986117904,18732310
2023-07-06,86.34825134277344,87.62084969973414,84.51005451516073,85.64125145646474,15992160
2023-07-07,85.40558624267578,87.52658593674211,84.6514573333038,86.44251798804657,13928926
2023-07-10,87.38517761230469,87.80938183277614,86.25398074166276,86.30111694126214,13138056
2023-07-11,87.5265884399414,89.4119215552529,86.77245950900185,89.17625491583897,11704498
2023-07-12,87.90364837646484,88.32784541141136,85.97117923509863,87.57371655017594,9897514
2023-07-13,86.72532653808594,88.6106597236965,86.2539932416833,88.13932642729387,13324988
2023-07-14,87.10238647460938,88.13931819140747,86.58391702022298,87.667984939047,9246086
2023-07-17,91.7214584350586,92.14565550689366,87.80939080378779,88.13932265876785,16350058
2023-07-18,93.98384857177734,96.34051485684674,91.81571990469835,91.81571990469835,18135526
2023-07-19,94.21952056884766,95.02079290500699,91.39152086562692,93.93672491371068,10545824
2023-07-20,95.02078247070312,96.15197935098378,92.71124531816645,94.97364627070212,11486806
2023-07-21,95.68064880371094,95.77491401438373,93.70105061168425,95.68064880371094,7865496
2023-07-24,93.46539306640625,96.85899132403581,92.38132505844779,96.52905945865069,9587274
2023-07-25,91.53291320800781,94.26664742162997,90.2131787057101,93.74817798402123,9164538
2023-07-26,95.91631317138672,96.52904781431626,91.06157942014032,91.72145026328536,10030394
2023-07-27,96.1519775390625,96.34050795156509,94.64371266311912,96.1519775390625,8335236
2023-07-28,102.37358856201172,103.1277246984733,96.52905867634765,96.57618768989198,17372682
2023-07-31,101.8551254272461,104.2589208575831,101.76085301697883,102.37358772384029,9207618
2023-08-01,101.24239349365234,103.26912810633794,100.7239239908809,101.99652245262175,6678660
2023-08-02,103.78758239746094,105.201582177241,100.6767871971297,100.86531762431045,11362690
2023-08-03,107.60537719726562,111.94164144867196,104.91877924089236,104.91877924089236,19805156
2023-08-04,108.78372192382812,111.18751732474234,106.33279031835723,107.60538872966183,10886750
2023-08-07,107.32259368896484,111.28179782439535,106.33279804908891,109.82066168060989,12638162
2023-08-08,108.97225952148438,109.58499426112448,106.37992632390939,108.3123957661646,11237182
2023-08-09,119.86005401611328,119.86005401611328,109.4435856970599,109.4435856970599,26447668
2023-08-10,125.70458984375,129.80518069438668,119.8600529349463,119.8600529349463,30223826
2023-08-11,128.5325927734375,130.794986791384,123.39504845176879,125.79885108580592,14464676
2023-08-14,128.4383087158203,131.0306415522864,124.90330939336654,130.18224746847713,14836596
2023-08-15,122.21671295166016,128.90965123749785,119.48298569910679,128.4383179605783,15694318
2023-08-16,120.66131591796875,123.53645171311655,117.55051349016867,122.21670993989392,19216184
2023-08-17,119.01165008544922,121.93392209855305,118.54031681778407,120.66131652227723,12340316
2023-08-18,110.76329803466797,119.1058939376078,109.914896866646,119.1058939376078,26314586
2023-08-21,118.87024688720703,120.66131471591638,109.77351351905745,110.76331624312635,23547634
2023-08-22,118.30464172363281,120.89697451040564,114.91104387752507,120.1899746594676,18445600
2023-08-23,114.53397369384766,119.48297255716206,114.53397369384766,118.77597271954572,15028986
2023-08-24,113.16712188720703,118.25751548936424,113.16712188720703,115.47665205144595,19754004
2023-08-25,121.13265991210938,121.79252366519059,113.35566034576772,113.35566034576772,19068786
2023-08-28,120.66131591796875,125.3746485710144,120.28424786733012,123.01798224449158,16217080
2023-08-29,121.1797866821289,122.54665028933535,119.1059159774321,120.9441200469571,10376440
2023-08-31,118.87024688720703,121.50970883143282,118.87024688720703,121.2740422011283,12104702
2023-09-01,122.16959381103516,123.01798797452065,119.15305645739436,119.62438974465306,10962112
2023-09-04,123.6778564453125,126.41159824667469,122.87659845659934,124.4319926106521,12934652
2023-09-05,124.52626037597656,124.52626037597658,122.4995186083001,123.96065467710163,8644036
2023-09-06,121.98104095458984,124.95044909910739,121.3211772726802,124.76191867341171,9650450
2023-09-07,128.6739959716797,129.61666260883484,123.96066278590388,123.96066278590388,20091740
2023-09-08,127.25997161865234,129.47524354485276,126.5529717763265,128.76824370252692,9242734
2023-09-11,127.25997161865234,129.66377395934995,126.97716880493228,128.48544088880686,9735058
2023-09-12,127.49563598632812,128.5796966385475,126.27016673776598,127.25996937637188,13326376
2023-09-13,127.25997161865234,129.85230437384712,127.11857740376662,127.91983526136674,14070830
2023-09-14,129.0981903076172,129.0981903076172,124.66766008497903,127.30712948908828,15218568
2023-09-15,127.25997161865234,134.89557566935093,127.25997161865234,129.85230437384712,18864578
2023-09-18,126.31730651855469,127.91983663491078,125.79883708515894,127.25997298511108,11844270
2023-09-19,130.13510131835938,133.48156996456274,126.41157186016743,126.41157186016743,12678452
2023-09-20,127.25997161865234,130.98350124477875,127.25997161865234,130.18224338717863,7947906
2023-09-21,129.94659423828125,130.70071599762613,126.93004966509946,127.25998872277576,8595370
2023-09-22,128.86248779296875,131.21915367939445,127.87268524388054,131.03062328526983,6978740
2023-09-25,130.88926696777344,131.6905249706909,127.5427975637208,129.61666126720584,9040814
2023-09-26,129.80517578125,133.67011423270898,128.95678167431973,131.07778132559488,9589474
2023-09-27,127.25997161865234,130.41791000128723,127.11857740376662,129.89944057345855,9063858
2023-09-28,127.25997161865234,128.2969104743097,126.882910789658,127.5427744323724,8128630
2023-09-29,129.4752655029297,130.9835234586454,127.54279606271636,128.3911902638095,11868048
2023-10-02,137.3936309814453,137.3936309814453,129.33383019802545,129.66376919924454,16552496
2023-10-03,134.0943145751953,138.7605110456617,132.16184530206687,138.1006473480922,13632952
2023-10-04,136.63951110839844,137.39364721173652,132.8217087722086,134.23570857198632,31266082
2023-10-05,138.71336364746094,139.23183307654813,134.56563698266066,137.62930297350934,22518472
2023-10-06,146.11329650878906,147.81009895793883,137.7235710434766,138.52482887783327,20565774
2023-10-09,147.52732849121094,150.4496008155439,141.35285915041152,144.03946481581283,18718732
2023-10-10,150.82666015625,153.79605427449567,147.05599365234374,148.4699935913086,18260804
2023-10-11,151.1094207763672,152.28775372942064,150.35528480962353,150.8737541857565,14195580
2023-10-12,150.82666015625,155.72852373453787,147.5744631734211,151.76932678222656,16183906
2023-10-13,150.82666015625,153.27759913736955,149.97826594645156,151.3922658854164,8695576
2023-10-16,150.68524169921875,153.0890297019838,149.6954390242249,151.43936337164368,10569508
2023-10-17,147.52732849121094,152.2877978784205,145.83052567011282,151.01519216660904,11730694
2023-10-18,140.4573211669922,147.4801843485517,140.4573211669922,147.4801843485517,13981964
2023-10-19,138.52484130859375,141.9655827138981,138.38344708512142,141.39997705210988,9960324
2023-10-20,134.2357177734375,140.74012592864239,131.87905127893228,138.10065657800638,12375580
2023-10-23,136.87518310546875,140.0802580742665,134.42425865351203,135.08412237580998,10594704
2023-10-24,142.1069793701172,143.52097916484473,136.45098019120707,137.20511629185168,9262830
2023-10-25,133.5758514404297,142.62545635735012,133.05738194490655,142.10698686182698,8988254
2023-10-26,130.88926696777344,137.06372187006846,130.70072213513288,135.03699437474353,22925822
2023-10-27,130.60646057128906,132.6331880118132,128.4383245101081,131.36059672960647,11320462
2023-10-30,131.40769958496094,132.58603266726493,129.7109114536022,130.55930551928157,7516584
2023-10-31,128.20265197753906,133.71725709927063,128.10837956809314,131.97331821217256,11722984
2023-11-01,130.04087829589844,130.79501459014583,126.64728654771535,128.76828678431232,10705096
2023-11-02,136.4509735107422,136.92230675257548,130.74783840776936,130.74783840776936,9907452
2023-11-03,134.8013153076172,136.59237598120137,132.20898232093225,136.45098175368943,9161646
2023-11-06,137.15797424316406,138.68980728883514,135.39047457508204,136.3331410647258,5785512
2023-11-07,139.63247680664062,140.57514331672763,136.45097733509692,137.39364384518393,7521308
2023-11-08,144.46363830566406,147.17380444027276,140.92863899965272,143.0496385832595,14727358
2023-11-09,144.2279815673828,145.52414806839687,140.92864865571065,144.46364820393083,7770214
2023-11-10,138.45416259765625,144.46366242104386,137.74716261843417,144.11016243143285,7121260
2023-11-13,133.85862731933594,138.57195926719987,133.38729412454953,138.45412596850326,6825808
2023-11-14,135.2726593017578,136.6866592247727,133.26949274415338,134.68349266716828,7160516
2023-11-15,136.8044891357422,138.2184890234501,135.39048924803424,136.56882248779087,5701722
2023-11-16,142.1069793701172,142.81397926748096,137.15798008857084,137.5114800372527,7358778
2023-11-17,145.2884521484375,145.52411873748605,141.0464535455634,142.10695319628192,7140766
2023-11-20,143.40316772460938,147.52733442170165,143.40316772460938,146.11333441127002,6401790
2023-11-21,147.6451416015625,148.94130804818437,143.16747569505063,145.17064202164806,9812656
2023-11-22,145.87765502929688,147.762988212228,145.40632173356408,147.6451548882948,5647388
2023-11-23,145.87765502929688,149.05915477549317,144.4636551420985,145.87765502929688,7493910
2023-11-24,149.17697143554688,151.18013771864665,145.4063054908885,145.8776387339708,7900278
2023-11-27,151.0623016357422,152.94763457347375,148.70563546357772,149.53046862383528,6566318
2023-11-28,148.58779907226562,151.88713164484568,147.4094660106299,151.06229850170067,5648912
2023-11-29,147.05596923828125,150.11963526407877,145.40630291669797,148.94130217723358,5025544
2023-11-30,145.17062377929688,149.29478922757235,145.05279048077472,146.93812325712923,8026226
2023-12-01,143.99232482910156,148.46999123131584,142.34265825986472,147.64515794669742,5829028
2023-12-04,145.05282592773438,146.58465918286075,141.75349276284683,143.99232598187766,5777226
2023-12-05,145.52415466308594,145.9954879575413,142.81398821996774,145.0528213686306,3997030
2023-12-06,147.52732849121094,149.41266176266413,144.58149525456537,145.64199521975777,13588926
2023-12-07,152.47630310058594,152.47630310058594,146.82030422204795,147.88080401177385,10598078
2023-12-08,151.65147399902344,152.47630719093732,148.70564117075958,152.47630719093732,11623850
2023-12-11,149.05914306640625,154.1259755975173,147.99864323431325,151.65147598930028,10700526
2023-12-12,146.34898376464844,149.88398337249018,145.5241505228187,149.17698345092182,6566652
2023-12-13,142.3426513671875,146.58465091124276,141.6356514431783,146.11331762856994,7268442
2023-12-14,147.6451416015625,148.70564142152585,142.1069758750873,143.8744755750262,7739186
2023-12-15,151.0623016357422,153.41896780790665,147.1738024516708,147.6451356861037,9544548
2023-12-18,149.8839874267578,152.94765383642425,148.70565419227074,151.0623206612449,4696460
2023-12-19,143.87448120117188,150.00181373389992,143.87448120117188,149.88398041596284,8804522
2023-12-20,144.70748901367188,146.84954066025583,143.75546605963456,145.3025033599452,6357374
2023-12-21,147.20655822753906,148.27758411601752,143.39846617961567,144.2314863150989,5655378
2023-12-22,147.3255615234375,149.22960755281957,145.54051837089182,148.27758453812854,5767998
2023-12-25,143.2794647216797,148.03957982871222,142.20843882259737,147.6825711956848,3846430
2023-12-26,144.58848571777344,145.7785144068086,140.54238817505384,143.75546563544881,6605702
2023-12-27,145.65951538085938,147.325555589464,142.32743496365018,144.5884895324707,5334808
2023-12-28,146.37355041503906,149.94363701052782,145.6595330959413,145.6595330959413,5462790
2023-12-29,143.16046142578125,149.46761392417395,142.56544703914042,146.37353911364167,6389998
2024-01-02,143.2794647216797,145.77852515287177,141.49442155654248,144.94550500914107,8118422
2024-01-03,139.11436462402344,143.51747111768373,137.92433584195308,143.39846823947667,7608890
2024-01-04,143.9934844970703,144.94550753506746,138.63835490833628,139.2333693070845,7067966
2024-01-05,146.25454711914062,146.25454711914062,142.6844605336449,144.1124951678432,7221038
2024-01-08,151.84768676757812,152.20469543552696,147.44457986287563,147.44457986287563,7816886
2024-01-09,152.08567810058594,153.51371263674167,149.70562054032638,152.3236838566119,8031230
2024-01-10,151.4906463623047,152.68067500615626,148.39657188829062,150.41962058283826,8706352
2024-01-11,156.25079345703125,156.96481079194533,152.0856923366991,152.68070678246085,8633094
2024-01-12,159.4638671875,160.77289893306903,154.70375174906718,156.25078926655783,14574282
2024-01-15,161.12989807128906,163.03394413416987,159.5828606451984,160.17787503984866,5648504
2024-01-16,159.4638671875,161.6059191347948,158.27383832789178,161.24891047691233,4254068
2024-01-17,158.63082885742188,159.22584321922767,156.1317685378376,159.22584321922767,4973768
2024-01-18,158.86883544921875,160.6538785441538,158.03581533824905,159.4638498141971,4351112
2024-01-19,159.4638671875,160.53489316114738,156.6077979244403,159.4638671875,5306574
2024-01-22,164.4619598388672,165.1759770306423,157.32178792111608,159.4638394964414,5530974
2024-01-23,171.8401641845703,171.8401641845703,167.55606036833447,168.0320719034718,8536750
2024-01-24,175.05322265625,176.71926284468475,170.17410496154827,171.84014514998302,6471734
2024-01-25,173.38719177246094,176.83827520513174,171.8401543716085,176.12425794319984,5090674
2024-01-26,176.24325561523438,177.07627572955352,172.31616079058702,173.38718665185448,5880242
2024-01-29,177.0762939453125,178.7423343453356,174.33922757384596,177.55230548817624,5936458
2024-01-30,176.12425231933594,177.79029254397832,175.4102350802035,177.67128967078958,4805428
2024-01-31,181.36038208007812,185.0494712168776,175.52924118642733,176.24325843871108,8815212
2024-02-01,178.02830505371094,183.62144030606683,178.02830505371094,181.71739426271162,7769200
2024-02-02,175.29122924804688,180.05134409524436,174.22020340742745,179.45632973934468,6814322
2024-02-05,179.09934997558594,179.45635864663362,175.2912574844107,175.76726904580758,4756872
2024-02-06,180.17034912109375,181.12237210191856,177.55228592382554,179.93234337588754,6014742
2024-02-07,178.02830505371094,182.78842016209893,176.36226476577514,182.78842016209893,5831008
2024-02-08,183.85943603515625,186.59650207322005,177.43328098926727,178.02829534536812,8303930
2024-02-09,188.7385711669922,189.09557981358802,182.9074299392604,185.04948181883535,6110450
2024-02-12,186.95352172851562,192.30865124970163,184.9304727982898,190.40460519772438,5249252
2024-02-13,180.88436889648438,189.21457009566458,180.88436889648438,188.97656434711658,4293198
2024-02-14,181.36038208007812,183.7404395876907,178.98032457246555,182.31240508312314,8128430
2024-02-15,190.04759216308594,191.59462954450117,181.47938512755545,182.55041100699677,10030452
2024-02-16,185.7635040283203,190.4046165568946,185.64450114297225,190.04760790085044,5920866
2024-02-19,185.64450073242188,188.8575786297138,184.5734747666579,186.47752092801608,6419652
2024-02-20,188.26255798339844,189.33358391377175,185.28748595458367,186.2395090038044,5725244
2024-02-21,191.47564697265625,192.78467874189133,188.02456321740019,189.09558921041068,8785652
2024-02-22,187.90553283691406,192.42764192355293,186.83450700060487,192.07063331144985,7001924
2024-02-23,188.02455139160156,188.73856867536713,186.00150242093244,188.38156003348436,4147300
2024-02-26,188.02455139160156,191.35663204917424,185.88249954030485,188.50056291411195,6322478
2024-02-27,183.26443481445312,188.61956440318713,182.31241177645595,188.50056152343748,7911232
2024-02-28,181.2413787841797,183.26442766095647,178.98032415719385,183.26442766095647,7571844
2024-02-29,184.8114776611328,187.90555262519558,180.8843825144378,182.9074315294019,10137432
2024-03-01,181.36038208007812,186.00149421992265,179.9323475755106,184.93046834149698,4498696
2024-03-04,177.55230712890625,185.04948899829037,175.76726382667192,181.59840528063737,8423926
2024-03-05,177.0762939453125,180.64638051679057,173.1491987166866,177.4333026024603,9578766
2024-03-06,177.19528198242188,180.88437113047766,174.22021008882848,176.6002676037032,7660022
2024-03-07,183.26443481445312,183.62144345370206,177.19528794722123,177.19528794722123,8920860
2024-03-08,184.93048095703125,186.71552420951227,183.9784578890414,184.57347230653505,8226712
2024-03-11,186.0015106201172,190.28561451155943,185.644501962497,189.92860585393925,6719874
2024-03-12,189.80960083007812,189.80960083007812,184.9304825642266,186.35851717862215,7341788
2024-03-13,183.85943603515625,189.45257098250403,183.6214302927159,189.45257098250403,6816678
2024-03-14,185.16845703125,185.64446848891387,182.4313911496827,184.69244557358613,5101802
2024-03-15,180.17034912109375,186.00148987864566,180.17034912109375,185.16846977042397,7698228
2024-03-18,180.2893524169922,182.31240125599473,179.33732943393215,180.4083552898747,4614914
2024-03-19,183.97845458984375,185.525492047585,177.90930764024347,179.45634509798472,5435220
2024-03-20,182.07440185546875,184.4544593960631,181.36038459329043,183.97844788794424,5387032
2024-03-21,182.78842163085938,185.16847920417786,179.9323525428772,184.69246768951416,8561268
2024-03-22,176.3622589111328,186.83451180194234,176.3622589111328,183.38342846292556,10495658
2024-03-25,169.4600830078125,178.02828945202774,169.4600830078125,176.95726364650082,11798780
2024-03-26,164.93798828125,170.88813215863996,163.15294511803302,169.698103383162,9578674
2024-03-27,166.36602783203125,168.98409121708468,162.91494427900628,165.8900163074761,7846618
2024-03-28,167.3180389404297,167.91305330366023,164.6999757422153,167.55604468572193,8971890
2024-03-29,171.8401641845703,172.43517860349195,168.27007767104044,169.46010650888374,6973820
2024-04-01,172.55419921875,175.52927161907326,168.03208917025862,173.7442281788793,6617748
2024-04-02,173.62521362304688,175.64826271940862,170.76914431053618,173.26820495898303,6824202
2024-04-03,176.4812774658203,177.79030919348318,171.24515055516886,172.55418228283173,8580840
2024-04-04,180.88436889648438,182.0743976392244,175.88624817697627,176.48126254834628,8552350
2024-04-05,192.78466796875,193.49868525752316,179.69435100790895,181.59839711130402,12070274
2024-04-08,191.47564697265625,194.09371051112637,190.28561809153348,192.3086671894422,6399782
2024-04-09,191.47564697265625,191.47564697265625,191.47564697265625,191.47564697265625,0
2024-04-15,186.95352172851562,193.85568866693313,186.95352172851562,189.45258217173574,8098318
2024-04-16,186.59652709960938,188.02456174577986,183.5024520329067,185.6445040021624,5956024
2024-04-17,184.57347106933594,188.97657772927496,182.3124162980159,187.07253160605808,7817808
2024-04-18,175.05322265625,184.57345230444852,175.05322265625,184.33544656324355,8451312
2024-04-19,176.83828735351562,180.40837390843183,173.26820079859942,175.05324407605752,9698326
2024-04-22,176.12425231933594,181.47938161282926,174.93422358744854,181.47938161282926,5538410
2024-04-24,175.1722412109375,179.09933629243272,174.22021816087806,178.74232764866042,4732546
2024-04-25,177.43328857421875,179.6943432240579,174.57721954284298,174.69622241915033,7541090
2024-04-26,183.97845458984375,185.6444949289497,178.02831052160818,178.02831052160818,7500142
2024-04-29,184.57347106933594,185.52549413094437,181.36039323640745,185.40649124824333,7524116
2024-04-30,184.21646118164062,188.02455340244973,182.55042083503665,184.57346982734148,9812712
2024-05-02,192.18963623046875,192.18963623046875,185.04946398661232,185.16846685734328,8532358
2024-05-03,198.61581420898438,198.61581420898438,190.99962960180943,192.1896584466805,8313682
2024-05-06,198.7347869873047,200.75783571711557,195.7597153258181,198.61578412084523,5628890
2024-05-07,199.44883728027344,202.30490654920337,196.35476223893266,198.73481996304096,7144344
2024-05-08,199.9248504638672,202.06690243312292,196.8307753971645,200.28185912540982,6404728
2024-05-09,202.3048858642578,202.3048858642578,199.32981401331284,199.92482838350185,5644446
2024-05-10,202.18588256835938,203.73291992762287,200.63884520909588,202.06687969456988,11621618
2024-05-13,202.78091430664062,206.8270123620548,201.59088546681292,203.01892007460614,7012184
2024-05-14,216.9422607421875,219.67932711468904,203.37593176544073,203.49493465120167,15253148
2024-05-15,223.36842346191406,223.8444350196379,215.15722409117774,215.6332356489016,9546292
2024-05-16,222.17835998535156,223.24938582352414,217.65625089084523,223.24938582352414,6310784
2024-05-17,231.69859313964844,232.2936075031298,221.34534321507246,222.1783633239464,6960668
2024-05-20,231.9365997314453,231.9365997314453,226.8194761868316,231.69859398518423,4211224
2024-05-21,231.9365997314453,236.9347204029285,228.48551641065933,232.65061697022864,7553170
2024-05-22,230.8656005859375,233.95967564533666,228.72354862173808,232.88864966323695,5727742
2024-05-23,230.6275634765625,235.14967256433823,228.4855118034056,230.86556921802438,8011690
2024-05-24,222.535400390625,229.79457655309994,222.17839172689673,229.43756788937165,5199742
2024-05-27,227.0574951171875,229.4375527179966,219.32230791455794,222.53538567565022,5188626
2024-05-28,229.31857299804688,231.81763373128973,225.03446888391628,227.0575180489224,6346202
2024-05-29,227.0574951171875,230.50857863836066,224.6774375163784,229.31854983795614,4394258
2024-05-30,225.9864959716797,227.0575220189388,222.53541204162244,226.93851912479892,3880878
2024-05-31,228.4855194091797,236.5777148882548,226.4624705394109,227.05748491287233,10501436
2024-06-03,236.45870971679688,237.41073270508798,229.31853730461378,230.27056029290486,7694620
2024-06-04,234.19769287109375,236.5777507254748,226.10549616619824,236.45874783275573,12280668
2024-06-05,239.90980529785156,244.19390896388464,232.8886354007418,234.19766707647415,8044370
2024-06-06,238.2437744140625,243.7179070929071,237.05374557083542,240.38582633187127,3616290
2024-06-07,234.9116973876953,240.62383592599792,234.31668295662212,236.57773779470025,4423802
2024-06-10,231.3415985107422,236.3397194662212,230.03256683192626,234.91168490751292,3590458
2024-06-11,237.291748046875,242.05186335373307,231.93661832665967,231.93661832665967,5754232
2024-06-12,232.53163146972656,238.00576404270888,232.53163146972656,238.00576404270888,5961352
2024-06-13,250.38201904296875,255.6181449164909,244.19387028335166,244.90788744792286,12210268
2024-06-14,263.234375,263.4723807640145,250.62006950723327,250.62006950723327,10790406
2024-06-20,271.08856201171875,272.9926081013533,264.90041222040645,264.90041222040645,6498718
2024-06-21,273.2306213378906,277.5147251567774,268.47050598357197,272.75460980245873,7558602
2024-06-24,266.8044738769531,277.75273953113674,264.66242190113456,274.6586644549544,5979814
2024-06-25,271.5645751953125,272.99260977127386,262.2823504515639,266.80445994210805,9342752
2024-06-26,266.3284606933594,272.2786050341404,264.1864087306782,271.32658193961544,6444192
2024-06-27,266.3284606933594,269.66054152419673,264.4244145043094,266.09045491972813,9180028
2024-06-28,259.42626953125,267.99447659833714,258.7122522756594,267.5184650946101,13200208
2024-07-01,263.7103271484375,264.90035570055136,259.902235781673,260.85425862336416,7577434
2024-07-02,263.9483947753906,267.75648703545033,261.0923255803458,263.71038900913686,9190236
2024-07-03,261.8063049316406,264.424367980957,255.1421444424716,264.186362249201,7166726
2024-07-04,259.6642761230469,262.99635665991457,258.7122531125132,262.2823394020143,6571646
2024-07-05,263.4723205566406,263.4723205566406,257.99818923522895,260.3782463314949,5286260
2024-07-08,265.8524169921875,268.70848593033094,264.18637677827047,264.18637677827047,7245558
2024-07-09,263.7103271484375,268.47044135689305,263.4723214380147,266.56639567351084,7055336
2024-07-10,258.47430419921875,267.5185247881417,258.47430419921875,265.1384667384251,9294008
2024-07-11,271.3265686035156,271.56457436544855,259.66428626880315,261.0923208404006,10452184
2024-07-12,275.37261962890625,275.37261962890625,269.89848803732036,271.5645280869335,6026574
2024-07-16,278.70477294921875,282.7508712755524,274.8966804067871,275.372691974591,8257088
2024-07-17,284.67529296875,285.63057918676594,277.9882894426384,279.42121876966235,7434962
2024-07-18,291.3622741699219,295.8998833578141,285.15291422859565,285.15291422859565,10118480
2024-07-19,293.5116882324219,297.094011522484,289.45172183701817,292.078758916397,5807260
2024-07-22,293.9892883300781,297.0939680606151,289.6905010108731,294.22810984781177,4246102
2024-07-23,293.75048828125,296.3775251683181,290.40698678861787,294.46695288681406,5159756
2024-07-24,298.2881164550781,301.39279661033515,295.4222578502255,295.6610794006299,8157992
2024-07-25,292.7951965332031,299.7210209210195,290.88462428828825,299.7210209210195,6068566
2024-07-26,292.556396484375,295.18343351403064,291.60111029177295,293.03403958067605,3385040
2024-07-29,286.1081848144531,295.1834026967146,284.4364341519313,292.7951874645405,5972022
2024-07-30,293.9892883300781,295.1833959187462,285.15289217393445,286.8246427980697,7349812
2024-07-31,298.76580810546875,299.4822728731078,291.6011604290786,293.9893763212086,9030014
2024-08-01,292.31756591796875,301.39278446770965,292.31756591796875,299.4822121414484,8032492
2024-08-02,280.8541259765625,292.79520276128034,279.8988398337851,292.3175596898916,5468814
2024-08-05,266.2860107421875,276.79415825129627,262.7036877277186,262.7036877277186,8739200
2024-08-06,269.86834716796875,273.6894919066302,266.0472024293072,270.8236333526341,6840950
2024-08-07,266.5248107910156,275.1223853326613,265.56952473083277,271.06241957688417,5345774
2024-08-08,260.5543212890625,267.00250339245815,260.5543212890625,266.5248602736881,5674596
2024-08-09,269.6295471191406,276.0777293797401,262.94254329333376,262.94254329333376,8373222
2024-08-12,268.6742248535156,280.37647998046873,267.71893872070314,273.211833984375,6770856
2024-08-13,272.4953918457031,272.97303495148,264.6142806003848,269.6295332110419,4162712
2024-08-14,271.30126953125,275.12241417253523,267.2413033498845,273.45066339197297,5879440
2024-08-15,273.2118225097656,274.1671086024571,266.0471768145795,272.25653641707413,4998780
2024-08-16,265.569580078125,277.9883014486848,265.569580078125,273.68951328195254,5549378
2024-08-19,273.9283447265625,276.316560460883,265.09194650957664,268.43544853762535,4358414
2024-08-20,268.4353942871094,274.883575466604,267.9577512367764,273.2118247904387,3708904
2024-08-21,265.569580078125,271.301297633768,265.569580078125,268.4354388559465,3186828
2024-08-22,268.4353942871094,270.5847880136076,264.85307140961237,268.4353942871094,4224140
2024-08-23,260.79315185546875,269.3907282902644,260.79315185546875,268.19662045209833,5265168
2024-08-26,257.6884765625,263.659015871177,256.4943687007646,261.74844329240034,5573854
2024-08-27,264.6142578125,266.524830071074,253.62846732569946,256.4943257135605,6692650
2024-08-28,264.37542724609375,270.3459653501157,263.89778419777195,265.09189181857636,4134890
2024-08-29,257.92724609375,265.808356391059,257.92724609375,265.09189181857636,8607348
2024-09-02,268.6742248535156,269.15186791992187,259.59900659179686,259.837828125,6258050
2024-09-03,268.19659423828125,269.86834504831506,263.89780644105144,268.67423732686234,4820950
2024-09-04,266.2860107421875,269.8683337566564,263.6589738649103,266.76365381078335,7577618
2024-09-05,261.50958251953125,267.48012093321915,259.8378317636986,266.76365632357664,6831566
2024-09-06,261.50958251953125,265.80837017738656,260.7931179098887,261.74840405607875,4192804
2024-09-09,261.98724365234375,266.76367471255054,259.83784967525065,259.83784967525065,6106898
2024-09-10,267.48016357421875,269.6295577457973,262.46491050720215,262.9425536564418,7034364
2024-09-11,268.6742248535156,272.9730124511719,266.28600952148435,267.2412956542969,7996190
2024-09-12,266.2860107421875,271.5400844967419,257.21079243886635,269.8683337566564,7297434
2024-09-13,271.06243896484375,271.3012604969714,262.226042276122,266.52482985441907,4860818
2024-09-16,271.30126953125,273.9283064721336,269.1518756705271,271.0624479911697,4712302
2024-09-17,285.3917541503906,291.12347138855745,272.7342119161055,272.7342119161055,11008198
2024-09-18,293.9892883300781,294.9445744010126,285.63053520940167,285.86935672713525,7708216
2024-09-19,291.1234436035156,297.57162488103404,289.69051443073374,295.8998741794552,7849022
2024-09-20,272.2565612792969,293.5116787826806,272.2565612792969,291.362284877844,9558328
2024-09-23,279.42120361328125,279.42120361328125,270.58480657593816,274.8835943238348,7560516
2024-09-24,277.2718200683594,283.4811803799678,276.07771231612696,279.18239247193117,6331430
2024-09-25,267.7189636230469,277.749468950583,265.80839117970663,277.0330042843304,9428844
2024-09-26,257.2107849121094,270.58479044142985,257.2107849121094,269.62950433219265,9999248
2024-09-27,237.8662567138672,256.4943370589291,237.8662567138672,256.25551551604366,20728460
2024-09-30,237.0303955078125,241.92623743014013,234.52276915735203,237.62744940077928,15438446
2024-10-01,230.94044494628906,239.2991994169407,226.88047848911543,237.98568085726686,10877332
2024-10-02,224.43846130371094,234.3118270906768,224.19764750402885,232.14450289353795,15196998
2024-10-03,229.9771728515625,232.74653147752372,225.52211767066834,225.8833383610111,16827248
2024-10-04,231.6628875732422,236.23835000971994,229.7363770736726,232.3853290105808,10517204
2024-10-07,222.75277709960938,232.62614343591636,221.90992875382705,232.62614343591636,12698550
2024-10-08,232.86695861816406,236.71997965010888,225.64254418326757,227.08742707024686,14973312
2024-10-09,233.58938598632812,236.96077918613082,226.48537888674394,233.4689790863352,10235730
2024-10-10,223.5956268310547,233.10777250668923,223.5956268310547,231.30166889739152,8638142
2024-10-11,224.43846130371094,230.8200269952864,222.7527647059363,223.95683370434676,11198284
2024-10-14,225.52210998535156,227.44862026819493,221.18746184895397,224.55885484392988,11427956
2024-10-15,225.2812957763672,230.82001282912663,223.7160061745004,226.3649578084288,13600228
2024-10-16,227.32823181152344,227.68945251885106,222.8731764211493,227.56904561640852,10567842
2024-10-17,226.48536682128906,229.61594605433189,225.40170477908194,227.32821507633906,11389990
2024-10-18,222.0303192138672,229.01391927590856,221.66909852100298,226.7261882211019,9409688
2024-10-21,214.6855010986328,223.11398403576365,214.6855010986328,222.15072884294872,10398686
2024-10-22,221.78952026367188,222.5119616977555,215.16714045123868,215.6487680739611,9706214
2024-10-23,217.45484924316406,222.03031118737238,216.3711872037463,221.7894974008351,7735148
2024-10-24,229.013916015625,230.82001945423403,219.14055055122896,219.14055055122896,17862026
2024-10-25,228.89349365234375,230.57919008113532,224.19762502928145,229.01390054011458,9145142
2024-10-28,227.68943786621094,229.73635507600767,226.9669964980474,229.4955412866198,2494602
2024-10-30,234.31182861328125,235.27508381826905,225.1609041658972,228.17107668148407,15506222
2024-10-31,224.6792755126953,235.27508271801,224.6792755126953,233.1077585169229,10984964
2024-11-01,223.9568328857422,228.6527019623787,223.59561218753936,225.52212257795435,8321060
2024-11-04,222.75277709960938,223.95684616501265,218.05690774453652,223.11399781923035,10742174
2024-11-05,221.5487060546875,225.64254084048065,218.6589403235394,223.8364372585131,6706346
2024-11-06,237.20159912109375,237.8036336366295,221.78951552337801,222.27114313580662,19842706
2024-11-07,235.15467834472656,238.64647848399795,233.34857482441376,237.5628163718103,8310092
2024-11-08,237.6832275390625,239.24851728476048,233.9506135300904,235.03427566172746,9746636
2024-11-11,236.47914123535156,240.09134807703208,233.58937576200714,238.76687223508256,9439942
2024-11-12,226.84661865234375,233.83021943888087,226.36499101189293,233.70981252876817,13158130
2024-11-13,227.08740234375,230.21798159133087,226.1241471906482,226.72618166133682,12555860
2024-11-14,228.89349365234375,230.4587831933645,226.60576278469802,229.25471431565623,7496302
2024-11-15,224.43846130371094,230.33839939592224,224.43846130371094,229.9771786963991,11719238
2024-11-18,221.4282989501953,226.485388975159,220.22422989663255,225.16091301623993,9684236
2024-11-19,220.34463500976562,223.47521452356557,219.26097287037334,222.39155238417328,10333664
2024-11-20,213.8426513671875,222.3915411459433,213.60183757060284,221.3078790613123,7687128
2024-11-21,219.74258422851562,220.94665318319244,214.32427393247005,215.52834288714683,9059810
2024-11-22,225.52210998535156,226.24455134141783,218.65891710272206,220.34461360021,11898968
2024-11-25,230.33840942382812,233.10776824073773,226.36498155608828,226.6057953662543,12244986
2024-11-26,228.41189575195312,230.94044072337695,227.80986123494745,229.49555788256333,5402856
2024-11-27,230.33840942382812,231.90369918990746,228.89352656283182,229.736374898413,7778034
2024-11-28,234.07102966308594,234.91387802092626,230.4588224151988,230.94045004825043,9169602
2024-11-29,228.05067443847656,234.19142649569002,227.44863992306347,233.46898507719433,11739470
2024-12-02,234.67303466796875,235.75669670594294,225.4017038986339,226.60577282971636,8626392
2024-12-03,241.77706909179688,242.98113816097913,235.15468921129445,235.2750961182127,10506228
2024-12-04,243.9443817138672,247.3157749458456,240.57298848188876,241.77705749330963,8637928
2024-12-05,246.11170959472656,247.31577862405499,242.49950250674135,244.90764056539817,5328004
2024-12-06,248.0382080078125,250.4463459496359,245.14844247762437,247.79739421363016,8463570
2024-12-09,253.3361053466797,253.3361053466797,247.79738821457548,250.4463398864514,6752712
2024-12-10,253.3361053466797,255.5034294418509,251.40959503986082,253.09529155832732,7720850
2024-12-11,259.1156921386719,265.61766582616644,256.22592605534095,256.7075537358961,10055984
2024-12-12,258.15240478515625,262.96868099383454,257.42996335385453,260.5605428894954,6542430
2024-12-13,254.78099060058594,257.91156988017724,252.372852693208,257.91156988017724,7013192
2024-12-16,247.074951171875,255.02180632652596,245.8708822090491,254.78099253396078,7524086
2024-12-17,249.72390747070312,251.65041784656196,244.18519014010892,247.79739709484426,9267282
2024-12-18,246.0836181640625,250.69465242946407,245.840932150094,249.96659438755856,6141518
2024-12-19,243.65676879882812,246.81168711992848,243.17139674942806,245.11288494702828,4475796
2024-12-20,240.1378173828125,245.1128808050941,240.1378173828125,243.65676468149948,5470144
2024-12-23,238.31765747070312,242.07929055705333,236.0121404177788,240.50183152084193,5523354
2024-12-24,237.22557067871094,240.137802748424,235.40542563514026,238.8030297164722,4258416
2024-12-25,248.02511596679688,250.45197620130563,244.14213959158283,244.14213959158283,6430896
2024-12-26,251.4227294921875,254.8203339447846,248.99586916890382,249.2385552012322,5888194
2024-12-27,253.36422729492188,255.06302958521349,250.69468083874932,251.42273896316001,5768744
2024-12-30,254.33494567871094,260.1594100835669,250.69465542567596,254.33494567871094,7624784
2024-12-31,256.5191345214844,262.5862852906775,251.42272787536217,254.33496024457486,10475360
2025-01-02,257.7325439453125,263.55700821526307,255.3056838328331,257.2471719228166,9978764
2025-01-03,257.7325439453125,260.8874620915357,254.82031181033722,258.2179159678084,7841504
2025-01-06,258.9459533691406,260.4020693206072,256.76177944194075,258.21789539340733,6299950
2025-01-07,255.7910614013672,259.43135164901474,254.577631318818,258.2179215664655,7450866
2025-01-08,259.1886291503906,260.15937307979283,253.84953753867848,256.03371137983345,11067282
2025-01-09,254.09226989746094,262.58628083004083,254.09226989746094,260.40210659023455,9020570
2025-01-10,253.84957885742188,258.2179272507618,253.36420681371743,255.3056949885352,9284158
2025-01-13,254.33494567871094,254.33494567871094,248.51048127385496,253.60688762810395,8050282
2025-01-14,249.96658325195312,257.9752213561419,249.72389724879588,256.27641933404124,8622240
2025-01-15,248.753173828125,251.66540610708842,244.38482540967988,250.45197599085364,10488922
2025-01-16,244.6275177001953,252.87884270198762,243.17140152340843,250.93735446627178,11923762
2025-01-17,247.05438232421875,248.7531845602399,242.92871975102452,245.5982661219149,9932844
2025-01-20,252.63612365722656,253.84955364597405,248.0250896999861,249.9665776819821,10859294
2025-01-21,253.12152099609375,256.76181132681415,250.69466077561347,251.90809088585362,8584858
2025-01-22,253.12152099609375,254.57763712838192,249.48123066537332,253.12152099609375,9144256
2025-01-23,249.96658325195312,255.7910473277268,249.23852524248142,254.33493130878338,11930286
2025-01-24,249.48123168945312,251.66540589685107,248.02511555118784,250.45197578162998,8422250
2025-01-27,245.35556030273438,248.26779247249976,243.89944421785168,248.26779247249976,8670494
2025-01-28,253.60687255859375,254.09224456349057,243.89943246065715,245.84092048024445,13546590
2025-01-29,265.2558288574219,269.3814913373635,253.60689950229266,253.60689950229266,32254496
2025-01-30,268.16802978515625,270.35220378340637,265.01311178768384,265.49848378729496,13388328
2025-01-31,266.95458984375,270.8375656960227,265.4984738991477,268.89607776988635,11831888
2025-02-03,260.8874816894531,269.6241787506813,257.9752493357104,265.4985162495458,10336152
2025-02-04,257.9752197265625,263.5569977639199,257.489847723314,263.07162576067145,6450356
2025-02-05,261.85821533203125,265.9838776681244,258.21792503547846,258.70329707501884,17348884
2025-02-06,266.2265625,267.9253646308113,262.8289582383774,264.04238833181404,8681196
2025-02-07,272.5364074707031,272.77909349694596,264.0423965522039,266.22657078838944,13371394
2025-02-10,267.1972961425781,273.2644463728819,266.2265521057295,272.7790743544576,11918216
2025-02-11,273.26446533203125,273.7498373841308,263.0716522379413,267.1973146807872,11401048
2025-02-12,270.5948791503906,276.66202890712583,268.65339122823536,273.2644250433541,13746086
2025-02-13,281.2731018066406,282.00115987861636,270.59491675099594,272.5364049429313,16610618
2025-02-14,271.322998046875,279.574323568873,271.322998046875,279.0889514793437,12417638
2025-02-17,268.8961181640625,273.2644666540924,268.8961181640625,271.8083504907491,7329076
2025-02-18,273.74981689453125,275.93399096549825,267.19729468163024,268.8960967368268,10495272
2025-02-19,269.3814697265625,275.4486199456292,267.9253536739865,273.9925038930532,10350422
2025-02-20,259.6740417480469,263.79970409357657,251.6654030773127,262.10090195129965,32578744
2025-02-21,248.51048278808594,262.58627185225487,246.81168065965176,259.674039632082,14323674
2025-02-24,249.7239227294922,254.82032931580835,248.75317861781292,251.90809698077052,8966112
2025-02-25,244.8701934814453,251.9080880413679,244.62750746213763,250.69465794482954,9441972
2025-02-26,247.53973388671875,250.45196605009193,244.6275017233456,245.11287375057447,10709496
2025-02-27,250.93734741210938,253.3642076385321,246.08362695926394,247.53974309511756,11778162
2025-02-28,245.59825134277344,252.15077385883555,245.35556532366002,250.9373437632685,14079226
2025-03-03,255.06301879882812,256.2764489548644,248.2678099250249,248.51049595623215,14519380
2025-03-04,254.57762145996094,257.9752255595219,252.63613340306898,255.79105149551845,10344634
2025-03-05,263.3143310546875,266.7119353263609,256.76180853074595,257.24718056955646,14682790
2025-03-06,268.6534118652344,270.83758594543957,262.1008896246189,266.22655177611756,12226992
2025-03-07,269.1387939453125,273.50714226904165,266.9546197834479,267.92536385538773,11330280
2025-03-10,250.93734741210938,263.07164854422297,249.23854525361347,256.2764399102394,24615494
2025-03-11,250.6946563720703,254.57763265663286,247.29705212307806,251.90808646099612,18499954
2025-03-12,251.9080810546875,254.57762719303196,248.99584890376624,252.15076706726427,20516434
2025-03-13,256.2764587402344,259.43137726639253,252.87885417360246,252.87885417360246,23901682
2025-03-14,254.57762145996094,260.1593996235254,254.57762145996094,258.7032835808564,19269440
2025-03-17,250.20928955078125,256.0337540990051,250.20928955078125,255.54838205331976,13705626
2025-03-18,245.59825134277344,250.9373437632685,245.59825134277344,250.4519717250417,13830782
2025-03-19,221.08697509765625,237.22559622168936,221.08697509765625,228.12487002392632,32807602
2025-03-20,220.72291564941406,232.49318657739272,216.23322467688612,222.0576886412467,62773436
2025-03-21,198.75985717773438,222.5430879511385,198.75985717773438,220.9656287671882,36833758
2025-03-24,200.94403076171875,207.8605825451837,193.66344993701878,201.42940281669874,49168914
2025-03-25,220.9656219482422,220.9656219482422,203.6135714602693,205.7977456475666,44579592
2025-03-26,224.3632354736328,230.91575830520455,219.87354390385215,220.96563104244746,33418112
2025-03-27,224.12054443359375,232.37186929633572,222.66442828134518,228.00352083958995,18210404
2025-03-28,222.42173767089844,225.09128389498997,220.11622047736483,224.12053981350212,15543756
2025-04-02,216.47592163085938,222.54307190078256,215.7478635984686,220.23755479821176,12351994
2025-04-03,214.77711486816406,220.23754999193093,214.5344288626633,216.9612889176708,9825498
2025-04-04,212.35028076171875,216.96131542968752,211.01550756835937,215.0198271484375,12955612
2025-04-07,219.630859375,224.24189399171271,203.85626726519337,208.22461584944753,26154582
2025-04-08,226.91143798828125,228.36755416788517,220.3589151800635,223.1498045243044,14007886
2025-04-09,223.14979553222656,226.54739981439207,221.57233640122115,225.6979987438507,12826458
2025-04-10,223.27113342285156,234.67737610858418,223.27113342285156,231.03708588973333,16293656
2025-04-11,223.7565155029297,229.459637101974,221.57234127350847,224.7272596048947,13485358
2025-04-14,226.18338012695312,227.3968102778488,224.84860696096789,225.69800806659487,8162242
2025-04-15,225.21261596679688,229.58096412132528,224.3632149367497,226.91141802689125,8661912
2025-04-16,221.8150177001953,229.21694115736815,219.87352958028114,224.96993589505587,13172944
2025-04-17,222.66441345214844,227.63947664099754,220.11621035542086,221.8150124199059,15825566
2025-04-18,217.3253173828125,223.75649651251047,217.3253173828125,223.39246750516907,7698946
2025-04-21,215.86920166015625,218.90277672564466,214.53442863134134,217.6893466994493,9054984
2025-04-22,217.8107147216797,219.26683092037615,216.35459852298322,216.96131360577343,8899188
2025-04-24,224.8485870361328,225.57664506215377,217.56800677592344,218.4174078062812,15183508
2025-04-25,226.30471801757812,227.63949115333864,225.09128789415948,226.06203199289442,8389098
2025-04-28,225.697998046875,229.33828833795363,224.84859697895664,227.15411416330645,8855592
2025-04-29,225.21261596679688,227.2754470397686,223.99918592387232,225.6979879839667,7525694
2025-04-30,218.9027862548828,228.85291290283203,218.29607121537373,226.183366728992,11520940
2025-05-02,228.12484741210938,228.4888764239372,219.38815112824136,220.116209151897,10249656
2025-05-05,230.06634521484375,231.03708928748023,227.63948503325258,229.21694415128684,12409146
2025-05-06,229.5809783935547,230.91575152374978,228.9742633343751,229.5809783935547,7469220
2025-05-07,237.83230590820312,238.56036398751394,230.55172511509485,230.55172511509485,13604802
2025-05-08,238.07498168945312,241.95795794534632,234.67737746554656,240.7445278653797,5498548
2025-05-09,232.37185668945312,233.22125773218218,225.940677365933,231.27976963451573,19580284
2025-05-12,241.4725799560547,243.65675404610946,237.10423177594515,237.34691778595123,13156794
2025-05-13,240.2591552734375,245.59824761284722,240.01646925800978,241.47258535057608,11042362
2025-05-14,240.9872283935547,244.1421467914562,237.71096698034927,240.8658853782508,11621156
2025-05-15,240.50184631347656,243.89945060044798,239.28841621098675,241.10856136472145,7263074
2025-05-16,239.77378845214844,242.44333467985453,236.98289921409204,240.9872185556512,8858366
2025-05-20,228.48887634277344,239.0457176820306,227.7608183193764,238.19631665473406,15061896
2025-05-21,226.42604064941406,230.30901669484882,226.42604064941406,227.15409865793308,8924658
2025-05-22,231.27978515625,233.7066454412054,227.15412267182583,228.124866785808,12877358
2025-05-23,231.27978515625,234.31336051244426,230.30904104226786,232.00784324173662,11357706
2025-05-26,234.79872131347656,235.40543635563026,231.0370880521237,233.22126220387696,7436058
2025-05-27,232.85723876953125,236.74021513254584,232.00783769012182,234.92006996238277,6942118
2025-05-28,232.97857666015625,234.07066373825074,231.64380356470744,231.7651465733846,7934102
2025-05-29,234.4346923828125,235.1627504336908,233.09991928953562,234.07066335737335,10093662
2025-05-30,231.03709411621094,234.4346984414493,229.33829195359172,234.4346984414493,11630486
2025-06-02,235.8908233642578,238.0749976546676,231.40113176730435,232.85724796091088,10374782
2025-06-03,240.9872283935547,242.92871663841717,237.46828094974146,238.19633904156487,9436280
2025-06-04,250.20928955078125,250.20928955078125,236.3761862487497,241.47259272844553,12823206
2025-06-05,253.12152099609375,253.12152099609375,247.05437044489304,249.48123066537332,3977454
2025-06-10,254.57762145996094,258.7032835808564,251.18001736039997,254.82030746707244,8049998
2025-06-11,251.9080810546875,254.09225516787842,248.75316289118948,252.39345307984104,9384214
2025-06-12,245.35556030273438,251.90808268470653,243.17138617541033,249.96659457152958,10617212
2025-06-13,240.2591552734375,241.22989933514836,230.79440067175662,241.22989933514836,13497906
2025-06-16,240.9872283935547,243.41408869963277,236.3761938120063,239.28842617930002,9455592
2025-06-17,244.14212036132812,246.5689804046813,240.7445163006337,240.987202304969,8132354
2025-06-18,235.58001708984375,243.89748394452153,233.86759744329245,243.65285256644276,9760850
2025-06-19,232.6444549560547,239.37181826971556,232.39982356283065,237.04782003408727,8506606
2025-06-20,229.58656311035156,237.78171480368857,228.60803753502773,237.78171480368857,9625172
2025-06-23,223.47079467773438,228.11879150190182,220.90216485385238,227.01795014880952,10176706
2025-06-24,239.24951171875,241.57351004321637,233.13372665436478,233.867620862091,14510866
2025-06-25,233.1337127685547,240.59497010270047,230.93203027651168,239.49412885667897,10112320
2025-06-26,228.7303466796875,233.745290109563,228.7303466796875,233.2560273359166,7919964
2025-06-27,229.0972900390625,231.66591955898792,225.79476637058696,229.7088684961876,10011540
2025-06-30,242.06277465820312,247.07771844849435,229.95352014018286,230.44278294899178,22105308
2025-07-01,242.67434692382812,244.6313981086977,239.86108584557812,242.3073998266651,12787354
2025-07-02,250.50254821777344,251.2364424020052,242.67434358596802,242.91897498071194,14320842
2025-07-03,248.3008575439453,255.3951677594866,245.60991228977448,254.1720108257726,9605166
2025-07-04,248.0562286376953,249.76864836201867,245.60991474580484,248.0562286376953,5703424
2025-07-07,244.3867645263672,246.5884470896678,242.7966604528723,244.63139592228947,6241676
2025-07-08,238.76023864746094,246.58844319327935,236.68087181497793,246.34381180122253,8591406
2025-07-09,241.20655822753906,242.42971521652254,237.292455862792,239.24950704516553,7441708
2025-07-10,244.14212036132812,247.81159110824186,243.1635948288178,243.1635948288178,8085670
2025-07-11,242.55201721191406,247.81159196739176,240.3503347561327,245.6099095116104,9176802
2025-07-14,244.14212036132812,246.58843419260396,241.4511751469247,242.5520163709988,8650470
2025-07-16,238.27098083496094,244.019818668248,236.31392965767174,243.77518727108685,11203544
2025-07-17,242.67434692382812,245.8545550992412,237.65940326259982,240.3503486417955,12900262
2025-07-18,239.616455078125,243.40824175878956,239.4941393787487,242.67434756253192,7824920
2025-07-21,243.7751922607422,245.36529637483633,240.35035263038554,240.71729973363804,10479024
2025-07-22,246.58843994140625,248.7901224408831,243.40823188660636,244.01981035868326,14670984
2025-07-23,244.2644500732422,248.30086812653062,244.2644500732422,247.56697393502364,7221960
2025-07-24,248.79013061523438,252.21497017139296,244.63139686847038,245.85455385281273,14851194
2025-07-25,250.01329040527344,251.72571020256981,247.56697640913572,249.76865900565966,8211880
2025-07-28,251.9703369140625,253.68275667949788,248.30086598812957,251.23644272887591,7113104
2025-07-29,252.9488525390625,255.63979777883975,251.725695611891,253.19348392449677,8098342
2025-07-30,254.41664123535156,256.8629550933838,253.19348430633545,253.43811569213867,7321416
2025-07-31,259.5539245605469,260.04318737781466,254.1720335706015,255.63982202240481,9305594
2025-08-01,258.33074951171875,260.7770634275494,255.15054142113885,260.7770634275494,7257084
2025-08-04,258.57537841796875,260.5324295318228,258.08611563950524,258.57537841796875,7438228
2025-08-05,257.35223388671875,260.2878106991148,257.35223388671875,259.06465369394977,5521764
2025-08-06,261.2663269042969,261.75558968876186,257.35222462857706,257.35222462857706,7606522
2025-08-07,259.06463623046875,262.9787383831482,258.57537346138383,262.4894756140632,7047054
2025-08-08,260.0431823730469,261.5109707966012,258.3307625455668,259.55391956519543,4634232
2025-08-11,263.2233581542969,265.1804091442917,260.7770444168034,260.7770444168034,6151834
2025-08-12,262.9787292480469,264.446517504315,261.5109409917787,263.46799200013623,4822534
2025-08-13,256.86297607421875,262.7341298130581,254.41666201636906,262.7341298130581,8940370
2025-08-14,259.7985534667969,261.75560471701755,254.90592534124514,255.88445096635547,8301716
2025-08-15,255.8844451904297,261.2663360070544,251.48107997682766,254.41665678589567,8328170
2025-08-18,256.37371826171875,259.0646637778246,255.63982403005352,255.8844554406086,10650560
2025-08-19,249.0347442626953,258.5753680605785,249.0347442626953,257.35221116341404,7671612
2025-08-20,250.99180603027344,253.43811992920396,248.54549213134288,249.76864908080816,7415534
2025-08-21,258.82000732421875,261.51095257995263,252.4595912652115,252.4595912652115,13359860
2025-08-22,256.1290588378906,260.0431609786798,255.39516468649268,259.55389821108116,6865608
2025-08-25,257.59686279296875,261.0217023742618,257.35223139430497,258.5753883876239,6893512
2025-08-26,262.244873046875,262.97876728114795,256.8629819955399,258.0861390526615,10379038
2025-08-27,259.5539245605469,263.71265850732283,259.309293151913,262.7341328727873,6690456
2025-08-28,262.244873046875,266.6482384525128,260.5324531669047,260.77708457832904,9629256
2025-08-29,259.30926513671875,262.7341044875811,255.639794403652,262.24484172317216,11188428
2025-09-01,259.06463623046875,259.3092676150112,254.41663992416196,259.3092676150112,7623074
2025-09-02,249.2793731689453,262.0002047732487,247.0776907758928,260.04315375720205,13062004
2025-09-03,249.76866149902344,251.4810813134144,245.36529626201812,249.76866149902344,9609198
2025-09-04,252.45960998535156,255.88444965569548,248.79013890998306,249.76866453008134,9168440
2025-09-05,251.9703369140625,255.63980783999546,250.01328575356493,253.4381252844357,7525590
2025-09-08,238.27098083496094,250.01328789869618,238.0263494377998,249.5240251043739,11459096
2025-09-09,237.90403747558594,244.87603240417639,236.4362490695669,238.63793167859546,16174566
2025-09-10,241.69581604003906,243.04128870018098,237.9040294523664,239.37181780888483,9081080
2025-09-11,239.24951171875,246.58845379601226,237.90403900458526,241.69582574450408,11351536
2025-09-12,239.00486755371094,241.45118144883594,236.80318504809847,239.24949894322344,7021840
2025-09-15,256.6183166503906,257.59684216669336,238.51559459879013,239.73875149416855,17848780
2025-09-16,256.86297607421875,261.5109727841332,255.15055623372396,257.1076074800037,14180248
2025-09-17,255.1374053955078,260.3141063745471,253.9048575433556,256.8629723885209,9528350
2025-09-18,252.6722869873047,258.3420065977515,251.68624879418348,256.86294930806974,9732664
2025-09-19,262.2861633300781,262.5326728820801,253.4118194580078,253.65832901000977,14871218
2025-09-22,267.21636962890625,269.1884461575329,265.24429310027966,268.4489174592979,7999398
2025-09-23,265.2442626953125,270.6674725273728,264.2582245440288,265.98379130877527,11018792
2025-09-24,264.5047607421875,266.9698563688621,260.06758861417313,265.4907989928573,8474202
2025-09-25,262.2861633300781,267.46286392211914,261.54663467407227,267.46286392211914,6891654
2025-09-26,259.32806396484375,265.4908031275064,258.8350448318307,263.2722170289478,9549558
2025-09-29,263.7652282714844,268.69541945412897,258.8350370888398,259.3280562071043,13064988
2025-09-30,266.7233581542969,268.2024155932301,262.2861858374971,264.9977911422081,11179840
2025-10-01,279.788330078125,284.22550183266793,265.24426710490087,265.983795730658,17164380
2025-10-02,279.54180908203125,281.7603948683966,277.81624235930263,279.54180908203125,7397642
2025-10-03,277.8162841796875,283.9790234028394,275.8442076282789,280.52788943787436,11243360
2025-10-06,276.8302307128906,283.48598870865914,274.36513515890226,278.0627784898848,7406052
2025-10-07,279.54180908203125,282.2534139320333,276.5836947002108,277.0767137638476,6632182
2025-10-08,274.1186218261719,277.5697555541992,268.6954116821289,273.62560272216797,24840034
2025-10-09,267.95587158203125,277.81625324098366,266.969833416136,277.0767246165622,12402044
2025-10-10,268.202392578125,272.63956451416016,266.4768257141113,269.1884307861328,7287854
2025-10-13,269.18841552734375,272.8860585977743,264.9977533808558,265.2442629188845,9596264
2025-10-14,268.44891357421875,271.65353788685866,266.4768370741327,269.6814613867726,7705118
2025-10-15,269.4349670410156,274.85817772253654,267.70940000598625,269.4349670410156,9029110
2025-10-16,265.98382568359375,269.43495965909915,260.0675960112988,269.43495965909915,14291992
2025-10-17,259.8210754394531,265.2442857427434,255.63041293236518,264.7512666242625,10901138
2025-10-20,265.2442626953125,265.4907722331334,257.10944794722207,260.8070910145359,12124196
2025-10-21,258.3420104980469,266.4768257141113,257.35597229003906,265.4907875061035,9810776
2025-10-22,265.2442626953125,268.6953962248054,258.8350147119685,259.8210528632522,11780546
2025-10-23,269.68145751953125,272.63957222724093,264.99777589899094,265.49079501694257,9035246
2025-10-24,285.7045593261719,289.40220245808956,270.1744581721177,272.6395535933961,19523540
2025-10-27,278.80230712890625,287.6766511223993,276.0907020197834,285.7045746794008,11063522
2025-10-28,279.0487976074219,282.9929502237812,277.8162499148096,279.5418166844668,5113650
2025-10-30,262.2861633300781,281.51390838623047,260.56059646606445,280.03485107421875,26426174
2025-10-31,265.7372741699219,267.462840885311,259.0815168391353,262.28614073914366,19232432
2025-11-03,264.25823974609375,269.9279594421387,263.76522064208984,266.4768257141113,13740828
2025-11-04,262.5326843261719,265.49079907914285,259.57456957320096,264.25825126540497,11674648
2025-11-05,261.0536193847656,264.50475316322337,257.84899516191206,262.53267671839035,11157436
2025-11-06,271.9000244140625,273.3790816638217,263.27219045713395,263.765209540387,21248458
2025-11-07,274.1186218261719,277.32324600219727,270.4209785461426,274.6116409301758,10664424
2025-11-10,269.18841552734375,279.54181612454926,266.2303010709993,276.09068259214746,10587432
2025-11-11,273.6256103515625,284.96505005982544,267.21636182080516,274.1186294693131,30985702
2025-11-12,276.8302307128906,282.9929695978615,271.90003960491396,274.8581542697,14742910
2025-11-13,271.9000244140625,279.04880112123186,269.92794808105026,277.0767247882196,9087362
2025-11-14,268.44891357421875,271.4070283243479,263.025703198982,270.91400919932636,9365332
2025-11-17,266.2303466796875,270.42100954409,262.532702975803,269.6814808033131,12431504
2025-11-18,268.202392578125,272.8860740661621,263.27220153808594,264.75125885009766,9931116
2025-11-19,272.3930358886719,276.58369797926684,267.70935472859514,268.94190240229955,10951264
2025-11-20,271.9000244140625,276.33719616334,269.6814385394237,274.61162937195434,6358390
2025-11-21,270.1744689941406,272.14654541015625,265.73729705810547,270.4209785461426,9641820
2025-11-24,263.7652282714844,269.9279672497901,262.5326804758232,269.43494813152563,13001164
2025-11-25,264.5047607421875,268.2024041821994,263.0257033661827,265.4907989928573,9043250
2025-11-26,268.6954040527344,269.9279517777469,263.5187036076817,264.99776087769675,7646358
2025-11-27,267.95587158203125,271.16049562119076,266.4768143331884,270.91398607971695,6389730
2025-11-28,264.7512512207031,270.6674802982607,264.7512512207031,268.6954039390749,8040716
2025-12-01,268.6954040527344,268.6954040527344,263.02568451767667,264.5047417876917,10533228
2025-12-02,270.91400146484375,273.87211613051994,266.23031991085645,268.6954154655866,10994036
2025-12-03,261.0536193847656,275.59768316540885,258.0955047175162,271.6535302757429,31605666
2025-12-04,260.56060791015625,263.0257035384453,259.0815505331828,261.54664616147187,14379018
2025-12-05,253.65834045410156,261.7931560371777,252.42579263848395,260.8071177846836,20198426
2025-12-08,260.0675964355469,262.77920170643887,252.91881890319536,255.13740503392515,17498852
2025-12-09,259.32806396484375,262.03966919641533,258.0955161323112,260.06759266436325,8442486
2025-12-10,262.7792053222656,266.23033935088824,260.0676000140621,260.80712873448124,15501538
2025-12-11,273.1325988769531,273.8721275742734,261.79315885137567,264.25825450910986,22994640
2025-12-12,274.61163330078125,275.35116193624117,270.91399012348165,273.62559512016804,9167330
2025-12-15,282.7464599609375,283.9790077375763,274.3651350797938,275.5976828564325,13001474
2025-12-16,279.2953186035156,283.2394713816765,278.55578995761044,282.74645228440636,12666932
2025-12-17,274.32122802734375,280.2901396072678,272.0828861848722,279.5440256597773,12048420
2025-12-18,270.8393859863281,276.55959340385385,269.5958626346921,275.31607005221787,12115434
2025-12-19,273.57513427734375,274.5699529474432,270.59067826704546,271.0880876020952,10829840
2025-12-22,268.6010437011719,275.31606979370116,267.85492969089086,274.8186604535138,7268796
2025-12-23,266.3627014160156,272.58031816242124,265.36788273659073,269.0984527844341,10832950
2025-12-24,274.5699462890625,281.28497214939284,270.34196704366934,270.59067170516306,26676182
2025-12-25,272.5802917480469,275.8134521428686,272.5802917480469,274.569928914091,4467326
2025-12-26,270.3419494628906,274.0725191426913,269.0984262362904,273.0777005614111,6080310
2025-12-29,263.6269226074219,270.8393572825306,263.12951331948335,270.34194799459203,9187112
2025-12-30,268.1036071777344,268.8497211123663,261.88599105580175,264.3730375045748,11306014
2025-12-31,266.860107421875,272.33161009035706,266.11399342162747,268.6010400891193,11517730
2026-01-02,270.09326171875,270.59067104051564,266.3626918055076,266.86010112727325,6487932
2026-01-05,275.3160400390625,280.29013290336354,270.0932425315464,270.34194717476146,17091928
2026-01-06,285.2642517089844,288.00000303313334,274.0725417465569,276.55958840487415,20283444
2026-01-07,291.9792785644531,293.72021123051036,285.7616618999631,287.5025945660203,14300116
2026-01-08,294.46630859375,294.96371789880703,286.01035040778083,291.97926206846495,11507298
2026-01-09,300.6839294433594,300.6839294433594,294.21760838006134,297.4507689117103,11064284
2026-01-12,307.8963623046875,314.36268332239496,300.4352226688712,304.4144971413065,16722608
2026-01-13,319.8341979980469,325.803109935802,307.39896479439034,307.8963741225366,24976112
2026-01-14,309.139892578125,326.0518094689637,308.3937785976468,322.5699442267322,20549430
2026-01-15,310.6321105957031,312.87045246548803,305.90672220393503,309.88599663910816,16927476
2026-01-16,321.8238220214844,322.0725266752877,309.3885893313188,311.129521907942,19027372
2026-01-19,308.89117431640625,325.8030904625541,308.89117431640625,325.305681164138,16874790
2026-01-20,307.3989562988281,311.1295261568236,305.16061438403085,308.8911842420263,16375824
2026-01-21,303.9170837402344,310.63210932205624,303.6683790890558,308.39376746144893,11516096
2026-01-22,311.37823486328125,318.0932606949974,306.9015509754705,309.3885975798098,25338884
2026-01-23,312.62176513671875,318.0932677882763,310.63212780887966,312.87046980269866,13941170
2026-01-26,314.860107421875,316.6010400853451,309.38860476525474,310.88083276251484,13844058
2026-01-27,310.8808288574219,317.0984454345703,310.8808288574219,315.8549221191406,11884592
2026-01-28,316.8497314453125,320.0828919702647,311.3782290184704,311.3782290184704,14208370
2026-01-29,335.75128173828125,337.98962361653645,318.590660671658,321.0777072030527,27239368
2026-01-30,330.27978515625,336.74610625117657,326.3005106362952,336.74610625117657,16458762
2026-02-02,331.0259094238281,338.48704938078896,317.34715283606664,324.5595881277954,24157040
2026-02-03,339.9792785644531,347.4404185475794,333.2642525796395,335.50259457457736,24217158
2026-02-04,342.46630859375,344.7046504799836,338.4870341293346,343.21242255582786,12439578
2026-02-05,336.4974060058594,347.19170641846245,336.4974060058594,340.72538523874897,16242180
2026-02-06,339.7305603027344,341.47149289579374,335.2538764920102,336.4973997727669,10275110
2026-02-09,350.1761474609375,352.41448931260544,342.4663033051924,343.2124172557484,12583698
2026-02-10,347.4403991699219,351.1709689534214,344.9533526475889,350.1761503444882,11474832
2026-02-11,347.19171142578125,353.65803269875425,340.72539015280825,345.20207411102035,13809828
2026-02-12,348.9326477050781,352.414513042121,343.2124403656506,349.678761705873,19109962
2026-02-13,351.9170837402344,355.1502442268938,347.4403999894752,349.1813325592149,17119542
2026-02-16,356.14508056640625,360.3730598748063,351.6683965928062,354.15544324480624,14119540
2026-02-17,347.6891174316406,356.1450759385618,347.6891174316406,356.1450759385618,11716404
2026-02-18,350.6735534667969,357.6372836065631,343.70982332703073,348.68391628400656,19178724
2026-02-19,343.2124328613281,353.16061932107675,340.22797692340356,353.16061932107675,13680448
2026-02-20,340.22796630859375,346.6942873056869,334.50775927270365,343.4611268071403,11256302
2026-02-23,342.71502685546875,349.43005278079363,341.968912863766,346.1968921500816,10350802
2026-02-24,343.46112060546875,346.4455763963924,340.7253694637887,341.9688927100069,9660366
2026-02-25,339.9792785644531,345.69948588484993,337.49223190341104,344.9533718865373,7824460
2026-02-26,336.99481201171875,340.72538188638725,329.2849676040706,340.72538188638725,10716394
2026-02-27,332.0207214355469,339.7305659033386,324.8082862882578,339.2331565828359,17585190
2026-03-02,335.5025939941406,339.73057331059755,312.3730600864645,313.36787874916024,13281000
2026-03-03,324.80828857421875,342.2176149143377,324.559583912217,336.4974076882986,11488690
2026-03-04,328.04144287109375,329.5336708144043,317.5958472679202,324.31087301281747,12220942
2026-03-05,320.8290100097656,332.51812897911367,320.8290100097656,330.279787048813,8187774
2026-03-06,308.89117431640625,321.8238160752252,306.9015371227418,320.828997478393,11017558
2026-03-09,318.09326171875,318.34196637998434,302.17616339975075,302.6735727222195,11671384
2026-03-10,324.5595703125,327.29532147988505,320.5802958872126,325.30568426724136,9140998
2026-03-11,345.4507751464844,346.94300311687954,330.7772001042651,330.7772001042651,20977320
2026-03-12,352.41448974609375,358.6321060083749,342.2175990759527,344.4559409303739,17486448
2026-03-13,351.66839599609375,355.64767063254175,346.69430270053374,352.41450999042775,8759726
2026-03-16,339.7305603027344,351.9170884541502,336.9948090850696,351.66838379799884,8827652
2026-03-17,342.2176208496094,344.20725818013034,338.98446018751275,341.72021151697913,6002502
2026-03-18,335.75128173828125,345.20205855758104,332.02071194118923,342.2176027199074,8860042
2026-03-19,344.2072448730469,344.2072448730469,329.7823747844365,334.01035394833957,5221776
2026-03-23,344.2072448730469,344.7046541864472,324.80828165043295,340.7253796792444,14796400
2026-03-24,337.9896240234375,342.96371709221506,334.75646352873207,342.7150124387762,8170950
2026-03-25,350.6735534667969,352.16578135388966,340.974072200694,340.974072200694,14077254
2026-03-26,334.7564697265625,350.67356784134705,334.7564697265625,350.67356784134705,10619588
2026-03-27,333.512939453125,340.72537438537006,333.512939453125,337.98962320417365,7222734
2026-03-30,336.74609375,339.233140232644,329.5336589503324,332.7668193777696,5661412
2026-03-31,339.7305603027344,343.21242548885317,335.00517183585885,338.735741678129,8328070
2026-04-01,342.71502685546875,348.186529461289,342.4663221915678,345.202073494478,8782760
2026-04-02,349.9274597167969,353.4093249876108,338.7357499177522,339.73056856655614,11682626
2026-04-03,343.7098388671875,352.16579727636577,341.4714969353462,351.6683879581788,8435422
2026-04-06,343.7098388671875,346.1968854581223,340.7253829580658,343.7098388671875,9360274
2026-04-07,340.9740905761719,346.9430024462143,339.9792719311648,343.7098418499413,8748508
2026-04-08,361.36785888671875,367.83417983032143,353.1606053813769,353.1606053813769,15830450
2026-04-09,367.5854797363281,371.06734490297805,360.1243400935069,361.1191587125497,9522176
2026-04-10,373.55438232421875,373.8030869729033,365.347128917628,370.07251724263483,9531852
2026-04-13,370.0725402832031,370.0725402832031,363.1088096864762,367.83419830568374,10411160
2026-04-14,374.05181884765625,379.77202618375736,369.8238395122772,372.3108861801472,11313430
2026-04-15,374.5492248535156,381.01554613252716,373.0569968660514,375.7927481764025,6987262
2026-04-16,371.0673522949219,380.5181293640955,370.07253365606147,377.28496878779924,6890688
2026-04-17,380.51812744140625,383.25387868444903,369.32641781077666,372.06216905381945,11981354
2026-04-20,376.04144287109375,380.2694220568137,373.0569869752914,375.7927382131102,6853456
2026-04-21,374.3005065917969,380.5181229803649,374.3005065917969,377.2849624583095,5825344
2026-04-22,379.5233154296875,383.2538853716569,374.3005175109303,377.0362688017079,8719812
2026-04-23,379.5233154296875,379.5233154296875,379.5233154296875,379.5233154296875,0
2026-04-24,378.03106689453125,378.7771808423494,371.5647460134406,378.5284761930767,7459866
2026-04-27,374.3005065917969,380.0207136692795,373.8030972807114,378.77719039156585,6016610
2026-04-28,363.1087951660156,374.30050460606407,362.611385857569,374.05179995184074,6961636
2026-04-29,361.6165771484375,367.58548901333603,358.88082587702564,364.35232841984936,5912010
2026-04-30,368.8290100097656,369.8238286476881,358.3834143115794,359.62693760898253,10873618
2026-05-01,368.8290100097656,368.8290100097656,368.8290100097656,368.8290100097656,0
2026-05-04,363.1087951660156,370.8186394469379,360.8704532780059,370.072525484268,8468556
2026-05-05,371.56475830078125,373.5543955607587,362.36268597338574,363.6062092608716,7269616
2026-05-06,388.4766845703125,390.4663218792513,375.5440420622099,376.0414513894446,15160486
2026-05-07,389.9689025878906,392.9533584750428,387.23315135800107,388.97408395883986,6647390
2026-05-08,392.953369140625,399.1709857409513,386.4870478762856,390.96373182852057,7895122
2026-05-11,385.2434997558594,393.9481624359466,383.7512718678444,393.4507531399416,8914592
2026-05-12,388.4766845703125,403.6476690509713,385.74093327052157,400.4145084239457,14140928
2026-05-13,404.3937683105469,405.1398822742195,391.21242161899767,391.21242161899767,15626826
2026-05-14,411.85491943359375,422.79792453931725,407.12953086521316,409.36787281865656,8115738
2026-05-15,403.1502380371094,410.8600821945125,395.93780318018395,410.8600821945125,6634672
2026-05-18,390.46630859375,400.9119041102707,385.9896248009554,400.66319945511543,8402236
2026-05-20,390.71502685546875,397.1813481146936,383.50259160479493,388.9740942087544,10839321
2026-05-21,374.5492248535156,397.6787586592108,373.0569968660514,390.71502805104456,8847731
2026-05-22,390.71502685546875,393.4507781574485,370.0725397587126,370.5699490863453,12459095
2026-05-25,376.7875671386719,395.44041699702194,373.80311116133583,390.96373303101797,10897046
2026-05-26,371.0673522949219,378.7771967460898,369.8238289963464,378.0310827669445,6394478
2026-05-27,371.0673522949219,371.0673522949219,371.0673522949219,371.0673522949219,0
2026-05-28,371.0673522949219,371.0673522949219,371.0673522949219,371.0673522949219,0
2026-05-29,371.0673522949219,371.0673522949219,371.0673522949219,371.0673522949219,0
2026-06-01,369.326416015625,377.28496504761154,367.8341880721275,371.8134625881208,10572396
2026-06-02,378.7771911621094,380.0207144423527,368.33159560806564,372.06216544879555,11495125
2026-06-03,379.0259094238281,383.2538887284246,372.310883469469,377.5336814339705,10514304
2026-06-04,371.0673522949219,383.5025852806766,368.0828963783407,380.5181293640955,9543504
2026-06-05,375.2953186035156,377.78236511513603,369.07770232446467,371.8134534872471,8120554
2026-06-08,375.2953186035156,378.5284790686221,368.3315883709786,370.32122558027487,7769593
2026-06-09,381.76165771484375,385.7409323229464,372.0621758575936,377.2849737807283,9422573
2026-06-10,378.5284729003906,385.49220301945167,377.78235895906266,380.5181100772652,11935037
2026-06-11,378.5284729003906,383.5025658425771,371.5647427813295,380.02070078304655,12160034
2026-06-12,378.03106689453125,387.97925286543995,373.80308785689505,383.0051598799856,12078529
2026-06-15,391.9585266113281,396.9326195886292,383.0051592521861,387.9792522294872,14450466
2026-06-16,384.0,395.68911917098444,383.2538860103627,392.20725388601034,10742628
2026-06-17,382.5,397.25,380.0,395.0,11927623
2026-06-18,391.75,391.75,378.5,383.0,10773997
2026-06-19,383.25,389.25,382.25,388.25,10485576
2026-06-22,379.0,387.0,377.75,386.25,7455805
2026-06-23,382.75,383.0,373.75,377.0,7361006
2026-06-24,374.0,384.5,373.0,383.0,6703810
2026-06-25,375.5,383.0,369.5,376.25,9885840
2026-06-26,374.5,378.0,368.5,374.5,7644194
2026-06-29,371.0,377.0,368.0,374.5,7486796
2026-06-30,365.25,373.5,364.25,371.5,13876620
2026-07-01,364.5,368.75,361.0,365.0,11455538
2026-07-02,357.5,365.5,353.25,364.75,13209936
2026-07-03,357.0,364.0,354.5,359.5,10601694
2026-07-06,371.0,371.25,362.0,364.0,13197769
2026-07-07,374.25,377.0,367.0,370.0,12619740
2026-07-08,375.75,377.0,365.0,374.5,12352951
2026-07-09,365.0,377.25,362.75,377.0,9660307
2026-07-10,372.5,375.0,365.25,367.0,12114097
2026-07-13,374.25,377.5,369.5,372.0,9633122
2026-07-14,384.5,384.5,373.5,374.25,13051019
2026-07-16,396.25,398.25,385.75,388.0,12996064
2026-07-17,386.0,396.5,383.75,392.5,10914531
2026-07-20,400.0,401.25,384.0,385.0,12564572
2026-07-21,393.0,408.25,390.0,402.0,11356312
2026-07-22,399.75,399.75,392.0,394.5,10418869
2026-07-23,390.5,401.75,388.75,399.0,9683297
2026-07-24,380.25,393.25,380.25,390.0,9471182
2026-07-27,383.25,387.25,379.0,386.0,8412127
2026-07-28,389.5,392.25,383.25,385.0,9304325
2026-07-29,386.5,393.0,383.5,388.75,8271235
2026-07-30,383.0,393.25,380.75,386.5,10230556
2026-08-03,379.0,395.0,376.5,393.0,12448487
2026-08-04,385.75,385.75,377.5,379.5,8850984
2026-08-05,382.25,386.75,380.0,385.5,7635337
2026-08-06,382.25,385.75,377.5,382.25,8164971

