Price,Close,High,Low,Open,Volume
2021-08-10,4.143532752990723,4.625535275180829,4.143532752990723,4.2703756705437845,94281463
2021-08-11,3.9405839443206787,4.2111821374362775,3.9405839443206787,4.151988669285909,20381558
2021-08-12,3.74609112739563,3.965952208270739,3.737635149097145,3.9321274886318704,18016834
2021-08-13,3.686898708343506,3.771460522089852,3.6699863455942365,3.76300413910395,8822119
2021-08-16,4.050515174865723,4.050515174865723,3.729179842454111,3.729179842454111,45992151
2021-08-17,4.008232593536377,4.1689002008989755,3.92367080103565,4.143531864759974,33592700
2021-08-18,3.957496404647827,4.075883343893922,3.9321280628254662,4.033602236559957,8304322
2021-08-19,3.9236714839935303,4.033602034990305,3.8983031434388917,3.932127866326745,7755585
2021-08-20,4.058970928192139,4.075883290258667,3.8729345422378016,3.932128011081912,15101776
2021-08-23,4.075882911682129,4.236550538002268,4.058970551186455,4.092795272177802,17898187
2021-08-24,3.957496404647827,4.126620430761167,3.9321280628254662,4.092795706183004,9321672
2021-08-25,3.8898465633392334,4.025145851234304,3.87293420275516,3.957496005675527,7943942
2021-08-26,3.8560218811035156,3.949040066866321,3.8306535415825143,3.8898466026131744,8027796
2021-08-27,4.016689777374268,4.042058521807169,3.830653796682207,3.856022137892595,13286474
2021-08-31,3.9490411281585693,4.177358261319515,3.9490411281585693,4.101252415858335,13183141
2021-09-01,3.90675950050354,3.9828653359752137,3.881391157494677,3.974408952823898,5698588
2021-09-02,3.8983027935028076,3.9490398732801095,3.88139043357704,3.9067587718544576,5616934
2021-09-03,3.8983027935028076,3.9405834917059925,3.872934052002923,3.8983027935028076,5493239
2021-09-06,3.8813910484313965,3.9321281362460025,3.872934665517697,3.915215773641134,4475990
2021-09-07,3.872934579849243,3.9236716665415563,3.847566238114348,3.88139096257589,5231075
2021-09-08,3.822197437286377,3.9405839711712716,3.822197437286377,3.881390905840082,6972489
2021-09-09,3.8813910484313965,3.923671753332303,3.7968288321845227,3.822197577703091,8102845
2021-09-10,3.9744083881378174,4.092795316100507,3.8729342240747844,3.8898465847519565,24792173
2021-09-13,3.991320848464966,4.05897069608513,3.991320848464966,4.025145973886295,8603104
2021-09-14,3.9490411281585693,4.02514697361975,3.9236723785973107,4.008234205097181,8399733
2021-09-15,3.9744083881378174,4.067426573473506,3.949040048733301,3.9574960274606448,12837598
2021-09-16,3.982865571975708,4.058971411956953,3.9659532078934943,3.991321552405532,14178002
2021-09-17,3.982865571975708,4.075883776039166,3.923672096076677,4.008233916487746,17768830
2021-09-20,3.957496404647827,4.025146257026677,3.923671680069664,3.9659527874036296,9367667
2021-09-21,3.982865571975708,4.025146683792525,3.9574968242411046,3.982865571975708,8554936
2021-09-22,4.067427158355713,4.151988973901275,3.9744089596443226,3.999777705919263,52556230
2021-09-23,4.321112155914307,4.431042292829533,4.0674263560923265,4.084338715865627,73999201
2021-09-24,4.2703752517700195,4.3549370541053465,4.211181788524051,4.312655951326443,21174772
2021-09-27,4.261918544769287,4.3464803406531125,4.228093826415757,4.312655622299582,10098700
2021-09-28,4.1773576736450195,4.363393665773019,4.15198892765266,4.278831851169383,24576535
2021-09-29,4.245007038116455,4.253463421014356,4.092795774957011,4.211182312969912,9577232
2021-09-30,4.075882911682129,4.278831237630211,4.042058190690781,4.270375258993615,14071202
2021-10-01,4.016689777374268,4.17735741685594,3.991321032941366,4.084339224898653,11230936
2021-10-04,3.957496404647827,4.084339323427201,3.9405840423587453,4.042058619315759,6954433
2021-10-05,3.86447811126709,3.9828646318998047,3.8560217296106605,3.9828646318998047,7683635
2021-10-06,3.7545480728149414,3.872934609331543,3.7291793276644074,3.872934609331543,9171983
2021-10-07,3.8306541442871094,3.864478871118658,3.771460670720624,3.7883730341363986,6693876
2021-10-08,3.8391103744506836,3.889847468002853,3.805285645415904,3.8560227389680732,4412062
2021-10-11,3.788372755050659,3.8813909485961333,3.788372755050659,3.8560222037300877,4258519
2021-10-12,3.737635374069214,3.8052848174188396,3.7291789920392664,3.788372456581433,3824550
2021-10-13,3.661529541015625,3.771460087839613,3.6530735622258885,3.763003705827389,6188566
2021-10-14,3.6277053356170654,3.695354788451106,3.627705335617066,3.669986445249614,4417326
2021-10-15,3.6192495822906494,3.6784426556163092,3.5769684700101174,3.6530743108260464,5252982
2021-10-18,3.7545480728149414,3.830653905044019,3.63616153629834,3.644617515866835,9601531
2021-10-19,3.86447811126709,3.915215191538253,3.746091187411904,3.771459929158721,7828083
2021-10-20,3.8052852153778076,3.889847028408364,3.8052852153778076,3.8729346658022528,4042611
2021-10-21,3.737635374069214,3.8391095390936525,3.7291789920392664,3.8306535602861933,7378591
2021-10-22,3.720723867416382,3.7630045776052405,3.6699867732562024,3.7630045776052405,3889503
2021-10-25,3.74609112739563,3.7883722285554473,3.6784416881178927,3.7291787675761956,3646753
2021-10-26,3.779916286468506,3.8306537750477574,3.7460915628973455,3.7545479454013915,4223021
2021-10-27,3.8560218811035156,3.9321277061114914,3.788372438084197,3.788372438084197,8768754
2021-10-28,3.8052852153778076,3.8729346658022528,3.7968288324634867,3.8560223031961414,2331531
2021-11-01,3.9321281909942627,3.957496533643512,3.813741651111849,3.8221976309207535,8318049
2021-11-02,3.788372755050659,3.95749637674923,3.788372755050659,3.95749637674923,5498785
2021-11-03,3.7630035877227783,3.8221970502830542,3.6192487270292077,3.8052846900119004,5987416
2021-11-04,3.7545480728149414,3.8475662674035336,3.746091690023922,3.7883727975339707,4158236
2021-11-05,3.822197437286377,3.872934523237046,3.7799163307162282,3.8475661818729696,7068205
2021-11-08,3.8898465633392334,3.9236712845073805,3.813741142322144,3.8306535029062174,4637940
2021-11-09,3.788372755050659,3.923671652409516,3.7714603928808024,3.9067592902396586,5842801
2021-11-10,3.74609112739563,3.7883722285554473,3.695354047937327,3.7883722285554473,4121278
2021-11-11,3.7122669219970703,3.8052851155004994,3.6953545598348576,3.7545480290138618,3110981
2021-11-12,3.7291793823242188,3.779916470146432,3.6953546571094096,3.712267019716814,2915182
2021-11-15,3.8475658893585205,3.8475658893585205,3.7122666005537965,3.7460913219493563,8523177
2021-11-16,3.737635374069214,3.864478281961006,3.720723013231807,3.8475659211236,5865962
2021-11-17,3.7630035877227783,3.796828308265086,3.720722888656131,3.72917886718047,4415254
2021-11-18,3.7291793823242188,3.7883728530614,3.669986314809568,3.7630041075390275,6635877
2021-11-19,3.9405839443206787,3.9490403268660943,3.729179219355449,3.7376356019008643,13011140
2021-11-22,3.9236714839935303,3.999777312102452,3.8560220382178234,3.991320929769237,17902013
2021-11-23,3.813741445541382,3.9913210441817375,3.7376356152508623,3.9321279790424573,14074215
2021-11-24,3.9405839443206787,3.98286505060273,3.8137414319195515,3.822197411242454,16437618
2021-11-25,3.8306541442871094,3.982865415029078,3.8306541442871094,3.974409031709916,17047521
2021-11-26,3.8560218811035156,3.8898466026131744,3.754547716574538,3.7968284168503685,10912562
2021-11-29,3.86447811126709,3.889846449791436,3.822197009429885,3.889846449791436,5781354
2021-11-30,3.8391103744506836,3.8729351034854633,3.8221980099332935,3.8306543938032767,5188818
2021-12-01,3.8898465633392334,3.932127666410658,3.847565863490291,3.8560218421710863,8643249
2021-12-02,4.058970928192139,4.075883290258667,3.8729345422378016,3.8898469043043304,23407362
2021-12-03,4.025146484375,4.101251917363194,3.974408991419477,4.0589712108636515,12775634
2021-12-06,4.008232593536377,4.11816312539854,3.991320235036232,4.0336013328978115,14656522
2021-12-07,3.9490411281585693,4.067427685258387,3.9321287628585955,4.02514697361975,12975136
2021-12-08,3.9997777938842773,4.025146540717139,3.923671956608244,3.940584320089301,17593207
2021-12-09,3.90675950050354,4.033602425215482,3.90675950050354,4.0166900621353925,12814394
2021-12-10,3.9321281909942627,3.940584170803167,3.8644787396328835,3.906759445122477,8709594
2021-12-13,3.90675950050354,4.185813692936287,3.8983035205747663,3.9490406098150346,39676762
2021-12-14,3.86447811126709,3.9490399117190287,3.86447811126709,3.932127551628641,9620063
2021-12-15,3.74609112739563,3.889846387472053,3.737635149097145,3.8729340276526187,9856972
2021-12-16,3.779916286468506,3.822197392543712,3.7291792011117653,3.7714603071869712,6920919
2021-12-17,3.695354461669922,3.847566120308941,3.4332126535080123,3.7968286319475952,18213560
2021-12-20,3.3655636310577393,3.6953549276584994,3.3317389033665106,3.5431436530479705,11720367
2021-12-21,3.5685112476348877,3.695354151444766,3.297913482944455,3.6023363714436676,17276404
2021-12-22,3.5008621215820312,3.669986142959226,3.4670373979510947,3.5769679513628945,8927166
2021-12-23,3.4754936695098877,3.5515990936384623,3.4332125647098466,3.5346867323629456,5300940
2021-12-24,3.5177743434906006,3.5262307256732686,3.4754936422447495,3.5008619823477614,3249173
2021-12-27,3.5008621215820312,3.560055589547426,3.4754937804700847,3.5262308659164896,5437829
2021-12-28,3.4585812091827393,3.5515989919228588,3.4501248271759173,3.5093182915562102,4877498
2021-12-29,3.4585812091827393,3.5093182915562102,3.4585812091827393,3.4670371879670743,2555098
2021-12-30,3.4247567653656006,3.6446174734824615,3.416300382672923,3.475493851854107,10757847
2021-12-31,3.44166898727417,3.509318433168674,3.407844264326918,3.44166898727417,3295015
2022-01-03,3.543142795562744,3.568511133580428,3.4332122555595475,3.458580996799694,4785039
2022-01-04,3.602336883544922,3.6277052259797267,3.568511754927627,3.593880500584965,4712827
2022-01-05,3.534687042236328,3.6192492592496768,3.517774679478165,3.6192492592496768,3574876
2022-01-06,3.5008621215820312,3.5854239306593727,3.483949759766563,3.5177744833974995,5907047
2022-01-07,3.483949899673462,3.5262310075212944,3.4416691950481573,3.5093186450266667,3312593
2022-01-10,3.5854239463806152,3.5854239463806152,3.483949775042865,3.50086213693249,6920436
2022-01-11,3.5938804149627686,3.686898609193523,3.5346869453209204,3.5685116699098267,9401555
2022-01-12,3.6361615657806396,3.720723378263846,3.6107928204244133,3.6107928204244133,5732511
2022-01-13,3.7122669219970703,3.720723304689437,3.610792749023795,3.6446174733482204,5811440
2022-01-14,3.6699864864349365,3.7376359400281527,3.6277053763279015,3.7122671933194216,8327903
2022-01-17,3.653073787689209,3.695354490692381,3.644617405155067,3.6784421288466094,4361060
2022-01-18,3.526231050491333,3.678442314797799,3.526231050491333,3.653073972357988,6064407
2022-01-19,3.543142795562744,3.585423493333038,3.483949334817378,3.5346864140752077,4742978
2022-01-20,3.483949899673462,3.6023368403583813,3.483949899673462,3.585424074641226,3286859
2022-01-21,3.492405652999878,3.517773990557723,3.450124552773529,3.4670369122195774,3850431
2022-01-24,3.407844066619873,3.492405869082126,3.3993876847624076,3.4754935085896754,3646948
2022-01-25,3.4247567653656006,3.441669127528436,3.3824756583472517,3.433212744835758,2442284
2022-01-26,3.4163002967834473,3.5008621054716498,3.4078443175258823,3.433212658521088,3273076
2022-01-27,3.4670374393463135,3.4670374393463135,3.39093201187929,3.4163003532941256,5176210
2022-01-28,3.4585812091827393,3.500861909549388,3.4501248271759173,3.4754935699738962,3182152
2022-01-31,3.483949899673462,3.5177746246627164,3.475493920037412,3.475493920037412,5263241
2022-02-01,3.4670374393463135,3.5346868874158974,3.4670374393463135,3.4839498013637096,3896205
2022-02-02,3.4163002967834473,3.5093184879517247,3.4163002967834473,3.475493764476444,5909856
2022-02-03,3.4163002967834473,3.475493764476444,3.4163002967834473,3.4163002967834473,6852700
2022-02-04,3.4163002967834473,3.433212658521088,3.399387935045807,3.433212658521088,3109940
2022-02-07,3.5008621215820312,3.543143227731958,3.433212674320158,3.433212674320158,7978197
2022-02-08,3.6277053356170654,3.686898808458124,3.5008624099419667,3.517774773150477,14417960
2022-02-09,3.653073787689209,3.7291792143839233,3.6107926814635243,3.619249063997666,9301277
2022-02-10,3.686898708343506,3.7122670508561426,3.6192492573464285,3.6615299626083346,8776266
2022-02-11,3.661529541015625,3.7038106446317705,3.636161201423928,3.636161201423928,5172134
2022-02-14,3.7291793823242188,3.7714604904539955,3.5515993733352054,3.6361615895947588,14335806
2022-02-15,3.788372755050659,3.813741499916705,3.6953545615051855,3.754548030710945,10931323
2022-02-16,3.8306541442871094,3.87293485121527,3.7968290142330106,3.805285397552173,11442853
2022-02-17,3.7630035877227783,3.9152152333856383,3.72917886718047,3.8644781525721768,10164403
2022-02-18,3.8560218811035156,3.881390623847003,3.779916056095539,3.779916056095539,12490599
2022-02-21,3.872934579849243,3.9574963910030982,3.8391098553877017,3.8644786003451186,12185440
2022-02-22,3.8560218811035156,3.8898466026131744,3.7630036953407098,3.7630036953407098,8650130
2022-02-23,3.965952157974243,3.999776877184144,3.8644780003445405,3.8813903599494908,10307085
2022-02-24,3.57696795463562,3.779916296606926,3.57696795463562,3.712266849283157,9237841
2022-02-25,3.8052852153778076,3.8137415982921286,3.5854240982758308,3.5938804811901517,7377752
2022-02-28,3.6699864864349365,3.771460666824761,3.6446177397262054,3.74609192011603,4534705
2022-03-01,3.5938804149627686,3.7460916756128477,3.5685116699098267,3.703810971487976,3556216
2022-03-02,3.492405652999878,3.6023361910104206,3.433212193327481,3.5938798096761686,2500388
2022-03-03,3.5600552558898926,3.585423594624253,3.500861793472261,3.500861793472261,2046025
2022-03-04,3.5515987873077393,3.636160989614204,3.517774067674139,3.5431428090105714,1723435
2022-03-07,3.5008621215820312,3.5685115688439044,3.4501250361356264,3.5685115688439044,2728012
2022-03-08,3.5177743434906006,3.593880170244627,3.492406003387589,3.492406003387589,2413362
2022-03-09,3.5093183517456055,3.5685114139186496,3.5008619695937453,3.5515990528374233,2586994
2022-03-10,3.4332122802734375,3.5431428210679665,3.4247563019474936,3.526230461193613,6194274
2022-03-11,3.4670374393463135,3.4839498013637096,3.4416690979314777,3.4501250773289174,2746370
2022-03-14,3.813741445541382,3.813741445541382,3.492406165673092,3.492406165673092,12579247
2022-03-15,4.008232593536377,4.109707147759683,3.8729337255352134,3.8898460840353586,23100504
2022-03-16,4.118163585662842,4.1773570486402924,4.016689423320765,4.025145805127177,12164027
2022-03-17,3.9997777938842773,4.092795994641368,3.98286543040322,4.092795994641368,6829286
2022-03-18,4.033602237701416,4.050514599995283,3.9744087680616174,3.9744087680616174,4456713
2022-03-21,4.050515174865723,4.126621017600731,4.050515174865723,4.050515174865723,5136590
2022-03-22,3.9997777938842773,4.0674272478085065,3.9997777938842773,4.042058904198196,2754085
2022-03-23,4.067427158355713,4.109708267739766,3.999777705919263,4.025146452194203,5605056
2022-03-24,3.991320848464966,4.075883057184548,3.9828648695265048,4.067426675023592,4156610
2022-03-25,4.042057991027832,4.0843386885672635,4.008232868484843,4.016689249926205,5603310
2022-03-28,4.160444736480713,4.245006539412743,4.067426551644238,4.075882933548683,12029152
2022-03-29,4.295742988586426,4.346480062874169,4.194268840010941,4.194268840010941,17509716
2022-03-30,4.312655448913574,4.414129599894498,4.253462395785919,4.3211118297732005,14791943
2022-03-31,4.203636169433594,4.316777616995987,4.194933204621098,4.299371272371002,6394845
2022-04-01,4.212339878082275,4.281965262017516,4.1949335320984655,4.212339878082275,3412253
2022-04-04,4.325482368469238,4.351592103691458,4.238450609395442,4.238450609395442,7937649
2022-04-05,4.438622951507568,4.499545377851818,4.2732624357160995,4.3428878286809125,11866357
2022-04-06,3.994760513305664,4.464732289576914,3.994760513305664,4.4386225620062705,20597870
2022-04-07,3.8816192150115967,3.9860572996755717,3.7597747829036257,3.95124460478758,17542024
2022-04-08,3.8990252017974854,3.994760311384036,3.864212510129652,3.8990252017974854,6745623
2022-04-11,3.8555092811584473,3.951244394505507,3.8468063153996432,3.9425414287467033,5600973
2022-04-12,3.8119938373565674,3.855509498604894,3.7597747948585396,3.855509498604894,4168104
2022-04-13,3.864212989807129,3.8729159563044053,3.8119939458232577,3.8294002938178813,5972145
2022-04-14,3.968651056289673,4.073089143692016,3.87291593533749,3.87291593533749,11994875
2022-04-15,3.994760513305664,4.038276172590015,3.968650785735021,3.994760513305664,5105462
2022-04-18,3.9860570430755615,4.03827608204598,3.933838004105143,4.020869735722507,4423436
2022-04-19,3.9773547649383545,4.099199210264664,3.9512450334398084,3.9947611142706845,9777562
2022-04-20,3.9860570430755615,4.020869735722507,3.9425413847668955,4.003463389399035,3355413
2022-04-21,4.003463268280029,4.046979340272212,3.968650576686292,3.9947603028816046,9777655
2022-04-22,3.8816192150115967,4.020869994563563,3.8032904440135864,4.003463647119568,8109709
2022-04-25,3.846806526184082,3.9077285348340185,3.794587483769826,3.8816192211269196,4708503
2022-04-26,3.785883665084839,3.8903217378457975,3.759774354394605,3.8729153923856376,5190010
2022-04-27,3.777181386947632,3.8119940842005984,3.7162589592548976,3.794587735574115,4812583
2022-04-28,3.803290605545044,3.846806683503256,3.7597749425869083,3.7945876389534474,5094219
2022-04-29,3.8816192150115967,3.968650952231576,3.7858840965695904,3.820696791457582,6752925
2022-05-05,3.968651056289673,4.029573481441075,3.9077286311382715,3.925135394038731,8484362
2022-05-06,3.9425413608551025,4.029573091944613,3.916431634028235,3.9512443264640393,4006807
2022-05-09,3.968651056289673,4.020870099990844,3.933838360488892,3.9512447083892823,4030360
2022-05-10,4.020869731903076,4.0295731125565615,3.994760419942684,4.0121667662496225,1130399
2022-05-11,4.1949334144592285,4.281965141937634,4.020869544502407,4.038275889998088,18245299
2022-05-12,4.29937219619751,4.421216634753692,4.116605330863196,4.186230724323872,17188570
2022-05-13,4.447326183319092,4.508248192611093,4.316778368407561,4.316778368407561,12515130
2022-05-16,4.456028938293457,4.551764053354462,4.3167781636593,4.456028938293457,10751351
2022-05-17,4.577873706817627,4.6562020587783595,4.456028865989755,4.473435212536589,13405346
2022-05-18,4.516951560974121,4.612686680301143,4.490841832066729,4.525654527276544,6375432
2022-05-20,4.725827693939209,4.751937422635032,4.525654490604764,4.560467185532489,14795727
2022-05-23,4.638795375823975,4.795452898384638,4.569169994685905,4.760639792815597,7505875
2022-05-24,4.760640621185303,4.786750351155275,4.638796182992281,4.682312261275543,8704146
2022-05-25,4.847671985626221,4.986922749378496,4.734530532577491,4.760639843281037,10220509
2022-05-26,4.760640621185303,4.978220182601452,4.630093216335676,4.873782092721719,12886690
2022-05-27,4.569169998168945,4.821562212486848,4.534357307573373,4.795452902040172,9701037
2022-05-30,4.516951560974121,4.621389646603565,4.490841832066729,4.595280332696236,4339434
2022-05-31,4.438622951507568,4.534358074334224,4.351591210301552,4.516951726093021,7748179
2022-06-01,4.717124938964844,4.751937635451663,4.438622952070213,4.438622952070213,12572242
2022-06-02,4.725827693939209,4.751937422635032,4.6126866429241336,4.725827693939209,8188807
2022-06-03,5.195799827575684,5.195799827575684,4.682312336575796,4.725828000558791,23890172
2022-06-06,5.343753814697266,5.474301632165455,5.0913615612588,5.239315726722743,17149225
2022-06-07,5.526520729064941,5.570036806970995,5.274128473210013,5.352457247440879,11008023
2022-06-08,5.308940887451172,5.6483648660832815,5.291534540213629,5.526520435420482,12576447
2022-06-09,5.422082901000977,5.543927344000972,5.308941425000933,5.343754123000932,8120754
2022-06-10,5.483005046844482,5.535224091147755,5.335050880485176,5.395972891338956,7055607
2022-06-13,5.787615776062012,5.89205385438192,5.561332858035511,5.561332858035511,13461967
2022-06-14,5.787615776062012,5.857241161608616,5.639661624275458,5.831131434528623,5567541
2022-06-15,5.970383167266846,6.040008559188314,5.796319272463106,5.822429001933692,7873174
2022-06-16,5.831131458282471,6.031304650044408,5.709287033079563,5.979085610671733,7959122
2022-06-17,5.848538398742676,5.892054476806268,5.7005846463266305,5.831132050517255,5032540
2022-06-20,5.604849338531494,5.961679672871211,5.335050742445358,5.857241586966913,9564488
2022-06-21,5.796319484710693,5.892054609608342,5.483005209591257,5.630958965342058,5767114
2022-06-22,5.717990398406982,5.874647516103052,5.709287017701628,5.796318749755001,3985462
2022-06-23,5.657068252563477,5.8485380723579095,5.657068252563477,5.726693641579634,3424570
2022-06-24,5.909460544586182,5.9529766205846295,5.674474647194686,5.674474647194686,5992154
2022-06-27,5.796319484710693,5.80502286651961,5.80502286651961,5.80502286651961,18017
2022-06-28,5.613552093505859,5.92686675442248,5.57003643351747,5.865944332438678,3713814
2022-06-29,5.456894874572754,5.735396836600406,5.395972453660444,5.6744744156880955,3900900
2022-06-30,5.326347351074219,5.491707860944177,5.2132058840579205,5.422082470472629,5550785
2022-07-01,5.735396862030029,5.805022249095638,5.326347090519519,5.326347090519519,7796602
2022-07-04,5.839835166931152,6.144446454543049,5.744100048538822,5.805022472061225,9441828
2022-07-05,5.613552093505859,5.874647713436384,5.587442780512835,5.874647713436384,3349469
2022-07-06,5.674474239349365,5.805022042961703,5.439488358847169,5.700583966071844,3505550
2022-07-07,5.874647617340088,5.98778907845924,5.691880769378393,5.709287116089029,4960853
2022-07-08,5.892053604125977,5.9094599497733205,5.805021875889259,5.8833506388023125,1472509
2022-07-13,5.857241153717041,5.9616792318962375,5.796318733945827,5.900757227125056,3094509
2022-07-14,5.813725471496582,5.926866937970333,5.700584420022891,5.874647895367077,4744823
2022-07-18,5.813725471496582,5.909460590435914,5.805022505229402,5.83983520029824,3675302
2022-07-19,5.805022716522217,5.865944727610108,5.770210020186258,5.822429064690196,4692540
2022-07-20,5.604849338531494,5.813725510340091,5.526520566603239,5.813725510340091,5282019
2022-07-21,5.561333179473877,5.657068297633851,5.491707789903008,5.630958569044746,3657157
2022-07-22,5.570035934448242,5.665771041845012,5.5352232435766915,5.56133255423035,3923823
2022-07-25,5.570035934448242,5.72669304337022,5.5352232435766915,5.5874422798840175,4731434
2022-07-26,5.552630424499512,5.62225581671893,5.517817728389803,5.587443120609221,3104648
2022-07-27,5.491707801818848,5.57003657275606,5.465598488173149,5.561333191540789,3745398
2022-07-28,5.483005046844482,5.5700367873499355,5.430785587541137,5.517817743046664,2726688
2022-07-29,5.465598106384277,5.491707418206161,5.422082033347767,5.474301071991563,2070339
2022-08-01,5.474301338195801,5.509114032317869,5.448192025104274,5.483004719226342,2367802
2022-08-02,5.587443828582764,5.726694630665783,5.465599376760122,5.491708694650625,6517250
2022-08-03,5.561333179473877,5.639661950241133,5.552630213277547,5.613552221652029,3147579
2022-08-04,5.578739166259766,5.613551858794926,5.552629854358411,5.613551858794926,3013236
2022-08-05,5.787615776062012,5.796318741755321,5.578739204422162,5.596145550808814,8932851
2022-08-08,5.596146106719971,5.961679832151149,5.543927062372671,5.918164169361769,8490715
2022-08-09,5.491707801818848,5.6396619624780016,5.465598488173149,5.622255615047517,4286849
2022-08-10,5.369863033294678,5.517817184682056,5.369863033294678,5.483004492002677,4311159
2022-08-11,5.500410556793213,5.526519867466276,5.300237376633016,5.378565723652216,4986073
2022-08-12,5.422082901000977,5.526520995000972,5.387270203000978,5.491708297000973,2741254
2022-08-15,5.352456569671631,5.404675607546474,5.317643877755069,5.395972227067322,2199736
2022-08-16,5.343753814697266,5.3959728586845275,5.204503030731236,5.36116016269302,2803760
2022-08-17,5.308940887451172,5.395972623638885,5.291534540213629,5.343753581926257,2702917
2022-08-18,5.282831192016602,5.343753195441819,5.126173663208846,5.317643883973875,2761081
2022-08-19,5.274128437042236,5.317644514649874,5.23061277443467,5.308941133128318,1595351
2022-08-22,5.422082901000977,5.622256122001016,5.248019411000983,5.300238458000981,8113154
2022-08-23,5.326347351074219,5.448192199399491,5.265425341911644,5.430785436781541,4849340
2022-08-24,5.221909046173096,5.369863202214674,5.187096352398612,5.369863202214674,3235986
2022-08-25,5.265424728393555,5.300237419573015,5.17839258544489,5.230612037214094,2514955
2022-08-26,5.248018264770508,5.317643645563482,5.204502194274896,5.308940265464358,3196147
2022-08-29,5.239315509796143,5.291534551621346,5.213205781383513,5.291534551621346,1553323
2022-08-31,5.2567219734191895,5.361160059381145,5.230612659428733,5.265425354749384,4205999
2022-09-01,5.300237655639648,5.335050348369627,5.239315235862169,5.282831309274659,3071525
2022-09-02,5.274128437042236,5.335050862692915,5.265425470520752,5.317644514649874,2679334
2022-09-05,5.439488887786865,5.483004964889187,5.265425409377713,5.3002381050595435,8043430
2022-09-06,5.40467643737793,5.526520877793833,5.239315917884875,5.509114529162989,6201649
2022-09-07,5.456894874572754,5.491707567951206,5.317644101058948,5.47430122126198,4302806
2022-09-08,5.369863033294678,5.526520150351885,5.369863033294678,5.500410838342367,3350492
2022-09-09,5.378566741943359,5.422082821303779,5.35245742632718,5.413379439431659,2051699
2022-09-12,5.665771484375,5.744099837453888,5.413378833342895,5.4307851801382085,9931264
2022-09-13,5.448192119598389,5.752803405949723,5.422082391053962,5.726693677405297,5663424
2022-09-14,5.395972728729248,5.604849314647833,5.169690210234181,5.439488805170638,3883252
2022-09-15,5.387269496917725,5.509113923948163,5.317644110043188,5.430785156214289,3909214
2022-09-16,5.352456569671631,5.430784918983883,5.300237531796789,5.430784918983883,2497308
2022-09-19,5.805022716522217,5.883351490778162,5.361160215738623,5.378566563906603,16473927
2022-09-20,6.37943172454834,6.37943172454834,5.926866320780928,5.935569701141847,19379290
2022-09-21,6.422947883605957,6.744965491334163,6.005195165607195,6.562198651272204,28373198
2022-09-22,6.527385711669922,6.684042819349997,6.196664736011977,6.405541294585419,14077202
2022-09-23,6.37943172454834,6.675340016819346,6.309806341661048,6.570901942488408,11119673
2022-09-26,6.362025260925293,6.518682369518525,6.274993533929052,6.379431606324541,6891304
2022-09-27,6.396838665008545,6.4229483935188085,6.196665463096711,6.388135698838495,6883564
2022-09-28,6.205368518829346,6.509979788806936,6.205368518829346,6.396838329529535,10052036
2022-09-29,6.1618523597717285,6.335916236629704,5.970382551727987,6.283696783072292,4294227
2022-09-30,6.14444637298584,6.196665414597612,5.996492214252461,6.187962448495676,4487300
2022-10-03,6.266290664672852,6.353322813765565,6.170555964670936,6.170555964670936,5004122
2022-10-04,6.257587909698486,6.44035476495394,6.135743477861536,6.266290875901096,7707659
2022-10-05,6.1618523597717285,6.292400163665204,6.0748206288427555,6.274993817479409,8394058
2022-10-06,6.083523750305176,6.187962245095853,6.04871105704163,6.170555898464079,8195619
2022-10-07,6.257587909698486,6.2924006045090435,6.040008359632475,6.135743477861536,6809978
2022-10-10,6.736262321472168,6.805888122482246,6.292400278158127,6.292400278158127,16059189
2022-10-11,6.718856334686279,6.979952376202667,6.597011902645352,6.7536694445551735,12343649
2022-10-12,6.884217739105225,7.0147659843602,6.684044510047798,6.753670323850474,10868449
2022-10-13,7.136609077453613,7.249750543108379,6.927732908552558,6.927732908552558,8367737
2022-10-14,7.232344627380371,7.397704720641723,7.040874390446082,7.180125170034614,7671078
2022-10-17,7.1975321769714355,7.293266883690471,7.049578011132835,7.232344873051098,8500091
2022-10-18,6.919029712677002,7.258454118732906,6.77977892967975,7.223641422983593,14527674
2022-10-19,6.779778957366943,6.962545818297252,6.771075990894108,6.953842436824346,4833379
2022-10-20,6.936436176300049,6.971249287630357,6.7101536501535355,6.814591739144234,7397597
2022-10-21,7.1975321769714355,7.241047424570905,6.849404386174669,6.936436126373824,7731976
2022-10-24,7.4151105880737305,7.580470661375837,7.110498921990883,7.267156445119206,11708850
2022-10-25,7.232344627380371,7.4325174155388565,7.197531932483239,7.415111483090349,6638337
2022-10-26,7.319375991821289,7.449924220938271,7.241047220351125,7.241047220351125,5594289
2022-10-27,7.3280792236328125,7.389001231311436,7.249750453760235,7.319375842535836,5246903
2022-10-28,7.7110185623168945,7.798050709905151,7.406407705758142,7.406407705758142,10058566
2022-10-31,7.998223781585693,8.05044323805964,7.5717680687155315,7.7110188459792495,9343006
2022-11-01,7.911192893981934,8.146178385981319,7.885083579315368,7.998224219537201,4726076
2022-11-02,7.980817794799805,8.241913415382152,7.9024890256250915,7.946005100722165,9053837
2022-11-03,8.268023490905762,8.294132806371731,7.902489754381493,7.980818530779575,10083860
2022-11-04,8.07655143737793,8.337647023737128,7.9024879898051275,8.29413095434393,11179897
2022-11-07,8.172287940979004,8.372460722312844,8.024333785210475,8.111365104486023,10419801
2022-11-08,8.050442695617676,8.28542898891681,7.980817311677202,8.172287532513527,10256463
2022-11-09,8.59004020690918,8.59004020690918,8.59004020690918,8.59004020690918,14628032
2022-11-10,8.642258644104004,8.790212781435088,8.407272368342875,8.616148504575,12874578
2022-11-11,8.877245903015137,8.990387374082996,8.511712174949793,8.703182420603104,7681155
2022-11-14,9.477765083312988,9.643125168898763,8.781510387688513,8.842432393430629,9819243
2022-11-15,9.251482963562012,9.721454778578325,9.05130933735128,9.503875219218918,8853234
2022-11-16,8.920761108398438,9.538687033009454,8.859839103014277,9.399436260702759,8537922
2022-11-17,9.808485984802246,9.808485984802246,8.52911806721933,8.96427714381215,10676001
2022-11-18,9.747564315795898,10.217536141539624,9.234076411186978,9.878112552391482,21019753
2022-11-21,9.704048156738281,10.008659876277218,9.63442276312941,9.834596392255039,6867954
2022-11-22,9.825891494750977,10.13050316729863,9.625718726505403,9.704046659731908,7923116
2022-11-23,10.174020767211914,10.600477373622171,9.92162848831616,10.121802132957745,12240958
2022-11-24,10.696209907531738,10.826757296533323,10.078283994924124,10.174018691525283,10045527
2022-11-25,11.627450942993164,11.662263638062,10.643991269798365,10.757132736272116,7850618
2022-11-28,11.9929838180542,12.402033579025588,11.705778896308349,11.705778896308349,8004683
2022-11-29,12.053908348083496,12.184455756329815,11.653561911461223,12.010392268667996,4372931
2022-11-30,12.610910415649414,12.637020559035928,11.984281914374986,12.088719997920723,5576725
2022-12-01,13.507338523864746,13.507338523864746,12.497768739967563,12.67183303960507,6667093
2022-12-02,13.75102710723877,14.377656415442075,13.289758714394706,13.533447567029295,10675523
2022-12-05,13.594368934631348,14.273216835822915,13.437711407433278,13.925089919827249,7971569
2022-12-06,12.950334548950195,13.742323955727375,12.637020304620787,13.594369799516244,7552559
2022-12-07,13.141804695129395,13.33327409487294,12.558691455001131,12.854599765513992,4440266
2022-12-08,13.098288536071777,13.289758764579162,12.732754840739537,13.141804610278013,2432131
2022-12-09,13.159210205078125,13.576963344763177,12.993850123327832,12.993850123327832,3329073
2022-12-12,13.463822364807129,13.603073139646748,13.133101359562987,13.568260445936843,6298572
2022-12-13,13.481228828430176,14.012123465947518,13.333274666826993,13.507338972242588,5399614
2022-12-14,13.106992721557617,13.611777221338707,13.037366500553206,13.489932372081153,5721069
2022-12-15,13.054771423339844,13.663993923762366,12.889411350510878,13.098287494084312,4157335
2022-12-16,12.915522575378418,13.185320759985302,12.915522575378418,13.054773358401345,587570
2022-12-19,13.4899320602417,13.603073525508256,13.080882275047243,13.211430502662552,4307323
2022-12-20,13.533448219299316,13.872871787185204,13.307165287375312,13.524744838071443,5897194
2022-12-21,14.88244342803955,14.88244342803955,13.472527035909303,13.533449881989146,33454367
2022-12-22,14.360249519348145,15.448147210207853,14.360249519348145,15.187052428401579,7468618
2022-12-23,14.316736221313477,14.66486319769792,13.716216149550078,14.41247010231897,4632494
2022-12-26,14.003419876098633,14.569126370272866,13.986013113816295,14.325436678320791,4498129
2022-12-27,13.838059425354004,14.142671135660594,13.489932467860875,14.055638981287244,3794440
2022-12-28,13.603073120117188,13.890278050311593,13.194023347113,13.83805859482166,2651592
2022-12-29,13.78584098815918,13.803246921275464,13.420307262715554,13.489932655180992,2359713
2022-12-30,13.925090789794922,14.055638183949213,13.733620559035217,13.79454339564063,2236547
2023-01-02,13.820652961730957,14.081748584824131,13.707511497390577,13.933794426071335,3146169
2023-01-03,13.655292510986328,14.012123678501062,13.298462173471727,13.838059370445041,6170483
2023-01-04,12.959038734436035,13.751028190382067,12.959038734436035,13.707512112912475,3571746
2023-01-05,12.341111183166504,12.341111183166504,12.341111183166504,12.341111183166504,3317840
2023-01-06,12.967741012573242,13.211430709265985,11.401168896692004,11.992984715802647,2619903
2023-01-09,12.436846733093262,13.315868292262227,12.402034039165782,13.054772672806086,3235946
2023-01-10,11.731888771057129,12.915522037454656,11.34894913369329,12.471659562555583,3726258
2023-01-11,11.270620346069336,11.818920903013263,11.14007295013035,11.749295514512458,3488220
2023-01-12,12.053908348083496,12.184455756329815,11.131370618475588,11.314137488020542,3651590
2023-01-13,12.462956428527832,12.497769123523716,11.853733851099818,12.053907469826235,2654001
2023-01-16,12.523879051208496,12.993850840545015,12.341112198133178,12.941631383952023,4616772
2023-01-17,12.776270866394043,13.315868026500592,12.489065939724428,12.724051411544986,7487870
2023-01-18,12.854599952697754,13.054772736253597,12.645722958117622,12.83719319064937,3579960
2023-01-19,12.959038734436035,13.03736667788113,12.576098248703797,12.880709960990798,2958606
2023-01-20,12.689239501953125,13.185320618654956,12.654426806570543,13.176618067309407,4210691
2023-01-23,12.053908348083496,12.880710536977269,11.818922017239906,12.741459746847815,4300035
2023-01-24,11.879841804504395,12.062608639804463,11.470792892642356,12.062608639804463,4517629
2023-01-25,11.714482307434082,12.097421927424469,11.462090077667675,11.87984239038446,2479846
2023-01-26,11.914656639099121,12.097423507281073,11.54912373273539,11.731889770917169,2924788
2023-01-27,11.749295234680176,11.888546008365262,11.296729390203568,11.888546008365262,2173062
2023-01-30,11.488200187683105,11.792811892697479,11.366356169677454,11.749295816266837,1964615
2023-01-31,11.0965576171875,11.488200661205852,10.992119527449285,11.401169334757416,1995001
2023-02-01,10.57436466217041,11.140071929405881,10.21753437129882,11.00082116516331,4917675
2023-02-02,10.643990516662598,11.305432506169039,10.043471361716,10.617881204708414,2218895
2023-02-03,10.887681007385254,10.992119092995647,10.513443911447911,10.661398073562669,2020911
2023-02-06,11.897249221801758,11.975577988397392,11.13136914731122,11.557824843220702,4470317
2023-02-07,10.713616371154785,12.602205918921273,10.713616371154785,11.897248709893237,14564493
2023-02-08,10.713616371154785,10.713616371154785,10.713616371154785,10.713616371154785,0
2023-02-15,11.784107208251953,11.784107208251953,10.226237820314658,10.713616328440306,7554029
2023-02-16,12.12353229522705,12.75016077597096,11.810217224855016,11.932062066666372,16928601
2023-02-17,11.61874771118164,12.393330338593703,11.401168172245656,11.975578022236645,7981811
2023-02-20,12.49776840209961,12.689238628524555,11.56652824221477,11.749295087893111,11086669
2023-02-21,12.315001487731934,13.16791370614026,12.088719399582846,12.654425864955666,23082780
2023-02-22,11.244511604309082,12.315002629409644,11.087854057221138,12.315002629409644,10227327
2023-02-23,11.148776054382324,11.270620066233446,10.878977058140407,11.244510753693932,4421834
2023-02-24,11.836326599121094,12.140937438877872,11.14877532709862,11.253213400443803,7811118
2023-02-27,12.358518600463867,12.54128546049186,11.714483314650993,11.923359488968659,8402417
2023-02-28,13.481228828430176,13.594370294950263,12.854600316934475,13.22883658157771,17565681
2023-03-01,14.151373863220215,14.621344819120415,13.141804903138102,13.472525082475265,19606840
2023-03-02,13.925090789794922,14.70837681472085,13.707511246204376,14.621344665284596,11473940
2023-03-03,14.290624618530273,14.455985537953028,13.58566652572819,13.898981602529158,10544194
2023-03-06,15.039097785949707,15.64831947697771,14.334138910045755,14.334138910045755,19477110
2023-03-07,15.02169418334961,15.404634703365593,14.630050281060484,15.256680524723084,9360019
2023-03-08,14.717079162597656,14.96947221224602,14.203591342968283,14.717079162597656,8652751
2023-03-09,16.10088539123535,16.187917536160967,14.525610042082082,14.795408197351405,28738459
2023-03-10,16.231433868408203,16.831953882713982,15.75275952917909,16.118293234408664,12207089
2023-03-13,15.970337867736816,16.475122312003155,15.752758337277188,16.31846478447221,9157349
2023-03-14,16.536046981811523,16.797141796471568,15.865901521516973,15.970340443381199,8881517
2023-03-15,15.996447563171387,16.753625117043033,15.752759532959983,16.53604557006845,7845050
2023-03-16,17.119159698486328,17.32803587507179,16.08348053708316,16.170512692327176,11687265
2023-03-17,16.936391830444336,17.719679559499028,16.88417320184078,17.153971386292802,7952045
2023-03-20,16.744922637939453,17.31062915854546,16.553453223888276,16.93639205199063,6600463
2023-03-21,15.883308410644531,16.884174088082332,15.665728843375428,16.744923297830137,7710475
2023-03-22,15.874604225158691,16.048668534162736,15.482962019900008,16.048668534162736,5167727
2023-03-23,16.46642303466797,17.162677041630474,15.813684280640434,15.918123211685057,11560124
2023-03-24,16.640483856201172,16.962500643993685,16.37068403291538,16.675295719205703,4984442
2023-03-27,16.579561233520508,16.94509494805483,16.388091824955005,16.81454754857834,3488937
2023-03-28,15.465555191040039,16.57956145191388,14.925957163429072,16.570859730501038,5424336
2023-03-29,15.744057655334473,15.787572904884726,14.795410607135741,15.230569742639734,5387898
2023-03-30,15.587398529052734,15.9268220893168,15.230568206723792,15.74405606763621,3400671
2023-03-31,15.265379905700684,15.509067905472417,15.160941005798513,15.474256045505026,3399354
2023-04-03,15.448147773742676,15.787571334472734,14.960770055258456,15.361115623299016,4204257
2023-04-04,15.94069766998291,16.146674283951416,15.501880897817399,15.806366283910407,3037542
2023-04-05,16.155630111694336,16.45115984748795,15.761589894597428,15.940697841920556,2879258
2023-04-06,15.81532096862793,16.406380397634525,15.519791254124632,16.155628947823327,3541260
2023-04-07,16.34369468688965,16.397426903478074,15.698902963479457,15.81532305077377,3850391
2023-04-10,17.060129165649414,17.060129165649414,16.307871334875564,16.370560910870296,4462843
2023-04-11,17.006397247314453,17.91089779071976,16.881021509376637,17.06908511628336,7232918
2023-04-12,16.692955017089844,17.185505696467498,16.675045418730594,17.006396047945405,3382640
2023-04-13,17.015352249145508,17.149683635804983,16.69295555466976,16.69295555466976,3288159
2023-04-14,16.75564193725586,17.158637769658807,16.683998423508235,17.05117335309542,3628020
2023-04-17,16.675045013427734,17.0332625936489,16.675045013427734,16.863108602500287,3234486
2023-04-18,16.540712356567383,16.925796905867077,16.298916551200122,16.719822005395773,2389402
2023-04-19,16.648178100585938,16.91684085946863,16.48697976200986,16.540711972163162,1611780
2023-04-20,16.352649688720703,16.71086729854863,16.209362644789532,16.64817943034328,1454152
2023-04-24,16.325780868530273,16.818331520561923,16.245181701981753,16.56757836817584,2686265
2023-04-25,16.352649688720703,16.585491562137932,16.19145133726906,16.325782727439996,3067551
2023-04-26,15.797409057617188,16.37055886690807,15.7615881553518,16.37055886690807,2042888
2023-04-27,16.164583206176758,16.209361471737388,15.564568112593742,15.779500371052407,3268338
2023-04-28,16.200407028198242,16.540713331286472,15.904877285897625,16.128763506068285,3618370
2023-05-02,16.433246612548828,17.81238464842795,16.245181325587634,17.81238464842795,16399495
2023-05-03,17.266103744506836,17.561633449665752,15.636210831689073,16.56757821044208,10710547
2023-05-04,18.89599609375,18.985550917610805,17.194461272859453,17.27506044352256,13796439
2023-05-05,18.84226417541504,19.379589710695427,18.48404487440649,19.05719473115044,10318832
2023-05-08,17.95244026184082,19.025733915574058,17.319471760999008,18.933999071297524,8226353
2023-05-09,18.45697784423828,19.080770828299183,17.87904964985296,17.961610820479436,7503486
2023-05-10,18.090038299560547,18.54871068620992,17.888223079325492,18.47532317433387,3986836
2023-05-11,18.23681640625,18.750530825922155,17.879052444086238,18.062522129640094,8619127
2023-05-12,16.998397827148438,18.34689389882118,16.879142036976255,18.29185370703964,7679237
2023-05-15,16.88831901550293,17.796490232151186,16.603942594054647,16.695677431530495,4414037
2023-05-16,17.750621795654297,17.78731467691447,16.934183753835672,16.961704727053032,4429199
2023-05-17,17.888225555419922,18.062521576387763,17.512114286281687,17.787317056486454,4017665
2023-05-18,17.2552547454834,17.9707843006059,17.108479721308985,17.924917761687507,3009872
2023-05-22,16.78740692138672,17.484589087206075,16.750714044078393,17.25525291751666,2564621
2023-05-23,16.842453002929688,16.943359752609506,16.558074822813843,16.75071816255995,2231767
2023-05-24,16.97087860107422,17.07178708779424,16.585593719602517,16.824103574770366,3910558
2023-05-25,17.658889770507812,17.658889770507812,16.95253375976032,17.090135148292493,4728916
2023-05-26,17.989131927490234,18.071693098729728,17.50293855793503,17.778141295602452,4766798
2023-05-29,18.493671417236328,18.989038459515918,18.025825349426626,18.493671417236328,9911879
2023-05-30,18.567058563232422,18.805568421468262,18.236813874952585,18.548711247284352,9993971
2023-05-31,18.383590698242188,18.842263099898574,18.17260006371102,18.567058609086928,6395489
2023-06-01,18.190950393676758,18.64044921181178,18.181776734160128,18.383593744132707,4374683
2023-06-02,18.585405349731445,18.71383305831666,18.218467789704903,18.401935694870023,5721522
2023-06-05,18.71383285522461,19.20919986815669,18.475323006371713,18.71383285522461,8146972
2023-06-06,18.282682418823242,18.86060888164571,18.135907388592255,18.86060888164571,4721060
2023-06-07,18.346895217895508,18.603752380836703,17.741447815680658,18.328547902750504,13139934
2023-06-08,18.163427352905273,18.805569448589342,17.69558301855129,18.42028454111819,5521404
2023-06-09,17.768970489501953,18.20929559695865,17.539634277322868,18.18177462160644,3648581
2023-06-12,17.328645706176758,17.86987937166795,17.12683044519738,17.750625296929375,6948561
2023-06-13,17.40203094482422,17.502939436894636,16.88831832552254,17.33781708612356,3600550
2023-06-14,17.099308013916016,17.512113910050974,16.805757932085157,17.447900048362538,3158052
2023-06-15,17.319467544555664,17.319467544555664,16.92501078468175,17.06261214274904,2680143
2023-06-16,17.40203094482422,17.93409088081078,17.356164402808442,17.40203094482422,3966491
2023-06-19,16.668153762817383,17.484590010103275,16.5030314319739,17.40202884468153,3227083
2023-06-20,15.989320755004883,16.58559454785302,15.85171937968553,16.51220703103627,3260411
2023-06-21,16.60394287109375,16.60394287109375,15.998495383226272,16.163617743498587,2335290
2023-06-22,17.044265747070312,17.044265747070312,16.126920977583865,16.530553166072863,3084884
2023-06-23,17.310298919677734,17.63136823282109,17.06261537837012,17.24608330735253,3501128
2023-06-26,17.438724517822266,17.438724517822266,16.851624417176453,17.24608120373766,4537133
2023-06-27,17.484590530395508,17.52128516042875,17.246080684268225,17.42955033504191,1249772
2023-07-03,17.750621795654297,18.236813407953516,17.530459259004335,17.530459259004335,4841370
2023-07-04,17.69558334350586,17.943265128095575,17.649715050288147,17.87905126728726,3602768
2023-07-05,17.60384750366211,17.796489075109925,17.218562611070098,17.723101559839847,3893638
2023-07-06,18.567058563232422,19.1358131097481,17.640540104211155,17.658887420159225,11836857
2023-07-07,20.420095443725586,20.420095443725586,18.310201355378908,18.530365646958185,13759009
2023-07-10,21.33744239807129,21.832807729913455,20.31001534915578,20.51183234520333,13944937
2023-07-11,21.245708465576172,21.667688043749745,20.566873426484996,21.410830833135545,9635657
2023-07-12,21.44752311706543,22.621725225795917,21.17232034534099,21.465870435099472,9682878
2023-07-13,21.630992889404297,22.291480594151466,21.337442798405558,21.53925804854305,6791868
2023-07-14,21.484214782714844,22.144702393352073,21.135624536747052,21.83280502868264,4411619
2023-07-17,22.364866256713867,22.474948406530643,21.00719632391997,21.64933840684227,7591138
2023-07-18,22.346519470214844,23.832617038607626,22.199744444933984,22.566682008136134,12972568
2023-07-19,23.484027862548828,23.539068062116517,21.83280612825063,22.34652048987037,7159477
2023-07-20,24.30963897705078,25.19028920957265,23.575763783282557,23.869313860789845,10215073
2023-07-21,24.181211471557617,24.5481490717193,23.61245687903464,24.3463338290545,6717283
2023-07-24,24.21790313720703,25.08020776643708,24.03443522121316,24.493107635742444,7785082
2023-07-25,22.841886520385742,24.474760990805724,22.823539203373993,24.21790380173062,6534104
2023-07-26,23.263866424560547,23.96104873456907,22.309826921486835,22.493296595061466,6522305
2023-07-27,23.263866424560547,23.96104873456907,23.00700923149536,23.3922941462449,5558109
2023-07-28,23.685842514038086,23.942699688557628,23.190477230667394,23.39229245727081,6786696
2023-07-31,23.79592514038086,25.13524773883346,23.55741527702018,23.685842992023474,9537132
2023-08-01,24.034435272216797,24.254597821694496,23.208823524554923,23.795925406191856,6942016
2023-08-02,25.960857391357422,25.960857391357422,24.016087376366883,24.052780258879878,12296605
2023-08-03,25.520532608032227,26.54795957612084,25.373757576833334,26.125980049151742,10056990
2023-08-04,26.125980377197266,26.52961259291053,25.667307961517412,25.685655278071746,8359579
2023-08-07,27.355222702026367,27.355222702026367,26.236062633123886,26.658040417404745,8416242
2023-08-08,27.153406143188477,28.34595367071616,26.786468577002754,27.79554644658941,10460977
2023-08-09,26.969938278198242,27.63042769093795,26.694735522687665,27.171755265289352,7896421
2023-08-10,27.355222702026367,28.621159554261773,26.749775250851666,27.520345052291542,23277600
2023-08-11,28.602811813354492,28.859667243560118,26.823162369789664,27.35522229625382,13896015
2023-08-14,28.089101791381836,29.24495483320045,27.979019632796152,29.079834219866754,9845545
2023-08-15,29.043134689331055,29.043134689331055,27.52034254198366,28.180830133100613,8927839
2023-08-16,28.95140266418457,29.630237635907744,28.62115971153594,29.024790181406093,9490208
2023-08-17,28.49272918701172,29.355033794644378,28.29091395956423,29.26329896409684,6813155
2023-08-18,27.465307235717773,28.566120083527196,27.06167498333937,28.492732560339903,8210761
2023-08-21,28.23587417602539,28.58446443759274,26.87820251330359,27.080019493413037,8206928
2023-08-22,27.667118072509766,28.492728014057143,27.593730561032135,28.235872598733593,6799048
2023-08-23,27.538692474365234,29.446767918945817,27.300182606368555,27.59373267476557,15922870
2023-08-24,26.878204345703125,28.89636378620561,26.584654263382003,27.942324268965454,12504709
2023-08-25,26.768123626708984,27.446958621563795,25.66730908117895,27.446958621563795,7297113
2023-08-28,26.547958374023438,27.15340578772816,26.36448871848418,27.080018275451717,7229748
2023-08-29,26.65804100036621,27.1350607449646,26.2177158898276,26.529613280549896,5394698
2023-08-31,29.281646728515625,29.318339611478674,26.713081932032093,26.878202529910403,13532252
2023-09-01,31.2998046875,31.63004938691747,29.153219390375675,29.520156973230414,13836918
2023-09-04,30.98790740966797,33.35465876391893,30.82278505939963,32.14376386154633,12318655
2023-09-05,33.299617767333984,33.35465971879678,31.09799219971602,31.189725286094422,12951540
2023-09-06,32.71251678466797,35.02422619646561,32.52904711718063,33.57481967264776,13037680
2023-09-07,33.77663803100586,34.7857159941507,32.840945838205904,32.840945838205904,10435495
2023-09-08,35.060916900634766,36.69378940955435,33.86836594531029,33.94175520383777,12454019
2023-09-11,34.60224914550781,36.27181650624508,34.253657119819714,36.051652200707096,8550132
2023-09-12,33.960105895996094,34.69398105729677,33.72159428145287,34.67563374084015,6645952
2023-09-13,34.16192626953125,35.06092386880929,33.29961980741667,34.21696472497302,7579253
2023-09-14,34.437129974365234,34.82241317042884,33.373009981255386,33.94176286566067,9475531
2023-09-15,33.391353607177734,34.58390120042133,33.35465897368892,34.528859250188106,5902673
2023-09-18,34.400428771972656,35.64801821533901,32.54739192219529,33.281267036118855,12344346
2023-09-19,36.675445556640625,37.06073220149142,35.3177756402666,35.77644805117916,15982366
2023-09-20,36.968997955322266,38.87707698497676,36.45528706225606,36.67544787374358,12244237
2023-09-21,39.445823669433594,39.445823669433594,36.216769777031935,36.78552253383109,12263103
2023-09-22,41.72084426879883,41.977699712600014,39.500871363047544,39.62929908494813,10792888
2023-09-25,42.76661682128906,44.74808159873971,41.739191547638754,41.739191547638754,16170284
2023-09-26,43.17024612426758,44.85816064058529,42.197859408550094,43.665609640394806,18181395
2023-09-27,43.11520767211914,44.06924714982458,42.693229883693114,43.280330024006346,8047869
2023-09-28,43.04181671142578,45.40856799576188,43.005125578644446,43.48214529872907,11320407
2023-09-29,44.14263153076172,44.63799857085953,42.47306424692933,43.573878725126875,9882445
2023-10-02,44.67469024658203,46.60111283138513,44.10593747858943,44.52791522582935,13236040
2023-10-03,44.069244384765625,45.133364197164966,43.720652386054205,44.87650527734951,6358701
2023-10-04,42.528106689453125,44.82146875424768,42.454717423671156,44.069246276946494,9015639
2023-10-05,42.748268127441406,43.280329814140856,41.00531503176215,42.583145776354876,7842040
2023-10-06,40.895233154296875,42.56480042220887,40.8218438900669,42.56480042220887,7029460
2023-10-09,39.28070831298828,40.49160330026431,38.987158225127004,39.904503124541755,6835407
2023-10-10,39.59260177612305,40.638374297414664,39.11558205600196,39.28070440140513,6973582
2023-10-11,38.1431999206543,39.72103065733525,38.06981065414257,39.629297573588424,5939520
2023-10-12,38.03311538696289,38.858727124494614,36.41859004393647,38.528482429481926,7253533
2023-10-13,36.73048782348633,38.01476848551609,36.381895808347146,38.01476848551609,4261586
2023-10-16,38.43674850463867,40.39986581596368,36.822219697613804,36.822219697613804,26544600
2023-10-17,38.60187530517578,38.7669941687328,36.693796221926895,38.52848603302324,10527070
2023-10-18,36.89561080932617,39.207320240133264,36.74883577400792,37.50105826743806,7365312
2023-10-19,37.44601821899414,38.656913196725405,36.60206259789364,37.097426180134214,6646412
2023-10-20,34.914146423339844,37.152466608621,34.895799106322016,36.73048881538972,5363573
2023-10-23,36.748836517333984,37.335936670482376,35.44620499056716,36.69379456570397,5386667
2023-10-24,39.445823669433594,39.72102639050464,36.30850635031726,36.78552253383109,9525567
2023-10-25,35.501243591308594,40.17970055708884,35.501243591308594,39.99623090169906,8121459
2023-10-26,37.11577224731445,37.62948662940966,34.16192417359756,35.55628528326911,9718499
2023-10-27,38.528480529785156,38.82203057767973,36.25346590890591,37.11576873717215,7164464
2023-10-30,37.83130645751953,38.82203716235518,37.57444749750102,38.161547692869284,5715402
2023-10-31,35.17100143432617,37.79460824623327,35.13430680073756,37.79460824623327,8684914
2023-11-01,34.088531494140625,35.59297635619558,32.822594732419404,35.17099860208604,5724163
2023-11-02,32.749210357666016,34.52885802606692,32.52904606393128,34.198613335161184,7040457
2023-11-03,32.162109375,33.72159270771269,31.77682274617744,32.78590410784213,5750625
2023-11-06,32.03368377685547,32.82260098889599,31.850217587500858,32.47401242960763,5349543
2023-11-07,32.80424499511719,33.73993701083696,31.42822794248087,32.21714494589513,7519592
2023-11-08,34.76736831665039,35.31777378101303,32.85928950799371,33.57481731154366,8897252
2023-11-09,33.64820861816406,35.556284043394804,33.64820861816406,34.7490231131859,5345040
2023-11-10,32.657474517822266,33.70325056253809,32.492352168624656,33.648208613007945,3363969
2023-11-13,31.464927673339844,32.65747527915176,31.464927673339844,32.65747527915176,3844370
2023-11-14,31.630046844482422,31.86855844128686,30.93286636794625,31.556661083506658,3619468
2023-11-15,31.07964515686035,31.923600757047474,30.96956125296319,31.831867669859474,3521167
2023-11-16,32.07037353515625,32.30888514405824,30.84113135677911,31.171376046401733,4281708
2023-11-17,32.71251678466797,34.40043142664437,31.758477313248083,32.107069331534746,7600864
2023-11-20,32.67582321166992,33.189537597426686,32.62078475921263,32.749212480803585,3052017
2023-11-21,32.8409423828125,33.556473689899455,32.639128911053334,32.93267896033268,3307698
2023-11-22,32.8409423828125,34.01514607932251,32.69416735817283,33.00606472295621,5603918
2023-11-23,32.07037353515625,33.116146052699406,32.03367890311091,32.87763794319014,3636381
2023-11-24,31.721786499023438,32.18045892266882,31.189724807886208,31.923599985840248,4095308
2023-11-27,31.758480072021484,32.235499849168846,31.281460294874122,32.19880521260525,4027105
2023-11-28,30.969560623168945,32.29053944792787,30.969560623168945,31.813519705586355,3943321
2023-11-29,29.721973419189453,31.09799064231132,29.721973419189453,31.02460137736963,4539495
2023-11-30,29.630237579345703,29.94213496436588,29.53850449526623,29.721974162818018,1914894
2023-12-01,29.721973419189453,30.16229851066132,28.933056318030072,30.03387079640612,3450660
2023-12-04,30.51089096069336,31.226422388697234,29.263303040427523,29.77701571347816,6640442
2023-12-05,29.905441284179688,31.097992411581107,29.850402831734854,31.079645094301842,2948243
2023-12-06,28.456037521362305,30.088910226203733,28.456037521362305,29.942135190930266,3741797
2023-12-07,29.721973419189453,29.721973419189453,28.547771425568097,28.71289202259776,3962514
2023-12-08,29.905441284179688,30.18064754397568,29.079833002970577,29.703627792893705,3969151
2023-12-11,28.217527389526367,30.162299213380866,28.01571215532398,29.997176862807812,3142267
2023-12-12,28.07075309753418,28.29091565421841,27.428610994932836,28.217528135323665,2908951
2023-12-13,26.713083267211914,28.08910056618232,26.713083267211914,28.07075324893556,2396109
2023-12-14,27.410263061523438,27.538692528974124,26.29110298611644,27.06167279203484,2593207
2023-12-15,27.740509033203125,27.83224387138041,27.19010175383591,27.410264315643495,2363934
2023-12-18,26.23606300354004,27.979017864853947,26.23606300354004,27.979017864853947,2320484
2023-12-19,26.45622444152832,27.153406706595213,24.970125080520614,26.236061897248728,3151024
2023-12-20,25.832429885864258,27.30018194181717,25.777389686803733,26.76812201837508,2367389
2023-12-21,27.55704116821289,27.75885641289734,25.355412045817182,25.832431805649353,3732771
2023-12-22,26.547958374023438,27.557037980096744,26.25440832491767,27.557037980096744,2767162
2023-12-25,25.685657501220703,28.382652028763914,25.593922660205603,26.82316498059689,7578170
2023-12-26,26.18102264404297,27.006632652329674,25.42879840346984,25.740695789886484,4662863
2023-12-27,26.45622444152832,27.098366507949407,25.795736808689544,26.181021698602922,3932451
2023-12-28,27.740509033203125,28.107446636215762,26.456226547810633,26.60300158901569,3026263
2023-12-29,28.804628372192383,28.988098044823403,27.41026375934675,27.68546826829328,3179145
2024-01-02,29.428422927856445,29.72197298454491,28.731238918676812,29.26329883384874,4892080
2024-01-03,28.5294246673584,29.813707084119653,28.5294246673584,29.35503466744089,3703268
2024-01-04,28.988096237182617,29.024789119602843,28.05240411456599,28.52942383390345,3107830
2024-01-05,29.593542098999023,29.63023673133776,28.878014265357372,28.969749096507844,2546792
2024-01-08,30.565929412841797,31.556663507562853,30.07056236548127,30.290726664105776,5267617
2024-01-09,31.263111114501953,32.69416670113127,30.1439493869954,30.620969082336018,11320428
2024-01-10,31.648393630981445,32.565738373908445,30.54757923959055,31.24476320387486,9331335
2024-01-11,31.464927673339844,32.52904755998026,31.391541904981658,32.05202781777692,3919576
2024-01-12,31.20806884765625,31.905249318654707,30.529232192211623,31.18972153270991,4325547
2024-01-15,31.097991943359375,31.831867126515654,31.097991943359375,31.26311429699365,3570166
2024-01-16,30.290727615356445,31.24476710703529,30.23568566412358,31.097992069807233,4136274
2024-01-17,30.34576988220215,30.932870037220553,29.96048321835072,30.162300208910658,3064483
2024-01-18,31.116331100463867,31.51996501528949,30.345764898107422,30.400803341480092,4692476
2024-01-19,31.17137336730957,31.70343498805964,30.71270100434258,31.13467873841803,3453929
2024-01-22,31.556663513183594,31.960293978108798,31.04294914923012,31.171376865370288,4380811
2024-01-23,30.969560623168945,32.01533669256739,30.969560623168945,31.996989375624306,4028840
2024-01-24,31.391538619995117,31.648394031459322,30.657660016853054,31.00625200340628,3487026
2024-01-25,33.06110382080078,33.3363065308636,31.519964445178186,31.556659073024516,9292106
2024-01-26,34.0151481628418,34.98753144836849,33.17118909492444,33.33631144518234,7856500
2024-01-29,33.629859924316406,35.2994271652873,33.57481797703211,34.125226951697044,5146748
2024-01-30,34.63893508911133,34.895793990310345,33.50142959591708,33.70324655413223,6139566
2024-01-31,34.400428771972656,34.785711894510314,33.99679833416284,34.73067344808641,3359038
2024-02-01,35.09761047363281,35.81314179651376,34.29034956999216,34.40042996605358,7558612
2024-02-02,34.30870056152344,35.42785895673173,34.21696397215025,35.35447318462626,4599030
2024-02-05,34.19861602783203,34.73067773827109,34.12523025707082,34.34539106874746,3305853
2024-02-06,34.9324951171875,35.07927015972219,34.14357795129113,34.40043340087858,6014504
2024-02-07,34.49216079711914,35.482894795248434,34.36373309352293,35.226039388056016,4762876
2024-02-08,34.98752975463867,35.336121754907154,34.400429648539756,34.52885735932481,6161133
2024-02-09,36.21677017211914,36.418587136156,35.20769235071984,35.33612005532784,7482862
2024-02-12,37.09742736816406,38.23493661063327,36.51032717826763,37.18916395995611,11413099
2024-02-13,35.8498420715332,37.97808206049251,35.8498420715332,37.170817530385904,8098445
2024-02-14,35.57463073730469,36.106692408687366,35.115958330689026,35.84983698078828,5532324
2024-02-15,36.05165100097656,36.21677334978687,35.79479556922401,35.86818133569925,5382472
2024-02-16,36.25346755981445,36.47362835606475,35.31777542726877,36.27181487606744,5040988
2024-02-19,34.71232986450195,37.04238666366643,34.71232986450195,36.52867227899768,6476624
2024-02-20,34.60224914550781,35.13430734318583,33.97845436244192,34.73067686565793,6427554
2024-02-21,34.9324951171875,35.29943097382771,33.905066320051596,34.76737275691184,6523476
2024-02-22,34.49216079711914,35.11595549978,34.400427722948265,35.042569740321795,4866155
2024-02-23,34.78571319580078,35.592977601011754,34.60224703500108,35.22604178001964,6722963
2024-02-26,36.381900787353516,36.69379821213237,34.76737520575274,34.89580293959227,13550091
2024-02-27,34.675636291503906,36.87726543674573,34.565555884059734,36.78552884771471,7002227
2024-02-28,34.63893508911133,35.684711009450574,34.16191891415399,34.65728240343928,18027835
2024-02-29,34.87744903564453,35.13430445482892,34.32704006674461,34.840754404506015,4713144
2024-03-01,34.10688018798828,35.06091962666874,34.10688018798828,34.98753036243514,4463874
2024-03-04,33.097801208496094,34.30869603325643,32.71251458276729,34.21695945599119,4831359
2024-03-05,32.2171516418457,33.24458044091544,32.180460505687755,33.20788580536444,4364444
2024-03-06,31.831867218017578,32.25384501212132,30.932869678642817,32.2171503780098,4845483
2024-03-07,33.06110382080078,34.23530391674473,31.556659073024516,31.831861783087337,8256481
2024-03-08,34.12522888183594,36.36354904044096,33.37300639003455,33.37300639003455,9179243
2024-03-11,33.75828552246094,35.060916864854846,33.391349728375324,34.492160610024605,5629540
2024-03-12,32.565738677978516,33.73993884008312,32.40061634275849,33.73993884008312,3922921
2024-03-13,31.831867218017578,32.69417012328081,31.831867218017578,32.60243703739493,3371965
2024-03-14,32.47400665283203,32.47400665283203,31.575005687829414,31.996986946701554,2961629
2024-03-15,31.923599243164062,32.639130586991776,31.630049178811646,32.639130586991776,3063834
2024-03-18,30.87782859802246,31.941948521507165,30.731053556831228,31.923601203934133,2337378
2024-03-19,31.281457901000977,31.538316837896414,30.767747025995867,30.877827427869406,1951082
2024-03-20,32.01533889770508,32.290541672020844,31.024604710896554,31.26311634819185,2997079
2024-03-21,31.630046844482422,32.49234965745473,31.09798870438239,32.1987996147666,2717666
2024-03-22,31.721786499023438,32.56574207882237,31.24476675850509,31.538316829686707,3201771
2024-03-25,32.1070671081543,33.15283959120279,31.868559006512182,31.868559006512182,4523417
2024-03-26,31.22641944885254,32.52904745259806,30.932869377603048,32.38227241697331,2324872
2024-03-27,30.749399185180664,31.354846634258273,30.60262415205254,31.22641891769527,2292626
2024-03-28,31.024599075317383,31.042946390191418,30.455846311792264,30.786090980739914,3031845
2024-03-29,33.097801208496094,33.354656626053554,30.731050005941963,31.006252738952472,4951383
2024-04-01,30.6209716796875,31.37319416707829,29.79535992553037,31.189724499555275,7497448
2024-04-02,31.740129470825195,33.666555698444185,31.281457059400594,33.666555698444185,11343211
2024-04-03,30.45585060119629,31.685092875743265,30.180647838111174,31.685092875743265,3849373
2024-04-04,30.16230010986328,30.65766367691278,29.88709735052624,30.547583273056553,2990050
2024-04-05,31.373197555541992,31.446583330841523,30.015527468265034,30.25403561223004,3882431
2024-04-08,33.24457931518555,33.6849044287081,31.281458372398884,31.37319495817,4596700
2024-04-09,33.24457931518555,33.24457931518555,33.24457931518555,33.24457931518555,0
2024-04-15,33.703250885009766,34.308698338062975,33.04276148189977,33.281269600026796,4193000
2024-04-16,32.60243606567383,33.6115139779145,32.27219136729897,33.4830862617449,4428307
2024-04-17,32.07037353515625,33.684902351224025,31.960293138412947,32.69416828235615,3644955
2024-04-18,32.14376449584961,33.04276203205475,31.795172471805035,32.07037522788532,2700139
2024-04-19,32.87763595581055,33.11614405090254,31.758474241827532,31.923596576657566,3482078
2024-04-22,33.373008728027344,34.675636817489625,33.24458100082888,34.235311681640695,5136778
2024-04-24,32.89598846435547,33.996803037221895,32.10707129547798,33.51978327233334,3586898
2024-04-25,33.703250885009766,33.923411686451196,32.71251678034477,32.895986447807864,4290536
2024-04-26,35.13431167602539,35.81314849403964,34.033497011366435,34.033497011366435,10711322
2024-04-29,35.28107833862305,36.60205702173418,34.95083366784526,36.05164807064037,8803803
2024-04-30,34.62059783935547,35.501248097742724,34.30870043541918,35.501248097742724,4418056
2024-05-02,35.73975372314453,36.08834573823991,34.71232849377127,34.859103526538874,8652982
2024-05-03,35.336124420166016,35.83149148432273,34.93249394162699,35.83149148432273,5352935
2024-05-06,35.57463073730469,36.161730857869884,35.1710002792643,35.50124497193041,6239122
2024-05-07,35.97686767578125,36.55684056458478,35.62140456530765,36.201373885706026,6404185
2024-05-08,35.54656982421875,36.294917948942285,35.09756094938462,36.01428784822163,4549503
2024-05-09,35.060142517089844,35.696239312775795,34.835639864733224,35.54656968840294,3524965
2024-05-10,34.92918395996094,35.378192857736956,34.83564177774301,35.06014444242825,3516291
2024-05-13,33.5821533203125,35.19110078950385,33.395065409456265,35.078849470352154,4024451
2024-05-14,32.98347473144531,33.8066594840123,32.422214508752866,33.58215682229751,4142171
2024-05-15,32.55317687988281,33.54474047051971,32.55317687988281,32.98347664682865,3210721
2024-05-16,33.207977294921875,33.207977294921875,32.553171395143806,32.64671713420072,3257661
2024-05-17,33.84407424926758,33.84407424926758,33.00218043474646,33.17055919765068,3935812
2024-05-20,34.2182502746582,34.44275291426379,33.207977691217685,33.82536530274074,4345392
2024-05-21,33.63827896118164,34.64855159178611,33.15185179478748,34.23695745261898,5173593
2024-05-22,31.056480407714844,31.43065272081643,30.289423062190078,30.289423062190078,18862497
2024-05-23,30.345542907714844,31.224855041703794,30.345542907714844,31.07518542270219,4969051
2024-05-24,29.559778213500977,30.88809741640256,29.316564637284902,30.382961115599343,4035724
2024-05-27,28.455965042114258,30.177165752592977,28.437255892688814,29.765575170449413,4492945
2024-05-28,27.932119369506836,28.923681024199233,27.782449753108082,28.56821613130283,4085118
2024-05-29,27.296024322509766,28.23146037586951,27.25860602395809,27.988246787891654,3469150
2024-05-30,26.921850204467773,27.426984744492096,26.903141055229142,27.296024268227026,3082058
2024-05-31,27.426984786987305,27.76374233699374,26.996685059048126,26.996685059048126,2566652
2024-06-03,26.80959701538086,27.426984664841342,26.62250909194322,27.426984664841342,3721774
2024-06-04,27.5766544342041,28.231460385459425,26.865722819304878,26.865722819304878,4083058
2024-06-05,26.847013473510742,28.044370391989823,26.585090755492168,27.688905502866984,3055887
2024-06-06,26.772180557250977,27.38956820800369,26.772180557250977,26.884431884186373,2400891
2024-06-07,26.098665237426758,27.127645241353097,26.079956088362014,26.977975617240464,2111561
2024-06-10,26.154788970947266,26.97797362704205,25.57481966634653,26.098663312096154,2714369
2024-06-11,25.799325942993164,26.34187877548037,25.630947170117366,26.005121229728775,1816974
2024-06-12,25.63094711303711,26.06124861878394,25.518695787505,25.911578995272688,2492659
2024-06-13,26.566381454467773,26.697343704823496,25.874159043911227,25.911577339499303,1924843
2024-06-14,26.47283935546875,27.015392190111488,26.061248780362302,26.62250897990794,1931539
2024-06-20,26.47283935546875,27.034101339217052,26.173500106590364,26.734762090338666,2572032
2024-06-21,26.80959701538086,27.12764541470325,26.248335029270603,26.49154861605847,2781236
2024-06-24,26.192209243774414,27.183770951283414,25.98641395631486,26.903140851638323,2917134
2024-06-25,25.780614852905273,26.360585939788155,25.7431983418626,26.26704198587769,1809650
2024-06-26,25.462570190429688,26.042541361823528,24.826475136394958,25.892871727438557,3491157
2024-06-27,25.649656295776367,25.818035068498734,25.256773087491723,25.481277523053997,1575409
2024-06-28,25.481277465820312,26.061248594538835,25.443860952078634,25.967704633880665,1927798
2024-07-01,24.414880752563477,25.85545131172881,24.414880752563477,25.705781689587027,3986317
2024-07-02,24.13425064086914,24.78905662385975,23.92845534139915,24.45229905726998,3215408
2024-07-03,24.789052963256836,24.920013426834903,24.17166537181381,24.24650017731592,3918199
2024-07-04,24.938724517822266,25.069684991606536,24.227792918045616,24.789054895153775,2834146
2024-07-05,25.144521713256836,25.76191118392287,24.863891595483636,25.462570131641275,5024300
2024-07-08,26.248334884643555,26.790887718580073,25.06968525556712,25.144520067689307,6808944
2024-07-09,26.678634643554688,27.071517827490997,25.76190780910414,26.37929541468941,5924952
2024-07-10,26.454132080078125,27.146354541502312,26.06124886854519,26.697345666665434,3680848
2024-07-11,27.12764549255371,27.20248030530299,26.435423028572178,26.585092654070742,2586965
2024-07-12,27.688907623291016,27.80115895089339,26.959266857064826,27.221189595141514,3373483
2024-07-16,27.296024322509766,28.081790750068166,27.18377121105742,27.782451498465473,2788363
2024-07-17,27.426984786987305,27.89470281346172,26.940557611245268,27.296024310519325,2114583
2024-07-18,27.052810668945312,27.688907469160217,27.03410151971483,27.42698473254153,2350972
2024-07-19,26.772180557250977,27.27731509686562,26.566383484198287,27.108936322259847,2433334
2024-07-22,27.483108520507812,27.78244953515961,26.80959525199701,26.80959525199701,3041753
2024-07-23,28.137916564941406,28.455964967529525,27.27731531985639,27.53923805851798,3925706
2024-07-24,28.194042205810547,28.904973823708303,27.74503332636018,28.137916541929922,5383575
2024-07-25,28.792722702026367,29.78428443062688,27.988247115767876,28.06308192954522,6026475
2024-07-26,28.437253952026367,29.37268994902857,28.194040378701487,28.811427993986733,2783787
2024-07-29,27.670196533203125,28.77401128768818,27.370857301655157,28.38112810023083,5418893
2024-07-30,27.539236068725586,28.287584147684477,27.464401260829696,27.763740492413255,5186961
2024-07-31,26.71605110168457,27.501817467987284,25.96770303101653,27.501817467987284,5894479
2024-08-01,26.398006439208984,27.314735184993733,26.210920287324406,26.847017128978106,4160014
2024-08-02,25.387733459472656,26.566383079558037,24.994850252777532,26.098665061311586,4940270
2024-08-05,23.049142837524414,24.227792430470906,22.862056705055156,22.918182366375675,5720535
2024-08-06,23.236230850219727,24.302627340729448,23.067852081359746,23.61040490090712,5725559
2024-08-07,23.535409927368164,23.763355562526463,22.680611531085944,23.383446170595963,4691500
2024-08-08,23.87732696533203,24.162260361869077,23.269471951201005,23.269471951201005,3169504
2024-08-09,23.459428787231445,24.35221543347568,23.288469102595037,24.067283833448958,2442247
2024-08-12,22.832576751708984,23.91531895511037,22.794584907319045,23.57339960180431,2922296
2024-08-13,22.243717193603516,23.003536011976866,21.806820014375624,22.88956409499634,4962029
2024-08-14,22.243717193603516,23.25047758083594,22.20572534690937,22.433672803972332,3853280
2024-08-15,23.079519271850586,23.11751112081316,22.110750673468885,22.300704483628543,2388641
2024-08-16,22.870567321777344,23.345454518501583,22.756593597481135,23.26947263948774,1922400
2024-08-19,22.965545654296875,23.07951756967673,22.52864848120493,23.003535688906517,2412632
2024-08-20,21.331932067871094,22.148738628252037,21.179968309411972,21.616865473645117,10352708
2024-08-21,20.648096084594727,21.407916722656164,20.648096084594727,21.331933028454138,4049589
2024-08-22,20.135217666625977,20.838050493441955,20.09722582171928,20.667090814463577,4336232
2024-08-23,19.603343963623047,20.306176835483843,19.50836796837101,20.135218957099585,3777157
2024-08-26,19.470375061035156,20.097226015637094,19.185443467689144,19.75530665438117,4811774
2024-08-27,19.394393920898438,19.622339566569362,19.18544419858783,19.45137987942843,2986735
2024-08-28,19.527360916137695,20.078229988887514,19.337407125408962,19.926266231684178,6447865
2024-08-29,19.907270431518555,19.96425819948328,19.489371002415936,19.584348804139584,2617216
2024-09-02,20.325170516967773,20.496130188043473,19.92626522164141,19.945261143216662,2926864
2024-09-03,20.211200714111328,20.534124168295936,20.1732088670068,20.325172632322968,1895500
2024-09-04,19.793296813964844,20.135216146101325,19.660328989934317,20.116220225082465,2364916
2024-09-05,19.926267623901367,20.211201047228638,19.812295703811266,19.869281663856317,2941649
2024-09-06,19.85028648376465,19.983256144253374,19.812296446161497,19.92626837052203,1478365
2024-09-09,19.242427825927734,19.793296855783282,19.242427825927734,19.69831906203907,2282227
2024-09-10,19.03348159790039,19.67932672765867,18.95749789981593,19.37539918152511,3323041
2024-09-11,18.026718139648438,19.166448173505106,18.017220178018686,19.03348033379051,4358805
2024-09-12,17.931739807128906,18.406627005333654,17.675302096877026,18.2356691356827,3885206
2024-09-13,19.394393920898438,19.394393920898438,17.893750394901637,18.055212120362413,8808838
2024-09-16,19.204437255859375,19.94526192227356,19.185443145093007,19.660330333718566,3703596
2024-09-17,19.29941749572754,19.56535500713599,19.12845779636147,19.375399383051228,2478104
2024-09-18,19.071470260620117,19.394393707996777,18.9954883795639,19.394393707996777,1978474
2024-09-19,20.135217666625977,20.420149257222686,19.375397072449957,19.47037487316582,6283729
2024-09-20,20.173208236694336,20.68608728727472,19.86928071555822,20.13521820232778,5995680
2024-09-23,19.622339248657227,20.420149901355177,19.58434921410305,20.17320833632477,2981037
2024-09-24,20.154212951660156,20.458142293967214,19.41339004832995,19.641335696397014,3743751
2024-09-25,19.774301528930664,20.420148371937753,19.736311497221845,20.23019277874127,2629181
2024-09-26,19.622339248657227,20.2301942939315,19.48937141039121,19.79329893302835,2564531
2024-09-27,20.363162994384766,20.382157105000854,19.546356456715106,19.546356456715106,3097732
2024-09-30,19.945262908935547,20.66709168874028,19.945262908935547,20.42015012105306,2349077
2024-10-01,18.976491928100586,20.021244122200557,18.007721612941474,19.945262243259698,2366918
2024-10-02,18.520599365234375,19.052472480796634,18.055210162673553,18.815028899191066,1843059
2024-10-03,18.12169647216797,19.10946277181807,18.12169647216797,18.530099776386724,2802605
2024-10-04,18.653568267822266,18.653568267822266,17.941237481893605,18.52060043414519,2838540
2024-10-07,19.423337936401367,19.849373793466466,18.677777495054272,18.745555549102782,4321858
2024-10-08,18.784284591674805,19.442703122912658,18.6971408539043,19.423337437449565,2239703
2024-10-09,19.132858276367188,19.24904868782836,18.677775778986557,18.784283348357082,2492100
2024-10-10,19.239368438720703,19.771911846667102,19.01666675562527,19.132859018406077,3151703
2024-10-11,18.88111114501953,19.675085779730207,18.774601721939128,19.24904993422201,9275183
2024-10-14,18.290470123291016,18.823015376050773,18.164596865330118,18.6874574288467,1388423
2024-10-15,18.977937698364258,18.977937698364258,18.242058274193525,18.27110680230503,1868653
2024-10-16,20.043025970458984,20.043025970458984,18.82301551734455,18.96825446125531,6017631
2024-10-17,22.037647247314453,22.037647247314453,19.65572134482668,20.02366200425161,10403920
2024-10-18,20.914461135864258,22.928446172840026,20.837000243934934,22.46368082126408,7498196
2024-10-21,19.94620132446289,21.10811483511846,19.94620132446289,21.01129009434066,2742215
2024-10-22,19.77191162109375,20.21731128857642,19.384607160932006,20.06238950451172,3147696
2024-10-23,19.181270599365234,20.023659391333673,19.016665977799597,19.965564185726183,2875059
2024-10-24,19.423337936401367,19.65572062748775,19.181272402334702,19.258733299363495,2639137
2024-10-25,19.713817596435547,19.771912807241698,19.2780988983558,19.462069220524302,2191726
2024-10-28,19.57826042175293,19.84937449433328,19.44270430886952,19.713818381449865,1407319
2024-10-30,19.12317657470703,19.65571999375832,19.036032837507598,19.578259099226983,7372321
2024-10-31,18.687458038330078,19.26841567537324,18.629362828669787,19.258732832627622,4960625
2024-11-01,18.503488540649414,18.842378783888673,18.40666196537535,18.726188371010444,4319270
2024-11-04,18.203327178955078,18.764919136585448,18.17428049721725,18.513172609728244,3838618
2024-11-05,18.338884353637695,18.40666240390031,18.029040782829544,18.396979561460885,2105563
2024-11-06,18.445390701293945,18.619678159996845,18.16459567646068,18.464756384886098,4424719
2024-11-07,18.503488540649414,18.561583747088527,18.261423025870904,18.493805698440674,3066828
2024-11-08,18.735872268676758,18.832698849405407,18.387297316778994,18.51317242577026,5545890
2024-11-11,19.403972625732422,19.500797354565506,18.793966491929385,18.803649334175358,6584506
2024-11-12,19.026350021362305,19.539529602606187,18.987620497449345,19.462068707966864,3737791
2024-11-13,19.675085067749023,20.139850420495847,18.76491820017648,18.900476146504314,8551870
2024-11-14,19.94620132446289,20.120488812764613,19.616992034740427,19.675087248569817,2990962
2024-11-15,19.713817596435547,20.21731250144459,19.481434906397503,19.98492981140654,2926752
2024-11-18,20.314138412475586,20.35286978294165,19.733180783178376,19.752546468411406,3448942
2024-11-19,19.636356353759766,20.527157573282913,19.3652422967524,20.352870097121993,5349916
2024-11-20,19.142541885375977,20.139850652095493,18.91984204880884,19.771911871976453,4031749
2024-11-21,20.043025970458984,20.13985070185724,19.094127720161065,19.142541932673566,3994649
2024-11-22,20.527156829833984,20.778903345378243,19.636355642573715,20.043025789949347,4925102
2024-11-25,21.592243194580078,22.173200799816428,21.166209217978295,21.476052781620798,10091269
2024-11-26,21.35986328125,21.766533472770334,21.243672853280508,21.45668986910028,3475274
2024-11-27,21.534149169921875,21.979550702212162,21.166210379606785,21.476053960253896,4847940
2024-11-28,20.70144271850586,21.45668781526985,20.46906003799695,21.30176602826391,6640217
2024-11-29,20.58525276184082,20.759540237822037,20.236677809878383,20.70144318128602,5332222
2024-12-02,20.6627140045166,21.127479383739214,20.294773360855277,20.585253107979497,5450649
2024-12-03,21.108112335205078,21.553513846649295,20.68207835516162,20.68207835516162,5077591
2024-12-04,21.321130752563477,21.689069518419068,21.030651029906995,21.05001671411342,4139950
2024-12-05,22.328123092651367,22.773524610691158,21.32113148776667,21.32113148776667,6211011
2024-12-06,23.23828887939453,23.296384084485304,22.30875821068912,22.328122047843863,6246031
2024-12-09,24.535762786865234,25.039259543136872,24.10972692795743,24.10972692795743,16990585
2024-12-10,23.74178695678711,24.361474105149128,23.490038591061694,24.34210842005947,10389728
2024-12-11,23.354482650756836,24.167821115206486,23.160829492146245,23.761152806388356,6074920
2024-12-12,24.01289939880371,24.01289939880371,23.354482720549555,23.354482720549555,3920411
2024-12-13,23.896709442138672,24.129092129564643,23.509404963095385,24.07099691941151,2951179
2024-12-16,23.58686637878418,24.264648770345634,23.52876932053709,23.954805180281713,3505893
2024-12-17,23.70305633544922,23.819248602844603,23.354483226889936,23.58686591486727,2619871
2024-12-18,22.88971519470215,23.838613445571713,22.88971519470215,23.70305549726842,5133686
2024-12-19,22.328123092651367,23.08336818142491,22.27002788484213,22.75415892581696,4465592
2024-12-20,21.882722854614258,22.579870870707534,21.882722854614258,22.366853883049025,2130211
2024-12-23,21.534149169921875,22.270028597365474,21.495419645747695,21.940819331224564,2609274
2024-12-24,21.843992233276367,22.21193286169159,21.43732208160413,21.572880030037123,4107707
2024-12-25,22.85098648071289,23.218925274992653,22.07637567393499,22.270028837332827,4454256
2024-12-26,22.734792709350586,23.412576889592522,22.541141405576685,22.85098496906558,4698732
2024-12-27,22.657333374023438,22.967176958784723,22.483045895891856,22.7541599559647,2953250
2024-12-30,22.579872131347656,22.986542291809897,22.560506445893882,22.850986187260286,2257611
2024-12-31,22.444316864013672,22.812255667293172,21.902090578775752,22.637968185334756,8661714
2025-01-02,23.064002990722656,23.199559094119774,22.483045359742526,22.502411045031653,3069694
2025-01-03,23.354482650756836,23.354482650756836,22.8897154394541,23.102734283288427,3857181
2025-01-06,23.60622787475586,24.09035889787632,23.451306095102375,23.49003746342239,5875156
2025-01-07,23.354482650756836,23.819248015246178,23.218924701004067,23.60622917141185,2913861
2025-01-08,22.792890548706055,23.412577697055884,22.773524863616778,23.35448248860143,2002538
2025-01-09,23.19955825805664,23.3932114103423,22.831619484889888,23.025272637175547,3089673
2025-01-10,22.909082412719727,23.431944862277735,22.657334031096998,23.199560320154067,3788191
2025-01-13,22.173202514648438,22.889716272688823,22.037646406774527,22.889716272688823,2385520
2025-01-14,22.07637596130371,22.4443166071864,21.88272464219855,22.405585235277293,2701303
2025-01-15,22.095739364624023,22.28939251053701,21.78589580861386,22.173200253626565,2043139
2025-01-16,22.85098648071289,22.889716005304397,22.134472731042404,22.270028837332827,5334270
2025-01-17,22.870351791381836,23.10273447556051,22.560506365663535,22.831620420612023,2055516
2025-01-20,22.676698684692383,23.044637473807185,22.27002852471633,22.870351845371804,6672527
2025-01-21,22.366853713989258,22.715426795994553,22.366853713989258,22.67669727435543,2309256
2025-01-22,23.393213272094727,23.664327337508638,22.36685591564993,22.36685591564993,7385745
2025-01-23,23.625595092773438,23.993535728448443,23.296385827933026,23.52876851250036,5204223
2025-01-24,23.9935359954834,24.12909210128632,23.23829087712403,23.62559535571341,4184773
2025-01-27,23.60622787475586,24.167819787703063,23.373845205275632,24.167819787703063,3192205
2025-01-28,23.625595092773438,24.129091832742702,23.431943779040694,23.644960778190732,2698080
2025-01-29,22.92844581604004,23.722420407663545,22.870350609700427,23.625593832555317,3258260
2025-01-30,22.986541748046875,23.625594578396942,22.754159068538975,22.77352475353464,2862134
2025-01-31,22.56050682067871,23.1027349415117,22.076375757172187,23.005908359447705,3452737
2025-02-03,22.23129653930664,22.560505795273148,21.8052625524904,22.46368106442341,2886269
2025-02-04,22.28939437866211,22.637967484981615,22.250663007508038,22.270028693085074,2380551
2025-02-05,21.689069747924805,22.715427013153,20.623981113873917,22.69606317555497,2798662
2025-02-06,21.74716567993164,22.19256720218666,21.727801841687544,21.843992258405635,3206678
2025-02-07,22.328123092651367,22.36685446239977,21.72780163605806,21.8052625287415,3685964
2025-02-10,21.727800369262695,22.657331027269553,21.727800369262695,22.32812179085548,2583268
2025-02-11,21.689069747924805,21.882722898411625,21.146843512100347,21.785896323168213,3105019
2025-02-12,20.972557067871094,21.902089649958825,20.972557067871094,21.70843649003664,2129793
2025-02-13,21.43732261657715,21.43732261657715,21.08874951131178,21.224305616314233,1676145
2025-02-14,21.379226684570312,21.785896832652355,21.301765791926748,21.437321892349644,2068771
2025-02-17,21.417957305908203,22.32812230096356,21.321130731783743,21.785896071405197,3860669
2025-02-18,21.03065299987793,21.437323172239736,20.798270308073107,21.41795933303277,2506436
2025-02-19,20.527156829833984,21.204939177584464,20.527156829833984,21.05001739256645,2281270
2025-02-20,21.127479553222656,21.166210925208635,20.527158061947734,20.623982798285745,2411029
2025-02-21,20.565887451171875,21.12747941356195,20.275409550451077,21.12747941356195,2385365
2025-02-24,20.33350372314453,20.72080818660366,20.314138038268236,20.643347293911834,1779200
2025-02-25,19.539527893066406,20.449694710556756,19.539527893066406,20.372233822694593,3381914
2025-02-26,19.520164489746094,19.830008077390723,19.094128633328005,19.830008077390723,2915925
2025-02-27,19.713817596435547,19.849373703921046,19.36524263797175,19.52016443133045,2588111
2025-02-28,19.355560302734375,19.830008538191915,19.345877459543793,19.77191332586192,2133174
2025-03-03,19.36524200439453,19.655719895735093,19.326510633915316,19.539529477924226,2391138
2025-03-04,19.77191162109375,19.8493725131261,19.14254164247925,19.14254164247925,2944460
2025-03-05,20.236677169799805,20.333503747483828,19.830007020977593,19.946199283561093,3351764
2025-03-06,20.798269271850586,20.817634956906176,20.256043017987754,20.33350391139673,3218533
2025-03-07,21.224306106567383,21.224306106567383,20.527158033120035,20.74017503830336,2599435
2025-03-10,21.243671417236328,21.53414931433769,21.108113464684052,21.108113464684052,1698870
2025-03-11,21.340497970581055,21.495419761740596,20.623982377951396,20.70144327353117,2193477
2025-03-12,20.6627140045166,21.185574594438677,20.236678150155814,20.97255759066501,5692676
2025-03-13,21.108112335205078,21.340496856627567,20.798268769059536,20.817634453646964,2769020
2025-03-14,21.495420455932617,21.65034225209534,21.030653220630967,21.146845491159752,3154449
2025-03-17,21.80526351928711,22.095741418342175,21.57288083068037,21.57288083068037,3840144
2025-03-18,21.882722854614258,22.15383504857721,21.437321348111347,21.766530595192055,3638917
2025-03-19,19.69445037841797,21.01128736633604,19.69445037841797,21.01128736633604,4237540
2025-03-20,19.12317657470703,20.101121522423583,18.832698681917854,19.694451364430694,6176718
2025-03-21,17.341575622558594,19.229687626057448,17.21570235083833,19.161909568453186,5298191
2025-03-24,17.719194412231445,17.961259919758177,16.96395121070853,17.38998517425003,3448686
2025-03-25,18.580949783325195,18.72618872557965,17.922531275170762,18.01935785227818,2835602
2025-03-26,18.600313186645508,18.98761948602465,18.29046962459284,18.54221798046396,2836767
2025-03-27,18.455074310302734,19.132858489698958,18.435710472718828,18.784283557802237,2300147
2025-03-28,18.619680404663086,18.668094619479966,17.564274530230065,18.45507576791261,1691939
2025-04-02,18.493804931640625,18.706821910960695,18.396978360381233,18.619678181508565,2116640
2025-04-03,18.57126808166504,18.82301645888252,18.426029130489347,18.493807184583773,1899359
2025-04-04,18.261423110961914,18.648727567049548,18.135548008475105,18.57126667583202,1521643
2025-04-07,18.261423110961914,18.3872963666354,17.331890569538267,17.46744851427893,2231280
2025-04-08,18.445390701293945,18.639043843588993,18.348565976959655,18.493804910274324,1489278
2025-04-09,17.961261749267578,18.639045978105898,17.961261749267578,18.445392813633966,3170176
2025-04-10,17.951580047607422,18.522852982038085,17.922531520034322,18.493806301278358,2307907
2025-04-11,18.058088302612305,18.16459772758281,17.699832349769885,17.951580724455248,1961938
2025-04-14,18.590633392333984,18.716506654994884,18.13554901520693,18.13554901520693,4077717
2025-04-15,20.449695587158203,20.449695587158203,18.687457080830285,18.687457080830285,14293148
2025-04-16,19.403972625732422,21.82462778282599,19.268414681102126,21.06938270896,19174238
2025-04-17,20.759540557861328,20.856367140100666,19.13285988604347,19.40397394695093,18554182
2025-04-18,22.579872131347656,22.831620501806512,20.875730594497007,21.3211321258668,27194361
2025-04-21,23.25765609741211,23.993535515414997,22.715427991422576,23.14146383275338,18201292
2025-04-22,22.56050682067871,23.741787797595236,22.11510712872316,23.257656734088712,18249229
2025-04-24,22.270029067993164,24.206553334775176,22.270029067993164,23.819248850781467,15494842
2025-04-25,23.102733612060547,23.160828819230467,21.747165234797958,22.308759009089414,13792890
2025-04-28,23.19955825805664,24.109725118897906,22.792889962520753,23.257655311830337,18475066
2025-04-29,23.70305633544922,24.148457872515852,23.238290959494552,23.296386169785528,12922306
2025-04-30,22.366853713989258,24.0709951428165,22.231295771219084,23.722420213997907,8556951
2025-05-02,22.270029067993164,23.238291201384172,22.037646377596936,22.754160134688668,5398918
2025-05-05,22.270029067993164,23.025274196890994,21.185574665997315,22.231297696187063,11336440
2025-05-06,22.947813034057617,23.1220986647242,22.328124020038295,22.424950601617574,8125996
2025-05-07,23.296384811401367,23.431942756594,22.483044527498876,23.238289604497854,10456409
2025-05-08,23.644960403442383,23.896708769437062,23.3157511438196,23.354482514040342,4633189
2025-05-09,24.516395568847656,24.67131735389461,23.761152328447086,24.03226452887258,12542320
2025-05-12,24.78750991821289,24.903700335007635,24.24528366393954,24.80687560328314,17247617
2025-05-13,24.923065185546875,25.17481354259038,24.438934155881675,24.45829984030348,15268498
2025-05-14,25.988155364990234,26.084981946041612,24.923066667051927,24.942432352624888,18855613
2025-05-15,26.549747467041016,26.820861526134813,26.026885034534427,26.026885034534427,18120081
2025-05-16,26.511016845703125,26.975784081128875,25.930061033344543,26.70467001436498,12630752
2025-05-20,26.82086181640625,27.769758263283915,26.665940022908405,26.685303861985542,19100858
2025-05-21,27.401817321777344,27.653565695187563,26.95641763199934,26.95641763199934,12414848
2025-05-22,28.079601287841797,28.176427868541865,27.4986436504548,27.4986436504548,11954708
2025-05-23,27.98277473449707,28.273254476881245,27.4405484675854,28.17642789608652,14007694
2025-05-26,25.717041015625,28.137696280377707,25.678311491731925,28.002140176531842,20577498
2025-05-27,25.77513885498047,26.66594009335308,25.658946586143404,25.717041797155208,6971008
2025-05-28,26.104345321655273,27.44054805346771,25.349102065843663,25.910694009801723,23267706
2025-05-29,26.530380249023438,26.704667716459173,25.871961748405475,26.14307579184032,13474867
2025-05-30,24.78750991821289,26.685302731576314,24.012899136723295,26.53038094464107,11322671
2025-06-02,22.696063995361328,25.174814438335883,22.696063995361328,25.000526965964955,15591526
2025-06-03,21.940818786621094,23.10273403202073,21.76653131512981,22.909080875516334,19260057
2025-06-04,21.99891471862793,22.173202195853403,21.805263402565632,22.173202195853403,7440671
2025-06-05,21.863357543945312,22.347488580655185,21.747165282537072,21.998913643243807,6036685
2025-06-10,22.07637596130371,22.560507029286804,21.94081985324875,22.17320254426302,13898279
2025-06-11,21.902090072631836,22.444316345339235,21.902090072631836,22.134472760935008,12531983
2025-06-12,20.953189849853516,21.785895791070224,20.85636512378826,21.766530107131864,5854019
2025-06-13,19.84937286376953,20.197947807479423,19.50079792005964,20.023660335624477,6398523
2025-06-16,19.791278839111328,20.488426921413197,19.73318178047606,19.73318178047606,4276904
2025-06-17,19.752546310424805,20.159216462998845,19.713816787081903,19.946199467579444,5498144
2025-06-18,18.84238052368164,19.830008358404807,18.84238052368164,19.75254746039594,8301393
2025-06-19,18.629362106323242,19.14254167106215,18.561584056545403,19.026349409433465,5314550
2025-06-20,18.63904571533203,19.220003353744026,18.6003143442583,18.658411400868896,3886316
2025-06-23,18.106502532958984,18.49380701480985,17.893483682830926,18.396980432643772,6573248
2025-06-24,19.345876693725586,19.539529856244357,18.464758313210684,18.629362947307612,6514648
2025-06-25,19.229684829711914,19.69445016868172,19.17158777723072,19.462067499196817,3625377
2025-06-26,19.28778076171875,19.462068232099064,18.745554512501496,19.2296855538631,3152676
2025-06-27,19.04571533203125,19.384607431966142,18.72618891707855,19.355558904492852,2664780
2025-06-30,20.004295349121094,20.217312351708262,18.396980369818838,19.036033224393787,4575186
2025-07-01,20.527156829833984,20.87572992271784,20.043025789949347,20.101120997627763,6491298
2025-07-02,20.933828353881836,21.340498528001334,20.60461907736541,20.60461907736541,7376741
2025-07-03,20.391599655151367,21.166210456392665,20.33350444527263,20.95319160881493,4133824
2025-07-04,20.449695587158203,20.623981207209106,20.101120653429753,20.430329902659217,2869707
2025-07-07,19.77191162109375,20.488425334096313,19.75254593638233,20.44969581148681,3558386
2025-07-08,19.527450561523438,20.299944520058638,19.439444873460427,20.045706072885555,3605159
2025-07-09,19.576343536376953,19.791467514274988,19.50789508273124,19.576343536376953,2980727
2025-07-10,20.143491744995117,20.29994589770695,19.674129286859614,19.752356363215533,3408380
2025-07-11,19.86969566345215,20.436842422406098,19.615457203909955,20.339058112569777,3705077
2025-07-14,19.791467666625977,20.10437595146109,19.752355063561833,19.869694737834756,3280191
2025-07-16,19.85013771057129,20.397729079818323,19.595901125304362,19.791467872823578,7516201
2025-07-17,20.495512008666992,20.69108062591969,19.987036960954985,19.987036960954985,5271726
2025-07-18,20.397729873657227,20.65196833389912,20.12393417837813,20.53462678875648,4551928
2025-07-21,20.632410049438477,20.769306957574763,20.43684143917479,20.53462574430663,6601969
2025-07-22,20.632410049438477,21.043102638927827,20.515068510264165,20.612852815396007,9694733
2025-07-23,20.632410049438477,20.749749723532297,20.4955112762217,20.691079886485387,6469037
2025-07-24,20.71063804626465,20.886649430353334,20.593296501845334,20.651968206595278,6887081
2025-07-25,20.59329605102539,20.808421900237928,20.3977293013819,20.78886466574942,4448172
2025-07-28,21.062660217285156,21.31689680367131,20.18260332179261,20.593295917995626,12502748
2025-07-29,20.86709213256836,21.49290872737105,20.84753489771063,21.08221612076164,11878837
2025-07-30,20.9453182220459,21.10177236338992,20.847533917435765,20.9453182220459,4909142
2025-07-31,21.02354621887207,21.258227441226555,20.847534835836065,20.945319144753906,7511808
2025-08-01,21.02354621887207,21.238670206426875,20.925761909954225,21.08221605819055,5341556
2025-08-04,21.512466430664062,21.766704894108855,21.062661209625233,21.101773815111795,8805782
2025-08-05,21.35601234436035,21.62980804393237,21.082216644788332,21.53202373229375,6625063
2025-08-06,21.395124435424805,21.688477363285674,21.316897361011353,21.356011830758366,6274070
2025-08-07,21.766704559326172,22.23606700842956,21.31689748012499,21.47335162982612,8594493
2025-08-08,21.45379638671875,21.942716073694505,21.414681916522003,21.80581729308649,4389735
2025-08-11,21.94271469116211,22.13828143458209,21.512464871509387,21.708033480009846,6897392
2025-08-12,21.45379638671875,22.255624374946095,21.45379638671875,22.00138591390903,6381028
2025-08-13,20.808422088623047,21.668919898021944,20.808422088623047,21.47335128152737,6599141
2025-08-14,20.43684196472168,21.18000009172181,20.417284730176284,20.73019488766098,5843045
2025-08-15,20.61285400390625,20.671523844335987,20.41728538236633,20.436842617536442,2843985
2025-08-18,20.51506996154785,21.10177396876323,20.417285649498517,20.671524114794536,6077569
2025-08-19,19.752355575561523,20.006592164769735,19.556786959930005,19.556786959930005,5920555
2025-08-20,20.065263748168945,20.20216065924166,19.850137899248352,19.850137899248352,4437448
2025-08-21,20.651968002319336,20.827977519586476,20.143491089999454,20.339057841989792,6092008
2025-08-22,20.730194091796875,20.886648231992435,20.339056876227506,20.651967021699093,8679048
2025-08-25,21.04310417175293,21.062661407219988,20.769308470455993,20.769308470455993,6411293
2025-08-26,21.219114303588867,21.47335088927491,20.53462602344193,21.06266015928337,9194039
2025-08-27,20.671524047851562,21.43423944126963,20.593296971481553,21.219115447522253,7403790
2025-08-28,20.671524047851562,21.121331135789585,20.651968677569524,20.671524047851562,5777571
2025-08-29,20.632410049438477,20.827976794621673,20.43684143917479,20.671522652442917,2637126
2025-09-01,20.61285400390625,20.769308155105946,20.573741398646625,20.63241123907636,3047122
2025-09-02,19.654571533203125,20.710637968699505,19.351441853452652,20.612853659563058,8980311
2025-09-03,19.51767349243164,19.752356589265773,19.341663967427,19.654572276431658,4176332
2025-09-04,19.86969566345215,20.026149813158025,19.615457203909955,19.615457203909955,3956261
2025-09-05,19.85013771057129,20.084820791723168,19.732798035075863,19.92836478259508,4124302
2025-09-08,19.370996475219727,19.71324061144152,19.361217858175618,19.71324061144152,2893029
2025-09-09,19.312326431274414,19.79146747082296,19.087423836909267,19.370996267830435,3439124
2025-09-10,19.165651321411133,19.635013754160667,19.116758235657734,19.527450830583707,2894729
2025-09-11,18.979862213134766,19.615457437002817,18.970083595526877,19.23410067569811,4198995
2025-09-12,18.559391021728516,19.17543087680006,18.481163945776007,18.99941948963676,2642685
2025-09-15,19.459003448486328,19.507896536935462,18.031358837222836,18.53983390152947,3852767
2025-09-16,19.811025619506836,19.85013822399011,19.429668866662237,19.556787162583582,4166637
2025-09-17,19.791467666625977,20.006591646179995,19.713240595417197,19.811024900698293,2841058
2025-09-18,19.752355575561523,20.202160780401254,19.576344194509268,19.947922326112497,3904482
2025-09-19,20.319501876831055,20.319501876831055,19.556786530704596,19.771910511113365,3318931
2025-09-22,20.065263748168945,20.593296023078373,19.49811700433558,20.51506895031103,5456081
2025-09-23,19.693683624267578,19.987036544027312,19.63501378634784,19.987036544027312,3109503
2025-09-24,19.752355575561523,19.90880972203452,19.468781269403877,19.713241106403004,3269744
2025-09-25,19.556787490844727,19.98703733786588,19.556787490844727,19.98703733786588,2210755
2025-09-26,19.419889450073242,19.771910336258046,19.41011083308471,19.771910336258046,2929109
2025-09-29,19.282991409301758,19.48833864369504,19.214542952864182,19.361218483099066,2116856
2025-09-30,19.331884384155273,19.595901456097554,19.08742454681921,19.595901456097554,2254579
2025-10-01,19.331884384155273,19.400332840196484,19.126537150951098,19.400332840196484,2519674
2025-10-02,19.224321365356445,19.61545673017478,19.077645836684635,19.331884290086688,2554524
2025-10-03,18.86252212524414,19.2634361131192,18.794071803464988,19.2634361131192,2390365
2025-10-06,18.6962890625,19.009197353909116,18.54961166895651,18.89185581209043,2609843
2025-10-07,18.784292221069336,18.891855141830217,18.725622384781797,18.725622384781797,2763113
2025-10-08,18.481163024902344,18.930970088026882,18.393157335705816,18.813628547404672,2472034
2025-10-09,18.647396087646484,18.960304380924157,18.45182933688821,18.618062100827043,2776200
2025-10-10,19.302549362182617,19.54700921002953,18.63761827762611,18.63761827762611,6251025
2025-10-13,18.794071197509766,19.312326712359013,18.7060655088546,18.989639808983576,2868928
2025-10-14,18.970083236694336,19.41011169532294,18.637617704637297,18.872298927545696,3737888
2025-10-15,18.383378982543945,19.146094344839398,18.383378982543945,18.970082963918866,6372762
2025-10-16,18.393157958984375,18.82340780240476,18.393157958984375,18.530056738529385,3442971
2025-10-17,17.86512565612793,18.55939071042626,17.483767035310557,18.40293656114549,3755971
2025-10-20,17.914016723632812,18.070470871562136,17.60110842777416,17.796677045226097,4298346
2025-10-21,17.99224281311035,18.41271401206857,17.953130210808435,17.953130210808435,3446173
2025-10-22,18.481163024902344,18.510498876328025,18.09002766462917,18.09002766462917,3267278
2025-10-23,18.402936935424805,18.676732634774897,17.718450484670495,18.481164011656173,3931921
2025-10-24,19.02875328063965,19.02875328063965,18.44205114960407,18.44205114960407,4537216
2025-10-27,19.908809661865234,20.26083055782531,19.018976007084156,19.028752759263696,9789986
2025-10-28,19.556787490844727,20.00659270789547,19.556787490844727,19.86969579228535,1643561
2025-10-30,19.908809661865234,20.593296084345774,19.635013973824694,19.654571208344848,6166304
2025-10-31,19.811025619506836,20.06526407643009,19.5763443973655,19.908809928335867,3159567
2025-11-03,19.713241577148438,20.104376952671107,19.615457266997623,19.869695727357506,5379496
2025-11-04,19.595901489257812,19.88925254852528,19.5763442546185,19.752355636211202,3184609
2025-11-05,19.322105407714844,19.654570929518844,19.058088340679813,19.615456461033425,6617755
2025-11-06,19.331884384155273,19.44922406163148,19.204764224295413,19.322105766852165,2461658
2025-11-07,19.067867279052734,19.547008335588497,19.067867279052734,19.361218337313634,2495865
2025-11-10,18.774517059326172,19.106982601580533,18.735402588434777,18.979862436264124,2613838
2025-11-11,18.324708938598633,18.833185841098018,18.129142190385384,18.774516003142097,2589726
2025-11-12,18.305152893066406,18.6278398204014,18.246483051300217,18.57894859644302,1443860
2025-11-13,18.45182991027832,18.676732519925423,18.30515251130094,18.30515251130094,1462152
2025-11-14,18.19759178161621,18.45183024873838,18.10958608664774,18.45183024873838,1720662
2025-11-17,18.490942001342773,18.59850492691315,18.27581801528257,18.27581801528257,2237159
2025-11-18,18.481163024902344,18.686510254721085,18.442050421415285,18.50072025918613,1738621
2025-11-19,18.481163024902344,18.61806179980834,18.47138440776045,18.490941642044238,2205770
2025-11-20,18.45182991027832,18.774516830883478,18.43227267507059,18.54961235615577,1647186
2025-11-21,18.28559684753418,18.53983344082961,18.275818230087342,18.53983344082961,1035438
2025-11-24,18.25625991821289,18.363822838702113,18.24648130134292,18.285595768822805,1536405
2025-11-25,18.295373916625977,18.471385303554943,18.226925458393737,18.26603992885822,1716245
2025-11-26,18.402936935424805,18.4322727884168,18.28559725361806,18.305152623865443,1801359
2025-11-27,18.383378982543945,18.481163290286524,18.354044995777553,18.432272068955506,1540190
2025-11-28,18.383378982543945,18.461606055721898,18.29537329208368,18.373602230342176,986379
2025-12-01,18.578947067260742,18.666952755206836,18.432271542377414,18.559389833254833,1944144
2025-12-02,18.627838134765625,18.940748281058173,18.481162611082524,18.578946915231416,2897092
2025-12-03,18.715845108032227,18.79407218371054,18.618062662244785,18.686511120328234,1399421
2025-12-04,18.45182991027832,18.76473821327961,18.393158204655126,18.715845125260284,1628133
2025-12-05,18.305152893066406,18.57894859644302,18.178034591726227,18.530057372484634,1891079
2025-12-08,18.53005599975586,18.64739567459557,18.30515153699882,18.30515153699882,4161209
2025-12-09,18.5985050201416,18.872298846485112,18.57894778537976,18.774516402837037,3229922
2025-12-10,18.559391021728516,18.715845173633536,18.530057033921704,18.666953950568445,1766078
2025-12-11,18.578947067260742,18.77451567715884,18.520277230323508,18.559389833254833,1808563
2025-12-12,18.5985050201416,18.784293155137394,18.559390550617923,18.6278390072038,1636595
2025-12-15,18.666954040527344,18.80385095783381,18.61806281722664,18.61806281722664,2682169
2025-12-16,18.6962890625,18.833185973721356,18.60828337240612,18.6962890625,2756293
2025-12-17,18.970083236694336,19.018976323808943,18.412715099151818,18.66695355690606,4136478
2025-12-18,18.86252212524414,19.185209039023594,18.813629038259034,19.058088877942875,3328598
2025-12-19,18.970083236694336,19.106982015534662,18.82340770551166,18.862522175203342,2624020
2025-12-22,18.6962890625,19.067867192278193,18.666953210775194,19.018975971150716,1821075
2025-12-23,18.295373916625977,18.72562376633227,18.27581854647434,18.71584514871615,1794802
2025-12-24,18.383378982543945,18.432272068955506,18.246482070752663,18.314930526648304,2794359
2025-12-25,18.578947067260742,18.754958443152933,18.461605528305785,18.754958443152933,957157
2025-12-26,18.578947067260742,18.627838287195022,18.17803309554208,18.59850430126665,1521463
2025-12-29,18.11936378479004,18.57894760679222,18.060692081068495,18.451829312223293,1610209
2025-12-30,18.383378982543945,18.41271483439088,18.031358085783424,18.11936377624369,1876737
2025-12-31,18.402936935424805,18.627839546454908,18.35404571218543,18.38337970009681,1765569
2026-01-02,18.84296417236328,18.921191243477733,18.314930043530367,18.314930043530367,2777013
2026-01-05,19.830583572387695,20.41728571644623,18.84296556110424,18.86252279659436,6773977
2026-01-06,20.006591796875,20.104376102892633,19.556786600306594,19.928364725076992,4216266
2026-01-07,20.065263748168945,21.101772928606366,19.90880960263426,20.045706513706975,3505200
2026-01-08,19.811025619506836,20.06526407643009,19.556787162583582,20.06526407643009,2322348
2026-01-09,20.02614974975586,20.319502678336068,19.8110257608615,19.889252835466774,2519038
2026-01-12,20.02614974975586,20.280388208493143,19.90881007038824,20.20216113388787,1817930
2026-01-13,20.18260383605957,20.339057984782468,19.947922612975223,20.02614968733667,1947302
2026-01-14,20.084821701049805,20.4368426085541,20.084821701049805,20.260831222261654,2587622
2026-01-15,20.221717834472656,20.417284583277915,19.94792214804866,20.221717834472656,1713786
2026-01-16,20.35861587524414,20.515070029005276,20.16304911558304,20.16304911558304,2234958
2026-01-19,20.632410049438477,20.827976794621673,20.35861436808541,20.35861436808541,2500699
2026-01-20,20.51506996154785,20.74975119141788,20.339058572875174,20.651968744449167,2692582
2026-01-21,20.221717834472656,20.710637504106597,20.045706454991553,20.55418335903018,2636123
2026-01-22,20.43684196472168,20.456399199267075,20.22171797996396,20.22171797996396,1829333
2026-01-23,20.41728401184082,20.57374001761889,20.299944338857863,20.534625549904256,2966398
2026-01-26,21.238670349121094,21.33645465869591,20.319502688327308,20.397729762971046,6483391
2026-01-27,20.827978134155273,21.23867075005797,20.808422763935614,21.082216597817002,3072764
2026-01-28,21.140888214111328,21.316897735825936,20.8866497515272,20.925762356881357,4273462
2026-01-29,20.730194091796875,21.23866911489221,20.61285255410997,21.14088667608034,3872763
2026-01-30,20.45639991760254,20.78886545622676,20.378172841754523,20.730195615610896,3723572
2026-02-02,20.7497501373291,20.80842184062655,20.065263717916974,20.24127509764826,3691128
2026-02-03,20.69108009338379,21.160442524613394,20.51506871540256,20.76930716525539,3415075
2026-02-04,20.76930809020996,21.101773626740638,20.632411174608126,20.827977930456374,3361632
2026-02-05,20.554183959960938,20.867092259262094,20.515069490008003,20.82797778930916,2401841
2026-02-06,20.045705795288086,20.554182682592753,19.811024585396808,20.534625448831697,2211284
2026-02-09,20.45639991760254,20.495512522986242,20.202161454826335,20.202161454826335,2649455
2026-02-10,20.28038787841797,20.53462633301737,20.18260357048273,20.53462633301737,2406174
2026-02-11,20.241275787353516,20.417285308001656,20.123934241840832,20.221718552254636,2255612
2026-02-12,20.86709213256836,20.886649367426084,20.12393399369988,20.12393399369988,4157752
2026-02-13,21.316896438598633,21.316896438598633,20.69107987037101,20.82797677840068,4283203
2026-02-16,23.44858741760254,23.44858741760254,22.060055451063743,23.44858741760254,26473781
2026-02-17,23.78105354309082,24.95446155103937,23.037895386734156,23.917950460155257,24043641
2026-02-18,22.568532943725586,23.97662218112985,22.451191396824974,23.781053557989036,8981910
2026-02-19,21.43423843383789,22.783655904066684,21.43423843383789,22.783655904066684,4863981
2026-02-20,21.727590560913086,22.177397649876404,21.336455178171477,21.55158103748983,4927251
2026-02-23,21.512466430664062,22.13828303909395,21.336455043273002,21.825374734879006,3890203
2026-02-24,21.25822639465332,21.473350371617258,21.02354518385253,21.43423776902403,3397492
2026-02-25,20.26082992553711,21.316896310621313,20.06526318168032,21.082215098944875,5209803
2026-02-26,20.45639991760254,20.925762372690635,20.104377143746163,20.260831295442195,3774072
2026-02-27,20.1043758392334,20.55418289498331,19.850137392953965,20.534625661020165,2396073
2026-03-02,19.830583572387695,19.830583572387695,18.344267246589983,18.38337985248959,3951049
2026-03-03,19.380775451660156,19.86969512244908,19.331884230613475,19.53722959710617,3907318
2026-03-04,19.4492244720459,19.595901869607136,19.185209259612957,19.4492244720459,3071472
2026-03-05,19.498117446899414,19.771911275259356,19.410111754903554,19.44922435963473,3293966
2026-03-06,19.136316299438477,19.498117689374144,18.57894815325376,19.498117689374144,1630507
2026-03-09,18.6962890625,19.067867192278193,18.168254921936718,19.067867192278193,3772770
2026-03-10,19.390554428100586,19.53722995903836,18.960304587613294,18.960304587613294,3520734
2026-03-11,19.537229537963867,19.595901241138915,19.204764013627383,19.41011124457899,2478664
2026-03-12,19.058088302612305,19.37099658954858,18.90163415914417,19.25365691448773,5181016
2026-03-13,18.950525283813477,19.12653666059585,18.862521460502787,19.048309589257073,2018930
2026-03-16,19.136316299438477,19.35144215591721,18.911413690465803,19.009198001130624,2691213
2026-03-17,19.165651321411133,19.29276961420894,19.028752546382133,19.146094087109773,2487354
2026-03-18,19.165651321411133,19.32210546566098,19.08742424928621,19.234099776385374,2422468
2026-03-19,18.774517059326172,19.155873825114153,18.696289982624005,19.155873825114153,2544692
2026-03-23,18.764738082885742,19.087425001248587,18.256261161501687,18.764738082885742,5874271
2026-03-24,18.745180130004883,19.106981504656932,18.70606566135903,18.872298422942862,3022079
2026-03-25,18.85274314880371,18.999418676804524,18.735401607354742,18.84296453159292,1844428
2026-03-26,18.637617111206055,18.97986124978879,18.637617111206055,18.80384987194164,1503237
2026-03-27,18.60828399658203,18.725623677256095,18.481163833257764,18.686511072058273,1357513
2026-03-30,18.500720977783203,18.67673236301282,18.47138512521807,18.608283905441432,1382695
2026-03-31,18.989641189575195,19.547009348192883,18.559391332100933,18.559391332100933,7092228
2026-04-01,19.146095275878906,19.459003583806876,19.018976975188405,19.048310963381258,3541238
2026-04-02,18.901634216308594,19.058088360249897,18.85274299573213,19.058088360249897,1772313
2026-04-03,18.872299194335938,19.0678678153979,18.833186589171905,19.048310580275583,2396636
2026-04-06,18.999418258666992,19.048309478564427,18.872298102804884,18.882076719800466,2724737
2026-04-07,18.500720977783203,19.116758961006276,18.48116374273978,19.00919789842863,2068446
2026-04-08,18.930971145629883,19.067868063103287,18.921192527941695,19.067868063103287,3221379
2026-04-09,18.813629150390625,18.921192077318384,18.72562345837347,18.86252223766714,1470456
2026-04-10,19.116758346557617,19.18520866700947,18.823407290657503,18.872298511614012,4585363
2026-04-13,18.83318519592285,19.067866404787505,18.725622275788048,19.067866404787505,2018474
2026-04-14,19.077646255493164,19.20476455244453,18.852743648920438,18.852743648920438,4162479
2026-04-15,19.234100341796875,19.34166326853579,19.038531723195316,19.155873267372368,5102877
2026-04-16,19.058088302612305,19.439445044180825,19.018975699285523,19.26343553158955,5507848
2026-04-17,19.947921752929688,20.006591589901106,19.087423972053717,19.16565104304244,7165775
2026-04-20,20.084821701049805,20.65196846516958,19.635014617737927,19.71324169330339,6967607
2026-04-21,19.576343536376953,20.47595578089311,19.449223380965925,20.45639854697134,3986698
2026-04-22,19.635013580322266,20.006591703355753,19.478559437457584,19.576343743018136,4262648
2026-04-24,19.85013771057129,20.006591854618865,19.312326823542808,19.75235526935194,4573148
2026-04-27,20.143491744995117,20.3390585033446,19.752356363215533,19.850138809849966,4316958
2026-04-28,19.468780517578125,20.299944304294215,19.468780517578125,20.143490163863003,4495031
2026-04-29,19.419889450073242,19.791467570235113,19.400332216096174,19.732797733384395,2029429
2026-04-30,19.468780517578125,19.54700758779373,19.282990526410888,19.42966791501056,1764692
2026-05-04,18.950525283813477,19.635013556838153,18.950525283813477,19.468780797108188,3076356
2026-05-05,18.999418258666992,19.087423946546764,18.8527427338942,18.95052517368907,2142004
2026-05-06,19.302549362182617,19.44922489787464,19.077646749782808,19.077646749782808,3158525
2026-05-07,19.752355575561523,19.987036795271017,19.33188435751014,19.459002652114247,4670133
2026-05-08,19.752355575561523,19.88925248745526,19.517672490771485,19.713241106403004,3251191
2026-05-11,19.987037658691406,20.24127612396301,19.75235642884391,19.75235642884391,4722230
2026-05-12,19.087425231933594,19.674129235615112,19.0678679966254,19.556787688846565,6739631
2026-05-13,18.989641189575195,19.40033381146412,18.8722996411438,19.11675949071862,2524492
2026-05-14,18.970083236694336,19.30254876875138,18.970083236694336,19.06786754584298,1891451
2026-05-15,18.578947067260742,19.009196889988264,18.45182877638332,18.960303804973496,2764001
2026-05-18,18.53005599975586,18.813628434852248,18.35404462241579,18.56916860300893,2647398
2026-05-20,18.481163024902344,18.657174403295404,18.354044732218757,18.530056110611813,2671953
2026-05-21,17.728225708007812,18.578946720585826,17.728225708007812,18.481162417461388,2422525
2026-05-22,18.246482849121094,18.314931307936646,17.2099736190271,17.2099736190271,3466172
2026-05-25,18.28559684753418,18.471384983782336,18.217146525406328,18.402936526735058,2659708
2026-05-26,18.295373916625977,18.402936845322703,18.226925458393737,18.314931151858218,1295039
2026-05-27,18.295373916625977,18.295373916625977,18.295373916625977,18.295373916625977,0
2026-05-28,18.295373916625977,18.295373916625977,18.295373916625977,18.295373916625977,0
2026-05-29,18.295373916625977,18.295373916625977,18.295373916625977,18.295373916625977,0
2026-06-01,18.383378982543945,18.569168980746788,18.29537329208368,18.510499142133458,3579656
2026-06-02,18.44205093383789,18.559390612639934,18.402936464183497,18.481163538411717,3675354
2026-06-03,18.383378982543945,18.666953288489367,18.354044995777553,18.549611746182165,5480283
2026-06-04,18.25625991821289,18.69628835195929,18.14869699772367,18.43227129171145,4270268
2026-06-05,18.344266891479492,18.59850535268757,18.324709656367965,18.402936731733483,3728886
2026-06-08,18.559391021728516,18.647396715310165,18.13891978907855,18.324709793870987,4193099
2026-06-09,18.402936935424805,18.647396781782906,18.334488476857437,18.637618164118905,3600977
2026-06-10,18.461606979370117,18.52027868599938,18.33448867850132,18.412715755593034,2736642
2026-06-11,18.26603889465332,18.618061648580074,18.148697354984236,18.46160564066113,4098031
2026-06-12,18.246482849121094,18.46160684326721,18.187813008004994,18.451830090648375,3328600
2026-06-15,18.578947067260742,18.862521365104936,18.42249292537446,18.432271542377414,5104522
2026-06-16,18.334487915039062,18.637617593011818,18.26603945856914,18.59850498863496,3149748
2026-06-17,18.17803382873535,18.461606272936674,18.13891935914589,18.432272285825142,2118550
2026-06-18,18.36382293701172,18.42249277346517,18.21714554825738,18.34426570316708,2862081
2026-06-19,19.468780517578125,20.163047397687023,18.20736877721645,18.305151216175602,24364528
2026-06-22,19.488338470458984,20.534626272602512,19.488338470458984,20.515069038056893,12183040
2026-06-23,18.891855239868164,19.41011074749222,18.882076622922753,19.41011074749222,6677810
2026-06-24,18.588726043701172,19.615456602818153,18.481163119669297,18.97008278878796,8626429
2026-06-25,18.481163024902344,18.96030407437205,18.36382334936065,18.686510254721085,3740430
2026-06-26,18.61806297302246,18.82340835070049,18.48116418948981,18.530057278280267,4270539
2026-06-29,18.52027702331543,18.78429221912223,18.481162555740813,18.627838078984695,3247052
2026-06-30,18.569169998168945,18.647397075633034,18.490942920704857,18.53983414471467,2411261
2026-07-01,18.549612045288086,18.77451651624668,18.5104994406087,18.56916928016806,2507728
2026-07-02,18.647396087646484,18.75495901286589,18.549611779727073,18.549611779727073,2511343
2026-07-03,18.882078170776367,18.979862483165867,18.61806295192953,18.686511411077994,4067825
2026-07-06,18.882078170776367,19.175431107944874,18.41271570940351,18.960305247671844,4986144
2026-07-07,18.970083236694336,19.595901696197302,18.85274355778042,18.882077544968617,4229400
2026-07-08,18.42249298095703,18.970082479211158,18.393157129859663,18.970082479211158,3457602
2026-07-09,18.4127140045166,18.70606504944225,18.354044168547563,18.666952447156376,2219961
2026-07-10,18.647396087646484,18.67673193954647,18.393157633088236,18.48116332370765,2299230
2026-07-13,18.490942001342773,18.67673200048782,18.44205077976381,18.647396148492113,1521534
2026-07-14,18.666954040527344,18.774516969885635,18.383379723157528,18.383379723157528,6089044
2026-07-16,18.823408126831055,18.84296536211464,18.676732592365376,18.676732592365376,2499985
2026-07-17,18.823408126831055,18.979862278938526,18.74518105077732,18.84296536211464,3611103
2026-07-20,18.823408126831055,19.547009046598262,18.813629509189262,18.833186744472847,7682876
2026-07-21,18.970083236694336,19.30254876875138,18.774516483477623,18.872298927545696,6382435
2026-07-22,19.01897621154785,19.27321280272087,18.83318621177013,19.27321280272087,3765296
2026-07-23,18.83318519592285,19.30254761365216,18.83318519592285,19.16565070808456,4816167
2026-07-24,18.52027702331543,18.901633756765616,18.412714102565698,18.85274253737781,2940104
2026-07-27,18.09980583190918,18.66695255647926,18.09980583190918,18.60828272016662,2658789
2026-07-28,17.806453704833984,18.13891923372328,17.796676952584786,18.099806629484828,2189974
2026-07-29,17.786897659301758,17.962909034387216,17.6108862842163,17.806453028137547,1952751
2026-07-30,17.806453704833984,17.874904026142232,17.679335409708337,17.786898335255035,1173273
2026-08-03,17.640222549438477,17.894459135999764,17.61088669787501,17.738004991155652,1085295
2026-08-04,17.649999618530273,17.71844994007436,17.58155116206674,17.649999618530273,2464172
2026-08-05,17.729999542236328,18.440000534057617,17.639999389648438,17.829999923706055,7773543
2026-08-06,17.709999084472656,17.90999984741211,17.68000030517578,17.729999542236328,2417686
2026-08-07,17.90999984741211,17.969999313354492,17.700000762939453,17.719999313354492,2327557
