Price,Close,High,Low,Open,Volume
2021-08-10,289.4820556640625,309.49351308114024,288.2847938883714,303.4216538135683,321991
2021-08-11,307.4410705566406,315.3943339870551,289.56758933783004,289.8241361200949,373682
2021-08-12,299.82989501953125,331.21538123061407,296.409131872927,308.72387398103194,471442
2021-08-13,308.5528259277344,311.2894468891777,296.7512034905073,300.17196664313565,160404
2021-08-16,339.3396911621094,339.3396911621094,312.1446347896402,312.1446347896402,440872
2021-08-17,356.61456298828125,365.16647097361175,327.7946226383767,339.3396984185729,614768
2021-08-18,349.77301025390625,369.44239713860026,344.3853190683084,359.52217940317155,311798
2021-08-19,325.9987487792969,346.0102086098755,318.1309828501144,343.7867072735107,346413
2021-08-20,339.5107421875,341.9907902482925,323.2621172465365,326.16976070051226,232502
2021-08-23,373.4618225097656,373.4618225097656,342.93150135159254,342.93150135159254,493166
2021-08-24,383.0399475097656,399.2885724301927,374.9156350495521,384.8358533785358,412412
2021-08-25,377.13916015625,394.2429769433815,368.5872517626842,384.40828229078085,332164
2021-08-26,380.55987548828125,388.2565920711903,377.7377565138879,378.8494940254126,245383
2021-08-27,401.939697265625,410.4916057180851,378.935068748178,384.4082849380818,464170
2021-08-31,396.4664611816406,413.99787262948445,393.38776907356834,406.55770220983914,452711
2021-09-01,391.5918273925781,400.65685428879283,389.96697023626365,397.23609139198345,197759
2021-09-02,376.3694763183594,395.52574501964017,376.3694763183594,395.0126253199443,218816
2021-09-03,385.17791748046875,390.7366574839121,374.4025085618159,376.3694629912758,222625
2021-09-06,363.6271057128906,390.82216025402795,363.4560571290194,387.1448505859448,248634
2021-09-07,367.7320556640625,377.8232969848049,353.621407016488,363.62715013320013,253400
2021-09-08,352.08209228515625,373.718410897792,351.14137710670377,373.718410897792,124941
2021-09-09,371.1528015136719,379.27711398920155,348.23369886414986,348.23369886414986,334925
2021-09-10,377.0536193847656,384.4082655016874,368.7582842643189,373.7183804766127,233571
2021-09-13,368.58721923828125,378.16536623323356,366.2781937364273,376.28393611332655,159226
2021-09-14,360.120849609375,372.86318725697276,359.1801345135976,369.4424240711289,128305
2021-09-15,359.3511962890625,369.7845087294477,358.83807657270023,363.11403071179734,106382
2021-09-16,371.2383117675781,383.55305341335344,361.74568917246046,361.91673776270966,230934
2021-09-17,350.3717041015625,377.73781149036176,350.3717041015625,374.57359488419036,459040
2021-09-20,320.3544921875,347.63507461938775,320.3544921875,347.63507461938775,183762
2021-09-21,308.2962646484375,333.9519870879746,306.58588315246834,324.97248423413663,163545
2021-09-22,307.7831726074219,315.4798900301611,296.9222647921238,311.2039359064171,134508
2021-09-23,302.9085693359375,316.1640257529258,301.8823300127016,307.86866516876086,126771
2021-09-24,298.3760986328125,304.1058880799265,293.84359731973785,301.9679108382205,92800
2021-09-27,289.1400146484375,302.30994774643347,286.0613225493126,301.0271615466608,77449
2021-09-28,284.3509216308594,309.5790485123943,281.3577540347451,289.31101749365155,269243
2021-09-29,283.4957580566406,289.7386406303115,280.50259017368967,288.4558543947611,105979
2021-09-30,283.41021728515625,287.77169545224535,278.7921923252065,284.5219809503718,103790
2021-10-01,284.7785339355469,286.3178669228848,279.81843777781205,283.495747746648,54750
2021-10-04,283.0681457519531,287.0875528228168,279.2197872749628,284.60747870340873,58450
2021-10-05,275.45697021484375,293.24492895246505,275.37144591259164,282.46951932751915,161322
2021-10-06,269.98370361328125,277.08177569957945,267.67467837644557,275.285870081857,58182
2021-10-07,274.34521484375,280.50259941662716,263.398782379028,271.0099757410889,81738
2021-10-08,277.1673583984375,279.5618823278112,272.3782844413367,275.2859280979629,62197
2021-10-11,284.7785339355469,291.9621313737101,277.5949364973836,277.93700759475297,130808
2021-10-12,288.1993103027344,288.1993103027344,279.6474019851458,283.7523075382471,81531
2021-10-13,278.7922058105469,296.3236175256273,278.7922058105469,290.67935292451625,134654
2021-10-14,280.24603271484375,283.92334267765335,274.51624397447813,275.0293636688671,61774
2021-10-15,277.0818176269531,282.2129623978226,271.6941260568809,280.9301762051052,55942
2021-10-18,278.7922058105469,281.7853736643411,276.7397530733299,277.0818241798073,52837
2021-10-19,284.3509216308594,285.20611237260636,278.6211332218148,278.877706103349,61480
2021-10-20,281.785400390625,287.08759438815173,281.3578049423843,284.77856852830996,57936
2021-10-21,278.9632568359375,282.7260912365767,271.77963304575496,282.1274472212772,88834
2021-10-22,282.5550231933594,287.3440966912165,279.0487358414452,279.0487358414452,99616
2021-10-25,283.0681457519531,288.79793436814583,277.93700111596604,278.87771618556724,133828
2021-10-26,285.37713623046875,294.7842335744976,282.3839688937323,283.1536352749378,170864
2021-10-27,303.67822265625,311.203890373604,285.633693674508,285.633693674508,416862
2021-10-28,297.60638427734375,306.2438161671322,296.3235981382173,304.1913635642,69062
2021-11-01,290.42279052734375,301.96786591501626,290.42279052734375,297.34984097961745,117643
2021-11-02,283.0681457519531,292.1331731618672,282.384003573162,290.7648627059337,86161
2021-11-03,283.1536865234375,290.42280851402046,269.38510906278043,283.32470902891015,111702
2021-11-04,288.7979431152344,293.41596820782286,285.63372672119766,285.63372672119766,105632
2021-11-05,297.5208740234375,302.3099477218702,286.14684682571783,288.7979435247031,221199
2021-11-08,318.1309509277344,326.597333918238,298.4615641768261,298.4615641768261,351027
2021-11-09,306.927978515625,326.76841587794974,299.4878340785176,324.7159631400702,256969
2021-11-10,308.723876953125,318.7296196926086,301.45475519661096,301.96787489321173,177107
2021-11-11,304.1058654785156,312.99984492333317,302.73755492584684,308.7238907577139,89330
2021-11-12,311.2039489746094,316.42061844430793,304.1058752704705,304.1058752704705,209723
2021-11-15,316.9337463378906,323.17662934205396,313.598507115141,317.2758174712885,177601
2021-11-16,308.2962646484375,317.5323142873307,307.01347852646063,316.8481721282832,94522
2021-11-17,304.27685546875,311.2894299902889,302.39545149595074,308.29626239422845,82383
2021-11-18,302.48095703125,311.2894106854833,298.8891456993857,304.8754805202604,120289
2021-11-19,307.86871337890625,310.3487616836766,303.678283333142,303.678283333142,99404
2021-11-22,318.21649169921875,321.55173049263703,309.8356064688574,312.23015629111114,149644
2021-11-23,310.43426513671875,321.72279430830406,303.59273863232823,318.3875292587317,195932
2021-11-24,319.3282165527344,319.84133621553093,310.4342380915447,310.4342380915447,188188
2021-11-25,336.0899658203125,346.1812062631089,322.40691377673744,322.40691377673744,249487
2021-11-26,323.8607482910156,335.83341882157663,322.0648424917614,335.66237023179985,127184
2021-11-29,327.7946472167969,334.03755617319985,323.86079012726134,323.86079012726134,89798
2021-11-30,318.98614501953125,329.2484338673446,317.7033589135546,327.70910097951264,111174
2021-12-01,323.26214599609375,324.1173368585173,317.61788108442767,321.5517642712467,112147
2021-12-02,323.689697265625,329.93257927024536,323.689697265625,324.0317683442541,111977
2021-12-03,329.67608642578125,331.8140636399562,320.1834623751734,323.6897502260913,126228
2021-12-06,343.5301513671875,346.4377948384673,334.9782434526282,336.6031007367241,221204
2021-12-07,341.3921813964844,349.7730408854501,339.6817997784626,349.7730408854501,149099
2021-12-08,357.0421447753906,359.5221927769148,342.1618306678949,342.9314971375608,254522
2021-12-09,349.0888977050781,365.16647443035225,348.6613023017639,364.2257593233905,163281
2021-12-10,351.9965515136719,354.6476483113585,336.08999682590496,349.088907905841,156148
2021-12-13,356.0158996582031,364.3112603928741,353.3648292053862,356.61454362401054,185126
2021-12-14,353.4503173828125,363.4560593380469,351.5689134405431,356.78558210012386,139458
2021-12-15,341.2211608886719,358.4105027846894,340.5370186244775,357.8973830373664,136526
2021-12-16,349.00335693359375,351.91100031923435,341.30664003718283,342.24735509974767,108260
2021-12-17,314.111572265625,359.094613832372,314.111572265625,351.22687408467027,273678
2021-12-20,299.3167724609375,324.8014472196996,285.7192443030966,302.30994018554685,180076
2021-12-21,316.1640625,327.5380901791515,292.4752659040987,327.5380901791515,132243
2021-12-22,315.22332763671875,328.9063801561783,309.5790632527714,314.36813685425255,99795
2021-12-23,308.1252136230469,323.0055533989947,289.56759019753355,320.69652795835447,81316
2021-12-24,309.0659484863281,312.14464057191327,304.8755188051701,312.14464057191327,65678
2021-12-27,331.38641357421875,335.23477192540327,308.7238588394657,310.94735999537573,258494
2021-12-28,327.62359619140625,345.58260274428136,322.32140286502624,325.1435481252033,224319
2021-12-29,319.24267578125,330.4456790975973,318.5585336650673,330.189132328616,71719
2021-12-30,312.1446533203125,324.97251578553085,312.1446533203125,319.3282510811642,49280
2021-12-31,324.80145263671875,329.0774066003319,310.947377453623,316.4205933073776,63574
2022-01-03,326.5118408203125,331.8995585823512,318.9861721316153,324.1173169916413,69839
2022-01-04,336.6031188964844,341.2211441998188,326.6828999607288,328.0512105205491,176434
2022-01-05,337.80035400390625,344.0432361828658,334.80718631020073,339.51073554316656,139409
2022-01-06,333.5244140625,338.6555588942308,326.51183901979374,337.3727726862981,114445
2022-01-07,330.1036376953125,336.9451638651635,324.97249306792423,333.524400780238,56084
2022-01-10,334.6361389160156,338.6555459870202,331.8140198054643,331.8995441024039,78728
2022-01-11,325.82769775390625,336.6886314517107,325.14355554704474,334.6361526344216,81979
2022-01-12,324.9725036621094,330.1036484567743,324.9725036621094,328.73533795852654,76001
2022-01-13,319.1571960449219,326.25526877955366,319.1571960449219,324.9724826637756,57414
2022-01-14,317.87445068359375,321.6372852193029,315.5654249398146,319.1572369638369,61885
2022-01-17,320.2689514160156,327.19600204682007,316.59164145191477,317.8744276391618,99214
2022-01-18,305.0466003417969,321.2097029134251,304.447956280555,320.35451202499655,75373
2022-01-19,309.5791015625,314.4537000651188,303.678289652941,314.4537000651188,82634
2022-01-20,307.7831726074219,314.7102235075577,299.3167886620794,310.7763404940427,64349
2022-01-21,307.01348876953125,308.29627493430644,301.6257973168159,308.21075063698447,52722
2022-01-24,292.4752502441406,308.46732845998844,292.3042016467624,307.95420876620557,87136
2022-01-25,289.31103515625,294.44217991999085,283.92334359366276,292.38972723416487,72730
2022-01-26,290.7648620605469,294.1856251436121,288.1137654515011,291.62005283131316,56231
2022-01-27,302.737548828125,309.750123957835,285.2061371022025,288.7124246670575,142667
2022-01-28,305.132080078125,309.0659631463953,302.56650756816873,307.0135103581009,65613
2022-01-31,303.67822265625,311.4604632425007,303.67822265625,307.441056514927,51066
2022-02-01,309.5791015625,310.77636358644094,304.4479562327348,304.7900273683815,72599
2022-02-02,318.1309509277344,335.23476549374163,309.2369725730806,310.6052829580311,304195
2022-02-03,309.9211120605469,321.46618679366753,306.6713977601935,318.98613892251893,92498
2022-02-04,312.99981689453125,329.24844126883755,311.54598216906885,312.5722215162601,192989
2022-02-07,314.28265380859375,318.13101283482143,306.3293889270652,313.0853917756606,57315
2022-02-08,311.717041015625,318.13097190072017,310.43425483860597,316.3350660332232,63827
2022-02-09,313.3418884277344,317.27577113315255,311.5459826167445,314.62467456439134,66179
2022-02-10,312.1446533203125,319.2427267783921,311.46051109484205,314.1115817923048,61645
2022-02-11,314.62469482421875,316.42060075085357,307.270048614123,311.8025755811873,60253
2022-02-14,305.0466003417969,312.05914996789795,303.1651699479122,310.4342924995547,47977
2022-02-15,306.927978515625,311.0329100897366,301.02716710733915,305.04657438021565,47233
2022-02-16,305.64520263671875,312.82880051160225,305.64520263671875,308.72389489691267,56774
2022-02-17,305.3031005859375,319.1572013039674,305.3031005859375,307.8686728597689,140858
2022-02-18,311.6315002441406,314.9667389084137,306.07276043756883,307.783141916514,71162
2022-02-21,318.21649169921875,328.649803465767,313.08534706369795,313.08534706369795,236221
2022-02-22,308.8094177246094,315.3943715374557,308.21077369691733,314.53918069695465,96259
2022-02-23,309.5791015625,318.9862013337362,308.7239106742058,312.9143408071764,75315
2022-02-24,278.6211242675781,293.6724860582786,278.6211242675781,282.2129357068229,64820
2022-02-25,296.751220703125,301.19822349882435,277.1673557380649,278.621164503247,165288
2022-02-28,295.0408020019531,305.8162104251727,277.08179666270377,289.05446688887,200000
2022-03-01,296.58013916015625,303.07959402502865,292.4752340341054,299.57330675992046,65653
2022-03-02,294.1856384277344,299.74437868872354,292.047661404277,298.03399706995765,61591
2022-03-03,299.3167724609375,300.4285100335947,295.382889660352,299.3167724609375,47005
2022-03-04,292.4752502441406,298.46158577545344,292.133179147736,298.46158577545344,42180
2022-03-07,288.6268615722656,292.4752197265625,285.1205744786809,292.4752197265625,49771
2022-03-08,285.63372802734375,290.7648728422062,284.7785372248667,287.25858533237977,56180
2022-03-09,289.4820556640625,292.560747443232,286.061292820174,286.1468171109411,81710
2022-03-10,288.71240234375,293.0738803872732,288.1992826742148,290.7648549235402,41977
2022-03-11,292.21868896484375,297.6063802366849,287.7716866369094,289.0544727586193,66377
2022-03-14,294.8697814941406,297.69192683232984,290.42280493141743,293.67251957719026,74118
2022-03-15,309.9211120605469,319.07166321428605,294.2711323061009,295.12632302707283,191181
2022-03-16,329.333984375,335.14927141230476,308.29628534275855,311.7170485643148,316464
2022-03-17,331.6429748535156,345.4970759626455,324.5449018015445,333.5244050134449,236428
2022-03-18,344.2142639160156,344.6418592749175,329.5904974219013,332.6691892256648,178138
2022-03-21,363.8836975097656,372.00801038013645,345.4970946978738,345.4970946978738,293365
2022-03-22,352.338623046875,365.59408095276467,351.3979079113025,365.59408095276467,161858
2022-03-23,330.1036376953125,357.04214698910096,328.39325615284974,352.50964634091514,235527
2022-03-24,322.40692138671875,332.8402592555499,321.5517306138097,330.27468693682266,145045
2022-03-25,321.63726806640625,325.82769780538774,319.4137667462266,322.8345299777792,95952
2022-03-28,322.1503601074219,331.4719338932791,320.2689300522874,321.63724044708067,115442
2022-03-29,318.21649169921875,326.4263283357223,318.13096740228985,324.54489819669084,72305
2022-03-30,319.0716552734375,323.7752041217241,318.1309402841104,318.3019888633877,63504
2022-03-31,321.4661865234375,335.83340628269787,318.9861386543737,321.7227593985232,169399
2022-04-01,323.26214599609375,329.24848203305845,321.89383539654534,323.60421712139237,58499
2022-04-04,324.8869934082031,328.13673424432983,324.45939799016173,325.6566599410071,69230
2022-04-05,320.6965637207031,327.11049499511716,318.1309912109375,325.82770874023436,80498
2022-04-06,325.82769775390625,342.93151390896696,318.90064699143625,318.986171291882,304389
2022-04-07,328.478759765625,334.123023720008,327.4525204654283,328.393235474217,98528
2022-04-08,329.8470764160156,332.92574217854906,328.478766022473,330.8732896374101,56400
2022-04-11,332.1560974121094,338.6555526317836,329.5905250436868,333.52440789493846,141397
2022-04-12,327.7091064453125,333.52439311672543,324.8869613060837,332.3271312841817,93319
2022-04-13,322.7489929199219,330.53123418376356,321.8938021458371,330.53123418376356,79983
2022-04-14,328.82086181640625,330.8733145118448,324.2883610265482,325.8276940235391,81182
2022-04-15,328.2221984863281,331.72848577112387,327.62358062202424,329.7615574910033,52681
2022-04-18,336.0899658203125,341.13558604171067,329.24843979852494,329.24843979852494,149623
2022-04-19,341.7342529296875,348.7468019133741,334.29408244260594,336.0899883634552,223726
2022-04-20,362.6864013671875,372.52109496703764,345.0694667425684,346.69432394374314,498543
2022-04-21,346.4833984375,368.41491077979776,346.4833984375,367.54805216619826,253223
2022-04-22,334.694091796875,364.0805913818076,334.694091796875,345.00970326180817,246517
2022-04-25,328.8861389160156,336.0810809798069,325.93882504426614,334.6941019653295,86189
2022-04-26,320.9110412597656,333.8272281814746,319.5240623084683,332.0068199612982,71195
2022-04-27,320.7376708984375,329.9263770312776,313.7161111905869,323.6849847455383,56513
2022-04-28,328.5393981933594,337.20798389766964,324.8119169222756,325.07196391163524,71798
2022-04-29,331.1399841308594,334.6074185196642,327.06573814224373,329.406266936457,43912
2022-05-05,346.65673828125,346.7434294294922,334.6941005477022,334.6941005477022,80830
2022-05-06,352.2913513183594,355.32535660411816,338.8550421957135,342.7559061345462,129825
2022-05-09,360.1797790527344,371.0155124779069,358.87949104171366,364.7741194432366,150841
2022-05-10,358.6194152832031,363.38713760821616,357.1457450737018,361.48003809644086,20332
2022-05-11,349.1706237792969,362.4335758627864,345.26976018787485,360.873214553563,77813
2022-05-12,333.74053955078125,346.74341771509745,333.3071102786374,343.27598353794644,68057
2022-05-13,338.1615295410156,343.2759897540421,335.73430970040346,340.6754140740872,52282
2022-05-16,328.6260986328125,339.28844876881016,328.19266933534226,338.2482343275365,62590
2022-05-17,325.5054016113281,332.0068410576263,324.20511372206846,329.8396945755269,58954
2022-05-18,323.5982971191406,330.273118762515,323.16486782942604,325.5053965756546,57308
2022-05-20,317.2702331542969,326.37224803987095,317.2702331542969,324.81191321268494,55236
2022-05-23,320.7376708984375,328.79944501762856,317.7036659034523,319.87081232844173,85911
2022-05-24,321.1711120605469,326.6323106717092,320.7376827595205,326.545645975044,38978
2022-05-25,322.0379638671875,325.0719689103508,321.604534575307,322.9048224509484,40345
2022-05-26,322.55810546875,327.5858750026248,320.7376970325449,322.03798499348767,43211
2022-05-27,322.0379638671875,325.9388274941117,322.0379638671875,323.2515605935679,43369
2022-05-30,331.57342529296875,339.2017706395072,322.73145670338585,322.73145670338585,133897
2022-05-31,341.5422668457031,346.83010926287915,330.9665820113511,335.0408277560007,193758
2022-06-01,338.594970703125,349.86413237839156,338.594970703125,348.47715334285846,137143
2022-06-02,336.08111572265625,343.01598505752105,333.4805397220819,339.80859740837525,107477
2022-06-03,340.0686340332031,344.8363565552076,336.687890626667,336.687890626667,124608
2022-06-06,345.8765869140625,355.84546097298914,342.8425817656935,342.8425817656935,156494
2022-06-07,345.8765869140625,350.9043562924466,341.9757231518738,345.8765869140625,101854
2022-06-08,325.9388122558594,350.21085146640206,325.9388122558594,347.6102758367011,96461
2022-06-09,328.6260986328125,332.44027115966554,323.85837636063997,328.7127897831915,71117
2022-06-10,324.37847900390625,330.44648883542675,323.7716674389848,325.50538453370496,50972
2022-06-13,320.7376708984375,329.40625659839526,320.7376708984375,324.7252256113029,69284
2022-06-14,323.68499755859375,330.1864370909213,319.8708249905133,322.8181389542834,67725
2022-06-15,322.1246643066406,326.02552804606717,321.5178526987375,323.94507267592473,42713
2022-06-16,316.8368225097656,324.291811859704,316.8368225097656,322.9048327903904,44886
2022-06-17,323.5982971191406,325.5920877244824,317.3569312199052,317.3569312199052,45201
2022-06-20,330.70654296875,334.1739772331668,324.2917948704638,324.2917948704638,97390
2022-06-21,336.4278259277344,342.1490979442138,331.13998320864846,331.74679480676934,129744
2022-06-22,333.2204284667969,337.0346008776129,331.05328204537597,336.4278157522695,65214
2022-06-23,333.74053955078125,342.84255426580256,332.61363402497653,333.22041913332396,119069
2022-06-24,356.7123107910156,367.11461390035265,334.69410783380386,334.69410783380386,493418
2022-06-27,348.13043212890625,348.13043212890625,348.13043212890625,348.13043212890625,3264
2022-06-28,363.2137451171875,376.7367442596908,353.2448714445201,358.0125936357958,440390
2022-06-29,344.1428527832031,375.3497613479268,344.1428527832031,367.11460492112474,237070
2022-06-30,331.57342529296875,350.0375034922186,327.41251445929794,349.86414763923074,155198
2022-07-01,329.05950927734375,334.4340163886624,327.6725303131758,331.6600849147499,86134
2022-07-04,322.47137451171875,334.6073939825899,321.86456295640596,330.2731013144216,80124
2022-07-05,320.7376708984375,329.23287430262644,319.87081232844173,324.98527260053197,98440
2022-07-06,335.04083251953125,342.8425595380973,322.47138343406374,324.9852679602725,129740
2022-07-07,331.9201354980469,339.80855364131935,329.40625097883,339.2017420709047,83924
2022-07-08,328.9728088378906,333.74053070510644,328.62607072025037,332.266860637107,37534
2022-07-13,339.8085632324219,353.6783005072146,327.67254311697826,329.8396895661646,164338
2022-07-14,336.2544250488281,349.3439943977939,335.99437806652963,339.6351680908253,86025
2022-07-18,342.84259033203125,349.43072125255856,340.2420144255936,342.66920802316497,119822
2022-07-19,349.8641662597656,358.01263250779857,343.7961555392945,343.7961555392945,134619
2022-07-20,343.2760009765625,354.1984244803381,343.1026186771277,351.0777282714844,88205
2022-07-21,352.2913513183594,357.492503236803,344.1428852703498,344.1428852703498,148651
2022-07-22,347.1768493652344,356.1054818507856,346.0499438317109,353.7649796378314,83132
2022-07-25,346.1365966796875,350.47088928251065,345.44312044500487,347.6102667464164,48613
2022-07-26,353.9383239746094,364.94743778651804,344.74964480433016,347.5235762022629,333790
2022-07-27,349.8641662597656,358.4460618449751,349.34404576426834,354.54519781038647,173937
2022-07-28,345.9632263183594,353.50487925788144,345.9632263183594,352.8980941916237,76894
2022-07-29,345.00970458984375,349.7774266381959,345.00970458984375,347.17685097545836,50342
2022-08-01,347.95703125,351.9445860378657,346.7434345200647,346.7434345200647,69871
2022-08-02,344.4895935058594,350.9910328389635,342.5825205074701,348.99726869191466,75164
2022-08-03,346.65673828125,350.21086372378716,344.31623600525546,344.31623600525546,73429
2022-08-04,348.0437316894531,351.077736822487,347.090181928186,350.2108782130487,77126
2022-08-05,354.6318359375,371.8823156866243,348.6505172697886,349.7774227961606,293785
2022-08-08,365.3808898925781,370.6687324986343,356.27887484187335,356.88568642702336,186071
2022-08-09,390.0863952636719,401.788987121582,377.950374077691,377.950374077691,417675
2022-08-10,382.9781188964844,401.6155787963994,380.55092539826546,390.086369998222,192989
2022-08-11,378.6438293457031,394.76740474338993,376.04325352202545,385.2319600565717,108887
2022-08-12,391.0398864746094,393.9005090294093,373.44264251942496,381.41775154253804,166617
2022-08-15,389.39288330078125,406.1232432521302,387.139045710098,394.42065246471554,123569
2022-08-16,390.259765625,398.0614932913462,373.61606935502436,391.8201005764989,98225
2022-08-17,388.09259033203125,396.15436440891125,386.6189201890031,391.99345387653915,87324
2022-08-18,384.27838134765625,391.8200612499444,383.32485811434765,388.3526270795909,73395
2022-08-19,378.8172302246094,391.03994248612855,378.21041858755905,384.8852407774063,112446
2022-08-22,382.9781188964844,386.6189355982378,378.81720819827336,378.81720819827336,58755
2022-08-23,388.78607177734375,394.42065252774,384.0183496039315,384.36508774384026,124728
2022-08-24,378.8172302246094,394.24730361995097,377.9503715742098,391.99349229245337,80377
2022-08-25,384.01837158203125,390.5198112815013,380.5509370756472,380.637628229192,64182
2022-08-26,379.770751953125,385.7520709077764,378.1237259300217,384.2784007292802,56995
2022-08-29,373.6160583496094,381.4177857861441,372.66250859425895,380.5509271820847,54420
2022-08-31,372.3157653808594,377.51691693449186,371.88233608472336,374.2228648656279,59023
2022-09-01,386.18548583984375,390.0863493331755,372.3157489746642,373.1826075287379,125044
2022-09-02,383.1514587402344,390.8664941343909,381.41774173236,386.0987723627364,74861
2022-09-05,387.3124084472656,392.8603246013736,383.1514977861095,383.1514977861095,84756
2022-09-06,386.2721862792969,402.56911690619444,385.75206584345455,391.3866465804938,143470
2022-09-07,384.1917419433594,388.439343790723,380.11749594326926,385.83876799179524,65479
2022-09-08,382.2846374511719,398.321521335178,381.67782585757476,385.4053336600256,113060
2022-09-09,397.8880920410156,399.7085003673823,381.93789930672693,386.53223924307775,158047
2022-09-12,437.6769104003906,437.6769104003906,402.6558275670382,405.60314157373745,284274
2022-09-13,445.99871826171875,473.39142692727705,442.0978548366892,455.1007329201212,331565
2022-09-14,490.5553283691406,490.5553283691406,442.0979089500897,445.9987728525905,267676
2022-09-15,520.1151123046875,539.5327643276006,498.4436492919922,505.3785174560547,371631
2022-09-16,512.48681640625,532.2511819625012,490.3819220413579,511.4465755014262,234544
2022-09-19,505.81201171875,532.2511999919666,505.37858240279564,520.982037777153,139975
2022-09-20,556.349853515625,556.349853515625,499.65733133141015,507.9791529465155,282421
2022-09-21,563.544677734375,597.7855877581676,563.2846307716591,569.5260224210557,282405
2022-09-22,577.3278198242188,619.8905553474194,535.8919898840702,563.8915117051866,455773
2022-09-23,542.6535034179688,597.7856912278829,528.7837653114392,556.9566708403273,258493
2022-09-26,508.41253662109375,550.4551760518235,504.3382908779959,542.6534491471521,127937
2022-09-27,504.33831787109375,529.9973639206399,493.06915618342236,506.9388936451718,128784
2022-09-28,510.2329406738281,526.0097774625978,498.27030281292775,498.27030281292775,80804
2022-09-29,479.372802734375,527.1366901253814,462.8158247437982,522.1089208593044,106146
2022-09-30,496.7099914550781,505.37857769338666,470.3574681270796,480.2396776022919,89677
2022-10-03,497.2300109863281,517.5145209091174,490.2084783485861,496.7099170534745,75629
2022-10-04,493.4158935546875,506.24538941704884,490.2085063618855,497.57680398182544,65547
2022-10-05,511.4465637207031,515.7808566335905,489.77509915626655,494.97625065173133,101480
2022-10-06,514.047119140625,519.248270430412,502.77795801275295,511.6199257871604,54307
2022-10-07,540.746337890625,551.4086871777408,507.5456669294433,514.0471058738854,148031
2022-10-10,532.51123046875,552.5356959895234,515.7808699740509,541.7866281240031,80930
2022-10-11,523.9293212890625,535.2851469680858,517.514546947283,535.2851469680858,58540
2022-10-12,515.7808837890625,528.7837632123161,511.5332553472589,525.3163286994485,64306
2022-10-13,515.43408203125,528.783725107335,512.0533653701349,515.3474173382142,44122
2022-10-14,539.18603515625,539.18603515625,516.8210944405419,518.381429298131,92384
2022-10-17,573.600341796875,580.708592844058,539.1860450593854,539.1860450593854,117571
2022-10-18,575.5941162109375,593.9715292982376,557.996897035054,573.6003519925794,107555
2022-10-19,633.1535034179688,633.1535034179688,579.148173653253,579.148173653253,153363
2022-10-20,636.2742309570312,667.4811414671854,624.1382102030824,638.8748068328774,134095
2022-10-21,651.61767578125,676.1497656719351,615.816423129366,636.2742666707697,149775
2022-10-24,655.6918334960938,679.0970145285884,651.7042523896936,673.3757163086701,87504
2022-10-25,617.550048828125,662.6266931832043,612.0887976657207,658.8124944203896,99452
2022-10-26,679.2703247070312,679.2703247070312,616.5097987174878,617.9834688040809,137571
2022-10-27,657.0787963867188,697.3010552182577,654.9116499606412,679.6171192179254,124315
2022-10-28,635.8407592773438,664.6204743008418,634.7138537213349,664.6204743008418,41616
2022-10-31,643.9892578125,662.973428897467,624.1381752419593,636.2741953161085,97863
2022-11-01,679.5304565429688,708.3101188396903,645.8096368894946,659.6793740575912,199006
2022-11-02,675.4561767578125,694.0069175435206,671.8153603521991,684.8182382944998,126410
2022-11-03,680.4839477539062,693.0533964703797,668.3479283035181,684.6448581265558,78622
2022-11-04,665.7474365234375,686.5520439147949,664.0137192408243,684.5582796215604,68921
2022-11-07,685.5117797851562,712.2977320593922,667.4811312373968,667.4811312373968,225529
2022-11-08,707.3566284179688,711.4308744820482,685.7718277843212,693.4002259080663,153064
2022-11-09,715.3317260742188,741.1641017281189,700.0749829950902,711.6909093786966,158614
2022-11-10,753.6468505859375,754.1669445565755,715.9385033581087,718.5390790289935,156349
2022-11-11,828.9768676757812,828.9768676757812,765.8695722477743,765.8695722477743,215860
2022-11-14,839.8992919921875,901.5329153285107,834.7848052513036,837.1253339786377,249339
2022-11-15,846.0540161132812,873.7934920514216,821.4352100546411,856.4563195900839,164415
2022-11-16,799.5036010742188,854.982546261233,797.5098370633295,850.0414421237456,129080
2022-11-17,828.716796875,849.0879733672201,761.9686866664488,801.8441810767521,143373
2022-11-18,854.2891845703125,866.8586347745434,807.9122476098744,810.9462528315853,159409
2022-11-21,828.716796875,873.6200604335284,824.2091217077177,855.5894126732479,100535
2022-11-22,891.5640869140625,897.3719973165142,821.7819682980372,833.9179889269112,209164
2022-11-23,893.7311401367188,949.2100857902105,876.3939696200026,891.1305645592113,246254
2022-11-24,893.64453125,927.5386805631125,886.449562709207,918.5233301679315,108942
2022-11-25,916.876220703125,937.0740666877638,897.1985744882845,903.266584170814,127181
2022-11-28,889.3969116210938,947.4764370388455,888.9634823269314,924.8514490471118,89096
2022-11-29,904.9137573242188,921.8175008390508,874.6603695623372,891.3040131575513,100846
2022-11-30,964.7269287109375,994.5468848368549,900.1459649116015,905.867210339681,348399
2022-12-01,1011.1038818359375,1061.0349155204174,964.8136119070462,965.6804704981575,160542
2022-12-02,975.2159423828125,1057.5675108506944,969.5813613823784,1011.6240042317708,117951
2022-12-05,932.8264770507812,1010.1503242424649,932.8264770507812,988.2187603051067,107287
2022-12-06,917.3097534179688,953.3711568237794,897.7187696827774,934.9936905077984,98594
2022-12-07,901.9663696289062,969.1479108554706,878.9946168224036,928.4055568212962,119641
2022-12-08,901.8797607421875,919.5636983680552,860.7906395632408,905.520524745584,73523
2022-12-09,991.1661987304688,991.1661987304688,907.5143392454167,909.0746213203174,164293
2022-12-12,1022.0261840820312,1060.428058431867,1010.2369295004329,1040.836971436533,134011
2022-12-13,1035.029052734375,1039.190015876463,992.6396507678968,1019.8590289296417,111103
2022-12-14,1138.5321044921875,1138.5321044921875,1030.5215442770543,1038.4099363602713,260185
2022-12-15,1116.5137939453125,1213.601949940557,1084.0932635476477,1170.2590231569657,249384
2022-12-16,1080.45263671875,1109.4057366367392,1044.5646676380188,1099.4368622152974,48232
2022-12-19,1072.3040771484375,1146.8539159800991,1066.2360670109765,1070.5703599663057,129362
2022-12-20,1069.443359375,1117.4673445932485,1064.502307927496,1072.3906996321493,96925
2022-12-21,1139.919189453125,1157.256363437203,1071.8707815656192,1076.2050750616386,203456
2022-12-22,1121.801513671875,1191.0635258974235,1118.1607504612705,1139.9188766776651,132952
2022-12-23,1074.0377197265625,1123.708755871502,1009.8901884434587,1050.1991101281117,190990
2022-12-26,1024.626953125,1073.9512328611413,1013.097690428574,1066.3228341994552,149782
2022-12-27,987.5252685546875,1058.9544379070069,987.3519391628624,1024.6268587273955,120590
2022-12-28,1009.8901977539062,1026.3605099919528,940.541514646342,988.2187342827924,103650
2022-12-29,1018.2987060546875,1035.9826418066218,997.5808711665568,1013.5309839842868,50111
2022-12-30,1007.2896728515625,1034.6823828946574,991.2527890755264,1031.3883837718201,59259
2023-01-02,1054.9669189453125,1090.5081216378005,1020.2059101583949,1020.2059101583949,101574
2023-01-03,1027.31396484375,1079.2388090279912,1026.793870918599,1059.0409640901923,125282
2023-01-04,983.8844604492188,1040.2302665542402,976.7762626215093,1028.094246777774,87166
2023-01-05,920.2571411132812,990.125928615444,888.5301350167139,983.8845885307027,86487
2023-01-06,905.260498046875,928.4055808444884,845.1871534298565,888.7901842877291,107174
2023-01-09,907.6876220703125,975.2159284099744,900.6660885493008,920.6038364190158,149466
2023-01-10,862.0908203125,918.8700548328305,855.5893812452865,914.4490974306641,73712
2023-01-11,785.2872314453125,875.8739556692282,783.8135612350194,866.8586050135472,90767
2023-01-12,806.6985473632812,830.710539836511,713.7713529118557,790.8350464427502,117004
2023-01-13,814.1536254882812,829.7570806291641,781.4730449725507,807.0453742312199,56885
2023-01-16,847.7877197265625,861.6574574726004,814.5870455787547,814.5870455787547,63596
2023-01-17,866.5985107421875,888.5300216709297,848.3077634288238,849.6080512654154,84140
2023-01-18,875.3538208007812,908.4678305495286,856.022884224866,866.511852326258,98124
2023-01-19,865.5582885742188,887.9232821734207,862.5242835566827,875.3537799062084,58673
2023-01-20,866.8585815429688,877.954360804949,856.8897078552246,865.5582936706544,53520
2023-01-23,849.4347534179688,897.1986405585611,847.7877009335969,867.8121131970163,78853
2023-01-24,834.6113891601562,866.7718726404303,820.6549878726718,849.4347018938178,56563
2023-01-25,806.178466796875,849.2613481311228,766.3029727402553,848.5678718597337,69276
2023-01-26,800.5439453125,829.5837094359096,796.9898460907878,808.4323376869601,39085
2023-01-27,787.3676147460938,803.491215610744,765.436103891339,801.8441631930788,51967
2023-01-30,788.3211669921875,805.7450022517368,774.1046659610554,797.5098462308745,38259
2023-01-31,788.4945678710938,806.1785046198435,761.4486216560891,788.3212384767506,62867
2023-02-01,754.1669311523438,805.9183966649118,754.1669311523438,798.2900520810023,60513
2023-02-02,748.2723388671875,771.1573736959456,709.9571789455017,755.9873485048023,60028
2023-02-03,788.2345581054688,788.8413697408862,736.8298508568718,747.6655839577081,52114
2023-02-06,754.1669311523438,787.1075557314116,728.1611749057112,762.8355165678879,15358
2023-02-07,678.750244140625,749.8326451872805,678.750244140625,749.8326451872805,48307
2023-02-08,619.6305541992188,619.6305541992188,619.6305541992188,619.6305541992188,2
2023-02-15,746.6253051757812,746.6253051757812,678.7502870523193,684.818297281395,32670
2023-02-16,703.8892211914062,799.6771016614191,703.8892211914062,797.2499080321849,48546
2023-02-17,688.8925170898438,706.4897355028065,676.1496855118885,703.8891597892994,37515
2023-02-20,721.5731201171875,722.0932141138735,690.8863045003088,693.4868803014392,38764
2023-02-21,722.9600830078125,740.6440198708245,714.72492618698,721.4864127844197,59413
2023-02-22,715.2450561523438,730.7618472637149,704.7560875746148,721.2264020443781,32081
2023-02-23,701.6353149414062,720.359438015083,693.4868236005614,719.4925794855824,62760
2023-02-24,757.6344604492188,770.7240049067109,725.8207373977841,736.3097588129308,183583
2023-02-27,760.0615844726562,801.8441781767153,739.0835964726417,750.6995224876059,211453
2023-02-28,743.1578979492188,774.9716204674028,741.8576099954144,757.6344477500112,176166
2023-03-01,774.1047973632812,793.4357352487009,750.7862778245185,759.0214352432768,164190
2023-03-02,751.826416015625,773.9313092223972,749.8326519159993,773.9313092223972,60057
2023-03-03,781.9064331054688,826.9830789164271,773.8446589556632,780.0860512651041,444350
2023-03-06,771.7642211914062,787.8878233185895,756.5941952944831,781.9064776585479,178837
2023-03-07,768.7301635742188,797.9433077476175,768.7301635742188,780.0860425020302,131124
2023-03-08,765.0027465820312,784.4204011998924,758.5013068093795,774.4515268818262,78477
2023-03-09,778.43896484375,786.8475032194884,755.0337843863099,771.244049581195,80521
2023-03-10,787.9744262695312,810.426084001146,769.7703966197402,778.7857467526994,167452
2023-03-13,794.9093017578125,825.2493514432252,782.5132348966849,787.9744332582897,212554
2023-03-14,763.7024536132812,807.9989084765721,762.575547975191,794.9093643171157,115158
2023-03-15,723.306884765625,776.7053568881433,719.4060208080394,764.5693356867662,97282
2023-03-16,714.3781127929688,741.164063260301,711.6908724405931,736.8297704926969,87704
2023-03-17,700.5084228515625,729.0280923359751,700.5084228515625,723.826940666515,92108
2023-03-20,658.8125610351562,704.756068581029,658.8125610351562,704.6694038812758,103275
2023-03-21,635.4073486328125,664.7071584927738,632.7201081582054,662.7133943107574,108909
2023-03-22,698.947998046875,698.947998046875,636.2741390715919,636.2741390715919,158877
2023-03-23,725.5606689453125,758.5012966871546,698.9480985826328,709.0903550743915,231740
2023-03-24,733.0155639648438,745.3249658768201,711.6908649366154,725.3872193560622,90852
2023-03-27,734.2291870117188,763.7023775175021,730.7617528345678,745.4983480874595,89422
2023-03-28,662.1932983398438,741.8575710486542,660.8930104543032,739.6904245727532,153402
2023-03-29,701.5455932617188,723.2838524076327,640.3072227199432,666.1987953432028,117106
2023-03-30,706.9359741210938,715.7726737976075,667.7010059833992,702.6059697056282,98096
2023-03-31,725.4929809570312,741.4873844199926,689.4392601690515,705.3453182168305,104727
2023-04-03,733.446044921875,741.2223295509276,706.9359469126506,725.4930155191076,78272
2023-04-04,724.6093139648438,762.1652845057046,716.6562849091321,742.2827118664253,76635
2023-04-05,711.2659912109375,734.7715911953472,711.2659912109375,733.4460862202504,48372
2023-04-06,709.49853515625,719.1305040383465,699.8665123392268,714.0052297602214,43819
2023-04-07,706.05224609375,715.7726149385951,698.9828869338626,707.4660963517554,36026
2023-04-10,715.7726440429688,718.1585636434318,706.052274802879,706.3173649951677,48042
2023-04-11,762.6071166992188,784.6988639964151,714.6238523566942,717.5399522129381,169884
2023-04-12,797.2470092773438,819.1620124147212,752.0914441932002,762.6954831888601,234177
2023-04-13,787.9684448242188,815.6273013528833,776.4807363544599,805.0232627654134,208939
2023-04-14,775.06689453125,797.0702979442613,771.443869296386,790.0892837386252,91165
2023-04-17,759.2491455078125,784.6104809764643,757.3050610518491,774.9784580425573,43025
2023-04-18,820.9293212890625,829.324185177379,747.5847210016651,758.8073393025057,278580
2023-04-19,794.419189453125,846.5557102292478,783.0198268959002,822.2547895285126,283106
2023-04-20,830.3846435546875,839.4864330417325,787.7917421649521,797.423765970667,120360
2023-04-24,854.5087890625,900.54796905022,804.5814399600891,830.3846116991176,298904
2023-04-25,790.8845825195312,865.9965261107717,790.8845825195312,854.5088170909349,121210
2023-04-26,808.2044677734375,827.1150251795051,770.5601516629578,790.7962139170695,159805
2023-04-27,773.2994995117188,821.7246526533728,773.2994995117188,814.7436389452712,66556
2023-04-28,754.1239013671875,790.884547006009,741.3106880358052,780.280508386934,62822
2023-05-02,690.0578002929688,764.3744123344004,688.9089863519235,754.1238637545225,74115
2023-05-03,664.7848510742188,711.9728450307354,641.6326890433625,702.3408216033976,78740
2023-05-04,707.7312622070312,727.8789256445845,669.8218009737275,679.1003351560813,105431
2023-05-05,728.1439819335938,749.3520590772907,705.7871447315991,708.1730641972509,147611
2023-05-08,718.4236450195312,742.9896580105806,700.7502466180667,730.4415343585545,73159
2023-05-09,790.2659912109375,790.2659912109375,744.0500656180832,777.6295222611795,171007
2023-05-10,821.81298828125,858.4852882959509,777.6294942876344,810.7671147828461,315305
2023-05-11,805.906982421875,839.3980946030729,790.8845934951514,819.9573559920188,238413
2023-05-12,751.649658203125,813.3298655274677,751.649658203125,812.8880305405308,101270
2023-05-15,746.6127319335938,790.9729184696977,708.7032710479539,745.8174074369989,112052
2023-05-16,756.4214477539062,781.1642053907162,737.8643795262988,737.8643795262988,97099
2023-05-17,764.4627685546875,781.1641503568768,761.281578656617,768.6160276523939,76256
2023-05-18,731.6786499023438,771.4437939187756,731.6786499023438,771.4437939187756,56350
2023-05-22,745.1987915039062,755.5377397826546,725.4929641655666,732.5623231342931,67625
2023-05-23,738.30615234375,760.8397332949955,737.9526628332892,745.2871656634007,93231
2023-05-24,722.8419799804688,746.8778121066587,715.7726207630558,740.0735430729127,57281
2023-05-25,743.6082763671875,749.1753863658373,715.8610178616276,728.9393765059915,114790
2023-05-26,737.8643798828125,750.3241041248251,729.0276807225393,734.3297002187032,76958
2023-05-29,759.0724487304688,765.4348828362668,739.2782212757485,755.4494236923398,69636
2023-05-30,801.4885864257812,812.9762949412554,755.0959174209813,767.0254608793584,138378
2023-05-31,795.3029174804688,809.5299814303137,786.4662183973525,801.4886068386502,82126
2023-06-01,841.5188598632812,865.9965276039717,797.0702733661046,797.0702733661046,235007
2023-06-02,853.3600463867188,894.9808777450725,844.87678285484,857.1598162283738,262049
2023-06-05,910.4451293945312,938.6341125456651,870.4148402920398,873.772775081815,316769
2023-06-06,886.4093017578125,936.5134524461488,879.2515967651549,914.5983946250606,160058
2023-06-07,919.0166625976562,954.3634573129507,896.3947355538392,897.2784054217216,210026
2023-06-08,903.375732421875,942.0804634450699,893.3902732897961,927.8533995591355,164716
2023-06-09,935.4529418945312,949.9451499420379,905.7616545958966,905.7616545958966,171351
2023-06-12,901.34326171875,963.2001522288602,898.2504171932445,961.4328125,138304
2023-06-13,883.669921875,905.7616699218751,874.8332226562501,901.4316657307148,94489
2023-06-14,901.52001953125,943.3175939369751,872.7123491727793,886.3208868560057,221928
2023-06-15,889.5020751953125,917.5144749734426,879.6933611502308,911.0636417336896,107441
2023-06-16,892.506591796875,919.0166885829208,891.004342192013,900.9014557791229,107169
2023-06-19,907.2638549804688,936.6901061810836,901.2549643042433,916.365698216777,184234
2023-06-20,892.506591796875,914.5983391185798,883.4931481026334,906.203475136332,74252
2023-06-21,875.2750244140625,896.9249366787212,874.8331894698857,893.3902571253076,54777
2023-06-22,919.900390625,939.3411289475264,866.8801951999279,870.3265294765304,218204
2023-06-23,1002.9652709960938,1009.1509598921049,921.8443363261774,933.1553534553965,271870
2023-06-26,1103.2618408203125,1103.2618408203125,1011.8020086017284,1011.8020086017284,265209
2023-06-27,1213.5439453125,1213.5439453125,1122.2607993511865,1127.4744734575781,129655
2023-07-03,1334.8717041015625,1334.8717041015625,1268.0662824999283,1271.8661061459552,271022
2023-07-04,1356.433349609375,1462.473741761248,1308.1849927542457,1369.6883986283592,448167
2023-07-05,1283.8839111328125,1391.7799752599465,1243.323444565552,1352.0148331096623,497277
2023-07-06,1250.834716796875,1342.5596936103186,1242.6165437540458,1307.919769546519,203041
2023-07-07,1248.183837890625,1310.1290814749752,1224.7665835868363,1259.2297125622235,157429
2023-07-10,1372.9578857421875,1372.9578857421875,1225.6501559957605,1263.6479618413393,313767
2023-07-11,1369.6883544921875,1471.7522286495087,1360.8516554309476,1405.4769856902092,262899
2023-07-12,1325.5048828125,1409.4535253906251,1325.5048828125,1369.6883789062501,144995
2023-07-13,1297.4041748046875,1341.0574918199225,1281.3214248953275,1332.1324469170386,129517
2023-07-14,1427.126953125,1427.126953125,1264.3549933220947,1306.9478412828946,267957
2023-07-17,1495.6114501953125,1564.0958740594995,1489.337414873342,1502.2389750853952,328541
2023-07-18,1549.5152587890625,1616.2323400771002,1454.9625740497243,1497.3787316898013,349197
2023-07-19,1655.2904052734375,1673.4056381330565,1549.956996866914,1549.956996866914,263454
2023-07-20,1621.5343017578125,1714.3196432752895,1621.5343017578125,1658.6484383648033,227033
2023-07-21,1603.7725830078125,1658.8251551128967,1560.5611017092735,1622.9481774063509,187437
2023-07-24,1590.2523193359375,1680.5634472057711,1581.769109929283,1626.92461992927,264653
2023-07-25,1749.224609375,1749.224609375,1583.5364991159383,1610.0465967573882,330415
2023-07-26,1739.9461669921875,1856.2372210768954,1739.9461669921875,1767.3399360001904,405075
2023-07-27,1723.1563720703125,1784.1295975435696,1722.007558007653,1762.0378491836939,127890
2023-07-28,1715.2032470703125,1766.6327912379238,1683.9213115621371,1736.3229788992974,140360
2023-07-31,1700.446044921875,1772.465142331102,1692.5813611768338,1733.9370480960433,151704
2023-08-01,1700.8878173828125,1767.251403375881,1665.7177132339614,1703.1853374822672,159624
2023-08-02,1687.0142822265625,1748.7828333881203,1676.32189739124,1714.4080507131878,132789
2023-08-03,1713.43603515625,1765.8377064036117,1687.8979519958837,1696.646306085611,209988
2023-08-04,1719.6217041015625,1802.6866785031796,1695.4974715795295,1716.9706942802343,306579
2023-08-07,1731.1092529296875,1780.7714558331224,1714.496216440715,1736.41127208108,137965
2023-08-08,1724.3935546875,1757.6195230925512,1709.106021469417,1731.1094247050316,108394
2023-08-09,1825.1317138671875,1868.9618269317832,1743.4807019084672,1793.8498858966996,390432
2023-08-10,1680.12158203125,1904.3085869108115,1652.5510171183294,1829.1966472878794,328939
2023-08-11,1747.0155029296875,1767.33991191673,1681.8890703235031,1686.9259459245186,213318
2023-08-14,1700.180908203125,1784.924874214041,1691.34420909604,1776.1765205240547,158141
2023-08-15,1661.2994384765625,1722.3610079657444,1632.2266767292501,1702.8319244384766,92803
2023-08-16,1634.789306640625,1687.5443562529217,1632.1382969541808,1661.2994035050676,77398
2023-08-17,1707.338623046875,1758.5031327547676,1590.6058487229054,1634.789344520764,235153
2023-08-18,1669.2525634765625,1764.7772650957156,1634.7894348499951,1709.194402736842,195006
2023-08-21,1706.8084716796875,1749.666463332012,1633.7290115359376,1669.2524996132174,145215
2023-08-22,1788.1944580078125,1873.3802612736633,1720.6820534332226,1723.156372397945,313907
2023-08-23,1695.4974365234375,1865.4272057050553,1692.2279009593467,1847.4004255886377,188617
2023-08-24,1635.673095703125,1789.4316687189778,1631.254745903819,1712.0222018091083,174454
2023-08-25,1732.611572265625,1755.4986448107875,1638.3240347716426,1639.2077046933102,156197
2023-08-28,1727.57470703125,1785.0132522778133,1723.156357396899,1767.3398537404094,187382
2023-08-29,1772.0233154296875,1833.6150650698728,1716.4404564615488,1740.8297244277828,328847
2023-08-31,1764.7772216796875,1806.663198553958,1747.4573123699936,1796.3243033682868,182561
2023-09-01,1941.2459716796875,1941.2459716796875,1773.702081646723,1793.8497973959593,305808
2023-09-04,2135.300048828125,2135.300048828125,2117.980246700859,2129.644647264067,31511
2023-09-05,2348.794677734375,2348.794677734375,2348.794677734375,2348.794677734375,18240
2023-09-06,2138.481201171875,2583.6741489274195,2120.8078028150826,2583.6741489274195,538500
2023-09-07,2235.50830078125,2312.9176595849685,2138.4812963367035,2138.4812963367035,251133
2023-09-08,2048.700439453125,2289.235585780638,2035.7105336153465,2244.610250829669,216493
2023-09-11,1952.910400390625,2092.530238970588,1944.0737017463234,2048.7001273989677,167668
2023-09-12,1988.4339599609375,2120.719300452403,1953.7941431311606,1953.7941431311606,151132
2023-09-13,1871.61279296875,2015.827673245028,1864.5434339773667,2005.0469439311114,129390
2023-09-14,2058.774169921875,2058.774169921875,1779.7995186163334,1873.3801823163933,308801
2023-09-15,2174.534912109375,2252.474553390234,2018.567176262621,2076.8009358154645,317383
2023-09-18,2043.486572265625,2279.8682622466217,2043.486572265625,2154.387140836149,380899
2023-09-19,1982.16015625,2070.52715147777,1951.143254629159,2043.4867646421785,150702
2023-09-20,1958.56591796875,2111.9711018735293,1952.9989700827887,1994.4430028989773,131522
2023-09-21,1991.7918701171875,2014.1487607868535,1911.3779126279842,1961.747094791551,89955
2023-09-22,1970.5838623046875,2054.444048893425,1960.0682768689944,2008.581667721325,94116
2023-09-25,1954.5010986328125,2001.4238401747155,1941.86457610453,1988.3456984427828,133986
2023-09-26,1997.0941162109375,2149.880566504809,1947.6085982871268,1965.635379234906,198139
2023-09-27,1917.563720703125,2054.5325578962056,1917.563720703125,2032.4408099618377,101303
2023-09-28,1935.148681640625,2023.4274365545095,1913.49876848731,1944.6041224258959,124093
2023-09-29,1938.683349609375,1973.8534555446076,1922.2472185546294,1952.026851686372,77530
2023-10-02,2132.472412109375,2132.472412109375,2065.8437800535407,2132.472412109375,66112
2023-10-03,2099.157958984375,2303.3741700208657,2099.157958984375,2173.828069501815,344900
2023-10-04,2095.269775390625,2191.2361965923533,2032.4407595284445,2104.901690955111,181008
2023-10-05,2131.76513671875,2168.0840551593483,2052.1466098064125,2103.134318842164,119913
2023-10-06,2302.490478515625,2344.906635572175,2058.95095712004,2127.877212336934,433209
2023-10-09,2125.93310546875,2324.051855475816,2104.3714302935055,2205.02156214749,196065
2023-10-10,2277.8359375,2306.820354378501,2160.0426925751326,2160.0426925751326,274546
2023-10-11,2287.8212890625,2454.481512522228,2251.590824461665,2301.960006955509,387385
2023-10-12,2483.55419921875,2516.603366454541,2330.060784119301,2403.582075031133,592793
2023-10-13,2386.792236328125,2536.1324391935277,2376.8951772743353,2489.1212468832477,262117
2023-10-16,2148.113037109375,2474.2756779525007,2148.113037109375,2460.1369597927724,194659
2023-10-17,2362.844970703125,2362.844970703125,2041.2775652297134,2148.113174880259,293855
2023-10-18,2209.1748046875,2317.1592259926797,2175.0650594072345,2259.190608561516,142484
2023-10-19,2276.33349609375,2341.725063916319,2229.7641389139967,2242.7540423470255,173359
2023-10-20,2134.239501953125,2262.194946778212,2134.239501953125,2253.3582477673594,106291
2023-10-23,2173.827880859375,2218.011374372777,2098.0089628424344,2191.501278264736,97564
2023-10-24,2204.75634765625,2306.555074548387,2158.540369846013,2173.827901897545,180833
2023-10-25,2027.404052734375,2350.1202822190226,2027.404052734375,2231.2666714055395,269555
2023-10-26,2218.011474609375,2229.675874276109,1951.1431617280878,2053.3837271906227,231077
2023-10-27,2138.304443359375,2253.093075795393,2103.134338583026,2244.874902668952,125539
2023-10-30,2142.1923828125,2209.174599827202,2085.460822236879,2134.416045073167,97241
2023-10-31,2054.709228515625,2182.6646744404857,2041.2774890516282,2182.3995303199367,58773
2023-11-01,1990.466552734375,2090.409709891204,1954.6779199327136,2067.787672984878,74432
2023-11-02,2067.434326171875,2149.9690141982646,1997.1825643022646,2010.3491604196681,173974
2023-11-03,2014.7674560546875,2089.614256559299,1992.499016793608,2084.5773810671085,70700
2023-11-06,2013.8836669921875,2085.460927644389,1915.7963098021337,2001.5122886078564,98745
2023-11-07,2005.9305419921875,2129.6443199124105,1997.0938435693145,2016.5345800996351,90196
2023-11-08,1966.16552734375,2040.3937989378512,1961.747177844101,2031.5570999385534,58053
2023-11-09,2035.091796875,2120.8077778983934,1921.982048720419,1961.747194556014,134871
2023-11-10,2011.2327880859375,2079.2753736231152,2002.3960886655248,2014.7674678541025,44815
2023-11-13,1988.25732421875,2042.1611894531252,1963.5145664062502,2020.06944140625,62447
2023-11-14,2005.047119140625,2007.6981289940504,1952.910592023262,2001.5124393360582,62182
2023-11-15,1977.6531982421875,2031.5570611075912,1970.5838391778723,2019.1856827450397,53838
2023-11-16,2042.1612548828125,2043.0449248329999,1962.630959365957,1977.6533485191408,81175
2023-11-17,2032.440673828125,2119.040319930367,2001.5122287916101,2047.4630614172893,97707
2023-11-20,2218.011474609375,2235.6848728134337,2019.1857448137139,2035.9754731075698,303863
2023-11-21,2125.226318359375,2251.1492914846185,2082.810158990872,2231.2667167806326,187942
2023-11-22,2082.81005859375,2142.0159448584004,2073.0896892070164,2125.226215917679,94566
2023-11-23,2085.4609375,2129.6444319385596,2046.5794623940678,2077.5079085010593,59940
2023-11-24,2091.646728515625,2091.646728515625,2046.5795619950095,2072.205990016536,45640
2023-11-27,2103.134521484375,2253.358415876116,2078.391762408088,2096.948831715303,203062
2023-11-28,2043.928466796875,2122.5750874388646,2031.5570882689217,2106.669029331496,75134
2023-11-29,1984.72265625,2075.7406587405385,1981.1879765416295,2050.114230854853,58017
2023-11-30,2030.6734619140625,2054.532549586682,1980.3042768274213,1989.1409759654284,68303
2023-12-01,2090.762939453125,2115.505696133044,2028.0223778719028,2045.6957755004162,86136
2023-12-04,2224.638916015625,2299.7508555831832,2100.4832982598373,2104.017977768899,330145
2023-12-05,2271.03173828125,2350.5620326179474,2197.6871335040732,2226.848241427529,233509
2023-12-06,2324.052001953125,2430.0923974795032,2271.031804189936,2293.1235532579312,242738
2023-12-07,2259.98583984375,2430.092300907258,2165.8749925540687,2359.398706699047,193084
2023-12-08,2485.321533203125,2485.321533203125,2275.4499370659723,2301.960033420139,287224
2023-12-11,2509.62255859375,2699.611590318277,2491.949160293794,2606.826249243508,366332
2023-12-12,2584.734375,2628.9178685897436,2410.2095753205126,2509.622435897436,212463
2023-12-13,2697.402099609375,2827.7433968058967,2564.8516278840984,2589.1525477003993,361309
2023-12-14,2651.009765625,2821.1162255859376,2562.6427734375,2757.0501562500003,237798
2023-12-15,2509.62255859375,2699.611590318277,2509.62255859375,2651.009744993398,154228
2023-12-18,2271.03173828125,2461.0207747522495,2259.98586406782,2430.0923269546447,162858
2023-12-19,2202.105224609375,2363.8168041051676,2143.7830156108926,2271.031471607582,159939
2023-12-20,2078.3916015625,2244.52154250372,2033.3244367327009,2202.1053873697915,134478
2023-12-21,2209.1748046875,2284.286748046875,1988.25732421875,2078.3916562500003,197570
2023-12-22,2050.997802734375,2206.523702467787,2028.0223857283027,2205.640032582938,100675
2023-12-25,1845.9864501953125,2037.7428215176594,1845.9864501953125,2037.7428215176594,76260
2023-12-26,2029.789794921875,2029.789794921875,1777.94386912617,1862.7761809731444,165174
2023-12-27,1938.7716064453125,2072.2057507357604,1936.1205969560983,2027.138589419119,131507
2023-12-28,2089.879150390625,2120.8075944767443,1956.4450059047965,1961.7470248909883,109604
2023-12-29,2076.624267578125,2149.085199468085,2036.8591220287565,2057.183529753989,107109
2024-01-02,2195.919677734375,2235.6848228040117,2067.7875436211016,2076.6242425254654,132222
2024-01-03,2058.0673828125,2224.639173993331,2054.532702893543,2220.2208240946356,88479
2024-01-04,2088.112060546875,2209.174841882009,2045.6959035827404,2049.2305833297514,104549
2024-01-05,2091.646728515625,2138.4812348997943,2067.787640357652,2096.065078174509,49699
2024-01-08,2078.3916015625,2127.8771158854165,2071.322242373512,2094.2976597377233,53140
2024-01-09,2035.091796875,2107.5527292865286,2012.1163792811008,2089.879331137375,49881
2024-01-10,2040.393798828125,2074.856924923533,1968.8165369376622,2035.0917794288314,45880
2024-01-11,2048.346923828125,2113.738499480964,2032.4408648855424,2040.3938943568337,71344
2024-01-12,2046.579345703125,2065.1364123092417,1997.0938347534814,2022.7202600666897,45710
2024-01-15,2097.83203125,2134.062491772852,2036.8588171993472,2057.183221882898,65415
2024-01-16,2116.389404296875,2131.4117925528444,2068.6712298367365,2107.552705322775,50187
2024-01-17,2197.68701171875,2275.449961872047,2078.3915768244874,2107.552683131974,120065
2024-01-18,2149.085205078125,2282.0775255404023,2143.7831856577022,2222.4298070606433,94188
2024-01-19,2180.897216796875,2196.8032742937726,2131.411704584304,2160.5728099952835,52148
2024-01-22,2125.226318359375,2213.5933170437565,2125.226318359375,2180.897527530535,63827
2024-01-23,2069.554931640625,2168.525961676385,2059.834562619256,2156.154582921915,71800
2024-01-24,2079.275146484375,2097.832213240079,2035.091654208889,2081.0424861753945,53599
2024-01-25,2163.223876953125,2196.803332559424,2073.0895487467446,2080.1589078217553,108501
2024-01-26,2171.177001953125,2192.385080116281,2120.8078163156288,2163.223972641941,81095
2024-01-29,2218.011474609375,2277.6591935480733,2182.6646782012576,2184.432018021663,101600
2024-01-30,2246.73095703125,2262.195181907571,2206.523972352815,2244.5217820489183,60091
2024-01-31,2306.378173828125,2377.0717577002515,2237.8937644520024,2246.730462436018,100607
2024-02-01,2401.373046875,2427.8831449085787,2308.5877037574746,2317.4244031020007,83479
2024-02-02,2500.78564453125,2589.152628436948,2390.3269146491275,2412.418660625552,153122
2024-02-05,2489.739990234375,2562.6427583601376,2480.9032910676156,2500.7858641928237,97712
2024-02-06,2434.510498046875,2514.0407865493135,2430.092148685628,2500.785738465574,61558
2024-02-07,2399.163818359375,2463.22988717376,2390.327119212563,2461.020712387057,70400
2024-02-08,2637.754638671875,2637.754638671875,2390.3270678751833,2399.163766832208,205137
2024-02-09,2584.734375,2677.5197115384613,2547.178405448718,2668.683012820513,179682
2024-02-12,2779.141845703125,2781.3510204612357,2606.826214570499,2651.0097097327107,221609
2024-02-13,2898.437255859375,2986.804245367283,2834.371188466142,2871.927159007003,269795
2024-02-14,2836.580322265625,2973.5491540261146,2803.44270167841,2931.574834615642,176720
2024-02-15,3028.778564453125,3119.3547286709063,2852.0445854916006,2871.927158124772,266170
2024-02-16,3194.466552734375,3269.578491042099,3028.7784535261603,3048.6610254311463,225031
2024-02-19,3331.435546875,3413.1750132107923,3216.558459051724,3282.833702026691,213647
2024-02-20,3260.7421875,3413.1752572408536,3185.6302400914633,3393.2926829268295,132281
2024-02-21,3225.39501953125,3388.8739451787246,3181.211526113014,3260.741814265839,140980
2024-02-22,3225.39501953125,3327.0170543931936,3121.563809998395,3267.3693382785746,99861
2024-02-23,3194.466552734375,3293.8794122593035,3128.1913130510893,3265.16014172988,95840
2024-02-26,3318.1806640625,3384.4559103487018,3163.538422728029,3194.4668709949233,149734
2024-02-27,3486.07763671875,3534.6794795627375,3262.950994571352,3353.5271562351472,226906
2024-02-28,3472.822509765625,3605.372987237595,3391.08304865791,3481.659208263756,209813
2024-02-29,3819.663330078125,3819.663330078125,3508.1696750515107,3517.00637448489,227570
2024-03-01,3976.5146484375,4144.41193359375,3866.055908203125,3888.14765625,226598
2024-03-04,3640.719970703125,4104.646665999033,3592.11812643403,4053.8356469904334,167968
2024-03-05,3676.066650390625,3921.2850387279805,3581.072139593271,3640.7198556753306,156666
2024-03-06,3545.7255859375,3782.1072916666667,3446.3127190420564,3684.9035995911217,124984
2024-03-07,3512.587890625,3605.3732311320755,3437.475948309748,3521.424589720912,129779
2024-03-08,3486.07763671875,3649.556562648527,3461.7767152967563,3618.6281172023528,102818
2024-03-11,3517.00634765625,3581.0724180595357,3461.7769766189344,3558.98066964461,79848
2024-03-12,3463.98583984375,3603.1638423374725,3406.5472991320553,3574.444571981625,116301
2024-03-13,3402.129150390625,3508.169539493709,3366.78235402293,3497.1236656288047,77522
2024-03-14,3309.34375,3594.327290554072,3269.5786048064087,3384.4556909212283,138255
2024-03-15,3205.512451171875,3313.762010170787,3203.3032764984277,3309.343660823893,86260
2024-03-18,3152.492431640625,3269.578695745007,3110.5181105466013,3225.395199856561,84467
2024-03-19,3176.79345703125,3214.3494297499783,3117.1457356544465,3152.492533507367,70435
2024-03-20,3225.39501953125,3262.950988936751,3163.5381287457194,3185.6298754548375,96608
2024-03-21,3300.5068359375,3446.3123588102408,3256.3233441578814,3269.578391691767,132608
2024-03-22,3216.558349609375,3444.10334274795,3203.30330146538,3313.762035998669,223756
2024-03-25,3243.068603515625,3304.92549786061,3148.074087200113,3216.5585059392033,116950
2024-03-26,3006.686767578125,3289.461129260711,2933.784002456833,3256.323508751033,127466
2024-03-27,2942.62060546875,3044.2426383903435,2880.7637158643015,3030.9875906179614,69693
2024-03-28,3015.523681640625,3048.6613045157965,2951.4576107486264,2960.2943101820056,68106
2024-03-29,3048.661376953125,3117.145799189029,2986.804479449728,3090.6357002590016,81838
2024-04-01,3017.732666015625,3079.589558144789,2933.7840266974745,3075.1712087069914,54413
2024-04-02,3066.334716796875,3156.9108863852553,2977.967722076504,3008.8961702286338,74183
2024-04-03,2854.25390625,3050.870467903444,2849.8355565499223,3050.870467903444,75641
2024-04-04,2746.004150390625,2913.9014274861097,2746.004150390625,2854.2537106232403,96610
2024-04-05,2918.31982421875,2918.31982421875,2772.5142917445355,2772.5142917445355,77578
2024-04-08,3017.732666015625,3039.824413204612,2871.927134568311,2918.319803665184,64321
2024-04-15,3278.415283203125,3391.0831938792435,3203.3033427523796,3249.6960118543107,197944
2024-04-16,3156.910888671875,3364.5733264151613,3095.0539923228107,3256.323757804299,159866
2024-04-17,3000.05908203125,3267.369206424314,2931.5746699966635,3225.394889370858,161294
2024-04-18,3032.48828125,3099.6778295790255,2992.1745522525853,3019.050371584195,83411
2024-04-19,2992.174560546875,3023.529683187336,2936.18327011748,2987.695257312523,80701
2024-04-22,2938.423095703125,3081.7608076886436,2931.704140453804,3019.050558694979,65377
2024-04-24,2839.878173828125,2976.4969187835786,2839.878173828125,2956.340054773758,72758
2024-04-25,2837.638671875,2889.1506603936464,2819.72145847721,2839.8783235497235,64745
2024-04-26,2815.241943359375,2855.5556704719197,2795.0850798031024,2839.8781099281523,63088
2024-04-29,2866.754150390625,2945.1419591903687,2821.9611167907715,2821.9611167907715,80446
2024-04-30,2895.86962890625,2945.1419659796743,2833.159381721892,2864.514505314071,74386
2024-05-02,2873.472900390625,2983.215824879433,2848.836733668648,2924.9848853547596,89347
2024-05-03,2844.357666015625,2895.8696552426795,2813.0025421382875,2884.671396715059,65063
2024-05-06,2848.8369140625,2913.786812260466,2821.961094118514,2875.712734006486,72433
2024-05-07,2790.60595703125,2848.8368999548557,2748.052575664,2848.8368999548557,72934
2024-05-08,2792.845458984375,2857.7953533793607,2781.647201330067,2795.0851105152365,83355
2024-05-09,2665.185302734375,2790.605787568934,2589.037151227679,2790.605787568934,112948
2024-05-10,2636.070068359375,2658.466585507713,2557.682258340192,2557.682258340192,60402
2024-05-13,2472.575439453125,2638.309662749802,2436.741012794384,2636.0700110836306,68394
2024-05-14,2512.88916015625,2544.244283366756,2490.4926435773173,2490.4926435773173,45257
2024-05-15,2477.0546875,2557.68214568264,2472.5753842676313,2512.8891133589514,48570
2024-05-16,2472.575439453125,2510.6495177780375,2443.459967792898,2486.013349450153,45927
2024-05-17,2483.773681640625,2517.3684564148443,2463.6168167760934,2483.773681640625,68627
2024-05-20,2512.88916015625,2550.9632383404355,2486.0133402615306,2486.0133402615306,64155
2024-05-21,2477.0546875,2575.599358612116,2474.8150358838157,2521.8477198236887,72373
2024-05-22,2519.608154296875,2575.599446614583,2468.096165364583,2479.2944238281248,86637
2024-05-23,2400.906494140625,2533.045937381574,2400.906494140625,2519.608027899443,78354
2024-05-24,2367.311767578125,2441.2202712016615,2360.592812703258,2441.2202712016615,60246
2024-05-27,2326.998046875,2405.385854036333,2324.758395241819,2374.0307311717997,53212
2024-05-28,2266.52734375,2349.3944501914525,2266.52734375,2329.2375864624505,51036
2024-05-29,2235.17236328125,2291.163654946612,2231.5889206146667,2266.5274866138525,45954
2024-05-30,2210.984130859375,2253.089582297945,2192.1710568123544,2228.90134423749,45542
2024-05-31,2185.89990234375,2241.8911908259156,2185.004041728035,2228.901211898053,63796
2024-06-03,2188.58740234375,2205.608753405777,2154.5447002196966,2182.316378268267,42245
2024-06-04,2300.122314453125,2405.385945202197,2191.2752409551485,2202.0255692018623,179902
2024-06-05,2103.480712890625,2329.237586676161,2080.1883370238634,2293.403162265758,152811
2024-06-06,2163.50341796875,2253.089480824599,2109.7517802552406,2118.7103865408253,150893
2024-06-07,2153.64892578125,2232.4846601692493,2118.710361677478,2176.045441232386,77650
2024-06-10,2058.687744140625,2172.462045057013,2047.937416494982,2155.4406929514116,60530
2024-06-11,2082.8759765625,2121.397983870968,2049.729133064516,2077.5008127520164,77157
2024-06-12,2079.292724609375,2097.209938953273,2047.0417387903585,2087.3554710641292,76471
2024-06-13,2111.543701171875,2166.191204681202,2093.6264869065217,2093.6264869065217,62774
2024-06-14,2064.958984375,2142.8988679501085,2047.0417697600326,2118.7106282199024,84418
2024-06-20,2145.58642578125,2150.0657293841336,1988.8107996803237,2082.8761753408794,108300
2024-06-21,2159.920166015625,2222.6304155473936,2127.669180542144,2148.273976816868,89552
2024-06-24,2172.462158203125,2212.775888973905,2130.356706064755,2181.420765041076,82543
2024-06-25,2123.18994140625,2189.483635779272,2123.18994140625,2174.2540032881725,48492
2024-06-26,2029.1243896484375,2135.7318079125275,2025.5409470177117,2117.8145947588987,62532
2024-06-27,2069.43798828125,2077.500733690138,2029.12426123681,2034.4994248427354,42027
2024-06-28,2062.271240234375,2112.4394372166184,2046.1457483472252,2073.9174288195386,56394
2024-07-01,1953.8720703125,2123.1897325266505,1943.1217425528712,2081.9801427814077,86769
2024-07-02,1977.1644287109375,1981.6437319023987,1935.058978711203,1961.0389372216775,44889
2024-07-03,1947.60107421875,2008.5195990793181,1921.6211150870372,1987.0189432461764,72049
2024-07-04,1971.789306640625,1983.435495185072,1944.91348692267,1957.4555361243822,77337
2024-07-05,2014.7906494140625,2051.520936931171,1973.5810585412094,1981.6438045815503,120801
2024-07-08,2008.51953125,2067.64633279438,1991.4981792902543,2040.770513910571,130483
2024-07-09,1968.2059326171875,2030.0203201231438,1946.7052760933766,1972.685236059648,146339
2024-07-10,1910.870849609375,1985.2272867953,1904.5998247864657,1973.5810978384684,87792
2024-07-11,2023.749267578125,2059.5836946268746,1912.6625437270018,1918.933568460533,156920
2024-07-12,1994.1859130859375,2033.603783784851,1952.9763209916189,2033.603783784851,78951
2024-07-16,1993.2899169921875,2024.6450392819524,1971.7892617077775,2001.3526627238414,67560
2024-07-17,1976.2685546875,1999.56093112534,1954.767899514109,1995.0816279642168,62385
2024-07-18,1987.01904296875,2008.5196998809458,1973.581132398628,1976.2687145126522,78612
2024-07-19,1966.4140625,2005.8319298120728,1942.225825740319,1993.289881121868,61334
2024-07-22,2055.1044921875,2150.0657285309503,1984.331495290023,2002.2487096944476,195298
2024-07-23,2087.35546875,2107.0644045064378,2026.436940048283,2055.104482966738,122541
2024-07-24,2073.021484375,2157.232383048833,2064.062878133103,2069.438041878241,150086
2024-07-25,2020.1656494140625,2133.939945412105,1990.6022496665396,2071.22970352342,127979
2024-07-26,1989.70654296875,2059.583675049598,1981.6437969594215,2038.0830190247216,65909
2024-07-29,1943.1217041015625,1980.7478505157007,1934.163097812482,1979.8519898867926,59945
2024-07-30,1942.225830078125,1975.3726731191261,1942.225830078125,1949.392715059963,54550
2024-07-31,1896.5369873046875,1947.601044119221,1893.8494053670804,1938.6424376605307,61451
2024-08-01,1934.1632080078125,1939.5383720875009,1912.6625516890597,1912.6625516890597,63262
2024-08-02,1881.307373046875,1938.642454892113,1872.3487665085565,1899.224586123512,72297
2024-08-05,1751.4075927734375,1814.1178390620005,1700.3435350813218,1700.3435350813218,88542
2024-08-06,1754.990966796875,1845.4728900467394,1742.448918029567,1791.7212524725626,77731
2024-08-07,1801.5758056640625,1805.1592483406694,1737.969698154292,1772.0124035820565,80832
2024-08-08,1786.3460693359375,1817.7011909140508,1780.075045020315,1798.8881179671828,50032
2024-08-09,1749.6158447265625,1807.8467868193566,1746.9282627838181,1801.5757622862864,51519
2024-08-12,1724.53173828125,1792.617147169237,1723.635877637987,1756.7827214387175,75778
2024-08-13,1651.0711669921875,1737.0737888214062,1638.5291179754263,1689.593174686525,126826
2024-08-14,1598.2154541015625,1671.676029906679,1594.6320113793618,1668.0925871844784,93330
2024-08-15,1650.17529296875,1664.5090631574037,1569.5478356575734,1598.2153760348806,88554
2024-08-16,1626.8829345703125,1677.9469914373324,1622.4036313363636,1660.9256391483257,64113
2024-08-19,1647.4876708984375,1654.654555818061,1609.8615250704145,1631.3621798292847,59194
2024-08-20,1625.987060546875,1651.967019090048,1617.0284541526773,1651.967019090048,51797
2024-08-21,1607.1739501953125,1647.487678043021,1607.1739501953125,1625.98702319091,52493
2024-08-22,1635.841552734375,1744.2406917709902,1612.5491757513007,1612.5491757513007,199697
2024-08-23,1581.194091796875,1666.3008559445823,1576.71478842068,1651.0712244655188,89160
2024-08-26,1539.088623046875,1612.5491976044093,1524.7548524015026,1594.6319842976936,70705
2024-08-27,1552.5264892578125,1558.7975137383692,1524.7548094153474,1527.4423913355859,66809
2024-08-28,1544.4637451171875,1583.8816133220346,1542.672023835149,1554.3182121683994,56290
2024-08-29,1634.9456787109375,1673.4676864833048,1541.7761715405607,1556.1099418744648,115611
2024-09-02,1797.9923095703125,1797.9923095703125,1643.9042790540725,1643.9042790540725,121863
2024-09-03,1977.1644287109375,1977.1644287109375,1906.3914382858518,1908.1831595624362,62763
2024-09-04,1926.100341796875,2148.273776571584,1926.100341796875,2028.2284529433139,710954
2024-09-05,1894.7452392578125,2012.9988428426973,1885.7866329256244,1926.1003614204715,243816
2024-09-06,1864.2860107421875,1915.350067739931,1854.4315436022719,1899.224576056433,112465
2024-09-09,2028.2286376953125,2028.2286376953125,1846.3689144390632,1849.9523572618466,132078
2024-09-10,2122.2939453125,2221.7344805297594,2073.0216080426867,2073.91746872032,530688
2024-09-11,1945.809326171875,2181.420676440385,1930.5796951659258,2150.0655537810776,368760
2024-09-12,1999.56103515625,2095.4181277914286,1912.6625493094057,1984.3314036160814,311939
2024-09-13,1973.5809326171875,2023.7491270005569,1953.8719991094354,2004.0401934928045,171333
2024-09-16,1905.49560546875,2009.4154410279295,1902.8080235146333,1973.58101497304,104316
2024-09-17,1909.9749755859375,1978.0603874736164,1895.6412046622156,1921.6211644614616,81197
2024-09-18,1864.2860107421875,1923.4128135816802,1838.3060519187738,1923.4128135816802,68230
2024-09-19,1903.703857421875,1906.3914393382352,1859.8066861213235,1898.3286935891545,74921
2024-09-20,1874.140380859375,1898.3286171324166,1850.8480051890385,1894.7451747215955,53327
2024-09-23,1797.9923095703125,1874.1404641858962,1791.7212850725587,1866.0777184030696,59219
2024-09-24,1805.1591796875,1867.8694241431451,1797.9922946068548,1809.6384828629032,81602
2024-09-25,1767.5330810546875,1828.4516058959034,1756.7827531415319,1811.43025336674,86884
2024-09-26,1778.283447265625,1861.5984903868862,1763.9496764060534,1780.9710293017947,124190
2024-09-27,1799.7840576171875,1823.9722953253329,1769.3247953180414,1779.179262532471,69570
2024-09-30,1768.428955078125,1823.9723163825038,1754.0951844189306,1783.6585864035192,59314
2024-10-01,1667.1966552734375,1778.283374915515,1657.3421882084144,1764.8454652813928,73731
2024-10-02,1616.132568359375,1687.8014183974847,1610.7574046065167,1657.342157131288,62766
2024-10-03,1603.590576171875,1647.4877483687587,1567.7561498887046,1621.50778931346,61563
2024-10-04,1643.904296875,1643.904296875,1582.089911869891,1619.7160592643052,51583
2024-10-07,1662.7174072265625,1719.156629562378,1660.0298252105713,1660.0298252105713,70895
2024-10-08,1639.4249267578125,1680.6345150806865,1622.403575059234,1662.7173027663935,38046
2024-10-09,1637.63330078125,1646.5919074594842,1608.0698987430765,1630.4664154386624,42309
2024-10-10,1614.3409423828125,1685.113935972292,1611.653360347769,1637.6333200198565,89825
2024-10-11,1574.0272216796875,1630.4664447678038,1558.7975900527354,1617.0285345087284,44919
2024-10-14,1524.7547607421875,1582.9857004885107,1520.275457684778,1574.9229549851736,55412
2024-10-15,1588.3609619140625,1591.048543913917,1524.7548545841705,1524.7548545841705,75234
2024-10-16,1608.0699462890625,1620.611996009423,1569.54793643367,1585.673428931276,69744
2024-10-17,1677.947021484375,1754.9910384879288,1599.1112831551573,1608.9657504463094,163986
2024-10-18,1739.7613525390625,1797.9922937929448,1675.2593868424547,1686.9055750932312,171097
2024-10-21,1785.4503173828125,1844.5771216714556,1739.7614231597702,1749.6158905412105,223376
2024-10-22,1729.010986328125,1818.5970477959036,1715.5730771079582,1785.4502050528256,130292
2024-10-23,1669.88427734375,1756.7827617334194,1669.88427734375,1729.0110811552777,69077
2024-10-24,1706.6146240234375,1722.7401165338952,1685.1139673428272,1697.6560170731832,55701
2024-10-25,1695.8642578125,1711.0938892878366,1666.3008555368463,1698.5518398375593,39332
2024-10-28,1729.010986328125,1771.116435217981,1694.9682829703693,1694.9682829703693,40676
2024-10-30,1758.5743408203125,1778.2832738300156,1720.9481959836069,1746.9281531327608,83117
2024-10-31,1743.3448486328125,1797.0964883645538,1743.3448486328125,1758.5744798901392,89868
2024-11-01,1725.4276123046875,1760.366177662882,1714.677284502166,1748.7199892101505,44804
2024-11-04,1724.53173828125,1740.6572298599838,1667.1966571124187,1724.53173828125,43993
2024-11-05,1700.343505859375,1724.5317432978381,1675.2594077750427,1724.5317432978381,39361
2024-11-06,1738.865478515625,1772.012321743383,1703.9269140323124,1706.6144959156443,103611
2024-11-07,1765.7413330078125,1772.9082181747644,1713.78141554741,1756.7827265491223,77177
2024-11-08,1809.638427734375,1814.1177307733215,1755.8867912670173,1782.762609500696,102919
2024-11-11,1829.3475341796875,1903.7039716610363,1791.72138509274,1814.1179024063993,177389
2024-11-12,1749.6158447265625,1809.6385081145195,1749.6158447265625,1791.7212951628906,73384
2024-11-13,1750.51171875,1779.1792596916582,1729.0110630437564,1741.5531122057318,63372
2024-11-14,1764.8455810546875,1785.4503771786763,1750.5118098379996,1750.5118098379996,50853
2024-11-15,1757.6785888671875,1779.1792443884985,1750.511703693417,1771.1164985680068,44653
2024-11-18,1779.17919921875,1800.6798541942032,1758.574404867274,1759.4702654912514,71516
2024-11-19,1729.906982421875,1800.6799765240646,1717.3649328341453,1780.971041457632,67009
2024-11-20,1681.5303955078125,1738.8654755890593,1675.2593711239263,1729.9068693263644,42854
2024-11-21,1729.010986328125,1729.010986328125,1663.6131614566468,1686.0096768235915,47199
2024-11-22,1789.9295654296875,1795.3047292898366,1711.0938288141656,1737.0737874715535,100394
2024-11-25,1858.910888671875,1893.849454772214,1808.7426911944654,1818.5971585560994,134430
2024-11-26,1933.267333984375,1935.0590553319046,1819.4930284162492,1863.390201430723,112820
2024-11-27,1935.954833984375,2042.5622496457079,1916.2458999965654,1952.0803254289463,214623
2024-11-28,1968.2059326171875,1987.9148677640142,1915.3501519961526,1935.9549478314714,91415
2024-11-29,1993.2899169921875,2041.6663913821103,1957.4554915181707,1968.2058191603758,106596
2024-12-02,2016.5823974609375,2073.917481173732,1972.6852239933294,1985.2272735555032,102467
2024-12-03,1993.2899169921875,2037.1870881978582,1993.2899169921875,2016.5822935502986,100859
2024-12-04,2006.7279052734375,2027.3327007293701,1984.3313884735107,1993.2899951934814,61756
2024-12-05,2004.9361572265625,2021.9575097678066,1976.268616104467,2016.5823458074137,46585
2024-12-06,1987.01904296875,2030.9162174978162,1974.4769931033027,2009.4155605856206,68523
2024-12-09,2033.603759765625,2050.625112820932,1990.602446783797,1990.602446783797,95646
2024-12-10,1957.45556640625,2041.6664694919193,1957.45556640625,2033.6037234518021,63289
2024-12-11,1903.703857421875,1969.9975446920955,1869.661153147978,1967.3099627757354,57308
2024-12-12,1905.49560546875,1944.0176134777562,1890.265974395422,1918.0376545879615,32848
2024-12-13,1915.3499755859375,1921.6209998277998,1890.2658786184884,1903.7037877081932,34171
2024-12-16,1893.8494873046875,1944.9135463285131,1893.8494873046875,1926.1004719513141,48087
2024-12-17,1872.3487548828125,1909.9749021101225,1854.4315419174266,1908.183180813584,36725
2024-12-18,1914.4542236328125,1966.4141417286023,1872.3487727620861,1872.3487727620861,112312
2024-12-19,1953.8720703125,1978.9561684183,1895.6411282811782,1912.6624805672568,86963
2024-12-20,2006.7279052734375,2014.7906513214111,1953.8721256256104,1957.4555683135986,191293
2024-12-23,1911.7666015625,2021.9574600405633,1911.7666015625,2012.998853660233,68733
2024-12-24,1930.5797119140625,2006.7278676044084,1920.7252447070766,1923.4128266726182,98216
2024-12-25,1899.224609375,1951.1845279333727,1897.432888045401,1941.3300606205778,55619
2024-12-26,1866.0777587890625,1914.4542345329942,1859.80673415559,1906.3914885756722,65150
2024-12-27,1862.4942626953125,1890.2659424180422,1856.223238241793,1876.8280328747858,77330
2024-12-30,1840.99365234375,1871.4529147182939,1835.618488395301,1862.4943081375457,33574
2024-12-31,1826.6597900390625,1845.4728629134227,1805.159135325508,1829.3473718782568,43950
2025-01-02,1806.950927734375,1848.1605175587586,1802.4716244925944,1828.451583294923,48457
2025-01-03,1815.013671875,1833.8267454729146,1802.4716228097236,1806.9509260473224,63840
2025-01-06,1826.6597900390625,1843.6811416872931,1815.9094626822853,1818.5970445214796,53829
2025-01-07,1800.679931640625,1836.5143581409359,1800.679931640625,1825.7640301908427,61665
2025-01-08,1777.3875732421875,1810.534418106079,1774.6999912261963,1800.6799507141113,45277
2025-01-09,1785.4503173828125,1793.513063422173,1768.4289646330517,1787.2420387248926,34718
2025-01-10,1770.2205810546875,1804.2632845365083,1763.053696111146,1788.1377934135405,36042
2025-01-13,1706.6146240234375,1776.4917582354208,1702.1353205483103,1771.1165940652681,47431
2025-01-14,1713.781494140625,1733.4904292535857,1705.7187479580502,1710.198051392814,39710
2025-01-15,1710.197998046875,1726.3234899090248,1688.6973422306755,1718.26074397795,31459
2025-01-16,1720.052490234375,1733.490400314331,1702.1352767944336,1733.490400314331,27809
2025-01-17,1711.09375,1724.5316590314135,1705.7185863874345,1720.0523560209424,29602
2025-01-20,1706.6146240234375,1749.615937384658,1705.718763328412,1711.9897881935901,42108
2025-01-21,1681.5303955078125,1703.0310505382802,1679.7386742552737,1701.2393292857412,38567
2025-01-22,1690.489013671875,1709.3020869559818,1679.738686080957,1684.2179892438396,35702
2025-01-23,1693.1766357421875,1712.8855701264881,1686.0097505115327,1694.9683570498512,41551
2025-01-24,1693.1766357421875,1702.135242280506,1675.2594226655506,1698.5517996651786,32272
2025-01-27,1664.509033203125,1692.2807124438662,1654.6545663757654,1692.2807124438662,32822
2025-01-28,1657.3421630859375,1677.9469575459248,1657.3421630859375,1666.3007693728885,22540
2025-01-29,1627.77880859375,1668.988398684731,1627.77880859375,1657.3422101807582,31135
2025-01-30,1652.8629150390625,1686.0097594056995,1627.7788165994452,1627.7788165994452,60619
2025-01-31,1614.3409423828125,1660.9256976569004,1613.4450817044647,1656.4463942651612,43525
2025-02-03,1594.6319580078125,1609.8615890674378,1576.7147449964887,1608.0698677663054,38904
2025-02-04,1594.6319580078125,1610.757449718004,1591.0485154055477,1595.5278186583787,25420
2025-02-05,1567.7562255859375,1595.527907296317,1557.0058971819196,1592.8403251953125,32774
2025-02-06,1614.3409423828125,1623.299549166291,1576.714793892203,1576.714793892203,35214
2025-02-07,1629.5704345703125,1631.3621557737983,1603.5904771197688,1603.5904771197688,32783
2025-02-10,1668.9884033203125,1681.5304525132724,1622.4036491750326,1635.8415590246325,49912
2025-02-11,1633.1539306640625,1663.6131921246101,1625.987045614522,1660.9256102310324,34298
2025-02-12,1608.0699462890625,1653.7588416989468,1600.0072000402595,1630.466463646849,33129
2025-02-13,1639.4249267578125,1639.4249267578125,1595.5277565877946,1615.2366901335167,42502
2025-02-14,1642.112548828125,1661.821482856613,1626.8829179879294,1626.8829179879294,30592
2025-02-17,1600.007080078125,1654.654578333873,1600.007080078125,1643.0083901810085,34975
2025-02-18,1619.716064453125,1625.98708903895,1581.1940562830562,1601.7988513507673,39820
2025-02-19,1616.132568359375,1670.7800665134337,1612.5491258574693,1619.7160108612804,73725
2025-02-20,1654.6546630859375,1669.884294527443,1610.75749010748,1618.8202361647477,46310
2025-02-21,1612.549072265625,1665.4048474121093,1592.8401391601562,1660.9255444335938,40094
2025-02-24,1574.9229736328125,1622.4035866035401,1567.7560886560989,1612.5491197605588,35569
2025-02-25,1526.546630859375,1581.1941334899043,1526.546630859375,1581.1941334899043,44615
2025-02-26,1531.9217529296875,1548.0472450657894,1514.0045394451297,1526.54658888432,33328
2025-02-27,1545.359619140625,1567.7561353600543,1531.9217094089672,1531.9217094089672,26231
2025-02-28,1582.9857177734375,1608.0698151688287,1545.3595716803507,1545.3595716803507,50617
2025-03-03,1578.5064697265625,1608.9657319119788,1575.8188877690259,1594.631961471783,40053
2025-03-04,1548.047119140625,1582.089821992097,1540.880234329789,1578.506379586679,41799
2025-03-05,1573.13134765625,1590.1527005067446,1551.630691424046,1551.630691424046,42375
2025-03-06,1661.821533203125,1671.67600051592,1585.6733766951652,1585.6733766951652,75667
2025-03-07,1693.1766357421875,1703.9269635881697,1648.3836030505952,1686.9056111653645,55619
2025-03-10,1692.28076171875,1743.3448185837415,1673.467688136911,1730.8027695291821,70940
2025-03-11,1715.5731201171875,1737.9696360456103,1665.4049244375203,1690.489022277354,72913
2025-03-12,1715.5731201171875,1737.9696360456103,1704.8227924715445,1721.844144577146,38471
2025-03-13,1745.136474609375,1769.3247111671024,1720.0523774383983,1724.531680504644,67737
2025-03-14,1810.5343017578125,1811.43016237224,1745.136476904611,1755.88680427774,75955
2025-03-17,1856.2232666015625,1948.496913541698,1811.430234106351,1812.3260947562553,137029
2025-03-18,1840.0977783203125,1856.2232700485333,1805.1592129091673,1839.2019176687447,70882
2025-03-19,1674.363525390625,1777.387498327983,1661.8214765112946,1666.300779682484,87769
2025-03-20,1739.7613525390625,1775.595777926067,1674.3635262077796,1674.3635262077796,103526
2025-03-21,1634.9456787109375,1739.7613742776111,1565.964408979024,1719.1565794226242,83603
2025-03-24,1641.2166748046875,1683.322124431227,1555.2140542909049,1612.5491346334265,103051
2025-03-25,1680.634521484375,1704.8227582008344,1645.6959573383779,1658.2380060061716,91156
2025-03-26,1679.73876953125,1700.3435651041666,1651.9670885416665,1677.9470481770832,60834
2025-03-27,1694.0723876953125,1729.0109509529102,1688.6972241172205,1702.1351330624504,54710
2025-03-28,1729.906982421875,1733.4904251612263,1666.3008737983882,1690.4891122890099,33858
2025-04-02,1818.59716796875,1845.472988185037,1707.510444408097,1729.906961255003,96998
2025-04-03,1863.39013671875,1938.6424307016225,1818.5971045860877,1818.5971045860877,98905
2025-04-04,1832.0350341796875,1926.100402682801,1770.2206491633556,1863.3901570140586,88403
2025-04-07,1815.013671875,1836.5143274154739,1730.8027710081442,1777.3875246791708,67079
2025-04-08,1773.8040771484375,1863.3901416508838,1758.5744461830216,1850.8480926205414,54091
2025-04-09,1737.9696044921875,1773.8040293270778,1737.0737438713152,1766.6371443601,72572
2025-04-10,1738.865478515625,1795.304698065591,1737.0737572600704,1782.7626492767097,49406
2025-04-11,1711.9896240234375,1737.0737210787258,1708.4061815869677,1737.0737210787258,34427
2025-04-14,1756.78271484375,1782.7626734008477,1720.052428607853,1720.052428607853,71491
2025-04-15,1765.7413330078125,1839.201905969071,1762.1578904243365,1773.8040788206335,90316
2025-04-16,1729.010986328125,1799.78397488767,1722.7399620253805,1793.5129505849256,59767
2025-04-17,1722.739990234375,1755.8868335202158,1698.5517532420047,1729.0110146398044,63288
2025-04-18,1684.218017578125,1729.90691060817,1683.3221569304771,1724.5317467222822,42956
2025-04-21,1709.3021240234375,1737.0738042355583,1685.1138864193324,1686.9056077233402,55317
2025-04-22,1685.1138916015625,1729.9069243395095,1676.155285053973,1720.0524571371611,47330
2025-04-24,1852.99951171875,1852.99951171875,1692.1103325575411,1732.7949525753181,111933
2025-04-25,2037.9295654296875,2037.9295654296875,1890.910145782083,1941.7659198740216,250084
2025-04-28,1947.3138427734375,2230.2568797576123,1947.3138427734375,2172.9285520026488,330647
2025-04-29,2021.285888671875,2089.710022140182,1895.5334271625543,1923.272940730787,281187
2025-04-30,1960.2589111328125,2071.2169627063677,1935.2933495287625,2024.9844412173866,117822
2025-05-02,1877.0404052734375,2015.7379721655634,1877.0404052734375,1995.3956623547183,84529
2025-05-05,1856.6981201171875,1941.7659622739511,1850.2255669096078,1900.1566916537952,79912
2025-05-06,1881.66357421875,1969.5053626957924,1835.431053967675,1864.0952165233416,149116
2025-05-07,1820.63671875,1909.403161106526,1819.7120683087862,1902.0059575768157,59527
2025-05-08,1828.95849609375,1854.8487073630247,1816.0133904591128,1821.5612928739574,34422
2025-05-09,1824.3353271484375,1849.3008891519894,1793.8218624774297,1828.9585793713175,57638
2025-05-12,1844.6776123046875,1877.965027865073,1833.5818071178924,1846.5269131691534,100256
2025-05-13,1883.512939453125,1941.7659169619844,1852.0748246070739,1873.3417846499908,121449
2025-05-14,1860.3966064453125,1896.4579720772047,1855.7733544412238,1882.5882160649385,50906
2025-05-15,1848.376220703125,1890.910140739315,1840.9790172185703,1860.3966763655267,46116
2025-05-16,1854.8487548828125,1857.6227061613013,1840.054348064206,1851.1501531781607,29457
2025-05-20,1838.205078125,1889.0608524192028,1837.2804276832871,1865.9445913763834,42660
2025-05-21,1812.3148193359375,1852.9994377291932,1802.1436647376236,1840.9789822948221,35101
2025-05-22,1794.7464599609375,1831.732476652559,1775.3288011978361,1812.3148178894578,34012
2025-05-23,1775.328857421875,1848.3762427012127,1765.1577025095623,1789.1986141204834,54886
2025-05-26,1748.513916015625,1793.821785864787,1737.4181111546056,1785.4999322190226,37308
2025-05-27,1720.7744140625,1776.2534386964335,1717.0758124202378,1747.5892759689011,40817
2025-05-28,1758.68505859375,1798.4450257438716,1710.603237854068,1721.6990426401487,69535
2025-05-29,1719.849853515625,1779.9521333427838,1719.849853515625,1764.2330755418345,36158
2025-05-30,1697.658203125,1761.4590833078023,1697.658203125,1724.4730658105257,48298
2025-06-02,1656.0489501953125,1695.8089194071486,1645.8777952806568,1693.9596185135747,40824
2025-06-03,1681.0145263671875,1695.8089336399462,1662.5215172762394,1663.4461677307868,29501
2025-06-04,1705.9801025390625,1705.9801025390625,1674.5419868283157,1681.0145400628812,40310
2025-06-05,1693.9595947265625,1705.9800503659978,1691.1856434251545,1701.3567981969843,10241
2025-06-10,1722.623779296875,1736.4935359739834,1701.356819058642,1701.356819058642,61565
2025-06-11,1736.4935302734375,1762.3837426523812,1708.7540170102836,1724.4730745260708,62828
2025-06-12,1664.3707275390625,1719.8497517903647,1654.1995730929905,1703.206044514974,72499
2025-06-13,1618.1383056640625,1625.5355093470982,1562.6592780412946,1562.6592780412946,58662
2025-06-16,1621.8369140625,1643.103874737208,1599.6453029236745,1616.2890112777936,28794
2025-06-17,1596.871337890625,1639.40525887671,1596.871337890625,1629.2341038582983,26353
2025-06-18,1575.6043701171875,1596.8713305119618,1562.6592637899337,1596.8713305119618,35643
2025-06-19,1584.850830078125,1603.3438385971228,1571.9057241148264,1577.4536266705259,34595
2025-06-20,1570.056396484375,1627.3847219154889,1570.056396484375,1627.3847219154889,62813
2025-06-23,1555.2620849609375,1571.9057933612328,1516.4267653602483,1559.885337294353,29075
2025-06-24,1648.6517333984375,1657.8982377921473,1590.3987557180665,1619.0629193385666,73103
2025-06-25,1646.8023681640625,1681.9390834870464,1626.4600592928612,1648.6516689705352,54294
2025-06-26,1615.3642578125,1669.918631716872,1615.3642578125,1669.918631716872,29235
2025-06-27,1619.0628662109375,1626.460069483175,1587.624752303929,1626.460069483175,28862
2025-06-30,1671.7679443359375,1679.1651476294592,1618.138220457904,1621.8368221046649,53739
2025-07-01,1704.1307373046875,1714.3018920037387,1660.6721672269227,1673.6172732075336,54944
2025-07-02,1738.3427734375,1812.3148063497342,1693.0349032787567,1707.8293098612035,121362
2025-07-03,1735.56884765625,1780.8767184794551,1722.6237417067628,1763.308360405151,50975
2025-07-04,1763.308349609375,1765.1576504479797,1716.1511782249609,1738.3427882882145,33889
2025-07-07,1717.0758056640625,1763.3083260104295,1717.0758056640625,1737.418114616464,49645
2025-07-08,1687.487060546875,1745.7400385273972,1680.0898569937929,1725.3977287564212,32950
2025-07-09,1705.9801025390625,1730.945665015244,1681.939190524962,1689.3363942216083,85674
2025-07-10,1744.8153076171875,1744.8153076171875,1710.6032427619486,1719.849746776878,64010
2025-07-11,1738.3427734375,1787.3492452418552,1719.8497652094416,1775.328789893617,100741
2025-07-14,1710.603271484375,1759.6097435863599,1710.603271484375,1721.699076488598,43854
2025-07-16,1683.7884521484375,1736.493527256873,1653.274987611975,1701.3568105179158,65206
2025-07-17,1731.8702392578125,1731.8702392578125,1688.4116694526244,1688.4116694526244,38196
2025-07-18,1741.1168212890625,1742.9661222144891,1713.3773074076648,1725.3977634229373,76430
2025-07-21,1767.931640625,1782.7260476595188,1741.1167778749345,1741.1167778749345,113625
2025-07-22,1807.691650390625,1811.3902522328565,1759.6098264416162,1770.7056319683104,106859
2025-07-23,1770.70556640625,1821.5613398539492,1767.006964700963,1810.4655347380876,69858
2025-07-24,1947.3138427734375,1947.3138427734375,1773.4795586132257,1773.4795586132257,262088
2025-07-25,1864.09521484375,2020.3611331515842,1864.09521484375,1978.7518649631077,187424
2025-07-28,1836.355712890625,1894.6086886771857,1836.355712890625,1867.7938268071816,73610
2025-07-29,1845.602294921875,1880.7390119594656,1822.4860337129335,1836.3557904382983,85856
2025-07-30,1852.0748291015625,1879.8143422683358,1842.828324712638,1844.6776255904228,91384
2025-07-31,1934.36865234375,1955.6356117146422,1853.924066897332,1854.8487173047622,146776
2025-08-01,1940.84130859375,1972.2794241212332,1921.4236490032456,1935.293405853606,75132
2025-08-04,1952.8616943359375,2015.7379231308446,1938.0672875606654,1941.7658892544832,142703
2025-08-05,1951.012451171875,1987.9984692035694,1926.9715394512739,1962.1082565813833,77913
2025-08-06,2061.970458984375,2126.6959890870235,1956.5603099600617,1956.5603099600617,199604
2025-08-07,2067.518310546875,2156.284749640122,2053.648554438555,2066.593660139654,153874
2025-08-08,2036.0802001953125,2103.5796800382996,2030.5322977424642,2067.518314094786,90046
2025-08-11,2100.8056640625,2126.6958747111576,2043.4773404833297,2050.8745435258033,104655
2025-08-12,2047.176025390625,2124.8466605002964,2010.1900086717337,2109.1276033947674,82124
2025-08-13,2099.881103515625,2126.6959656917384,2011.1146632084917,2052.7239321024604,143331
2025-08-14,2028.68310546875,2131.319306337953,2028.68310546875,2109.1276953392066,96940
2025-08-15,2056.422607421875,2065.6691119516495,2021.2858902087314,2029.6077442855285,62318
2025-08-18,2128.54541015625,2233.0309146513223,2072.1417307385564,2072.1417307385564,299655
2025-08-19,2044.402099609375,2163.6820050139927,2037.929546602923,2133.1685408407184,85439
2025-08-20,2147.962890625,2179.4010043922194,2036.0801916298967,2044.4020452741606,174279
2025-08-21,2180.32568359375,2199.743342353491,2134.0931627372242,2158.1340735826175,106815
2025-08-22,2184.0244140625,2209.9146272689986,2163.682103685965,2198.8188216090707,79834
2025-08-25,2394.8447265625,2394.8447265625,2200.6681271114867,2200.6681271114867,292154
2025-08-26,2632.942138671875,2632.942138671875,2452.6353021342047,2505.802702651723,390651
2025-08-27,2404.091064453125,2658.369927039513,2404.091064453125,2646.81179692195,258970
2025-08-28,2644.500244140625,2644.500244140625,2489.621296275746,2542.7886962890625,251466
2025-08-29,2595.9560546875,2773.9512605743544,2561.2816639303205,2644.5002017475513,317498
2025-09-01,2478.063232421875,2658.370072094362,2454.946970925402,2656.058445944715,127730
2025-09-02,2385.59814453125,2528.9189632918483,2288.5098479514895,2478.063188892926,202503
2025-09-03,2371.728271484375,2411.025913409555,2311.625995598806,2392.5329054447643,108052
2025-09-04,2318.56103515625,2431.8307168338733,2310.701506223517,2376.351689073405,73549
2025-09-05,2325.495849609375,2364.793493191243,2285.7358808088966,2330.119101795477,87844
2025-09-08,2246.900634765625,2357.8586908034335,2231.1815768269353,2274.6401487750773,75539
2025-09-09,2245.975830078125,2291.2836998491534,2231.181423622279,2246.9004804816154,68244
2025-09-10,2246.900634765625,2305.1536141854745,2216.387169355228,2257.0717899024244,68780
2025-09-11,2173.853271484375,2273.7155230030107,2172.9286210073506,2246.900659169303,69300
2025-09-12,2105.428955078125,2173.85308449217,2089.7098983208443,2157.2093773374027,83131
2025-09-15,2260.770263671875,2260.770263671875,2080.463432826879,2104.504343606212,109218
2025-09-16,2313.937744140625,2346.3005097929417,2260.7703434261052,2270.0168478981955,112229
2025-09-17,2311.6259765625,2330.118984375,2280.18786328125,2318.5608544921874,57391
2025-09-18,2293.133056640625,2353.235334334835,2265.393543858682,2316.249317292244,53508
2025-09-19,2297.75634765625,2325.4958609076334,2272.790785730005,2305.1535511899524,63419
2025-09-22,2280.18798828125,2364.7935036615154,2273.7154351920494,2334.742364318798,84954
2025-09-23,2211.763916015625,2278.3387496080686,2191.421605751267,2278.3387496080686,87566
2025-09-24,2206.2158203125,2245.0511365124685,2196.044666069651,2210.8390722410677,80286
2025-09-25,2208.989990234375,2256.1471645759207,2184.949077824959,2219.1611454845124,51718
2025-09-26,2172.928466796875,2217.3116865442157,2172.928466796875,2208.9898328415893,40410
2025-09-29,2135.017822265625,2196.044750056674,2133.168521423472,2172.9284895297615,45118
2025-09-30,2091.559326171875,2145.189052483974,2085.0867729962765,2135.9425479474053,42361
2025-10-01,2122.07275390625,2134.093209592865,2064.744426785471,2122.07275390625,49254
2025-10-02,2082.312744140625,2144.264322230066,2070.292288690435,2129.46991552214,42465
2025-10-03,2085.086669921875,2126.695938279518,2063.81971053908,2085.086669921875,38368
2025-10-06,2024.059814453125,2107.2783541062913,2017.5872613689899,2098.9565001409746,50903
2025-10-07,2038.854248046875,2061.0458589099703,2009.265433562748,2031.4570444258434,47779
2025-10-08,2000.9434814453125,2050.874603440713,1998.1695302233459,2034.230896108913,59173
2025-10-09,1995.3956298828125,2044.4021027205276,1988.9230768665107,2024.9844436716216,56904
2025-10-10,2012.039306640625,2042.5527703902299,1982.4504933076746,1997.2448999741498,66341
2025-10-13,1899.23193359375,1983.3751205251187,1888.1361287236796,1976.9025676842443,72706
2025-10-14,1852.0748291015625,1939.9166207963444,1848.3762273459927,1901.081302362862,83371
2025-10-15,1850.2254638671875,1870.5677728152527,1823.410602072011,1861.3212687479504,70844
2025-10-16,1823.41064453125,1874.2664180856207,1816.0134411051597,1850.2255069508271,58245
2025-10-17,1790.123291015625,1823.4107075840973,1761.4591267483293,1821.5614066636267,79732
2025-10-20,1838.205078125,1842.8283303335638,1754.9865383708502,1794.7465073644994,73649
2025-10-21,1877.9649658203125,1909.4030794775704,1835.431047342846,1838.2049985478982,67354
2025-10-22,1869.6431884765625,1890.9101485828735,1855.77343188549,1878.8896928706108,41327
2025-10-23,1873.341796875,1900.1566597127962,1865.0199428908563,1877.0403986457304,36607
2025-10-24,2059.196533203125,2060.1211836446173,1955.6356837559988,1955.6356837559988,274390
2025-10-27,1974.128662109375,2076.764859530518,1973.2040116821577,2059.1965014133857,114266
2025-10-28,1951.012451171875,1990.7724205559464,1947.3138493687056,1975.9780133432687,31253
2025-10-30,2146.11376953125,2146.11376953125,1966.731575955609,1968.5808769203063,146300
2025-10-31,2264.468994140625,2318.561046471056,2166.4560446188175,2223.784373584403,317778
2025-11-03,2201.5927734375,2371.7284602550135,2186.798365888151,2265.3936559940676,187561
2025-11-04,2256.14697265625,2301.454842189101,2188.6474935562883,2204.3665503329917,182783
2025-11-05,2265.3935546875,2320.872580516582,2227.4828870376277,2232.106139190051,104241
2025-11-06,2233.03076171875,2295.9069902060687,2233.03076171875,2268.167477638134,56159
2025-11-07,2289.4345703125,2348.612200562904,2239.503444788722,2239.503444788722,186930
2025-11-10,2441.0771484375,2517.360809326172,2293.133078835227,2307.0028353604403,263475
2025-11-11,2406.40283203125,2454.9469813805836,2295.907101607529,2413.3377105097265,172503
2025-11-12,2205.291259765625,2438.765491669533,2205.291259765625,2406.4027268511695,160617
2025-11-13,2183.099609375,2270.941397977552,2178.4763573432865,2210.8391215652796,118297
2025-11-14,2133.16845703125,2197.8939845527875,2121.148001920107,2179.400976689491,69423
2025-11-17,2170.154541015625,2199.7433545275553,2122.0727190587386,2163.68198805989,91019
2025-11-18,2259.845703125,2346.3005203272046,2161.8327552807896,2170.154609343034,181423
2025-11-19,2232.106201171875,2325.4958972441036,2221.9350461541076,2265.393617593659,98306
2025-11-20,2217.311767578125,2287.5852014129614,2200.668059564611,2242.2773295983957,63780
2025-11-21,2177.5517578125,2220.0856774980093,2172.928505672771,2220.0856774980093,46406
2025-11-24,2154.435546875,2191.421564847103,2138.7164892368564,2177.5518081075643,45594
2025-11-25,2159.058837890625,2182.1750995382763,2119.298867856665,2159.058837890625,47423
2025-11-26,2123.922119140625,2186.7983507912836,2122.072818209723,2159.983487293209,49015
2025-11-27,2093.40869140625,2140.565865991815,2093.40869140625,2129.470060206976,43066
2025-11-28,2092.48388671875,2122.0726999644417,2073.066228026265,2094.333187546606,29626
2025-12-01,2115.60009765625,2159.058666095867,2085.0866347092847,2088.785236278614,63260
2025-12-02,2191.421630859375,2274.640173803402,2110.9770393468157,2117.4495926869067,209961
2025-12-03,2145.18896484375,2246.900510590652,2145.18896484375,2200.6679897966055,80212
2025-12-04,2172.928466796875,2241.3525972406915,2160.908011448637,2163.681962682846,281357
2025-12-05,2126.696044921875,2194.195528086787,2079.538871751868,2188.6476253609035,82496
2025-12-08,2121.148193359375,2165.5314162369905,2118.374241929524,2126.696096219077,95193
2025-12-09,2105.428955078125,2139.6410197851474,2076.7647927560247,2122.99731263038,57112
2025-12-10,2076.764892578125,2123.9220651166306,2076.764892578125,2115.600211139247,44241
2025-12-11,2078.6142578125,2114.675626164229,2073.066354989157,2086.011461576957,43368
2025-12-12,2084.162109375,2109.127671466005,2070.292352657775,2094.333264300965,41332
2025-12-15,2081.38818359375,2108.2030469097067,2071.2170285428697,2085.086785430434,49107
2025-12-16,2049.949951171875,2088.785268244143,2049.0253007653923,2085.086666618213,36171
2025-12-17,2032.381591796875,2068.442957620386,2032.3815917968748,2049.9499495057653,49041
2025-12-18,2022.21044921875,2052.7239127872085,2015.7378963405922,2032.3816037415695,43011
2025-12-19,2044.402099609375,2044.402099609375,2010.1900337181282,2028.6830423079914,40437
2025-12-22,2071.217041015625,2162.7574370247976,2058.2719345092773,2140.5658258710587,136534
2025-12-23,2018.5118408203125,2076.7648165288238,2017.587190412241,2071.216914080394,67868
2025-12-24,2022.21044921875,2037.0048557973967,2006.4913922289381,2015.7378963405922,41587
2025-12-25,2018.5118408203125,2052.723905918962,2015.7378895960978,2016.6625400041694,39244
2025-12-26,1985.2244873046875,2021.285854330716,1983.3751864315577,2021.285854330716,35330
2025-12-29,1963.95751953125,2007.416089878693,1957.4849665007798,1985.2244794885094,66964
2025-12-30,1964.8822021484375,1978.7519588694854,1930.670135569853,1969.5054543887868,34300
2025-12-31,2034.23095703125,2059.1965187766336,1966.731475275213,1987.9984352805398,84214
2026-01-02,2107.2783203125,2141.4903860657087,2023.135131568122,2033.3062862515083,105826
2026-01-05,2083.2373046875,2135.9423763107525,2056.422443686196,2108.2028649300933,74045
2026-01-06,2061.0458984375,2098.956567722353,2055.4979956153265,2083.2375097261947,57246
2026-01-07,2007.4161376953125,2080.463523636321,2007.4161376953125,2063.8198154472307,86258
2026-01-08,1983.3751220703125,2020.361138332696,1939.916552962012,2020.361138332696,77624
2026-01-09,2048.1005859375,2049.949886692297,1979.6764580100169,1989.8476121613994,80481
2026-01-12,2025.9090576171875,2080.4634320578148,2013.8886022319646,2075.840179986575,93688
2026-01-13,2163.68212890625,2199.7434977213543,2024.0599060580262,2035.155711847289,350548
2026-01-14,2137.791748046875,2311.626025137192,2120.2233902558323,2162.7573091183567,430625
2026-01-15,2105.428955078125,2168.3051821072477,2081.3880447434603,2145.1889221700703,142535
2026-01-16,2136.8671875,2184.0243603959325,2112.826275827564,2134.0932361531804,151555
2026-01-19,2122.997314453125,2169.229834367174,2120.223363258282,2137.791720825621,108065
2026-01-20,2108.202880859375,2184.948862925747,2104.504279314008,2145.188896313048,132529
2026-01-21,2002.7928466796875,2117.44950087557,1975.977984004844,2112.826248690252,149951
2026-01-22,2061.970458984375,2062.8951094144127,2000.9435306018777,2005.566782752067,106450
2026-01-23,2103.579833984375,2107.2784358902813,2045.326853966346,2062.8952130194025,96672
2026-01-26,2159.058837890625,2159.058837890625,2095.2579557431077,2108.203062265792,122650
2026-01-27,2126.696044921875,2172.928567637568,2110.9769871985395,2172.928567637568,75218
2026-01-28,2126.696044921875,2166.456014457371,2122.072792650306,2136.8671999193275,117549
2026-01-29,2140.565673828125,2156.2847306121757,2108.202909860961,2145.188925823434,111325
2026-01-30,2128.54541015625,2151.661672212682,2101.7305461707892,2145.189118836881,71135
2026-02-02,2097.107177734375,2130.394593253968,2065.6690630769813,2085.0867221300773,81721
2026-02-03,2144.264404296875,2174.777869299806,2102.655133838333,2102.655133838333,91110
2026-02-04,2142.4150390625,2182.175007417997,2126.6959818056753,2147.962941623732,106704
2026-02-05,2103.579833984375,2153.510959714114,2103.579833984375,2142.415153996394,61251
2026-02-06,2154.435546875,2158.1341486722104,2102.655121714056,2103.5797721633585,153247
2026-02-09,2207.140625,2267.242904273146,2164.6067042836194,2170.1546069857563,355683
2026-02-10,2233.03076171875,2302.379543138587,2191.421492866848,2217.31170459692,239759
2026-02-11,2199.743408203125,2214.537815320086,2182.175049751734,2209.9145630960356,106165
2026-02-12,2276.4892578125,2316.2492245411504,2204.3665274675063,2218.236283303082,259314
2026-02-13,2295.906982421875,2417.9608373069686,2287.5851286797097,2288.5097790955056,260603
2026-02-16,2348.612060546875,2399.4678335114727,2323.1841740645764,2323.1841740645764,159525
2026-02-17,2401.779541015625,2445.700437338336,2325.4958789814427,2362.4818969374096,208254
2026-02-18,2339.365478515625,2445.700272993608,2320.8724707803235,2441.0770210597825,234090
2026-02-19,2200.66796875,2376.351546087185,2172.9284565388652,2360.1701639640232,145832
2026-02-20,2248.749755859375,2285.7357715807466,2165.53122048629,2211.763740138004,113608
2026-02-23,2378.663330078125,2417.960974987093,2277.414103783254,2278.3387542517007,188849
2026-02-24,2385.59814453125,2459.570180020591,2355.547005113705,2362.4818834408306,163096
2026-02-25,2292.20849609375,2404.0912020345904,2276.489438234293,2385.5981927881708,100158
2026-02-26,2323.184326171875,2337.0540833430505,2267.2429722481343,2302.379690415112,82647
2026-02-27,2117.449462890625,2310.7014007701623,2117.449462890625,2277.413985633017,175825
2026-03-02,2024.9844970703125,2051.799360273527,1906.6292387940568,1906.6292387940568,142201
2026-03-03,2037.9295654296875,2100.8057952160843,2005.5668000984538,2024.984459297194,106655
2026-03-04,2009.265380859375,2077.6895125591423,1999.0942261472476,2017.5872347147522,87884
2026-03-05,2049.025390625,2085.0867580592844,2026.8337798962093,2026.8337798962093,89816
2026-03-06,2033.3062744140625,2209.914504706507,2033.3062744140625,2158.1340811652667,212550
2026-03-09,1988.923095703125,2024.9844628497647,1933.4440693236793,2008.340754935931,115859
2026-03-10,2140.565673828125,2163.6819338046703,2014.8132195557166,2034.230877936015,201323
2026-03-11,2085.086669921875,2152.586149702051,2053.648556051656,2135.942442358994,108518
2026-03-12,2089.7099609375,2130.3945796460175,2061.9704481816925,2097.1071643390487,101011
2026-03-13,2035.1556396484375,2087.8607152776794,2005.5668252600915,2087.8607152776794,71734
2026-03-16,2098.95654296875,2108.203047563326,2019.4366034553966,2032.381709887803,79970
2026-03-17,2081.38818359375,2136.8672111440055,2072.1416790020407,2107.278396450536,59800
2026-03-18,2071.217041015625,2108.2030596051895,2061.9705363682338,2092.4840017046245,48743
2026-03-19,2051.79931640625,2061.0458207613933,2015.737949421192,2057.347219019336,48538
2026-03-23,2040.7034912109375,2056.4225484608633,1958.4096032554444,2016.6625801228158,124367
2026-03-24,1979.676513671875,2034.2308874722676,1978.7518632684785,2034.2308874722676,72799
2026-03-25,1997.244873046875,2044.402043660482,1987.073718600803,2001.868125067817,85518
2026-03-26,1961.18359375,2009.2654168876709,1959.3342928600896,1987.0738062087457,57471
2026-03-27,1933.444091796875,1978.7519638667206,1925.12223774323,1970.4301098130754,62968
2026-03-30,1902.0059814453125,1938.991999558007,1902.0059814453125,1931.594795935468,50888
2026-03-31,1943.615234375,1943.615234375,1909.4031679278662,1909.4031679278662,48207
2026-04-01,1989.8477783203125,2003.7175351394596,1970.4301187735066,1986.1491765018734,62382
2026-04-02,1978.751953125,1986.149156688084,1947.3138379818924,1947.3138379818924,47861
2026-04-03,1987.9984130859375,1996.3202669081577,1971.354705441497,1990.772364360011,42130
2026-04-06,2052.723876953125,2074.9154864336992,1997.2448532516892,1997.2448532516892,85744
2026-04-07,2038.854248046875,2080.4635184151784,2031.4570444258434,2044.402150762649,116249
2026-04-08,2139.0,2202.0,2133.0,2202.0,106595
2026-04-09,2132.0,2172.0,2099.0,2139.0,89135
2026-04-10,2148.0,2165.0,2142.0,2150.0,87164
2026-04-13,2090.0,2125.0,2084.0,2124.0,59682
2026-04-14,2169.0,2228.0,2112.0,2112.0,252336
2026-04-15,2177.0,2222.0,2169.0,2173.0,105236
2026-04-16,2136.0,2216.0,2128.0,2215.0,55523
2026-04-17,2233.0,2253.0,2140.0,2160.0,200696
2026-04-20,2182.0,2211.0,2154.0,2185.0,104731
2026-04-21,2133.0,2210.0,2127.0,2200.0,76642
2026-04-22,2134.0,2170.0,2114.0,2150.0,42532
2026-04-24,2129.0,2138.0,2105.0,2131.0,40607
2026-04-27,2210.0,2277.0,2148.0,2178.0,250986
2026-04-28,2123.0,2249.0,2123.0,2215.0,98230
2026-04-29,2105.0,2152.0,2096.0,2135.0,51525
2026-04-30,2104.0,2114.0,2094.0,2104.0,42224
2026-05-04,2114.0,2162.0,2077.0,2110.0,114951
2026-05-05,2101.0,2124.0,2097.0,2117.0,53585
2026-05-06,2213.0,2248.0,2114.0,2123.0,311666
2026-05-07,2212.0,2230.0,2170.0,2223.0,145627
2026-05-08,2167.0,2206.0,2157.0,2199.0,83980
2026-05-11,2150.0,2204.0,2150.0,2167.0,98725
2026-05-12,2067.0,2150.0,2066.0,2150.0,104871
2026-05-13,2017.0,2089.0,2009.0,2071.0,63077
2026-05-14,2032.0,2072.0,2021.0,2021.0,72934
2026-05-15,2013.0,2042.0,2005.0,2024.0,53153
2026-05-18,1994.0,2017.0,1978.0,2014.0,39328
2026-05-20,1950.0,1994.0,1938.0,1994.0,41965
2026-05-21,1869.0,1980.0,1862.0,1956.0,43402
2026-05-22,1940.0,1955.0,1800.0,1800.0,98829
2026-05-25,1981.0,2008.0,1939.0,1940.0,76757
2026-05-26,1935.0,2001.0,1934.0,2001.0,24924
2026-05-27,1935.0,1935.0,1935.0,1935.0,0
2026-05-28,1935.0,1935.0,1935.0,1935.0,0
2026-05-29,1935.0,1935.0,1935.0,1935.0,0
2026-06-01,2049.0,2108.0,2020.0,2020.0,159362
2026-06-02,2001.0,2049.0,1993.0,2048.0,128930
2026-06-03,2005.0,2106.0,1995.0,2001.0,203715
2026-06-04,1996.0,2060.0,1968.0,2016.0,127950
2026-06-05,2033.0,2110.0,1986.0,2007.0,253353
2026-06-08,2026.0,2035.0,1987.0,2009.0,101771
2026-06-09,1987.0,2034.0,1987.0,2034.0,52428
2026-06-10,1989.0,2010.0,1970.0,1981.0,69129
2026-06-11,1966.0,2007.0,1950.0,1994.0,65741
2026-06-12,1986.0,2009.0,1975.0,1994.0,67871
2026-06-15,2029.0,2049.0,2009.0,2022.0,77429
2026-06-16,1985.0,2033.0,1982.0,2031.0,58493
2026-06-17,1975.0,1997.0,1975.0,1995.0,45705
2026-06-18,2002.0,2007.0,1978.0,1978.0,44690
2026-06-19,1978.0,1998.0,1974.0,1990.0,37604
2026-06-22,1973.0,1990.0,1970.0,1981.0,35327
2026-06-23,1934.0,1973.0,1930.0,1966.0,40080
2026-06-24,1896.0,1938.0,1895.0,1934.0,37000
2026-06-25,1862.0,1918.0,1860.0,1905.0,34444
2026-06-26,1869.0,1909.0,1854.0,1870.0,39829
2026-06-29,1886.0,1958.0,1872.0,1873.0,68435
2026-06-30,1872.0,1920.0,1866.0,1900.0,41137
2026-07-01,1885.0,1922.0,1867.0,1871.0,61085
2026-07-02,1869.0,1900.0,1869.0,1895.0,42914
2026-07-03,1910.0,1933.0,1872.0,1875.0,81522
2026-07-06,1876.0,1960.0,1872.0,1941.0,54335
2026-07-07,1874.0,1900.0,1867.0,1880.0,33029
2026-07-08,1819.0,1870.0,1819.0,1869.0,35593
2026-07-09,1811.0,1855.0,1760.0,1852.0,34776
2026-07-10,1832.0,1840.0,1812.0,1820.0,45647
2026-07-13,1787.0,1830.0,1780.0,1830.0,42231
2026-07-14,1813.0,1849.0,1775.0,1780.0,52278
2026-07-16,1850.0,1857.0,1813.0,1813.0,45372
2026-07-17,1810.0,1847.0,1800.0,1847.0,42236
2026-07-20,1810.0,1836.0,1805.0,1820.0,22963
2026-07-21,1822.0,1846.0,1807.0,1818.0,36259
2026-07-22,1814.0,1841.0,1734.0,1824.0,29810
2026-07-23,1806.0,1829.0,1806.0,1814.0,28622
2026-07-24,1815.0,1831.0,1797.0,1807.0,49055
2026-07-27,1788.0,1840.0,1788.0,1821.0,33461
2026-07-28,1761.0,1797.0,1760.0,1786.0,42414
2026-07-29,1700.0,1768.0,1698.0,1760.0,48999
2026-07-30,1661.0,1708.0,1658.0,1700.0,44285
2026-08-03,1710.0,1736.0,1695.0,1725.0,40457
2026-08-04,1730.0,1737.0,1701.0,1714.0,44243
2026-08-05,1771.0,1782.0,1724.0,1727.0,49511
2026-08-06,1765.0,1798.0,1758.0,1771.0,48164
2026-08-07,1767.0,1785.0,1749.0,1766.0,39194
