Price,Close,High,Low,Open,Volume
2021-08-10,0.6384549736976624,0.6561449766159058,0.626662015914917,0.6513209939002991,77319953
2021-08-11,0.637919008731842,0.6491760015487671,0.6330940127372742,0.6384549736976624,37428506
2021-08-12,0.6389909982681274,0.6454240083694458,0.6352390050888062,0.6411349773406982,26637706
2021-08-13,0.6400629878044128,0.6422079801559448,0.6336299777030945,0.6389909982681274,23269954
2021-08-16,0.643280029296875,0.6625779867172241,0.6411349773406982,0.6448879837989807,46602195
2021-08-17,0.6443520188331604,0.6572170257568359,0.624517023563385,0.6443520188331604,57792218
2021-08-18,0.6454240083694458,0.6556090116500854,0.643280029296875,0.6459599733352661,55483961
2021-08-19,0.648639976978302,0.6529290080070496,0.6438159942626953,0.6470320224761963,35745787
2021-08-20,0.6647220253944397,0.6963499784469604,0.6427440047264099,0.6523929834365845,131586547
2021-08-23,0.6765159964561462,0.6888449788093567,0.6679390072822571,0.6695470213890076,61625491
2021-08-24,0.6834849715232849,0.7124320268630981,0.6765159964561462,0.6813399791717529,91178916
2021-08-25,0.6856290102005005,0.6899170279502869,0.6625779867172241,0.6834849715232849,96691083
2021-08-26,0.7537090182304382,0.7537090182304382,0.6883090138435364,0.6888449788093567,287544051
2021-08-27,0.7381629943847656,0.7676470279693604,0.7226179838180542,0.7537090182304382,163476659
2021-08-31,0.741379976272583,0.7740799784660339,0.7328029870986938,0.7419160008430481,119080177
2021-09-01,0.7424520254135132,0.7531729936599731,0.7333390116691589,0.744596004486084,63045967
2021-09-02,0.7451320290565491,0.7692549824714661,0.7408440113067627,0.746740996837616,70572342
2021-09-03,0.7397720217704773,0.7494210004806519,0.7328029870986938,0.7478129863739014,23791717
2021-09-06,0.7167209982872009,0.7435240149497986,0.7167209982872009,0.7397720217704773,38733754
2021-09-07,0.6915259957313538,0.7269060015678406,0.6867009997367859,0.7183290123939514,48886854
2021-09-08,0.6834849715232849,0.7033190131187439,0.6813399791717529,0.700639009475708,23890548
2021-09-09,0.6813399791717529,0.687237024307251,0.6749079823493958,0.6834849715232849,20376303
2021-09-10,0.6920620203018188,0.6984949707984924,0.6791960000991821,0.6813399791717529,33441727
2021-09-13,0.6883090138435364,0.7038549780845642,0.6883090138435364,0.6942059993743896,21006896
2021-09-14,0.7022470235824585,0.7129679918289185,0.6834849715232849,0.6909899711608887,47966932
2021-09-15,0.6808040142059326,0.7102879881858826,0.6770520210266113,0.7070720195770264,40901301
2021-09-16,0.6861649751663208,0.6915259957313538,0.6598979830741882,0.6834849715232849,53972657
2021-09-17,0.678659975528717,0.6984949707984924,0.6775879859924316,0.6856290102005005,34145632
2021-09-20,0.6759799718856812,0.6915259957313538,0.6727629899978638,0.6808040142059326,36578724
2021-09-21,0.6727629899978638,0.6834849715232849,0.6631140112876892,0.681876003742218,52646311
2021-09-22,0.6647220253944397,0.6781240105628967,0.6609699726104736,0.6781240105628967,48180207
2021-09-23,0.6695470213890076,0.6754440069198608,0.6582900285720825,0.6679390072822571,45715477
2021-09-24,0.6808040142059326,0.6942059993743896,0.6647220253944397,0.670619010925293,39484817
2021-09-27,0.6888449788093567,0.7076079845428467,0.6834849715232849,0.6861649751663208,56542523
2021-09-28,0.6925979852676392,0.695277988910675,0.6754440069198608,0.6850929856300354,52498438
2021-09-29,0.7076079845428467,0.7097520232200623,0.6936699748039246,0.6958140134811401,75589832
2021-09-30,0.7397720217704773,0.7403079867362976,0.7011749744415283,0.7076079845428467,78271942
2021-10-01,0.7419160008430481,0.7494210004806519,0.7269060015678406,0.7403079867362976,41825104
2021-10-04,0.7504929900169373,0.7676470279693604,0.7424520254135132,0.7451320290565491,48480357
2021-10-05,0.7510290145874023,0.757997989654541,0.7451320290565491,0.7563899755477905,28437929
2021-10-06,0.7719359993934631,0.7858729958534241,0.7510290145874023,0.7510290145874023,92574413
2021-10-07,0.7772960066795349,0.7987390160560608,0.774616003036499,0.779977023601532,60675329
2021-10-08,0.7740799784660339,0.804099977016449,0.7681829929351807,0.7772960066795349,105501776
2021-10-11,0.761214017868042,0.7821210026741028,0.7542449831962585,0.7783679962158203,56162907
2021-10-12,0.7756879925727844,0.7890899777412415,0.757997989654541,0.761214017868042,55716190
2021-10-13,0.7638949751853943,0.7794409990310669,0.7558540105819702,0.7762240171432495,36669011
2021-10-14,0.7644309997558594,0.7831929922103882,0.7563899755477905,0.7638949751853943,39043454
2021-10-15,0.7687190175056458,0.7896260023117065,0.7628229856491089,0.7708640098571777,61947018
2021-10-18,0.7772960066795349,0.7949870228767395,0.7735440135002136,0.774616003036499,78393886
2021-10-19,0.7885540127754211,0.791234016418457,0.7778319716453552,0.779977023601532,38927965
2021-10-20,0.7890899777412415,0.8099960088729858,0.785336971282959,0.7933779954910278,53599700
2021-10-21,0.7805129885673523,0.7933779954910278,0.7756879925727844,0.7906979918479919,33497019
2021-10-22,0.788017988204956,0.7955229878425598,0.7783679962158203,0.7826570272445679,40212898
2021-10-25,0.779977023601532,0.7944509983062744,0.7767599821090698,0.785336971282959,30402983
2021-10-26,0.7767599821090698,0.788017988204956,0.7692549824714661,0.779977023601532,34007459
2021-10-27,0.779977023601532,0.7842649817466736,0.7730079889297485,0.7730079889297485,27704271
2021-10-28,0.7815849781036377,0.7864090204238892,0.7756879925727844,0.779977023601532,19950200
2021-11-01,0.7960590124130249,0.801954984664917,0.7810490131378174,0.7815849781036377,77694104
2021-11-02,0.7692549824714661,0.8116049766540527,0.7660390138626099,0.804099977016449,76129896
2021-11-03,0.6968860030174255,0.7751520276069641,0.6925979852676392,0.7697910070419312,196531326
2021-11-04,0.6271979808807373,0.7027829885482788,0.6271979808807373,0.6958140134811401,243579138
2021-11-05,0.6518570184707642,0.6727629899978638,0.637919008731842,0.637919008731842,111367817
2021-11-08,0.6775879859924316,0.6925979852676392,0.6577529907226562,0.6598979830741882,84929900
2021-11-09,0.6454240083694458,0.6850929856300354,0.6454240083694458,0.6834849715232849,51969045
2021-11-10,0.620764970779419,0.648639976978302,0.6084349751472473,0.6454240083694458,70435400
2021-11-11,0.6116520166397095,0.6534649729728699,0.6020029783248901,0.6202290058135986,45722081
2021-11-12,0.6239809989929199,0.6298779845237732,0.6121879816055298,0.6121879816055298,26836226
2021-11-15,0.6127240061759949,0.6314859986305237,0.610044002532959,0.6293420195579529,25113605
2021-11-16,0.6127240061759949,0.6229090094566345,0.6057549715042114,0.6154040098190308,26080480
2021-11-17,0.6314859986305237,0.6556090116500854,0.6148679852485657,0.6186209917068481,75997897
2021-11-18,0.6250529885292053,0.6475679874420166,0.6250529885292053,0.6352390050888062,42302227
2021-11-19,0.6288059949874878,0.6384549736976624,0.626662015914917,0.626662015914917,25966129
2021-11-22,0.6288059949874878,0.6459599733352661,0.6288059949874878,0.6336299777030945,33168590
2021-11-23,0.604682981967926,0.6368470191955566,0.5998579859733582,0.6325579881668091,46676943
2021-11-24,0.6191570162773132,0.637382984161377,0.6052190065383911,0.6084349751472473,83961121
2021-11-25,0.6170120239257812,0.637919008731842,0.6143320202827454,0.624517023563385,23723311
2021-11-26,0.6234449744224548,0.6368470191955566,0.6137959957122803,0.6170120239257812,32897523
2021-11-29,0.6464959979057312,0.6550729870796204,0.6255890130996704,0.6288059949874878,68183554
2021-11-30,0.6427440047264099,0.654000997543335,0.6384549736976624,0.6529290080070496,26117099
2021-12-01,0.6405990123748779,0.6534649729728699,0.6384549736976624,0.6459599733352661,25702113
2021-12-02,0.6416710019111633,0.6470320224761963,0.637382984161377,0.6459599733352661,18817374
2021-12-03,0.6647220253944397,0.667402982711792,0.643280029296875,0.6448879837989807,54697828
2021-12-06,0.6663309931755066,0.6808040142059326,0.6593620181083679,0.6679390072822571,43360864
2021-12-07,0.667402982711792,0.6732990145683289,0.6609699726104736,0.6716910004615784,24827838
2021-12-08,0.6781240105628967,0.7236899733543396,0.654000997543335,0.6679390072822571,134881379
2021-12-09,0.681876003742218,0.6877729892730713,0.6690109968185425,0.6775879859924316,30528974
2021-12-10,0.6732990145683289,0.6893810033798218,0.6716910004615784,0.6861649751663208,35673837
2021-12-13,0.670619010925293,0.6856290102005005,0.670619010925293,0.6775879859924316,27107591
2021-12-14,0.6845570206642151,0.6963499784469604,0.6711549758911133,0.6716910004615784,48426501
2021-12-15,0.6722270250320435,0.6909899711608887,0.6556090116500854,0.6845570206642151,39757041
2021-12-16,0.6759799718856812,0.6861649751663208,0.6700829863548279,0.6770520210266113,37049785
2021-12-17,0.6084349751472473,0.68402099609375,0.6084349751472473,0.6808040142059326,53447219
2021-12-20,0.5671579837799072,0.6566810011863708,0.5478600263595581,0.5934249758720398,40979463
2021-12-21,0.5564370155334473,0.610044002532959,0.5526840090751648,0.6057549715042114,31054450
2021-12-22,0.5655500292778015,0.5843120217323303,0.5323140025138855,0.5548290014266968,20751257
2021-12-23,0.5869929790496826,0.6057549715042114,0.5601890087127686,0.5843120217323303,36173849
2021-12-24,0.5977140069007874,0.6057549715042114,0.5789520144462585,0.5789520144462585,28632159
2021-12-27,0.637919008731842,0.6502490043640137,0.5950340032577515,0.5982499718666077,60034775
2021-12-28,0.654000997543335,0.6700829863548279,0.6159399747848511,0.637919008731842,70480637
2021-12-29,0.6716910004615784,0.6845570206642151,0.654000997543335,0.654000997543335,36119378
2021-12-30,0.6888449788093567,0.6925979852676392,0.6582900285720825,0.6732990145683289,36405350
2021-12-31,0.6834849715232849,0.6963499784469604,0.6754440069198608,0.695277988910675,10031995
2022-01-03,0.6834849715232849,0.6920620203018188,0.6577529907226562,0.6834849715232849,34732723
2022-01-04,0.6861649751663208,0.6920620203018188,0.678659975528717,0.6899170279502869,26097008
2022-01-05,0.6995670199394226,0.7135040163993835,0.6899170279502869,0.6968860030174255,35313117
2022-01-06,0.6995670199394226,0.7017109990119934,0.6942059993743896,0.6990309953689575,14079047
2022-01-07,0.7220810055732727,0.7263699769973755,0.6888449788093567,0.6995670199394226,116873866
2022-01-10,0.7521010041236877,0.7526370286941528,0.7236899733543396,0.7242259979248047,24084591
2022-01-11,0.7531729936599731,0.7665749788284302,0.7365549802780151,0.7521010041236877,29967197
2022-01-12,0.7558540105819702,0.7622860074043274,0.747277021408081,0.7537090182304382,47308879
2022-01-13,0.7697910070419312,0.7874820232391357,0.7295860052108765,0.7344110012054443,58592044
2022-01-14,0.7933779954910278,0.801954984664917,0.763359010219574,0.7735440135002136,27456186
2022-01-17,0.7987390160560608,0.8121410012245178,0.7831929922103882,0.7933779954910278,23830015
2022-01-18,0.8169649839401245,0.8491290211677551,0.7987390160560608,0.8014190196990967,48196362
2022-01-19,0.8791490197181702,0.8791490197181702,0.8094599843025208,0.8196460008621216,95589411
2022-01-20,0.8721799850463867,0.8989840149879456,0.8362640142440796,0.8791490197181702,144503464
2022-01-21,0.9295390248298645,0.9456210136413574,0.8732519745826721,0.8737879991531372,71295405
2022-01-24,0.9306110143661499,0.9675999879837036,0.9156020283699036,0.9381160140037537,55930790
2022-01-25,0.911312997341156,0.9488379955291748,0.8963029980659485,0.938651978969574,38312445
2022-01-26,0.9220340251922607,0.9649199843406677,0.911312997341156,0.911312997341156,51732862
2022-01-27,0.9381160140037537,0.9541980028152466,0.9123849868774414,0.9220340251922607,19970981
2022-01-28,0.9488379955291748,0.9541980028152466,0.9332919716835022,0.9348999857902527,15736005
2022-01-31,0.9606310129165649,0.9761769771575928,0.9418690204620361,0.9493740200996399,23188229
2022-02-01,0.977249026298523,0.977249026298523,0.9461569786071777,0.9638479948043823,19427951
2022-02-02,0.9649199843406677,0.9917230010032654,0.9633119702339172,0.977249026298523,21716976
2022-02-03,0.9611669778823853,0.9708160161972046,0.9306110143661499,0.9531260132789612,28067453
2022-02-04,0.9633119702339172,0.9718890190124512,0.9188179969787598,0.9327560067176819,42825949
2022-02-07,0.9681360125541687,0.9799299836158752,0.9434769749641418,0.9633119702339172,7802217
2022-02-08,0.9649199843406677,0.9702799916267395,0.9584869742393494,0.9702799916267395,6874441
2022-02-09,0.9649199843406677,0.9810019731521606,0.9568790197372437,0.9649199843406677,7521189
2022-02-10,0.9649199843406677,0.9718890190124512,0.9606310129165649,0.9649199843406677,8697218
2022-02-11,0.9643840193748474,0.9734969735145569,0.9622390270233154,0.9649199843406677,8910046
2022-02-14,0.9649199843406677,0.9649199843406677,0.9434769749641418,0.9643840193748474,7347255
2022-02-15,0.9590229988098145,0.9702799916267395,0.9541980028152466,0.9643840193748474,8482562
2022-02-16,0.9590229988098145,0.9670640230178833,0.9520540237426758,0.9590229988098145,7487201
2022-02-17,0.9541980028152466,0.9751049876213074,0.9477660059928894,0.9590229988098145,14016611
2022-02-18,0.9584869742393494,0.9638479948043823,0.9541980028152466,0.9595590233802795,3752815
2022-02-21,0.9627749919891357,0.9729610085487366,0.9531260132789612,0.957951009273529,6769342
2022-02-22,0.9649199843406677,0.9670640230178833,0.9327560067176819,0.9568790197372437,10046005
2022-02-23,0.9649199843406677,0.9847540259361267,0.9568790197372437,0.9649199843406677,9332848
2022-02-24,0.8845099806785583,0.9499099850654602,0.8684279918670654,0.8791490197181702,14339724
2022-02-25,0.9488379955291748,0.9649199843406677,0.8700360059738159,0.8855819702148438,11907545
2022-02-28,0.9863619804382324,0.9890429973602295,0.9295390248298645,0.9472299814224243,12597870
2022-03-01,1.0158460140228271,1.0271029472351074,0.9810019731521606,0.9917230010032654,14288405
2022-03-02,1.0233509540557861,1.0292479991912842,1.004052996635437,1.0185259580612183,8315288
2022-03-03,1.034608006477356,1.0394330024719238,1.0185259580612183,1.0233509540557861,11732418
2022-03-04,1.0174540281295776,1.0394330024719238,1.0024440288543701,1.034608006477356,15135781
2022-03-07,0.9917230010032654,1.0297839641571045,0.9761769771575928,1.0174540281295776,12850637
2022-03-08,0.9917230010032654,1.0024440288543701,0.9681360125541687,0.9858260154724121,14334761
2022-03-09,1.06141197681427,1.0715969800949097,0.9767130017280579,0.9927949905395508,24151896
2022-03-10,1.0935759544372559,1.097864031791687,1.0496180057525635,1.06141197681427,17815466
2022-03-11,1.07213294506073,1.1150180101394653,1.0657000541687012,1.0935759544372559,14094027
2022-03-14,1.0362169742584229,1.0764219760894775,1.0319279432296753,1.07213294506073,13716499
2022-03-15,1.0008360147476196,1.0410410165786743,0.9949390292167664,1.028175950050354,12931839
2022-03-16,1.0185259580612183,1.042112946510315,0.9944030046463013,1.0024440288543701,9785702
2022-03-17,1.026566982269287,1.031391978263855,1.0083409547805786,1.0195989608764648,7114094
2022-03-18,1.0528349876403809,1.070525050163269,1.0260310173034668,1.0260310173034668,9411494
2022-03-21,1.0533709526062012,1.0732049942016602,1.040505051612854,1.0581949949264526,6946447
2022-03-22,1.07213294506073,1.0764219760894775,1.0437220335006714,1.0560510158538818,50323131
2022-03-23,1.1257400512695312,1.1418219804763794,1.0667719841003418,1.0689170360565186,29004165
2022-03-24,1.1257400512695312,1.1621919870376587,1.1203789710998535,1.131100058555603,49107088
2022-03-25,1.1418219804763794,1.1418219804763794,1.1268119812011719,1.127884030342102,5924242
2022-03-28,1.2286649942398071,1.2286649942398071,1.1364610195159912,1.1461100578308105,34053274
2022-03-29,1.2329529523849487,1.2629729509353638,1.2168710231781006,1.2286649942398071,20935152
2022-03-30,1.2104380130767822,1.2447470426559448,1.200788974761963,1.223304033279419,15439269
2022-03-31,1.2297370433807373,1.2297370433807373,1.1889959573745728,1.2115099430084229,19501356
2022-04-01,1.234025001525879,1.2715500593185425,1.2125829458236694,1.2286649942398071,27491816
2022-04-04,1.3230119943618774,1.3230119943618774,1.1868510246276855,1.235097050666809,85678873
2022-04-05,1.3616089820861816,1.4044950008392334,1.3090749979019165,1.3230119943618774,35687921
2022-04-06,1.3401670455932617,1.371258020401001,1.2887040376663208,1.3616089820861816,37278525
2022-04-07,1.338021993637085,1.3541040420532227,1.3251570463180542,1.3401670455932617,33828526
2022-04-08,1.4709670543670654,1.4709670543670654,1.327301025390625,1.3455270528793335,55711974
2022-04-11,1.431298017501831,1.546015977859497,1.4152159690856934,1.4763269424438477,38959696
2022-04-12,1.4731110334396362,1.5138520002365112,1.4055670499801636,1.4055670499801636,31545788
2022-04-13,1.5277899503707886,1.5545929670333862,1.4473799467086792,1.4731110334396362,36680353
2022-04-14,1.5642420053482056,1.5717469453811646,1.512779951095581,1.5438719987869263,22693459
2022-04-15,1.608199954032898,1.6189210414886475,1.4881210327148438,1.5642420053482056,32310991
2022-04-18,1.6103440523147583,1.6768159866333008,1.586756944656372,1.608199954032898,16495145
2022-04-19,1.6103440523147583,1.616776943206787,1.5813970565795898,1.6103440523147583,12919994
2022-04-20,1.6103440523147583,1.6232099533081055,1.608199954032898,1.612488031387329,8145010
2022-04-21,1.6103440523147583,1.6618069410324097,1.5985510349273682,1.6103440523147583,18221143
2022-04-22,1.5931899547576904,1.6210659742355347,1.5813970565795898,1.611415982246399,8122233
2022-04-25,1.611415982246399,1.6232099533081055,1.5964059829711914,1.5964059829711914,15438337
2022-04-26,1.611415982246399,1.6242820024490356,1.6071280241012573,1.619992971420288,12201613
2022-04-27,1.6489410400390625,1.7132689952850342,1.608199954032898,1.611415982246399,13763695
2022-04-28,1.6660950183868408,1.682176947593689,1.6135610342025757,1.6489410400390625,8151521
2022-04-29,1.638219952583313,1.6725280284881592,1.633931040763855,1.6660950183868408,5490603
2022-05-05,1.633931040763855,1.6800329685211182,1.6157050132751465,1.6392920017242432,13568849
2022-05-06,1.6350029706954956,1.641435980796814,1.6071280241012573,1.633931040763855,5417403
2022-05-09,1.6317869424819946,1.652156949043274,1.6135610342025757,1.6350029706954956,4884242
2022-05-10,1.633931040763855,1.6435799598693848,1.6221380233764648,1.6285699605941772,1111969
2022-05-11,1.6296429634094238,1.6478689908981323,1.5985510349273682,1.633931040763855,6031916
2022-05-12,1.6232099533081055,1.6274980306625366,1.597478985786438,1.608199954032898,6751042
2022-05-13,1.6296429634094238,1.6682389974594116,1.608199954032898,1.6274980306625366,10819565
2022-05-16,1.633931040763855,1.652156949043274,1.616776943206787,1.6296429634094238,3943407
2022-05-17,1.742216944694519,1.7443610429763794,1.6221380233764648,1.630715012550354,17767766
2022-05-18,1.844069004058838,1.875161051750183,1.7325669527053833,1.7507940530776978,31095564
2022-05-20,1.8976759910583496,1.9126859903335571,1.8258429765701294,1.8472859859466553,26404862
2022-05-23,1.874089002609253,1.9191190004348755,1.845141053199768,1.8976759910583496,18697930
2022-05-24,1.9030369520187378,1.9394890069961548,1.8612229824066162,1.874089002609253,15691924
2022-05-25,1.9244790077209473,1.9523550271987915,1.870872974395752,1.904109001159668,9819168
2022-05-26,1.8998199701309204,1.9394890069961548,1.8483580350875854,1.9276959896087646,12519130
2022-05-27,1.8869550228118896,1.9030369520187378,1.8515739440917969,1.8998199701309204,7468957
2022-05-30,1.988806962966919,2.0059609413146973,1.8762329816818237,1.8858829736709595,21273393
2022-05-31,2.015610933303833,2.074578046798706,1.9834469556808472,1.9898790121078491,15152570
2022-06-01,2.0274040699005127,2.0434861183166504,1.9834469556808472,2.015610933303833,13720584
2022-06-02,2.078866958618164,2.078866958618164,1.9995290040969849,2.0424139499664307,19124202
2022-06-03,2.1238958835601807,2.1389060020446777,2.071362018585205,2.0960209369659424,15646855
2022-06-06,2.1442670822143555,2.152843952178955,2.1013810634613037,2.1238958835601807,10681168
2022-06-07,2.0906600952148438,2.1442670822143555,2.0874440670013428,2.1442670822143555,7049699
2022-06-08,2.037053108215332,2.1174631118774414,2.0134658813476562,2.1174631118774414,13396278
2022-06-09,2.0906600952148438,2.1163909435272217,1.9352010488510132,2.0349090099334717,17098932
2022-06-10,2.1389060020446777,2.2997260093688965,2.0574240684509277,2.1174631118774414,25141008
2022-06-13,2.1131749153137207,2.175359010696411,2.0906600952148438,2.175359010696411,12020069
2022-06-14,2.0906600952148438,2.137834072113037,2.0606400966644287,2.1356899738311768,8634352
2022-06-15,2.078866958618164,2.1056699752807617,2.0552799701690674,2.1035261154174805,4893289
2022-06-16,2.0456299781799316,2.130328893661499,2.0027449131011963,2.0949490070343018,7700924
2022-06-17,2.0584959983825684,2.0660009384155273,1.997383952140808,2.0617120265960693,4458586
2022-06-20,2.0627849102020264,2.0767219066619873,2.011322021484375,2.059567928314209,8689980
2022-06-21,2.0692169666290283,2.0799388885498047,2.0381250381469727,2.074578046798706,8899226
2022-06-22,2.026331901550293,2.063857078552246,2.011322021484375,2.063857078552246,8427494
2022-06-23,2.063857078552246,2.063857078552246,1.9898790121078491,2.0252599716186523,7366824
2022-06-24,2.2632739543914795,2.2632739543914795,2.0391979217529297,2.0574240684509277,32530982
2022-06-27,2.239686965942383,2.239686965942383,2.239686965942383,2.239686965942383,1024312
2022-06-28,2.2514801025390625,2.267561912536621,2.174285888671875,2.211811065673828,12174993
2022-06-29,2.282572031021118,2.330817937850952,2.2364699840545654,2.268634080886841,15109254
2022-06-30,2.3597660064697266,2.367269992828369,2.245047092437744,2.3040149211883545,14919483
2022-07-01,2.367269992828369,2.4112279415130615,2.327601909637451,2.3586928844451904,7781977
2022-07-04,2.1442670822143555,2.300797939300537,2.1314010620117188,2.1582040786743164,40537298
2022-07-05,2.320096969604492,2.3479719161987305,2.023116111755371,2.1174631118774414,23742152
2022-07-06,2.4819889068603516,2.5409560203552246,2.315808057785034,2.3479719161987305,20362555
2022-07-07,2.648169994354248,2.6803340911865234,2.4927101135253906,2.4927101135253906,18449715
2022-07-08,2.886718988418579,2.889400005340576,2.648169994354248,2.648169994354248,10505481
2022-07-13,3.1413509845733643,3.152071952819824,2.905482053756714,2.905482053756714,23035449
2022-07-14,3.1118669509887695,3.3236138820648193,3.036818027496338,3.192276954650879,29463212
2022-07-18,3.055579900741577,3.2083590030670166,2.999293088912964,3.1172280311584473,13197608
2022-07-19,2.983211040496826,3.0877439975738525,2.934964895248413,3.055579900741577,15139885
2022-07-20,2.857235908508301,3.0207359790802,2.841154098510742,2.9805309772491455,12307626
2022-07-21,2.744662046432495,2.9215641021728516,2.696415901184082,2.8733179569244385,9254033
2022-07-22,2.8116700649261475,2.983211040496826,2.7017760276794434,2.747342109680176,18211872
2022-07-25,2.817030906677246,2.9215641021728516,2.7366209030151367,2.8304319381713867,8510114
2022-07-26,2.7500219345092773,2.838473081588745,2.693734884262085,2.8304319381713867,4266763
2022-07-27,2.779505968093872,2.8009490966796875,2.7339398860931396,2.7741448879241943,4480150
2022-07-28,2.7875471115112305,2.833112955093384,2.7124979496002197,2.779505968093872,4847642
2022-07-29,2.8009490966796875,2.8599159717559814,2.7017760276794434,2.760744094848633,7339868
2022-08-01,3.0797030925750732,3.0797030925750732,2.8545548915863037,2.881359100341797,8774391
2022-08-02,3.385261058807373,3.385261058807373,3.176194906234741,3.1869170665740967,19982267
2022-08-03,3.680098056793213,3.722982883453369,3.3664989471435547,3.532680034637451,36516736
2022-08-04,3.4308269023895264,3.752466917037964,3.428147077560425,3.602368116378784,18705112
2022-08-05,3.7739100456237793,3.7739100456237793,3.436187982559204,3.436187982559204,30951235
2022-08-08,4.1491570472717285,4.1491570472717285,3.8409180641174316,3.8409180641174316,16502868
2022-08-09,4.288534164428711,4.470797061920166,3.7363851070404053,4.007099151611328,8138593
2022-08-10,4.103590965270996,4.259049892425537,4.041943073272705,4.259049892425537,3890877
2022-08-11,4.138434886932373,4.138434886932373,3.8704020977020264,4.0741071701049805,3281494
2022-08-12,4.023180961608887,4.1223530769348145,3.9749350547790527,4.1223530769348145,2300888
2022-08-15,4.0741071701049805,4.0794677734375,3.9052460193634033,4.023180961608887,3029398
2022-08-16,4.066065788269043,4.1009111404418945,3.969573974609375,4.0741071701049805,2066123
2022-08-17,4.127714157104492,4.127714157104492,3.9802958965301514,4.066065788269043,6236480
2022-08-18,4.1009111404418945,4.15451717376709,3.993696928024292,4.127714157104492,1479349
2022-08-19,4.465435981750488,4.502961158752441,4.020501136779785,4.098229885101318,5114530
2022-08-22,4.910370826721191,4.910370826721191,4.395747184753418,4.465435981750488,6168578
2022-08-23,5.181085109710693,5.3151021003723145,4.677182197570801,4.910370826721191,5281226
2022-08-24,5.022944927215576,5.3767499923706055,4.931814193725586,5.12211799621582,5599936
2022-08-25,5.039027214050293,5.14355993270874,4.733469009399414,4.969338893890381,5017359
2022-08-26,4.872847080230713,4.985421180725098,4.7790350914001465,4.985421180725098,2324523
2022-08-29,4.867486000061035,4.870165824890137,4.486878871917725,4.819240093231201,3199022
2022-08-31,4.642337799072266,4.797797203063965,4.642337799072266,4.797797203063965,3129442
2022-09-01,4.395747184753418,4.59141206741333,4.385025978088379,4.59141206741333,3911042
2022-09-02,4.334099769592285,4.342141151428223,4.138434886932373,4.342141151428223,6378197
2022-09-05,4.390387058258057,4.561927795410156,4.336780071258545,4.3662638664245605,2874902
2022-09-06,4.315337181091309,4.3877058029174805,4.192041873931885,4.3877058029174805,2332321
2022-09-07,4.267090797424316,4.44935417175293,4.165238857269287,4.318017959594727,1701448
2022-09-08,4.336780071258545,4.452033996582031,4.165238857269287,4.234927177429199,3684764
2022-09-09,4.299254894256592,4.435952186584473,4.181321144104004,4.331418991088867,1638918
2022-09-12,4.288534164428711,4.36894416809082,4.202763080596924,4.299254894256592,3175798
2022-09-13,4.280492782592773,4.422551155090332,4.229567050933838,4.288534164428711,1464929
2022-09-14,4.280492782592773,4.280492782592773,4.15451717376709,4.267090797424316,1341847
2022-09-15,4.181321144104004,4.336780071258545,4.175960063934326,4.277812957763672,1294577
2022-09-16,4.599452972412109,4.599452972412109,4.192041873931885,4.307295799255371,63949660
2022-09-19,4.913052082061768,5.04974889755249,4.602132797241211,4.602132797241211,5453667
2022-09-20,5.039027214050293,5.181085109710693,4.687903881072998,4.913052082061768,3719107
2022-09-21,5.012224197387695,5.012224197387695,4.824601173400879,5.012224197387695,2882588
2022-09-22,4.985421180725098,4.9961419105529785,4.821919918060303,4.9371747970581055,3263044
2022-09-23,5.146241188049316,5.199847221374512,4.915731906890869,4.985421180725098,7561650
2022-09-26,5.317781925201416,5.414274215698242,5.039027214050293,5.248093128204346,11706955
2022-09-27,5.848487854003906,5.848487854003906,5.264174938201904,5.3151021003723145,20621795
2022-09-28,6.432800769805908,6.432800769805908,5.95034122467041,5.95034122467041,17219570
2022-09-29,6.352390766143799,6.609703063964844,6.116521835327148,6.432800769805908,15916449
2022-09-30,6.968867778778076,6.979588985443115,6.137963771820068,6.26662015914917,15853304
2022-10-03,6.968867778778076,7.4620490074157715,6.7705230712890625,6.968867778778076,20323922
2022-10-04,7.027834892272949,7.370917797088623,6.647227764129639,6.968867778778076,19097657
2022-10-05,7.076080799102783,7.215458869934082,6.883097171783447,7.006392955780029,8995912
2022-10-06,6.968867778778076,7.2583441734313965,6.909901142120361,7.076080799102783,8400296
2022-10-07,7.226180076599121,7.419164180755615,6.888457775115967,6.979588985443115,10530366
2022-10-10,7.944509983062744,7.944509983062744,7.054638862609863,7.226180076599121,14764167
2022-10-11,7.5585408210754395,7.880180835723877,7.515655994415283,7.880180835723877,20102811
2022-10-12,7.183294773101807,7.719360828399658,7.183294773101807,7.5585408210754395,9474770
2022-10-13,7.344114780426025,7.612147808074951,6.979588985443115,7.183294773101807,9108902
2022-10-14,7.317310810089111,7.504934787750244,7.215458869934082,7.4888529777526855,4257006
2022-10-17,7.183294773101807,7.328032970428467,7.118967056274414,7.317310810089111,5123092
2022-10-18,6.8455729484558105,7.204737186431885,6.829491138458252,7.183294773101807,8477283
2022-10-19,6.7705230712890625,7.194015979766846,6.513210773468018,6.834850788116455,9020666
2022-10-20,6.8187689781188965,7.001031875610352,6.582900047302246,6.781245231628418,4682961
2022-10-21,6.834850788116455,7.038557052612305,6.749081134796143,6.824130058288574,4110457
2022-10-24,6.834850788116455,7.006392955780029,6.7222771644592285,6.834850788116455,4116203
2022-10-25,6.861655235290527,6.861655235290527,6.647227764129639,6.834850788116455,2656683
2022-10-26,7.547820091247559,7.547820091247559,6.754440784454346,6.861655235290527,13063558
2022-10-27,8.298314094543457,8.298314094543457,7.68183708190918,7.68183708190918,18835301
2022-10-28,7.7944111824035645,8.191100120544434,7.789050102233887,8.191100120544434,9580671
2022-10-31,7.665754795074463,7.960591793060303,7.424524784088135,7.805131912231445,7351770
2022-11-01,7.9873948097229,8.089247703552246,7.397720813751221,7.719360828399658,8441839
2022-11-02,7.9284281730651855,8.362642288208008,7.655033111572266,7.9873948097229,8577307
2022-11-03,7.9981160163879395,8.201822280883789,7.76760721206665,7.9284281730651855,7028918
2022-11-04,7.831934928894043,8.067805290222168,7.826574802398682,7.992755889892578,4672682
2022-11-07,7.810492992401123,8.024920463562012,7.649672985076904,7.831934928894043,4363187
2022-11-08,7.719360828399658,7.885541915893555,7.633591175079346,7.77296781539917,3326301
2022-11-09,8.475215911865234,8.491297721862793,7.77296781539917,7.77296781539917,14746408
2022-11-10,8.051722526550293,8.410887718200684,7.955231189727783,8.362642288208008,9131492
2022-11-11,8.603872299194336,8.775412559509277,7.869460105895996,8.051722526550293,16546837
2022-11-14,9.172101974487305,9.434775352478027,8.555625915527344,8.603872299194336,10921008
2022-11-15,8.845102310180664,9.638481140136719,8.845102310180664,9.273955345153809,15158054
2022-11-16,8.5985107421875,9.080970764160156,8.44841194152832,8.73788833618164,11113353
2022-11-17,8.207181930541992,8.577068328857422,8.158935546875,8.577068328857422,6555600
2022-11-18,8.04100227355957,8.437690734863281,7.944509983062744,8.18574047088623,4066993
2022-11-21,7.853377819061279,8.309035301208496,7.853377819061279,8.099968910217285,5796385
2022-11-22,8.046361923217773,8.378724098205566,7.799770832061768,7.971312999725342,8635099
2022-11-23,7.869460105895996,8.148215293884277,7.84801721572876,8.099968910217285,6014026
2022-11-24,7.880180835723877,8.191100120544434,7.778328895568848,7.9873948097229,5632712
2022-11-25,7.7944111824035645,8.008837699890137,7.724721908569336,7.885541915893555,4144184
2022-11-28,7.84801721572876,8.04100227355957,7.708640098571777,7.826574802398682,9147404
2022-11-29,7.730082988739014,7.9873948097229,7.504934787750244,7.874821186065674,2483253
2022-11-30,7.687197208404541,7.853377819061279,7.638950824737549,7.7032790184021,8172806
2022-12-01,8.04100227355957,8.341198921203613,7.77296781539917,7.821214199066162,15516834
2022-12-02,7.821214199066162,8.30367374420166,7.789050102233887,8.18574047088623,5142773
2022-12-05,7.60142707824707,7.933787822723389,7.494213104248047,7.826574802398682,4315003
2022-12-06,7.714001178741455,8.04100227355957,7.226180076599121,7.60142707824707,5618795
2022-12-07,7.194015979766846,7.719360828399658,7.194015979766846,7.612147808074951,3245509
2022-12-08,7.065360069274902,7.220818996429443,6.888457775115967,7.188654899597168,3195515
2022-12-09,7.017114162445068,7.2583441734313965,6.936704158782959,7.022474765777588,6009680
2022-12-12,7.086802959442139,7.247622966766357,7.017114162445068,7.022474765777588,7608566
2022-12-13,7.290507793426514,7.633591175079346,6.995670795440674,7.102884769439697,12002869
2022-12-14,7.022474765777588,7.762247085571289,7.022474765777588,7.381639003753662,10336920
2022-12-15,7.167212963104248,7.451327800750732,6.979588985443115,7.022474765777588,3515028
2022-12-16,7.102884769439697,7.3065900802612305,7.102884769439697,7.194015979766846,1064867
2022-12-19,7.392361164093018,7.606787204742432,7.247622966766357,7.504934787750244,4902523
2022-12-20,7.3065900802612305,7.47813081741333,7.220818996429443,7.392361164093018,4022950
2022-12-21,7.285147190093994,7.499574184417725,7.183294773101807,7.3065900802612305,5646124
2022-12-22,7.344114780426025,7.799770832061768,7.177934169769287,7.290507793426514,19709577
2022-12-23,7.102884769439697,7.4138031005859375,7.022474765777588,7.360197067260742,4604761
2022-12-26,6.995670795440674,7.236900806427002,6.995670795440674,7.113605976104736,3478670
2022-12-27,6.700835227966309,7.076080799102783,6.652588844299316,6.995670795440674,4238352
2022-12-28,6.448883056640625,6.802687168121338,6.373834133148193,6.700835227966309,4350260
2022-12-29,7.07072114944458,7.076080799102783,6.325588226318359,6.432800769805908,8494277
2022-12-30,6.94742488861084,7.269064903259277,6.824130058288574,7.07072114944458,10765897
2023-01-02,7.638950824737549,7.638950824737549,6.824130058288574,6.94742488861084,14803136
2023-01-03,7.108244895935059,7.6925578117370605,7.108244895935059,7.6925578117370605,7913528
2023-01-04,7.065360069274902,7.376278877258301,6.759801864624023,7.108244895935059,5321687
2023-01-05,6.765162944793701,7.236900806427002,6.716917037963867,7.065360069274902,3113865
2023-01-06,6.609703063964844,6.840211868286133,6.180850028991699,6.502490043640137,10570399
2023-01-09,6.808047771453857,6.968867778778076,6.491767883300781,6.679391860961914,4052573
2023-01-10,6.523931980133057,6.861655235290527,6.459603786468506,6.786604881286621,2762566
2023-01-11,6.2827019691467285,6.540013790130615,6.207653045654297,6.523931980133057,7984751
2023-01-12,6.352390766143799,6.513210773468018,5.993226051330566,6.298783779144287,3953686
2023-01-13,6.427440166473389,6.6633100509643555,6.218373775482178,6.352390766143799,3647772
2023-01-16,6.422080039978027,6.534654140472412,5.816324234008789,5.9235382080078125,3969486
2023-01-17,6.454244136810303,6.609703063964844,6.304144859313965,6.304144859313965,3288843
2023-01-18,6.41671895980835,6.620425224304199,6.389915943145752,6.454244136810303,3224877
2023-01-19,6.277341842651367,6.534654140472412,6.261260032653809,6.422080039978027,2096231
2023-01-20,6.3791937828063965,6.513210773468018,6.24517822265625,6.2719807624816895,2183030
2023-01-23,6.427440166473389,6.9152607917785645,6.277341842651367,6.432800769805908,6377152
2023-01-24,6.4810471534729,6.695474147796631,6.116521835327148,6.427440166473389,2877924
2023-01-25,6.352390766143799,6.593620777130127,6.218373775482178,6.4810471534729,2125388
2023-01-26,6.405998229980469,6.786604881286621,6.277341842651367,6.314866065979004,4189627
2023-01-27,6.443521976470947,6.9420647621154785,6.3791937828063965,6.695474147796631,13701277
2023-01-30,5.843128204345703,6.6150641441345215,5.843128204345703,6.459603786468506,8814591
2023-01-31,5.258814811706543,5.837767124176025,5.258814811706543,5.837767124176025,11335490
2023-02-01,4.733469009399414,4.9827399253845215,4.733469009399414,4.824601173400879,6887854
2023-02-02,4.261731147766113,4.261731147766113,4.261731147766113,4.261731147766113,13404206
2023-02-03,3.835556983947754,4.68522310256958,3.835556983947754,3.8811230659484863,116147987
2023-02-06,3.859679937362671,3.859679937362671,3.4549500942230225,3.546081066131592,21862349
2023-02-07,3.4737119674682617,3.6720569133758545,3.4737119674682617,3.645253896713257,18115839
2023-02-08,3.1279489994049072,3.1279489994049072,3.1279489994049072,3.1279489994049072,93
2023-02-15,3.484433889389038,3.7444260120391846,3.1279489994049072,3.216399908065796,55725386
2023-02-16,3.146712064743042,3.591646909713745,3.1359899044036865,3.361138105392456,59133320
2023-02-17,3.2968099117279053,3.4040238857269287,3.007333993911743,3.1627941131591797,32665872
2023-02-20,3.484433889389038,3.554121971130371,3.216399908065796,3.2968099117279053,20246394
2023-02-21,3.3289740085601807,3.591646909713745,3.3102118968963623,3.484433889389038,42240649
2023-02-22,3.6613359451293945,3.6613359451293945,3.3316550254821777,3.422785997390747,38524676
2023-02-23,4.025860786437988,4.025860786437988,3.6720569133758545,3.701540946960449,36775304
2023-02-24,3.7739100456237793,4.390387058258057,3.71494197845459,4.041943073272705,75969841
2023-02-27,3.6318519115448,3.8757619857788086,3.591646909713745,3.7739100456237793,24385953
2023-02-28,3.567523956298828,3.7926719188690186,3.5380399227142334,3.6318519115448,28634696
2023-03-01,3.688138961791992,3.824836015701294,3.535360097885132,3.572885036468506,31380305
2023-03-02,3.701540946960449,3.835556983947754,3.602368116378784,3.6479339599609375,26037762
2023-03-03,3.6130900382995605,3.7471060752868652,3.5246388912200928,3.7095820903778076,26934796
2023-03-06,3.6184499263763428,3.674736976623535,3.572885036468506,3.6130900382995605,12172755
2023-03-07,3.591646909713745,3.674736976623535,3.5621631145477295,3.6184499263763428,11066661
2023-03-08,3.591646909713745,3.859679937362671,3.5407209396362305,3.594326972961426,18448241
2023-03-09,3.9508121013641357,3.9508121013641357,3.554121971130371,3.602368116378784,33244718
2023-03-10,3.556802988052368,4.275132179260254,3.556802988052368,4.020501136779785,117364831
2023-03-13,3.2217609882354736,3.5380399227142334,3.216399908065796,3.5380399227142334,80734863
2023-03-14,3.2941300868988037,3.484433889389038,3.1252689361572266,3.2217609882354736,63167052
2023-03-15,3.2378430366516113,3.3825809955596924,3.194957971572876,3.2860889434814453,32621531
2023-03-16,3.243204116821289,3.302170991897583,3.194957971572876,3.2592859268188477,29131052
2023-03-17,3.2378430366516113,3.2753679752349854,3.176194906234741,3.253925085067749,44750467
2023-03-20,3.2726869583129883,3.484433889389038,3.1306300163269043,3.2378430366516113,81778539
2023-03-21,3.2378430366516113,3.3477370738983154,3.1842360496520996,3.3450560569763184,27344315
2023-03-22,3.3664989471435547,3.532680034637451,3.1627941131591797,3.2378430366516113,67238578
2023-03-23,3.476392984390259,3.48175311088562,3.2700068950653076,3.3664989471435547,50198295
2023-03-24,3.1306300163269043,3.4388680458068848,3.1306300163269043,3.39866304397583,139612021
2023-03-27,2.8197109699249268,3.047538995742798,2.8197109699249268,2.948367118835449,111492391
2023-03-28,2.5377399921417236,2.779505968093872,2.5377399921417236,2.5999228954315186,92236676
2023-03-29,2.3629820346832275,2.6803340911865234,2.2847158908843994,2.328674077987671,227905942
2023-03-30,2.369415044784546,2.5302350521087646,2.360837936401367,2.3629820346832275,95530985
2023-03-31,2.345828056335449,2.3586928844451904,2.2504079341888428,2.353332996368408,15891470
2023-04-03,2.3522610664367676,2.3930020332336426,2.197873115539551,2.3115200996398926,15458185
2023-04-04,2.356549024581909,2.390856981277466,2.257913112640381,2.342611074447632,12991496
2023-04-05,2.384424924850464,2.4444639682769775,2.298654079437256,2.356549024581909,14711207
2023-04-06,2.3383231163024902,2.4112279415130615,2.3383231163024902,2.369415044784546,12136118
2023-04-07,2.356549024581909,2.356549024581909,2.2815001010894775,2.331890106201172,10151981
2023-04-10,2.4123001098632812,2.465907096862793,2.3029420375823975,2.356549024581909,19796954
2023-04-11,2.4123001098632812,2.4487531185150146,2.3479719161987305,2.389785051345825,16561760
2023-04-12,2.4090840816497803,2.4112279415130615,2.365125894546509,2.4080119132995605,9243605
2023-04-13,2.356549024581909,2.398361921310425,2.353332996368408,2.398361921310425,7463789
2023-04-14,2.369415044784546,2.3854970932006836,2.305087089538574,2.3522610664367676,8923869
2023-04-17,2.3511879444122314,2.397289991378784,2.3254570960998535,2.3683431148529053,7025934
2023-04-18,2.321168899536133,2.384424924850464,2.3072309494018555,2.345828056335449,6263491
2023-04-19,2.3586928844451904,2.3586928844451904,2.2890050411224365,2.320096969604492,8243058
2023-04-20,2.324384927749634,2.35762095451355,2.319024085998535,2.35762095451355,2552051
2023-04-24,2.3040149211883545,2.341538906097412,2.3040149211883545,2.324384927749634,6963703
2023-04-25,2.5334510803222656,2.5334510803222656,2.2611289024353027,2.2997260093688965,40510119
2023-04-26,2.6803340911865234,2.7339398860931396,2.3962180614471436,2.5205860137939453,37586285
2023-04-27,2.5452449321746826,2.6728289127349854,2.4669790267944336,2.562398910522461,20950616
2023-04-28,2.6052839756011963,2.768784999847412,2.4123001098632812,2.5452449321746826,23232123
2023-05-02,2.356549024581909,2.5731201171875,2.3447558879852295,2.5345230102539062,30602622
2023-05-03,2.148555040359497,2.353332996368408,2.1217520236968994,2.353332996368408,59057229
2023-05-04,2.211811065673828,2.312592029571533,2.1431949138641357,2.224677085876465,34837262
2023-05-05,2.3519930839538574,2.432403087615967,2.150968074798584,2.150968074798584,70615922
2023-05-08,2.4498250484466553,2.5798211097717285,2.272922992706299,2.3613739013671875,79093276
2023-05-09,2.5034310817718506,2.6508500576019287,2.3586928844451904,2.4498250484466553,55272588
2023-05-10,2.331890106201172,2.4846689701080322,2.330549955368042,2.4257020950317383,25561627
2023-05-11,2.3332300186157227,2.4123001098632812,2.268902063369751,2.3184878826141357,39404700
2023-05-12,2.3359110355377197,2.5181729793548584,2.2983860969543457,2.3385910987854004,45600563
2023-05-15,2.27828311920166,2.3332300186157227,2.208595037460327,2.3117880821228027,21409257
2023-05-16,2.2903449535369873,2.452505111694336,2.2260169982910156,2.2769429683685303,37917617
2023-05-17,2.3104469776153564,2.331890106201172,2.2662220001220703,2.291685104370117,33125699
2023-05-18,2.3586928844451904,2.4538450241088867,2.291685104370117,2.3104469776153564,58874975
2023-05-22,2.5945630073547363,2.5945630073547363,2.3854970932006836,2.3854970932006836,49699499
2023-05-23,2.851875066757202,2.851875066757202,2.7098169326782227,2.851875066757202,71175950
2023-05-24,3.1359899044036865,3.1359899044036865,2.988571882247925,3.1359899044036865,106385069
2023-05-25,3.2700068950653076,3.312891960144043,2.8304319381713867,3.1359899044036865,374374595
2023-05-26,3.0931050777435303,3.2324819564819336,3.023416042327881,3.146712064743042,113662199
2023-05-29,3.026097059249878,3.1627941131591797,2.9617691040039062,3.0931050777435303,108319313
2023-05-30,3.0341379642486572,3.109186887741089,2.934964895248413,3.026097059249878,128959173
2023-05-31,2.8840389251708984,3.0823841094970703,2.8840389251708984,3.0421791076660156,119303034
2023-06-01,2.886718988418579,2.983211040496826,2.814349889755249,2.889400005340576,63193982
2023-06-02,2.910841941833496,3.0046539306640625,2.827752113342285,2.886718988418579,100666423
2023-06-05,2.93764591217041,2.996613025665283,2.902801036834717,2.9456870555877686,70515054
2023-06-06,2.924243927001953,2.940325975418091,2.833112955093384,2.93764591217041,89598303
2023-06-07,2.9322850704193115,3.0823841094970703,2.881359100341797,2.93764591217041,47849320
2023-06-08,3.0287768840789795,3.0797030925750732,2.86795711517334,2.9322850704193115,145368061
2023-06-09,3.055579900741577,3.1413509845733643,2.9751698970794678,3.0287768840789795,81199700
2023-06-12,3.068981885910034,3.0877439975738525,3.0100150108337402,3.0287768840789795,107296112
2023-06-13,3.012695074081421,3.0797030925750732,2.9805309772491455,3.068981885910034,79460805
2023-06-14,3.312891960144043,3.312891960144043,2.951046943664551,3.0153748989105225,142247920
2023-06-15,3.471031904220581,3.570204019546509,3.192276954650879,3.339695930480957,183624540
2023-06-16,3.5112369060516357,3.543401002883911,3.3772199153900146,3.484433889389038,90340569
2023-06-19,3.6720569133758545,3.819474935531616,3.535360097885132,3.554121971130371,237678310
2023-06-20,3.546081066131592,3.7310240268707275,3.312891960144043,3.607728958129883,115297063
2023-06-21,3.8998849391937256,3.8998849391937256,3.4388680458068848,3.554121971130371,225022238
2023-06-22,3.6372129917144775,4.0741071701049805,3.6345319747924805,3.897205114364624,239255420
2023-06-23,3.6854588985443115,3.7337050437927246,3.6184499263763428,3.6184499263763428,123549512
2023-06-26,3.6854588985443115,3.7363851070404053,3.645253896713257,3.6854588985443115,69405200
2023-06-27,3.752466917037964,3.907926082611084,3.664016008377075,3.690819025039673,78768175
2023-07-03,3.838238000869751,3.8677210807800293,3.7578279972076416,3.7685489654541016,182808283
2023-07-04,3.9802958965301514,3.9802958965301514,3.752466917037964,3.8462789058685303,177819360
2023-07-05,4.06070613861084,4.063385963439941,3.8811230659484863,3.9132869243621826,132904435
2023-07-06,4.301936149597168,4.465435981750488,4.020501136779785,4.06070613861084,427803488
2023-07-07,4.315337181091309,4.417190074920654,4.15451717376709,4.2938947677612305,176168334
2023-07-10,4.355542182922363,4.395747184753418,4.213484764099121,4.221526145935059,221438745
2023-07-11,3.9534919261932373,4.36894416809082,3.921328067779541,4.347500801086426,371235613
2023-07-12,3.559483051300049,3.8328769207000732,3.559483051300049,3.819474935531616,331713874
2023-07-13,3.205678939819336,3.5514419078826904,3.205678939819336,3.4683520793914795,799943391
2023-07-14,2.9751698970794678,3.2994909286499023,2.9081621170043945,3.0877439975738525,831975309
2023-07-17,3.001974105834961,3.1386709213256836,2.86795711517334,2.86795711517334,548180164
2023-07-18,2.760744094848633,3.0663020610809326,2.760744094848633,3.023416042327881,476759095
2023-07-19,2.8947598934173584,2.9671289920806885,2.683013916015625,2.760744094848633,572217318
2023-07-20,2.9081621170043945,3.0287768840789795,2.792907953262329,2.8947598934173584,711999964
2023-07-21,2.7741448879241943,2.9322850704193115,2.625386953353882,2.910841941833496,1221374950
2023-07-24,2.562398910522461,2.760744094848633,2.5034310817718506,2.760744094848633,1343912238
2023-07-25,2.306427001953125,2.5463171005249023,2.306427001953125,2.5463171005249023,1134317949
2023-07-26,2.364053964614868,2.4069390296936035,2.1308650970458984,2.331890106201172,1645921232
2023-07-27,2.5061120986938477,2.5999228954315186,2.2152960300445557,2.331890106201172,2451480931
2023-07-28,2.6401290893554688,2.6763129234313965,2.4726080894470215,2.5154929161071777,1070067278
2023-07-31,2.886718988418579,2.900120973587036,2.6669321060180664,2.6803340911865234,849971925
2023-08-01,2.779505968093872,2.972490072250366,2.720539093017578,2.9322850704193115,992861213
2023-08-02,2.7366209030151367,2.857235908508301,2.673633098602295,2.779505968093872,789830868
2023-08-03,2.6856939792633057,2.803628921508789,2.6749730110168457,2.7393009662628174,615520533
2023-08-04,2.669611930847168,2.7098169326782227,2.6267271041870117,2.693734884262085,427226008
2023-08-07,2.601263999938965,2.6910550594329834,2.5999228954315186,2.678992986679077,407886418
2023-08-08,2.632086992263794,2.7044570446014404,2.5315749645233154,2.601263999938965,622467846
2023-08-09,2.577141046524048,2.6776530742645264,2.5677590370178223,2.649509906768799,513521730
2023-08-10,2.452505111694336,2.610645055770874,2.4310619831085205,2.5999228954315186,515264752
2023-08-11,2.559717893600464,2.5798211097717285,2.414979934692383,2.4484848976135254,367252034
2023-08-14,2.508791923522949,2.5892019271850586,2.4927101135253906,2.562398910522461,334002678
2023-08-15,2.4726080894470215,2.508791923522949,2.447144031524658,2.508791923522949,216052282
2023-08-16,2.49003005027771,2.5302350521087646,2.437762975692749,2.4726080894470215,287439571
2023-08-17,2.4739480018615723,2.512813091278076,2.463226079940796,2.495389938354492,257256557
2023-08-18,2.4190011024475098,2.487349033355713,2.3868370056152344,2.4793078899383545,248645257
2023-08-21,2.5288949012756348,2.5543580055236816,2.3828160762786865,2.4190011024475098,371165562
2023-08-22,2.480648994445801,2.56105899810791,2.471266984939575,2.5449769496917725,263692008
2023-08-23,2.437762975692749,2.5061120986938477,2.4350829124450684,2.4846689701080322,309609532
2023-08-24,2.3586928844451904,2.461885929107666,2.3586928844451904,2.441783905029297,327016743
2023-08-25,2.42838191986084,2.4605460166931152,2.3359110355377197,2.3600339889526367,262735643
2023-08-28,2.5168330669403076,2.6508500576019287,2.432403087615967,2.4592061042785645,666544756
2023-08-29,2.487349033355713,2.562398910522461,2.476628065109253,2.524873971939087,281090900
2023-08-31,2.5034310817718506,2.5556979179382324,2.4927101135253906,2.51147198677063,295924290
2023-09-01,2.499411106109619,2.536936044692993,2.486008882522583,2.519512891769409,255472585
2023-09-04,2.707137107849121,2.747342109680176,2.508791923522949,2.5154929161071777,1030603569
2023-09-05,2.7017760276794434,2.833112955093384,2.669611930847168,2.720539093017578,772418493
2023-09-06,2.620026111602783,2.7714650630950928,2.6186859607696533,2.755383014678955,386423100
2023-09-07,2.5999228954315186,2.6441490650177,2.585181951522827,2.6334280967712402,368415069
2023-09-08,2.534255027770996,2.6401290893554688,2.5181729793548584,2.610645055770874,320248594
2023-09-11,2.463226079940796,2.57177996635437,2.4605460166931152,2.547657012939453,243009735
2023-09-12,2.4793078899383545,2.514153003692627,2.4551849365234375,2.480648994445801,191802826
2023-09-13,2.413640022277832,2.5034310817718506,2.4109599590301514,2.4819889068603516,194445430
2023-09-14,2.414979934692383,2.4391028881073,2.3278698921203613,2.414979934692383,190714081
2023-09-15,2.4927101135253906,2.6562108993530273,2.380136013031006,2.4190011024475098,480528409
2023-09-18,2.368074893951416,2.4927101135253906,2.368074893951416,2.4927101135253906,183969571
2023-09-19,2.4123001098632812,2.4297220706939697,2.3466320037841797,2.3720951080322266,157309095
2023-09-20,2.365394115447998,2.4297220706939697,2.365394115447998,2.413640022277832,134184992
2023-09-21,2.4431240558624268,2.447144031524658,2.3332300186157227,2.365394115447998,163931173
2023-09-22,2.559717893600464,2.597243070602417,2.5020909309387207,2.519512891769409,386604787
2023-09-25,2.814349889755249,2.814349889755249,2.5999228954315186,2.610645055770874,957677494
2023-09-26,2.951046943664551,3.0797030925750732,2.792907953262329,2.889400005340576,1207908792
2023-09-27,2.977850914001465,3.1654739379882812,2.951046943664551,3.095784902572632,719592749
2023-09-28,2.7875471115112305,2.977850914001465,2.7875471115112305,2.977850914001465,463456000
2023-09-29,2.8304319381713867,2.892080068588257,2.792907953262329,2.814349889755249,356688164
2023-10-02,2.8357930183410645,2.9430060386657715,2.827752113342285,2.86795711517334,369214991
2023-10-03,2.7768259048461914,2.875998020172119,2.755383014678955,2.862596035003662,368885801
2023-10-04,2.720539093017578,2.8599159717559814,2.7044570446014404,2.7875471115112305,405197014
2023-10-05,2.7258989810943604,2.779505968093872,2.6173460483551025,2.7258989810943604,310197966
2023-10-06,2.6803340911865234,2.720539093017578,2.634768009185791,2.707137107849121,266611809
2023-10-09,2.535594940185547,2.620026111602783,2.5302350521087646,2.5798211097717285,256661914
2023-10-10,2.6562108993530273,2.7339398860931396,2.559717893600464,2.559717893600464,467550027
2023-10-11,2.5690999031066895,2.6883749961853027,2.5690999031066895,2.683013916015625,205165676
2023-10-12,2.534255027770996,2.658890962600708,2.4779679775238037,2.597243070602417,293916659
2023-10-13,2.4940500259399414,2.539616107940674,2.476628065109253,2.534255027770996,143091203
2023-10-16,2.432403087615967,2.562398910522461,2.432403087615967,2.5181729793548584,166139458
2023-10-17,2.5422959327697754,2.562398910522461,2.427042007446289,2.441783905029297,204917923
2023-10-18,2.4458041191101074,2.510132074356079,2.4391028881073,2.49003005027771,151040205
2023-10-19,2.4123001098632812,2.486008882522583,2.398897886276245,2.452505111694336,198099601
2023-10-20,2.392198085784912,2.4109599590301514,2.329210042953491,2.4096200466156006,159552473
2023-10-23,2.539616107940674,2.6026039123535156,2.4592061042785645,2.4592061042785645,414088018
2023-10-24,2.553018093109131,2.5798211097717285,2.519512891769409,2.5422959327697754,282477167
2023-10-25,2.3573529720306396,2.6334280967712402,2.3466320037841797,2.5690999031066895,406969077
2023-10-26,2.452505111694336,2.4793078899383545,2.306427001953125,2.378796100616455,267989630
2023-10-27,2.4297220706939697,2.4551849365234375,2.3761160373687744,2.452505111694336,160294820
2023-10-30,2.587862014770508,2.672292947769165,2.512813091278076,2.512813091278076,685049472
2023-10-31,2.4726080894470215,2.611984968185425,2.4391028881073,2.597243070602417,217704061
2023-11-01,2.4605460166931152,2.5262138843536377,2.389517068862915,2.486008882522583,203789205
2023-11-02,2.4605460166931152,2.499411106109619,2.4538450241088867,2.486008882522583,130969229
2023-11-03,2.4592061042785645,2.486008882522583,2.4243619441986084,2.465907096862793,130753174
2023-11-06,2.4779679775238037,2.5061120986938477,2.4699270725250244,2.4793078899383545,139668279
2023-11-07,2.4444639682769775,2.486008882522583,2.4391028881073,2.4793078899383545,156851264
2023-11-08,2.4444639682769775,2.4793078899383545,2.4431240558624268,2.452505111694336,149918584
2023-11-09,2.559717893600464,2.6401290893554688,2.4364230632781982,2.4444639682769775,576405094
2023-11-10,2.5061120986938477,2.5999228954315186,2.5061120986938477,2.559717893600464,205144581
2023-11-13,2.452505111694336,2.562398910522461,2.4484848976135254,2.514153003692627,150161083
2023-11-14,2.4578659534454346,2.4779679775238037,2.4257020950317383,2.4739480018615723,111333497
2023-11-15,2.451164960861206,2.487349033355713,2.437762975692749,2.4739480018615723,138024961
2023-11-16,2.4578659534454346,2.476628065109253,2.4538450241088867,2.465907096862793,104031422
2023-11-17,2.486008882522583,2.5154929161071777,2.4592061042785645,2.465907096862793,155297518
2023-11-20,2.5798211097717285,2.6039440631866455,2.5020909309387207,2.5020909309387207,306000631
2023-11-21,2.548996925354004,2.6052839756011963,2.5262138843536377,2.587862014770508,196314921
2023-11-22,2.5329151153564453,2.574460029602051,2.5329151153564453,2.558377981185913,144315595
2023-11-23,2.5061120986938477,2.5784809589385986,2.50075101852417,2.536936044692993,201247873
2023-11-24,2.523534059524536,2.5329151153564453,2.487349033355713,2.510132074356079,111550791
2023-11-27,2.5275540351867676,2.562398910522461,2.51147198677063,2.548996925354004,135067076
2023-11-28,2.510132074356079,2.5449769496917725,2.486008882522583,2.5329151153564453,138106056
2023-11-29,2.4551849365234375,2.512813091278076,2.4551849365234375,2.51147198677063,107083743
2023-11-30,2.562398910522461,2.562398910522461,2.4458041191101074,2.456526041030884,154340712
2023-12-01,2.5074520111083984,2.5664188861846924,2.4913699626922607,2.5650789737701416,107222062
2023-12-04,2.7580630779266357,2.7580630779266357,2.7580630779266357,2.7580630779266357,140005058
2023-12-05,2.7393009662628174,2.9751698970794678,2.717858076095581,2.926923990249634,896233323
2023-12-06,2.519512891769409,2.747342109680176,2.519512891769409,2.7393009662628174,516452007
2023-12-07,2.5516769886016846,2.5811610221862793,2.499411106109619,2.5329151153564453,222685955
2023-12-08,2.536936044692993,2.58384108543396,2.5302350521087646,2.5784809589385986,179874447
2023-12-11,2.4538450241088867,2.5543580055236816,2.451164960861206,2.5543580055236816,184411986
2023-12-12,2.452505111694336,2.463226079940796,2.4069390296936035,2.452505111694336,106121617
2023-12-13,2.330549955368042,2.465907096862793,2.330549955368042,2.452505111694336,117319885
2023-12-14,2.354672908782959,2.366734027862549,2.302406072616577,2.3519930839538574,110503675
2023-12-15,2.4350829124450684,2.441783905029297,2.343951940536499,2.356013059616089,126831543
2023-12-18,2.3466320037841797,2.4391028881073,2.3466320037841797,2.432403087615967,93111134
2023-12-19,2.3948779106140137,2.4833290576934814,2.3345699310302734,2.3479719161987305,328134962
2023-12-20,2.3184878826141357,2.398897886276245,2.3131279945373535,2.3720951080322266,86684002
2023-12-21,2.353332996368408,2.365394115447998,2.307766914367676,2.3184878826141357,71077492
2023-12-22,2.295706033706665,2.3761160373687744,2.280963897705078,2.3573529720306396,69967108
2023-12-25,2.148287057876587,2.293025016784668,2.136225938796997,2.291685104370117,79301176
2023-12-26,2.1456069946289062,2.20591402053833,2.1255040168762207,2.1536478996276855,93962923
2023-12-27,2.1442670822143555,2.18447208404541,2.1415860652923584,2.148287057876587,78177495
2023-12-28,2.18447208404541,2.2005538940429688,2.160348892211914,2.160348892211914,73956364
2023-12-29,2.267561912536621,2.27828311920166,2.181791067123413,2.1871519088745117,88520258
2024-01-02,2.291685104370117,2.315808057785034,2.256840944290161,2.272922992706299,98718838
2024-01-03,2.1737499237060547,2.291685104370117,2.1737499237060547,2.291685104370117,88129061
2024-01-04,2.197873115539551,2.211275100708008,2.1683900356292725,2.1737499237060547,64510609
2024-01-05,2.2152960300445557,2.2219960689544678,2.1938529014587402,2.2018940448760986,69354803
2024-01-08,2.247459888458252,2.2635419368743896,2.224677085876465,2.2380781173706055,76469424
2024-01-09,2.1898319721221924,2.268902063369751,2.1777710914611816,2.2528200149536133,79590722
2024-01-10,2.19519305229187,2.220655918121338,2.181791067123413,2.1911730766296387,79994254
2024-01-11,2.2005538940429688,2.232717990875244,2.1884920597076416,2.199213981628418,92639193
2024-01-12,2.2032339572906494,2.2152960300445557,2.1683900356292725,2.209934949874878,83844580
2024-01-15,2.2702419757843018,2.345292091369629,2.2072548866271973,2.2072548866271973,185093327
2024-01-16,2.3761160373687744,2.495389938354492,2.2420990467071533,2.27828311920166,343792764
2024-01-17,2.3519930839538574,2.4484848976135254,2.3519930839538574,2.3854970932006836,187211264
2024-01-18,2.329210042953491,2.3828160762786865,2.3278698921203613,2.380136013031006,106505591
2024-01-19,2.3117880821228027,2.339931011199951,2.2997260093688965,2.3238489627838135,88203074
2024-01-22,2.321168899536133,2.3627140522003174,2.302406072616577,2.3117880821228027,107119977
2024-01-23,2.2983860969543457,2.3720951080322266,2.295706033706665,2.3332300186157227,123814113
2024-01-24,2.315808057785034,2.3345699310302734,2.291685104370117,2.3010659217834473,102184391
2024-01-25,2.3720951080322266,2.3814759254455566,2.321168899536133,2.3238489627838135,136008198
2024-01-26,2.4002389907836914,2.427042007446289,2.374774932861328,2.389517068862915,148875579
2024-01-29,2.413640022277832,2.465907096862793,2.4069390296936035,2.423021078109741,162771638
2024-01-30,2.388176918029785,2.423021078109741,2.377455949783325,2.414979934692383,116165984
2024-01-31,2.4123001098632812,2.4458041191101074,2.398897886276245,2.4123001098632812,200439668
2024-02-01,2.461885929107666,2.475287914276123,2.4069390296936035,2.41766095161438,189536959
2024-02-02,2.4793078899383545,2.4913699626922607,2.4243619441986084,2.4793078899383545,184988138
2024-02-05,2.4927101135253906,2.51147198677063,2.465907096862793,2.4793078899383545,175645922
2024-02-06,2.486008882522583,2.5422959327697754,2.4739480018615723,2.5034310817718506,216000892
2024-02-07,2.5570380687713623,2.611984968185425,2.4833290576934814,2.4940500259399414,411808735
2024-02-08,2.535594940185547,2.5811610221862793,2.5315749645233154,2.559717893600464,175570036
2024-02-09,2.5704400539398193,2.636107921600342,2.534255027770996,2.5409560203552246,254227255
2024-02-12,2.587862014770508,2.630747079849243,2.58250093460083,2.611984968185425,216924419
2024-02-13,2.4913699626922607,2.6026039123535156,2.480648994445801,2.5999228954315186,211518212
2024-02-14,2.4699270725250244,2.4980709552764893,2.440443992614746,2.4927101135253906,156768685
2024-02-15,2.563739061355591,2.6052839756011963,2.4793078899383545,2.480648994445801,311601821
2024-02-16,2.5999228954315186,2.7124979496002197,2.5932230949401855,2.660231113433838,342350802
2024-02-19,2.51147198677063,2.621366024017334,2.50075101852417,2.607964038848877,233228954
2024-02-20,2.523534059524536,2.535594940185547,2.4833290576934814,2.514153003692627,115359271
2024-02-21,2.558377981185913,2.6160049438476562,2.4833290576934814,2.536936044692993,287774477
2024-02-22,2.563739061355591,2.611984968185425,2.5409560203552246,2.559717893600464,253124758
2024-02-23,2.57177996635437,2.683013916015625,2.558377981185913,2.5677590370178223,449612792
2024-02-26,2.510132074356079,2.595902919769287,2.510132074356079,2.58384108543396,182140739
2024-02-27,2.4257020950317383,2.5154929161071777,2.4257020950317383,2.512813091278076,151751504
2024-02-28,2.398897886276245,2.4819889068603516,2.398897886276245,2.42838191986084,163501637
2024-02-29,2.4216809272766113,2.4337430000305176,2.398897886276245,2.401578903198242,137220912
2024-03-01,2.4726080894470215,2.5208539962768555,2.4203410148620605,2.437762975692749,240447943
2024-03-04,2.3854970932006836,2.4927101135253906,2.3854970932006836,2.486008882522583,214770053
2024-03-05,2.402919054031372,2.437762975692749,2.3868370056152344,2.4109599590301514,153576598
2024-03-06,2.330549955368042,2.4109599590301514,2.330549955368042,2.402919054031372,121592584
2024-03-07,2.4109599590301514,2.4123001098632812,2.341270923614502,2.341270923614502,117334510
2024-03-08,2.4364230632781982,2.440443992614746,2.374774932861328,2.42838191986084,165834175
2024-03-11,2.3854970932006836,2.4685869216918945,2.3828160762786865,2.465907096862793,122373255
2024-03-12,2.3225090503692627,2.389517068862915,2.293025016784668,2.388176918029785,116933217
2024-03-13,2.282304048538208,2.345292091369629,2.282304048538208,2.3251891136169434,94467823
2024-03-14,2.2890050411224365,2.3359110355377197,2.2849841117858887,2.2997260093688965,100770828
2024-03-15,2.331890106201172,2.331890106201172,2.272922992706299,2.3037469387054443,111938034
2024-03-18,2.27828311920166,2.354672908782959,2.2769429683685303,2.350651979446411,73840267
2024-03-19,2.305087089538574,2.3131279945373535,2.2769429683685303,2.27828311920166,60387652
2024-03-20,2.302406072616577,2.342611074447632,2.2983860969543457,2.3091070652008057,77683885
2024-03-21,2.27828311920166,2.330549955368042,2.2742629051208496,2.3091070652008057,75361040
2024-03-22,2.2528200149536133,2.305087089538574,2.2380781173706055,2.280963897705078,82896026
2024-03-25,2.4779679775238037,2.4779679775238037,2.247459888458252,2.2501399517059326,135942035
2024-03-26,2.3962180614471436,2.610645055770874,2.388176918029785,2.606623888015747,429600197
2024-03-27,2.3117880821228027,2.3854970932006836,2.283643960952759,2.3184878826141357,164775911
2024-03-28,2.4216809272766113,2.486008882522583,2.3238489627838135,2.3238489627838135,188546538
2024-03-29,2.4927101135253906,2.5221939086914062,2.4350829124450684,2.4538450241088867,186455537
2024-04-01,2.3627140522003174,2.5154929161071777,2.329210042953491,2.499411106109619,114985199
2024-04-02,2.378796100616455,2.5516769886016846,2.353332996368408,2.3854970932006836,436043535
2024-04-03,2.3868370056152344,2.5262138843536377,2.3841569423675537,2.4123001098632812,324955821
2024-04-04,2.3345699310302734,2.4190011024475098,2.3278698921203613,2.393537998199463,122048706
2024-04-05,2.402919054031372,2.4190011024475098,2.341270923614502,2.342611074447632,114582458
2024-04-08,2.465907096862793,2.486008882522583,2.4257020950317383,2.4337430000305176,272114250
2024-04-09,2.465907096862793,2.465907096862793,2.465907096862793,2.465907096862793,0
2024-04-15,2.720539093017578,2.720539093017578,2.508791923522949,2.508791923522949,505179523
2024-04-16,2.601263999938965,2.9215641021728516,2.5811610221862793,2.9215641021728516,532527346
2024-04-17,2.5154929161071777,2.6468288898468018,2.5074520111083984,2.6160049438476562,239352228
2024-04-18,2.519512891769409,2.7339398860931396,2.4726080894470215,2.519512891769409,447692793
2024-04-19,2.563739061355591,2.5999228954315186,2.4699270725250244,2.5168330669403076,205984574
2024-04-22,2.5905420780181885,2.6615710258483887,2.5757999420166016,2.5918819904327393,258884249
2024-04-24,2.508791923522949,2.610645055770874,2.508791923522949,2.5999228954315186,202599876
2024-04-25,2.5168330669403076,2.553018093109131,2.5061120986938477,2.508791923522949,158214736
2024-04-26,2.5061120986938477,2.5288949012756348,2.5047719478607178,2.5221939086914062,133411514
2024-04-29,2.50075101852417,2.523534059524536,2.4779679775238037,2.510132074356079,122567604
2024-04-30,2.4498250484466553,2.5074520111083984,2.4297220706939697,2.5020909309387207,103841319
2024-05-02,2.4726080894470215,2.512813091278076,2.456526041030884,2.456526041030884,204211108
2024-05-03,2.508791923522949,2.508791923522949,2.463226079940796,2.4793078899383545,200544334
2024-05-06,2.465907096862793,2.5262138843536377,2.452505111694336,2.5208539962768555,136638597
2024-05-07,2.427042007446289,2.4779679775238037,2.4069390296936035,2.4699270725250244,119087284
2024-05-08,2.413640022277832,2.4498250484466553,2.4123001098632812,2.4484848976135254,88942691
2024-05-09,2.4109599590301514,2.4297220706939697,2.3962180614471436,2.416321039199829,77728976
2024-05-10,2.3948779106140137,2.423021078109741,2.378796100616455,2.4123001098632812,103306826
2024-05-13,2.354672908782959,2.4203410148620605,2.343951940536499,2.4096200466156006,92918971
2024-05-14,2.354672908782959,2.3627140522003174,2.3238489627838135,2.354672908782959,78110615
2024-05-15,2.329210042953491,2.388176918029785,2.329210042953491,2.354672908782959,101316193
2024-05-16,2.4257020950317383,2.4592061042785645,2.341270923614502,2.3466320037841797,208524429
2024-05-17,2.401578903198242,2.4458041191101074,2.3962180614471436,2.432403087615967,135264641
2024-05-20,2.4069390296936035,2.4431240558624268,2.398897886276245,2.4123001098632812,119999492
2024-05-21,2.354672908782959,2.423021078109741,2.3519930839538574,2.4123001098632812,120450547
2024-05-22,2.3854970932006836,2.402919054031372,2.354672908782959,2.354672908782959,86952804
2024-05-23,2.3372509479522705,2.404258966445923,2.3345699310302734,2.401578903198242,77825703
2024-05-24,2.3225090503692627,2.356013059616089,2.3184878826141357,2.3372509479522705,63520874
2024-05-27,2.2849841117858887,2.342611074447632,2.2796239852905273,2.3251891136169434,68552202
2024-05-28,2.283643960952759,2.3010659217834473,2.271583080291748,2.2849841117858887,61677589
2024-05-29,2.232717990875244,2.2983860969543457,2.230036973953247,2.2863240242004395,76665176
2024-05-30,2.2514801025390625,2.2622010707855225,2.232717990875244,2.2514801025390625,52787465
2024-05-31,2.232717990875244,2.271583080291748,2.2179760932922363,2.259521007537842,45212581
2024-06-03,2.2152960300445557,2.2394189834594727,2.1523079872131348,2.2367379665374756,58981775
2024-06-04,2.2313780784606934,2.259521007537842,2.2166359424591064,2.2166359424591064,68993729
2024-06-05,2.196532964706421,2.254159927368164,2.18447208404541,2.2420990467071533,62785958
2024-06-06,2.1831319332122803,2.2367379665374756,2.1831319332122803,2.2018940448760986,55144403
2024-06-07,2.161689043045044,2.219316005706787,2.1536478996276855,2.199213981628418,55417309
2024-06-10,2.150968074798584,2.2032339572906494,2.1415860652923584,2.161689043045044,56008019
2024-06-11,2.20591402053833,2.2461190223693848,2.156327962875366,2.156327962875366,133754792
2024-06-12,2.2005538940429688,2.2313780784606934,2.1657090187072754,2.196532964706421,92044804
2024-06-13,2.2380781173706055,2.2555010318756104,2.2126150131225586,2.2126150131225586,79347513
2024-06-14,2.258181095123291,2.401578903198242,2.2260169982910156,2.2380781173706055,331423388
2024-06-20,2.2849841117858887,2.291685104370117,2.2608609199523926,2.267561912536621,86813225
2024-06-21,2.0906600952148438,2.342611074447632,2.089319944381714,2.2876648902893066,1500878197
2024-06-24,2.0437541007995605,2.087980031967163,2.037053108215332,2.085299015045166,172624687
2024-06-25,2.0584959983825684,2.085299015045166,2.0464351177215576,2.0665369033813477,346124668
2024-06-26,2.0,2.1700000762939453,2.0,2.0799999237060547,484828226
2024-06-27,2.009999990463257,2.0399999618530273,1.9900000095367432,2.009999990463257,177249252
2024-06-28,2.009999990463257,2.069999933242798,2.0,2.009999990463257,314491249
2024-07-01,1.8899999856948853,2.0399999618530273,1.8799999952316284,2.0199999809265137,214052010
2024-07-02,1.899999976158142,1.940000057220459,1.8899999856948853,1.899999976158142,146967416
2024-07-03,1.8799999952316284,1.9199999570846558,1.8600000143051147,1.909999966621399,148793676
2024-07-04,1.8799999952316284,1.9500000476837158,1.8700000047683716,1.8799999952316284,288646514
2024-07-05,1.8600000143051147,1.9199999570846558,1.8600000143051147,1.8899999856948853,164800710
2024-07-08,1.8300000429153442,1.8700000047683716,1.809999942779541,1.8700000047683716,232040356
2024-07-09,1.809999942779541,1.840000033378601,1.7999999523162842,1.8300000429153442,137257126
2024-07-10,1.7899999618530273,1.8200000524520874,1.7899999618530273,1.8200000524520874,147109557
2024-07-11,1.8200000524520874,1.8799999952316284,1.7899999618530273,1.7999999523162842,372358504
2024-07-12,1.8700000047683716,1.8899999856948853,1.8200000524520874,1.8300000429153442,211773739
2024-07-16,1.8700000047683716,1.909999966621399,1.8600000143051147,1.8799999952316284,173073666
2024-07-17,1.8799999952316284,1.899999976158142,1.850000023841858,1.8799999952316284,106188668
2024-07-18,1.9199999570846558,1.940000057220459,1.8899999856948853,1.8899999856948853,160399097
2024-07-19,1.9199999570846558,1.9600000381469727,1.8799999952316284,1.9299999475479126,130127286
2024-07-22,1.909999966621399,1.9600000381469727,1.899999976158142,1.9299999475479126,97429605
2024-07-23,1.9299999475479126,1.9600000381469727,1.899999976158142,1.9199999570846558,137716235
2024-07-24,1.9600000381469727,2.009999990463257,1.9199999570846558,1.9299999475479126,302092140
2024-07-25,1.940000057220459,2.0299999713897705,1.940000057220459,1.9600000381469727,296601694
2024-07-26,1.9299999475479126,1.9800000190734863,1.9199999570846558,1.9500000476837158,201866641
2024-07-29,1.899999976158142,1.9199999570846558,1.8899999856948853,1.9199999570846558,153332710
2024-07-30,1.8700000047683716,1.9199999570846558,1.8700000047683716,1.909999966621399,143351849
2024-07-31,1.809999942779541,1.8700000047683716,1.809999942779541,1.8700000047683716,227455330
2024-08-01,1.8600000143051147,1.8799999952316284,1.8200000524520874,1.8300000429153442,129860477
2024-08-02,1.8600000143051147,1.8899999856948853,1.8200000524520874,1.850000023841858,123890613
2024-08-05,1.7300000190734863,1.809999942779541,1.7000000476837158,1.7200000286102295,152984430
2024-08-06,1.7400000095367432,1.809999942779541,1.7200000286102295,1.7699999809265137,125569979
2024-08-07,1.75,1.7699999809265137,1.7300000190734863,1.7599999904632568,80720182
2024-08-08,1.7999999523162842,1.8200000524520874,1.75,1.75,137060139
2024-08-09,1.75,1.8200000524520874,1.7400000095367432,1.809999942779541,82744942
2024-08-12,1.7000000476837158,1.7799999713897705,1.7000000476837158,1.7699999809265137,83995750
2024-08-13,1.7100000381469727,1.7400000095367432,1.6799999475479126,1.7100000381469727,119349551
2024-08-14,1.690000057220459,1.7300000190734863,1.690000057220459,1.7300000190734863,71615062
2024-08-15,1.7200000286102295,1.7300000190734863,1.6799999475479126,1.7100000381469727,89893166
2024-08-16,1.7200000286102295,1.7300000190734863,1.7000000476837158,1.7300000190734863,74153383
2024-08-19,1.7400000095367432,1.75,1.7100000381469727,1.7300000190734863,90373312
2024-08-20,1.7200000286102295,1.7400000095367432,1.7100000381469727,1.7400000095367432,74250647
2024-08-21,1.690000057220459,1.7400000095367432,1.690000057220459,1.7200000286102295,156290758
2024-08-22,1.7100000381469727,1.7200000286102295,1.690000057220459,1.7000000476837158,82915747
2024-08-23,1.690000057220459,1.7100000381469727,1.6799999475479126,1.7100000381469727,76347820
2024-08-26,1.6299999952316284,1.7000000476837158,1.6200000047683716,1.7000000476837158,97543470
2024-08-27,1.649999976158142,1.659999966621399,1.6200000047683716,1.6299999952316284,71296152
2024-08-28,1.6399999856948853,1.7100000381469727,1.6399999856948853,1.649999976158142,164960752
2024-08-29,1.6799999475479126,1.7000000476837158,1.6399999856948853,1.6399999856948853,133280458
2024-09-02,1.690000057220459,1.7000000476837158,1.6799999475479126,1.7000000476837158,51059094
2024-09-03,1.6799999475479126,1.7100000381469727,1.6699999570846558,1.690000057220459,77885912
2024-09-04,1.649999976158142,1.6799999475479126,1.6399999856948853,1.6699999570846558,53741456
2024-09-05,1.75,1.7699999809265137,1.649999976158142,1.659999966621399,230812629
2024-09-06,1.7300000190734863,1.7999999523162842,1.7100000381469727,1.75,159057946
2024-09-09,1.6799999475479126,1.7699999809265137,1.6799999475479126,1.7100000381469727,157116380
2024-09-10,1.6399999856948853,1.7000000476837158,1.6399999856948853,1.690000057220459,75986150
2024-09-11,1.600000023841858,1.659999966621399,1.590000033378601,1.6399999856948853,104490182
2024-09-12,1.600000023841858,1.6299999952316284,1.5700000524520874,1.6200000047683716,92667993
2024-09-13,1.6399999856948853,1.649999976158142,1.600000023841858,1.600000023841858,93609637
2024-09-16,1.6200000047683716,1.659999966621399,1.6100000143051147,1.6399999856948853,87653365
2024-09-17,1.659999966621399,1.7400000095367432,1.6100000143051147,1.6299999952316284,346591898
2024-09-18,1.6299999952316284,1.7100000381469727,1.6200000047683716,1.659999966621399,138030711
2024-09-19,1.659999966621399,1.659999966621399,1.6299999952316284,1.6399999856948853,82757783
2024-09-20,1.659999966621399,1.6799999475479126,1.649999976158142,1.659999966621399,69363326
2024-09-23,1.6699999570846558,1.6799999475479126,1.649999976158142,1.6699999570846558,80581091
2024-09-24,1.659999966621399,1.6799999475479126,1.649999976158142,1.6799999475479126,79193519
2024-09-25,1.6299999952316284,1.690000057220459,1.6299999952316284,1.6699999570846558,66307235
2024-09-26,1.600000023841858,1.6399999856948853,1.600000023841858,1.6299999952316284,78509751
2024-09-27,1.6200000047683716,1.6200000047683716,1.600000023841858,1.6100000143051147,41585125
2024-09-30,1.600000023841858,1.6399999856948853,1.600000023841858,1.6200000047683716,59719053
2024-10-01,1.5099999904632568,1.600000023841858,1.4900000095367432,1.600000023841858,122822798
2024-10-02,1.4900000095367432,1.5199999809265137,1.4600000381469727,1.5,80202995
2024-10-03,1.4700000286102295,1.5299999713897705,1.4700000286102295,1.4900000095367432,80138096
2024-10-04,1.5,1.5099999904632568,1.4600000381469727,1.4800000190734863,73375996
2024-10-07,1.4900000095367432,1.5199999809265137,1.4900000095367432,1.5099999904632568,35061166
2024-10-08,1.4900000095367432,1.5399999618530273,1.4700000286102295,1.4900000095367432,153154168
2024-10-09,1.4900000095367432,1.5,1.4600000381469727,1.5,40427017
2024-10-10,1.4700000286102295,1.5099999904632568,1.4700000286102295,1.4900000095367432,42388500
2024-10-11,1.4600000381469727,1.4900000095367432,1.4600000381469727,1.4800000190734863,41808700
2024-10-14,1.409999966621399,1.4800000190734863,1.399999976158142,1.4700000286102295,82752964
2024-10-15,1.4299999475479126,1.440000057220459,1.409999966621399,1.409999966621399,40692449
2024-10-16,1.4500000476837158,1.4600000381469727,1.4199999570846558,1.4299999475479126,37723704
2024-10-17,1.4600000381469727,1.4700000286102295,1.440000057220459,1.440000057220459,61123637
2024-10-18,1.440000057220459,1.4700000286102295,1.4199999570846558,1.4600000381469727,36423291
2024-10-21,1.409999966621399,1.4500000476837158,1.399999976158142,1.440000057220459,53670556
2024-10-22,1.4299999475479126,1.4500000476837158,1.399999976158142,1.4199999570846558,76072352
2024-10-23,1.3899999856948853,1.440000057220459,1.3899999856948853,1.4299999475479126,56035395
2024-10-24,1.4199999570846558,1.4299999475479126,1.399999976158142,1.399999976158142,42914464
2024-10-25,1.440000057220459,1.440000057220459,1.409999966621399,1.4199999570846558,59374593
2024-10-28,1.4500000476837158,1.4500000476837158,1.4299999475479126,1.440000057220459,24554243
2024-10-30,1.4600000381469727,1.4800000190734863,1.4500000476837158,1.4500000476837158,56660842
2024-10-31,1.4600000381469727,1.4800000190734863,1.4500000476837158,1.4600000381469727,47493825
2024-11-01,1.4600000381469727,1.4700000286102295,1.440000057220459,1.4700000286102295,42739974
2024-11-04,1.4199999570846558,1.4800000190734863,1.409999966621399,1.4500000476837158,80525941
2024-11-05,1.4199999570846558,1.4299999475479126,1.399999976158142,1.4299999475479126,54414421
2024-11-06,1.4500000476837158,1.4700000286102295,1.409999966621399,1.4199999570846558,101944482
2024-11-07,1.440000057220459,1.4600000381469727,1.4199999570846558,1.4500000476837158,70721644
2024-11-08,1.5,1.5,1.4299999475479126,1.440000057220459,80004324
2024-11-11,1.5099999904632568,1.5299999713897705,1.4800000190734863,1.5,96420413
2024-11-12,1.5399999618530273,1.5399999618530273,1.4800000190734863,1.5099999904632568,168327904
2024-11-13,1.5299999713897705,1.5700000524520874,1.5299999713897705,1.5399999618530273,137028404
2024-11-14,1.5199999809265137,1.5499999523162842,1.5099999904632568,1.5299999713897705,97354122
2024-11-15,1.5499999523162842,1.559999942779541,1.5199999809265137,1.5299999713897705,77174350
2024-11-18,1.559999942779541,1.559999942779541,1.5299999713897705,1.5499999523162842,117566256
2024-11-19,1.5700000524520874,1.6100000143051147,1.5499999523162842,1.559999942779541,151253213
2024-11-20,1.5299999713897705,1.590000033378601,1.5099999904632568,1.5700000524520874,95336785
2024-11-21,1.5399999618530273,1.5499999523162842,1.5299999713897705,1.5299999713897705,93793910
2024-11-22,1.5499999523162842,1.5700000524520874,1.5299999713897705,1.5399999618530273,145263557
2024-11-25,1.5499999523162842,1.600000023841858,1.5499999523162842,1.559999942779541,206799085
2024-11-26,1.5499999523162842,1.5700000524520874,1.5299999713897705,1.559999942779541,86693072
2024-11-27,1.5299999713897705,1.559999942779541,1.5199999809265137,1.5499999523162842,101459108
2024-11-28,1.5099999904632568,1.5399999618530273,1.5,1.5299999713897705,108616287
2024-11-29,1.5099999904632568,1.5299999713897705,1.5,1.5199999809265137,101818202
2024-12-02,1.559999942779541,1.559999942779541,1.5,1.5099999904632568,179644640
2024-12-03,1.5700000524520874,1.590000033378601,1.5499999523162842,1.559999942779541,219753546
2024-12-04,1.659999966621399,1.7200000286102295,1.559999942779541,1.5800000429153442,546527234
2024-12-05,1.7000000476837158,1.7100000381469727,1.6299999952316284,1.6699999570846558,400902648
2024-12-06,1.6699999570846558,1.7100000381469727,1.659999966621399,1.7100000381469727,167242724
2024-12-09,1.7100000381469727,1.75,1.6699999570846558,1.6799999475479126,254608124
2024-12-10,1.659999966621399,1.7200000286102295,1.659999966621399,1.7100000381469727,130127671
2024-12-11,1.600000023841858,1.6799999475479126,1.600000023841858,1.6699999570846558,194347886
2024-12-12,1.6399999856948853,1.659999966621399,1.600000023841858,1.6100000143051147,213220971
2024-12-13,1.690000057220459,1.7000000476837158,1.6399999856948853,1.649999976158142,148995496
2024-12-16,1.7000000476837158,1.7300000190734863,1.6799999475479126,1.7100000381469727,268908641
2024-12-17,1.7200000286102295,1.7799999713897705,1.6799999475479126,1.7000000476837158,388485012
2024-12-18,1.7200000286102295,1.7599999904632568,1.7100000381469727,1.7200000286102295,203792717
2024-12-19,1.7599999904632568,1.7799999713897705,1.7000000476837158,1.7100000381469727,223198583
2024-12-20,1.75,1.809999942779541,1.7300000190734863,1.7699999809265137,205456751
2024-12-23,1.690000057220459,1.7599999904632568,1.690000057220459,1.75,132386016
2024-12-24,1.6699999570846558,1.7100000381469727,1.659999966621399,1.7000000476837158,85958742
2024-12-25,1.7000000476837158,1.7000000476837158,1.659999966621399,1.6799999475479126,132851913
2024-12-26,1.690000057220459,1.7300000190734863,1.6799999475479126,1.7000000476837158,162853296
2024-12-27,1.7100000381469727,1.75,1.690000057220459,1.7000000476837158,230738247
2024-12-30,1.6699999570846558,1.7300000190734863,1.6699999570846558,1.7200000286102295,148452817
2024-12-31,1.659999966621399,1.6799999475479126,1.649999976158142,1.6799999475479126,99570281
2025-01-02,1.659999966621399,1.690000057220459,1.649999976158142,1.6699999570846558,105688285
2025-01-03,1.7000000476837158,1.7100000381469727,1.6699999570846558,1.6699999570846558,190630952
2025-01-06,1.7999999523162842,1.840000033378601,1.7100000381469727,1.7200000286102295,415311483
2025-01-07,1.7699999809265137,1.8200000524520874,1.7599999904632568,1.7999999523162842,241977631
2025-01-08,1.7400000095367432,1.7799999713897705,1.7300000190734863,1.7699999809265137,116905778
2025-01-09,1.7400000095367432,1.7599999904632568,1.7200000286102295,1.75,120008026
2025-01-10,1.7400000095367432,1.75,1.690000057220459,1.75,193123225
2025-01-13,1.6699999570846558,1.75,1.6699999570846558,1.75,183959773
2025-01-14,1.6399999856948853,1.690000057220459,1.6399999856948853,1.6799999475479126,161133883
2025-01-15,1.6200000047683716,1.659999966621399,1.6100000143051147,1.6399999856948853,157438980
2025-01-16,1.6399999856948853,1.659999966621399,1.6200000047683716,1.6399999856948853,135780070
2025-01-17,1.649999976158142,1.659999966621399,1.6299999952316284,1.649999976158142,96932791
2025-01-20,1.649999976158142,1.690000057220459,1.6399999856948853,1.659999966621399,131377395
2025-01-21,1.6299999952316284,1.659999966621399,1.6200000047683716,1.6399999856948853,133914361
2025-01-22,1.6200000047683716,1.6399999856948853,1.6100000143051147,1.6399999856948853,77830337
2025-01-23,1.590000033378601,1.6399999856948853,1.5800000429153442,1.6299999952316284,162128865
2025-01-24,1.600000023841858,1.6299999952316284,1.559999942779541,1.590000033378601,189609802
2025-01-27,1.5700000524520874,1.600000023841858,1.559999942779541,1.5800000429153442,109118081
2025-01-28,1.590000033378601,1.6100000143051147,1.5700000524520874,1.5800000429153442,133208645
2025-01-29,1.5499999523162842,1.600000023841858,1.5499999523162842,1.600000023841858,79405763
2025-01-30,1.5299999713897705,1.5700000524520874,1.5299999713897705,1.5499999523162842,70390364
2025-01-31,1.5299999713897705,1.590000033378601,1.5199999809265137,1.5299999713897705,184416609
2025-02-03,1.4700000286102295,1.5299999713897705,1.4700000286102295,1.5199999809265137,155012811
2025-02-04,1.4800000190734863,1.5,1.4800000190734863,1.4900000095367432,60867209
2025-02-05,1.4500000476837158,1.4900000095367432,1.4299999475479126,1.4800000190734863,192759756
2025-02-06,1.4700000286102295,1.4800000190734863,1.4500000476837158,1.4600000381469727,77738814
2025-02-07,1.4900000095367432,1.5,1.4600000381469727,1.4800000190734863,110085636
2025-02-10,1.4700000286102295,1.5099999904632568,1.4600000381469727,1.5,95041878
2025-02-11,1.4800000190734863,1.5,1.4600000381469727,1.4700000286102295,83720367
2025-02-12,1.4700000286102295,1.5,1.4600000381469727,1.4900000095367432,90642535
2025-02-13,1.4600000381469727,1.4900000095367432,1.4500000476837158,1.4800000190734863,85674682
2025-02-14,1.4600000381469727,1.4800000190734863,1.4500000476837158,1.4800000190734863,71721442
2025-02-17,1.4800000190734863,1.4900000095367432,1.4600000381469727,1.4700000286102295,86418748
2025-02-18,1.4600000381469727,1.4800000190734863,1.440000057220459,1.4800000190734863,98646482
2025-02-19,1.4299999475479126,1.4800000190734863,1.4299999475479126,1.4700000286102295,97089120
2025-02-20,1.4600000381469727,1.4600000381469727,1.4299999475479126,1.440000057220459,93076388
2025-02-21,1.4199999570846558,1.4600000381469727,1.409999966621399,1.4600000381469727,100590332
2025-02-24,1.4199999570846558,1.4600000381469727,1.409999966621399,1.440000057220459,155072952
2025-02-25,1.3799999952316284,1.4299999475479126,1.3799999952316284,1.4299999475479126,105448269
2025-02-26,1.3899999856948853,1.409999966621399,1.3799999952316284,1.3899999856948853,87187090
2025-02-27,1.409999966621399,1.409999966621399,1.3899999856948853,1.399999976158142,51442889
2025-02-28,1.3899999856948853,1.4199999570846558,1.3799999952316284,1.409999966621399,69802463
2025-03-03,1.399999976158142,1.4199999570846558,1.3899999856948853,1.399999976158142,55379402
2025-03-04,1.3600000143051147,1.409999966621399,1.3600000143051147,1.409999966621399,118753944
2025-03-05,1.3899999856948853,1.3899999856948853,1.3600000143051147,1.3700000047683716,89858976
2025-03-06,1.4500000476837158,1.4600000381469727,1.3899999856948853,1.3899999856948853,156555468
2025-03-07,1.4700000286102295,1.4800000190734863,1.440000057220459,1.4500000476837158,93507162
2025-03-10,1.4700000286102295,1.4900000095367432,1.4600000381469727,1.4800000190734863,102079579
2025-03-11,1.4800000190734863,1.5,1.4500000476837158,1.4700000286102295,97765893
2025-03-12,1.440000057220459,1.4800000190734863,1.4199999570846558,1.4700000286102295,146421692
2025-03-13,1.4800000190734863,1.4900000095367432,1.440000057220459,1.440000057220459,107570273
2025-03-14,1.5199999809265137,1.5299999713897705,1.4800000190734863,1.4800000190734863,174710586
2025-03-17,1.6299999952316284,1.6699999570846558,1.5099999904632568,1.5199999809265137,810762893
2025-03-18,1.590000033378601,1.659999966621399,1.5800000429153442,1.6299999952316284,296420612
2025-03-19,1.440000057220459,1.5399999618530273,1.440000057220459,1.5,216798192
2025-03-20,1.440000057220459,1.4900000095367432,1.409999966621399,1.440000057220459,197778909
2025-03-21,1.3700000047683716,1.440000057220459,1.309999942779541,1.4299999475479126,176337342
2025-03-24,1.3799999952316284,1.4199999570846558,1.3300000429153442,1.3899999856948853,152237053
2025-03-25,1.440000057220459,1.4500000476837158,1.3899999856948853,1.399999976158142,148025371
2025-03-26,1.440000057220459,1.4500000476837158,1.409999966621399,1.4299999475479126,127133186
2025-03-27,1.5800000429153442,1.5800000429153442,1.4500000476837158,1.4500000476837158,405176621
2025-03-28,1.5800000429153442,1.7100000381469727,1.5800000429153442,1.6100000143051147,751293182
2025-04-02,1.6100000143051147,1.6699999570846558,1.5800000429153442,1.5800000429153442,374049544
2025-04-03,1.600000023841858,1.6299999952316284,1.5800000429153442,1.6200000047683716,169966298
2025-04-04,1.5499999523162842,1.6100000143051147,1.5399999618530273,1.600000023841858,145032585
2025-04-07,1.5299999713897705,1.5399999618530273,1.4800000190734863,1.5299999713897705,278758735
2025-04-08,1.5499999523162842,1.559999942779541,1.5299999713897705,1.5499999523162842,136883939
2025-04-09,1.559999942779541,1.659999966621399,1.5299999713897705,1.5399999618530273,418115736
2025-04-10,1.590000033378601,1.6200000047683716,1.5800000429153442,1.600000023841858,175134100
2025-04-11,1.590000033378601,1.6299999952316284,1.590000033378601,1.600000023841858,158917102
2025-04-14,1.7400000095367432,1.7400000095367432,1.600000023841858,1.6100000143051147,645553537
2025-04-15,1.7300000190734863,1.809999942779541,1.6699999570846558,1.7400000095367432,627011937
2025-04-16,1.6799999475479126,1.7899999618530273,1.6799999475479126,1.7300000190734863,488052269
2025-04-17,1.7799999713897705,1.7899999618530273,1.6799999475479126,1.690000057220459,454237835
2025-04-18,1.7200000286102295,1.7599999904632568,1.7200000286102295,1.75,316249592
2025-04-21,1.690000057220459,1.7799999713897705,1.6799999475479126,1.7300000190734863,345593894
2025-04-22,1.7000000476837158,1.7799999713897705,1.6799999475479126,1.7000000476837158,388232607
2025-04-24,1.6799999475479126,1.7200000286102295,1.6799999475479126,1.7000000476837158,196643035
2025-04-25,1.7200000286102295,1.75,1.690000057220459,1.690000057220459,272000256
2025-04-28,1.690000057220459,1.7400000095367432,1.690000057220459,1.7300000190734863,145050001
2025-04-29,1.6799999475479126,1.7100000381469727,1.6799999475479126,1.690000057220459,104705311
2025-04-30,1.6100000143051147,1.7000000476837158,1.6100000143051147,1.690000057220459,161280359
2025-05-02,1.6100000143051147,1.6299999952316284,1.600000023841858,1.6299999952316284,101693508
2025-05-05,1.6299999952316284,1.75,1.5800000429153442,1.6200000047683716,590557359
2025-05-06,1.6200000047683716,1.649999976158142,1.6200000047683716,1.6299999952316284,124656328
2025-05-07,1.5800000429153442,1.6299999952316284,1.5800000429153442,1.6299999952316284,139282334
2025-05-08,1.590000033378601,1.600000023841858,1.5700000524520874,1.590000033378601,58401273
2025-05-09,1.590000033378601,1.6100000143051147,1.5800000429153442,1.600000023841858,74373246
2025-05-12,1.6299999952316284,1.6399999856948853,1.600000023841858,1.6200000047683716,114964097
2025-05-13,1.6200000047683716,1.649999976158142,1.6100000143051147,1.6299999952316284,116885487
2025-05-14,1.6200000047683716,1.6399999856948853,1.6100000143051147,1.6200000047683716,122858658
2025-05-15,1.6399999856948853,1.649999976158142,1.6200000047683716,1.6299999952316284,155516216
2025-05-16,1.6299999952316284,1.659999966621399,1.6200000047683716,1.649999976158142,116514883
2025-05-20,1.6299999952316284,1.649999976158142,1.6200000047683716,1.6299999952316284,186782140
2025-05-21,1.6100000143051147,1.6399999856948853,1.6100000143051147,1.6299999952316284,77206528
2025-05-22,1.6200000047683716,1.6299999952316284,1.590000033378601,1.6200000047683716,143034072
2025-05-23,1.7100000381469727,1.7300000190734863,1.6200000047683716,1.6299999952316284,399675037
2025-05-26,1.6699999570846558,1.7400000095367432,1.659999966621399,1.7400000095367432,208755446
2025-05-27,1.649999976158142,1.7200000286102295,1.6399999856948853,1.6799999475479126,163709108
2025-05-28,1.600000023841858,1.6699999570846558,1.600000023841858,1.659999966621399,154515991
2025-05-29,1.5800000429153442,1.6299999952316284,1.5700000524520874,1.6100000143051147,125767016
2025-05-30,1.5399999618530273,1.600000023841858,1.5299999713897705,1.590000033378601,99184556
2025-06-02,1.5,1.559999942779541,1.4900000095367432,1.5499999523162842,139509071
2025-06-03,1.5399999618530273,1.5499999523162842,1.5099999904632568,1.5099999904632568,80577304
2025-06-04,1.590000033378601,1.600000023841858,1.5399999618530273,1.5499999523162842,110890525
2025-06-05,1.590000033378601,1.600000023841858,1.5700000524520874,1.590000033378601,49476149
2025-06-10,1.6200000047683716,1.6299999952316284,1.600000023841858,1.600000023841858,111767208
2025-06-11,1.6100000143051147,1.6299999952316284,1.600000023841858,1.6200000047683716,117603909
2025-06-12,1.5700000524520874,1.6100000143051147,1.5700000524520874,1.600000023841858,108768436
2025-06-13,1.4900000095367432,1.5,1.440000057220459,1.4900000095367432,146884561
2025-06-16,1.5,1.5199999809265137,1.4700000286102295,1.5,129265890
2025-06-17,1.4900000095367432,1.5199999809265137,1.4900000095367432,1.5099999904632568,70323872
2025-06-18,1.4600000381469727,1.5,1.440000057220459,1.4900000095367432,135560991
2025-06-19,1.4700000286102295,1.5,1.4600000381469727,1.4800000190734863,101531576
2025-06-20,1.4800000190734863,1.5,1.4800000190734863,1.4900000095367432,49643327
2025-06-23,1.4600000381469727,1.4800000190734863,1.4500000476837158,1.4600000381469727,91808207
2025-06-24,1.5399999618530273,1.5399999618530273,1.4900000095367432,1.5,140061370
2025-06-25,1.5499999523162842,1.5700000524520874,1.5199999809265137,1.5399999618530273,121242244
2025-06-26,1.5299999713897705,1.559999942779541,1.5199999809265137,1.5499999523162842,73179361
2025-06-27,1.5199999809265137,1.5299999713897705,1.4900000095367432,1.5299999713897705,82407937
2025-06-30,1.5499999523162842,1.5700000524520874,1.5199999809265137,1.5299999713897705,182450955
2025-07-01,1.5800000429153442,1.590000033378601,1.5499999523162842,1.559999942779541,131323255
2025-07-02,1.5700000524520874,1.600000023841858,1.559999942779541,1.590000033378601,209131778
2025-07-03,1.590000033378601,1.6100000143051147,1.5800000429153442,1.590000033378601,118737521
2025-07-04,1.600000023841858,1.6100000143051147,1.5800000429153442,1.590000033378601,96859239
2025-07-07,1.559999942779541,1.590000033378601,1.5499999523162842,1.590000033378601,121350875
2025-07-08,1.5299999713897705,1.5800000429153442,1.5199999809265137,1.5700000524520874,126707003
2025-07-09,1.5499999523162842,1.559999942779541,1.5299999713897705,1.5399999618530273,86063439
2025-07-10,1.6100000143051147,1.6200000047683716,1.5700000524520874,1.5700000524520874,116112380
2025-07-11,1.6100000143051147,1.6299999952316284,1.590000033378601,1.6200000047683716,153333085
2025-07-14,1.5800000429153442,1.6299999952316284,1.5800000429153442,1.6100000143051147,172840576
2025-07-16,1.5800000429153442,1.6299999952316284,1.5499999523162842,1.5800000429153442,218599700
2025-07-17,1.6200000047683716,1.6299999952316284,1.590000033378601,1.590000033378601,177270319
2025-07-18,1.6399999856948853,1.6699999570846558,1.6100000143051147,1.6299999952316284,262181478
2025-07-21,1.7000000476837158,1.7100000381469727,1.649999976158142,1.649999976158142,291502391
2025-07-22,1.7300000190734863,1.7400000095367432,1.690000057220459,1.7100000381469727,260485609
2025-07-23,1.7000000476837158,1.7599999904632568,1.690000057220459,1.7400000095367432,238047663
2025-07-24,1.7200000286102295,1.75,1.7100000381469727,1.7200000286102295,252863958
2025-07-25,1.7300000190734863,1.7400000095367432,1.7000000476837158,1.7300000190734863,204234392
2025-07-28,1.899999976158142,1.899999976158142,1.7400000095367432,1.7400000095367432,684987820
2025-07-29,2.0899999141693115,2.0899999141693115,1.909999966621399,1.9299999475479126,167767110
2025-07-30,1.899999976158142,2.2899999618530273,1.8899999856948853,2.130000114440918,0
2025-07-31,1.7999999523162842,1.9900000095367432,1.7899999618530273,1.8799999952316284,312055269
2025-08-01,1.9299999475479126,1.9600000381469727,1.7899999618530273,1.809999942779541,572561564
2025-08-04,1.9500000476837158,2.009999990463257,1.9199999570846558,1.9500000476837158,971561407
2025-08-05,2.140000104904175,2.140000104904175,1.9600000381469727,1.9600000381469727,834554259
2025-08-06,2.2100000381469727,2.299999952316284,2.1500000953674316,2.259999990463257,856163605
2025-08-07,2.3399999141693115,2.430000066757202,2.180000066757202,2.2300000190734863,904644429
2025-08-08,2.2100000381469727,2.450000047683716,2.190000057220459,2.359999895095825,531014540
2025-08-11,2.180000066757202,2.2899999618530273,2.0399999618530273,2.109999895095825,168678521
2025-08-12,2.25,2.369999885559082,2.200000047683716,2.2100000381469727,854280459
2025-08-13,2.1600000858306885,2.299999952316284,2.140000104904175,2.2799999713897705,833192837
2025-08-14,2.0999999046325684,2.319999933242798,2.0999999046325684,2.190000057220459,0
2025-08-15,2.049999952316284,2.069999933242798,1.9199999570846558,2.069999933242798,539204151
2025-08-18,2.25,2.25,2.069999933242798,2.069999933242798,1065327182
2025-08-19,2.3399999141693115,2.430000066757202,2.2899999618530273,2.3299999237060547,272458646
2025-08-20,2.319999933242798,2.430000066757202,2.2799999713897705,2.3499999046325684,802021294
2025-08-21,2.549999952316284,2.549999952316284,2.299999952316284,2.3299999237060547,261455995
2025-08-22,2.5399999618530273,2.5899999141693115,2.4100000858306885,2.450000047683716,672580348
2025-08-25,2.6600000858306885,2.7699999809265137,2.549999952316284,2.549999952316284,265449709
2025-08-26,2.6500000953674316,2.75,2.630000114440918,2.6700000762939453,810452261
2025-08-27,2.5199999809265137,2.690000057220459,2.509999990463257,2.6700000762939453,639661123
2025-08-28,2.4600000381469727,2.5899999141693115,2.450000047683716,2.5199999809265137,760304669
2025-08-29,2.4700000286102295,2.4800000190734863,2.3499999046325684,2.4600000381469727,590250899
2025-09-01,2.559999942779541,2.630000114440918,2.4000000953674316,2.4700000286102295,751990846
2025-09-02,2.4700000286102295,2.640000104904175,2.369999885559082,2.569999933242798,730447722
2025-09-03,2.4200000762939453,2.509999990463257,2.390000104904175,2.4600000381469727,521327765
2025-09-04,2.390000104904175,2.440000057220459,2.359999895095825,2.4200000762939453,428816530
2025-09-05,2.430000066757202,2.509999990463257,2.380000114440918,2.4000000953674316,642094357
2025-09-08,2.190000057220459,2.4200000762939453,2.190000057220459,2.369999885559082,758955695
2025-09-09,2.259999990463257,2.319999933242798,2.2100000381469727,2.2100000381469727,478112501
2025-09-10,2.4200000762939453,2.4700000286102295,2.2100000381469727,2.2899999618530273,722228178
2025-09-11,2.359999895095825,2.5299999713897705,2.3299999237060547,2.4100000858306885,712590897
2025-09-12,2.319999933242798,2.4000000953674316,2.25,2.359999895095825,569602724
2025-09-15,2.430000066757202,2.450000047683716,2.25,2.319999933242798,682185591
2025-09-16,2.4200000762939453,2.5,2.380000114440918,2.440000057220459,790842377
2025-09-17,2.450000047683716,2.4700000286102295,2.390000104904175,2.430000066757202,843164209
2025-09-18,2.4100000858306885,2.5299999713897705,2.390000104904175,2.4800000190734863,698197083
2025-09-19,2.4000000953674316,2.430000066757202,2.380000114440918,2.4200000762939453,581441870
2025-09-22,2.390000104904175,2.4600000381469727,2.390000104904175,2.440000057220459,466370005
2025-09-23,2.309999942779541,2.390000104904175,2.299999952316284,2.380000114440918,482559496
2025-09-24,2.2799999713897705,2.359999895095825,2.240000009536743,2.319999933242798,686362786
2025-09-25,2.240000009536743,2.319999933242798,2.240000009536743,2.299999952316284,507260489
2025-09-26,2.2100000381469727,2.299999952316284,2.2100000381469727,2.25,481543890
2025-09-29,2.140000104904175,2.240000009536743,2.130000114440918,2.2100000381469727,421436222
2025-09-30,2.0899999141693115,2.1600000858306885,2.059999942779541,2.1500000953674316,508463100
2025-10-01,2.2100000381469727,2.2699999809265137,2.0899999141693115,2.0999999046325684,761925195
2025-10-02,2.180000066757202,2.2699999809265137,2.180000066757202,2.2200000286102295,411727944
2025-10-03,2.140000104904175,2.2100000381469727,2.119999885559082,2.200000047683716,289427921
2025-10-06,2.130000114440918,2.2200000286102295,2.119999885559082,2.1600000858306885,316147908
2025-10-07,2.059999942779541,2.1500000953674316,2.059999942779541,2.140000104904175,472786741
2025-10-08,2.0199999809265137,2.0999999046325684,2.0199999809265137,2.069999933242798,475925843
2025-10-09,2.0199999809265137,2.109999895095825,2.009999990463257,2.0399999618530273,564483601
2025-10-10,2.130000114440918,2.1600000858306885,2.009999990463257,2.0299999713897705,872296332
2025-10-13,2.0899999141693115,2.180000066757202,2.0799999237060547,2.0999999046325684,511370445
2025-10-14,2.0399999618530273,2.130000114440918,2.0299999713897705,2.0999999046325684,421758388
2025-10-15,2.049999952316284,2.0899999141693115,2.0199999809265137,2.059999942779541,448752555
2025-10-16,2.009999990463257,2.0899999141693115,2.0,2.059999942779541,457178912
2025-10-17,1.9900000095367432,2.0299999713897705,1.9299999475479126,2.009999990463257,508895394
2025-10-20,2.0,2.0299999713897705,1.9600000381469727,2.009999990463257,413493222
2025-10-21,1.9700000286102295,2.009999990463257,1.9600000381469727,2.009999990463257,305039362
2025-10-22,2.1600000858306885,2.1600000858306885,1.9700000286102295,1.9800000190734863,881217565
2025-10-23,2.140000104904175,2.369999885559082,2.140000104904175,2.369999885559082,467098769
2025-10-24,2.259999990463257,2.319999933242798,2.140000104904175,2.140000104904175,23065507
2025-10-27,2.299999952316284,2.380000114440918,2.259999990463257,2.2799999713897705,853559886
2025-10-28,2.240000009536743,2.3299999237060547,2.240000009536743,2.309999942779541,250721726
2025-10-30,2.25,2.319999933242798,2.2300000190734863,2.2799999713897705,737359400
2025-10-31,2.4200000762939453,2.4700000286102295,2.2300000190734863,2.259999990463257,570500694
2025-11-03,2.4600000381469727,2.549999952316284,2.430000066757202,2.450000047683716,778870217
2025-11-04,2.5399999618530273,2.640000104904175,2.450000047683716,2.4700000286102295,158499887
2025-11-05,2.5399999618530273,2.630000114440918,2.4600000381469727,2.5799999237060547,184736788
2025-11-06,2.680000066757202,2.7899999618530273,2.549999952316284,2.559999942779541,136209330
2025-11-07,2.7100000381469727,2.869999885559082,2.690000057220459,2.700000047683716,332262281
2025-11-10,2.5999999046325684,2.7699999809265137,2.5799999237060547,2.75,996875968
2025-11-11,2.3399999141693115,2.5299999713897705,2.3399999141693115,2.5199999809265137,816821262
2025-11-12,2.2200000286102295,2.369999885559082,2.2100000381469727,2.299999952316284,886486636
2025-11-13,2.440000057220459,2.440000057220459,2.2100000381469727,2.2300000190734863,984379730
2025-11-14,2.380000114440918,2.5299999713897705,2.3399999141693115,2.490000009536743,1060629311
2025-11-17,2.2799999713897705,2.4800000190734863,2.2799999713897705,2.4100000858306885,899293413
2025-11-18,2.299999952316284,2.359999895095825,2.240000009536743,2.2699999809265137,802332374
2025-11-19,2.2699999809265137,2.359999895095825,2.259999990463257,2.319999933242798,544954051
2025-11-20,2.240000009536743,2.299999952316284,2.2300000190734863,2.2799999713897705,478339264
2025-11-21,2.259999990463257,2.309999942779541,2.2300000190734863,2.240000009536743,683268475
2025-11-24,2.2899999618530273,2.3399999141693115,2.240000009536743,2.259999990463257,751592947
2025-11-25,2.2200000286102295,2.319999933242798,2.200000047683716,2.309999942779541,495980969
2025-11-26,2.140000104904175,2.259999990463257,2.140000104904175,2.2200000286102295,522058711
2025-11-27,2.1600000858306885,2.190000057220459,2.1500000953674316,2.1600000858306885,386495596
2025-11-28,2.109999895095825,2.180000066757202,2.0899999141693115,2.1700000762939453,360178779
2025-12-01,2.1500000953674316,2.1700000762939453,2.0999999046325684,2.109999895095825,337662679
2025-12-02,2.1600000858306885,2.2200000286102295,2.140000104904175,2.1600000858306885,605649777
2025-12-03,2.1500000953674316,2.200000047683716,2.140000104904175,2.1700000762939453,512272541
2025-12-04,2.0899999141693115,2.1700000762939453,2.0799999237060547,2.1600000858306885,324383278
2025-12-05,2.109999895095825,2.140000104904175,2.069999933242798,2.0899999141693115,385864243
2025-12-08,2.119999885559082,2.1500000953674316,2.109999895095825,2.119999885559082,242753644
2025-12-09,2.180000066757202,2.2100000381469727,2.0899999141693115,2.130000114440918,552130360
2025-12-10,2.130000114440918,2.2300000190734863,2.130000114440918,2.190000057220459,436052358
2025-12-11,2.2100000381469727,2.259999990463257,2.140000104904175,2.140000104904175,821626773
2025-12-12,2.2799999713897705,2.319999933242798,2.200000047683716,2.2300000190734863,837183888
2025-12-15,2.240000009536743,2.309999942779541,2.2300000190734863,2.2899999618530273,429299467
2025-12-16,2.200000047683716,2.2799999713897705,2.180000066757202,2.25,351431112
2025-12-17,2.1500000953674316,2.240000009536743,2.140000104904175,2.2100000381469727,314579733
2025-12-18,2.1500000953674316,2.180000066757202,2.130000114440918,2.1600000858306885,304535805
2025-12-19,2.140000104904175,2.1700000762939453,2.130000114440918,2.1600000858306885,207010987
2025-12-22,2.119999885559082,2.1600000858306885,2.0999999046325684,2.1500000953674316,287277156
2025-12-23,2.190000057220459,2.2300000190734863,2.109999895095825,2.119999885559082,681047407
2025-12-24,2.0999999046325684,2.2100000381469727,2.0899999141693115,2.190000057220459,407100495
2025-12-25,2.109999895095825,2.140000104904175,2.0999999046325684,2.109999895095825,193631193
2025-12-26,2.069999933242798,2.130000114440918,2.049999952316284,2.119999885559082,259784644
2025-12-29,2.0199999809265137,2.069999933242798,2.009999990463257,2.069999933242798,299541891
2025-12-30,2.009999990463257,2.049999952316284,1.9700000286102295,2.0299999713897705,297244113
2025-12-31,2.0,2.0399999618530273,2.0,2.0199999809265137,199039516
2026-01-02,2.0399999618530273,2.049999952316284,2.009999990463257,2.009999990463257,269411156
2026-01-05,2.130000114440918,2.200000047683716,2.059999942779541,2.059999942779541,783788798
2026-01-06,2.0999999046325684,2.1500000953674316,2.0899999141693115,2.130000114440918,334210789
2026-01-07,2.049999952316284,2.130000114440918,2.049999952316284,2.109999895095825,267082615
2026-01-08,2.049999952316284,2.069999933242798,2.009999990463257,2.049999952316284,313481042
2026-01-09,2.0199999809265137,2.059999942779541,2.009999990463257,2.059999942779541,183097737
2026-01-12,2.0399999618530273,2.0799999237060547,2.0299999713897705,2.0299999713897705,334045826
2026-01-13,2.0999999046325684,2.1500000953674316,2.049999952316284,2.059999942779541,533351762
2026-01-14,2.069999933242798,2.1500000953674316,2.069999933242798,2.109999895095825,515016572
2026-01-15,2.0999999046325684,2.109999895095825,2.069999933242798,2.0799999237060547,371213559
2026-01-16,2.0899999141693115,2.119999885559082,2.0799999237060547,2.109999895095825,326554472
2026-01-19,2.109999895095825,2.130000114440918,2.0899999141693115,2.0999999046325684,470397783
2026-01-20,2.0899999141693115,2.1700000762939453,2.0799999237060547,2.119999885559082,335621497
2026-01-21,2.059999942779541,2.0999999046325684,2.0399999618530273,2.0899999141693115,210575168
2026-01-22,2.0799999237060547,2.0999999046325684,2.059999942779541,2.069999933242798,300590810
2026-01-23,2.0799999237060547,2.0999999046325684,2.069999933242798,2.0899999141693115,246441293
2026-01-26,1.7489570379257202,1.7573659420013428,1.7237319946289062,1.7489570379257202,457689397
2026-01-27,1.7405489683151245,1.7825909852981567,1.7321399450302124,1.7573659420013428,658208910
2026-01-28,1.799407958984375,1.8498589992523193,1.7405489683151245,1.7489570379257202,120368551
2026-01-29,1.9171260595321655,1.9675769805908203,1.824633002281189,1.824633002281189,858386939
2026-01-30,1.7657740116119385,1.8834919929504395,1.7489570379257202,1.8834919929504395,155051375
2026-02-02,1.7910000085830688,1.8834919929504395,1.7153229713439941,1.7405489683151245,22987843
2026-02-03,1.9600000381469727,1.9600000381469727,1.840000033378601,1.840000033378601,1016861995
2026-02-04,1.8799999952316284,2.069999933242798,1.8799999952316284,2.059999942779541,335721887
2026-02-05,1.7999999523162842,1.940000057220459,1.7999999523162842,1.8799999952316284,679735150
2026-02-06,1.7899999618530273,1.8600000143051147,1.7799999713897705,1.809999942779541,501595624
2026-02-09,1.8200000524520874,1.850000023841858,1.809999942779541,1.809999942779541,562624456
2026-02-10,1.7999999523162842,1.8700000047683716,1.7899999618530273,1.8300000429153442,675046297
2026-02-11,1.7599999904632568,1.809999942779541,1.75,1.7999999523162842,385181681
2026-02-12,1.840000033378601,1.8799999952316284,1.7699999809265137,1.7699999809265137,85231581
2026-02-13,1.850000023841858,1.8700000047683716,1.8200000524520874,1.840000033378601,865990671
2026-02-16,1.9199999570846558,1.9299999475479126,1.8600000143051147,1.8700000047683716,819117559
2026-02-17,1.8700000047683716,1.940000057220459,1.850000023841858,1.9199999570846558,894142892
2026-02-18,1.7899999618530273,1.9299999475479126,1.7899999618530273,1.8799999952316284,539269400
2026-02-19,1.7100000381469727,1.8200000524520874,1.690000057220459,1.809999942779541,650123514
2026-02-20,1.7100000381469727,1.7400000095367432,1.6799999475479126,1.7200000286102295,549333925
2026-02-23,1.7100000381469727,1.7599999904632568,1.7100000381469727,1.7300000190734863,390466305
2026-02-24,1.6799999475479126,1.7200000286102295,1.6799999475479126,1.7100000381469727,313361526
2026-02-25,1.6699999570846558,1.7000000476837158,1.649999976158142,1.690000057220459,366050040
2026-02-26,1.649999976158142,1.6799999475479126,1.649999976158142,1.6699999570846558,362345133
2026-02-27,1.6100000143051147,1.6699999570846558,1.590000033378601,1.659999966621399,529298857
2026-03-02,1.5099999904632568,1.5399999618530273,1.4800000190734863,1.5,672649896
2026-03-03,1.5,1.5499999523162842,1.4900000095367432,1.5099999904632568,476406883
2026-03-04,1.4900000095367432,1.5199999809265137,1.4900000095367432,1.5,433994013
2026-03-05,1.5,1.5199999809265137,1.5,1.5,275354531
2026-03-06,1.4900000095367432,1.5199999809265137,1.4900000095367432,1.5099999904632568,331395522
2026-03-09,1.4700000286102295,1.5099999904632568,1.4500000476837158,1.4700000286102295,436803105
2026-03-10,1.5099999904632568,1.5199999809265137,1.4800000190734863,1.4900000095367432,457718576
2026-03-11,1.5199999809265137,1.5299999713897705,1.5,1.5199999809265137,347932414
2026-03-12,1.600000023841858,1.6299999952316284,1.5199999809265137,1.5199999809265137,973196174
2026-03-13,1.5299999713897705,1.6100000143051147,1.5299999713897705,1.600000023841858,688204710
2026-03-16,1.5399999618530273,1.559999942779541,1.5299999713897705,1.5499999523162842,201243048
2026-03-17,1.5700000524520874,1.590000033378601,1.5499999523162842,1.5499999523162842,454808733
2026-03-18,1.5399999618530273,1.5800000429153442,1.5399999618530273,1.5700000524520874,219077940
2026-03-19,1.5700000524520874,1.5700000524520874,1.5299999713897705,1.5299999713897705,168112727
2026-03-23,1.6799999475479126,1.7200000286102295,1.590000033378601,1.590000033378601,494665151
2026-03-24,1.659999966621399,1.75,1.649999976158142,1.7000000476837158,700196424
2026-03-25,1.690000057220459,1.7400000095367432,1.6299999952316284,1.6799999475479126,74396754
2026-03-26,1.649999976158142,1.7400000095367432,1.649999976158142,1.7000000476837158,621031736
2026-03-27,1.6299999952316284,1.6699999570846558,1.6200000047683716,1.649999976158142,260591728
2026-03-30,1.649999976158142,1.6699999570846558,1.6299999952316284,1.6299999952316284,541764644
2026-03-31,1.6399999856948853,1.659999966621399,1.6200000047683716,1.659999966621399,288678021
2026-04-01,1.649999976158142,1.6799999475479126,1.6399999856948853,1.659999966621399,365090466
2026-04-02,1.6799999475479126,1.7100000381469727,1.6299999952316284,1.6399999856948853,666685572
2026-04-03,1.659999966621399,1.690000057220459,1.649999976158142,1.6799999475479126,522337804
2026-04-06,1.690000057220459,1.7000000476837158,1.6699999570846558,1.6699999570846558,549641857
2026-04-07,1.6100000143051147,1.7100000381469727,1.6100000143051147,1.690000057220459,519186827
2026-04-08,1.659999966621399,1.6799999475479126,1.649999976158142,1.6699999570846558,688915916
2026-04-09,1.6399999856948853,1.6699999570846558,1.6200000047683716,1.659999966621399,525688405
2026-04-10,1.6699999570846558,1.690000057220459,1.6299999952316284,1.649999976158142,706103083
2026-04-13,1.6299999952316284,1.6699999570846558,1.6100000143051147,1.659999966621399,722569055
2026-04-14,1.6399999856948853,1.659999966621399,1.6200000047683716,1.649999976158142,386215426
2026-04-15,1.690000057220459,1.7000000476837158,1.6399999856948853,1.6399999856948853,636637413
2026-04-16,1.7100000381469727,1.7400000095367432,1.7000000476837158,1.7000000476837158,1071291725
2026-04-17,1.7699999809265137,1.7799999713897705,1.7100000381469727,1.7200000286102295,888979174
2026-04-20,1.7400000095367432,1.7699999809265137,1.7200000286102295,1.7599999904632568,816916329
2026-04-21,1.7200000286102295,1.7699999809265137,1.7000000476837158,1.75,572705014
2026-04-22,1.7100000381469727,1.7599999904632568,1.7000000476837158,1.7400000095367432,524749128
2026-04-24,1.7200000286102295,1.7300000190734863,1.690000057220459,1.7100000381469727,398694275
2026-04-27,1.7699999809265137,1.8200000524520874,1.7200000286102295,1.7200000286102295,868283528
2026-04-28,1.7799999713897705,1.840000033378601,1.7699999809265137,1.7699999809265137,888793825
2026-04-29,1.7999999523162842,1.850000023841858,1.7899999618530273,1.7999999523162842,450988147
2026-04-30,1.7899999618530273,1.8200000524520874,1.7699999809265137,1.7999999523162842,405016616
2026-05-04,1.7300000190734863,1.840000033378601,1.7200000286102295,1.809999942779541,616681692
2026-05-05,1.7699999809265137,1.8200000524520874,1.7000000476837158,1.7400000095367432,425520369
2026-05-06,1.7699999809265137,1.7999999523162842,1.7699999809265137,1.7799999713897705,626744748
2026-05-07,1.8300000429153442,1.840000033378601,1.7699999809265137,1.7799999713897705,17054523
2026-05-08,1.850000023841858,1.8700000047683716,1.8300000429153442,1.840000033378601,684839164
2026-05-11,1.909999966621399,1.9600000381469727,1.8700000047683716,1.8700000047683716,144790118
2026-05-12,1.7400000095367432,1.850000023841858,1.7400000095367432,1.850000023841858,1038386898
2026-05-13,1.7200000286102295,1.7699999809265137,1.7100000381469727,1.75,618300575
2026-05-14,1.7200000286102295,1.75,1.7100000381469727,1.7300000190734863,440189623
2026-05-15,1.649999976158142,1.7100000381469727,1.649999976158142,1.7100000381469727,572238098
2026-05-18,1.5700000524520874,1.659999966621399,1.5700000524520874,1.649999976158142,766372557
2026-05-20,1.5700000524520874,1.590000033378601,1.5499999523162842,1.5700000524520874,657993104
2026-05-21,1.4500000476837158,1.590000033378601,1.4199999570846558,1.5800000429153442,629562502
2026-05-22,1.5299999713897705,1.5299999713897705,1.440000057220459,1.440000057220459,580778700
2026-05-25,1.5199999809265137,1.559999942779541,1.5099999904632568,1.5399999618530273,409124396
2026-05-26,1.5199999809265137,1.5399999618530273,1.5199999809265137,1.5299999713897705,155590502
2026-05-27,1.5199999809265137,1.5199999809265137,1.5199999809265137,1.5199999809265137,0
2026-05-28,1.5199999809265137,1.5199999809265137,1.5199999809265137,1.5199999809265137,0
2026-05-29,1.5199999809265137,1.5199999809265137,1.5199999809265137,1.5199999809265137,0
2026-06-01,1.5399999618530273,1.5700000524520874,1.5299999713897705,1.5399999618530273,321130773
2026-06-02,1.5800000429153442,1.5800000429153442,1.5399999618530273,1.5399999618530273,298298803
2026-06-03,1.5499999523162842,1.6100000143051147,1.5399999618530273,1.5800000429153442,552717897
2026-06-04,1.5499999523162842,1.5800000429153442,1.5299999713897705,1.559999942779541,267805024
2026-06-05,1.5299999713897705,1.559999942779541,1.5299999713897705,1.5499999523162842,248113494
2026-06-08,1.5199999809265137,1.5399999618530273,1.5099999904632568,1.5199999809265137,357770106
2026-06-09,1.5,1.5399999618530273,1.4900000095367432,1.5299999713897705,286320369
2026-06-10,1.4600000381469727,1.5,1.4500000476837158,1.4900000095367432,365824098
2026-06-11,1.440000057220459,1.4800000190734863,1.4299999475479126,1.4700000286102295,245786827
2026-06-12,1.4500000476837158,1.4900000095367432,1.440000057220459,1.4700000286102295,353722517
2026-06-15,1.4800000190734863,1.5,1.4700000286102295,1.4800000190734863,394132088
2026-06-16,1.4700000286102295,1.4900000095367432,1.4700000286102295,1.4800000190734863,249890605
2026-06-17,1.4700000286102295,1.5299999713897705,1.4700000286102295,1.4800000190734863,684517016
2026-06-18,1.5,1.5099999904632568,1.4700000286102295,1.4800000190734863,473017755
2026-06-19,1.4800000190734863,1.5,1.4700000286102295,1.4900000095367432,405659034
2026-06-22,1.4800000190734863,1.5,1.4700000286102295,1.4900000095367432,353680320
2026-06-23,1.4700000286102295,1.5099999904632568,1.4600000381469727,1.4800000190734863,386574517
2026-06-24,1.399999976158142,1.4900000095367432,1.399999976158142,1.4800000190734863,350599578
2026-06-25,1.3899999856948853,1.4299999475479126,1.3700000047683716,1.409999966621399,278837660
2026-06-26,1.399999976158142,1.399999976158142,1.3700000047683716,1.3799999952316284,183202133
2026-06-29,1.3799999952316284,1.409999966621399,1.3700000047683716,1.409999966621399,163671820
2026-06-30,1.3700000047683716,1.3899999856948853,1.3600000143051147,1.3799999952316284,255916255
2026-07-01,1.3300000429153442,1.3700000047683716,1.3300000429153442,1.3600000143051147,505762912
2026-07-02,1.309999942779541,1.340000033378601,1.2999999523162842,1.3300000429153442,204467016
2026-07-03,1.3200000524520874,1.340000033378601,1.2999999523162842,1.3200000524520874,417954818
2026-07-06,1.309999942779541,1.350000023841858,1.2999999523162842,1.3300000429153442,253456113
2026-07-07,1.2899999618530273,1.3200000524520874,1.2899999618530273,1.2999999523162842,228415053
2026-07-08,1.25,1.2999999523162842,1.25,1.2899999618530273,279031125
2026-07-09,1.2599999904632568,1.2699999809265137,1.25,1.2699999809265137,257605692
2026-07-10,1.2799999713897705,1.2899999618530273,1.25,1.2599999904632568,296000887
2026-07-13,1.2699999809265137,1.2899999618530273,1.2599999904632568,1.2799999713897705,139778455
2026-07-14,1.2899999618530273,1.2999999523162842,1.2599999904632568,1.2599999904632568,330262671
2026-07-16,1.2999999523162842,1.3300000429153442,1.2899999618530273,1.2999999523162842,151570266
2026-07-17,1.2799999713897705,1.2999999523162842,1.2699999809265137,1.2999999523162842,183778415
2026-07-20,1.2899999618530273,1.2999999523162842,1.2699999809265137,1.2799999713897705,186565059
2026-07-21,1.2699999809265137,1.2999999523162842,1.2699999809265137,1.2899999618530273,162041909
2026-07-22,1.2899999618530273,1.2999999523162842,1.2699999809265137,1.2799999713897705,299120693
2026-07-23,1.309999942779541,1.3200000524520874,1.2899999618530273,1.2999999523162842,397839364
2026-07-24,1.2799999713897705,1.3200000524520874,1.2799999713897705,1.309999942779541,309082541
2026-07-27,1.25,1.2999999523162842,1.25,1.2899999618530273,335322459
2026-07-28,1.2300000190734863,1.2599999904632568,1.2300000190734863,1.25,235660359
2026-07-29,1.2100000381469727,1.2400000095367432,1.2000000476837158,1.2300000190734863,244070133
2026-07-30,1.190000057220459,1.2100000381469727,1.1699999570846558,1.2000000476837158,298314278
2026-08-03,1.1799999475479126,1.2200000286102295,1.1799999475479126,1.2100000381469727,229782989
2026-08-04,1.2000000476837158,1.2100000381469727,1.1799999475479126,1.1799999475479126,216350227
2026-08-05,1.1799999475479126,1.2100000381469727,1.1799999475479126,1.2100000381469727,220971250
2026-08-06,1.190000057220459,1.2000000476837158,1.1799999475479126,1.190000057220459,177702430
2026-08-07,1.2100000381469727,1.2100000381469727,1.1799999475479126,1.190000057220459,167328391
