Price,Close,High,Low,Open,Volume
2021-08-10,14.115324974060059,14.390799691306054,14.115324974060057,14.335704537686325,817772
2021-08-11,13.718640327453613,14.313665658135736,13.66354517536492,14.126342771545751,1247450
2021-08-12,13.86188793182373,13.928002327502046,13.740679432408266,13.80679277723391,815439
2021-08-13,14.29162883758545,14.534045835754588,14.005134875182648,14.34672399202486,2586236
2021-08-16,14.29162883758545,14.545065076813003,14.225514442087624,14.357742182230607,1069046
2021-08-17,14.324685096740723,14.545064657289283,14.181438119670998,14.324685096740723,1199127
2021-08-18,14.48996639251709,14.941745708181541,14.346720497064052,14.58913743617874,3160845
2021-08-19,14.4348726272583,14.699328049073577,14.269587200484429,14.412834150014145,1830788
2021-08-20,14.996842384338379,15.525754358119693,14.776462833118076,14.974804954642643,5549176
2021-08-23,14.864614486694336,15.21722281554004,14.842577057246057,15.08499403544004,2038437
2021-08-24,14.523024559020996,14.941746172577336,14.489966842871391,14.9307269338608,1515833
2021-08-25,14.236531257629395,14.677290316346022,14.14837944588607,14.545062598731034,1247350
2021-08-26,14.192455291748047,14.467929964994276,14.060227574692155,14.32468300880394,896067
2021-08-27,14.930727005004883,15.129068048585378,14.170416343580225,14.269587390796696,3817703
2021-08-31,15.426584243774414,15.591868654616649,14.98582511429335,15.051938458289182,3756659
2021-09-01,16.153837203979492,16.506444504751467,15.239261229462695,15.437603361573256,3971715
2021-09-02,15.72409439086914,16.41828962228365,15.646960770048954,16.153834195949315,1730368
2021-09-03,16.065683364868164,16.363196525739156,15.536772480011978,15.746132775887755,1963184
2021-09-06,16.253005981445312,16.36319627284696,15.735113293221577,16.07670235588468,1528562
2021-09-07,15.72409439086914,16.37421371789459,15.668999247669708,16.275043721158557,1314422
2021-09-08,15.823266983032227,16.330140492073017,15.613906665556792,15.735115159794924,2693848
2021-09-09,16.253005981445312,16.40727217923712,15.702056626142083,15.801227678233063,2463918
2021-09-10,16.969240188598633,17.2557341134217,16.330139002979497,16.352177482205516,3330084
2021-09-13,17.59732437133789,17.67445800297445,16.649690717808802,16.99127981286402,3931797
2021-09-14,18.63311004638672,19.117946146064106,17.663439948737285,17.751591775796324,4724045
2021-09-15,19.150999069213867,19.37137965666187,18.291519401917753,18.6882015169371,4258913
2021-09-16,19.228134155273438,19.746025814582698,18.820430690328422,19.32730521156533,3235849
2021-09-17,19.33832359313965,19.62481754066015,19.018774025866346,19.49259085823852,1786168
2021-09-20,18.644126892089844,19.25017036254327,18.28050038947677,19.228133984888743,2892101
2021-09-21,18.985713958740234,19.062846530907397,18.32457432319961,18.644125952697813,2452425
2021-09-22,19.239151000976562,19.47055082937619,18.754317068367445,19.095905089456835,2011027
2021-09-23,19.39341926574707,19.54768442492624,19.08488684568357,19.239152004862735,2696224
2021-09-24,18.776355743408203,19.382399216342623,18.500881055400722,19.382399216342623,1199756
2021-09-27,19.250171661376953,19.470552266432144,18.65514739045628,18.88654513422954,3253476
2021-09-28,19.316282272338867,19.39341483430347,18.919598123144137,19.16201504670498,1930913
2021-09-29,18.776355743408203,19.547683608806096,18.776355743408203,19.32730511942316,1166803
2021-09-30,18.578014373779297,19.13998301196429,18.500881794329324,19.0518311923493,926039
2021-10-01,18.401708602905273,18.688200407188063,18.280499076836072,18.589031460600893,541467
2021-10-04,17.321849822998047,18.622089721900206,17.16758360919325,18.302540155541358,1424855
2021-10-05,16.980260848999023,17.630381328628623,16.803957203849155,17.244716316723824,726097
2021-10-06,17.38796043395996,17.696491762274864,16.80395444265078,16.859049585420124,1608061
2021-10-07,17.56426429748535,17.71853048924145,16.91414496637973,17.46509430012692,1492932
2021-10-08,17.410001754760742,17.619362070453448,17.200640388215422,17.42102099528473,581828
2021-10-11,17.22267723083496,17.454076005562207,17.04637360263373,17.34388571251018,862459
2021-10-12,16.914146423339844,17.200639302918596,16.914146423339844,17.134525965651402,649776
2021-10-13,16.462366104125977,17.586303281750105,16.10975885664507,16.969239547806026,5554415
2021-10-14,16.3521785736084,16.594596607011805,16.186893120939104,16.44033039469098,907647
2021-10-15,17.101470947265625,17.299812029059154,16.35217938024907,16.363198621141112,2280872
2021-10-18,17.2998104095459,17.465095854895484,16.72682359788397,17.20063935250666,1642063
2021-10-19,17.23369789123535,17.542229266026034,17.13452682948234,17.32184971260412,939779
2021-10-20,16.892108917236328,17.27777392664825,16.837013765769964,17.167583623715526,698297
2021-10-21,17.59732437133789,17.59732437133789,16.60561480723903,16.892108751368873,1787148
2021-10-22,18.170310974121094,18.434766434124974,17.44305793368413,17.76260959475455,1759946
2021-10-25,19.073869705200195,19.18406001747471,17.97197078586584,18.170312927618887,1799439
2021-10-26,19.49258804321289,20.45123870829431,19.17303642038247,19.17303642038247,2537425
2021-10-27,19.239151000976562,20.03251943925522,18.94163993832712,19.679912178555842,1183891
2021-10-28,20.010478973388672,20.3520669605651,19.150997284484752,19.29424528348783,1307996
2021-11-01,19.448514938354492,20.120673932078915,19.393420834677716,20.010483623020026,1035959
2021-11-02,18.985713958740234,19.51462482649075,18.622087474448634,19.470549971697356,1119375
2021-11-03,18.589033126831055,19.00775373360367,18.0821586010483,19.00775373360367,1439118
2021-11-04,18.401708602905273,18.875523264883682,18.401708602905273,18.622087075561645,828312
2021-11-05,18.710241317749023,18.93062192076512,18.192349632877946,18.423747374510175,1041640
2021-11-08,18.710241317749023,19.08488708185327,18.67718569849024,18.963677540023898,1041010
2021-11-09,18.919601440429688,19.17303764609404,18.677184474364445,18.89756296123147,1595688
2021-11-10,20.803848266601562,20.803848266601562,19.39341915804189,19.39341915804189,4912829
2021-11-11,22.875417709350586,22.875417709350586,21.046265999892462,21.046265999892462,2942214
2021-11-12,24.24177360534668,25.11227466635716,22.941532684787077,23.977318145492976,7277407
2021-11-15,23.415348052978516,25.729335810319757,23.41534805297852,25.156347965320013,2996005
2021-11-16,24.186676025390625,25.619143418882768,23.448403851401935,23.448403851401935,3927014
2021-11-17,24.098529815673828,25.508959059534483,23.845091471925432,24.197698782890594,2939744
2021-11-18,24.263809204101562,24.71558749040994,23.80101167889482,24.2527899652032,2096287
2021-11-19,24.197694778442383,25.564051034873728,24.16463916207558,24.4401138408923,2033553
2021-11-22,24.506229400634766,25.002084708213324,24.208716216087627,24.517248640992644,1332269
2021-11-23,24.440114974975586,25.079216175418093,23.415348785952833,24.58336088985705,2358593
2021-11-24,24.82577896118164,25.949714060231106,24.484188844162812,24.506227323010158,3338069
2021-11-25,24.704570770263672,25.18940682269856,24.517247893302816,25.068197284163556,1283047
2021-11-26,24.24177360534668,24.902913305833536,24.02139300461601,24.51724830540744,1221746
2021-11-29,25.18940544128418,25.486916498737248,24.164639294209678,24.418075495697668,2032017
2021-11-30,26.313339233398438,27.547466664728432,24.79271999825559,25.123288757550363,3418056
2021-12-01,26.103984832763672,27.54747176475959,26.05990786912151,26.721047611816804,1719082
2021-12-02,26.126018524169922,26.963461831839364,26.115001386098495,26.148057003722954,1476229
2021-12-03,27.382183074951172,28.208607098732163,26.21417104315143,26.24722665901149,3286477
2021-12-06,26.533721923828125,27.767849453596796,26.434550867788452,27.547468862018615,1370785
2021-12-07,28.043325424194336,28.511631575574846,26.643913437621613,26.676969056675894,3730900
2021-12-08,27.712753295898438,28.484083265859503,27.327088310917905,28.318798872783585,1650862
2021-12-09,29.117679595947266,30.081841199809165,27.71275882208959,27.71275882208959,3247781
2021-12-10,28.484086990356445,30.85316920543251,28.181065213144162,29.751270305238492,1470170
2021-12-13,28.2912540435791,29.475796228003457,28.18106583250229,29.20032149690062,1390339
2021-12-14,27.657657623291016,28.81465041062088,27.54746733361556,28.649366026960184,1262457
2021-12-15,26.743080139160156,27.98822466093943,26.65492833320857,27.87803437807374,1510760
2021-12-16,27.575016021728516,28.015775104957044,26.710025664109697,26.820215960343102,1654376
2021-12-17,25.51997947692871,29.2554162394767,24.825784064183814,28.153517291071466,2689915
2021-12-20,24.969022750854492,26.665947647371226,23.194965286624242,23.76795307778871,954739
2021-12-21,23.778974533081055,26.996518911962777,23.32719622146624,25.453861108763054,867915
2021-12-22,23.21700668334961,25.630165571446078,22.919493511864065,23.789994546572487,793556
2021-12-23,23.514516830444336,24.054446904600155,22.335485637726038,23.690820442344,718572
2021-12-24,25.420801162719727,25.729333537006553,23.34923265452206,23.690820642754176,914143
2021-12-27,25.575071334838867,26.996521862111425,24.98004704790764,25.464883131051607,1061444
2021-12-28,25.211441040039062,26.236207155475057,24.208713402757706,25.949713244579673,690598
2021-12-29,24.737628936767578,25.134311076186712,24.2197351549208,25.134311076186712,910995
2021-12-30,24.186676025390625,25.211439996713846,23.91120136497253,24.825777153492407,646761
2021-12-31,24.1315860748291,24.296870493496037,23.801017237495238,24.07649196917526,386438
2022-01-03,24.2968692779541,24.671515062432313,23.845090908737202,24.241775175056553,1488961
2022-01-04,24.77068328857422,25.134309790435044,23.97731694861562,24.296866491848434,1673031
2022-01-05,24.969022750854492,25.156345601746537,24.164637256549476,24.781699899962447,1417962
2022-01-06,24.142601013183594,24.91393096508989,24.142601013183594,24.792721432209035,1107888
2022-01-07,23.944257736206055,24.351961171265824,23.635727451873727,24.197693927394727,723461
2022-01-10,23.8450870513916,24.46215183289112,23.801012196544473,24.175657920417407,1103006
2022-01-11,24.24177360534668,24.84781710479828,23.45942646599261,24.05445072523716,2237252
2022-01-12,24.054447174072266,24.627434970017532,24.05444717407227,24.517244685919618,1317460
2022-01-13,25.046161651611328,26.004814625448272,24.616421750428582,24.616421750428582,3853766
2022-01-14,27.547470092773438,27.547470092773434,24.836800044463015,25.01310368492035,4047379
2022-01-17,27.87803840637207,29.86145747943853,26.809197342051437,28.070871954677152,5595067
2022-01-18,26.33538246154785,28.48408608966442,26.33538246154785,27.878040452698194,1625111
2022-01-19,27.084672927856445,27.42626097378487,25.76239350237739,25.89462228560738,2104079
2022-01-20,26.710025787353516,28.594273766694148,26.28028594193596,27.0956907750974,1837005
2022-01-21,27.327085494995117,27.822940724832495,26.51168075169966,26.665947990818438,2171907
2022-01-24,26.037866592407227,28.098418183982876,26.03786659240723,27.71275320033229,1461068
2022-01-25,26.743080139160156,26.941422227977437,25.145326291869694,26.181111588079474,1607339
2022-01-26,26.401493072509766,27.327088191744487,26.269266399307703,26.77613881609073,771108
2022-01-27,26.137039184570312,26.445571609967132,25.67424159732768,26.059906603647406,1075111
2022-01-28,26.434551239013672,27.27199455638402,26.203153506141597,26.203153506141597,1741554
2022-01-31,26.25825309753418,26.820221839987152,26.181120503772984,26.54474708986543,554112
2022-02-01,28.07087516784668,28.59427757072221,26.313345060350077,26.313345060350077,2998147
2022-02-02,26.941425323486328,28.566724301105346,26.787158069067463,28.236155516231495,1455634
2022-02-03,26.34640121459961,27.767851733402637,26.15907832689003,26.98550246060195,860730
2022-02-04,25.894624710083008,26.721048902957996,25.61914997912468,26.566783726167063,655944
2022-02-07,26.280290603637695,26.335384710928874,25.12329543517368,25.949719654774203,719520
2022-02-08,26.50066375732422,26.78715768085862,26.059904683311693,26.423531182085156,682330
2022-02-09,27.095691680908203,27.172824260694505,26.57780000112504,26.654932580911346,841539
2022-02-10,26.72104263305664,27.481353300577688,26.44556796673647,27.349124535993845,582153
2022-02-11,26.44556999206543,26.73206391918408,25.817488041026685,26.44556999206543,544336
2022-02-14,25.233482360839844,26.059906469393805,25.07921719978877,26.059906469393805,737193
2022-02-15,26.434551239013672,26.687987451694077,25.189406553714875,25.244500651530576,1019354
2022-02-16,26.743080139160156,27.084668124509452,26.52269957342877,26.710022423788995,585934
2022-02-17,26.798179626464844,28.01577734815859,26.56678187738144,26.941427653549557,1774174
2022-02-18,26.577802658081055,27.6576630864522,26.291308689016294,27.547472775011077,761176
2022-02-21,27.216901779174805,27.988229694546206,26.665952367464424,26.665952367464424,1779531
2022-02-22,26.401493072509766,26.842254254396835,25.91665913516211,26.291304878743073,1063633
2022-02-23,26.50066375732422,27.37116476749087,26.40149270295827,26.98549978959052,1153417
2022-02-24,23.856107711791992,25.013102669754524,23.856107711791992,25.013102669754524,902865
2022-02-25,24.902910232543945,25.3106115613642,23.812030807134335,24.1425995657294,2153757
2022-02-28,25.9056396484375,26.40149282077494,24.66049289437747,24.74864470957335,2369230
2022-03-01,25.4538631439209,27.15078623260618,25.134311477533647,26.721046365662836,2900014
2022-03-02,25.46487808227539,25.75137197907235,24.847813334541247,25.67423730932694,1350313
2022-03-03,25.10125160217285,26.026846621506326,25.10125160217285,25.7403527248836,1234027
2022-03-04,25.49793815612793,25.806470583961712,24.85883692124062,25.178388589536883,1517363
2022-03-07,26.103984832763672,26.390478791321808,25.068199305931227,25.332654782668282,1651834
2022-03-08,25.597110748291016,26.28028898585558,25.453864817128707,26.103985331330275,1285951
2022-03-09,26.170095443725586,26.247228020339545,25.5089557700694,25.71831712209663,1300010
2022-03-10,27.470333099365234,28.401436682294737,26.17009238361195,26.2362057127353,2971320
2022-03-11,28.8697452545166,29.310504290875393,27.54746604373536,27.54746604373536,2517680
2022-03-14,31.349018096923828,31.59694361705916,29.200314843248126,29.42069541859612,1917022
2022-03-15,31.596946716308594,32.78148874700861,31.1561876240848,31.789780264078786,1816564
2022-03-16,32.4509162902832,32.56110447462252,31.018446775118278,31.95506105393671,1563736
2022-03-17,32.147891998291016,33.580361492070224,31.844870292472002,32.561103988509174,1566369
2022-03-18,31.459203720092773,32.67129258235499,31.10108794145707,32.17543948077369,948005
2022-03-21,32.23053741455078,32.78148677206447,31.404113378280247,31.459207473349615,702686
2022-03-22,33.277347564697266,33.277347564697266,31.78978363185883,32.23054277077624,753749
2022-03-23,33.552818298339844,35.42604704306189,33.08451006130677,33.663006493683994,1406916
2022-03-24,33.442626953125,33.966029271425555,32.671296999660484,33.77319573220691,524293
2022-03-25,33.05696105957031,33.69055365389407,32.864129627404814,33.277341640649446,359048
2022-03-28,33.084510803222656,34.048672246040915,32.64375170684677,33.0294167043151,664285
2022-03-29,32.506011962890625,33.497720382095444,32.23053728523901,33.112055413042185,714098
2022-03-30,32.671295166015625,33.63545650288113,32.5060107857511,32.671295166015625,640330
2022-03-31,33.938480377197266,34.737357384647446,32.698844293751996,32.698844293751996,1374295
2022-04-01,34.73735427856445,35.095472177998005,33.47017126024591,33.93847734254683,1012114
2022-04-04,34.5169792175293,35.39849737769253,34.32414567507135,34.73735770671757,1116986
2022-04-05,35.09547424316406,35.26075862889601,34.35169135481279,34.62716603160104,1097703
2022-04-06,38.59400939941406,38.59400939941407,35.59133247246591,35.59133247246591,864317
2022-04-07,39.17250061035156,42.4506519880046,38.09815098609659,41.04572936852326,5221492
2022-04-08,38.053829193115234,39.64065156092172,37.66460964670811,39.64065156092172,1611503
2022-04-11,37.634666442871094,38.622689649940064,37.42508687009696,38.11370938220516,1036523
2022-04-12,37.00593185424805,37.87419447697259,36.85623148082128,37.69455448570975,856051
2022-04-13,36.28736877441406,37.42509250011614,36.257429157263246,37.005931007265566,1127077
2022-04-14,37.12569046020508,37.66461268703561,36.347249020308105,36.40712825251315,1014414
2022-04-15,39.19155502319336,39.96999877428438,37.30533173248281,37.30533173248281,2771439
2022-04-18,43.08375930786133,43.08375930786133,39.281371295793406,39.281371295793406,2137222
2022-04-19,42.33525466918945,45.449024507628955,41.886153645534016,44.910102365544056,2935569
2022-04-20,42.60472106933594,44.31130416749368,42.395141490350284,42.544841842267495,1379979
2022-04-21,41.97597885131836,43.1137024690615,41.91609962269868,42.754422528851116,826009
2022-04-22,40.718502044677734,43.20352918610297,40.568801669513476,41.616704295663276,1015551
2022-04-25,40.77838134765625,41.676583600109005,39.670599483329774,40.71850211119132,695969
2022-04-26,40.62867736816406,42.754424337795584,39.790354426542095,41.616700671915225,1020287
2022-04-27,40.5987434387207,42.814307156484276,39.19155626199999,40.71850191106197,1381055
2022-04-28,40.059818267822266,41.736459601338794,39.58077527625038,41.347242310240745,728402
2022-04-29,39.99993896484375,40.56879851889246,39.4310748423025,40.41909815535411,549608
2022-05-05,40.89814376831055,41.287361083671385,40.02987886302269,41.017902239422675,698076
2022-05-06,41.13765335083008,41.43705404353915,39.96999247666149,40.53885196541192,1024165
2022-05-09,40.74843978881836,41.64664194814433,40.688555990069354,41.407120458625585,729054
2022-05-10,41.07777786254883,41.46699971217386,40.389155292980305,40.808319041996654,272937
2022-05-11,40.74843978881836,42.96400328775877,40.11969644989321,42.57478143835237,1496320
2022-05-12,39.52089309692383,40.53885366747801,38.32329027580492,40.11969450748328,1035829
2022-05-13,39.22149658203125,40.11969879383349,39.22149658203125,40.11969879383349,511487
2022-05-16,38.832275390625,39.96999912588431,38.71251692101571,39.341255739203625,401107
2022-05-17,38.32329177856445,39.490952747545634,38.32329177856445,39.22149392962456,642814
2022-05-18,38.1735954284668,38.83227616137707,37.96401581824438,38.32329580269608,413490
2022-05-20,37.305328369140625,38.622691962702184,37.305328369140625,38.622691962702184,487530
2022-05-23,38.77239227294922,38.9520345278656,37.72448977908572,37.72448977908572,998376
2022-05-24,38.981971740722656,39.580773163985654,38.32329108883182,39.10173476647064,534314
2022-05-25,39.40113830566406,39.969997871190316,38.832274171645174,38.832274171645174,616173
2022-05-26,39.9400520324707,40.32927386084551,39.071791819435674,39.221492171234274,629400
2022-05-27,40.20952224731445,40.80832375637798,39.97000072999045,39.99994263284081,588453
2022-05-30,40.868202209472656,41.197544860535885,40.41910108629164,40.44904298856752,820490
2022-05-31,41.4969482421875,41.4969482421875,40.44904555494532,41.01790518633667,950811
2022-06-01,42.42508316040039,42.81430502890717,41.3771805897628,41.76640245826958,1155984
2022-06-02,43.41310501098633,44.61070790784112,42.63466130063371,42.844245462377295,1390791
2022-06-03,43.05382537841797,43.922085657750344,42.81430388355273,43.56280569969876,563028
2022-06-06,42.96400451660156,43.92208593358685,42.96400451660156,43.17358411274013,561007
2022-06-07,43.44304656982422,43.742447291687945,42.21550178278594,42.99394548702862,821233
2022-06-08,41.946044921875,44.341250808783094,41.28735964818114,43.44304860119256,857842
2022-06-09,41.67658233642578,42.45502609234533,40.80832201277863,41.9460457450869,601430
2022-06-10,40.5987434387207,42.42508526863584,40.29934268937466,41.317303409754054,419027
2022-06-13,40.08975601196289,40.868199739153326,39.940055646618006,40.59874090892957,406506
2022-06-14,42.60472106933594,43.11370135215601,39.94005206411432,40.419095017646264,953450
2022-06-15,45.35920715332031,45.35920715332031,42.81430114141786,43.71250326326578,2075003
2022-06-16,47.81429672241211,49.10172080352002,45.56879119786089,45.56879119786089,2311917
2022-06-17,46.10771179199219,49.73046240304573,45.71848993459505,48.65261796232942,1693297
2022-06-20,45.98794937133789,48.263391951427195,45.119684599790595,47.365189850959595,1368353
2022-06-21,47.12567138671875,48.083757343197384,45.98795230826212,45.98795230826212,1430304
2022-06-22,49.88016891479492,51.13765120498028,46.97597786055413,47.12567824196889,2139282
2022-06-23,50.86818313598633,50.868183135986335,48.65261952059919,49.88016436359291,1034169
2022-06-24,50.928062438964844,52.27536562974707,50.179560666308056,51.10770012330712,954671
2022-06-27,49.16159439086914,49.16159439086914,49.16159439086914,49.16159439086914,3284
2022-06-28,46.97597122192383,48.89213857433639,46.347232449930864,48.2933371332998,682362
2022-06-29,45.38915252685547,47.634658003411786,45.26938949367691,46.9759727421612,565914
2022-06-30,45.119686126708984,45.718487547285065,43.77238293041281,45.38914950706359,348396
2022-07-01,45.53885269165039,46.107712249145415,44.61070860469264,45.11968893010807,357136
2022-07-04,45.74843215942383,47.24543579966353,44.34124965129702,46.107712119382846,417238
2022-07-05,43.68256759643555,46.16759473506772,43.68256759643555,46.107715498767895,380071
2022-07-06,43.71250915527344,44.10173104090252,42.90412805034709,43.68256725311241,335108
2022-07-07,45.74843215942383,46.31729171531789,43.6825643947975,44.07178625495834,728288
2022-07-08,45.20950698852539,45.92806686160836,44.88016438174188,45.748429177583745,134067
2022-07-13,49.73046112060547,49.73046112060547,45.209508448371366,45.209508448371366,1210725
2022-07-14,54.70051574707031,54.70051574707031,48.83226382724063,51.07776943728861,2159533
2022-07-18,53.14362716674805,56.526856176132455,52.874168349355855,55.62865402683531,1470172
2022-07-19,51.43704605102539,53.68255151394711,51.317283018574024,53.413088117300966,847620
2022-07-20,49.82027816772461,51.82626665405291,49.8202781677246,51.61668249447178,948778
2022-07-21,50.239444732666016,51.946028024975305,49.76040172463515,50.14962359759864,1222382
2022-07-22,49.55082321166992,51.13764807111985,49.011900957904864,50.359204308071114,601677
2022-07-25,48.92207717895508,50.50890195271275,48.772376814798555,50.50890195271275,699177
2022-07-26,48.323272705078125,49.700517796721535,48.05381389381811,49.13165827584272,623441
2022-07-27,48.7424430847168,50.86818567171829,47.78436159701944,48.44304233428056,1442000
2022-07-28,50.02986526489258,50.29932410232939,48.80232040880769,49.16160038155435,818672
2022-07-29,50.68855667114258,51.07777862727887,49.610711956994976,50.05981315980753,911129
2022-08-01,50.928062438964844,51.25740047783847,50.508898705181686,50.89812054066167,725337
2022-08-02,51.34722900390625,53.532855408733205,51.047828251696885,51.19752862780157,1793702
2022-08-03,50.77836990356445,52.3951321540641,50.5089064828192,51.49692988856586,670371
2022-08-04,51.34722900390625,51.34722900390625,50.53884788663955,50.92806977821031,747503
2022-08-05,50.65860366821289,51.61668511067344,50.538845201090076,51.347226275400764,596320
2022-08-08,49.55082321166992,51.047826934076866,49.10172209494784,50.8083054247932,1003571
2022-08-09,49.101722717285156,50.359204946346324,48.74244273305237,49.55082383969935,819618
2022-08-10,49.2813606262207,49.55081944839202,48.59273805251435,49.2813606262207,653091
2022-08-11,52.155601501464844,52.305301852828684,49.99991735552392,49.99991735552392,2522861
2022-08-12,52.934043884277344,53.832245970882184,51.91607877836328,52.574763963333815,1408724
2022-08-15,52.874168395996094,53.71248674795235,52.03584547554746,53.502907159963286,753605
2022-08-16,55.65859603881836,56.79631977065364,53.23345277283308,53.41309047670638,2430209
2022-08-17,56.6166877746582,58.08374972907783,53.89213892388664,55.987944326482236,1797493
2022-08-18,56.6166877746582,57.75440705270123,54.96998352976166,56.82626740121912,1319516
2022-08-19,60.718467712402344,62.03582906998709,57.065779795015104,57.065779795015104,2677884
2022-08-22,58.68254470825195,61.377151353018625,58.59272357306119,60.478949138096404,1234830
2022-08-23,59.341217041015625,60.23941912912937,57.784334335316906,58.71247832043125,1263241
2022-08-24,60.538822174072266,62.63462712765483,58.98193940796652,59.55079892511346,1590847
2022-08-25,60.35918426513672,61.43702406757245,59.580740600745166,61.07774413342721,770728
2022-08-26,59.520870208740234,60.77835244916225,59.01188984577095,60.59871017117643,549757
2022-08-29,59.70050811767578,60.11967191154537,57.84422436909025,59.31129079489441,693743
2022-08-31,59.82026290893555,61.01786575168303,59.401099172878546,60.17954284806133,735783
2022-09-01,59.191524505615234,60.35919011537712,58.68254416886949,59.94002634450388,524166
2022-09-02,59.46099090576172,60.29930935277718,58.981947877330406,59.281348627976755,511479
2022-09-05,59.40110397338867,60.05978924492538,59.13164513939105,59.6406254749936,466852
2022-09-06,58.6226692199707,61.07775451726001,58.293326559392206,59.520871492283355,877081
2022-09-07,59.82026290893555,59.999900594252296,58.47295971084462,59.16158225912288,725432
2022-09-08,62.27535629272461,63.23343778352948,59.88015028146597,61.07775328709529,1476110
2022-09-09,61.4370231628418,62.27534604249691,60.47894182973258,62.215466815769865,790934
2022-09-12,62.09571075439453,62.87415449458165,61.31727158270007,61.67655155182772,696674
2022-09-13,60.119659423828125,62.63462339067979,59.311278475089516,62.63462339067979,444070
2022-09-14,59.70050811767578,59.790329256968754,56.975964015741624,59.31129079489441,479310
2022-09-15,59.640621185302734,61.077745523073524,58.17355951729251,59.99990112762235,567640
2022-09-16,62.69450759887695,62.69450759887695,59.16158283327908,59.820263489484155,773194
2022-09-19,61.67654800415039,64.37115447035114,61.01786733722203,63.413073084956025,726416
2022-09-20,62.87415313720703,62.87415313720703,59.790324712493124,62.27535167875744,355863
2022-09-21,62.15559005737305,63.35319291344195,61.37714637353132,62.874149943617454,259311
2022-09-22,63.17355728149414,63.47295802690407,61.55679508367768,62.27535504526437,519528
2022-09-23,63.89211654663086,65.44900406058602,63.173556592876764,64.07175881931578,650632
2022-09-26,61.4370231628418,64.19150870871533,61.43702316284179,63.951991801807154,278000
2022-09-27,60.119659423828125,62.2154642523685,60.119659423828125,61.55678364852563,249745
2022-09-28,58.6525993347168,60.41906632724907,58.6525993347168,60.11966560666656,234357
2022-09-29,56.197513580322266,59.34122110396221,54.221471592272586,59.13164151608469,520096
2022-09-30,58.203495025634766,58.203495025634766,55.1496087587729,56.28733234758204,443645
2022-10-03,60.17954635620117,60.95799007676298,57.78434053107873,58.233441623289195,342309
2022-10-04,63.53282928466797,63.59270851253254,60.41906375078772,60.59870143438144,590094
2022-10-05,63.77235412597656,65.80827996012877,61.73642829182436,64.96995702036111,646837
2022-10-06,64.37115478515625,65.38911540552454,62.57475046557049,64.01187483493759,622570
2022-10-07,63.712467193603516,65.02982839079124,62.45498522019851,64.37114779219738,487580
2022-10-10,63.652591705322266,64.85019452522678,62.6346265673081,63.712470932619055,475622
2022-10-11,63.17355728149414,63.71247953693057,62.15559657449752,62.27535504526437,420062
2022-10-12,60.47894287109375,63.59270839943634,60.29930061932727,63.173549236637534,546860
2022-10-13,61.67654800415039,61.67654800415039,59.850201794106255,60.65858738876041,333361
2022-10-14,61.67654800415039,63.59271077494063,61.55678954416066,61.97594872261714,406469
2022-10-17,64.25140380859375,64.4310415203811,61.49691320959151,61.67655548987182,782310
2022-10-18,63.712467193603516,64.85019071944306,62.87414435516953,64.67054847960294,552409
2022-10-19,64.85020446777344,66.46696669512251,63.293316908408684,63.71248070073493,1186575
2022-10-20,64.6705551147461,68.6226436802821,63.71247373044834,65.50887803919129,1863137
2022-10-21,65.08971405029297,66.76635989293861,64.67055487387775,64.85019713147993,858707
2022-10-24,70.47892761230469,71.01784982163385,65.7483998943404,65.7483998943404,1585569
2022-10-25,68.68252563476562,71.25737374016876,68.0837241747642,70.89809377786642,1123500
2022-10-26,68.50288391113281,69.10168533593556,67.84420325754824,68.92204308109781,508938
2022-10-27,69.16156768798828,70.05976986575436,67.66456405837815,68.50288700465833,569150
2022-10-28,71.25737762451172,71.79629988158894,68.02384865054118,69.16157240026136,433609
2022-10-31,73.4130630493164,75.14958831450556,70.29929707404082,71.25737856116463,878182
2022-11-01,76.04779052734375,77.00587658248254,72.81426151248252,73.71246376280548,776255
2022-11-02,73.17353820800781,76.5867093468269,72.93402127348803,75.98790787354207,584845
2022-11-03,72.75437927246094,74.25138296119471,72.514857768565,73.23342228025282,464656
2022-11-04,74.19151306152344,74.25139230290777,71.85618609958817,72.75438842583301,540474
2022-11-07,73.3531723022461,74.85017581861847,73.3531723022461,74.550775115344,522536
2022-11-08,72.69448852539062,74.25137120139898,71.73640723003871,73.53281137200804,547901
2022-11-09,74.0118637084961,74.85018671338457,71.31725698681426,72.87413995675408,1383646
2022-11-10,82.8741226196289,82.87412261962892,78.02383602940102,78.38311144146292,2795084
2022-11-11,87.12561798095703,89.52082397356067,82.39508980035916,84.43101123927795,2447816
2022-11-14,95.807373046875,95.807373046875,87.67453039840007,89.64612719177049,1964189
2022-11-15,90.13902282714844,101.04442539500499,88.78355070821004,96.17704524930798,3529682
2022-11-16,86.688720703125,91.80255625390755,86.2574354063561,90.57030717667391,2349948
2022-11-17,85.94937133789062,88.47548565386684,82.43746342155147,86.750335101589,1702700
2022-11-18,87.24323272705078,88.96837380138304,84.28583325470242,85.0867969828217,2049655
2022-11-21,91.24805450439453,92.54191048792775,87.61291382384302,88.4138776620198,1728818
2022-11-22,94.14383697509766,94.94480080315701,91.80256170896837,91.80256170896837,1255653
2022-11-23,93.65093994140625,100.98281897892441,91.30966456260802,94.75996611044914,12486004
2022-11-24,93.52770233154297,95.99220036714982,91.98739105928868,93.77414837457809,2172553
2022-11-25,92.97319030761719,94.82156394714289,92.41868197628527,93.89737712738004,1180753
2022-11-28,94.3902816772461,96.66994069230157,93.15803254464154,95.49930777685316,1854302
2022-11-29,95.12962341308594,95.74574794141243,92.41867924897501,94.75995433687856,1377868
2022-11-30,96.36186981201172,96.7315482793373,94.26705023400388,95.3144600230078,2431206
2022-12-01,96.0538101196289,98.57992444403294,95.19123954126931,96.91639009930273,2408088
2022-12-02,96.485107421875,96.91639272272924,94.14383227269047,96.60833045050272,1867779
2022-12-05,96.4234848022461,99.0728220476824,95.12961958431023,97.96379606106792,3663572
2022-12-06,97.3476791381836,98.82637430127575,96.05381381949204,96.42349231092236,2893358
2022-12-07,92.35707092285156,98.14864762450615,92.29546410554626,97.90219215133988,2525992
2022-12-08,90.69353485107422,92.84997084672423,89.64612496202147,92.17223946030886,1654170
2022-12-09,91.80255126953125,93.09641649090253,90.57030225920197,91.00158753255444,1665932
2022-12-12,94.8831787109375,95.93058854371745,92.11061829405945,92.1722345082936,2361889
2022-12-13,102.09184265136719,103.32409183098856,94.8215706113381,95.31447216344968,18098414
2022-12-14,95.00641632080078,102.03024276244712,93.6509440114249,102.03024276244712,3160421
2022-12-15,95.807373046875,97.96380909616157,93.89738307126656,96.11543533963022,2816972
2022-12-16,95.19125366210938,98.70316211112795,95.19125366210938,96.73156521003995,604378
2022-12-19,102.03022766113281,102.03022766113281,98.6415426885885,99.31927404230872,2245121
2022-12-20,103.50892639160156,104.67955929859973,100.4283035823277,102.030231203676,1961384
2022-12-21,106.5279312133789,106.8976097048726,103.5705408866877,104.74117377422675,2005523
2022-12-22,105.35729217529297,106.89760346440545,103.3240793934017,106.52792499449285,1422749
2022-12-23,104.92601013183594,105.97341996048485,103.81698408919591,104.86439391784481,897462
2022-12-26,105.72697448730469,107.45211567275076,104.80278768025242,105.41891221828728,1228702
2022-12-27,114.72239685058594,116.26270832656404,104.9876264421413,106.4047148803042,4386693
2022-12-28,113.61337280273438,116.26271047053551,110.96404453624857,113.98305132431233,2391152
2022-12-29,118.2959213256836,119.83623280127844,111.51855083306631,113.67498689889908,2557360
2022-12-30,120.76041412353516,122.79362705791884,115.03045381802283,118.85042422125946,1926037
2023-01-02,118.60396575927734,121.8078112657587,118.04945747209712,120.7604015003551,1868777
2023-01-03,114.53755187988281,119.83622685346687,114.04465975320822,119.22010229380894,1795253
2023-01-04,113.73660278320312,116.57077024915465,112.19629131214846,114.53755722709946,1531087
2023-01-05,111.5185546875,115.21530235669888,105.23408553012497,113.9830531336326,1316451
2023-01-06,107.5753402709961,109.67015978730682,102.83117415240434,107.5137240611519,2975424
2023-01-09,103.13925170898438,109.54695303007753,102.76958259898664,108.06824838614138,1529403
2023-01-10,97.90218353271484,103.20085822289357,97.90218353271486,103.13924200969751,1346018
2023-01-11,92.78836059570312,100.79797971162148,92.29545907753754,97.96380303315533,1586745
2023-01-12,92.91157531738281,96.23864381521575,86.25742892040326,94.82155560268926,4443844
2023-01-13,95.00641632080078,97.65575411717661,92.97320315607905,93.28126547190611,1781838
2023-01-16,96.97801208496094,97.34769061999351,94.51351358825225,95.06803139080111,2660390
2023-01-17,97.28606414794922,98.76476873098211,95.80736896623101,97.47090339599266,3182021
2023-01-18,101.47570037841797,102.03021805340651,96.36186529386231,97.96379270874455,4271633
2023-01-19,101.47570037841797,104.8643850318651,100.24345141352809,102.21504787708918,2813449
2023-01-20,101.72217559814453,104.1250577865385,100.36669395206039,102.03023789928812,2230040
2023-01-23,100.79798126220703,104.98762072777777,99.19605365385495,102.27667643813615,3420169
2023-01-24,99.50411987304688,101.16765436217847,96.60833622140078,100.79798525421313,1905129
2023-01-25,98.82637786865234,101.84539392080646,95.37608589645252,100.36668930302234,2076029
2023-01-26,99.07282257080078,101.59892740781845,96.91638679706395,98.94959954970716,1894770
2023-01-27,96.4234848022461,98.45669754415367,93.21963926415947,98.45669754415367,2193987
2023-01-30,97.3476791381836,98.08702671972968,95.1296269922308,96.42349231092236,1154637
2023-01-31,97.96379089355469,97.96379089355469,93.77414261029723,97.16282720095478,1352107
2023-02-01,92.91157531738281,99.75055154099802,92.91157531738281,97.65573202774226,1413130
2023-02-02,93.40448760986328,96.23865496186434,86.07259966163963,93.34287139297238,2124561
2023-02-03,100.0586166381836,100.24345587139966,93.65092549632877,94.20543379466304,1434255
2023-02-06,100.42829895019531,100.8595842433382,94.88317814926428,95.93058797584396,557850
2023-02-07,90.38545989990234,99.19604189915864,90.38545989990234,97.40928465653151,1141141
2023-02-08,85.02519226074219,85.02519226074219,85.02519226074219,85.02519226074219,80
2023-02-15,99.3808822631836,99.3808822631836,90.87836240843662,90.87836240843662,931439
2023-02-16,97.840576171875,107.20566704496548,96.5467109125308,103.38569688109735,1808844
2023-02-17,99.13443756103516,99.7505621186583,93.7741557899769,96.73155554683083,845814
2023-02-20,99.44249725341797,100.55152330855755,97.47090060056674,100.36668406581522,992788
2023-02-21,97.71736145019531,100.24346656935366,97.71736145019531,99.44250274081469,1205261
2023-02-22,99.93539428710938,100.73635803554471,96.42348643769263,97.71735167757386,1153708
2023-02-23,102.76957702636719,103.63214763757125,100.12023957579103,100.24346260577525,1496690
2023-02-24,104.12504577636719,104.55633106795912,101.16764614624303,102.58473444831442,1137746
2023-02-27,105.66536712646484,107.5137408954409,104.37150172765554,105.97342942129418,2510101
2023-02-28,104.00182342529297,107.2672853422185,101.66054831119648,105.91180384368442,2312659
2023-03-01,99.13443756103516,101.78377503907754,98.57992921970022,101.2908735127161,3996151
2023-03-02,96.485107421875,100.24346150224999,96.485107421875,99.68895317276801,2357360
2023-03-03,93.7741470336914,97.4092872250206,92.35705880321778,96.23864503405814,2068959
2023-03-06,96.485107421875,97.96380256803656,94.32867151628928,94.32867151628928,2388171
2023-03-07,97.3476791381836,98.76476748691374,95.5609216993377,96.79317080235268,1784507
2023-03-08,87.6129150390625,90.87837725457466,87.6129150390625,87.6129150390625,11954569
2023-03-09,83.48487091064453,86.01098515628922,82.25262189351324,83.85454937630948,5995690
2023-03-10,81.32843780517578,85.14840800364088,80.28102798643258,84.10099818489768,4545982
2023-03-13,78.18620300292969,81.94456165762152,77.6316899914309,81.39005334677981,4304428
2023-03-14,79.78812408447266,82.37584514749007,78.55587506386304,79.04877655236967,5454945
2023-03-15,76.70751190185547,81.20522331531967,75.84493653069907,80.65070554030027,3709975
2023-03-16,80.21941375732422,81.02037754487485,77.13879103698677,77.57008103822835,3337270
2023-03-17,81.82133483886719,82.25262010522358,79.29522064814383,81.20521034369698,3588711
2023-03-20,78.06298065185547,82.06779033187732,77.87814610240274,81.51328198286176,2651274
2023-03-21,77.32362365722656,79.6032823947466,76.83072218392972,78.24781039416553,2609505
2023-03-22,77.6316909790039,78.37103853663632,76.15299116308192,78.2478155105833,1726430
2023-03-23,78.0013656616211,79.35684246719595,77.20040658168145,77.63169187852148,1518192
2023-03-24,78.61750030517578,79.84975424165343,77.57009033499202,78.67911182683521,2430872
2023-03-27,81.26683044433594,83.60810578918182,79.29523361758187,79.60329591555329,3864204
2023-03-28,78.0013656616211,83.3616519688657,78.0013656616211,82.19100970451207,3658292
2023-03-29,78.67910766601562,79.48007150720395,76.15299780630576,78.37104537335205,2811618
2023-03-30,77.87813568115234,79.7265044316274,77.50846193105734,78.30942093948707,2379343
2023-03-31,75.3520278930664,77.6316866526023,75.10557715403787,77.6316866526023,1843127
2023-04-03,75.66009521484375,77.63169185795758,74.42784613773331,75.35203294556614,1838610
2023-04-04,82.62229919433594,82.86874523376214,77.93974923472796,78.55587373460723,4345960
2023-04-05,82.06779479980469,84.84035549845562,80.09619796102707,82.80714243918187,3451802
2023-04-06,81.6650161743164,84.11165836559672,81.40051308864311,83.31815415355358,2074771
2023-04-07,83.05365753173828,83.9794158811559,81.79727156074131,82.59078087951804,1464924
2023-04-10,85.23580169677734,85.69868846550563,83.38428993670618,83.64879305813847,2018755
2023-04-11,85.23580169677734,86.62444182305249,83.97942069868446,85.36806082495961,2344303
2023-04-12,84.64067077636719,85.96318125724792,84.04554005097543,85.36805557683329,1706422
2023-04-13,84.24391174316406,85.8970446639285,84.04553316928444,85.03742099370582,1381121
2023-04-14,82.06178283691406,84.90517763859316,81.99565831501039,84.24392737457877,1383367
2023-04-17,81.79727172851562,83.78103746206065,81.79727172851562,82.26015342666241,1806969
2023-04-18,81.99565124511719,83.7149138912613,81.66502361912882,81.92952672891495,1634780
2023-04-19,83.64878845214844,84.0455405899616,81.92952582497323,81.99565034044589,1816451
2023-04-20,83.05365753173828,83.9794158811559,82.5246563641976,83.64878825957655,704524
2023-04-24,86.42606353759766,87.94695270767626,83.11978712001583,83.31816572306172,4172967
2023-04-25,83.11978912353516,87.0873209202667,82.6569124319075,86.62444422863905,2288173
2023-04-26,80.93765258789062,83.31817074298023,80.01189412619529,82.65691541962323,1645320
2023-04-27,80.80538940429688,81.86340183860644,79.28450535868693,80.93764348107416,1739835
2023-04-28,80.93765258789062,83.38429526632036,79.3506388028383,81.20215572622897,1824334
2023-05-02,77.03623962402344,82.65690946783631,76.97011510544465,81.13602031563717,1832205
2023-05-03,74.72184753417969,78.29262709790589,71.54782013420585,78.02812397374517,2142286
2023-05-04,75.97822570800781,77.56523924335333,73.59770792747801,74.72183978231857,1680802
2023-05-05,76.90398406982422,77.69748831548091,74.78796433977814,75.44921955948436,1868345
2023-05-08,78.16036224365234,78.55711939771318,76.37497523028573,76.90398140571565,1708550
2023-05-09,78.55712890625,79.15225461942156,77.10236427022173,78.49099934258436,3704809
2023-05-10,81.53277587890625,86.35994131283132,80.54089298522115,86.35994131283132,6487564
2023-05-11,85.36804962158203,87.35181520451621,81.33438890030114,81.33438890030114,6613514
2023-05-12,82.98753356933594,86.22768024641991,82.85528453781392,85.89705262263769,3566096
2023-05-15,83.97941589355469,85.96318162332369,79.81350584304892,80.21026302498443,2992524
2023-05-16,85.96318054199219,85.96318054199219,83.31815960223858,83.97941483717699,2704225
2023-05-17,87.88082122802734,89.004963257469,85.63255734905337,86.55831068981803,3951976
2023-05-18,85.56643676757812,90.06297508745654,84.64068332964246,88.40983674117444,3293825
2023-05-22,84.24391174316406,86.49218038556735,83.31815347335368,86.29380181168773,2118770
2023-05-23,82.98753356933594,85.36805649654961,82.65690594555372,84.37616858022581,2002555
2023-05-24,82.06178283691406,84.31005189648245,81.40052752792204,84.1778028526751,1669946
2023-05-25,81.92952728271484,82.72303157245973,80.80539031976947,82.39240394423648,1149687
2023-05-26,84.5084228515625,84.83905047610699,81.66502326248902,81.9956508870335,2439511
2023-05-29,88.8727035522461,89.00496267716845,85.10355056091484,85.63255679074045,3328209
2023-05-30,93.23699951171875,93.63375673711246,88.93883995976007,89.930722933289,3924271
2023-05-31,94.49337768554688,94.75788585770475,92.1128646758565,93.96438152114129,4533392
2023-06-01,93.89824676513672,95.74976350807398,93.83211720326398,94.55950202404613,2196197
2023-06-02,95.35301208496094,96.67552268278274,94.42725870246773,96.27877555740928,2252336
2023-06-05,98.13027954101562,98.26253866901318,95.55138798434061,98.1964091050144,3635440
2023-06-06,97.73353576660156,99.25442498095121,96.2126465522519,98.19641246054576,2731084
2023-06-07,101.30430603027344,102.03169086816845,98.92379309616696,99.5189188072049,3538278
2023-06-08,100.11405181884766,101.0398153245829,98.1302858507863,100.84143670978567,2100231
2023-06-09,101.50267791748047,101.70105650469112,99.18828460991577,100.51079507138131,2070815
2023-06-12,100.11405181884766,103.68483661533138,99.849553725755,102.49457501650348,2908598
2023-06-13,98.13027954101562,100.64305162364668,97.20452618476173,100.11404538152097,1784765
2023-06-14,95.02238464355469,98.52703975344684,95.02238464355467,98.13028253724956,1591643
2023-06-15,97.66741180419922,97.66741180419922,95.22076906158033,95.35301811173025,1271834
2023-06-16,97.60128021240234,99.84954405582317,96.54326776258401,99.51891642649926,1411721
2023-06-19,95.88201141357422,97.6673985736292,94.55950091131801,97.60127910248903,1834641
2023-06-20,95.74976348876953,96.80776584883857,94.0966253418293,95.68363392691012,1044517
2023-06-21,94.6256332397461,97.07227572248142,94.55950367671757,96.01426325375306,1163248
2023-06-22,98.65928649902344,98.8576651025044,94.62563531470022,95.15463147070956,3645072
2023-06-23,104.94120788574219,104.94120788574219,99.45278720233864,100.37855062156169,2955442
2023-06-26,107.52010345458984,110.0989947921173,105.20571017067145,105.60245725108507,2829302
2023-06-27,112.7440185546875,112.7440185546875,106.92497041774504,107.52010618842854,2117274
2023-07-03,123.9853744506836,123.9853744506836,115.4551847244588,115.71968282063801,4556149
2023-07-04,120.74520874023438,125.96912100854409,119.95169439420158,125.17561675246533,3269895
2023-07-05,120.01781463623047,121.80320159629944,116.64540919724764,120.7451993669768,2998111
2023-07-06,121.73710632324219,124.9111237318801,119.48883222050921,120.28233657266868,2891320
2023-07-07,124.97723388671875,126.63037190109334,120.67907504934482,121.73708741452604,2898402
2023-07-10,135.35894775390625,137.34271350532634,126.63038046564876,126.96100809088543,4222527
2023-07-11,136.2185821533203,138.79747360470722,130.92854012794865,136.020203559378,3869315
2023-07-12,134.168701171875,137.40885831268173,133.30907732284277,136.21859671177222,2255600
2023-07-13,131.92041015625,137.4088302408917,131.72203158163336,134.16867376202927,2455361
2023-07-14,142.4343719482422,142.4343719482422,132.44942406831592,133.3090578819404,3891225
2023-07-17,144.1536407470703,144.81489597985504,139.85548173396958,142.76500072224073,3114992
2023-07-18,139.65711975097656,147.79056209926262,138.7974858281576,144.81491319793517,2804520
2023-07-19,153.60958862304688,153.60958862304688,137.73946344645907,139.6570995359819,4793944
2023-07-20,158.1061248779297,163.3300370052748,154.86596829227383,158.1061248779297,4827906
2023-07-21,158.30450439453125,163.85905460396054,155.46111486310633,158.5690125511447,4183683
2023-07-24,158.50289916992188,163.26393548548512,155.39500116462057,158.37065012309202,4389658
2023-07-25,154.79986572265625,159.36252313749895,151.75808738612452,158.83351689332542,3223691
2023-07-26,153.41122436523438,157.04812839113433,150.17107754177815,154.79986448383264,4035870
2023-07-27,156.5852508544922,159.95764669691357,155.19661074352442,156.51912129113,3723650
2023-07-28,157.18038940429688,158.96577677141377,153.87411276520794,157.37876802063332,3718468
2023-07-31,163.66065979003906,168.88457176351753,157.1803568995539,158.37061826147215,5433894
2023-08-01,162.4704132080078,166.6363233087166,158.83350932626996,162.99941942697873,4240546
2023-08-02,166.83470153808594,171.46347819660826,162.47041285354047,163.39617625720842,4272822
2023-08-03,163.3300323486328,170.93446705312383,159.8253778146593,167.82656967014861,4436951
2023-08-04,167.76046752929688,167.95884613721375,160.7511674058902,165.18157589624298,2812239
2023-08-07,184.49021911621094,184.49021911621094,169.61197563909715,170.93448617039616,4984346
2023-08-08,178.2082977294922,188.12712691666243,176.29066145595453,187.1352439979454,4100438
2023-08-09,178.00990295410156,180.45653501801462,174.9019955286989,178.5388990274053,3216082
2023-08-10,170.33934020996094,182.37417250561322,170.074842171138,179.00178719578363,3969007
2023-08-11,181.18394470214844,181.64683146495713,168.42171592229084,170.33936226690685,4446539
2023-08-14,179.79530334472656,187.13524085597822,179.5308052734915,182.70482248813093,3567745
2023-08-15,181.84519958496094,182.50645485617898,174.63752116466617,179.8614337713068,2772935
2023-08-16,187.994873046875,192.3591620472761,179.79531139213032,183.2338470118185,4995524
2023-08-17,188.3254852294922,191.30113382449412,185.4820957551204,188.06098716814037,2145539
2023-08-18,175.36489868164062,186.47397870259792,174.2407566955126,185.15146821534546,8831002
2023-08-21,185.68048095703125,188.7222593859385,174.5052703755275,175.36491437712647,4786854
2023-08-22,204.1956329345703,204.1956329345703,203.269879530756,204.1956329345703,3605699
2023-08-23,216.8917236328125,223.17364855510434,215.56921312285633,216.8917236328125,10676044
2023-08-24,195.2212371826172,220.56574867650085,195.2212371826172,219.19577508223685,9200083
2023-08-25,191.59080505371094,204.40004491788392,185.69991473934158,193.16626623939877,27896100
2023-08-28,190.4263153076172,196.18019979076104,189.67282570650792,193.85124903617145,7330687
2023-08-29,185.69993591308594,191.93332031805085,184.60395279175046,191.1113277510144,5588718
2023-08-31,195.49522399902344,197.8241748841086,186.04241474020918,186.04241474020918,7368340
2023-09-01,193.91976928710938,196.454207931109,191.2483249200229,195.56373344345963,3743383
2023-09-04,188.5768585205078,194.7417397480395,188.3713708412454,193.98827098798512,4472688
2023-09-05,184.80943298339844,190.42633318726823,183.57646508700677,189.05635956721594,3413870
2023-09-06,185.4944305419922,190.90584337807655,183.16547943377876,185.63143627359167,5037181
2023-09-07,185.15191650390625,187.00138915389644,184.53543258862197,186.31640238043894,2669346
2023-09-08,187.4123992919922,190.63182482342137,183.5764688954388,185.35743881928204,4997004
2023-09-11,188.37136840820312,196.72821565924045,187.6863816139915,189.8098448568752,6876390
2023-09-12,195.563720703125,198.30366775325632,188.850858791958,189.33033698324877,7515981
2023-09-13,187.4809112548828,200.56414350950521,186.38492810208126,196.18023180243895,5776919
2023-09-14,185.69993591308594,189.46736352108084,179.60355723734023,189.05636723756263,4400414
2023-09-15,184.67245483398438,187.89188041490524,182.7544791541535,185.97392563921363,3209895
2023-09-18,174.671630859375,184.12444016775663,174.671630859375,183.98745535270254,2742479
2023-09-19,178.7815704345703,181.38451214054408,174.12365769681884,174.87714742353967,3005448
2023-09-20,172.6851806640625,181.93250268914645,172.41117966615172,179.80903937663277,2414475
2023-09-21,182.8914794921875,184.87793707363446,169.05474792813624,172.68518013581075,4296107
2023-09-22,186.65890502929688,190.76882587397864,180.56252662384662,182.95998044991097,4537881
2023-09-25,188.5768585205078,191.38530859387768,186.45341615433532,189.74134444736356,3419547
2023-09-26,186.65890502929688,193.85126650748998,185.56292195655408,192.82378629631953,4037318
2023-09-27,183.09695434570312,187.75487690094275,182.3434856257727,186.8643815619039,2627436
2023-09-28,182.7544708251953,187.20688504826325,182.2064897440115,183.5764633511093,2826883
2023-09-29,183.23397827148438,185.76843792138115,182.34350374808238,183.23397827148438,2408198
2023-10-02,186.72740173339844,187.89186672517616,183.30246780910332,183.30246780910332,2857939
2023-10-03,193.57728576660156,197.68720681937808,188.7138750066548,188.7138750066548,6442492
2023-10-04,187.6864013671875,196.11173146106577,187.3439079340357,194.87876346337535,3445422
2023-10-05,188.8508758544922,191.7963108378464,182.68599443470427,189.74135036458375,3120300
2023-10-06,188.5083770751953,190.35782890599197,185.63142413288276,186.24790807648165,2454942
2023-10-09,179.39804077148438,184.2614512874072,179.26105595241546,182.34349658733493,2605534
2023-10-10,189.60433959960938,197.27620019091125,181.17901024477788,181.17901024477788,3627792
2023-10-11,186.31642150878906,190.42634257148296,183.98747042075712,189.6728528624945,2808798
2023-10-12,182.2064971923828,190.15234861919427,177.54859509949637,189.33035605967822,3497732
2023-10-13,178.09657287597656,183.1654711539266,175.83612473574468,182.2064937884991,2695877
2023-10-16,172.5481719970703,181.5900061846417,172.41117672648542,180.1515297133274,3012710
2023-10-17,177.75405883789062,178.5760512866568,171.93167155418323,174.26062228683892,2449683
2023-10-18,184.74095153808594,189.39885349752703,178.7130550506544,181.3844994363379,7215481
2023-10-19,187.82337951660156,196.93369513875703,183.71345892240143,185.97390688755664,7345539
2023-10-20,176.8636016845703,186.45341696931396,176.0416091556512,186.0424207048544,4398644
2023-10-23,180.15151977539062,184.05595271012433,174.60312278018804,182.89146684421786,3488861
2023-10-24,182.82296752929688,185.56291465121706,179.67202415826117,180.69950432898122,3031120
2023-10-25,171.2467041015625,184.80943470475077,167.47927661132815,183.23397338867187,3122275
2023-10-26,176.0416259765625,178.1650894590534,168.64376567390383,171.9317047475377,3221841
2023-10-27,173.30166625976562,176.1786192786979,170.35622082975888,176.04161355241013,1892682
2023-10-30,171.38369750976562,174.8086315545334,170.83570597218892,173.3016626652494,1854638
2023-10-31,170.21922302246094,174.19214862808715,169.123239940885,172.00019291700454,1837118
2023-11-01,172.61666870117188,174.94561957424906,167.34227258127206,171.2466951400515,2365635
2023-11-02,173.57565307617188,176.11011262903048,171.38369737959914,172.61667572519292,1640531
2023-11-03,183.09695434570312,186.72739675106982,174.05514156930354,175.4251151024675,3834248
2023-11-06,189.39883422851562,191.79628782634495,185.9739005173309,189.7413275996341,1838870
2023-11-07,190.4263153076172,192.9950156040329,188.2001083840569,191.45379542618346,1961489
2023-11-08,190.08383178710938,195.04998595091675,186.83014457633905,195.04998595091675,2079898
2023-11-09,195.39248657226562,195.39248657226562,183.9189575623254,187.68638499842518,3130924
2023-11-10,194.02252197265625,204.2973245484368,191.79631474790378,194.53626210144526,6296978
2023-11-13,181.17901611328125,195.04999938849465,181.17901611328125,194.02251914588626,2950538
2023-11-14,179.46653747558594,183.23396478900472,176.72659033855408,182.72022470081126,2266966
2023-11-15,179.98028564453125,185.11768675712491,178.78155871825942,181.86399938581562,1640517
2023-11-16,179.63778686523438,184.09020102967295,179.4665401666021,179.98028026249887,1719384
2023-11-17,181.17901611328125,182.72023647719385,179.80904245647005,179.80904245647005,1496896
2023-11-20,190.4263153076172,193.1662622904606,181.6927342998038,183.2339544776532,3363024
2023-11-21,189.0563507080078,192.48128459764564,188.37136393008026,190.76881765282673,1992509
2023-11-22,185.6314239501953,190.59757828096622,185.6314239501953,189.05635797141665,1374353
2023-11-23,181.86399841308594,186.65890609252702,181.69275171024876,186.14516598401548,1720141
2023-11-24,179.54139709472656,182.5162545514618,178.49144740411413,181.99127970615558,1434299
2023-11-27,176.39154052734375,181.4662971496582,175.6915740966797,179.71638107299805,1818053
2023-11-28,176.39154052734375,180.4163475036621,175.51658248901367,177.26649856567383,1534467
2023-11-29,171.70176696777344,177.61648114973514,171.21179260417804,176.56653150747067,1718544
2023-11-30,171.6317596435547,174.08164205068718,168.9718851796829,171.84175170029397,1645598
2023-12-01,170.0918426513672,175.16659927368164,169.0418930053711,173.5916748046875,1334304
2023-12-04,171.28176879882812,173.45166882056628,168.76189627232876,171.4917608461962,1901929
2023-12-05,168.76190185546875,173.10169136187886,168.69190094381716,171.42176560799655,1352832
2023-12-06,161.34225463867188,170.0918346082311,161.34225463867188,169.1118859238963,2216359
2023-12-07,166.6619873046875,167.99191905831037,158.68236474103463,161.55223096386953,2045978
2023-12-08,163.3021697998047,168.5519180101672,163.3021697998047,166.80200194004638,1231095
2023-12-11,160.43228149414062,164.00211406706958,159.59232403010986,163.44213886416955,1280093
2023-12-12,165.54205322265625,165.61205413475255,159.10236449346309,160.99227163302723,1481813
2023-12-13,162.39219665527344,165.75203734288968,161.83222142723088,165.47204438854885,1187937
2023-12-14,169.181884765625,169.181884765625,161.13227078395286,163.1621798485847,1444987
2023-12-15,174.7816162109375,175.3415914935519,168.97189268001313,169.39187681213397,1383699
2023-12-18,166.80198669433594,175.166582608861,166.80198669433594,174.78159897249395,1181188
2023-12-19,164.91209411621094,167.85195096711436,163.16217805250173,166.66201017992012,1016981
2023-12-20,157.00245666503906,166.45200252389017,157.00245666503906,164.49209458000067,1233760
2023-12-21,162.6721954345703,163.37216187048608,157.14246486309176,158.1924145169654,1225106
2023-12-22,164.49212646484375,167.85196777982836,161.2022860716751,162.74221022585607,1307239
2023-12-25,159.17234802246094,164.56209760773444,157.42243210013555,164.49209669858575,899583
2023-12-26,161.34225463867188,162.11222194824893,157.98241379423322,159.9423218435424,1064928
2023-12-27,159.17234802246094,161.69223122286516,158.1923993782144,161.27224712925138,1055097
2023-12-28,163.58213806152344,163.58213806152344,159.31234962521,160.7122823611762,975784
2023-12-29,179.891357421875,179.891357421875,162.7421813252371,163.58213883465888,1455861
2024-01-02,178.49142456054688,181.466281636556,175.16658429912493,179.89135730219823,1716436
2024-01-03,170.79180908203125,178.66643142700195,170.79180908203125,178.49143981933594,1425519
2024-01-04,173.5916748046875,176.56653213500977,168.76191070536152,170.8618099973537,1213767
2024-01-05,182.69122314453125,186.19105500553758,178.49142491132363,178.66641650437396,3346716
2024-01-08,181.29129028320312,188.64093718657622,180.06634913264094,182.86621461964023,2750142
2024-01-09,176.21653747558594,183.0412097313435,176.04154587928448,181.29129376832876,1324687
2024-01-10,177.61648559570312,179.19141009852217,175.34159464718672,176.2165527043084,1037480
2024-01-11,173.80166625976562,179.36639722787814,173.80166625976562,177.79147276441384,1245731
2024-01-12,173.941650390625,175.69156639053068,171.77175027848608,173.80165924676047,1333852
2024-01-15,175.3415985107422,177.44149789410434,173.9416655885007,174.2916488190611,1370748
2024-01-16,174.99160766601562,178.31644821166992,174.15165008534677,175.6915740966797,1495668
2024-01-17,171.561767578125,175.86655663239344,171.561767578125,174.851607496414,1617021
2024-01-18,169.46185302734375,173.87163236865302,169.46185302734375,172.1217165409466,1587081
2024-01-19,168.06192016601562,170.79178458174712,167.85192813081198,169.60184395644464,1362226
2024-01-22,169.88185119628906,170.37182556338595,167.50196959573827,168.20193602891678,1223602
2024-01-23,168.48191833496094,171.70176819993412,168.0619448834254,171.1417929172466,1173288
2024-01-24,170.51182556152344,171.42177337036136,167.22197481643852,169.60186707204548,1182893
2024-01-25,174.36163330078125,174.36163330078125,170.86180132509827,170.86180132509827,1622518
2024-01-26,176.56651306152344,177.9664457716247,173.8716383223229,175.34157194018482,1481839
2024-01-29,182.3412628173828,185.31612027217696,179.36640536258867,179.36640536258867,2304896
2024-01-30,185.6660919189453,191.44081485327632,180.7663270049675,184.44115069045085,3505961
2024-01-31,190.91583251953125,192.84074008847244,186.01606779859003,186.36605099294297,3372959
2024-02-01,193.54071044921875,195.29062645689703,191.61580284077263,191.79079444154044,2214973
2024-02-02,194.76565551757812,197.9155043938732,191.7907982455217,194.94064712181674,2154312
2024-02-05,199.14044189453125,203.5152319185763,195.1156350724098,195.9905930772188,3233581
2024-02-06,198.4404754638672,201.9403074826303,196.69055945448565,200.19039147324875,2440555
2024-02-07,193.01573181152344,200.01539570314714,193.01573181152344,198.96544611940357,2767203
2024-02-08,195.4656219482422,196.8655547822493,193.01573948872974,193.01573948872974,1883817
2024-02-09,197.74050903320312,198.96545023960348,194.76565181765935,197.39052583137445,2214490
2024-02-12,200.89036560058594,206.84008026123047,198.61547470092773,199.66542434692383,4457721
2024-02-13,188.29095458984375,203.16524003606744,188.11596299635875,202.11529047515754,6126831
2024-02-14,190.390869140625,193.01574325561523,184.96612930297852,188.99093627929688,2545712
2024-02-15,190.7408447265625,195.81560114589305,190.39086152522935,191.61580272989536,2929290
2024-02-16,190.7408447265625,192.66575233389477,189.34091192122992,191.79079433056194,1670239
2024-02-19,192.49075317382812,197.7405009876598,191.61579520485617,192.8407363614169,4830205
2024-02-20,196.6905517578125,199.66540885735236,194.06567784645378,194.06567784645378,4067728
2024-02-21,192.31576538085938,198.9654460764669,190.91583260283676,198.79045447921408,2910751
2024-02-22,191.96578979492188,194.41567225356263,190.91584016979013,193.19073102424224,2400041
2024-02-23,191.79080200195312,195.9906005859375,190.21587753295898,192.4907684326172,3597218
2024-02-26,189.8658905029297,194.59066381498414,189.6908988987795,193.89069739838348,2891541
2024-02-27,184.96612548828125,190.91584002622028,184.96612548828125,190.3908652140492,2679461
2024-02-28,183.91616821289062,187.9409749387674,183.7411766161134,184.96611779355413,2123166
2024-02-29,187.06602478027344,188.99093242534641,184.79113392700538,184.79113392700538,2567277
2024-03-01,184.7911376953125,188.2909698486328,183.91617965698242,187.76599502563477,2107902
2024-03-04,187.2410125732422,191.79079418717143,184.09116376359887,186.89102937217072,3844357
2024-03-05,192.49075317382812,195.29061867453834,187.59098854758523,187.7659801413796,4717299
2024-03-06,190.2158660888672,194.4156644201761,187.76598372893696,192.6657484487974,3646745
2024-03-07,195.64060974121094,196.69055934626215,190.74084491763855,191.26581972016416,4237455
2024-03-08,194.41566467285156,206.49008489105745,193.54070668602503,199.49042099644532,6697955
2024-03-11,201.59031677246094,206.14009822739496,197.7405016952091,198.96544285615286,6359834
2024-03-12,197.2155303955078,200.36537915071557,192.6657488602077,198.09048838306552,12710351
2024-03-13,198.26547241210938,201.4153210470767,192.84073309633234,198.79044718460395,3856744
2024-03-14,206.49008178710938,208.5899809239274,198.79045161877647,198.79045161877647,6810797
2024-03-15,209.6399383544922,214.88968639341937,205.44013992335044,208.41499714540916,7218734
2024-03-18,217.68954467773438,230.46393114194228,215.7646371283332,216.98957829613397,14023220
2024-03-19,228.53903198242188,230.28894800066402,212.2648130127701,218.73950228026598,9089598
2024-03-20,224.33924865722656,232.03887965638253,224.33924865722656,228.53904738403892,4734671
2024-03-21,219.2644805908203,228.1890524265201,219.2644805908203,225.91416156643976,5061127
2024-03-22,228.7140350341797,229.41400147651842,219.26448806260686,219.6144712837762,5482454
2024-03-25,218.56451416015625,229.58898525070057,218.56451416015625,229.23900204147694,3779392
2024-03-26,215.93963623046875,223.1142918912866,215.06467822305194,218.5645102527192,3203231
2024-03-27,215.76466369628906,219.61447926913445,215.064697228499,217.16459663186922,2584950
2024-03-28,219.439453125,220.66439425089715,215.58963815789474,216.8145792837919,3140515
2024-03-29,220.48941040039062,224.33922550261966,217.68954487149676,221.36436837816996,2676936
2024-04-01,223.4642791748047,225.91416164030764,219.08948905783512,223.11429596544713,3180614
2024-04-02,214.3647003173828,226.08913698780293,212.96476758061624,223.98923788265307,4498421
2024-04-03,212.789794921875,216.46461868286133,212.26482009887695,214.36471939086914,2340749
2024-04-04,220.48941040039062,220.48941040039062,212.4397970048208,213.489746578156,2799656
2024-04-05,236.0636749267578,237.4636077654636,221.1893885155092,221.1893885155092,4960511
2024-04-08,255.83770751953125,259.1625477677331,237.28859876640516,237.28859876640516,5949906
2024-04-15,269.4870300292969,272.9868615881189,256.36266168371424,256.71264483959646,6564407
2024-04-16,273.1618957519531,275.08680340939804,263.3623658595064,269.4870720422856,4825298
2024-04-17,279.81158447265625,290.8360559059129,274.9118193912089,276.4867438816741,7216800
2024-04-18,272.1119384765625,281.7364764934184,267.03718206767485,280.6865268915796,7236004
2024-04-19,258.3507385253906,275.1699387624713,258.3507385253906,265.9780502608109,5135364
2024-04-22,249.55001831054688,262.6533499929972,247.00758081992217,259.5241961583822,5506218
2024-04-24,240.5537109375,252.48361042301832,240.1625666920732,249.55002858231708,7325804
2024-04-25,241.92271423339844,249.15888272704092,240.35813726180007,243.291719083547,4283412
2024-04-26,242.7050018310547,246.22530000426903,239.38027577857451,244.07400667619362,4838614
2024-04-29,228.81939697265625,239.38029221754806,227.64596416766827,239.38029221754806,8291109
2024-04-30,221.97433471679688,229.60164665860754,221.97433471679688,228.23264195110306,6843422
2024-05-02,226.6680908203125,229.79724479194755,222.16993198608716,222.16993198608716,4464453
2024-05-03,228.03707885742188,229.6016557277987,224.516780899074,226.86364620463925,2943469
2024-05-06,236.25112915039062,238.01127829141177,228.0370998256254,228.8193883327459,5387564
2024-05-07,237.6201171875,242.50942001028807,232.73081436471193,237.81568930041152,3673209
2024-05-08,232.92640686035156,239.18471502116705,232.92640686035156,238.01128224101416,1712033
2024-05-09,231.75296020507812,235.85997468972508,231.75296020507812,233.51310926992682,1805420
2024-05-10,232.33969116210938,234.6865567294034,229.40610920299184,231.75297477028587,2065653
2024-05-13,225.49464416503906,232.92638438903862,225.49464416503906,232.33966805556497,2443007
2024-05-14,224.5167999267578,228.03709818344916,222.9522229237839,225.4946605536165,2029557
2024-05-15,226.4725341796875,229.7972605018418,223.73452426732513,224.7123849503117,1957697
2024-05-16,227.25479125976562,230.57951712156944,224.12563750747972,228.42822391687287,1813596
2024-05-17,231.36180114746094,231.36180114746094,226.6680706085437,228.03707534906124,2901214
2024-05-20,235.85997009277344,237.22897489430696,229.40609031411546,232.14409991718247,3928308
2024-05-21,233.12196350097656,238.4024106608141,232.33967503285245,237.03340584159696,4463978
2024-05-22,234.09982299804688,236.055544159267,233.1219624174368,233.31753453355884,2119277
2024-05-23,239.96701049804688,245.05188602612284,236.4467120555327,237.81571700539934,5369779
2024-05-24,242.50941467285156,246.81200106220862,237.0333956318517,243.48727521588725,4219516
2024-05-27,238.2068634033203,244.8563160763194,237.62014699099686,243.6828832516725,2805194
2024-05-28,235.0776824951172,239.18469691474903,232.73081711247045,238.2068363386462,3704483
2024-05-29,231.55738830566406,236.2511191496978,230.97067195015984,235.27325855719076,3303206
2024-05-30,239.38027954101562,239.38027954101562,230.9706782172708,233.121971579159,2994945
2024-05-31,237.03341674804688,242.90058052893912,235.8599839918684,241.72714777276067,3230593
2024-06-03,224.5167999267578,227.25480968196217,222.9522229237839,226.8636654312187,4342175
2024-06-04,217.4761962890625,228.03709071317166,217.47619628906253,228.03709071317166,3686232
2024-06-05,209.45773315429688,218.06290613169097,208.8710168149291,217.47618979232317,3131988
2024-06-06,207.5019989013672,213.5647340247813,207.11085469985662,209.45771990892013,2397125
2024-06-07,210.04443359375,211.41343828197742,206.13299162738596,208.2842847088862,2376107
2024-06-10,212.58689880371094,215.52048066392774,210.43560543955195,212.7824709277254,2186730
2024-06-11,209.06658935546875,214.1514643070517,208.67544512842392,212.58688739887234,1782699
2024-06-12,210.63116455078125,214.15146256555752,208.28429920759706,209.26215976725715,2361283
2024-06-13,212.0001678466797,216.69389850011171,211.21787940444102,212.5868841783587,1968577
2024-06-14,215.32489013671875,220.80090914110397,214.15145749292193,219.04076017540874,2325977
2024-06-20,220.21420288085938,222.16992404321158,215.32489997497885,216.8894769048606,2148213
2024-06-21,219.23635864257812,222.5610848664174,217.0850652036233,221.19207995071886,1815222
2024-06-24,215.71604919433594,219.82306373022084,213.7603279867717,219.23634736795157,1952980
2024-06-25,218.64962768554688,221.19206521677415,215.129329565386,215.71604591874615,3156827
2024-06-26,210.4355926513672,219.43190980932528,210.24002053923766,218.64962136080717,2082050
2024-06-27,212.782470703125,213.17361495074104,209.8488888460047,210.43560521742876,1370748
2024-06-28,206.52415466308594,215.32489989020607,206.52415466308594,213.56475084478205,2843271
2024-07-01,200.46141052246094,208.67543905118617,200.26583841463415,207.50200640422543,3900759
2024-07-02,204.37286376953125,204.568435887971,198.31012809789922,200.65699351917613,1366909
2024-07-03,206.1330108642578,206.1330108642578,201.4392800665897,204.9595781648408,1551065
2024-07-04,208.2843017578125,208.47987387213908,205.35072004291374,206.52415272887322,1776222
2024-07-05,207.3064422607422,210.24002399084702,206.32858168404056,208.47987495278412,1393955
2024-07-08,206.1330108642578,211.02231377849543,205.9374387476883,207.50201568024434,1698435
2024-07-09,201.43927001953125,206.13300058309315,201.43927001953125,206.13300058309315,2101618
2024-07-10,204.1772918701172,204.3728639887667,200.07027737847687,201.43928220902365,1701854
2024-07-11,208.8710174560547,208.8710174560547,203.39499827181356,204.76400306787383,1913854
2024-07-12,212.3913116455078,213.95588852687436,208.08872522174985,209.65330210311637,2957148
2024-07-16,211.4134521484375,215.12932226020467,209.84887525927238,212.3913127041657,1932229
2024-07-17,208.67544555664062,212.9780320629631,208.2843013287931,211.8045993794206,1477343
2024-07-18,208.67544555664062,211.0223109237256,208.2843013287931,208.87101767056436,1728508
2024-07-19,206.52415466308594,209.2621642893011,205.15514984997836,208.67544794082642,1383642
2024-07-22,204.95957946777344,208.87102182402865,204.37286311433513,206.91530064590103,1735842
2024-07-23,201.83042907714844,204.95958301632905,201.63485695594966,204.95958301632905,1560622
2024-07-24,197.91897583007812,201.43927381915066,197.52783160907006,201.43927381915066,1749511
2024-07-25,192.44297790527344,198.70128612983518,191.97360001372104,197.91899760176494,1901996
2024-07-26,192.59942626953125,195.57212495622085,191.81713776970636,192.59942626953125,1371445
2024-07-29,189.7049560546875,193.38170951663986,189.4702671237597,192.59942103806384,1366727
2024-07-30,191.42599487304688,193.69463870064195,189.78319617386626,189.78319617386626,1499999
2024-07-31,188.14036560058594,192.28649662695574,187.7492213893581,191.26951929040857,1290820
2024-08-01,189.93963623046875,191.7389020356126,189.31380308910033,189.7049473103588,1141343
2024-08-02,186.10643005371094,189.7049619415389,184.62008667300282,189.54850662832362,1358428
2024-08-05,179.9263458251953,181.49092274541442,169.44368523443725,179.69165689980755,2142033
2024-08-06,181.2562255859375,187.98391081196485,179.76988235396067,183.44663556209343,1390186
2024-08-07,181.41268920898438,183.05549975068757,179.7698906040558,181.41268920898438,1250818
2024-08-08,185.48060607910156,186.57580519231286,180.3174972613338,181.25624106362565,1852446
2024-08-09,181.4909210205078,187.98391756506192,181.3344657173278,186.96694018923003,1172436
2024-08-12,176.01490783691406,183.29019308152817,175.858452528414,181.7256161229778,1383732
2024-08-13,182.66436767578125,183.0555119320463,174.9197161764433,176.0149153192753,1705323
2024-08-14,181.0997772216797,184.5418416468636,180.94332191813035,182.89904305443358,1011273
2024-08-15,185.55882263183594,185.55882263183594,179.69165910888512,181.09978074174825,1362047
2024-08-16,184.2289276123047,186.49755931350023,183.13372857106017,185.79350449223935,841811
2024-08-19,186.2628936767578,186.2628936767578,182.35145123866357,184.2289388342388,1039925
2024-08-20,183.13372802734375,186.73224767844502,182.27320597122483,186.18464815944853,1031351
2024-08-21,182.8990478515625,185.87174644406713,181.80383682444247,183.05550315921542,1488303
2024-08-22,183.68133544921875,184.77653453433254,182.03852488477324,183.13373590666183,1122461
2024-08-23,182.19497680664062,184.93298640532987,180.78686713387722,183.68133203656524,976706
2024-08-26,178.04885864257812,183.8377884839589,177.81416971673303,183.05550002232505,1011720
2024-08-27,182.97726440429688,182.97726440429688,176.79719039955327,178.04885669921566,1438227
2024-08-28,183.0554962158203,184.46361780483534,181.7256082460517,182.9772625965739,1188722
2024-08-29,187.20162963867188,187.20162963867188,179.69165569717293,182.2732099856116,3143457
2024-09-02,190.2223358154297,194.63091715610918,189.24265245720645,194.30436018915137,2026209
2024-09-03,186.22195434570312,190.3856116751079,185.9770303951853,190.2223331938792,1346715
2024-09-04,186.79344177246094,188.5078845711719,183.52782220461145,186.0586698952848,1410058
2024-09-05,187.44656372070312,188.91608252541556,186.38523489491658,187.1199942972728,923820
2024-09-06,183.6910858154297,187.44655299726253,183.11960492880706,187.44655299726253,1043533
2024-09-09,178.4661102294922,184.18094434077247,177.97626232272827,183.03797004410657,1117629
2024-09-10,176.50672912597656,179.85399405170796,175.28212182983333,178.5477412862153,1054809
2024-09-11,176.34344482421875,178.62938085970623,175.77196392968418,176.50672330017875,1175732
2024-09-12,177.15985107421875,178.13953439514088,173.2411053331809,177.07820560691303,1132347
2024-09-13,182.46649169921875,182.46649169921875,176.42510053641277,177.15985994957703,1118695
2024-09-16,178.79266357421875,183.69109271323845,178.22118266613634,182.46648542848354,961066
2024-09-17,180.42547607421875,181.40515942568575,178.30281843158218,178.79266633599053,664708
2024-09-18,178.38446044921875,180.75202954089104,178.22118197002575,180.425472582505,658682
2024-09-19,182.87469482421875,182.87469482421875,179.20087282998222,180.67040411914684,1037309
2024-09-20,180.58876037597656,184.18094939024542,179.28252001771068,182.87469657462944,1003742
2024-09-23,178.62937927246094,181.650074651602,177.8129744425661,180.58874588126892,864063
2024-09-24,179.60906982421875,181.65008198131213,178.13953857964157,178.62938648028384,1447349
2024-09-25,177.9762725830078,182.54814511853903,177.9762725830078,179.69072789816963,1460054
2024-09-26,178.22119140625,181.16024155938555,178.1395459336559,178.46611536668215,1087989
2024-09-27,181.4051513671875,181.4051513671875,178.38445597712254,178.54773445222216,1045866
2024-09-30,178.71102905273438,181.976648678786,177.40478867672388,181.405167735697,1208977
2024-10-01,176.58836364746094,180.01726137261235,173.56766832905012,178.71100868810285,1278259
2024-10-02,172.50634765625,175.60868858419013,172.42470218813997,174.4657143173967,1049464
2024-10-03,170.46533203125,173.56767289557024,170.22040808929196,172.50634411865158,1098932
2024-10-04,175.77197265625,175.77197265625,169.56729060293233,170.5469739646799,1342374
2024-10-07,173.73095703125,178.6293862006047,173.73095703125,175.85360219689397,988478
2024-10-08,174.3840789794922,176.09852167077906,172.83290230754776,173.89423109206777,871687
2024-10-09,177.15985107421875,177.3231295514809,171.1184602140745,174.38407958871448,1047746
2024-10-10,173.15948486328125,177.24150937719781,172.58799146545277,177.1598639039794,1025075
2024-10-11,170.87355041503906,174.3024485507978,170.38370248535196,173.15948665799502,830943
2024-10-14,168.50595092773438,171.77157022832884,168.09774851516008,170.87353239507476,871925
2024-10-15,172.75128173828125,173.32276267653117,168.58761176738165,168.58761176738165,750587
2024-10-16,172.2614288330078,175.52704833695108,172.09815034928062,172.75127674153921,1256291
2024-10-17,173.8942413330078,174.62900075006644,171.28174818003825,172.58798852784804,1180672
2024-10-18,174.71063232421875,178.71101097860938,173.73094902695462,173.9758729656079,1551388
2024-10-21,174.3024444580078,177.3231400672152,172.75128014600537,174.7106469040453,811336
2024-10-22,175.03720092773438,176.09852976101345,172.42470780859725,174.38408699096246,1286012
2024-10-23,171.77157592773438,176.67000504115663,171.11846201182428,175.36376475198702,1468432
2024-10-24,175.77197265625,176.67001054728954,172.26142919075053,172.3430746614586,971376
2024-10-25,176.09852600097656,176.34344995071137,173.56767840664924,175.85360205124178,705937
2024-10-28,175.36376953125,176.99657928022373,174.3840861733357,176.09852893534827,549825
2024-10-30,174.46571350097656,175.52704229469342,172.83290380521197,175.36376381658684,985402
2024-10-31,171.68994140625,175.93524410905906,170.38368867122446,174.54735836393775,1162060
2024-11-01,170.54696655273438,172.50634564842503,170.13876413163416,171.60829533906482,916351
2024-11-04,168.26104736328125,170.95517344715958,167.7711994622036,170.54697101537806,882908
2024-11-05,167.44464111328125,170.30205811209254,166.22003382807642,169.0774508268877,894665
2024-11-06,170.38369750976562,171.0368239111589,166.46495155875596,167.52628040385127,999648
2024-11-07,172.2614288330078,172.58798580046223,169.15908781279174,170.62861908103616,772541
2024-11-08,176.4250946044922,176.58837308444436,171.2817415132269,172.3430703189403,1303020
2024-11-11,178.79266357421875,179.44578995089128,175.85360110786715,177.15985386121218,1468210
2024-11-12,169.32235717773438,171.36336925778107,168.4243193369233,171.03681230791324,2650185
2024-11-13,167.93447875976562,169.6489339645217,166.79151692816134,169.3223645430993,1420742
2024-11-14,168.91415405273438,169.81220434712515,167.85283774144412,168.2610401557401,1399516
2024-11-15,169.15908813476562,170.873543360539,168.91416418003374,170.54697393511321,1020144
2024-11-18,170.30206298828125,170.79189844197873,168.50596228600753,170.30206298828125,1177348
2024-11-19,168.5876007080078,171.3633722016164,167.6895503944201,170.465334345378,1215178
2024-11-20,165.24034118652344,169.07745405258345,165.1587081736954,168.9141631122279,868131
2024-11-21,169.8122100830078,169.8122100830078,165.2403379055255,165.56690732240253,1047332
2024-11-22,171.4450225830078,171.4450225830078,168.58760553995768,169.81221284412203,1276276
2024-11-25,174.71063232421875,175.52703714816369,171.20008908978568,172.0164939137306,1997450
2024-11-26,172.6696319580078,174.710644156093,171.77158160791038,174.710644156093,1164805
2024-11-27,171.11846923828125,174.62900028527326,170.62862132331261,173.3227599409402,1181248
2024-11-28,170.95516967773438,171.9348654582882,168.75087908618696,171.11846061272624,1065747
2024-11-29,174.71063232421875,175.69031562148288,168.91415309127,171.44501302843895,1537774
2024-12-02,182.87469482421875,185.48718797309476,171.52667186940587,174.71064594813757,3166718
2024-12-03,181.8133544921875,183.60944263998147,179.60906392637906,182.87468327049504,1886057
2024-12-04,187.60983276367188,192.01841387067955,181.32351805280942,181.9766319521075,3278009
2024-12-05,187.3649139404297,189.16100212725584,184.99734484743374,187.77311636731514,1135856
2024-12-06,186.9567108154297,189.9774062716327,186.7934323367551,188.9977229422357,1322275
2024-12-09,180.26219177246094,187.20163293590488,179.6907108740001,187.11998746868935,14127865
2024-12-10,175.9352569580078,180.42548393373423,175.9352569580078,180.26220544426877,3735055
2024-12-11,174.54736328125,177.1598563675504,174.3840847991093,176.01689453521576,1330303
2024-12-12,174.3024444580078,176.99658309332523,174.3024444580078,174.9555708631378,1220607
2024-12-13,172.75128173828125,174.38409153748108,171.11847193908145,174.38409153748108,1562310
2024-12-16,169.8122100830078,173.7309558840856,169.8122100830078,172.83290555936065,1645199
2024-12-17,166.30166625976562,170.71025994554824,166.05674231210833,169.9754881025764,2122074
2024-12-18,164.75050354003906,168.42432541674154,164.75050354003906,166.38331326301795,1576593
2024-12-19,163.60752868652344,165.7301863019014,163.60752868652344,164.42393354515352,1392884
2024-12-20,164.26065063476562,166.70986514460017,162.70948642814344,163.77081520720824,1825187
2024-12-23,158.1376190185547,164.50557942317994,157.56613810756193,164.26065547351175,2190130
2024-12-24,156.09661865234375,158.872402862575,155.85169468418357,158.05599794027472,1576940
2024-12-25,158.38255310058594,159.11731253924646,156.91302176591455,156.91302176591455,1273969
2024-12-26,161.97471618652344,166.1383858769443,159.36222317526003,159.93370407501305,3237381
2024-12-27,163.60752868652344,164.0973765846413,160.34190925200323,162.62784534763728,1922675
2024-12-30,160.75010681152344,164.7504979720318,160.42354986090402,164.42392856406323,1082670
2024-12-31,158.21926879882812,160.91340740389091,155.1169277523119,160.7501164614296,4018347
2025-01-02,157.4844970703125,160.3419141630361,156.25988974485952,159.11730683758313,2257663
2025-01-03,160.17861938476562,160.66846724806055,157.07627865104465,157.15792411404337,2260262
2025-01-06,164.66885375976562,165.73018254338524,160.58682955918962,161.23995592275165,3066520
2025-01-07,164.91378784179688,166.87315459559107,162.87277561603207,164.75050935520568,2175137
2025-01-08,166.79151916503906,167.03644312005318,163.77082360613113,164.91378545306392,2670664
2025-01-09,166.38331604003906,169.56729007005018,164.5872278062546,167.2813539282564,2814691
2025-01-10,163.93409729003906,166.87314729209777,163.36261638330677,166.3833118537627,2103389
2025-01-13,158.21926879882812,164.26065994939927,158.05599031371673,163.93410297917646,2014417
2025-01-14,157.23959350585938,159.9337197919293,156.99466953693926,158.46420089310953,1647231
2025-01-15,157.56613159179688,158.95401730605792,156.01496740362555,157.4028531178866,1405431
2025-01-16,159.5255126953125,160.01536061892273,157.23958893806517,159.19895571780577,1220873
2025-01-17,158.5458221435547,160.17863187203073,158.05598669942165,159.77042943991174,1286845
2025-01-20,158.4641876220703,161.3216046196847,157.97433972525374,158.87239005030094,1780386
2025-01-21,155.60678100585938,158.46419819410815,155.36185704111082,158.46419819410815,1958337
2025-01-22,160.01535034179688,160.17862882006352,155.11692124970105,156.17825004445834,2302373
2025-01-23,159.44386291503906,161.56650796034955,158.30088869924217,160.83174860953994,1402197
2025-01-24,159.19894409179688,160.0969944003826,157.5661344088041,159.44386803571564,1091674
2025-01-27,155.52511596679688,158.3825327955832,155.28019203285973,158.3825327955832,1683387
2025-01-28,156.6680908203125,157.7294196512521,155.52512897613124,155.85168594379738,1489603
2025-01-29,156.17825317382812,159.0356702014719,156.17825317382812,157.40286047138974,1577068
2025-01-30,155.60678100585938,158.54583121079077,155.60678100585938,156.4231859167876,1826425
2025-01-31,153.56576538085938,157.23958739994836,152.66771501547538,155.93333458799893,1941367
2025-02-03,150.05520629882812,153.4024585393817,148.83059908603684,153.4024585393817,1836895
2025-02-04,149.2388153076172,151.19818204655223,148.58568890885553,150.13685320573327,1423265
2025-02-05,148.8306121826172,151.19818135274542,147.44272637746099,149.32044763642827,1500686
2025-02-06,149.97357177734375,150.70834363303788,149.48373633089733,150.3817742113906,1061818
2025-02-07,155.60678100585938,155.688414022542,149.7286556812959,150.38178210150855,2185230
2025-02-10,154.30052185058594,157.89269832871787,154.30052185058594,155.60677463755198,1634131
2025-02-11,157.4844970703125,157.89269951213015,153.72904208,154.38216847837822,2506245
2025-02-12,156.99465942382812,159.93370948949365,156.91301395366392,157.97434277904998,1911845
2025-02-13,155.93333435058594,158.3825490262496,155.6067773767708,157.07629621628897,1663002
2025-02-14,156.17825317382812,158.21926533643082,155.19856982724875,156.34153165536642,1307376
2025-02-17,155.11691284179688,158.6274559923178,154.62706497619908,156.25987458506012,1670963
2025-02-18,154.95364379882812,155.77004865292378,151.44310043474684,154.46379590343093,1946524
2025-02-19,151.44309997558594,156.5864530322644,150.3001381662571,154.95364332902358,1760825
2025-02-20,150.78997802734375,151.76966138656454,149.07553526304486,151.0349019814864,1722073
2025-02-21,150.8716278076172,154.54544985265323,149.72865347475144,150.9532608230968,1905150
2025-02-24,148.58567810058594,157.56613117259937,148.09583022280924,152.25949981186417,4066213
2025-02-25,140.50328063964844,148.58568372760587,139.93178727481651,148.58568372760587,2664536
2025-02-26,139.27867126464844,140.2583545852422,137.5642161105974,140.2583545852422,1876366
2025-02-27,144.42201232910156,145.15678416518915,139.11538082809383,139.27867176323508,2072192
2025-02-28,141.238037109375,144.91185888389631,140.66655621369708,143.7688970925405,1401268
2025-03-03,155.36184692382812,155.36184692382812,148.17748168404108,148.5040386442066,3708608
2025-03-04,159.3622283935547,165.73018888145492,154.545444635605,165.40363191585993,7769337
2025-03-05,169.07745361328125,169.07745361328125,157.97434239483852,159.36222818280643,4637723
2025-03-06,175.2004852294922,175.2004852294922,166.79151281006568,169.64892977587618,4247713
2025-03-07,181.6500701904297,182.058272595352,171.85321247229416,175.20047717559663,3960689
2025-03-10,182.2215576171875,183.69108881921105,178.13953342120504,181.65007672121982,3493168
2025-03-11,182.1399383544922,182.8746977822845,176.9965849878954,177.4047874383023,1944028
2025-03-12,187.6914825439453,188.91608990058006,181.16024330856,182.139939159748,3032312
2025-03-13,191.0387420654297,193.6512351919485,187.5281985872873,187.69147707194162,2253361
2025-03-14,192.67153930664062,195.28403226339645,190.14067935823243,190.87545117745532,2210815
2025-03-17,194.30435180664062,196.3453639054499,188.6711633968668,192.67154212759323,2823430
2025-03-18,198.95785522460938,200.83558883116737,191.93678113825447,194.38599563619553,3271487
2025-03-19,183.8543701171875,196.3453668400626,181.24187708313474,182.79304131847405,4076072
2025-03-20,193.65122985839844,195.36568504342392,183.7727385493621,183.854371560766,4404563
2025-03-21,181.5684356689453,191.77349640702337,178.95594261146724,191.77349640702337,5291520
2025-03-24,171.68994140625,185.7321022497027,166.22003143586048,177.97625622169315,5982600
2025-03-25,183.28289794921875,185.2422647038205,172.9961913441845,172.9961913441845,3550766
2025-03-26,182.1399383544922,184.2625836221979,177.97626837740188,182.05829288147075,3124269
2025-03-27,185.2422637939453,188.42625032622155,182.13993519062228,182.87469460565143,2662674
2025-03-28,187.03836059570312,188.58952486489878,182.54813381320554,186.54851269103622,3200624
2025-04-02,181.8133544921875,185.73210019659652,180.01726634439356,185.65045473005395,2036282
2025-04-03,188.5895233154297,197.2434198444455,180.50712015627968,180.58875316815366,4202045
2025-04-04,187.20162963867188,192.10005860894321,186.0586554045325,188.58951535544563,2071026
2025-04-07,187.03836059570312,189.16100578211035,179.77234978234267,184.0992980824012,2046623
2025-04-08,187.60983276367188,191.1203760304701,184.26256797169816,191.0387305643833,2358709
2025-04-09,185.6504669189453,190.87546568698795,184.6707835428592,185.32390994603327,3335489
2025-04-10,189.65084838867188,195.93716321708342,187.44655779394955,191.03873413665636,3708693
2025-04-11,189.5692138671875,191.28366912727301,188.0180495517578,189.65085933951542,1530412
2025-04-14,188.5895233154297,191.36529486613685,187.5281945022712,190.2223330411044,1282127
2025-04-15,186.71177673339844,190.63052229561313,186.71177673339844,188.75278874941142,1385607
2025-04-16,186.46685791015625,189.07936332812793,184.18093435545467,186.54850337597378,1412552
2025-04-17,189.9774169921875,192.01842923416922,186.0586709961126,186.38524042923973,3615780
2025-04-18,183.11961364746094,192.01842168993483,181.65008239950066,190.79381439285953,1699951
2025-04-21,182.62977600097656,185.73211715257762,181.07861165385123,182.95634543961108,1455815
2025-04-22,175.5270538330078,184.42586227695045,175.11885138223337,182.71141945810794,1765937
2025-04-24,180.99696350097656,180.99696350097656,173.1594839500033,175.52705317264778,1983533
2025-04-25,179.36415100097656,181.73173264529137,178.54774611480246,179.36415100097656,844614
2025-04-28,166.70986938476562,178.38446133671627,166.70986938476562,175.52704433589932,2648849
2025-04-29,161.32159423828125,166.70985846976907,160.66846790367248,166.13837759849216,1942348
2025-04-30,159.60714721679688,164.5872217548387,157.89269205914988,160.83175448444493,2887709
2025-05-02,166.05674743652344,167.771202665682,159.85207782938014,159.85207782938014,2395483
2025-05-05,161.56651306152344,169.0774475650939,161.32160157508685,166.05673968731702,3308216
2025-05-06,164.0973663330078,165.40361900815037,160.42354469868675,161.5665064464249,2025210
2025-05-07,163.11769104003906,164.50557678947294,160.9950334533642,162.79112162659328,1148109
2025-05-08,163.68917846679688,164.0973809068637,160.99503987088585,163.1176975421733,854994
2025-05-09,167.19972229003906,170.13877239021338,163.85245729160042,163.85245729160042,2076544
2025-05-12,174.87391662597656,175.44539753031532,169.89385450833942,169.89385450833942,1506216
2025-05-13,192.34498596191406,192.34498596191406,164.75049978161002,169.81220731590264,9353738
2025-05-14,194.22271728515625,204.30532260441817,192.8348314712216,193.32467938548086,7379577
2025-05-15,186.71177673339844,199.447696696259,186.54849826358716,195.6922296038556,4025376
2025-05-16,187.3649139404297,190.05905244934365,182.0582823909186,186.9567115135442,4480039
2025-05-20,181.59530639648438,189.65591155701765,181.59530639648438,183.44831972706075,3406351
2025-05-21,178.25987243652344,182.52180864875172,176.31421696888228,181.59530200586465,1917561
2025-05-22,177.426025390625,184.83807867065113,176.59217505156994,177.98193504157484,3730857
2025-05-23,171.4037322998047,178.259875936849,170.56988195978056,177.42602559682484,2956671
2025-05-26,169.64337158203125,174.0905921478867,169.08746194261462,171.49638486359416,1204623
2025-05-27,166.40060424804688,169.73601979087636,165.9373509112064,169.2727664540359,1224886
2025-05-28,164.45492553710938,167.3271017225643,163.34312041729007,166.40059509982,1248088
2025-05-29,163.71371459960938,167.51239734256507,163.62107242134758,166.7711892296263,1107336
2025-05-30,160.841552734375,164.73287765882284,159.72973349535943,163.52841624146856,1327631
2025-06-02,157.78408813476562,160.84156296173495,157.04287997408068,160.84156296173495,1326872
2025-06-03,160.0076904296875,163.06516510283956,157.78408019686913,157.78408019686913,1735978
2025-06-04,163.99166870117188,164.45492200258764,159.9150453036609,160.10034379675344,1615672
2025-06-05,164.36227416992188,164.82552749524564,161.95336536066006,163.7137223419425,469311
2025-06-10,163.62107849121094,167.9756568773862,163.065168851542,167.69770205755174,1803403
2025-06-11,166.5858917236328,169.45805373942108,163.3431185804929,163.6210733916644,2803530
2025-06-12,164.82553100585938,168.16096067417948,164.08433697945034,166.58590216200548,1273636
2025-06-13,162.87986755371094,163.25046454887985,155.46781455137932,161.8607046109427,1485021
2025-06-16,159.8223876953125,164.5475769864692,158.43262780230978,162.8798622873922,2110300
2025-06-17,157.50613403320312,161.02686220965458,157.50613403320312,159.63710220347926,1167728
2025-06-18,155.7457733154297,157.5987866129964,153.89276001786297,157.50613029317026,1082733
2025-06-19,153.61480712890625,157.96938560551393,153.61480712890625,155.74577527539887,869874
2025-06-20,155.2825164794922,156.11636678959277,153.6148017219218,155.0045616636689,1110849
2025-06-23,157.32083129882812,161.4901112053128,151.94708992521845,154.5413113611717,2290949
2025-06-24,161.6754150390625,163.06517505372491,159.4518046705506,162.23132469987544,1273256
2025-06-25,156.57962036132812,162.4166149537509,156.57962036132812,161.67540682279147,1886836
2025-06-26,157.13552856445312,159.26648248269382,156.57961893694826,157.50612555787694,1099060
2025-06-27,156.39431762695312,157.7840775333466,152.87358970328253,157.50612272459415,1465828
2025-06-30,161.3974609375,162.97251946708946,154.63395934145936,156.4869727027105,3049766
2025-07-01,166.7711944580078,168.90216254800066,160.4709465065648,161.3974531424426,2542753
2025-07-02,173.25674438476562,183.26301908045062,166.7711978035177,168.6242111124457,4659790
2025-07-03,172.97879028320312,177.70397989564674,172.2375821290632,175.48035543322695,1695660
2025-07-04,173.07144165039062,173.81264978331592,170.7551750708548,172.97878533226148,851711
2025-07-07,169.08746337890625,171.31107368072213,168.1609567302547,171.31107368072213,1068434
2025-07-08,164.91818237304688,170.94047554959073,164.4549290517743,169.27276076553548,1380035
2025-07-09,166.2152862548828,167.32710553741936,163.80637746324896,163.99167596454856,1684771
2025-07-10,169.7360076904297,172.3302290192688,167.2344426773012,167.2344426773012,1922998
2025-07-11,169.64337158203125,174.83180028798571,169.36541676232292,170.7551767234951,2297622
2025-07-14,171.77432250976562,178.7231221928042,171.77432250976562,177.88927188578722,2427437
2025-07-16,167.9756622314453,174.2759104199066,166.30794739665114,171.86698742105176,2107252
2025-07-17,173.53469848632812,174.27590663428833,168.90216523328877,168.90216523328877,2359926
2025-07-18,173.90528869628906,175.48034711330325,170.1066200596512,173.53469170547478,1866724
2025-07-21,175.66566467285156,176.6848134948587,173.62733875409853,174.18324839328014,2271578
2025-07-22,172.97879028320312,176.68481691653312,172.97879028320312,175.85096657898174,2371693
2025-07-23,172.51553344726562,176.96276814433537,172.1449364464137,173.25674158633882,4410740
2025-07-24,172.88613891601562,174.18324251383063,170.38455976150698,172.88613891601562,3247789
2025-07-25,171.4037322998047,175.38771376992273,171.4037322998047,172.8861486124806,1782888
2025-07-28,169.64337158203125,173.07144332544874,169.64337158203125,171.86698186495897,1174382
2025-07-29,168.34625244140625,171.0331301603702,168.06829762394526,169.73601239134197,1067219
2025-07-30,172.60818481445312,175.66565946456262,167.97565174985357,168.34624874007395,3022832
2025-07-31,170.7551727294922,173.81264740002982,169.92130828987152,172.6081859677127,2002883
2025-08-01,171.58901977539062,173.07143599278191,170.6625131738633,170.75516948896353,1474805
2025-08-04,172.79348754882812,174.739157138642,171.86698091317757,173.71999418447868,2109842
2025-08-05,175.57301330566406,176.31422146635455,171.4963896279211,173.71999997262276,4101839
2025-08-06,176.4068603515625,178.07457514758536,173.07144489688633,176.49951667142972,3676851
2025-08-07,181.22470092773438,183.91156447672887,177.14806330829725,177.2407196254498,5452128
2025-08-08,179.55699157714844,181.22470637443357,178.35253010481088,181.22470637443357,1593851
2025-08-11,181.22470092773438,182.70710304059133,179.37168768363634,180.11288167138028,1601926
2025-08-12,178.63047790527344,181.3173414294006,177.7966134707254,181.2246992504746,1206643
2025-08-13,179.27903747558594,181.31734928607733,177.88927749515503,178.63048564552543,1448951
2025-08-14,179.46434020996094,181.96590540624058,178.1672365192589,178.63048985699103,1855987
2025-08-15,181.68795776367188,184.09686654531288,178.81578152464942,179.37169116361164,1946773
2025-08-18,184.83807373046875,186.69108700094964,182.6144634608394,182.6144634608394,2317541
2025-08-19,189.28530883789062,189.47060733788658,184.93073046982383,187.52493774450576,3075064
2025-08-20,181.68795776367188,185.02337318533696,177.88927488462534,184.83807468480603,3984709
2025-08-21,182.15121459960938,183.91157159468622,181.7806034540245,181.8732597747631,2227520
2025-08-22,180.85409545898438,182.89240726383736,180.11288731066432,182.24385543557088,2252246
2025-08-25,184.65277099609375,186.04253091708185,180.94674454012545,181.59529634244612,3509558
2025-08-26,181.59530639648438,185.67193006880447,181.59530639648438,185.30133305763712,2752745
2025-08-27,175.20240783691406,182.61446081129657,174.18324489798883,181.87325268638452,2928245
2025-08-28,175.01710510253906,176.96277477331935,174.27591107307032,175.75831326937774,2028665
2025-08-29,175.20240783691406,175.57300483068556,173.07143977930528,175.29505001667238,1786847
2025-09-01,172.1449432373047,175.3877166034748,171.49639139154465,175.20241809573906,2308391
2025-09-02,164.54759216308594,172.33024262676608,160.56361060821897,172.14494411808226,4599727
2025-09-03,165.10348510742188,166.2152902795095,162.1386666027316,164.8255302800575,2162047
2025-09-04,164.73287963867188,166.30793806304865,163.99167151620955,165.1034766312185,1812891
2025-09-05,162.69456481933594,165.75202529328192,162.13865520369004,165.0108313222458,2038977
2025-09-08,158.98854064941406,160.74889756142153,158.15467621422448,160.1929879379618,2285534
2025-09-09,157.96937561035156,161.30480503185197,157.13552532366086,159.35913551308192,2371027
2025-09-10,158.43263244628906,160.74889900252137,157.22817100957445,158.71058726051075,2156491
2025-09-11,157.41346740722656,161.67540346880156,157.41346740722656,158.61792882787768,2694849
2025-09-12,157.13552856445312,158.1546773650532,155.46781381930765,157.8767225513008,1570150
2025-09-15,165.5667266845703,166.2152784774571,155.0971992712762,157.22816727993464,3038135
2025-09-16,167.88299560546875,168.0682941007686,164.26962546632984,166.77119049630053,2208114
2025-09-17,166.4932403564453,168.43890995511165,165.5667337165793,167.8830003162443,1557638
2025-09-18,165.8446807861328,168.90215538228944,165.47408380245207,167.97564878571887,1708222
2025-09-19,167.60504150390625,168.06829481280303,164.54758097508275,166.029983081131,1891705
2025-09-22,168.43890380859375,172.14493023282083,167.7903520118278,171.40372212050164,2553885
2025-09-23,165.5667266845703,167.69769469322875,164.45492159142597,167.69769469322875,1739124
2025-09-24,166.6785430908203,167.14179642252063,163.06517275850587,165.7520364274197,1868702
2025-09-25,164.82553100585938,167.79036366097495,163.9916806574643,167.41975251040057,1616191
2025-09-26,162.13865661621094,165.28877343266404,161.5827469957221,164.8255201280463,1635442
2025-09-29,162.04600524902344,163.71372002405104,160.19299197396373,162.13866156772417,1533229
2025-09-30,162.97251892089844,163.15783156629848,160.007700380307,162.23132488877803,1816889
2025-10-01,165.8446807861328,167.14178436638412,160.47093969854973,162.97250468181653,1872896
2025-10-02,166.7711944580078,168.06829809328903,165.6593893224283,166.49323963977062,1961676
2025-10-03,167.7903594970703,173.9052948874151,166.02998838460977,167.14179353400252,2988185
2025-10-06,165.19613647460938,169.82866966718188,163.5284216978094,168.9021630286674,1649974
2025-10-07,164.17697143554688,165.5667313756966,163.15782262852525,165.19613437993766,1651571
2025-10-08,163.89901733398438,168.43890830733733,163.71371883529775,164.17697215069893,2027924
2025-10-09,162.87986755371094,166.30793923981548,160.5636009904823,164.5475823067094,1927321
2025-10-10,163.71371459960938,163.71371459960938,161.30480590426941,162.8798643084088,1400572
2025-10-13,158.98854064941406,162.50925447342897,158.43263102595435,162.50925447342897,1618027
2025-10-14,157.87672424316406,159.82239382291243,156.67227693294475,159.08118569075262,1476760
2025-10-15,159.729736328125,160.74889926950758,156.67227577871557,157.96937939741235,1801832
2025-10-16,157.96937561035156,163.99166852218315,157.32082381655115,159.54443400597222,2125121
2025-10-17,159.54443359375,161.67540159990443,155.83840719604444,157.87671888730875,2007295
2025-10-20,160.28564453125,160.65624152261742,154.17069521210442,160.28564453125,3284997
2025-10-21,159.63710021972656,162.6019187019172,158.98854838571137,161.21215871301195,2374462
2025-10-22,161.11949157714844,162.8798625940204,159.82238799618486,159.82238799618486,1624753
2025-10-23,161.212158203125,162.6019181876347,159.6370997148213,161.49011302750088,1484623
2025-10-24,165.2887725830078,167.88299390300554,161.49010398709046,161.67540248051128,2934891
2025-10-27,165.8446807861328,167.04914218914828,163.62107060931092,165.28877117324296,2022382
2025-10-28,164.82553100585938,166.77120066860775,164.45493399265484,165.38144066303602,693386
2025-10-30,165.10348510742188,167.69770660053953,164.54758959006296,165.1961414289999,1811353
2025-10-31,167.0491485595703,167.6977003744285,164.08433016495482,165.19613529576446,2597419
2025-11-03,167.2344512939453,170.1066275805343,165.56673648680876,167.97565944571372,3283563
2025-11-04,167.88299560546875,168.3462489124029,165.65938538713235,167.60504079383443,1836435
2025-11-05,168.90216064453125,170.10662208507242,166.67853626106236,167.88299770160353,2152872
2025-11-06,167.6977081298828,170.47722815413502,166.30794811775672,169.64337780180733,2280787
2025-11-07,166.12265014648438,167.5124101630963,164.82553231522462,166.86385831615138,1782290
2025-11-10,165.5667266845703,168.99479827900234,165.1961296993118,166.12263629982687,2208208
2025-11-11,168.34625244140625,176.40685732355956,162.97251114084762,168.716863577144,7674632
2025-11-12,167.5124053955078,172.79349048085356,167.14179425253732,170.01397052673795,2610540
2025-11-13,169.36541748046875,171.49638559077573,167.32710568958055,168.62420933722683,1769618
2025-11-14,167.0491485595703,170.0139669541858,165.10347897762648,169.3654151393276,1800766
2025-11-17,170.10662841796875,172.51553725136313,167.7903617681455,167.7903617681455,2632269
2025-11-18,171.86697387695312,174.46119517804127,169.92130436679486,170.10661699623373,2229474
2025-11-19,172.33023071289062,174.27590026298378,170.84781447116546,172.33023071289062,1962039
2025-11-20,173.81265258789062,174.6465029150305,171.21843114947728,173.16408662526018,2625425
2025-11-21,172.05227661132812,173.90528985245686,169.73601005991722,173.81264767282187,1414718
2025-11-24,171.0331268310547,173.34939336919265,169.92130758285325,171.40372382220914,1291182
2025-11-25,171.31106567382812,172.70082558184956,169.9213057658067,171.86697529198423,1511686
2025-11-26,168.80950927734375,172.2375810645121,168.2536137682019,171.68168555537025,1556999
2025-11-27,168.90216064453125,171.40372570573572,168.6242058294265,170.10662208507242,1094883
2025-11-28,167.2344512939453,169.27276310828125,166.95649646986095,168.9948082841969,1234686
2025-12-01,172.51553344726562,172.9787867670152,166.9564936102708,167.2344484295944,1607916
2025-12-02,176.12892150878906,179.74229182348864,171.7743289021387,172.5155370567198,2994920
2025-12-03,171.0331268310547,178.44517975309617,170.47721720695398,177.51867313784098,3290230
2025-12-04,170.8478240966797,172.42289674376516,170.1992722558991,171.40373375298867,1308315
2025-12-05,173.90528869628906,174.18324350808427,170.38456073407738,170.84781404127975,1724269
2025-12-08,176.684814453125,178.81578256505287,175.0170996639045,175.3877108044921,2344785
2025-12-09,173.90528869628906,177.88926996570308,172.51552877468202,177.6113151539079,1601544
2025-12-10,173.99795532226562,175.85096866086832,173.44204566573688,174.18325382865194,1445647
2025-12-11,176.7774658203125,177.7966146192963,173.81264746551648,173.99794596193453,1496747
2025-12-12,178.90843200683594,179.8349386166334,176.77746397682802,177.88926908111117,1901353
2025-12-15,176.7774658203125,179.3716871822724,176.49951100700088,178.90843387254276,1942786
2025-12-16,174.18324279785156,177.4260159350456,173.34939250323495,176.96276262973217,1535677
2025-12-17,174.73915100097656,175.10974798727193,173.07143628790973,174.1832413841647,1012201
2025-12-18,175.10975646972656,175.85096461559084,173.164086854004,175.10975646972656,1515566
2025-12-19,176.9627685546875,176.9627685546875,172.33023534644963,175.10975527139234,1377842
2025-12-22,173.25674438476562,176.87011468222732,173.25674438476562,176.87011468222732,1451148
2025-12-23,170.10662841796875,173.16408908583972,170.01397209702793,173.16408908583972,1317791
2025-12-24,172.70083618164062,173.07144732894784,169.92131619500026,171.4963888306589,2251498
2025-12-25,172.05227661132812,173.81264767282187,171.8669781146891,172.70082841824936,907390
2025-12-26,172.05227661132812,173.99794616946093,170.84781517712065,172.05227661132812,1100474
2025-12-29,169.64337158203125,173.90529364720427,169.55071526300534,172.2375788663238,1142436
2025-12-30,173.25674438476562,173.99795253581073,169.9213147737474,170.01397109414165,1510553
2025-12-31,174.27590942382812,176.12892275470404,172.79349310417948,173.25674643689845,1437260
2026-01-02,178.81578063964844,179.0010791392623,174.64650078017476,174.64650078017476,1942989
2026-01-05,181.22470092773438,181.40999942467036,178.44518106158733,178.8157780554593,2126077
2026-01-06,183.4483184814453,183.5409748022929,180.4835000001282,181.6879614842985,2025554
2026-01-07,189.37794494628906,195.21493940188316,187.1543347429051,187.1543347429051,5686969
2026-01-08,192.898681640625,192.9913379605431,186.6910899150909,189.28531136173234,2859339
2026-01-09,196.97531127929688,198.08711638573286,192.80603152713522,192.9913300219797,3180051
2026-01-12,201.23724365234375,201.51519847771797,197.16062000475387,197.25326218829883,2860035
2026-01-13,200.77398681640625,202.4417016021588,198.17976538716556,201.79314977919097,2566827
2026-01-14,204.3873748779297,205.49918004260252,201.14460156750158,201.14460156750158,2674700
2026-01-15,207.25953674316406,207.44483524744751,201.23724346104896,202.90495827433938,1835922
2026-01-16,213.09652709960938,213.09652709960938,205.6844739831012,207.25953244288533,2436034
2026-01-19,210.50230407714844,215.41279205688681,207.72278417964023,214.3936291061861,2255967
2026-01-20,205.40652465820312,212.07736981402587,202.90495949194082,210.50231131211032,3210087
2026-01-21,208.8345947265625,208.8345947265625,204.10941926068924,205.4065229248812,2330485
2026-01-22,216.80255126953125,216.80255126953125,207.81543979224247,208.92724491999698,2849112
2026-01-23,216.52459716796875,219.7673703814221,215.0421950385259,218.19231193379005,1705608
2026-01-26,217.6363983154297,220.13797748705338,213.18917787114094,215.7833850845197,2135359
2026-01-27,209.5758056640625,217.54376867103173,208.46400048892886,217.45111234919983,3755927
2026-01-28,209.3905029296875,212.63327620514724,207.72278813197713,210.4096658997798,3279484
2026-01-29,208.741943359375,211.24350839446726,207.07422862352382,209.39049516293684,3097655
2026-01-30,212.44796752929688,212.44796752929688,205.40651167053835,208.74194110623847,3514572
2026-02-02,207.7227783203125,212.3553113521543,202.34903717590223,212.3553113521543,2694976
2026-02-03,212.07736206054688,214.57894127272203,208.46399185664603,208.46399185664603,2338306
2026-02-04,209.66845703125,213.7450806228626,207.72278741771657,212.63327547400183,2359089
2026-02-05,209.66845703125,212.07736583088672,208.37133924310453,209.29784589005007,2375569
2026-02-06,213.4671173095703,213.5597736255268,207.53748065994796,209.66844869062655,2718225
2026-02-09,223.28810119628906,223.38075751563363,215.13483990189673,216.15400286520932,4081203
2026-02-10,216.33929443359375,225.23376358559702,214.9495345121788,224.0293021595636,3403279
2026-02-11,217.9143524169922,218.0996509120052,209.39049441007361,213.74507266103942,1610126
2026-02-12,221.62039184570312,223.93665851243784,218.84087184562148,223.93665851243784,3061347
2026-02-13,219.3967742919922,224.58520297258286,217.63640320069143,221.62038456404971,2492014
2026-02-16,224.1219482421875,226.99412445141846,219.58207140810683,219.58207140810683,3450616
2026-02-17,224.39990234375,228.84713698304,221.6203824613649,224.12194752803765,2658409
2026-02-18,219.6747283935547,226.80882664194448,218.2849684437111,225.41906669210093,2965691
2026-02-19,209.853759765625,220.69388492604426,208.64929827282958,219.76737826041236,2311656
2026-02-20,208.55665588378906,213.0965328859772,205.22122623584326,210.7802662241731,1780151
2026-02-23,211.24351501464844,212.35532016093586,208.09339807727252,211.24351501464844,2363899
2026-02-24,208.00074768066406,210.87292401628042,206.610987673889,210.78026769421413,1945863
2026-02-25,202.7196502685547,208.5566447728055,200.58868222574958,208.371332139838,2330812
2026-02-26,204.75796508789062,204.75796508789062,198.55037349867277,202.53435483238158,2381246
2026-02-27,202.9049530029297,208.09339581229023,200.68134273455763,205.6844729070794,2867780
2026-03-02,187.6175994873047,190.1191646529948,182.61446915592447,182.61446915592447,5133211
2026-03-03,182.9850616455078,189.28530963343462,182.9850616455078,187.6175948517232,2127195
2026-03-04,178.4451904296875,183.72627562514197,178.4451904296875,182.89241113909978,2144415
2026-03-05,180.29820251464844,186.22783951079037,180.29820251464844,186.22783951079037,1745686
2026-03-06,180.39083862304688,181.87325489083912,177.98192985959605,180.29819644216565,1585207
2026-03-09,178.72312927246094,179.1863826030141,173.81265527849322,177.5186819229185,1931838
2026-03-10,186.4131317138672,187.15433984766844,181.96589704842893,182.5218066831222,1843016
2026-03-11,184.65277099609375,188.54409594738667,182.5218029564382,186.69108271940252,1196011
2026-03-12,183.7262725830078,186.32049404545648,182.5218111035813,184.37482441427755,1254862
2026-03-13,183.81890869140625,183.91156500882687,180.57613550485263,183.7262665113548,912755
2026-03-16,181.5026397705078,185.11602404240992,180.94674428531675,185.02336772619358,1007701
2026-03-17,182.8924102783203,183.26302142727363,181.13205326724386,181.5026502788274,1027808
2026-03-18,181.59530639648438,184.46748271382566,180.39084490413578,183.63361823264444,1472330
2026-03-19,191.32362365722656,191.32362365722656,181.03939416404523,182.1512134564526,1604911
2026-03-23,182.5218048095703,189.5632608023491,178.25986868698803,188.4514415443752,5833003
2026-03-24,179.27903747558594,182.52181076325803,179.27903747558594,182.52181076325803,1933494
2026-03-25,181.22470092773438,182.33650604671936,180.02023949159684,180.8540897964933,1898676
2026-03-26,179.00108337402344,182.15121449146122,178.72312854934222,180.66879818474112,1627250
2026-03-27,178.72312927246094,180.0202470804316,177.14807077605414,178.90844191457796,1503428
2026-03-30,175.57301330566406,179.0937414659165,175.29505847823393,178.72313031688637,1605101
2026-03-31,178.72312927246094,180.0202470804316,175.66566860070586,175.66566860070586,1579082
2026-04-01,180.94674682617188,182.0585519495349,180.0202402004745,180.85409050865448,1248055
2026-04-02,179.55699157714844,180.39084190710625,177.98193309980064,179.55699157714844,852779
2026-04-03,179.46434020996094,181.13205505327068,178.90844468710432,179.83495136256863,898602
2026-04-06,180.29820251464844,181.03939653613887,179.37169585041565,179.55699435578825,979755
2026-04-07,176.4068603515625,181.132049917399,176.03626334683278,180.11288694833794,1284924
2026-04-08,182.0585479736328,184.56011298091124,181.132041368169,181.96589165813887,2957403
2026-04-09,187.98818969726562,189.28530746255112,185.30132612342368,185.30132612342368,3931831
2026-04-10,189.10000610351562,190.67506452426605,187.24699287031063,189.47060309520901,3696587
2026-04-13,191.0,192.39999389648438,185.1999969482422,190.0,2856742
2026-04-14,189.89999389648438,193.60000610351562,189.0,192.0,2032927
2026-04-15,190.60000610351562,192.6999969482422,189.6999969482422,190.1999969482422,2275730
2026-04-16,188.5,192.6999969482422,188.0,191.1999969482422,1856656
2026-04-17,190.89999389648438,191.5,187.39999389648438,188.60000610351562,2976471
2026-04-20,187.3000030517578,189.3000030517578,186.8000030517578,189.1999969482422,2199770
2026-04-21,185.3000030517578,188.0,184.89999389648438,187.60000610351562,1525759
2026-04-22,183.5,186.5,183.10000610351562,185.3000030517578,1497766
2026-04-24,184.3000030517578,185.5,183.0,184.0,1224718
2026-04-27,183.1999969482422,185.0,183.1999969482422,184.3000030517578,1429282
2026-04-28,181.5,183.60000610351562,179.5,183.1999969482422,1717509
2026-04-29,180.3000030517578,183.0,179.89999389648438,182.0,993170
2026-04-30,180.5,180.60000610351562,179.5,180.60000610351562,1107474
2026-05-04,178.0,183.5,177.8000030517578,182.10000610351562,1248729
2026-05-05,181.1999969482422,181.60000610351562,177.39999389648438,178.1999969482422,1567086
2026-05-06,185.39999389648438,185.60000610351562,181.8000030517578,182.3000030517578,1917426
2026-05-07,188.3000030517578,190.3000030517578,185.10000610351562,185.5,2059322
2026-05-08,185.89999389648438,188.60000610351562,185.1999969482422,188.39999389648438,1231098
2026-05-11,184.60000610351562,185.89999389648438,183.0,185.89999389648438,1492636
2026-05-12,184.5,185.8000030517578,183.3000030517578,184.60000610351562,1771101
2026-05-13,181.89999389648438,186.5,181.3000030517578,186.39999389648438,1268317
2026-05-14,184.10000610351562,186.1999969482422,182.39999389648438,182.5,1489724
2026-05-15,181.89999389648438,186.5,180.89999389648438,184.10000610351562,1853427
2026-05-18,178.0,181.8000030517578,178.0,181.8000030517578,1266215
2026-05-20,184.3000030517578,185.1999969482422,177.8000030517578,178.10000610351562,1723288
2026-05-21,176.3000030517578,186.10000610351562,175.3000030517578,184.3000030517578,1319100
2026-05-22,180.89999389648438,182.60000610351562,170.10000610351562,171.3000030517578,1954130
2026-05-25,184.0,184.0,180.3000030517578,180.89999389648438,1186728
2026-05-26,184.8000030517578,188.8000030517578,183.5,184.5,906675
2026-05-27,184.8000030517578,184.8000030517578,184.8000030517578,184.8000030517578,0
2026-05-28,184.8000030517578,184.8000030517578,184.8000030517578,184.8000030517578,0
2026-05-29,184.8000030517578,184.8000030517578,184.8000030517578,184.8000030517578,0
2026-06-01,183.10000610351562,187.10000610351562,182.6999969482422,185.0,1293052
2026-06-02,191.8000030517578,191.8000030517578,184.0,185.0,2259623
2026-06-03,186.39999389648438,191.89999389648438,186.10000610351562,191.8000030517578,1212298
2026-06-04,185.1999969482422,188.1999969482422,184.1999969482422,186.5,1184158
2026-06-05,183.10000610351562,185.8000030517578,183.0,185.1999969482422,918170
2026-06-08,182.1999969482422,183.6999969482422,180.0,182.5,1265101
2026-06-09,190.5,190.5,180.60000610351562,182.39999389648438,2293188
2026-06-10,200.89999389648438,200.89999389648438,185.0,190.39999389648438,4168373
2026-06-11,205.39999389648438,209.10000610351562,197.8000030517578,200.89999389648438,5191941
2026-06-12,200.5,208.10000610351562,200.5,205.89999389648438,2285502
2026-06-15,204.0,205.5,197.8000030517578,204.0,3098088
2026-06-16,202.0,205.1999969482422,201.0,204.0,2103829
2026-06-17,197.0,204.1999969482422,197.0,202.0,1238972
2026-06-18,197.3000030517578,199.6999969482422,196.5,198.0,1291294
2026-06-19,199.0,199.8000030517578,194.39999389648438,196.3000030517578,1266748
2026-06-22,193.8000030517578,201.89999389648438,193.8000030517578,201.60000610351562,1260506
2026-06-23,189.0,193.8000030517578,189.0,193.0,1207917
2026-06-24,186.60000610351562,190.5,185.6999969482422,189.0,807222
2026-06-25,185.0,190.3000030517578,185.0,189.89999389648438,797927
2026-06-26,183.89999389648438,186.10000610351562,183.1999969482422,185.0,937617
2026-06-29,183.0,185.0,182.5,183.89999389648438,1021434
2026-06-30,179.3000030517578,184.6999969482422,178.6999969482422,183.0,1600565
2026-07-01,184.60000610351562,185.60000610351562,179.3000030517578,179.3000030517578,1133563
2026-07-02,184.3000030517578,186.39999389648438,183.1999969482422,184.6999969482422,700020
2026-07-03,186.39999389648438,187.3000030517578,184.3000030517578,184.8000030517578,672916
2026-07-06,184.60000610351562,190.0,184.5,186.89999389648438,635470
2026-07-07,184.1999969482422,185.6999969482422,182.3000030517578,184.0,513617
2026-07-08,182.10000610351562,185.10000610351562,182.0,184.1999969482422,662431
2026-07-09,182.0,183.39999389648438,181.0,183.39999389648438,571599
2026-07-10,186.0,187.89999389648438,182.0,182.10000610351562,802724
2026-07-13,184.39999389648438,187.1999969482422,184.0,185.39999389648438,662126
2026-07-14,184.0,185.0,182.5,183.8000030517578,542652
2026-07-16,186.60000610351562,187.8000030517578,184.0,184.0,980439
2026-07-17,185.0,189.10000610351562,185.0,186.60000610351562,1222047
2026-07-20,185.0,186.6999969482422,183.89999389648438,185.0,789782
2026-07-21,186.0,187.0,184.8000030517578,185.10000610351562,731814
2026-07-22,187.0,187.39999389648438,185.6999969482422,186.1999969482422,636902
2026-07-23,185.89999389648438,193.89999389648438,185.89999389648438,188.3000030517578,1432619
2026-07-24,186.3000030517578,187.3000030517578,185.10000610351562,186.10000610351562,625948
2026-07-27,186.6999969482422,189.10000610351562,185.89999389648438,187.1999969482422,741522
2026-07-28,183.5,186.0,183.0,186.0,701363
2026-07-29,181.89999389648438,185.5,181.10000610351562,183.5,737927
2026-07-30,181.5,183.89999389648438,181.10000610351562,181.89999389648438,685745
2026-08-03,187.1999969482422,191.0,186.3000030517578,190.5,729753
2026-08-04,188.0,188.1999969482422,185.0,187.5,909539
2026-08-05,191.8000030517578,192.1999969482422,187.39999389648438,188.0,1017515
2026-08-06,190.1999969482422,192.6999969482422,190.1999969482422,191.8000030517578,622511
2026-08-07,194.3000030517578,194.89999389648438,190.10000610351562,190.1999969482422,1101512
