Price,Close,High,Low,Open,Volume
2021-08-10,1.6338200569152832,1.6514829593771994,1.6249886056843252,1.6426515081462414,133371338
2021-08-11,1.616157054901123,1.651482857648952,1.6073256042141657,1.6338199562750375,143444361
2021-08-12,1.6249885559082031,1.633820006868639,1.6161571049477672,1.6249885559082031,63842089
2021-08-13,1.6249885559082031,1.633820006868639,1.6161571049477672,1.6249885559082031,37296925
2021-08-16,1.6426514387130737,1.6426514387130737,1.6249885369977501,1.6249885369977501,73539665
2021-08-17,1.6338200569152832,1.6426515081462414,1.6249886056843252,1.6426515081462414,64032180
2021-08-18,1.6249885559082031,1.642651457829075,1.6161571049477672,1.642651457829075,97033711
2021-08-19,1.6249885559082031,1.6514829087895109,1.6249885559082031,1.633820006868639,226553747
2021-08-20,1.6338200569152832,1.6426515081462414,1.6249886056843252,1.6338200569152832,84443121
2021-08-23,1.6426514387130737,1.6691457912860592,1.633819987855412,1.6426514387130737,122098207
2021-08-24,1.6514829397201538,1.6691458419718344,1.6426514885943135,1.6514829397201538,127694491
2021-08-25,1.6249885559082031,1.6603143597499468,1.6249885559082031,1.6514829087895109,89847646
2021-08-26,1.607325553894043,1.633819905125463,1.607325553894043,1.6249884547149895,97876716
2021-08-27,1.607325553894043,1.6249884547149895,1.607325553894043,1.6161570043045161,55349817
2021-08-31,1.6249885559082031,1.6249885559082031,1.6073256539873313,1.6249885559082031,67167437
2021-09-01,1.616157054901123,1.6338199562750375,1.616157054901123,1.6338199562750375,68585482
2021-09-02,1.6426514387130737,1.6426514387130737,1.6161570861400885,1.6161570861400885,64894550
2021-09-03,1.6426514387130737,1.6514828895707356,1.6249885369977501,1.6514828895707356,50736486
2021-09-06,1.6603143215179443,1.6691457722750187,1.6426514200037956,1.6426514200037956,42819029
2021-09-07,1.6338200569152832,1.6691458618391155,1.6249886056843252,1.6603144106081573,77152328
2021-09-08,1.616157054901123,1.6426514069619946,1.6073256042141657,1.6338199562750375,93827269
2021-09-09,1.6514829397201538,1.6514829397201538,1.6073256840909527,1.6073256840909527,62200284
2021-09-10,1.6426514387130737,1.6514828895707356,1.6249885369977501,1.6514828895707356,102140890
2021-09-13,1.6249885559082031,1.642651457829075,1.6161571049477672,1.633820006868639,80019735
2021-09-14,1.6338200569152832,1.6426515081462414,1.6161571544533673,1.6249886056843252,104000778
2021-09-15,1.616157054901123,1.651482857648952,1.616157054901123,1.6338199562750375,96912445
2021-09-16,1.616157054901123,1.6338199562750375,1.616157054901123,1.616157054901123,99417019
2021-09-17,1.607325553894043,1.6249884547149895,1.5984939982043762,1.6161570043045161,70219219
2021-09-20,1.5719997882843018,1.5984941418973713,1.5543368858755886,1.5984941418973713,132343032
2021-09-21,1.5631682872772217,1.5896626400461782,1.5543368363542363,1.5896626400461782,182250445
2021-09-22,1.5808311700820923,1.5808311700820923,1.5543368176322603,1.5719997192654815,76433832
2021-09-23,1.607325553894043,1.633819905125463,1.5543367461520097,1.5808310973834296,309466201
2021-09-24,1.5808311700820923,1.6073256278111228,1.5719997192654815,1.5984940717153138,180419898
2021-09-27,1.5719997882843018,1.5896626906930147,1.5543368858755886,1.5896626906930147,117403916
2021-09-28,1.5719997882843018,1.5808312394886581,1.5543368858755886,1.5719997882843018,83965882
2021-09-29,1.5719997882843018,1.5896626906930147,1.5719997882843018,1.5719997882843018,84906262
2021-09-30,1.5808311700820923,1.589662620898703,1.5719997192654815,1.5808311700820923,88004949
2021-10-01,1.5631682872772217,1.5808311891231928,1.5631682872772217,1.571999738200207,37090794
2021-10-04,1.5808311700820923,1.589662620898703,1.563168268448871,1.5719997192654815,92467532
2021-10-05,1.5719997882843018,1.5896626906930147,1.5631683370799452,1.5896626906930147,74074837
2021-10-06,1.5543369054794312,1.571999808110915,1.5366740028479473,1.563168356795173,90948775
2021-10-07,1.5719997882843018,1.5719997882843018,1.5543368858755886,1.5631683370799452,84296361
2021-10-08,1.5719997882843018,1.5896626906930147,1.5543368858755886,1.5631683370799452,251803201
2021-10-11,1.5808311700820923,1.5984940717153138,1.5719997192654815,1.5719997192654815,129741083
2021-10-12,1.616157054901123,1.6249885055880802,1.5719996961871403,1.5808311468740974,219606028
2021-10-13,1.607325553894043,1.642651355535936,1.5984939982043762,1.6249884547149895,365682600
2021-10-14,1.6249885559082031,1.6249885559082031,1.5984940977476956,1.6073256539873313,117214939
2021-10-15,1.6603143215179443,1.677977223032093,1.6249885184896469,1.6249885184896469,438656479
2021-10-18,1.695640206336975,1.695640206336975,1.6514829504216382,1.6603144016047056,180564730
2021-10-19,1.686808705329895,1.730966065220139,1.686808705329895,1.704471607174313,310659662
2021-10-20,1.695640206336975,1.730966116348447,1.6779773039708403,1.6868087551539077,350190296
2021-10-21,1.7133032083511353,1.7397975618132573,1.6779772984557701,1.6868087496098108,394207425
2021-10-22,1.7309659719467163,1.7397974223930408,1.6956400648822243,1.713303071054067,189835978
2021-10-25,1.7397974729537964,1.7662918250627302,1.7133031208448628,1.7133031208448628,223116926
2021-10-26,1.7397974729537964,1.775123275765708,1.7309660222508185,1.7486289236567745,133368296
2021-10-27,1.7397974729537964,1.7574603743597523,1.7309660222508185,1.7397974729537964,200524173
2021-10-28,1.7397974729537964,1.7397974729537964,1.7221345715478407,1.7397974729537964,27935639
2021-11-01,1.7927861213684082,1.8016175717964933,1.7309659683718113,1.7397974187998964,190751987
2021-11-02,1.7927861213684082,1.8104490222245786,1.7662917700841523,1.783954670940323,161100419
2021-11-03,1.757460355758667,1.801617608806193,1.70447154682244,1.792786158196688,472624058
2021-11-04,1.8104490041732788,1.8104490041732788,1.7662917524731276,1.7662917524731276,273504341
2021-11-05,1.8192806243896484,1.8634378802130078,1.8104491732249766,1.8104491732249766,290663798
2021-11-08,1.8546063899993896,1.8634378409781143,1.810449135105766,1.8281120370632156,112957780
2021-11-09,1.8722691535949707,1.8987637151315804,1.8546062529428209,1.8546062529428209,305816647
2021-11-10,1.8634377717971802,1.8987637849589856,1.8546063211463268,1.8722692224480335,259530533
2021-11-11,1.8016176223754883,1.8634377771076374,1.7927861716994669,1.854606326431616,189623786
2021-11-12,1.8192806243896484,1.845774977883664,1.8016177220603045,1.8104491732249766,92217476
2021-11-15,1.9252581596374512,1.9340896103925518,1.836943441528052,1.8457748922831523,298607546
2021-11-16,1.8457748889923096,1.9252581562048972,1.8457748889923096,1.9164267054655424,168699039
2021-11-17,1.9252581596374512,1.9252581596374512,1.836943441528052,1.8457748922831523,299166454
2021-11-18,1.89876389503479,1.9605840531746228,1.8546064286622193,1.9164267973604565,369102263
2021-11-19,1.9252581596374512,1.960583962657853,1.9164267088823508,1.9164267088823508,167013214
2021-11-22,1.9340895414352417,1.9605838927559232,1.9252580909950143,1.9429209918754689,99016866
2021-11-23,1.9164267778396606,1.9517525821311636,1.8634378608440036,1.9340896799854121,342142546
2021-11-24,1.960584044456482,1.987078397827169,1.9340896910857948,1.9340896910857948,261845030
2021-11-25,1.9517526626586914,1.987078468407705,1.9517526626586916,1.9694155655331982,137428307
2021-11-26,1.960584044456482,1.9694154955800443,1.8899324354679827,1.9340896910857948,411385769
2021-11-29,1.9959098100662231,2.0224041629207448,1.9694154572117015,1.987078359114716,300780975
2021-11-30,1.978247046470642,2.0224043043153945,1.9694155949016916,1.9870784980395926,175418569
2021-12-01,2.013572931289673,2.031235835116549,1.9959100274627968,2.004741479376235,282405915
2021-12-02,2.084224224090576,2.1018873357427377,2.0400669713561466,2.0400669713561466,402184360
2021-12-03,2.0930557250976562,2.110718837175647,2.084224274337858,2.101887386415849,171906283
2021-12-06,2.1018874645233154,2.119550366699276,2.0930558028769326,2.1018874645233154,147758120
2021-12-07,2.1195502281188965,2.1548760301611467,2.0842242155182573,2.110718777608334,272904882
2021-12-08,2.2431905269622803,2.2608534279180157,2.1107187697942646,2.1372131212278678,787506148
2021-12-09,2.2343590259552,2.2785162773459384,2.207864675120757,2.2520219265114956,516419283
2021-12-10,2.21669602394104,2.2785161730585743,2.137212975075639,2.2431903735628405,494760382
2021-12-13,2.2343590259552,2.296179177902234,2.216696125398905,2.2343590259552,599228629
2021-12-14,2.3756628036499023,2.3756628036499023,2.243190818695167,2.2520222703215884,665011403
2021-12-15,2.305011034011841,2.4551459257322144,2.2961795821787847,2.4109886665669342,609459952
2021-12-16,2.4463140964508057,2.4728084478620893,2.322673789864815,2.3315052403352428,523283642
2021-12-17,2.207864761352539,2.5522917567692276,2.207864761352539,2.499302842472389,709666700
2021-12-20,2.066561460494995,2.2961794005499945,1.9870784002846351,2.0753929116294794,404299735
2021-12-21,1.9252581596374512,2.1902018928488594,1.89876380737215,2.163707540583558,368983578
2021-12-22,1.8811010122299194,2.022404232301601,1.8811010122299194,1.8899324634843995,296970343
2021-12-23,1.8722691535949707,1.9605838674141052,1.828111901964596,1.9164266157837302,194762037
2021-12-24,1.960584044456482,1.960584044456482,1.8722693226624545,1.8987638865915453,171786902
2021-12-27,1.960584044456482,2.004741300074294,1.9252582399622324,1.960584044456482,299386805
2021-12-28,1.9429210424423218,2.0488984504832377,1.9340895917722456,1.9959097464627797,470299461
2021-12-29,1.9429210424423218,1.9694153944525508,1.8987637890919404,1.9517524931123982,310132243
2021-12-30,1.9340895414352417,1.9694153431961503,1.9252580909950143,1.9605838927559232,185411273
2021-12-31,1.88993239402771,1.9429210996072086,1.8811009430977934,1.9429210996072086,131070538
2022-01-03,1.9694156646728516,1.9694156646728516,1.8899325977364232,1.9075955015000738,166473217
2022-01-04,1.9959098100662231,2.0224041629207448,1.9517525553086872,1.9782469081632088,273350002
2022-01-05,2.022404193878174,2.031235644964866,1.9694154873580196,1.9959098406180968,166360497
2022-01-06,1.9959098100662231,2.0400670648237593,1.9959098100662231,2.0047412610177306,189706095
2022-01-07,2.066561460494995,2.0753929116294794,2.004741302553604,2.0135727536880883,240845338
2022-01-10,2.1372132301330566,2.1725390338446116,2.0753928630794367,2.0842243140073253,341521866
2022-01-11,2.0930557250976562,2.172538992494232,2.0753928235780603,2.1548760909746365,367398640
2022-01-12,2.1018874645233154,2.1372132688752363,2.0842243517889525,2.119550366699276,173810505
2022-01-13,2.0930557250976562,2.110718837175647,2.084224274337858,2.0930557250976562,158657571
2022-01-14,2.1460444927215576,2.1548759428743876,2.0930555812461953,2.101887241957406,429876051
2022-01-17,2.21669602394104,2.234358923688907,2.1548758748235057,2.163707324697439,330163626
2022-01-18,2.1018874645233154,2.2431906819309986,2.1018874645233154,2.207864877579078,314809864
2022-01-19,2.181370258331299,2.1990331583535463,2.066561197628315,2.1018872082311866,538121874
2022-01-20,2.1195502281188965,2.207864733224522,2.09305566602882,2.1990332827139594,384094081
2022-01-21,2.1637072563171387,2.1637072563171387,2.093055449000128,2.1195500083429866,241893593
2022-01-24,2.031235694885254,2.172539126303459,2.0224042435815166,2.1637076749997215,393172008
2022-01-25,2.040066957473755,2.066561308934122,2.022404056500177,2.048898407960544,133600808
2022-01-26,2.031235694885254,2.0753929514039404,2.031235694885254,2.0488985974927285,192648007
2022-01-27,2.048898696899414,2.057730148631628,1.987078534773916,1.99590998650613,160715306
2022-01-28,2.084224224090576,2.128381687383395,2.0488984219030324,2.0577298724499182,379548073
2022-01-31,2.1283817291259766,2.154876081286251,2.1018873769657023,2.1107188276857936,192100886
2022-02-01,2.190201759338379,2.199033209555131,2.137213058037865,2.146044508254618,145638237
2022-02-02,2.1460444927215576,2.2166960939441998,2.1372130425687272,2.199033193638539,234146358
2022-02-03,2.1018874645233154,2.1725390732271572,2.0930558028769326,2.1372132688752363,152861010
2022-02-04,2.066561460494995,2.1195503778603055,2.066561460494995,2.1195503778603055,148316825
2022-02-07,2.048898696899414,2.0665616003638423,1.987078534773916,2.0665616003638423,305585664
2022-02-08,2.040066957473755,2.075392759420911,2.031235506986966,2.057729858447333,115307975
2022-02-09,2.066561460494995,2.0930558138984483,2.048898558226026,2.0577300093605104,190488455
2022-02-10,2.057729959487915,2.0842243122492325,2.0400670576470366,2.066561410408354,172397442
2022-02-11,2.048898696899414,2.0665616003638423,1.99590998650613,2.031235793434986,230548673
2022-02-14,1.9959098100662231,2.031235613872252,1.9782469081632088,2.0135727119692377,289020984
2022-02-15,2.040066957473755,2.057729858447333,1.99590970503981,2.004741155526599,228102804
2022-02-16,2.084224224090576,2.093055674637462,2.0488984219030324,2.0488984219030324,205442293
2022-02-17,2.031235694885254,2.1018875158735604,2.0135727922777793,2.093055854011415,192423204
2022-02-18,2.057729959487915,2.066561410408354,2.0400670576470366,2.0400670576470366,79888780
2022-02-21,2.031235694885254,2.093055854011415,2.0135727922777793,2.0753929514039404,114261938
2022-02-22,1.9694156646728516,2.004741472200153,1.960584212791026,1.9959100203183275,178920444
2022-02-23,1.9517526626586914,1.9959099198449584,1.9517526626586916,1.987078468407705,76721345
2022-02-24,1.757460355758667,1.8281119606347087,1.757460355758667,1.7839547075871827,132088535
2022-02-25,1.8016176223754883,1.8369434250795733,1.7309660169673178,1.766291819671403,322090178
2022-02-28,1.757460355758667,1.7839547075871827,1.7397974545396566,1.757460355758667,177793332
2022-03-01,1.7751232385635376,1.8104490406351084,1.7574603375277524,1.7751232385635376,167976710
2022-03-02,1.757460355758667,1.7839547075871827,1.757460355758667,1.7751232569776776,65473196
2022-03-03,1.7839546203613281,1.8104489708944114,1.7662917200059391,1.7751231701836336,130420627
2022-03-04,1.8016176223754883,1.828111974403552,1.7751232703474242,1.7751232703474242,177348634
2022-03-07,1.8546063899993896,1.8634378409781143,1.783954782169592,1.7927862331483166,302295828
2022-03-08,1.8811010122299194,1.8987639147388797,1.8369435453991123,1.8369435453991123,266293025
2022-03-09,1.9252581596374512,1.9340896103925518,1.89876380737215,1.89876380737215,169713191
2022-03-10,1.8722691535949707,1.95175241708803,1.8722691535949707,1.9429209667619551,237951281
2022-03-11,1.8634377717971802,1.8899323343081325,1.8546063211463268,1.8634377717971802,148305697
2022-03-14,1.9075952768325806,1.9164267276742795,1.863437812065688,1.8722692629073872,103036966
2022-03-15,1.9164267778396606,1.9340896799854121,1.8811009735481576,1.8987638756939091,137592614
2022-03-16,1.9694156646728516,1.9959100203183275,1.9252584052637247,1.93408985714555,376859305
2022-03-17,1.9870784282684326,2.013572782045003,1.9782469770095759,1.9870784282684326,167843157
2022-03-18,1.978247046470642,1.995909949608543,1.9605841433327411,1.9870784980395926,58487882
2022-03-21,2.066561460494995,2.066561460494995,1.9870784002846351,1.9870784002846351,231686109
2022-03-22,2.066561460494995,2.0753929116294794,2.0312356559570572,2.0577300093605104,129960278
2022-03-23,2.066561460494995,2.1018874755913366,2.066561460494995,2.084224362763964,178605858
2022-03-24,1.9959098100662231,2.084224319581295,1.9782469081632088,2.075392868629788,237857971
2022-03-25,2.013572931289673,2.031235835116549,1.9959100274627968,1.9959100274627968,109714698
2022-03-28,2.066561460494995,2.084224362763964,2.0135727536880883,2.022404204822573,252652483
2022-03-29,2.0930557250976562,2.1372131894550406,2.084224274337858,2.084224274337858,226697070
2022-03-30,2.0930557250976562,2.128381738695243,2.0665613728182626,2.101887386415849,210420303
2022-03-31,2.075392723083496,2.1107187349705283,2.0665612727513345,2.1018872846383667,82573501
2022-04-01,2.1107187271118164,2.1195501774110967,2.066561265057031,2.0842241656555918,138233618
2022-04-04,2.21669602394104,2.234358923688907,2.1283815252017053,2.1283815252017053,732716227
2022-04-05,2.2873477935791016,2.2961792441119013,2.1990332882511012,2.2255276398495014,458743877
2022-04-06,2.2520222663879395,2.3315055414453116,2.243190814776944,2.2961795244429157,325488573
2022-04-07,2.2608535289764404,2.2873478815943207,2.243190627231187,2.2608535289764404,150758014
2022-04-08,2.313842296600342,2.3579997627124913,2.2696850410465954,2.2785164921573444,510262770
2022-04-11,2.4374825954437256,2.4463140457310497,2.3226737417085097,2.3226737417085097,672336649
2022-04-12,2.4021568298339844,2.4463140819239055,2.340336676908094,2.4374826315059215,528906070
2022-04-13,2.3933255672454834,2.4551457250230526,2.3668312139122394,2.4286513716898086,416693535
2022-04-14,2.63177490234375,2.63177490234375,2.446314222360847,2.446314222360847,883026835
2022-04-15,2.596449136734009,2.667100745170286,2.543460430406801,2.667100745170286,580160040
2022-04-18,2.5611231327056885,2.6141118348988965,2.534628571050699,2.6141118348988965,272718561
2022-04-19,2.5611231327056885,2.6141118348988965,2.534628571050699,2.578786033436758,382581361
2022-04-20,2.5699546337127686,2.59644898533145,2.5257971704565767,2.578786084252329,333804530
2022-04-21,2.7377524375915527,2.799572807428137,2.578786313733386,2.578786313733386,973511384
2022-04-22,2.5699546337127686,2.7995725582997304,2.5346286209961373,2.7377521939644174,619954723
2022-04-25,2.526653528213501,2.6090443258441325,2.49918992900329,2.5724261935638517,488735580
2022-04-26,2.380181074142456,2.572426510565753,2.3618720057460765,2.5449629079711835,537223490
2022-04-27,2.407644748687744,2.435108349613373,2.352717328575188,2.398489996784569,475627970
2022-04-28,2.4259538650512695,2.5174992033220973,2.407644797397104,2.4259538650512695,410655182
2022-04-29,2.4351084232330322,2.462572024988957,2.3710264675412356,2.4442629571516736,430028266
2022-05-05,2.4808809757232666,2.544962710128961,2.462571908750211,2.4900355092097946,269001678
2022-05-06,2.462571859359741,2.4717263926626614,2.41679919284514,2.462571859359741,184131104
2022-05-09,2.4534175395965576,2.490035675995396,2.4259539372974293,2.462572073696267,333966974
2022-05-10,2.5907351970672607,2.6456626124209754,2.5724261313697823,2.6273533284622173,217367823
2022-05-11,2.5174989700317383,2.5358080359892483,2.444262706201698,2.5358080359892483,295828603
2022-05-12,2.444262981414795,2.4900356514623683,2.3984900931059143,2.4808811174528533,456855998
2022-05-13,2.462571859359741,2.4808809259655815,2.42595372614806,2.462571859359741,199505573
2022-05-16,2.3984901905059814,2.499190286961271,2.3984901905059814,2.46257214943619,398140242
2022-05-17,2.407644748687744,2.4534174168971257,2.389335463142693,2.425953815971497,340284441
2022-05-18,2.3984901905059814,2.4442630806736494,2.380181121743441,2.407644943148568,286059904
2022-05-20,2.407644748687744,2.435108349613373,2.389335463142693,2.398489996784569,258529336
2022-05-23,2.352717161178589,2.435108176354626,2.3435626281880606,2.425953643364098,223122498
2022-05-24,2.343562602996826,2.3710262016732013,2.316099004320451,2.3710262016732013,202740086
2022-05-25,2.380181074142456,2.3984901425388356,2.3344084031515075,2.3527174715478867,240948695
2022-05-26,2.3893356323242188,2.407644919165694,2.3710265637440573,2.3893356323242188,176739335
2022-05-27,2.3618717193603516,2.4167991361506487,2.3618717193603516,2.398489851713026,147518519
2022-05-30,2.462571859359741,2.4808809259655815,2.3801808413721686,2.3893353746750887,305273979
2022-05-31,2.6273534297943115,2.6548172476610365,2.4717263653635015,2.4717263653635015,582960517
2022-06-01,2.5724263191223145,2.66397187255258,2.5541172520885205,2.5998899196730054,395962347
2022-06-02,2.5724263191223145,2.6273535202236964,2.5632717856054175,2.5724263191223145,256225045
2022-06-03,2.5449626445770264,2.618198910582864,2.5449626445770264,2.5907353108306745,202849429
2022-06-06,2.6273534297943115,2.645662714459224,2.563271697381625,2.563271697381625,383299554
2022-06-07,2.5998897552490234,2.6548171711379442,2.5815806893731437,2.6365081052620645,317139231
2022-06-08,2.4534175395965576,2.6365084398520575,2.4351084713971387,2.618199153391329,381306568
2022-06-09,2.4534175395965576,2.471726607795977,2.3710265144378626,2.462572073696267,304925147
2022-06-10,2.3710262775421143,2.4717263608390065,2.352717211172004,2.416799161728677,366887310
2022-06-13,2.3710262775421143,2.3984898770972793,2.343562677986949,2.343562677986949,269294399
2022-06-14,2.3618717193603516,2.40764460306248,2.352717186272183,2.398489851713026,202739645
2022-06-15,2.380181074142456,2.3984901425388356,2.3527174715478867,2.3710265399442663,125529498
2022-06-16,2.3344082832336426,2.398490019329111,2.2977901483219463,2.3893354856011872,214255057
2022-06-17,2.3984901905059814,2.3984901905059814,2.3344084498370896,2.35271751859963,125593943
2022-06-20,2.3984901905059814,2.4259540119111085,2.380181121743441,2.4167994775298385,152132953
2022-06-21,2.4259538650512695,2.444262932705435,2.3984900453087183,2.416799331224187,155739284
2022-06-22,2.416799306869507,2.416799306869507,2.389335487403715,2.4076447731346766,114803373
2022-06-23,2.3710262775421143,2.4351082280987866,2.3618717443570594,2.416799161728677,144924886
2022-06-24,2.380181074142456,2.389335608340646,2.3344084031515075,2.3710265399442663,137397547
2022-06-27,2.3069446086883545,2.3069446086883545,2.3069446086883545,2.3069446086883545,1319392
2022-06-28,2.3984901905059814,2.435108546292379,2.3710265873621705,2.3710265873621705,221138190
2022-06-29,2.316099166870117,2.3984899686816368,2.306944633335504,2.3893354351470233,227468922
2022-06-30,2.416799306869507,2.4991901104829797,2.3710264199340547,2.4076447731346766,424094649
2022-07-01,2.5724263191223145,2.5998899196730054,2.3984899640399755,2.407644715818168,274953038
2022-07-04,2.5907351970672607,2.6548171452697145,2.5541170656723042,2.609044262764739,329739716
2022-07-05,2.554117202758789,2.663971821101138,2.544962669418701,2.5815808027790537,419372636
2022-07-06,2.526653528213501,2.6181988589142025,2.49003539593322,2.5724261935638517,325273701
2022-07-07,2.5998897552490234,2.6090442881869635,2.499189892931685,2.5358080246834445,246448482
2022-07-08,2.5907351970672607,2.609044262764739,2.5815806642185217,2.5907351970672607,46647669
2022-07-13,2.5724263191223145,2.645662805518786,2.5449627185716235,2.5907353861561084,195905484
2022-07-14,2.700589895248413,2.737208027805877,2.5724262130360023,2.5815807461753684,282317022
2022-07-18,2.7188990116119385,2.7555171448439446,2.7005899449959356,2.7280535449199403,232253064
2022-07-19,2.764671802520752,2.8836809591396912,2.7097446002018417,2.7188991339216604,470195077
2022-07-20,2.7555172443389893,2.7921353788931875,2.7097445761462415,2.7738263116160886,342365512
2022-07-21,2.764671802520752,2.8287535385594804,2.737208201361297,2.7555172688009337,392540839
2022-07-22,2.8928353786468506,2.938608045438782,2.764671693368151,2.7738262267265377,520809862
2022-07-25,2.9019899368286133,2.9477626040120803,2.856217051383853,2.89283540339192,535191464
2022-07-26,2.9202990531921387,3.002689855518651,2.911144519600304,2.9202990531921387,546387939
2022-07-27,2.9477624893188477,2.956917022399351,2.8928352908358264,2.938607956238344,329415131
2022-07-28,2.883680820465088,3.0118442863792354,2.856217002365052,2.9660716199813257,426435893
2022-07-29,2.8287534713745117,2.892835424152547,2.8104444043697288,2.892835424152547,274290815
2022-08-01,2.874526262283325,2.8836807954836012,2.8104443116201074,2.8379079112209347,405031484
2022-08-02,2.819598913192749,2.901989932254416,2.8104443797704852,2.8745263319876244,326977237
2022-08-03,2.8928353786468506,2.8928353786468506,2.819598893518469,2.8379079602352415,260217963
2022-08-04,2.9569170475006104,2.9843806469752594,2.9111443817095286,2.9111443817095286,291055510
2022-08-05,3.204089879989624,3.249862548908644,2.9294536482142024,2.9660717833494186,571849016
2022-08-08,3.149162769317627,3.4146444750676563,3.1308537012149564,3.1949354395743033,734460884
2022-08-09,3.1674716472625732,3.240707915276549,3.0850806274855556,3.1491625802590795,515922340
2022-08-10,3.32309889793396,3.3871806317303843,3.149162545082373,3.158317078481862,553137155
2022-08-11,3.3414077758789062,3.4237985718176387,3.259016761678893,3.3505623087609875,508963462
2022-08-12,3.2407078742980957,3.3871806267352076,3.194935207368152,3.341407959805264,380493550
2022-08-15,3.2223987579345703,3.2956350238954006,3.1857806249541554,3.2590168909149853,374329523
2022-08-16,3.2407078742980957,3.2864805412280393,3.0850805884749954,3.2407078742980957,486107838
2022-08-17,3.442107677459717,3.506189408376694,3.2864803984000615,3.2864803984000615,731977528
2022-08-18,3.3322532176971436,3.414644013010335,3.23155313849752,3.368871348947451,771010953
2022-08-19,3.350562334060669,3.432953130621524,3.2956349180921505,3.350562334060669,616686119
2022-08-22,3.5519626140594482,3.597735283155822,3.3963353208704747,3.4054898546897494,821790442
2022-08-23,3.6343531608581543,3.6984348930514614,3.542807610892143,3.570271428664847,839734610
2022-08-24,3.4787261486053467,3.6892808643852524,3.4512625469630906,3.6709717966237485,628167666
2022-08-25,3.5153441429138184,3.5702715622531507,3.4787260088617935,3.4970350758878057,688329828
2022-08-26,3.6251986026763916,3.7258986851181164,3.55196233781789,3.55196233781789,41868203
2022-08-29,3.6892805099487305,3.7350529566937363,3.579425895672353,3.625198560678642,528464744
2022-08-31,3.670971632003784,3.7625169667060727,3.661816880272261,3.7167440810936343,704967927
2022-09-01,3.6618168354034424,3.7533621689840118,3.6618168354034424,3.69843496883567,734785648
2022-09-02,3.707589626312256,3.753362073678999,3.680125808674152,3.6984348749253635,548368059
2022-09-05,4.0096893310546875,4.0554617772038135,3.7258985934488846,3.7350529080696853,31662477
2022-09-06,4.128698825836182,4.275171364332731,3.908989581568759,4.110389322001515,605799574
2022-09-07,4.467416286468506,4.54065254747249,4.1103888592902615,4.156161740679026,283366342
2022-09-08,4.476571083068848,4.705434641621771,4.412489566048491,4.504034902165141,1048953157
2022-09-09,4.677971363067627,4.769516701219883,4.485725934686587,4.549807453131864,24074983
2022-09-12,4.897679805755615,4.952607004510029,4.732898209492372,4.796979723111236,53758327
2022-09-13,4.412489414215088,5.044152866468378,4.412489414215088,5.007534296759165,46951786
2022-09-14,4.0463080406188965,4.165317203348304,3.9730717671000675,4.073771424927146,689424165
2022-09-15,3.643507719039917,4.165316768122728,3.643507719039917,4.092080065733631,623603432
2022-09-16,4.000535011291504,4.000535011291504,3.5244988135694326,3.570271701176839,688826200
2022-09-19,3.6068897247314453,4.220244129720657,3.6068897247314453,4.064616840511741,681341089
2022-09-20,3.670971632003784,3.7991351005869882,3.4237987917850154,3.7716712819150073,659397943
2022-09-21,3.5702714920043945,3.680125891998971,3.5153440737458155,3.6343532253345643,595260705
2022-09-22,3.6892805099487305,3.7899801547012837,3.5336530124047805,3.561116829669837,866319937
2022-09-23,3.6343531608581543,3.7808259098470005,3.625198627687682,3.6984348930514614,379428591
2022-09-26,3.5977351665496826,3.643507834162519,3.515344146585281,3.6160442335948173,331626475
2022-09-27,3.643507719039917,3.780825935800928,3.6068895861066577,3.616044119339972,600740819
2022-09-28,3.5428078174591064,3.707589860657967,3.53365328375487,3.6343533727627735,420786944
2022-09-29,3.497035264968872,3.6251989593419323,3.2590171625000233,3.5794262893020203,406185516
2022-09-30,3.5428078174591064,3.570271636833117,3.460417014120976,3.5061896826421597,403467701
2022-10-03,3.8815255165100098,3.890680267847544,3.5519623257650568,3.570271391917554,567808876
2022-10-04,3.85406231880188,3.9181442716439805,3.799135117732618,3.899835204620893,431131291
2022-10-05,3.8632164001464844,3.991380298070763,3.7899801364883614,3.872371151365032,751898501
2022-10-06,3.936453342437744,3.9822257917780117,3.8723713895342606,3.908989523615511,625703810
2022-10-07,3.936453342437744,3.973071476518995,3.8815257047932774,3.9456076576967614,537922822
2022-10-10,3.9547624588012695,4.009689660608185,3.936453391532298,3.963916774174457,577406128
2022-10-11,3.945607900619507,4.0096898574683815,3.918144516629002,3.963916968787383,459270337
2022-10-12,3.789980173110962,3.9639165192410335,3.789980173110962,3.9547622044565918,427835914
2022-10-13,3.817444324493408,3.854062459879991,3.7258989860269516,3.799135256800117,344596705
2022-10-14,3.8632164001464844,3.89983496849811,3.81744395362144,3.8906802172795625,430222135
2022-10-17,4.110389232635498,4.119543984353793,3.8723713627534693,3.8815256779491762,962032300
2022-10-18,4.018844127655029,4.247707695415927,3.982225991735095,4.1561623556160905,885208952
2022-10-19,4.073770999908447,4.110389132847472,4.000534734030397,4.055461933438934,515408148
2022-10-20,4.11954402923584,4.201935049507787,4.082925895008884,4.092080210304327,796287687
2022-10-21,4.247707366943359,4.3575622027307706,4.101234834590251,4.128698652667748,685376324
2022-10-24,4.238553047180176,4.33925269479874,4.238553047180176,4.311789313274615,462663206
2022-10-25,4.147007942199707,4.311789549957388,4.128698874671076,4.247707595345878,545239538
2022-10-26,4.1836256980896,4.266016276239975,4.156161881024432,4.156161881024432,427544742
2022-10-27,4.137853145599365,4.2293984822563555,4.09208025900957,4.201935099520558,380937348
2022-10-28,4.0463080406188965,4.137853382517433,4.0371532881677314,4.119544314137725,141747402
2022-10-31,4.037153244018555,4.092080448557008,4.000535107659586,4.064617064549091,376586887
2022-11-01,4.128698825836182,4.156162208542986,4.03715305275324,4.055462120065309,628384999
2022-11-02,4.156162261962891,4.220244216640087,4.137853194415492,4.137853194415492,391566123
2022-11-03,4.147007942199707,4.192780392759984,4.110389370619841,4.156162257702721,397388373
2022-11-04,4.211089611053467,4.247707747421727,4.165317158854451,4.174471474685207,441155621
2022-11-07,4.385025501251221,4.449107451203545,4.266016352706577,4.266016352706577,1018342025
2022-11-08,4.760362148284912,4.778671216681292,4.220244412330405,4.3117897543123025,535641494
2022-11-09,4.677971363067627,4.778671016773806,4.5955803404692945,4.732898565958981,591076044
2022-11-10,4.925143718719482,4.9983799851428445,4.613889149897613,4.641352968067665,847717920
2022-11-11,4.851907730102539,5.108234677260857,4.73289857208916,4.980071203681698,680106840
2022-11-14,5.1814703941345215,5.19062514524454,4.87021627727739,4.879370591864849,532756664
2022-11-15,5.089925289154053,5.199779688162809,5.025843338137656,5.181470621661349,449512377
2022-11-16,5.062461853027344,5.236397764652742,5.062461853027344,5.089925234221849,592830877
2022-11-17,4.989224910736084,5.135697870627423,4.851907138339123,5.080770674364127,371730275
2022-11-18,5.025843143463135,5.089925091997337,4.915988748709556,4.961761631451495,429533083
2022-11-21,5.291325092315674,5.318788471912765,5.025842991567651,5.06246155856802,761206354
2022-11-22,5.575116157531738,5.59342522387328,5.25470684177089,5.291325410976549,863171123
2022-11-23,5.565961837768555,5.648352860956628,5.465261746818978,5.54765277000705,495374492
2022-11-24,5.794824600219727,5.90467899156926,5.57511581752066,5.6025791970967695,880875869
2022-11-25,6.325788497924805,6.371561383370396,5.77651605519065,5.803979873762523,778032437
2022-11-28,6.3349432945251465,6.499724897556591,6.179316006734154,6.325788542762105,602071109
2022-11-29,6.545497417449951,6.6645065645816475,6.307479123186559,6.389870138358128,554165372
2022-11-30,6.307479381561279,6.518033867218286,6.179315914450845,6.4173342184642355,501365879
2022-12-01,6.536343097686768,6.756052340473914,6.389870560177066,6.426488694554491,479320673
2022-12-02,6.536343097686768,6.710279454240836,6.389870560177066,6.563806916731134,523824764
2022-12-05,6.6553521156311035,6.774361268168458,6.518033896282047,6.6004249151959975,612945689
2022-12-06,6.627888202667236,6.82013361971081,6.591270069565849,6.70112490539259,582212197
2022-12-07,6.3349432945251465,6.72858845336156,6.316634227521653,6.664506937110627,418635560
2022-12-08,6.5912699699401855,6.655351920160318,6.298324909556889,6.344097356980494,600818216
2022-12-09,6.920833587646484,7.204624332672379,6.554651826266351,6.61873377637771,750277217
2022-12-12,7.268706321716309,7.323633520739143,6.984915575170376,7.003224641511321,683311893
2022-12-13,7.241242408752441,7.488415455889798,7.204624276551923,7.27786054095296,565825882
2022-12-14,7.277860641479492,7.6440428415877655,7.158851928445264,7.305324459270514,714470430
2022-12-15,7.213779449462891,7.525034027880722,6.929988690061818,7.460951638000752,702405347
2022-12-16,7.47010612487793,7.506724257919679,7.287015459669188,7.296169774668336,266417886
2022-12-19,7.579960346221924,7.772205758443446,7.5158788331631285,7.589115097528934,643140025
2022-12-20,7.497570037841797,7.735588356006989,7.433488518737791,7.6348887012656625,546522776
2022-12-21,7.360251426696777,7.5799602160202335,7.259551346662246,7.56165158676584,499995393
2022-12-22,7.607424736022949,7.634888117389378,7.387715065956053,7.387715065956053,719736515
2022-12-23,7.790515899658203,7.790515899658203,7.488416066124379,7.607425223735462,562202405
2022-12-26,7.827134132385254,7.936988539307914,7.772206492401313,7.854597515854614,441155202
2022-12-27,7.607424736022949,7.900369798718606,7.525033718878507,7.83628828451522,407417767
2022-12-28,7.47010612487793,7.6348881600883765,7.177161060543943,7.62573340856665,415726147
2022-12-29,7.891215801239014,7.891215801239014,7.424333908174251,7.424333908174251,425495673
2022-12-30,7.99191427230835,8.202469179787235,7.882059879597887,7.927832761488523,547621436
2023-01-02,8.69681453704834,8.77920555129707,8.065151549549945,8.092614929951148,864570906
2023-01-03,8.623578071594238,9.081305141750853,8.422177916272698,8.861596357606503,907171967
2023-01-04,8.623578071594238,8.94398736992191,8.458796046963425,8.879904986429315,824975830
2023-01-05,8.330633163452148,8.770050738987457,8.220777896523206,8.696814476398238,378165853
2023-01-06,8.4404878616333,8.504569375447861,7.6257333196482415,7.7813606015223,637037084
2023-01-09,7.99191427230835,8.522878479976583,7.936987512475672,8.486260349073095,420042277
2023-01-10,7.781361103057861,8.239088226767148,7.634888563158123,7.982761281942604,488473378
2023-01-11,7.396869659423828,8.028533528674961,7.396869659423828,7.808823863301231,400684717
2023-01-12,7.790515899658203,7.799670651715643,7.094770458106579,7.6531972379322415,574397892
2023-01-13,7.213779449462891,7.6531970615502845,7.195470382292583,7.57080691406779,554478069
2023-01-16,7.488415718078613,7.515879099929283,7.204624528804474,7.250397413919035,560196419
2023-01-17,7.8637518882751465,7.900370022147696,7.561652065565325,7.671506467182971,624851213
2023-01-18,7.70812463760376,7.936988193653645,7.6165788659657325,7.8545971737884575,463391222
2023-01-19,7.71727991104126,7.900370593648506,7.616579380823345,7.689815653866243,389389308
2023-01-20,7.900370121002197,8.03768790648117,7.73558807999128,7.73558807999128,517379610
2023-01-23,7.735588073730469,8.083460786113527,7.662351805128266,7.973606383210222,459797305
2023-01-24,7.488415718078613,7.808824167790199,7.387715196217547,7.744742652456916,414788012
2023-01-25,7.5341877937316895,7.634888316442603,7.16800645581521,7.543342545440895,465433702
2023-01-26,7.442642688751221,7.671506236844265,7.415179307432697,7.543342335615906,384030368
2023-01-27,7.415179252624512,7.506724147357998,7.067306120806342,7.406024501237619,352512366
2023-01-30,7.268706321716309,7.525033687012112,7.2595515702845494,7.406024537534683,359435333
2023-01-31,7.186315059661865,7.396869533658088,7.0764606653653725,7.268706073645514,428397754
2023-02-01,6.536343097686768,7.250397591091753,6.536343097686768,7.222933772047386,364749709
2023-02-02,6.426488399505615,6.66450669855373,5.996225122063545,6.527188482681554,487349862
2023-02-03,6.6553521156311035,6.673661182442805,6.289170342874481,6.426488562223538,534868596
2023-02-06,6.6553521156311035,6.72858838287791,6.270861276062779,6.362406610121289,61959699
2023-02-07,5.996225357055664,6.609579322016265,5.996225357055664,6.572961187884964,163306034
2023-02-08,5.474416255950928,5.474416255950928,5.474416255950928,5.474416255950928,10000
2023-02-15,6.5912699699401855,6.5912699699401855,6.316633975830846,6.4081793072006255,62864155
2023-02-16,6.691970348358154,7.222933730283309,6.618734080026766,7.048997374734967,202497566
2023-02-17,6.765206813812256,6.8933707236491815,6.472261731950953,6.591270453195805,121847740
2023-02-20,7.433488368988037,7.433488368988037,6.792670571721779,6.875061593507263,334727277
2023-02-21,8.175005912780762,8.175005912780762,7.689814580301898,7.753896965051912,425067780
2023-02-22,7.360251426696777,8.312323720143544,7.360251426696777,8.303168968993788,417274791
2023-02-23,7.40602445602417,7.59826986874953,7.259551490386114,7.442642588303041,258750128
2023-02-24,7.927833557128906,8.0376879608644,7.387715417312169,7.424333551890667,748456569
2023-02-27,7.817979335784912,8.248243081904102,7.799670704591125,7.872906975456703,666630085
2023-02-28,7.680660724639893,7.882060011455701,7.5799602081868676,7.799669870328391,344684116
2023-03-01,7.71727991104126,7.882061088865161,7.698970406257915,7.698970406257915,363290370
2023-03-02,7.396869659423828,7.753897101741648,7.387714908148853,7.708124218411907,243879093
2023-03-03,7.40602445602417,7.6074246200805336,7.168006159688935,7.387714953362164,352332829
2023-03-06,7.644042491912842,7.662351120905899,7.460950963711609,7.48841521676886,309467219
2023-03-07,7.415179252624512,7.72643294237254,7.415179252624512,7.680660931528369,212311144
2023-03-08,7.424333095550537,7.644042762562159,7.396869714566011,7.5341874925337775,260741955
2023-03-09,7.543342590332031,7.6440431136422236,7.424333436539647,7.44264294006702,252761845
2023-03-10,7.40602445602417,7.589115117418528,7.378561075076301,7.506724101529782,182103635
2023-03-13,7.268706321716309,7.479260802898462,7.2595515702845494,7.460951300034943,237366978
2023-03-14,6.920833587646484,7.323633481512373,6.920833587646484,7.277860597643892,181641020
2023-03-15,6.600424766540527,6.957451779589006,6.499724683082853,6.939142713189662,241442366
2023-03-16,6.600424766540527,6.710279164936586,6.508879434543812,6.646197650800174,179244622
2023-03-17,6.481415748596191,6.774361253470415,6.453952366699518,6.6461977860665735,182874769
2023-03-20,6.234243392944336,6.4539526400357214,6.17931619030214,6.417334504940925,173324303
2023-03-21,6.023688793182373,6.252552351807981,6.023688793182373,6.234243284578835,200753316
2023-03-22,6.151852130889893,6.206779767913338,6.041997729888173,6.041997729888173,191258291
2023-03-23,6.389870643615723,6.490570732729877,6.115234195676246,6.133543263104038,246875867
2023-03-24,6.316634178161621,6.481415779905414,6.316634178161621,6.408179512463728,163135832
2023-03-27,6.298325538635254,6.499725287764629,6.298325538635254,6.371561811045936,177364910
2023-03-28,5.831442832946777,6.307478973666463,5.831442832946777,6.298324659154718,166306829
2023-03-29,5.932143211364746,5.941297526338906,5.675815844249584,5.794824994571716,239295287
2023-03-30,5.8589067459106445,6.0603064702303024,5.822288614216161,5.9046791922674675,150664879
2023-03-31,5.666661739349365,5.831443343696224,5.648352672199715,5.813134276546572,134823259
2023-04-03,5.703279495239258,5.739897627108967,5.511034084662002,5.602579414336275,172961684
2023-04-04,5.996225357055664,5.996225357055664,5.694125095688536,5.703279847482658,177196142
2023-04-05,5.840598106384277,6.069461664441443,5.831443354531146,6.005379711037302,157813249
2023-04-06,5.868061542510986,5.950452563851547,5.730743755640183,5.8405981597458645,113609010
2023-04-07,6.124389171600342,6.124389171600342,5.868061781715602,5.868061781715602,234129076
2023-04-10,6.673661231994629,6.719434117625039,6.151852169202825,6.179315987885589,457204249
2023-04-11,6.664506435394287,6.856751406197122,6.600424487444971,6.664506435394287,295038571
2023-04-12,6.625698566436768,6.796073509948493,6.606768017157687,6.777142960669412,205128143
2023-04-13,6.625698566436768,6.739281862111251,6.531045820041364,6.654094616025336,180265595
2023-04-14,6.502650260925293,6.710886770041638,6.4931852112417845,6.644629616897359,144001611
2023-04-17,6.4363932609558105,6.56890710976575,6.42692776037086,6.521580509520817,167795966
2023-04-18,6.351205348968506,6.521580291749189,6.294413701374945,6.407996996562067,133388307
2023-04-19,6.4363932609558105,6.512115460275775,6.29441391156092,6.360670610295935,149574012
2023-04-20,6.360670566558838,6.398532117298388,6.256552768879772,6.389066616778524,61393895
2023-04-24,6.3038787841796875,6.445858129596506,6.275483185900262,6.407997030997341,113116121
2023-04-25,6.076712131500244,6.341739819030285,6.067246631275654,6.303878720811707,142906536
2023-04-26,5.896872043609619,6.095643046870387,5.840080392869388,6.076712496623642,122209177
2023-04-27,5.877941608428955,5.982059862494214,5.821149956576976,5.859011057811628,151657730
2023-04-28,5.68863582611084,5.915802422491353,5.62237867649657,5.887406372273835,142238943
2023-05-02,5.442538261413574,5.754892558984664,5.433072760837525,5.688635860311953,169311727
2023-05-03,5.234302520751953,5.442538580910251,5.120718763871127,5.39521197793158,158812051
2023-05-04,5.186975955963135,5.328955314604559,5.1112537517116925,5.186975955963135,156313218
2023-05-05,4.9976701736450195,5.2343022747366605,4.988204672958195,5.186975673982366,164372898
2023-05-08,5.253232479095459,5.2626975278195465,4.9503432471466065,5.026065442298848,193550466
2023-05-09,5.196440696716309,5.3384200469121454,5.13018399760752,5.205906197354657,148290611
2023-05-10,5.158579349517822,5.347885291149418,5.130183751644012,5.196440447576163,131169060
2023-05-11,5.612913131713867,5.669704780361135,5.1396489416467315,5.149114442091228,359471272
2023-05-12,5.442538261413574,5.792753658609043,5.442538261413574,5.6223787102993334,270828774
2023-05-15,5.612913131713867,5.982059524930963,5.3478854380266165,5.3478854380266165,379765850
2023-05-16,6.124038219451904,6.124038219451904,5.650774044951019,5.679170094010623,307792514
2023-05-17,6.067246913909912,6.256552865161245,5.991524713945345,6.133504064548866,224397250
2023-05-18,5.74542760848999,6.247087412804552,5.74542760848999,6.0672469608280375,302918321
2023-05-22,6.1145734786987305,6.190295678219225,5.840080279766984,5.840080279766984,307970900
2023-05-23,5.9441986083984375,6.133504109703518,5.859010907141193,6.105108058837797,178875115
2023-05-24,5.840080261230469,6.010455209610807,5.830614760650495,5.94419851091063,174552510
2023-05-25,6.1145734786987305,6.1145734786987305,5.859010829647108,5.868475878917214,239926389
2023-05-26,6.663559913635254,6.701421013606143,6.095642962732005,6.105108012054771,370773383
2023-05-29,6.871796131134033,7.155754369193356,6.862330630862108,7.146289320261325,405671753
2023-05-30,7.004310131072998,7.127358929300609,6.900191882469642,6.947518482200232,319294704
2023-05-31,6.7298173904418945,7.023241155108202,6.7298173904418945,6.99484510308375,298828074
2023-06-01,6.852865695953369,6.956983950834851,6.748747892411819,6.80553954470901,194931562
2023-06-02,6.9096574783325195,7.127359027686555,6.881261427834206,7.070566926689928,284034917
2023-06-05,7.193615913391113,7.240942515003787,6.947518758489009,7.004310409620263,448624479
2023-06-06,7.051636219024658,7.212546115121634,7.032705669562655,7.174685016197627,315189441
2023-06-07,7.5438313484191895,7.600622999756582,7.146289789057438,7.155754838610376,702494158
2023-06-08,7.439713001251221,7.685810139005848,7.32612925556304,7.477574099367318,363784688
2023-06-09,7.60062313079834,7.695276335999161,7.449178724620918,7.496505327221328,380436470
2023-06-12,7.316664218902588,7.69527565203468,7.316664218902588,7.657414553855459,284058832
2023-06-13,7.01377534866333,7.363991202132959,7.01377534866333,7.278803501107926,300451386
2023-06-14,6.720351696014404,7.108428655372844,6.691956096146666,7.023240953089785,253112714
2023-06-15,6.786608695983887,6.824469795853092,6.701420995608218,6.7392820954774235,127382918
2023-06-16,6.815004348754883,7.070567000549693,6.796073798671561,6.796073798671561,257591585
2023-06-19,6.4174628257751465,6.833934929475319,6.4174628257751465,6.824469880061183,130489424
2023-06-20,6.294414043426514,6.502650095918885,6.209226341736947,6.407997344785989,171933119
2023-06-21,6.171364784240723,6.445857967867481,6.105107637684652,6.360670272486803,136263941
2023-06-22,6.493185043334961,6.568907244204652,6.1240386370853335,6.152434688081428,234431043
2023-06-23,6.8907270431518555,6.90965759335255,6.616233388231896,6.616233388231896,258443458
2023-06-26,7.051636219024658,7.1462894176745735,6.862330724404629,6.909657323729586,175422467
2023-06-27,7.004310131072998,7.16522002854912,6.994844630590918,7.0516362794636835,98353424
2023-07-03,7.27880334854126,7.3450604980986105,7.193615649301795,7.240942249177032,231273059
2023-07-04,7.3639912605285645,7.591158314616757,7.2882686082725545,7.2882686082725545,315056492
2023-07-05,7.411317348480225,7.524900648904922,7.184150747630829,7.382921749044008,301072289
2023-07-06,7.515435695648193,7.676345147637629,7.439713494396712,7.439713494396712,476965492
2023-07-07,7.998164653778076,8.026560252510501,7.496504863666122,7.515435413267706,693764347
2023-07-10,7.931908130645752,8.140144632192204,7.884581529928854,8.02656042939972,546304407
2023-07-11,7.960304260253906,8.073887567932548,7.846720952575264,8.026560964063142,419510985
2023-07-12,7.950838565826416,8.244262780545855,7.941373967426331,7.941373967426331,625203448
2023-07-13,7.875115871429443,8.111747967591914,7.856185773129948,7.979234571456009,454887772
2023-07-14,7.799393653869629,7.960303551082457,7.7331369559631025,7.950838050615865,220187110
2023-07-17,7.808859348297119,7.998164848931992,7.742602648744871,7.837254947722393,395359439
2023-07-18,7.837255001068115,8.073887104142345,7.8088594014495625,7.856186002600375,669602683
2023-07-19,7.894046783447266,7.998164579620671,7.780463486890877,7.8751157826813,286779117
2023-07-20,8.054957389831543,8.206401798600194,7.950838681793186,7.988699783985348,604683253
2023-07-21,7.837255001068115,8.102283606440734,7.770998301064879,8.054957005289921,313219927
2023-07-24,7.8277907371521,7.969769643985817,7.752067630470259,7.865651839153083,380696102
2023-07-25,7.7520670890808105,7.903512389187968,7.7142059897239745,7.827790190474295,249072145
2023-07-26,7.875115871429443,7.9224424711979,7.752067073103382,7.752067073103382,322012251
2023-07-27,8.017095565795898,8.11174786141406,7.912976867132184,7.931907867863695,400908523
2023-07-28,8.045491218566895,8.282123313230628,8.045491218566895,8.054956718996596,639778983
2023-07-31,8.22533130645752,8.357845605934235,8.08335240912375,8.102283410197487,648662519
2023-08-01,8.111747741699219,8.386240929496514,8.064422045928481,8.234796536598667,385353936
2023-08-02,8.159074783325195,8.291589085648468,8.102283584243674,8.102283584243674,354523847
2023-08-03,8.38624095916748,8.461963155884312,8.187469967115845,8.187469967115845,658990378
2023-08-04,8.38624095916748,8.5660818533798,8.3389152632293,8.45249855830455,495670319
2023-08-07,8.641804695129395,8.670200295347735,8.433568187275233,8.443033688241298,505734674
2023-08-08,8.471428871154785,8.783783166209444,8.414637673515653,8.745922066890087,307505266
2023-08-09,8.575547218322754,8.660734011275158,8.452498424929583,8.480894022580385,393156028
2023-08-10,8.045491218566895,8.641804205441076,7.979234520918587,8.613408606831774,374239053
2023-08-11,8.19693660736084,8.253728714136697,7.818325571121506,8.045492192865106,486388826
2023-08-14,8.272658348083496,8.471429356569706,8.15907504361707,8.282123849125664,264135666
2023-08-15,8.07388687133789,8.386241166174985,7.95083807296573,8.282123368789224,168234676
2023-08-16,8.395707130432129,8.471429333200863,8.054957217972827,8.064422718988883,351942136
2023-08-17,8.452498435974121,8.66073402259179,8.376776240353193,8.60394282721598,305216819
2023-08-18,8.092817306518555,8.480893772809429,8.045490710041186,8.471428272978006,232558683
2023-08-21,8.547151565551758,8.641804770680206,8.01709614433607,8.04549174480266,347367403
2023-08-22,8.424102783203125,8.622873792377483,8.282123877798524,8.556617090212653,297834962
2023-08-23,8.499824523925781,8.868970921642488,8.414637726926372,8.452498826486048,737580389
2023-08-24,7.960304260253906,8.86897162436293,7.875116553824952,8.537687202636864,629670623
2023-08-25,8.178006172180176,8.196936271877416,7.714206543419446,8.017096262694185,291957662
2023-08-28,8.083353042602539,8.272658554776392,8.017096339011662,8.178006250029409,316829815
2023-08-29,8.092817306518555,8.244261693102334,8.036025210209763,8.111747403501653,304345938
2023-08-31,8.1306791305542,8.376776732109187,8.111748129197741,8.140144631232427,345686664
2023-09-01,8.367311477661133,8.41463807976516,8.168540470968102,8.196936071158577,503814995
2023-09-04,8.329449653625488,8.52822064306777,8.272657555493502,8.414637349483577,315316487
2023-09-05,8.935227394104004,9.029880591947988,8.301054218196565,8.3389153167982,826939617
2023-09-06,8.745922088623047,9.010950687196942,8.556616591555844,8.887901888433309,783914340
2023-09-07,9.08667278289795,9.228651678417059,8.708060890380649,8.764852990196175,738020586
2023-09-08,8.973089218139648,9.171860227537925,8.906832515900179,9.124534527469656,324741574
2023-09-11,8.547151565551758,9.133999090380486,8.547151565551758,8.992020185367679,417546657
2023-09-12,8.395707130432129,8.641804740770443,8.291589327295085,8.575548039017766,318522681
2023-09-13,8.017095565795898,8.46196325082883,7.988699064698632,8.405172053993892,308207628
2023-09-14,8.149609565734863,8.149609565734863,7.780464050839891,8.026560759876585,234040236
2023-09-15,7.903512477874756,8.15907467573116,7.903512477874756,8.121213575949477,165707487
2023-09-18,7.676344871520996,7.998164666603914,7.600622672993228,7.912976967590223,207336227
2023-09-19,7.468109130859375,7.761532887819333,7.42078298051482,7.666880587130225,279237063
2023-09-20,7.3829216957092285,7.619553795554525,7.3829216957092285,7.4965049953133915,210251333
2023-09-21,7.60062313079834,7.629019633966505,7.326129918931795,7.33559541998785,280725934
2023-09-22,7.487039089202881,7.657414480722064,7.430247442476449,7.600622382655745,186942975
2023-09-25,7.742602825164795,7.752067423402322,7.505970266969514,7.515435767886892,364028397
2023-09-26,7.591158390045166,7.789928492415076,7.572227388288119,7.7615328924593525,257722119
2023-09-27,7.610088348388672,7.780463750331946,7.543831197484074,7.619553849092149,361482703
2023-09-28,7.591158390045166,7.723671791625105,7.5249007865753486,7.629019490879412,318969619
2023-09-29,7.647949695587158,7.704741798962843,7.562761991863561,7.6290195962485035,322589333
2023-10-02,7.950838565826416,7.950838565826416,7.714206454906822,7.723671955986774,513578980
2023-10-03,7.8656511306762695,8.036025622994742,7.799393531132614,7.979234426448516,310155356
2023-10-04,7.5722270011901855,7.894046793169537,7.5722270011901855,7.865651194665418,231519489
2023-10-05,7.780463695526123,7.799393794119903,7.468108944610329,7.600622794146177,520573552
2023-10-06,8.178006172180176,8.319985079289047,7.714206543419446,7.761533146682363,804374876
2023-10-09,7.7520670890808105,8.159074584176661,7.723671490233136,8.102283386481313,351243751
2023-10-10,7.950838565826416,7.998165168546309,7.7993941592666545,7.875116362546535,358379401
2023-10-11,7.742602825164795,7.988699530257678,7.733137324247417,7.950838429268015,277332541
2023-10-12,7.505970001220703,7.903512450217027,7.297733953150153,7.827790250918645,452044059
2023-10-13,7.231476783752441,7.524900530918821,7.231476783752441,7.49650493192783,318002039
2023-10-16,6.975914001464844,7.363990941349169,6.975914001464844,7.345060391940657,342085007
2023-10-17,7.222011566162109,7.23147661515847,6.938052874832945,7.004310023167055,407732263
2023-10-18,6.938053131103516,7.127359082761977,6.928588081757545,7.042171381948673,272261348
2023-10-19,6.805539131164551,7.127358925966238,6.786608581549152,6.956983528087743,319319799
2023-10-20,6.549976825714111,6.767678383262642,6.474254623321567,6.720351781097337,256779508
2023-10-23,6.7487473487854,6.777142946976701,6.559441405037176,6.663559651531704,310883836
2023-10-24,6.928587913513184,7.0421712109462105,6.729816917335435,6.75821251602374,268892194
2023-10-25,6.332275390625,6.994845125713082,6.332275390625,6.928588423008237,212019565
2023-10-26,6.4174628257751465,6.512115576616095,6.1902957724169525,6.389066774852903,312178120
2023-10-27,6.341739654541016,6.436392848972278,6.161899668337331,6.4269273489932,191214082
2023-10-30,6.360670566558838,6.493184865797496,6.294413868279416,6.322809467159195,204716115
2023-10-31,6.209226131439209,6.398532078633395,6.12403843263483,6.389066578170729,174443151
2023-11-01,6.1335039138793945,6.2849483100883,5.944198418618263,6.256552711469081,222936192
2023-11-02,6.27548360824585,6.2849486578626985,6.171365354420947,6.190295904994572,179699021
2023-11-03,6.228156566619873,6.284948214332954,6.133503820431405,6.275483165384055,171556773
2023-11-06,6.407997131347656,6.445858230539733,6.294413833771427,6.294413833771427,214045863
2023-11-07,6.493185043334961,6.512115593552384,6.341740190255657,6.407997341686597,230385583
2023-11-08,6.568906784057617,6.673025028629998,6.455323490709505,6.57837183283335,190567528
2023-11-09,6.464788913726807,6.587837714313738,6.3890667137779,6.483719463714034,210449742
2023-11-10,6.512115478515625,6.616233277202248,6.455323828866582,6.474254378749597,230079226
2023-11-13,6.635164260864258,6.862330858859199,6.4931849114474645,6.521580510526878,355310331
2023-11-14,7.089497089385986,7.174684784888531,6.786608307758958,6.862330503165715,541725186
2023-11-15,7.089497089385986,7.108428089577562,6.928587649816571,7.004309845223328,262810018
2023-11-16,7.136824131011963,7.269337981214597,7.061101930896172,7.098963030954068,223698852
2023-11-17,7.127359390258789,7.24094269535026,7.0705672863731195,7.1462899411073675,178210293
2023-11-20,7.240942478179932,7.3166646793031855,7.165220277056678,7.165220277056678,196086730
2023-11-21,7.212546348571777,7.316664599652763,7.146289648980172,7.269337998795975,190798717
2023-11-22,7.155754566192627,7.269337864543326,7.146289517000023,7.203081166175372,228023857
2023-11-23,6.871796131134033,7.20308096787319,6.871796131134033,7.165219869465281,218087443
2023-11-24,6.928587913513184,7.0232406613740395,6.862330764340633,6.87179626479667,170801935
2023-11-27,7.193615913391113,7.193615913391113,6.95698380800759,6.95698380800759,189333064
2023-11-28,7.098962783813477,7.212546080032917,7.032705635348854,7.184150481648006,141836146
2023-11-29,7.004310131072998,7.16522002854912,6.975914080966663,7.108428379676354,191467850
2023-11-30,6.975914001464844,7.117893347698626,6.909657304205005,7.032705649690377,161508575
2023-12-01,6.95698356628418,7.108428415378765,6.890726867936461,7.070566864600188,131860308
2023-12-04,7.089497089385986,7.127358638429252,6.919122149720783,6.975913796275851,227530892
2023-12-05,6.985379695892334,7.1084284961358915,6.947518596023534,7.080032445564335,144201722
2023-12-06,6.985379695892334,7.184150695873492,6.975914195255178,6.994844745189578,336038398
2023-12-07,7.250407695770264,7.250407695770264,6.956983933943888,7.004310536413274,342771374
2023-12-08,7.477574825286865,7.534366477974317,7.212546661405486,7.231477212301303,312627683
2023-12-11,7.108428478240967,7.496504976589173,7.108428478240967,7.4775744267024296,320282597
2023-12-12,7.004310131072998,7.127358929300609,6.909657382951722,7.098962879194274,301635665
2023-12-13,6.5878376960754395,7.032705845213619,6.5878376960754395,6.966449146111712,249779476
2023-12-14,6.871796131134033,6.900191729270018,6.6162330398708,6.68249018775459,201192996
2023-12-15,7.01377534866333,7.051636448821141,6.824469847874274,6.871796448741495,170148002
2023-12-18,6.919122219085693,7.146289258923224,6.8907266211934335,6.956983317168633,145088037
2023-12-19,6.720351696014404,6.928588201297455,6.691956096146666,6.9001921500897945,175894832
2023-12-20,6.739282131195068,6.843400382057158,6.691955981777692,6.710886531812625,135836653
2023-12-21,6.815004348754883,6.862330949633147,6.663559948088304,6.7392821484215935,207384012
2023-12-22,6.701420783996582,6.947518376715276,6.6730251856612846,6.833934629354395,156852795
2023-12-25,6.540511131286621,6.682490482243072,6.4269278310574265,6.682490482243072,105768131
2023-12-26,6.474254131317139,6.597302475184125,6.4174624838385546,6.597302475184125,122949960
2023-12-27,6.398531913757324,6.55944135541723,6.389066413538563,6.455323561050213,208754449
2023-12-28,6.568906784057617,6.5973023817247025,6.398531844035448,6.40799689281118,159781045
2023-12-29,6.512115478515625,6.635164278425172,6.483719428021148,6.578372177436219,146116252
2024-01-02,6.767678260803223,6.796073860516652,6.549976707193947,6.5594417566517835,213947879
2024-01-03,6.512115478515625,6.767678127606272,6.512115478515625,6.758212626994809,121974696
2024-01-04,6.871796131134033,6.890726680337988,6.531045794122951,6.540510843054981,205923756
2024-01-05,7.231476783752441,7.231476783752441,6.843400287716248,6.862330837490211,238688261
2024-01-08,7.515435695648193,7.5627618457604076,7.278803591067356,7.316664691693096,241733309
2024-01-09,7.695276260375977,7.752067460794478,7.4397136017930805,7.515435804137653,299807878
2024-01-10,7.808859348297119,7.865651449827497,7.534366146706596,7.666880448490922,245821506
2024-01-11,7.733137130737305,7.894047031586807,7.657414930652813,7.808859330821797,146372254
2024-01-12,7.7520670890808105,7.884581388169645,7.562761592296629,7.676344890367138,190460527
2024-01-15,7.8277907371521,7.92244304081462,7.704741929978937,7.752067630470259,144623604
2024-01-16,7.941373825073242,8.007630526085487,7.837255120419886,7.846720621330164,179431780
2024-01-17,8.310519218444824,8.329450220002661,7.884581612871699,7.884581612871699,275627572
2024-01-18,8.499824523925781,8.537686526165274,8.168540128448567,8.329450027247146,278558894
2024-01-19,8.310519218444824,8.509290221402928,8.253728019130987,8.499824720624009,224712665
2024-01-22,8.963624000549316,9.08667279812262,8.452498712072407,8.471428810256098,406488494
2024-01-23,8.897366523742676,9.181325221879105,8.850040826286452,8.973088722888415,374615948
2024-01-24,9.020415306091309,9.058276405593105,8.755387609578733,8.925763008676725,258429552
2024-01-25,9.096138000488281,9.493680018247964,9.02041579736071,9.058276898924495,457771011
2024-01-26,9.739777565002441,9.834430769622584,9.001485638076852,9.077207840701023,542880606
2024-01-29,9.654589653015137,9.843895155489975,9.588332952818902,9.749242855592476,320682437
2024-01-30,9.60726261138916,9.834430106626856,9.484214717430147,9.664054710868534,285667401
2024-01-31,9.51261043548584,9.664054832429407,9.38956163729924,9.578867133478699,248031296
2024-02-01,9.692451477050781,9.919618096978555,9.550472565265899,9.559938066766199,347416404
2024-02-02,9.399026870727539,9.787103352539127,9.342234772147407,9.711381156218806,229801582
2024-02-05,9.62619400024414,9.701916200816616,9.436888498812953,9.455818597616156,285553882
2024-02-06,9.89122200012207,10.099458509307338,9.569402186657529,9.654589890536949,405611112
2024-02-07,9.749242782592773,9.938548283650142,9.68298518021282,9.910152684161496,181379057
2024-02-08,9.768173217773438,9.891222023368474,9.730312116258032,9.768173217773438,175287054
2024-02-09,9.929081916809082,10.241436191976897,9.787103029070893,9.815498626082581,348644255
2024-02-12,9.919617652893066,10.108924063704505,9.796569749617444,10.02373635937533,179551326
2024-02-13,10.137319564819336,10.364486172348991,9.938548557560923,9.966944157832165,468633008
2024-02-14,9.843894958496094,10.37395125749811,9.806033858758795,10.18464575881161,325709650
2024-02-15,9.872291564941406,10.004804964086501,9.616728461996157,9.881756162966177,312584797
2024-02-16,10.014270782470703,10.213041790173726,9.900687478451813,9.910152979456685,275367362
2024-02-19,9.957479476928711,10.317159484527108,9.862826273236596,10.08052737797667,203830209
2024-02-20,10.213041305541992,10.250902405085029,9.9196171070736,10.004804806715386,241332087
2024-02-21,10.345556259155273,10.430743964181199,10.0899931440775,10.288764154911366,270492822
2024-02-22,10.695771217346191,10.828284617078303,10.383416914149306,10.4212780144556,314350024
2024-02-23,11.008125305175781,11.386736300831428,10.676840006967227,10.724166607094139,416608326
2024-02-26,11.008125305175781,11.036520904180001,10.62004880895879,10.979729706171563,254399690
2024-02-27,10.695771217346191,11.055452121595904,10.695771217346191,11.027055619356307,217320511
2024-02-28,10.553791046142578,10.941868439098362,10.43074315144808,10.620048646377851,296111018
2024-02-29,10.506464958190918,10.941868031656194,10.478068457998999,10.58218715334316,249781079
2024-03-01,10.73363208770752,10.790423285610414,10.55379118809545,10.57272218918296,213761126
2024-03-04,10.799888610839844,10.932402908261855,10.534860918675621,10.75256201156914,310800052
2024-03-05,10.563257217407227,11.140640141961043,10.544327118051944,11.083848038535475,357316337
2024-03-06,10.10892391204834,10.591652724871887,9.985875107938854,10.487534922631484,234787322
2024-03-07,10.459138870239258,10.478068968609923,10.165714672715522,10.165714672715522,190406204
2024-03-08,10.695771217346191,10.77149341795878,10.364485912656242,10.497000215068189,215377082
2024-03-11,10.525395393371582,10.941868382752215,10.449673195789613,10.922937382016823,164522911
2024-03-12,10.194110870361328,10.544326255235461,10.099457673290575,10.506465156943117,189139014
2024-03-13,10.165714263916016,10.364485253553692,10.014269872321552,10.184645264205212,155008233
2024-03-14,10.317158699035645,10.373950797463046,10.052131012627257,10.20357540486062,172578332
2024-03-15,10.20357608795166,10.364485991141867,10.16571498735866,10.355020490323657,97159216
2024-03-18,9.976408958435059,10.231972050974338,9.966943458115871,10.203575550016778,126197725
2024-03-19,10.080527305603027,10.184646009452798,9.843895200751502,9.9764095044331,149747951
2024-03-20,10.194110870361328,10.733631746697183,10.033200976948919,10.080526672804508,324381656
2024-03-21,9.948013305664062,10.534860782042104,9.872291108884948,10.2698330933152,290906240
2024-03-22,9.49367904663086,9.976408719174744,9.49367904663086,9.957478621670157,144260449
2024-03-25,9.20025634765625,9.635659449983269,9.162395247570414,9.484215049639928,189606868
2024-03-26,8.821643829345703,9.32330449887253,8.783782731898373,9.24758230397787,181253877
2024-03-27,8.925763130187988,9.162395230965572,8.63233892804466,8.812179830136328,197079105
2024-03-28,9.152929306030273,9.209720502083776,8.935227314012415,8.935227314012415,138623602
2024-03-29,9.436888694763184,9.607263198249038,9.190791086452682,9.190791086452682,196735609
2024-04-01,8.755388259887695,8.944693771457398,8.50929064350714,8.916298170391913,336049523
2024-04-02,8.471428871154785,8.887901866347539,8.471428871154785,8.840575266528388,166826826
2024-04-03,8.518755912780762,8.689131319893932,8.47142931050712,8.47142931050712,116035588
2024-04-04,8.783782958984375,8.916297254815786,8.518755270001341,8.53768627055431,170415481
2024-04-05,9.351699829101562,9.370629925944494,8.84057457682604,8.850040076587376,198794630
2024-04-08,10.004804611206055,10.004804611206055,9.389561529984565,9.389561529984565,193857128
2024-04-15,10.231972694396973,10.43074370020035,10.08999288872036,10.175180591590358,181316425
2024-04-16,10.127854347229004,10.260368656669192,9.910153234591428,10.241437654172072,152781053
2024-04-17,9.616727828979492,10.089992000899189,9.588332231414647,10.089992000899189,216103015
2024-04-18,8.660735130310059,8.660735130310059,8.660735130310059,8.660735130310059,18705174
2024-04-19,8.480894088745117,8.651269481338677,8.102283108181409,8.187469901798407,537696916
2024-04-22,8.556615829467773,8.793247905396283,8.509289233746124,8.622872521870242,177321134
2024-04-24,8.755388259887695,8.887902569326428,8.62287395044896,8.632339451697417,232088119
2024-04-25,8.745922088623047,8.916297487323435,8.670199889796166,8.793248688559801,188149873
2024-04-26,9.162395477294922,9.285444281328989,8.726992364051242,8.774318966015091,252855230
2024-04-29,9.285444259643555,9.380096560670347,9.077207753096848,9.20972115507033,174340133
2024-04-30,9.219186782836914,9.370631188707604,9.152930080938452,9.26651338534147,151201027
2024-05-02,9.531540870666504,9.682985272963037,9.380096468369972,9.389561969183465,166199796
2024-05-03,9.787103652954102,9.938548050243325,9.531540555518678,9.550471556519737,236678253
2024-05-06,9.89122200012207,9.995340706054634,9.597798689737242,9.862826399722216,204745609
2024-05-07,9.93854808807373,10.042665885936437,9.682984989665524,9.89122148807075,197411937
2024-05-08,9.834429740905762,10.099457422367506,9.834429740905762,9.966943130296752,143486672
2024-05-09,9.853360176086426,9.929082373386088,9.777637978786764,9.862825676418833,134327196
2024-05-10,9.361166000366211,9.85336028842557,9.361166000366211,9.85336028842557,241294027
2024-05-13,9.02988052368164,9.436888007582066,9.02988052368164,9.36116581095126,199422276
2024-05-14,8.234796524047852,9.228651479274959,8.149608827502702,9.048811488652808,349491981
2024-05-15,8.253727912902832,8.490360013251241,8.178005713005728,8.301054513508479,297004178
2024-05-16,8.376776695251465,8.414637795117965,8.225331393105641,8.253727895015384,243192006
2024-05-17,8.38624095916748,8.480894156403416,8.357845361068614,8.471428656143864,261254489
2024-05-20,8.632339477539062,8.726992684947207,8.338916159397606,8.376777261824886,337286898
2024-05-21,8.69859504699707,8.859504937003612,8.632338352057824,8.764852644616084,360157029
2024-05-22,8.850041389465332,8.86897148911649,8.651270378388874,8.76485368433544,284412991
2024-05-23,8.556615829467773,8.916296693200678,8.537685732786953,8.85004000079821,234345351
2024-05-24,8.405172348022461,8.594477848560839,8.386241346628708,8.547151247756288,171589855
2024-05-27,8.50929069519043,8.850041520765414,8.490360595258425,8.594478401584176,347737967
2024-05-28,8.783782958984375,8.840575057963491,8.414637474999383,8.518755270001341,278869112
2024-05-29,8.594477653503418,9.03934624668189,8.594477653503418,8.906831947972611,271656197
2024-05-30,8.632339477539062,8.679666081243134,8.499825167703635,8.679666081243134,182679657
2024-05-31,8.376776695251465,8.736456692643301,8.357845693978303,8.670199993546882,209879437
2024-06-03,8.443033218383789,8.49035981790052,8.310518920272903,8.471428817021906,188585638
2024-06-04,8.43356704711914,8.708060219266596,8.37677585436021,8.405171450739674,260419098
2024-06-05,8.29158878326416,8.461963276975203,8.225331183178941,8.443033178864999,175567579
2024-06-06,8.348380088806152,8.52822098792999,8.310518989413737,8.319984489931795,149658659
2024-06-07,8.187470436096191,8.433568040862326,8.140144737447184,8.41463794193869,116002249
2024-06-10,8.07388687133789,8.187470169216851,8.054956773031302,8.149609069923864,91528350
2024-06-11,8.206400871276855,8.206400871276855,7.960303283496888,8.045490979473014,139897379
2024-06-12,8.19693660736084,8.348381021856573,8.130679901688936,8.19693660736084,128116879
2024-06-13,8.594477653503418,8.670199852000204,8.31051895780057,8.32944995876467,154931686
2024-06-14,8.585012435913086,8.755387839484936,8.509290234921117,8.632339037203026,125576878
2024-06-20,8.670199394226074,8.726991491440026,8.49982400526398,8.660733894243789,165743516
2024-06-21,8.736456871032715,8.831110073971598,8.660734669753547,8.67966567141326,186633892
2024-06-24,8.897366523742676,8.906832024305848,8.708061025878328,8.812179726713582,240266243
2024-06-25,9.010950088500977,9.13399797640938,8.821643701331656,8.916296894916316,279829565
2024-06-26,9.08667278289795,9.19079057943331,8.954158485114924,8.992019584098673,212889019
2024-06-27,9.275978088378906,9.30437368636686,8.897366203593771,9.096137194869026,222977062
2024-06-28,9.190791130065918,9.417957737578272,9.18132562908294,9.304374433822096,209813168
2024-07-01,8.821643829345703,9.408491291119196,8.660733939524611,9.24758230397787,190250278
2024-07-02,9.18132495880127,9.266512656069247,8.774318375725073,8.935227367289286,222920956
2024-07-03,9.77763843536377,9.77763843536377,9.190790927548035,9.190790927548035,298496034
2024-07-04,10.430743217468262,10.430743217468262,9.711381429502215,9.758708029204156,323785835
2024-07-05,10.468605041503906,10.818820459258285,10.298229631852635,10.38341733667827,321725025
2024-07-08,10.317158699035645,10.610582885997623,10.241436502918962,10.506465092007131,176372528
2024-07-09,10.430743217468262,10.534861014668687,10.241436818660496,10.36448561681362,188946976
2024-07-10,10.478069305419922,10.638979208802075,10.411812604973097,10.430743606632099,226998761
2024-07-11,10.743097305297852,10.79988850170497,10.449673114928432,10.572721910716911,199524638
2024-07-12,10.648444175720215,10.960798465993625,10.638978675365312,10.752561971584752,185337623
2024-07-16,10.544326782226562,10.724166782433409,10.459139081141275,10.676840181532713,140102942
2024-07-17,10.885076522827148,10.979729723228008,10.468604426958969,10.610583324880439,273551330
2024-07-18,11.273153305053711,11.377272008666631,10.922937898991705,10.922937898991705,288684088
2024-07-19,11.462458610534668,11.509785211118112,11.197430911019136,11.263687610228063,170447501
2024-07-22,11.386736869812012,11.63283448062527,11.339410267320252,11.500320174184317,151256172
2024-07-23,10.979729652404785,11.415132746616557,10.866145451584485,11.348875145691412,197280710
2024-07-24,11.20689582824707,11.367805720246006,10.894541544409085,10.951332740008839,180893057
2024-07-25,11.509785652160645,11.689626560733076,11.13117463834478,11.13117463834478,221928260
2024-07-26,11.73695182800293,11.784278428656132,11.273153127497162,11.547646328069945,221353482
2024-07-29,11.538180351257324,11.860000139202775,11.462458154408958,11.689625647633846,176894961
2024-07-30,11.045987129211426,11.7558834696354,10.941869324247332,11.57604255789393,202641074
2024-07-31,10.979729652404785,11.197430748170765,10.762027653958993,10.970264151889792,195568510
2024-08-01,10.979729652404785,11.18796524765577,10.93240305250963,11.112243048895445,184001822
2024-08-02,10.478069305419922,10.771493512375567,10.222507101782282,10.743097912566904,141699160
2024-08-05,10.071062088012695,10.260367579714481,9.720846702694445,9.720846702694445,190064845
2024-08-06,10.127854347229004,10.487535270555329,10.127854347229004,10.326625360049345,171298292
2024-08-07,10.430743217468262,10.743097511749344,10.184645621162012,10.194111121638363,255536897
2024-08-08,10.506464958190918,10.62004825091928,10.298228470182368,10.41181176291073,166597863
2024-08-09,10.175180435180664,10.78095894419337,10.156249433642843,10.601118040303422,201668005
2024-08-12,10.307694435119629,10.610583229388771,10.146784537494195,10.269833335835987,214816954
2024-08-13,10.544326782226562,10.544326782226562,10.01427047696246,10.326624779155292,148886676
2024-08-14,10.459138870239258,10.686305466766129,10.440207869188779,10.601117767398598,184259784
2024-08-15,10.932403564453125,10.979730166564496,10.49700044985226,10.515930549088896,218982801
2024-08-16,10.780959129333496,11.15957013979338,10.705236927241518,10.94186903444891,154576115
2024-08-19,11.064916610717773,11.083847612024444,10.591652410208924,10.885076611703534,162539406
2024-08-20,11.083847045898438,11.216361340237263,10.932402653899654,11.083847045898438,148846055
2024-08-21,11.102777481079102,11.282618379054595,11.045986283693015,11.074381882386058,133762971
2024-08-22,11.386736869812012,11.538181275641753,11.1595702610674,11.1595702610674,240501883
2024-08-23,11.036520957946777,11.46245855580438,10.932403159304197,11.405667357519272,158273662
2024-08-26,10.818819999694824,11.187965501352132,10.780958899456131,11.178500903302334,166739170
2024-08-27,11.197430610656738,11.206896111055489,10.75256202139334,10.76202752179209,222118132
2024-08-28,11.121708869934082,11.594973077165319,11.0270556674159,11.187965570088906,242601741
2024-08-29,11.055452346801758,11.197431250172594,10.979730144646664,11.1406400498962,149750368
2024-09-02,11.481389999389648,11.481389999389648,11.112243585594188,11.112243585594188,163373550
2024-09-03,11.80320930480957,12.115563602056254,11.320479608090215,11.481389506996667,376019372
2024-09-04,12.020910263061523,12.020910263061523,11.54764607236871,11.680160370727428,205202183
2024-09-05,12.020910263061523,12.172354659654456,11.85053576823438,12.058771362209757,190049932
2024-09-06,11.935722351074219,12.210215540664988,11.860000154130544,12.030375548593709,167242348
2024-09-09,11.443528175354004,11.954653460727343,11.434062674979732,11.897861361161505,141242739
2024-09-10,10.790423393249512,11.538180792748804,10.771493294652982,11.5097851935141,219431884
2024-09-11,10.194110870361328,10.818819443524905,10.194110870361328,10.762027344746494,247119703
2024-09-12,10.553791046142578,10.582187547391896,10.146784457713522,10.336089952643293,363559063
2024-09-13,10.73363208770752,10.752562186115213,10.421277791202153,10.55379118809545,203755148
2024-09-16,10.58218765258789,10.828284347103102,10.563256651566823,10.705236451185403,109418695
2024-09-17,10.629512786865234,10.714700481589068,10.468603800106596,10.638978286874497,156605723
2024-09-18,10.667375564575195,10.847215564463053,10.53486126282426,10.591652461660496,146590376
2024-09-19,11.15956974029541,11.15956974029541,10.75256224161148,10.856680942770524,231828427
2024-09-20,11.348875045776367,11.434062744301695,11.093312852880185,11.159569550542194,161425608
2024-09-23,11.471923828125,11.471923828125,11.187965134310659,11.396201630131817,152485258
2024-09-24,11.64229965209961,11.793744053642394,11.386736547486281,11.48138974979044,219171611
2024-09-25,11.320479393005371,11.708555882048865,11.197430596021858,11.59497258545173,166239934
2024-09-26,11.358341217041016,11.57604232374797,11.27315351348443,11.358341217041016,166664080
2024-09-27,11.566576957702637,11.566576957702637,11.244757166818568,11.34887496276585,174829871
2024-09-30,11.37727165222168,11.623368346960662,11.311014051267504,11.538180647648018,143853899
2024-10-01,10.553791046142578,11.481389325318158,10.392881149782323,11.386736126513371,253678666
2024-10-02,10.080527305603027,10.620049118486799,10.033201606776597,10.553791515306077,114242485
2024-10-03,9.342235565185547,10.11838859469434,9.33277006417206,10.089992994333736,255601314
2024-10-04,9.62619400024414,9.645124099047342,9.11506869504002,9.323305197954243,239883766
2024-10-07,9.275978088378906,9.69245016869479,9.23811699016837,9.68298466847221,197918232
2024-10-08,9.285444259643555,9.49367986351041,9.238117657790232,9.238117657790232,155249625
2024-10-09,9.455819129943848,9.455819129943848,9.048812504623784,9.304374720273138,179682002
2024-10-10,9.323305130004883,9.578867329404458,9.294908627987287,9.436888430035786,157166347
2024-10-11,9.077207565307617,9.370630865904142,9.058276563885993,9.294908665577308,126773387
2024-10-14,8.963624000549316,9.19079059483243,8.935227499254074,9.058276296827378,148365029
2024-10-15,9.304373741149902,9.313839241428214,8.973088452847316,8.99201945340394,158258304
2024-10-16,9.522075653076172,9.569401348705195,9.238116965903126,9.238116965903126,127917633
2024-10-17,9.503145217895508,9.645124118586562,9.39902741756739,9.493679717134814,155919950
2024-10-18,9.238117218017578,9.739777007350064,9.22865171756154,9.522075912940048,178599113
2024-10-21,8.98255443572998,9.257047639790143,8.95415883604923,9.228652040109392,123622379
2024-10-22,9.266512870788574,9.313839470665169,8.954158575354787,9.001485175231382,156274939
2024-10-23,9.18132495880127,9.313839254849212,8.96362386816514,9.238117057873186,186947668
2024-10-24,9.31383991241455,9.522076420140202,9.228652209132246,9.228652209132246,139976105
2024-10-25,9.342235565185547,9.399027668586614,9.16239555932858,9.323305465838432,126234037
2024-10-28,9.60726261138916,9.692450309268322,9.399027019550985,9.41795711759091,78385465
2024-10-30,9.711380958557129,9.7776376533189,9.541005568964271,9.673519861167579,186757399
2024-10-31,9.531540870666504,9.824965077125919,9.484215171958718,9.701916274590024,166331958
2024-11-01,9.323305130004883,9.768172829455963,9.313839629332351,9.569401828731927,250798158
2024-11-04,8.944693565368652,9.266513378962253,8.906832463927044,9.257047877931885,152800872
2024-11-05,8.954158782958984,9.020415482714506,8.793248881255717,9.001485383932858,184075273
2024-11-06,9.162395477294922,9.257047778542768,8.982554570368265,8.992020071297006,192302808
2024-11-07,9.20025634765625,9.20025634765625,9.010950847227074,9.152929746878998,147605559
2024-11-08,9.79656982421875,9.815499923836128,9.190791290904821,9.190791290904821,256208529
2024-11-11,10.241436958312988,10.36448575814401,9.84389495968348,9.853360460288902,249711210
2024-11-12,10.563257217407227,10.638979420188079,10.18464620350297,10.317159607029529,233052536
2024-11-13,10.89454174041748,11.017590536670477,10.430743056396041,10.515929851328305,235872381
2024-11-14,11.017590522766113,11.197430515413659,10.828284127120536,10.932402825261562,215710139
2024-11-15,11.093313217163086,11.197431017290956,10.904007715712487,11.017591016582847,156899140
2024-11-18,11.140640258789062,11.282619164822076,11.017591452309844,11.140640258789062,158350539
2024-11-19,11.396202087402344,11.405667588201243,11.017591082244726,11.206896584823534,296627024
2024-11-20,10.610584259033203,11.462459526920513,10.582188657484933,11.452994928191021,265250607
2024-11-21,11.424596786499023,11.434062286551743,10.601117238187605,10.65790933582415,431329670
2024-11-22,11.471923828125,11.66122932310796,11.254222734564548,11.367806031554323,214097964
2024-11-25,11.320479393005371,11.708555882048865,11.206896096408236,11.557111486586019,155831674
2024-11-26,11.358341217041016,11.566577725437128,11.216362312899946,11.301549113776673,189360103
2024-11-27,11.358341217041016,11.632834427012313,11.244757913192188,11.471924520889843,189859438
2024-11-28,11.471923828125,11.604438125952974,11.358340531135225,11.358340531135225,157945007
2024-11-29,11.983049392700195,12.001980393975657,11.377271794762635,11.481389593738196,198065148
2024-12-02,11.718021392822266,11.860000288024587,11.557111496830409,11.736951490932002,177400833
2024-12-03,12.882251739501953,12.882251739501953,11.774813392825696,11.92625870143054,424135833
2024-12-04,12.986370086669922,13.35551559023971,12.957973584333908,13.15674458728681,373557312
2024-12-05,12.66455078125,13.166210607472136,12.607758677017365,12.986370598981892,209559820
2024-12-06,12.39952278137207,12.806529392032905,12.342730678451103,12.74973819179179,161763117
2024-12-09,12.702410697937012,12.929577288311258,12.550966304354182,12.844389591250968,296982599
2024-12-10,12.475244522094727,12.844390018049028,12.371125821036996,12.636154421293204,219750366
2024-12-11,12.59829330444336,12.721341201140293,12.390056805291948,12.503640104098222,189328972
2024-12-12,12.71187686920166,12.929577970798372,12.588828067250539,12.683480366896129,239968442
2024-12-13,12.986370086669922,12.986370086669922,12.617223680420294,12.683480380511314,222753475
2024-12-16,12.825459480285645,13.033695972589117,12.797063882187832,12.995833971552315,153254950
2024-12-17,12.882251739501953,12.99583504394569,12.550967327211021,12.853856139060985,218667632
2024-12-18,12.920111656188965,13.128348146580137,12.78759826449622,12.92957715636124,233794197
2024-12-19,12.49417495727539,12.825460265183235,12.418452755927285,12.797064665347657,144635639
2024-12-20,12.304869651794434,12.645619563340915,12.125029646370422,12.465779557916903,217087262
2024-12-23,12.172354698181152,12.371125695008457,11.907327003304683,12.295403496472323,164246719
2024-12-24,12.64561939239502,12.655084893257763,12.18182068227873,12.18182068227873,154581814
2024-12-25,13.137813568115234,13.213535763680644,12.89171598118777,12.948508079201714,144326518
2024-12-26,12.749737739562988,13.270328537600582,12.70241113925415,13.21353643669401,296969582
2024-12-27,13.251397132873535,13.393376026796691,12.721340850379484,12.759201948937646,283534261
2024-12-30,13.374445915222168,13.49749471108069,13.223001521143923,13.298723718183044,159391406
2024-12-31,12.891716957092285,13.412307768023087,12.891716957092285,13.364981166542133,163318262
2025-01-02,13.071557998657227,13.11888369795244,12.740272687511618,12.957973792845127,263264128
2025-01-03,13.185140609741211,13.336585005968681,12.99583421177707,13.156744108438707,315032460
2025-01-06,13.137813568115234,13.317653556913136,13.09995247033253,13.223001263796263,191043602
2025-01-07,12.872786521911621,13.223001919436417,12.825459921666686,13.1378142195315,215191404
2025-01-08,12.834925651550293,12.976904552141756,12.778133549705807,12.853855750378564,148221039
2025-01-09,13.28925895690918,13.383912159811718,12.882251448180046,12.901182449832492,256373812
2025-01-10,13.213536262512207,13.506960458415216,13.024230766452108,13.270328362670142,182905190
2025-01-13,13.185140609741211,13.289258406477645,13.043160811268105,13.204070707929743,147949003
2025-01-14,13.308189392089844,13.440702787297067,13.04316079631579,13.204070692792964,200507934
2025-01-15,13.317654609680176,13.554286715197904,13.204071307353248,13.346051112271791,157957563
2025-01-16,13.809849739074707,13.809849739074707,13.383912132250108,13.478564432277887,211669416
2025-01-17,13.866640090942383,13.942362287407942,13.677334599778487,13.866640090942383,163909174
2025-01-20,14.084342002868652,14.1789942965736,13.885571012604546,13.970758708814845,196545567
2025-01-21,13.942362785339355,14.122203685377656,13.79091838699962,14.037015985641599,149582104
2025-01-22,14.02755069732666,14.093808299612704,13.828779695828194,13.942362996301627,165831439
2025-01-23,13.715195655822754,14.112737637383974,13.582682263755535,14.084342039466682,291167961
2025-01-24,13.819314956665039,14.018085956133502,13.734127256510009,13.734127256510009,202703273
2025-01-27,13.611078262329102,13.809849258960742,13.393376264742157,13.630008360604597,153267649
2025-01-28,14.377766609191895,14.377766609191895,13.488030272599554,13.648940179644956,333971657
2025-01-29,14.216856956481934,14.548141353829998,14.207391455868606,14.330440255802397,176195014
2025-01-30,14.160065650939941,14.254718857030825,14.046482345238804,14.207392253985384,137296802
2025-01-31,14.453489303588867,14.52921150443435,13.942363093862106,14.178995197174197,191961682
2025-02-03,13.743592262268066,14.311508738386712,13.658404565180321,14.311508738386712,223846246
2025-02-04,13.857175827026367,14.065411420980345,13.686800429536923,13.828779325658255,196639722
2025-02-05,13.55428695678711,13.904502370873944,13.308190248698972,13.876106770456055,149032303
2025-02-06,13.525890350341797,13.790918040782897,13.317653856512464,13.630008145916566,219389067
2025-02-07,13.488029479980469,13.64893937757006,13.204070784076496,13.516425078766922,232071553
2025-02-10,13.251397132873535,13.724661316190446,13.175674935757211,13.535355823399641,179080566
2025-02-11,13.099953651428223,13.260863557182345,13.03369695000471,13.251398056213313,150254577
2025-02-12,12.95797348022461,13.185140983688374,12.872786681940507,13.118883381449853,158057109
2025-02-13,12.97690486907959,13.1851413773554,12.872787066281614,13.043161570616498,180808160
2025-02-14,13.308189392089844,13.450168287720384,13.014765197725643,13.014765197725643,233731976
2025-02-17,13.327119827270508,13.478564227154063,13.166209926724273,13.308189728624976,194041484
2025-02-18,14.330440521240234,14.43455832187591,13.175675602739808,13.34605100621622,511753299
2025-02-19,13.156744003295898,14.368300968793038,13.147279405617173,14.33043987003874,536146767
2025-02-20,13.298724174499512,13.45016857377424,13.118883273350907,13.19460547298827,247737348
2025-02-21,13.109418869018555,13.488029872797064,12.84439026369376,13.29872437090781,241436192
2025-02-24,12.749737739562988,13.298724136713957,12.730806738367525,13.260863037002851,198605671
2025-02-25,12.740272521972656,12.901182424989209,12.636154721124234,12.749738022780651,185342521
2025-02-26,13.033696174621582,13.109418372509364,12.75920207892862,12.75920207892862,209545059
2025-02-27,13.308189392089844,13.43123728687375,12.957973097865546,12.976904098712179,264620466
2025-02-28,13.630008697509766,13.639474198221386,13.289258796009962,13.317654395464988,219267635
2025-03-03,14.311509132385254,14.62386342851963,13.800383838467203,13.819314839532227,291769296
2025-03-04,14.55760669708252,14.633328895810974,14.122203603053999,14.23578690114668,224623655
2025-03-05,14.832099914550781,14.832099914550781,14.188460321750117,14.642794417456415,271408842
2025-03-06,14.680655479431152,14.964614175688352,14.264182484205977,14.955148675187823,251256812
2025-03-07,14.642794609069824,14.82263460799288,14.53867590729558,14.671190208335608,147904770
2025-03-10,14.472419738769531,15.00247605968516,14.396697536164421,14.955149457387002,208950713
2025-03-11,14.529211044311523,14.803704239353483,14.453488845864072,14.510280043359757,212978609
2025-03-12,14.680655479431152,14.832099876720376,14.576536779284952,14.576536779284952,167775013
2025-03-13,15.078198432922363,15.314830544411139,14.765844117971568,14.765844117971568,278128377
2025-03-14,15.011940002441406,15.144454302553484,14.936217803143025,15.144454302553484,118039036
2025-03-17,15.371621131896973,15.532531033498786,14.784773627158524,14.983544628979597,278719554
2025-03-18,15.295899391174316,15.437878295593737,15.030871681674128,15.24857369148775,174940667
2025-03-19,13.771988868713379,14.614398595635928,13.771988868713379,14.434558590701407,178718612
2025-03-20,12.778133392333984,13.582682892923238,12.456313592098281,13.440703091400522,484576818
2025-03-21,11.500319480895996,12.683479958464712,11.500319480895996,12.664549860217113,277911916
2025-03-24,11.424596786499023,11.765347566958761,10.733631530886367,11.632833274260001,367648335
2025-03-25,12.134493827819824,12.333264828396771,11.67069512736689,11.718021728014701,361414395
2025-03-26,11.983049392700195,12.238612493839973,11.878931593724634,11.926258194233462,215515906
2025-03-27,11.75588321685791,12.390057339548237,11.70855661464463,12.106098628948413,224504387
2025-03-28,12.238612174987793,12.276473273872496,11.462458293831668,11.765347987589097,204318851
2025-04-02,12.096632957458496,12.276473862797994,11.935723053809404,12.1060984583037,159413699
2025-04-03,12.106098175048828,12.484709173199917,12.106098175048828,12.125029176296295,229066936
2025-04-04,12.267007827758789,12.408986723534687,12.049305831198634,12.115563431549884,224472680
2025-04-07,12.39952278137207,12.494175082667214,11.736952158906808,11.793744261827776,242264975
2025-04-08,12.229146957397461,12.579362355849701,12.181820357027197,12.579362355849701,167545567
2025-04-09,11.926258087158203,12.342730182001144,11.916792586605455,12.106098084261337,181390643
2025-04-10,12.1818208694458,12.418452978571041,12.13449426708478,12.304869674512508,194546555
2025-04-11,12.11556339263916,12.19128559050042,11.95465349651403,12.134493490764575,146211968
2025-04-14,11.992514610290527,12.2859379016962,11.973583609461876,12.219681204155526,129007408
2025-04-15,11.632834434509277,12.077703051880446,11.594973333201935,12.020910948579504,156449486
2025-04-16,11.150104522705078,11.632834233022457,11.131174423719216,11.594973132370889,149551613
2025-04-17,10.790423393249512,11.59497289389804,10.762027794014806,11.131174194785276,340096713
2025-04-18,10.638978958129883,10.970264257918053,10.392881358440373,10.809354358327207,253932287
2025-04-21,10.922938346862793,11.21636256542155,10.56325742523717,10.66737613311925,246545197
2025-04-22,11.20689582824707,11.320479122126358,10.81881934848956,10.97026374032861,193916845
2025-04-24,11.358341217041016,11.623368926021612,11.26368801249373,11.61390432771077,227053433
2025-04-25,11.320479393005371,11.59497258545173,11.216361596794615,11.386736090350416,165312236
2025-04-28,11.405667304992676,11.55711170329528,11.235291905562338,11.339409703725424,199557686
2025-04-29,11.112242698669434,11.434062484597883,11.055451502728992,11.358340288224104,166989561
2025-04-30,10.904007911682129,11.273153420475216,10.875611408944314,11.112243515680333,195262097
2025-05-02,11.509785652160645,11.509785652160645,11.064917033917107,11.102778135298694,199932701
2025-05-05,11.424596786499023,11.604437676781611,11.197430201312377,11.585506676676173,169903266
2025-05-06,11.500319480895996,11.699090477234733,11.443528283473391,11.452993783937094,151716915
2025-05-07,11.415132522583008,11.519250318165083,11.216361529068285,11.490854719857207,119565404
2025-05-08,11.519250869750977,11.576042069086109,11.41513306918334,11.452994169633376,69168426
2025-05-09,12.096632957458496,12.134494058159467,11.670695348902603,11.746417550304546,190289185
2025-05-12,13.175675392150879,13.20407099138315,12.645619091296151,12.863321092556426,239840257
2025-05-13,13.213536262512207,13.573217156366299,13.024230766452108,13.06209186566413,230047138
2025-05-14,12.995834350585938,13.336585148417115,12.976904252195213,13.194605348427519,162387538
2025-05-15,13.298724174499512,13.46909867234367,13.099953174781476,13.099953174781476,254557558
2025-05-16,13.885571479797363,13.913967078596265,13.099952992482514,13.327119588233355,309039421
2025-05-20,13.677335739135742,13.942363448842688,13.620544538395611,13.876106747085917,136690220
2025-05-21,13.76252269744873,13.923432595296163,13.50696050260151,13.630008398433255,189796728
2025-05-22,13.24193286895752,13.895038008415684,13.118884061484534,13.84771140512917,289787468
2025-05-23,13.279792785644531,13.52589037862287,13.090487292076501,13.21353608856567,238333240
2025-05-26,12.882251739501953,13.431238162319945,12.844390638020707,13.42177356395953,156194874
2025-05-27,12.778133392333984,13.147279793077258,12.730806791826412,12.863321092711649,171303812
2025-05-28,13.043160438537598,13.08102153651252,12.749737154901897,12.749737154901897,180867053
2025-05-29,13.298724174499512,13.459634074398867,13.128348773975532,13.137814274600158,179773509
2025-05-30,13.232466697692871,13.592147600704871,13.081022296988834,13.232466697692871,302194247
2025-06-02,13.686800956726074,13.790918757713479,13.251397848455348,13.298724449878655,199170348
2025-06-03,14.538675308227539,14.595467407098804,13.75305684036708,13.847710037592591,344199569
2025-06-04,14.633328437805176,14.652258535554894,14.462953044658795,14.472418544873545,131214605
2025-06-05,14.633328437805176,14.661724035769645,14.510279643052765,14.548140741231984,37051859
2025-06-10,15.030871391296387,15.106593592547867,14.53867618048192,14.813169385688498,176213666
2025-06-11,15.248573303222656,15.343224700185742,14.888891495468112,15.002475699327356,244935850
2025-06-12,14.907822608947754,15.191780412688598,14.869961508270318,15.049801510818176,191397478
2025-06-13,14.368301391601562,14.481884691206814,14.027550590105985,14.169530391622416,245675134
2025-06-16,14.815486907958984,14.902980090531544,14.261364654478843,14.465515104778298,214077426
2025-06-17,14.689107894897461,14.951587441282468,14.640501395590203,14.873815929859402,178916908
2025-06-18,13.969720840454102,14.747436875657902,13.87250691549709,14.6210579388152,272810960
2025-06-19,13.940557479858398,14.64050204061331,13.785014450159437,14.144707938115682,305367126
2025-06-20,14.718273162841797,14.727993906606484,14.14470756079498,14.251643159083033,197524064
2025-06-23,14.757159233093262,14.94186634808464,14.53356543377782,14.562729519911285,145205294
2025-06-24,16.030668258666992,16.098718101087268,15.457102652240179,15.55431750750592,229672446
2025-06-25,16.370920181274414,16.419526684340095,15.982062594091259,16.04039076861392,202783880
2025-06-26,16.137605667114258,16.526463255216683,15.875126099812904,16.370920219975712,182377360
2025-06-27,16.273704528808594,16.44869089807844,15.612645735664346,16.08899648855496,235679635
2025-06-30,17.498607635498047,17.537494320268806,16.370919736214596,16.497297753281195,326637404
2025-07-01,17.352785110473633,17.663871150867575,17.245848588756065,17.401391608953038,193368000
2025-07-02,17.556936264038086,17.809694158949547,17.129193845774907,17.3722300692414,318397324
2025-07-03,17.381948471069336,18.0430072417438,17.2847354729741,17.838857720680906,242019243
2025-07-04,17.275014877319336,17.40139289523891,17.002813644744382,17.391671223980605,150935495
2025-07-07,17.22640609741211,17.411114138339347,16.91532004167307,16.91532004167307,181443409
2025-07-08,17.430557250976562,17.60554361858159,17.177799370460317,17.36250740895664,262133966
2025-07-09,17.673593521118164,17.702756679672774,17.35278579748351,17.537493836612292,245653019
2025-07-10,18.470752716064453,18.509639401281387,17.790250558521763,17.83885891504293,236692099
2025-07-11,18.616573333740234,18.791559701789975,18.324930623136755,18.723509859597108,160329610
2025-07-14,17.98468017578125,18.61657397327567,17.965236833281313,18.61657397327567,146134793
2025-07-16,18.169387817382812,18.451308860491068,17.780530247120137,18.043007948160472,244883558
2025-07-17,18.62629508972168,18.69434493222533,18.09161616643373,18.47075206279358,229316224
2025-07-18,18.937381744384766,18.995711771997737,18.606852338121403,18.645739023196718,155039935
2025-07-21,19.792869567871094,19.812311055496103,18.98598942353041,18.99571109445248,219703919
2025-07-22,19.734539031982422,21.09554325836942,19.433174658068314,19.79286905600638,523534642
2025-07-23,19.180418014526367,19.831755157518813,19.00543163965986,19.753983641380277,256001967
2025-07-24,19.238746643066406,19.75398220467908,19.14153179140884,19.30679648296098,365660954
2025-07-25,18.898496627807617,19.48178391558436,18.88877495668577,19.28735420158572,160921893
2025-07-28,18.840166091918945,19.04431747152222,18.75267476262511,19.00543078808574,139604537
2025-07-29,19.335960388183594,19.559555111907628,18.801281464720745,18.8498879653195,255676339
2025-07-30,19.180418014526367,19.50122575037523,19.073483338722884,19.37484773198231,189433901
2025-07-31,19.297075271606445,19.433174954634502,19.151253917759366,19.229025430092417,134852650
2025-08-01,19.540111541748047,19.598439712629094,19.238747162273665,19.34568183318573,189435593
2025-08-04,19.404010772705078,20.006741409748535,19.345682599513516,19.71509868957153,153420381
2025-08-05,19.394290924072266,19.559555626361604,18.966546661520006,19.442897425949464,187706099
2025-08-06,19.297075271606445,19.598439650119623,19.26791025914938,19.50122479614853,97554110
2025-08-07,19.297075271606445,19.617882991757664,19.26791025914938,19.365125113120474,176103561
2025-08-08,19.297075271606445,19.41373161299646,19.112367234483283,19.32623842984439,144301823
2025-08-11,19.355403900146484,19.676211627886293,19.31651907016971,19.52066859954088,123933489
2025-08-12,19.102645874023438,19.442896941340727,19.09292420304647,19.374847098721098,95462257
2025-08-13,19.22902488708496,19.40400939422861,18.98598868612988,19.131810035859115,190152173
2025-08-14,18.42214584350586,19.287354175782017,18.42214584350586,19.229026003348128,151809061
2025-08-15,18.616573333740234,18.811003043621977,18.101337754726142,18.383258794413624,151385913
2025-08-18,18.58740997314453,18.811002839124427,18.198550557608403,18.70406631443008,139203861
2025-08-19,19.559555053710938,19.773426251615906,19.102645790877904,19.345682001586834,296269153
2025-08-20,19.559555053710938,19.9678559618707,19.44289685671423,19.578996541361107,144202516
2025-08-21,20.201169967651367,20.60947086501819,19.734539046218508,19.734539046218508,189643268
2025-08-22,20.7650146484375,21.367743418789853,20.2206121958506,20.2206121958506,216970058
2025-08-25,20.64835548400879,21.114984546488078,20.590027314753645,21.076099718391006,100263742
2025-08-26,20.453927993774414,20.881670381438642,20.41504131077634,20.59002767582948,98184982
2025-08-27,20.570585250854492,21.076101027038167,20.512257077977665,20.959442827065327,202895020
2025-08-28,20.259498596191406,20.959442212859408,19.9289692025434,20.628912819211404,176434281
2025-08-29,20.12339973449707,20.376155771292886,19.948413359623654,20.278942766780283,92789139
2025-09-01,20.590028762817383,20.648356936174654,19.792870261464284,20.18172784087809,137066247
2025-09-02,20.12339973449707,20.823343379771526,19.15125485561739,20.706685178449515,194201852
2025-09-03,18.54852294921875,19.987296826775015,18.431864755856775,19.987296826775015,290330723
2025-09-04,18.781837463378906,18.985988838008197,18.344373410691706,18.616572771238655,263380090
2025-09-05,18.9665470123291,19.374847939994826,18.665182615834162,18.976268683728193,288628771
2025-09-08,18.412424087524414,18.77211664579774,18.217994374682124,18.49991727288153,148228321
2025-09-09,19.190139770507812,19.326239460796064,18.41242460569037,18.480474450834492,238950631
2025-09-10,19.92896842956543,19.948411770606846,19.2970746794718,19.46233936988574,161974573
2025-09-11,18.68462371826172,20.065069506676505,18.665182230084554,19.94841316073677,265498787
2025-09-12,18.762393951416016,18.90821715520399,18.354093060091632,18.704065782432263,153513221
2025-09-15,20.12339973449707,20.181727908048472,18.606852388406942,18.66518241617755,252402862
2025-09-16,19.98729705810547,20.259498276287783,19.773425864388784,20.084511911329088,168301276
2025-09-17,19.617883682250977,20.06506943035089,19.617883682250977,20.045627942247677,126425160
2025-09-18,19.06376075744629,20.162283602244067,18.93738089086673,19.773426040112955,187950360
2025-09-19,19.734539031982422,19.734539031982422,18.98598893253248,19.15125362549552,195846613
2025-09-22,19.734539031982422,20.220611440200898,19.676210862177548,20.181726611737343,126163888
2025-09-23,19.199861526489258,19.540112607929114,19.03459682145957,19.394291245660384,137405898
2025-09-24,19.715097427368164,19.96785530064175,19.102645158300106,19.229025022046436,336696953
2025-09-25,19.335960388183594,19.928969337427915,19.20958237409535,19.8900826535736,142857604
2025-09-26,18.451309204101562,19.30679772882998,18.344374529174903,19.30679772882998,200938009
2025-09-29,19.005430221557617,19.258188093702973,18.46102964920866,18.529079488974894,240789963
2025-09-30,19.316518783569336,19.559554993530494,18.94710270606566,19.3845686256834,254836245
2025-10-01,20.08451271057129,20.278942424755655,19.267910877747628,19.355404063708676,252938037
2025-10-02,20.12339973449707,20.220612739009674,19.734540299569833,20.02618487576526,145781056
2025-10-03,18.9665470123291,20.18172812392718,18.879053823956504,20.18172812392718,216117662
2025-10-06,18.674901962280273,19.083202879654053,18.499917444165092,19.05403972041111,179614138
2025-10-07,19.054039001464844,19.063760672252066,18.5290799042695,18.684622928426837,154252217
2025-10-08,19.131811141967773,19.61788357198029,18.82072508343483,18.96654644159475,198437764
2025-10-09,18.9665470123291,19.481784471165607,18.801282306982994,19.355404597196642,148124343
2025-10-10,19.26791000366211,19.462339709026203,19.005430457686305,19.06376048182699,185463616
2025-10-13,18.5096378326416,19.102644898190505,18.480472821200554,18.95682354942337,160834764
2025-10-14,17.556936264038086,18.606852675244568,17.304178369126625,18.51935948645909,226255680
2025-10-15,18.13050079345703,18.13050079345703,17.38194882584328,17.69303673044237,236010144
2025-10-16,17.98468017578125,18.354094412184093,17.712478943439702,17.936073673750602,211855191
2025-10-17,17.88746452331543,18.27632208495333,17.343063937022368,17.858301365079534,208536708
2025-10-20,18.461030960083008,18.60685232053924,17.595822614386048,17.936073691596725,230226028
2025-10-21,18.762393951416016,18.956823653653938,18.101337043089018,18.441586240676788,199914815
2025-10-22,18.801280975341797,19.151253704044624,18.62629461099038,18.830445987473396,170490859
2025-10-23,18.840166091918945,19.112367313316938,18.548523383021838,18.859609433637186,294235191
2025-10-24,19.540111541748047,20.142840300696815,19.054039124561374,19.054039124561374,298506918
2025-10-27,19.20958137512207,19.83175345068261,18.95682350587084,19.50122407198631,160418011
2025-10-28,19.219303131103516,19.520667499766805,19.10264493930728,19.15125329181365,59038945
2025-10-30,19.374847412109375,19.501225428415832,19.131811196411505,19.248467541583747,151629099
2025-10-31,19.656768798828125,19.812311831233195,19.14153319931853,19.36512607662342,152271418
2025-11-03,20.162282943725586,20.667798685094986,19.676210543382485,19.75398205326862,202310085
2025-11-04,19.656768798828125,20.45392915767812,19.540112451633924,20.10395640765711,136878633
2025-11-05,19.540111541748047,19.94841244635362,19.180417137173496,19.676211225210196,179783252
2025-11-06,19.98729705810547,20.006740399594012,19.374846634969135,19.715097694142255,147159027
2025-11-07,19.38456916809082,19.967856459162626,19.16097443946352,19.94841311680909,192064625
2025-11-10,18.295764923095703,18.94710201624674,18.286043252544903,18.85960883550861,247064601
2025-11-11,17.401391983032227,18.373536807271112,17.129192618945563,18.295765295500765,283043134
2025-11-12,17.644428253173828,17.71247809444264,17.25557069290982,17.576378411905015,185366337
2025-11-13,17.644428253173828,18.004122655304975,17.576378411905015,17.69303660709377,150680614
2025-11-14,18.072172164916992,18.111056993120233,17.4305567387014,17.57637808934693,160706919
2025-11-17,18.66518211364746,19.151254545208914,18.120779655260826,18.21799451241695,291156789
2025-11-18,18.538801193237305,18.95682375738285,18.31520833239357,18.577687875585298,277718980
2025-11-19,19.199861526489258,19.35540456013847,18.636017565956063,18.636017565956063,247108702
2025-11-20,19.374847412109375,19.394290754377806,18.947103153299754,19.297075897254825,150407660
2025-11-21,19.559555053710938,19.63732656696903,19.122089132747213,19.229025658809263,184891429
2025-11-24,19.501224517822266,19.773425734212573,19.30679666687412,19.55955454190389,129595104
2025-11-25,19.598440170288086,19.83175471347971,19.46234048364776,19.63732685459627,121637267
2025-11-26,19.98729705810547,20.123398594306178,19.578996157941546,19.63732618240718,111254847
2025-11-27,20.415040969848633,20.551140649630856,19.98729673510856,20.162283097239456,161569966
2025-11-28,20.531700134277344,20.803899506722814,20.084512537201107,20.434485278024322,141855985
2025-12-01,21.076101303100586,21.173316161981443,20.53170068927466,20.551142177675466,123518013
2025-12-02,21.212200164794922,21.270528336158396,20.842785940534082,21.095543822067977,97396087
2025-12-03,21.173315048217773,21.445514413702835,20.88167048691635,21.348299559935693,213335198
2025-12-04,20.298383712768555,21.387186763876898,20.123399196790018,21.173315563757026,144542402
2025-12-05,20.356714248657227,20.628913627585078,20.006741499499476,20.415042422110453,119022672
2025-12-08,20.415040969848633,20.784455181065695,20.259497948892076,20.628912160109135,144377260
2025-12-09,20.220611572265625,20.570584301818773,20.084511890425667,20.47336944869633,109904755
2025-12-10,19.98729705810547,20.590027664716633,19.75398252290024,20.317826446534315,162933234
2025-12-11,19.851198196411133,20.3761554587603,19.695655166513664,20.103956083549317,189370416
2025-12-12,20.240055084228516,20.278941767492697,19.520668131813164,19.98729720566867,183299624
2025-12-15,20.298383712768555,20.687243137305277,20.162284026712197,20.37615522683207,159370578
2025-12-16,19.831754684448242,20.317827112274028,19.792869854416143,20.298383770148398,108988418
2025-12-17,19.831754684448242,19.94841288298286,19.695654998007154,19.831754684448242,94341976
2025-12-18,19.96785545349121,20.142839963202476,19.831753918090328,19.928968770742646,101094549
2025-12-19,19.695653915405273,20.162282975456446,19.695653915405273,19.98729661438249,128277582
2025-12-22,19.617883682250977,19.89008305788773,19.462340652110207,19.734540027746963,128629658
2025-12-23,19.656768798828125,20.00674154884914,19.481784278036827,19.559555794239362,144517545
2025-12-24,19.831754684448242,20.00674105514059,19.617883483723794,19.715098340132784,134568606
2025-12-25,19.98729705810547,20.162283423064164,19.948412229347483,19.98729705810547,67346314
2025-12-26,20.395597457885742,20.45392748092031,19.773425379269447,19.987296567739033,128233765
2025-12-29,19.598440170288086,20.453928682876537,19.57899682813399,20.434485340722446,121447999
2025-12-30,19.676212310791016,19.753983827662946,19.46234110294801,19.637327479464663,89627767
2025-12-31,19.870641708374023,20.10395625521245,19.715098677148408,19.734540165387216,95372556
2026-01-02,20.609472274780273,20.609472274780273,19.94841345723242,19.94841345723242,155662189
2026-01-05,20.609472274780273,20.823343481661375,20.31782769715781,20.706685279768546,166487357
2026-01-06,21.076101303100586,21.134429476741417,20.609472205535507,20.66780037917634,168405210
2026-01-07,20.7650146484375,21.173315560768096,20.628913108181198,21.173315560768096,103640126
2026-01-08,20.68724250793457,20.78445550689207,19.967855561178286,20.70668399519461,171191718
2026-01-09,20.7650146484375,21.056657362579717,20.59002827826451,20.80389947835419,125604788
2026-01-12,20.920557022094727,21.17331489841335,20.72612731593606,20.862226997715666,147000508
2026-01-13,20.940000534057617,21.114985045962303,20.667799314062922,20.940000534057617,136857223
2026-01-14,20.317827224731445,21.095544226088794,20.259499052250874,20.998329369141732,193260585
2026-01-15,20.74557113647461,20.86222747948848,19.948412660409634,20.18172720065652,219230083
2026-01-16,22.242673873901367,22.281560558838745,20.628913533384097,20.78445656469522,382153865
2026-01-19,22.301002502441406,22.65097337382935,22.10657279838882,22.43710218274677,187087904
2026-01-20,21.873258590698242,22.55376071076316,21.756600395691443,22.37877434536252,176714215
2026-01-21,22.164901733398438,23.0787184072544,21.42607328260841,22.164901733398438,467285457
2026-01-22,22.281558990478516,22.748188051566668,22.009357777734227,22.359330500659876,358488945
2026-01-23,22.748188018798828,22.903731038937494,22.417658637449403,22.417658637449403,188844670
2026-01-26,23.078718185424805,23.078718185424805,22.3204445457835,22.514874254682027,188272803
2026-01-27,22.84540367126465,23.234261235250862,22.631532474627015,23.137046380699527,166679352
2026-01-28,23.29258918762207,23.60367709010966,22.825960115219353,22.845403456790912,188286239
2026-01-29,23.875877380371094,24.109191925612862,23.234261917401437,23.448134974537442,205839752
2026-01-30,24.78969383239746,25.02300837537255,23.642562605438904,23.97309200487507,251561168
2026-02-02,24.34250831604004,24.789694064032677,23.70089099908931,24.284178289086856,183015383
2026-02-03,25.217437744140625,25.35353742879722,24.0703065328375,24.536935612419374,192976342
2026-02-04,24.575822830200195,25.37298132202982,24.575822830200195,25.314653149369384,112267626
2026-02-05,23.370363235473633,24.673035637033806,23.312033209057844,24.459164436166734,174796478
2026-02-06,23.098161697387695,23.467575921954463,22.767632302355736,23.37036292100788,117986853
2026-02-09,24.32306480407715,24.361949634222213,23.292589919055,23.46757629025571,133726287
2026-02-10,23.428691864013672,24.264735195846942,23.29259032061168,24.148078849181463,144748455
2026-02-11,23.623119354248047,23.89532058254316,23.02039057946345,23.214818438914957,154110861
2026-02-12,24.34250831604004,25.178551639291314,23.70089099908931,23.72033434140704,279041182
2026-02-13,24.867464065551758,25.023007086188247,24.42027834477662,24.42027834477662,188023689
2026-02-16,25.314653396606445,26.36456978584427,25.100780337730743,25.761839148402558,242683344
2026-02-17,25.48963737487793,25.995153143385814,24.731365576335264,25.159107976562712,282076237
2026-02-18,25.197994232177734,26.07292421404255,25.06189454843984,25.62573847934998,232443258
2026-02-19,24.439720153808594,25.43130831409969,24.186962278388172,25.314651974194323,144557096
2026-02-20,23.700889587402344,24.809135928653387,23.31203203530508,24.43971986349668,238878373
2026-02-23,24.225849151611328,24.381392175520624,23.895319762249304,24.031419444615157,166136883
2026-02-24,24.14807891845703,24.420280151822702,23.89532102766445,24.225850434530194,105324968
2026-02-25,23.68144989013672,24.26473533525363,23.37036382494924,24.26473533525363,110360410
2026-02-26,23.60367774963379,23.798105608124654,23.059275295733375,23.73977743599931,124368096
2026-02-27,23.039833068847656,23.91476303954156,22.767631850628156,23.642561821322058,147668424
2026-03-02,21.912145614624023,22.456546206612824,21.445514681557345,21.678829220981118,97980469
2026-03-03,21.1149845123291,22.184344169445144,20.97888483288092,21.83437144604231,103211101
2026-03-04,20.998329162597656,21.38718673234186,20.70668459462514,21.095544018588495,91189858
2026-03-05,21.017772674560547,21.659388133380492,20.959442647962973,21.192757191695758,61260588
2026-03-06,20.376155853271484,21.13442952936728,20.25949950569934,20.88167163733535,74912245
2026-03-09,20.415040969848633,20.415040969848633,18.840165564889634,19.355402980695153,160026553
2026-03-10,20.998329162597656,21.28997187635102,20.667799764760296,21.28997187635102,101764703
2026-03-11,20.453927993774414,20.90111372293768,20.31782645750025,20.765014040882615,81201320
2026-03-12,19.92896842956543,20.70668352903158,19.92896842956543,20.18172630044669,137625732
2026-03-13,19.44289779663086,20.02618510137363,19.44289779663086,19.773427207511123,76267072
2026-03-16,19.598440170288086,19.773426541236596,19.28735411269925,19.3942906403276,80618603
2026-03-17,20.142841339111328,20.27894288380898,19.617884065680787,19.69565558227121,79428816
2026-03-18,19.773426055908203,20.415041497491845,19.71509788509672,20.240055130838286,61677870
2026-03-19,19.598440170288086,19.812311371325617,19.57899682813399,19.695655026839386,24425601
2026-03-23,19.851198196411133,19.87064153870311,18.470752415406707,19.01515302004785,141369501
2026-03-24,19.151254653930664,19.89008312238553,19.112367969159784,19.59844040348067,64700541
2026-03-25,19.831754684448242,19.9095261987316,19.306797426590357,19.442897113031446,110540159
2026-03-26,19.258188247680664,19.79286900795437,19.258188247680664,19.637325986039606,79947997
2026-03-27,18.733232498168945,19.462341166558527,18.577689463916705,19.44289782372219,103986018
2026-03-30,18.636016845703125,18.8887747291692,18.334652461432444,18.655460187712627,86318299
2026-03-31,18.674901962280273,19.034596378103032,18.412424257997912,18.704066975742393,103237749
2026-04-01,19.180418014526367,19.355404389392877,19.04431832483873,19.248467859370187,74391014
2026-04-02,19.054039001464844,19.151253855117957,18.636016428709834,18.77211611129273,82406805
2026-04-03,18.9665470123291,19.481784471165607,18.90821883815378,19.054040200701703,107346272
2026-04-06,19.316518783569336,19.423453455083237,18.976267718779887,18.976267718779887,102114348
2026-04-07,18.733232498168945,19.34568296375973,18.587411135334875,19.229026615180167,79342944
2026-04-08,20.04562759399414,20.337270306886563,19.559555169694,19.676211513163313,164070757
2026-04-09,20.00674057006836,20.084512082466116,19.773426032875097,19.96785574097904,66312008
2026-04-10,20.940000534057617,20.97888536307451,20.103955386674638,20.24005506956243,135977737
2026-04-13,20.415040969848633,20.59002733197953,20.181726438413794,20.395597628674295,80015171
2026-04-14,20.570585250854492,20.920557996553836,20.317827362762657,20.70668493897349,101034538
2026-04-15,20.609472274780273,20.823343481661375,20.609472274780273,20.706685279768546,60907382
2026-04-16,20.376155853271484,21.192757703153354,20.35671436482227,20.78445677821242,90746871
2026-04-17,21.717716217041016,21.717716217041016,20.240055591883866,20.395598620403653,157130981
2026-04-20,21.212200164794922,21.698272586001842,20.99832896698277,21.192756822934054,121394903
2026-04-21,20.72612762451172,21.406629751979423,20.667799453483354,21.328858239201896,83370578
2026-04-22,20.570585250854492,21.01777285416134,20.41504222037016,20.862227969457823,65243485
2026-04-24,20.590028762817383,20.803899967940175,20.25949935676085,20.41504238852637,67073159
2026-04-27,20.415040969848633,20.920556715066986,20.356712800544692,20.60947067315387,80713840
2026-04-28,20.12339973449707,20.41504245647329,20.02618487576526,20.317827597741484,63770591
2026-04-29,19.617883682250977,20.415042175277208,19.50122548253581,20.181727630066057,103039751
2026-04-30,20.00674057006836,20.00674057006836,19.219303775263704,19.42345329997564,107389060
2026-05-04,19.219303131103516,20.162282919098477,18.99571027223137,20.045626581521294,150138716
2026-05-05,19.695653915405273,19.851196935422333,19.24846634219194,19.24846634219194,113208633
2026-05-06,20.6289119720459,20.88166984235081,20.006739893891684,20.16228291343024,152788722
2026-05-07,21.095542907714844,21.38718560611055,20.609470507575967,20.72612684524663,117164002
2026-05-08,21.38718605041504,21.542729073353257,20.745570617240116,20.978885151647443,104281791
2026-05-11,21.620500564575195,22.009358121556584,21.289971177586242,21.387186030386363,120038123
2026-05-12,20.0650691986084,21.114985567042112,20.0650691986084,21.114985567042112,157498954
2026-05-13,19.462339401245117,20.317826012036313,19.462339401245117,20.22061116089164,95261375
2026-05-14,19.792869567871094,20.06506893681259,19.59843985786791,19.59843985786791,101866603
2026-05-15,19.753982543945312,19.87064073878176,19.404009813655076,19.423453155164335,81796250
2026-05-18,19.30679702758789,19.65676790752078,19.297075356725987,19.57899639484468,83958086
2026-05-20,19.287353515625,19.481783222708685,19.063760650432137,19.073482321208232,90573844
2026-05-21,17.897186279296875,19.433175045739862,17.897186279296875,19.190138836782307,135433112
2026-05-22,18.752674102783203,18.995710303052228,17.527771430921025,17.527771430921025,196670431
2026-05-25,19.034595489501953,19.41373137571423,18.781837613954067,18.849887454636367,115497698
2026-05-26,18.56796646118164,19.12208871275227,18.56796646118164,19.034595530481212,39150674
2026-05-27,18.56796646118164,18.56796646118164,18.56796646118164,18.56796646118164,0
2026-05-28,18.56796646118164,18.56796646118164,18.56796646118164,18.56796646118164,0
2026-05-29,18.56796646118164,18.56796646118164,18.56796646118164,18.56796646118164,0
2026-06-01,18.674901962280273,19.180417736975272,18.577688959178232,18.694345304588353,96848838
2026-06-02,19.413732528686523,19.501225715965397,18.8596102453998,18.8596102453998,87417480
2026-06-03,19.24846649169922,19.676210727178045,19.141531823493818,19.297074844719013,87104046
2026-06-04,19.753982543945312,19.753982543945312,19.122088778647242,19.355403314101032,112887718
2026-06-05,18.694345474243164,19.831755050519536,18.694345474243164,19.812311708035004,150443949
2026-06-08,18.888774871826172,19.024874558482274,18.295765915591726,18.324930928826248,106979631
2026-06-09,18.66518211364746,19.034596345777725,18.66518211364746,18.898496658290657,75270394
2026-06-10,18.558244705200195,18.93738059048688,18.558244705200195,18.616572875039896,86055728
2026-06-11,18.62629508972168,18.830446471451772,18.208272509520235,18.63601676068208,117611094
2026-06-12,19.355403900146484,19.695654969984258,18.849888130914312,18.95682465823397,208541364
2026-06-15,20.278942108154297,20.453928477344448,19.987297541430994,20.298383595893867,117603328
2026-06-16,20.862226486206055,20.978884677884793,20.41504076891217,20.434484109895138,122316768
2026-06-17,20.998329162597656,21.36774339029986,20.765014620751135,20.95944247851366,136032131
2026-06-18,21.698272705078125,21.75660087676169,21.114985425585015,21.13442876755259,115687551
2026-06-19,21.328857421875,21.639943461064217,21.076099551478997,21.367742249664126,69526519
2026-06-22,21.38718605041504,21.542729073353257,21.23164302747682,21.38718605041504,68329356
2026-06-23,20.940000534057617,21.348299582720994,20.803898996950714,21.1927565582152,74529168
2026-06-24,20.860000610351562,21.100000381469727,20.6200008392334,21.0,76463396
2026-06-25,20.799999237060547,21.6200008392334,20.719999313354492,21.100000381469727,99793437
2026-06-26,20.959999084472656,21.0,20.6200008392334,20.81999969482422,54578731
2026-06-29,20.799999237060547,20.959999084472656,20.540000915527344,20.940000534057617,74272221
2026-06-30,20.68000030517578,21.040000915527344,20.559999465942383,20.81999969482422,77212903
2026-07-01,21.31999969482422,21.479999542236328,20.479999542236328,20.65999984741211,106560070
2026-07-02,22.0,22.0,21.440000534057617,21.600000381469727,118172236
2026-07-03,20.799999237060547,22.040000915527344,20.700000762939453,22.020000457763672,157544462
2026-07-06,20.5,21.040000915527344,20.459999084472656,20.81999969482422,110603353
2026-07-07,20.940000534057617,21.15999984741211,20.34000015258789,20.399999618530273,110008624
2026-07-08,20.399999618530273,20.84000015258789,20.299999237060547,20.719999313354492,123200325
2026-07-09,20.360000610351562,20.84000015258789,20.139999389648438,20.579999923706055,93921781
2026-07-10,20.479999542236328,20.719999313354492,20.280000686645508,20.31999969482422,99462473
2026-07-13,20.84000015258789,20.8799991607666,20.059999465942383,20.200000762939453,96925522
2026-07-14,21.020000457763672,21.31999969482422,20.6200008392334,20.739999771118164,96037056
2026-07-16,20.760000228881836,21.34000015258789,20.719999313354492,21.020000457763672,116501949
2026-07-17,20.3799991607666,20.780000686645508,20.280000686645508,20.760000228881836,147605052
2026-07-20,20.200000762939453,20.8799991607666,20.200000762939453,20.399999618530273,141384033
2026-07-21,19.799999237060547,20.479999542236328,19.719999313354492,20.299999237060547,138705501
2026-07-22,19.6299991607666,20.040000915527344,19.540000915527344,19.959999084472656,176193002
2026-07-23,19.170000076293945,19.719999313354492,19.09000015258789,19.649999618530273,298989867
2026-07-24,18.6200008392334,19.34000015258789,18.520000457763672,19.200000762939453,179513470
2026-07-27,18.90999984741211,19.3799991607666,18.84000015258789,18.84000015258789,156543113
2026-07-28,18.200000762939453,19.040000915527344,18.149999618530273,18.90999984741211,158982857
2026-07-29,17.989999771118164,18.290000915527344,17.920000076293945,18.260000228881836,118784773
2026-07-30,17.729999542236328,18.139999389648438,17.649999618530273,17.989999771118164,108956803
2026-08-03,18.190000534057617,18.520000457763672,17.93000030517578,18.100000381469727,146936073
2026-08-04,18.5,18.549999237060547,17.889999389648438,18.1299991607666,156908977
2026-08-05,18.280000686645508,18.510000228881836,18.100000381469727,18.479999542236328,94529503
2026-08-06,18.190000534057617,18.479999542236328,18.1200008392334,18.299999237060547,98668672
2026-08-07,17.940000534057617,18.270000457763672,17.690000534057617,18.18000030517578,147138889
