Price,Close,High,Low,Open,Volume
2021-08-10,8.078533172607422,8.139046470266432,7.934813549635715,8.010455532397183,4863401
2021-08-11,7.972635269165039,8.033148572350788,7.851608662793539,7.942378617572164,4432334
2021-08-12,8.06340503692627,8.06340503692627,7.942378433361783,7.972635084252905,2223723
2021-08-13,8.0407133102417,8.078534306932967,7.987764347699232,8.07096996331961,1810896
2021-08-16,8.101226806640625,8.191996768005932,8.040713499063752,8.048277842854745,3550088
2021-08-17,8.161739349365234,8.290330296259464,8.108790390541303,8.108790390541303,4576266
2021-08-18,8.101226806640625,8.207125455587914,8.101226806640625,8.176868801799479,1589550
2021-08-19,8.010456085205078,8.1012260379577,7.987763777360788,8.06340504396691,2546458
2021-08-20,8.13148307800293,8.139047421438168,7.995327781670629,8.002892125105868,3178284
2021-08-23,8.169302940368652,8.229816236703758,8.131481949815363,8.154174255597178,2124953
2021-08-24,8.252510070800781,8.275202380785077,8.146612143290385,8.20712545083219,3620647
2021-08-25,8.252510070800781,8.313023378342589,8.16930445327468,8.244945727014175,3090307
2021-08-26,8.199560165405273,8.290330116293932,8.123918178977004,8.275201430458099,1928262
2021-08-27,8.396227836608887,8.411355799418127,8.139045976473515,8.199559270461206,4895425
2021-08-31,8.396227836608887,8.562639034387354,8.36597118961504,8.471869093405818,3458720
2021-09-01,8.608025550842285,8.615589893976155,8.373535963320565,8.396228992722175,4678658
2021-09-02,8.555076599121094,8.660974517585819,8.547512255980623,8.623153523258932,1896493
2021-09-03,8.441612243652344,8.592895474987891,8.426484281206465,8.570203170631396,1998224
2021-09-06,8.479434967041016,8.547512615417094,8.449178314582259,8.449178314582259,1374954
2021-09-07,8.434048652648926,8.539947284699938,8.358407390934271,8.479433986778048,1593545
2021-09-08,8.381099700927734,8.456741684050442,8.260073105031731,8.411356349901736,2343511
2021-09-09,8.464305877685547,8.502126871804656,8.313022622584576,8.396228953921707,1651441
2021-09-10,8.381099700927734,8.532382945797737,8.328150745567086,8.486998333024443,1698478
2021-09-13,8.343278884887695,8.426485212348206,8.32058657802366,8.343278884887695,936262
2021-09-14,8.335716247558594,8.381100866644378,8.252509910275469,8.350844213462016,1302390
2021-09-15,8.267638206481934,8.411357121956131,8.20712490297959,8.320587166702616,1256621
2021-09-16,8.161739349365234,8.388664592200668,8.108790390541303,8.335715633376735,1641354
2021-09-17,7.987764358520508,8.199560930352815,7.987764358520508,8.169304277233914,2192682
2021-09-20,7.919685363769531,8.025583271014765,7.889428715788695,7.919685363769531,1863458
2021-09-21,7.927249431610107,7.995327073748529,7.8591725108471175,7.927249431610107,1375453
2021-09-22,7.9499430656433105,8.01802071296883,7.844044422984116,7.9499430656433105,1624899
2021-09-23,8.033147811889648,8.063404460618266,7.942377865703797,7.965070171906407,2046310
2021-09-24,7.821352005004883,8.025584222751135,7.806223318532692,8.010456257654418,2372249
2021-09-27,7.836480140686035,7.8818654797150804,7.760838870804947,7.844044484086791,1886114
2021-09-28,7.730581283569336,7.859172220327246,7.7154525985976266,7.813786886787523,2399557
2021-09-29,7.775966167449951,7.8591724949510295,7.7305815536997535,7.745709517824676,3283327
2021-09-30,7.881865501403809,7.881865501403809,7.677632557274347,7.813787853360655,4845921
2021-10-01,7.806222915649414,8.025583808546525,7.79109495133346,7.85160825134815,3673710
2021-10-04,7.828916549682617,7.866736824085278,7.768403244987769,7.806223519390429,3666628
2021-10-05,7.821352005004883,7.896993273239413,7.768403045103165,7.813787661768788,2538413
2021-10-06,7.798659801483154,7.844044418758729,7.700325502218762,7.791095458145397,2118410
2021-10-07,7.821352005004883,7.881865308142697,7.791095353435977,7.828916348240979,2682165
2021-10-08,7.934813976287842,8.04827695653091,7.912121668789408,8.018020306074513,8377272
2021-10-11,7.972635269165039,8.010456264000002,7.927249931087989,7.942378617572164,3563701
2021-10-12,7.965070724487305,8.033148369193468,7.919686108933502,7.919686108933502,3221649
2021-10-13,7.919685363769531,7.995326623033929,7.859172067807857,7.972634317392148,3053047
2021-10-14,8.055839538574219,8.13148151564196,7.942377294347962,8.002890587452013,7245800
2021-10-15,8.086097717285156,8.116354369570232,7.942378799274922,8.078534095245507,4274279
2021-10-18,8.479434967041016,8.600461576876045,8.169304098994882,8.207125094912202,12944958
2021-10-19,8.41892147064209,8.547512421010987,8.358408167100901,8.494562739380836,4932304
2021-10-20,8.502126693725586,8.615589673706403,8.418921085506678,8.441613392952663,6252817
2021-10-21,8.411357879638672,8.600462150461597,8.411357879638672,8.517256530994706,6144592
2021-10-22,8.812257766723633,8.857643104155999,8.441613609631927,8.471870260795017,6213979
2021-10-25,8.827385902404785,9.01649014072301,8.698794962638358,8.812257217079125,6369182
2021-10-26,8.857643127441406,8.910592086772139,8.804694168110672,8.857643127441406,4203672
2021-10-27,8.857643127441406,8.887899778684035,8.721487836161842,8.872771092374986,3570278
2021-10-28,8.895463943481445,8.895463943481445,8.834950642209499,8.857642949842615,1677269
2021-11-01,8.940848350524902,8.97110500045623,8.872770707835556,8.910591700593574,4178735
2021-11-02,8.713924407958984,8.978669931869332,8.66853906939909,8.948413279954565,6008352
2021-11-03,8.842514038085938,8.872770687949453,8.509690889587272,8.683666445958625,6982398
2021-11-04,8.81982135772705,8.96354097952729,8.706359105885097,8.925719988454837,5999952
2021-11-05,8.774436950683594,8.887899205178254,8.751743922684325,8.827385906597712,4163527
2021-11-08,8.789566040039062,8.827387036838278,8.729052733710521,8.797130383674007,2986850
2021-11-09,8.804694175720215,8.842514448774587,8.766873181290373,8.797129832559152,3844740
2021-11-10,8.79712963104248,8.842514246218284,8.721487643915538,8.804693974030265,4416063
2021-11-11,8.76687240600586,8.86520669427722,8.73661575741278,8.819821360699898,3463690
2021-11-12,8.729052543640137,8.804694535591507,8.653410551688767,8.804694535591507,3092588
2021-11-15,8.910593032836914,8.933286064709876,8.75174541660391,8.78200207105898,9172488
2021-11-16,8.880335807800293,9.077004409809621,8.827386846249896,8.933285490726188,8873118
2021-11-17,9.024054527282715,9.084567826128875,8.872770558791888,8.903027929590394,8242690
2021-11-18,9.190465927124023,9.296364562966868,8.91815607672513,9.046747019757357,15242918
2021-11-19,9.682137489318848,9.697265453805247,9.455212251019296,9.455212251019296,10968749
2021-11-22,9.848548889160156,9.931754492730677,9.6367516269118,9.727521573000207,8479103
2021-11-23,9.742650032043457,10.022524206334545,9.644315745718146,9.863676624020641,10550308
2021-11-24,9.954447746276855,10.03008973590377,9.727522498771586,9.788035801922929,9389640
2021-11-25,9.886369705200195,10.075473950342513,9.803164097032736,9.977139656303454,4674001
2021-11-26,9.697265625,9.848549600787422,9.591367707599357,9.848549600787422,4280636
2021-11-29,9.886369705200195,9.931755041439548,9.614059851890419,9.697265460057878,5313400
2021-11-30,9.939319610595703,10.090602865877695,9.795599977046212,9.886369930215407,5569705
2021-12-01,10.476374626159668,10.476374626159668,10.014959843472791,10.128422814250474,5704532
2021-12-02,10.257015228271484,10.657916051563568,10.226758575973506,10.483939759818574,4785709
2021-12-03,10.499067306518555,10.499067306518555,10.272142078238712,10.362912025275566,3041070
2021-12-06,10.816762924194336,10.839455231537713,10.491503392979,10.582273343727953,4688636
2021-12-07,10.79407024383545,11.30843328030445,10.650350619084605,10.831890514308958,9965993
2021-12-08,10.763813018798828,10.968045944719325,10.733556369185655,10.8621473103855,6482908
2021-12-09,10.741121292114258,10.983175223469617,10.741121292114258,10.786506629673221,4646893
2021-12-10,10.75624942779541,10.907532676288401,10.612529800695496,10.771377391956994,4079794
2021-12-13,11.194971084594727,11.263048726003225,10.801633921512481,10.801633921512481,6024547
2021-12-14,11.399202346801758,11.5504863025038,11.26304779659543,11.429458993667094,6647726
2021-12-15,11.04368782043457,11.542922894812017,10.968045836460536,11.452152946868429,5997002
2021-12-16,11.315999031066895,11.338691340449824,10.884841545913691,11.126894769666295,7122558
2021-12-17,10.710865020751953,11.868182873734556,10.211629896774182,11.505103045887266,9702489
2021-12-20,10.302399635314941,10.862148052066706,9.682137915204903,10.287271670163111,5469509
2021-12-21,9.341750144958496,10.81676313590577,9.273672500220467,10.778942142009592,4569229
2021-12-22,9.1526460647583,9.55354687611121,8.872771137617555,9.334185973139753,4410208
2021-12-23,8.933284759521484,9.409826817220265,8.804693816531199,9.266107909900471,4054228
2021-12-24,9.341750144958496,9.349313766637366,8.97866961348083,9.129952867690083,3086533
2021-12-27,9.349312782287598,9.606494648053463,9.273671523834649,9.455211409772184,3420871
2021-12-28,9.12238883972168,9.455211984158884,9.001361520369088,9.40226302788773,3455946
2021-12-29,9.326622009277344,9.3946996580331,8.698795926225054,9.145082093512332,3445293
2021-12-30,9.243415832519531,9.629187949705653,9.243415832519531,9.349313749585132,4100089
2021-12-31,9.742650032043457,9.75777799535291,9.198029646770735,9.22072195242261,4751215
2022-01-03,10.052781105041504,10.604965846427932,9.909062203828148,10.438553917621356,8480224
2022-01-04,10.173808097839355,10.355347997430995,9.977139512594027,10.098166833697224,6636526
2022-01-05,10.854583740234375,10.968045996475327,10.105730396367628,10.196500345635476,8759398
2022-01-06,10.998303413391113,11.194972011210638,10.680608208105877,10.794071193636595,6781884
2022-01-07,10.899968147277832,11.293305308014292,10.597401655461645,11.14958568337004,7374263
2022-01-10,10.9150972366333,11.142021753208478,10.9150972366333,10.99830284461917,3617352
2022-01-11,10.544452667236328,11.013431842253176,10.536889045478352,10.960482161694552,6265779
2022-01-12,10.869711875915527,10.884840561719901,10.552016687778083,10.650350981380193,6001552
2022-01-13,10.604966163635254,10.869711667763012,10.574708792605925,10.809198368455213,5084094
2022-01-14,10.80163288116455,10.80163288116455,10.476374112193184,10.604965039940708,4691320
2022-01-17,10.95291805267334,11.028560042873625,10.794071171728605,10.824327823533622,4890566
2022-01-18,10.415862083435059,10.975610471344124,10.415862083435059,10.960481785596366,4295048
2022-01-19,10.725993156433105,10.741121121128295,10.128423762776245,10.400733619668772,6691002
2022-01-20,10.461247444152832,10.756250344898373,10.272143187069267,10.73355731465799,5433621
2022-01-21,10.514196395874023,10.544453048125261,10.24188652561289,10.317528516928729,3229687
2022-01-24,10.045217514038086,10.521760308516894,9.969576247194514,10.491503657504373,2953542
2022-01-25,10.067910194396973,10.11329480865509,9.81072830901618,10.045217165892476,3294230
2022-01-26,9.98470401763916,10.07547396890969,9.93175505974188,10.067910347335399,3276949
2022-01-27,9.992267608642578,9.992267608642578,9.780471071616294,9.840984367909519,3637554
2022-01-28,10.204065322875977,10.476375908986391,10.022525413052684,10.030089756305857,6270732
2022-01-31,11.164715766906738,11.187408076291062,10.241886769230033,10.257015456403254,11755855
2022-02-01,10.922659873962402,11.157149433703022,10.847018615711677,11.157149433703022,7015483
2022-02-02,10.680608749389648,11.255485885361528,10.680608749389648,10.998303970775396,6926603
2022-02-03,10.55958080291748,10.915096976522182,10.468810854175404,10.680607401240248,4490753
2022-02-04,10.589838027954102,10.665480016703961,10.362912783079992,10.582273684804022,4119253
2022-02-07,10.741121292114258,10.809198937764968,10.38560509892469,10.589838035876825,4918993
2022-02-08,10.46881103515625,10.809198529167382,10.446118727922292,10.741120886090068,5195624
2022-02-09,10.96804428100586,11.036121912652844,10.468809277428402,10.529322567475651,17044891
2022-02-10,11.11176586151123,11.399204419688832,10.937790290742823,10.975611286545888,17326901
2022-02-11,11.028559684753418,11.300869542156116,10.89240439536434,11.081508643348966,9961810
2022-02-14,10.66547966003418,11.028559462590444,10.552016680703765,10.945353854848493,8818544
2022-02-15,10.763813018798828,10.869711653132653,10.589837463866933,10.680607412706456,7469211
2022-02-16,10.733556747436523,10.990738638899316,10.72599312579826,10.794070770170817,5367718
2022-02-17,10.506631851196289,10.85458368221765,10.468810858859644,10.816762689881005,6880463
2022-02-18,10.998303413391113,10.998303413391113,10.514196262152781,10.657915899549927,6865122
2022-02-21,10.75624942779541,11.08907257447999,10.75624942779541,11.005866968152702,9932886
2022-02-22,10.635223388671875,10.89996890712279,10.362912805678913,10.582273707881315,7412132
2022-02-23,10.695735931396484,10.892403790127288,10.67304290350894,10.703299552650249,4365290
2022-02-24,9.629188537597656,10.234322311651729,9.629188537597656,9.946883750941657,5333594
2022-02-25,10.18137264251709,10.211629293048883,9.735086506141547,10.022525046881311,7082015
2022-02-28,10.014961242675781,10.272143146719273,9.682138068921283,10.090603233762275,4201009
2022-03-01,10.067910194396973,10.226757787051259,9.66700868065612,10.173808108582872,6605482
2022-03-02,10.14355182647705,10.287271460049134,9.977139884952967,10.128423861634205,4380169
2022-03-03,10.483938217163086,10.491502559468401,10.204064044244905,10.204064044244905,5582810
2022-03-04,10.506631851196289,10.680607406019256,10.378040910076953,10.446118552007828,5585128
2022-03-07,10.514196395874023,10.718429339601492,10.234322182206208,10.514196395874023,6295393
2022-03-08,10.499067306518555,10.627658245164618,10.49150296392163,10.51419527033699,5574114
2022-03-09,10.66547966003418,10.733556581981896,10.506632066071953,10.559581023600881,6550181
2022-03-10,10.529324531555176,10.809198730573648,10.499067880887651,10.725993121581817,4585504
2022-03-11,10.635223388671875,10.665480039962707,10.483939410842243,10.529324748466227,5521536
2022-03-14,10.975610733032227,11.013431726927932,10.650351195454801,10.665479881563266,6362614
2022-03-15,10.847020149230957,11.073945398815903,10.741121507057851,11.043688746962943,5734083
2022-03-16,10.703300476074219,10.930225724899657,10.673043824322527,10.884841107959856,3952305
2022-03-17,10.703300476074219,10.824327804456471,10.695736854167906,10.748685814389498,4519671
2022-03-18,10.75624942779541,10.907532676288401,10.70329974979129,10.70329974979129,5012353
2022-03-21,10.96804428100586,11.013429609228956,10.801632372688267,10.839453359311628,4430947
2022-03-22,11.520230293273926,11.60343662300075,10.968046242498033,11.005867235885185,9558312
2022-03-23,11.474845886230469,11.679078100020998,11.263049329350357,11.618564798055251,7510750
2022-03-24,11.421895980834961,11.611000214150934,11.421895980834961,11.48240927778604,6285774
2022-03-25,11.285740852355957,11.482409430754684,11.24791986091383,11.43702409674905,6111189
2022-03-28,11.444589614868164,11.716899482746626,11.33112662888719,11.338690972227687,8591632
2022-03-29,11.5656156539917,11.60343664745857,11.452153394966535,11.474845702496479,6660865
2022-03-30,12.034594535827637,12.291776435121013,11.580744761817686,11.68664268173227,13117589
2022-03-31,12.291776657104492,12.61703620871726,12.1783143918968,12.253956382952254,11367894
2022-04-01,12.420366287231445,12.496008270236674,12.216133365942577,12.450622214783042,5959920
2022-04-04,12.533828735351562,12.66241967563568,12.352288838965308,12.480879779249427,7177817
2022-04-05,12.639727592468262,12.843960532202276,12.443060438743975,12.548958358864892,8998787
2022-04-06,12.556522369384766,12.730497931473458,12.412802736778449,12.662420286699462,7049409
2022-04-07,12.700242042541504,12.760755344450388,12.36741816066718,12.617035711385192,8361330
2022-04-08,13.010372161865234,13.010372161865234,12.745625939904151,12.859088194244375,12080038
2022-04-11,12.814727783203125,13.165257334274603,12.708753479764994,13.165257334274603,11606416
2022-04-12,12.74951171875,12.822877819519723,12.635385377404711,12.814726548826707,7944729
2022-04-13,12.562018394470215,12.96961146776216,12.398981320637855,12.765814931116187,11597847
2022-04-14,12.51310920715332,12.66799425207616,12.456045641194642,12.586475316376442,6554256
2022-04-15,12.529412269592285,12.562019687715653,12.456045384459165,12.553867638829269,4012121
2022-04-18,12.456045150756836,12.651690433248488,12.407134413200541,12.56201945202502,5751179
2022-04-19,12.822877883911133,12.904396810627421,12.47234836484413,12.488651683734128,17737568
2022-04-20,12.716904640197754,13.07558699253239,12.635385711733848,12.96145987074523,6754398
2022-04-21,12.415285110473633,12.855486392659904,12.105515047147332,12.725055951222053,26876549
2022-04-22,12.235944747924805,12.56201890894379,12.105515083517211,12.3663744123324,10302707
2022-04-25,12.10551643371582,12.211489964800244,11.90987113786085,12.146275125322656,5074249
2022-04-26,11.926175117492676,12.46419792652777,11.836504908460894,12.154427053387703,8564955
2022-04-27,11.909870147705078,11.983237030373385,11.722377694150206,11.901718876514714,5411860
2022-04-28,11.991389274597168,12.121818944836411,11.909870341986563,11.991389274597168,3474097
2022-04-29,11.485973358154297,11.575643557751059,11.168050469256853,11.33108754917011,20261368
2022-05-05,11.559341430664062,11.66531573789306,11.290330026706684,11.49412659197271,13339653
2022-05-06,11.43706226348877,11.559340660959524,11.339240011965455,11.559340660959524,5867555
2022-05-09,11.379999160766602,11.485973457986846,11.257721544124388,11.437061944876685,6647223
2022-05-10,11.51858139038086,11.5674921282605,11.339240204170464,11.412607088412088,2410638
2022-05-11,11.575643539428711,11.738680619083908,11.347391627911433,11.697921932236698,8262711
2022-05-12,11.347393035888672,11.404455826492775,11.192507207931511,11.396303777142986,9359484
2022-05-13,11.379999160766602,11.510428825830864,11.33108764765644,11.355543792922585,11507475
2022-05-16,11.339240074157715,11.445214374911412,11.249569870791733,11.331088025463856,5644387
2022-05-17,11.51858139038086,11.616403643562304,11.363695573110284,11.396302990837434,5794196
2022-05-18,11.453367233276367,11.632708430108623,11.363696246149136,11.608252282298174,6720619
2022-05-20,11.583796501159668,11.673466707685073,11.42075940864885,11.477822196672092,7363518
2022-05-23,11.420760154724121,11.795745880706498,11.086533898887657,11.657164148663735,12860309
2022-05-24,11.339240074157715,11.42891105494585,11.127291472650318,11.420759006251991,10721015
2022-05-25,11.347393035888672,11.428911974542148,11.265874097235196,11.33108893718909,4138436
2022-05-26,11.35554313659668,11.461517427691838,11.322935722215252,11.347391088645802,4297217
2022-05-27,11.43706226348877,11.57564398083567,11.347392060614602,11.43706226348877,4760948
2022-05-30,11.754985809326172,11.836504745448533,11.461519038645617,11.510429778381281,9751346
2022-05-31,12.0647554397583,12.07290748801817,11.763136650942107,11.991388560263692,9679580
2022-06-01,12.129971504211426,12.415286225514985,12.072908715435153,12.358223436738712,9726319
2022-06-02,12.146273612976074,12.211488444333687,11.958781167178465,12.195185125205342,5152655
2022-06-03,12.10551643371582,12.252249433829288,11.934327285731602,12.146275125322656,6089067
2022-06-06,12.162578582763672,12.293008254843361,12.146274485042625,12.178881903062548,6346884
2022-06-07,12.129971504211426,12.195186342076365,12.056604617257822,12.17073097223256,7063367
2022-06-08,11.771288871765137,12.22779350467198,11.526733623609436,12.146274570338631,8004214
2022-06-09,11.812047958374023,11.860959472882648,11.477821737735226,11.771288492520528,6789950
2022-06-10,11.534884452819824,11.803895837414057,11.494125764638145,11.771288420415427,3628065
2022-06-13,11.420760154724121,11.47782294647506,11.265874323654101,11.437063476329147,5294473
2022-06-14,11.379999160766602,11.551188290518978,11.298480231390375,11.53488419367488,4441652
2022-06-15,11.534884452819824,11.534884452819824,11.347391999433238,11.412606833430498,4053930
2022-06-16,11.347393035888672,11.714226704984883,11.290330245284569,11.649011865030989,5009969
2022-06-17,11.331088066101074,11.485973882151242,11.306632697353946,11.469669784705054,6606328
2022-06-20,11.331088066101074,11.494125930874336,11.233265813690409,11.404454949764611,8259070
2022-06-21,11.428911209106445,11.56749215166054,11.388151742509516,11.54303678267125,8052912
2022-06-22,11.51858139038086,11.54303675932068,11.339240204170464,11.388151719472267,6575984
2022-06-23,11.697922706604004,11.860959797051766,11.453366682221274,11.51858151840038,13809311
2022-06-24,11.72237777709961,11.893566912062967,11.632707573993907,11.860959494804336,10950234
2022-06-27,11.534884452819824,11.534884452819824,11.534884452819824,11.534884452819824,61556
2022-06-28,11.485973358154297,11.74683268601551,11.347391645872497,11.632707118787291,5333587
2022-06-29,11.15989875793457,11.494125753628056,11.062076507032383,11.485973705030672,6236090
2022-06-30,11.086532592773438,11.102835912457756,10.76045764744355,11.102835912457756,6849797
2022-07-01,11.119140625,11.192506733773396,11.021318369213288,11.086533206404429,2519709
2022-07-04,10.92349624633789,11.225115865260776,10.825673982398948,11.168052294896373,2573256
2022-07-05,10.540356636047363,10.99686042164016,10.507749222790736,10.931645595126904,6140250
2022-07-06,10.662636756896973,10.69524417784623,10.515902973914185,10.638181385540587,2532956
2022-07-07,10.703393936157227,10.833823592033111,10.678938570036015,10.678938570036015,2539585
2022-07-08,10.809369087219238,10.850128552283747,10.711546837517695,10.711546837517695,1332410
2022-07-13,10.678940773010254,10.89088861882056,10.58111773350121,10.809370455792667,4400110
2022-07-14,10.662636756896973,10.768611069337625,10.613726014184202,10.67894085608272,3929145
2022-07-18,10.882736206054688,11.045773292444203,10.752305759520924,10.752305759520924,3859971
2022-07-19,10.956103324890137,11.00501484404054,10.850129792005006,10.899040533733187,3964219
2022-07-20,10.980558395385742,11.070228598034024,10.866432046851628,11.013165812478041,3247410
2022-07-21,10.907191276550293,11.013165574162604,10.899039228098085,11.005013525710396,3768784
2022-07-22,11.119140625,11.208810831782273,10.899039966413264,10.923495336004397,6254055
2022-07-25,11.282176971435547,11.420758685652306,11.078380424342917,11.20881009009466,8185257
2022-07-26,12.015844345092773,12.178881428844086,11.47782158000237,11.47782158000237,20184914
2022-07-27,12.390830993652344,12.488653251539075,12.08106012163326,12.08106012163326,16022931
2022-07-28,12.195185661315918,12.578323395451536,12.023996527121037,12.488652415326222,8892623
2022-07-29,12.309311866760254,12.480500998964171,12.16257810275057,12.260400352949647,6555627
2022-08-01,12.757664680480957,12.839183617593285,12.32561617959889,12.390831018319874,8531977
2022-08-02,12.545716285705566,12.798423580161266,12.390830467561084,12.765816162250138,6130860
2022-08-03,12.521260261535645,12.71690554833599,12.439742104672494,12.635386614050665,5110591
2022-08-04,12.610930442810059,12.879941820454265,12.553866881470109,12.627233762177097,6654746
2022-08-05,12.529412269592285,12.725056778332494,12.43159001522218,12.635386572848773,4037543
2022-08-08,12.521260261535645,12.71690554833599,12.456045425076255,12.53756435936158,8528702
2022-08-09,12.953309059143066,13.002219796018023,12.317463260391479,12.55386722841282,14937165
2022-08-10,12.464197158813477,12.765815964166823,12.35822285789114,12.757663915459993,11463837
2022-08-11,12.309311866760254,12.586474520279902,12.203337568022386,12.513108415697197,7655726
2022-08-12,12.227792739868164,12.333767036904343,12.072907707228902,12.3093116691028,5449521
2022-08-15,12.260400772094727,12.301160238759982,12.138123149521123,12.26855282091221,3157198
2022-08-16,12.195185661315918,12.390830163989452,11.942477595629324,12.333767378398543,6166356
2022-08-17,12.235944747924805,12.358222363951393,12.195185283441901,12.284855483366591,3887978
2022-08-18,12.260400772094727,12.390830443485815,11.934326593617007,12.284856141125015,9349141
2022-08-19,12.676145553588867,12.822878540804114,12.20333762022633,12.260400405397696,14662270
2022-08-22,13.311990737915039,13.385357621151927,12.79842333267897,12.79842333267897,19359978
2022-08-23,13.605459213256836,13.890774717291334,13.336447807703031,13.401662646781395,12020977
2022-08-24,13.695128440856934,14.01305213710885,13.515788024778601,13.613611059358666,11540490
2022-08-25,13.760342597961426,14.00489939488625,13.686977269212719,13.858165627700217,6244704
2022-08-26,14.021203994750977,14.290215392616991,13.719584400855451,13.90707686349205,8698064
2022-08-29,14.01305103302002,14.216847580397328,13.564697695883387,14.053809720557776,10566454
2022-08-31,13.972291946411133,14.078267030526266,13.654369803754516,14.013052192164796,7872784
2022-09-01,13.760342597961426,14.3391256179903,13.458724569718411,14.208695948234784,16333868
2022-09-02,13.833709716796875,14.559226516349206,13.727736191385054,13.768494880810138,18747250
2022-09-05,14.176088333129883,14.436947683309217,13.80110340595818,13.9396851300965,12750249
2022-09-06,13.988595962524414,14.379884990394265,13.784799399486653,14.298367609054667,10446095
2022-09-07,13.801103591918945,14.013052205506616,13.621761620120859,13.988596058031133,8894529
2022-09-08,13.80925464630127,14.151632912072186,13.75219186114683,13.858165382884462,10790604
2022-09-09,14.200544357299805,14.347278129216066,13.825557878531095,13.898924764489227,11582277
2022-09-12,15.162463188171387,15.162463188171388,14.265758083389487,14.453250530751417,16696917
2022-09-13,14.21684741973877,15.382563906338781,14.21684741973877,15.203221951573088,14976607
2022-09-14,14.34727668762207,14.551073227063167,13.678824287030345,13.695126828504039,9124388
2022-09-15,14.330973625183105,14.974971482602104,14.26575879005093,14.428796655303524,11230832
2022-09-16,14.754870414733887,14.754870414733887,14.224999699876925,14.388036005685997,5388648
2022-09-19,14.428796768188477,15.023882337780812,14.298367096903698,14.934211355705905,6871813
2022-09-20,14.665200233459473,14.763023266140456,14.061962603985755,14.428797032983995,5755065
2022-09-21,14.885299682617188,14.958666562461637,14.477706596745449,14.673351091382575,6938659
2022-09-22,14.852692604064941,15.341804654786024,14.836390061088238,15.162464243287511,9911034
2022-09-23,14.616289138793945,15.113553229367636,14.616289138793945,14.917907168767517,5533946
2022-09-26,14.966819763183594,15.203222962672903,14.6162894335685,14.657048123356342,9296388
2022-09-27,14.657048225402832,15.268437905543216,14.616289535331218,15.235831264454797,5980749
2022-09-28,14.46140193939209,14.754869447390389,14.078265013273112,14.738565351425112,8668803
2022-09-29,13.964138984680176,14.591832734666212,13.515787194601172,14.591832734666212,7759361
2022-09-30,14.14348030090332,14.273909963166476,13.89892351802674,14.02120268688714,4999188
2022-10-03,14.738566398620605,14.763022544306162,14.249454368819412,14.290214611628675,5948062
2022-10-04,15.97765064239502,16.18959925174016,14.583681361083158,14.75487128029608,19413923
2022-10-05,15.855371475219727,16.059168015750345,15.41517020134837,15.969497040366724,21781194
2022-10-06,16.042863845825195,16.148837362284013,15.692333548943843,16.083622531806846,10338208
2022-10-07,15.798307418823242,16.466761389723306,15.773852828624864,16.05916830141178,20205259
2022-10-10,15.81461238861084,16.042865090410587,15.72494296152592,15.928739516932875,12878037
2022-10-11,15.325499534606934,15.945041216878346,15.301044944351062,15.896130481522357,13060832
2022-10-12,15.08094596862793,15.455930905846873,14.97497243784479,15.374413522864957,9445553
2022-10-13,14.983122825622559,15.211375538942777,14.974972331257911,15.186919391315623,7015409
2022-10-14,15.146159172058105,15.349955717190666,15.113552533355904,15.243982197853203,7780385
2022-10-17,15.578207969665527,15.724941726812174,15.121702601910584,15.227677673113918,20475636
2022-10-18,15.757549285888672,15.879826905711969,15.512994046242078,15.659726257123458,19043597
2022-10-19,15.504842758178711,15.822764896283417,15.48038661107667,15.814612847249402,12113446
2022-10-20,15.325499534606934,15.570056321075363,15.25213265415083,15.529296079241837,14977888
2022-10-21,15.73309326171875,15.782005553901957,15.284741467282844,15.325500155924543,22366363
2022-10-24,16.018407821655273,16.222204362782808,15.84721947343337,16.05916806278731,25683058
2022-10-25,15.9368896484375,16.099927510992863,15.610815478171059,16.08362341376847,17225583
2022-10-26,15.879825592041016,16.10807827038127,15.822762811166992,16.018407297668283,13741202
2022-10-27,15.94504165649414,16.010256490381558,15.773853300606278,15.879826822606724,14614382
2022-10-28,16.30372428894043,16.320028386392003,15.863522986813768,15.969498065404695,16741828
2022-10-31,16.711318969726562,17.086303917356062,16.58088928752113,16.711318969726562,35419674
2022-11-01,17.200428009033203,17.60802108244705,16.6461011804153,16.82544157297349,36013930
2022-11-02,17.70584487915039,18.504728589843012,17.118911335947594,17.200430272325747,61411149
2022-11-03,17.88518524169922,18.04822154494894,17.379769125483314,17.72214738360525,26072262
2022-11-04,18.243865966796875,18.325384895508922,17.526502814788174,17.90148771008166,24258481
2022-11-07,18.09713363647461,18.390599601037888,17.96670397336999,18.374297059282984,20893857
2022-11-08,17.73845100402832,18.21125891399077,17.608021342993453,18.113435890792516,19064419
2022-11-09,17.803667068481445,18.357993943721,17.673237398406766,17.738452233444107,27091138
2022-11-10,19.222089767456055,19.238393863968668,17.689540456687528,17.77105782956215,33656825
2022-11-11,19.95575714111328,20.8361581457258,19.173179161388475,19.2546980896542,34081376
2022-11-14,21.09701919555664,21.48830977222484,20.135100738950786,20.640515336762157,30925602
2022-11-15,22.352405548095703,22.906732409942023,21.423093782555856,21.439396324788067,38554566
2022-11-16,21.048107147216797,22.67847952490788,20.868766745414714,22.56435395601967,33651032
2022-11-17,20.787248611450195,21.39048622771096,19.597077476492437,21.0481079530933,20084840
2022-11-18,20.36334991455078,21.097017147975137,20.151401326255886,20.591602599217026,13521429
2022-11-21,21.357881546020508,21.455703030685086,20.59160599354048,21.129628823729053,20895551
2022-11-22,22.46653175354004,22.662176259459997,21.50461176663368,21.798079302935772,28378713
2022-11-23,22.02633285522461,22.808910909150214,21.846990885066706,22.580659754177436,21991700
2022-11-24,21.87959861755371,22.385013211288083,21.683954108219982,22.205672799776586,23388159
2022-11-25,22.33609962463379,22.45022673999293,21.55352168708385,21.895899923472985,25900048
2022-11-28,22.53174591064453,23.298021368566157,22.49913927139482,22.92303646555098,35855155
2022-11-29,22.759998321533203,23.232806246102218,21.928508040615345,22.694783489001075,37242465
2022-11-30,23.49366569519043,23.86865215028211,22.56435393819095,22.694783603915642,66003964
2022-12-01,24.781661987304688,25.319684794392813,23.526275955713864,23.852350148669636,65303973
2022-12-02,24.096904754638672,25.058824764042804,23.607792700977072,24.846876155627964,40207699
2022-12-05,23.526273727416992,24.504496213631725,23.37953996577372,24.276245077603747,26654989
2022-12-06,24.243637084960938,24.618623540585183,23.134983369882278,23.64039949141645,35955108
2022-12-07,23.526273727416992,24.520800310446365,23.200198010501165,24.406674742432376,26180167
2022-12-08,23.44475555419922,23.656704155091404,22.417620744419064,23.49366629137609,23425035
2022-12-09,24.406675338745117,24.406675338745117,23.591489136227125,23.640399873021803,22661036
2022-12-12,24.912090301513672,25.46641717663273,24.749053991377917,24.863179563957377,28762170
2022-12-13,24.993610382080078,25.368596866821438,24.634927995554513,25.026218578511667,24260891
2022-12-14,23.591489791870117,25.140343308730415,23.16759258161739,25.140343308730415,25636351
2022-12-15,23.836044311523438,24.325156342699643,23.216502612679484,24.0479929101946,15635657
2022-12-16,23.509971618652344,23.933868842613112,23.477363422265647,23.819741710104054,4169618
2022-12-19,24.879484176635742,24.879484176635742,23.640400730692,23.721919664870153,29420776
2022-12-20,24.439281463623047,25.042519054200554,24.243636965720416,24.96100167954098,20341954
2022-12-21,25.67836570739746,26.29790586096374,24.749053922203732,24.749053922203732,47228669
2022-12-22,26.884841918945312,27.194613561974744,25.629455913339267,25.841404523084574,38796780
2022-12-23,26.901145935058594,27.40656053342867,26.444640520915115,26.901145935058594,24459480
2022-12-26,28.547819137573242,29.330397089529995,27.243519441290296,27.373952209638112,47119569
2022-12-27,29.656476974487305,30.61839700892634,27.439169354805625,28.841290715450075,55233844
2022-12-28,29.2814884185791,30.520571883753696,28.727164633066344,29.656476454525105,49972688
2022-12-29,29.363008499145508,29.803209811490525,28.792377513848855,29.281488009995304,32410666
2022-12-30,29.395614624023438,30.227104896648793,29.36300643066045,29.754295421950886,28508917
2023-01-02,30.699913024902344,31.12381023390223,29.46082959313852,29.46082959313852,32221221
2023-01-03,30.650999069213867,31.54770573142053,30.569481695235304,30.977074784505106,37342476
2023-01-04,29.2814884185791,30.944469104183593,29.1510587438075,30.683609754640386,24972572
2023-01-05,27.29243278503418,29.705383118406154,26.77071413021737,29.57495345470195,39401467
2023-01-06,27.47177505493164,28.04240600633806,24.390370716056637,25.596845896627872,55820638
2023-01-09,25.66206169128418,27.87936919258833,25.25446858352613,27.634813949871226,26849602
2023-01-10,25.482723236083984,26.41203665026985,24.895789675685887,25.66206365749452,38590939
2023-01-11,24.455585479736328,25.75988368295778,24.16211795642933,25.482720256466564,27745872
2023-01-12,25.352291107177734,25.662061178755554,23.232806678197846,25.10773431450066,37359073
2023-01-13,24.863178253173828,26.11856570474128,24.455585167056224,25.33598617087648,30443384
2023-01-16,26.738107681274414,26.803324072225497,24.6023206326453,24.83057178159673,26114465
2023-01-17,28.22174644470215,28.319571031391746,26.49355250580551,26.738107753152132,38468467
2023-01-18,27.944583892822266,28.939112121390167,27.70002863767785,28.221747344569607,29332121
2023-01-19,28.645641326904297,28.841287374674014,27.748937789706822,27.99349301715264,26582549
2023-01-20,29.2814884185791,29.526046779753504,28.62934004472109,28.75976971949269,32019765
2023-01-23,28.450002670288086,30.064071145959137,28.05871051586277,29.526048320735452,28605916
2023-01-24,27.585899353027344,28.596731544089085,27.292431842406568,28.384781404334806,27528140
2023-01-25,27.373952865600586,28.04240527095949,26.020742403604384,27.928276595920288,25761865
2023-01-26,27.732635498046875,28.04240713147151,26.901145182868312,27.29243419418376,23623299
2023-01-27,27.015270233154297,27.66741857273027,26.11856665494841,27.48807972290224,22447457
2023-01-30,27.63481330871582,27.97719001863856,26.998965960777294,27.01527005787198,23064823
2023-01-31,26.884841918945312,27.651115867819453,26.216389448510935,27.58590258542252,24275474
2023-02-01,24.2762451171875,27.11309110925798,24.2762451171875,26.982661444216678,25314898
2023-02-02,24.455585479736328,24.749053003043322,22.23827962265083,24.276245079295524,39371002
2023-02-03,26.0533504486084,26.248996506695665,24.096903861334432,24.61862409149331,24522204
2023-02-06,25.596845626831055,26.004438715012583,24.19472596323053,25.254467370564804,5762052
2023-02-07,23.03716278076172,25.221862100747124,23.03716278076172,25.221862100747124,16848596
2023-02-08,20.73833656311035,20.73833656311035,20.73833656311035,20.73833656311035,5
2023-02-15,25.335987091064453,25.335987091064453,23.314325683658215,23.70561468737988,13268523
2023-02-16,24.1295108795166,27.04787729824854,24.1295108795166,26.509854551850893,26858556
2023-02-17,23.982778549194336,24.259941987163806,23.167592332776913,23.852348878955095,12640277
2023-02-20,25.352291107177734,25.352291107177734,24.178422544922917,24.227333281520618,22378788
2023-02-21,25.87401008605957,26.591373265819822,25.07512797443367,25.433810341735946,43839823
2023-02-22,27.047880172729492,27.276131328886084,25.77619005108264,26.151176536666792,32935958
2023-02-23,26.591371536254883,27.194610659918027,26.265298939689412,27.145698371073426,26905183
2023-02-24,26.623981475830078,27.031574580548657,25.678365597270517,26.428335417302172,44708905
2023-02-27,25.776187896728516,26.672893012689677,25.417505539375203,26.640284818910168,25864266
2023-02-28,26.200084686279297,26.232692881495463,25.596847068379166,25.825099770359348,19879642
2023-03-01,25.92292022705078,26.37942561306172,25.792490561003163,26.08595808703244,17535976
2023-03-02,25.482723236083984,26.10226499392642,25.482723236083984,25.92292301767145,14708633
2023-03-03,24.586017608642578,25.580544291415062,24.357764894878418,25.515329452460218,15218937
2023-03-06,25.319683074951172,25.466416840527785,24.374067202173332,24.71644547023733,18134660
2023-03-07,26.60767936706543,26.721804947365897,25.515329640392796,25.645759319263163,34681994
2023-03-08,26.4609432220459,26.672893374801635,25.95552865035604,26.656589277690536,19029715
2023-03-09,26.183780670166016,27.04787918795193,26.183780670166016,26.656590173206045,22643812
2023-03-10,25.564239501953125,26.134870458810543,25.4990246687275,26.085958167758122,11436723
2023-03-13,26.00444221496582,26.28160723146484,25.384900450964096,25.678368011502926,17217470
2023-03-14,25.92292022705078,26.41203380699576,25.7109731858566,26.08595808703244,16738722
2023-03-15,24.47188949584961,26.151174146074815,24.292547541155983,26.102261855788782,16053203
2023-03-16,25.05882453918457,25.09143273473011,24.341461340470474,24.586016587684647,12090887
2023-03-17,24.797964096069336,25.48272062375916,24.797964096069336,25.417505790400334,14547844
2023-03-20,23.395845413208008,24.700142136790113,23.395845413208008,24.700142136790113,12197659
2023-03-21,23.591489791870117,24.04799364261072,22.988252171823238,23.55888159653791,13431807
2023-03-22,23.770830154418945,23.803438349686346,23.346932945008728,23.656704580671708,9967609
2023-03-23,24.1295108795166,24.25994054198608,23.70561369906869,23.77082853030343,12110834
2023-03-24,23.787134170532227,24.43928252520196,23.721919335065255,24.292548756690188,13592494
2023-03-27,23.88495635986328,24.211032101783843,23.64040110826723,23.982779393408325,10045005
2023-03-28,22.923036575317383,23.88495498303195,22.923036575317383,23.88495498303195,8408139
2023-03-29,22.66217613220215,22.92303702680823,22.15676155012479,22.92303702680823,12013472
2023-03-30,22.759998321533203,23.18389551041418,22.727390127845013,22.792604960377144,9390302
2023-03-31,22.33609962463379,22.971945365026226,22.33609962463379,22.727388593408758,8803214
2023-04-03,23.03716278076172,23.03716278076172,22.15676172470656,22.35240623106945,12580096
2023-04-04,24.63492774963379,24.797965620475427,23.412148382854614,23.640401091064035,32662917
2023-04-05,24.683837890625,25.69466855907317,24.602318962315067,24.732748625673267,22643109
2023-04-06,26.020742416381836,26.020742416381836,24.683837605007536,24.683837605007536,26800832
2023-04-07,25.87401008605957,26.477247694114496,25.79249115419392,26.08595868697254,15325582
2023-04-10,26.41203498840332,26.460944171803547,25.971833679669242,26.05335105846207,14328670
2023-04-11,26.542463302612305,26.901144104518014,25.9555282543225,26.6565888709601,28629042
2023-04-12,26.38457679748535,26.770521874321226,26.103890077250107,26.56000683414479,17078805
2023-04-13,25.963546752929688,26.577548536034634,25.963546752929688,26.472291852313706,20501172
2023-04-14,25.524974822998047,26.296863349746324,25.524974822998047,26.103891636315485,8115062
2023-04-17,24.99868392944336,25.717944041483733,24.99868392944336,25.68285903927493,8063890
2023-04-18,25.77057456970215,25.99863295901233,25.016229391395278,25.016229391395278,11326811
2023-04-19,25.612688064575195,25.928459785217353,25.174114650270994,25.753031423310553,7761689
2023-04-20,26.12143325805664,26.191604937692446,25.419714788673783,25.665316503911505,4233783
2023-04-24,26.717891693115234,27.103836767547524,26.367033295006248,26.367033295006248,20851040
2023-04-25,25.612688064575195,26.735434934458073,25.507429709011273,26.71789159635995,13700236
2023-04-26,24.63028335571289,25.61268855884346,24.542568336554382,25.61268855884346,13237124
2023-04-27,24.54256820678711,25.051313307586685,24.26188148538387,24.56011154513102,12315517
2023-04-28,24.419767379760742,24.893425788264732,23.770678939648,24.805712445485128,12054272
2023-05-02,23.226848602294922,24.665370599705096,23.016333555289137,24.507483896194536,10387719
2023-05-03,23.963651657104492,24.121538357675067,22.104101273334,23.29701985082031,16305773
2023-05-04,23.41982078552246,24.472395966710398,23.279477428030738,23.68296416256325,10007139
2023-05-05,23.34964942932129,23.840851187327633,22.82336099494494,22.893532674660136,11409061
2023-05-08,24.43731117248535,24.454852837552988,23.08650425381389,23.41982098547105,9780229
2023-05-09,24.454853057861328,24.99868483245262,24.191709676203335,24.437311392635664,9676702
2023-05-10,23.911022186279297,24.64782563882391,23.82330717087641,24.47239560801814,7012707
2023-05-11,25.823204040527344,25.87583238370826,23.682965232546543,23.928566955765607,15117755
2023-05-12,25.19165802001953,26.103891586553413,24.946057962125728,26.051263241722587,10329628
2023-05-15,23.911022186279297,25.419714093714816,23.419820442257812,23.419820442257812,6680194
2023-05-16,25.174114227294922,25.34954258625417,23.858394006489085,23.858394006489085,8006787
2023-05-17,25.542516708374023,25.928460113266855,25.121484953816204,25.209199972391783,8438635
2023-05-18,24.419767379760742,25.735487597752055,24.402224041994913,25.560057566143303,9016154
2023-05-22,23.542621612548828,24.788170207776965,23.489993269940555,24.560111825774648,9834002
2023-05-23,23.682964324951172,23.91102270069516,23.454905949207184,23.700507663014125,4843433
2023-05-24,23.24439239501953,23.92856756591662,23.174220711314053,23.735594180957875,5123997
2023-05-25,23.946107864379883,24.34959627740961,23.297019408921013,23.297019408921013,7521310
2023-05-26,24.54256820678711,24.700454905832636,23.84085140327901,23.96365142563672,9871697
2023-05-29,25.59514617919922,25.87583291260108,24.770627645062586,25.43725947340445,10779095
2023-05-30,26.05126190185547,26.542463665404526,25.61268848043046,25.788116845185566,18364012
2023-05-31,27.191551208496094,27.191551208496094,26.051261020575524,26.156517701262924,22106285
2023-06-01,26.735435485839844,27.647669009458053,26.542463781855147,27.472238970908446,10431030
2023-06-02,27.647668838500977,27.647668838500977,26.910865357988335,27.19155207951223,11174113
2023-06-05,28.138872146606445,28.419558866857663,27.595038698326277,28.15641213882871,12465747
2023-06-06,27.823097229003906,28.594985713917673,27.63012552603167,28.156412292869554,11524764
2023-06-07,28.33184051513672,28.910757259984177,28.138870497553864,28.15641048874821,15627063
2023-06-08,28.15641212463379,28.402015514267017,27.472238662622576,28.33184216121477,10789769
2023-06-09,28.717788696289062,29.173902103521485,28.17395525234724,28.209041928611157,15347532
2023-06-12,27.980985641479492,29.191447621555312,27.788013926692024,28.805504191980376,11835750
2023-06-13,27.15646743774414,27.980985998773438,26.92841071418546,27.980985998773438,11966369
2023-06-14,26.893321990966797,27.559953790387787,26.770521968687213,27.261723730830376,10923562
2023-06-15,27.858182907104492,27.96343958748899,27.05120777438268,27.08629277683592,9642431
2023-06-16,27.78801155090332,28.068698265878137,27.507324835928507,27.910811570448605,6950557
2023-06-19,26.472291946411133,27.9283555695833,26.437205269696225,27.8230972124634,7414965
2023-06-20,27.24418067932129,27.24418067932129,26.121433782602477,26.43720551079222,10654868
2023-06-21,26.717891693115234,27.998526937494045,26.560006668734797,27.331895144574567,10015136
2023-06-22,27.630126953125,27.78801366054113,26.402121645368872,26.7705234049982,9871361
2023-06-23,28.665159225463867,28.805502587131205,27.89326906326866,27.89326906326866,12707231
2023-06-26,29.542306900024414,29.594936916892724,28.682703367473973,28.682703367473973,9575141
2023-06-27,30.700138092041016,30.96328146362004,29.542304580253717,29.735277947568104,7218575
2023-07-03,31.261512756347656,31.85797287359298,31.01591271255828,31.033456050836044,14603242
2023-07-04,30.96328353881836,31.507113656003117,30.454540099142225,31.279056944296517,11199579
2023-07-05,31.78780174255371,31.822885071819087,30.401908182060833,31.050998291188407,13851009
2023-07-06,32.19129180908203,33.489468815921455,31.928148409028747,31.928148409028747,17765471
2023-07-07,31.998315811157227,32.71757594079783,31.787802446703665,32.243915851702916,11334632
2023-07-10,32.226375579833984,32.78774900823432,31.8930588519527,32.62986231324053,13537291
2023-07-11,32.787750244140625,33.050893630366055,31.577286652244023,32.75266356703065,16314380
2023-07-12,32.559688568115234,33.68243875739474,32.559688568115234,32.78774861192728,19382604
2023-07-13,34.77009963989258,35.29638974301064,32.629862589484674,32.629862589484674,33066168
2023-07-14,35.2437629699707,36.26125324764321,34.2262726922982,34.85781953569835,21420159
2023-07-17,37.050682067871094,37.41908211541687,36.191075264831994,36.191075264831994,18270266
2023-07-18,35.2437629699707,37.875203689404756,35.08587625912067,37.36645687754355,18059211
2023-07-19,36.48930740356445,36.54193741882789,34.313983630087506,35.226217151689035,21659001
2023-07-20,37.71731185913086,38.31377194226153,36.19107497675543,37.576968506985374,29843747
2023-07-21,39.08566665649414,39.541783441211244,37.43662956498613,37.734859641683855,25312955
2023-07-24,42.980194091796875,42.980194091796875,39.173376766967166,39.173376766967166,33285221
2023-07-25,40.08561325073242,44.25206094793661,39.57686645212779,43.85734418109678,29506324
2023-07-26,40.41893005371094,41.208360242323366,39.576866501387926,40.19086998989748,16596552
2023-07-27,39.76983642578125,41.032926625270306,39.55931971950831,40.61189655877396,14353257
2023-07-28,40.50664138793945,41.33115821396011,39.875094591638735,40.33121135051707,17303335
2023-07-31,44.515201568603516,44.515201568603516,41.66447437455501,41.66447437455501,31833464
2023-08-01,44.29591751098633,47.365931595906176,42.43636705930025,44.4274908816171,42396798
2023-08-02,43.57665252685547,45.39234610330366,43.52402251520137,44.29591262254753,19155413
2023-08-03,43.17316818237305,44.73448847406533,42.61179474473311,43.80471162669317,18004782
2023-08-04,43.40122604370117,43.40122604370117,42.103049098037644,43.173169333348675,15290648
2023-08-07,43.9450569152832,44.95377715573422,43.62928685228571,43.646826845188535,16091549
2023-08-08,43.08544921875,45.6116329009259,42.99773587851415,44.822199454605475,23081840
2023-08-09,42.506534576416016,43.5415681034432,42.1907611822654,43.41876808261787,19877480
2023-08-10,41.260990142822266,42.96265388975697,40.78733002336988,42.76968050493197,19854184
2023-08-11,42.506534576416016,42.559164590790985,40.243497495085975,41.26098768398816,20147171
2023-08-14,42.9100227355957,43.71699958581065,42.31356594984952,42.54162266092455,23251165
2023-08-15,41.85744857788086,42.94510879354945,41.10310175466411,42.91002211664409,13805109
2023-08-16,44.383628845214844,44.734488920264226,41.50658827558864,41.98024837309042,26853708
2023-08-17,43.41876983642578,44.33977337586729,42.91002304840014,44.33977337586729,26145771
2023-08-18,41.82236099243164,43.716998005516146,41.38378757879125,43.594197985064774,14181534
2023-08-21,42.83985137939453,43.2433381187864,40.36629758253186,41.82236118881307,18699950
2023-08-22,42.664424896240234,43.40122842980573,41.94516470228939,43.032828336047935,16313053
2023-08-23,41.40133285522461,42.75213983553211,41.3311594996529,42.66442314106748,14799417
2023-08-24,41.66447830200195,42.45391186088091,40.7171580313472,41.41887823748402,20949144
2023-08-25,43.83979797363281,43.98891467403833,40.94521411627163,41.66447424609927,22168262
2023-08-28,44.471343994140625,46.92735439613005,44.339770634049415,45.34849080528325,23387393
2023-08-29,44.822200775146484,46.31335102543394,44.295914026127164,44.95377413542609,22237826
2023-08-31,44.95377731323242,46.05021090623809,44.38363050644956,45.12920735732329,24112333
2023-09-01,46.444923400878906,46.88349679777852,45.34848990862987,45.34848990862987,21958695
2023-09-04,45.2169189453125,47.05892931745242,45.08534892690585,46.62035589733096,18767045
2023-09-05,44.99763107299805,45.39234781012207,44.07662758374172,45.34849113845264,13067882
2023-09-06,45.08534622192383,45.87477632314929,44.77834283862828,45.69934629641604,18254990
2023-09-07,48.462364196777344,48.68165091259986,45.0853501115304,45.0853501115304,32171893
2023-09-08,47.01506805419922,49.207935096765404,46.75192467830119,48.63779167332793,19624747
2023-09-11,46.92735290527344,49.032506523555945,46.269492817816335,47.629069662684465,17699476
2023-09-12,46.75192642211914,47.848359984298526,45.91863624565286,47.015069807832255,13313863
2023-09-13,45.34849166870117,47.45364204789499,44.90991825477959,46.83964194524446,13033030
2023-09-14,45.87478256225586,45.91863923839145,43.71700197430581,45.34849575652898,13812013
2023-09-15,44.03277587890625,46.22564317022579,44.03277587890625,46.094069794326636,10933825
2023-09-18,43.12053680419922,44.822200401488764,42.48899003380126,44.252056985812395,11023455
2023-09-19,43.3310546875,43.98891480919656,42.64687788562184,43.12053797629527,11940763
2023-09-20,42.559165954589844,44.032772943814365,42.10304918687275,43.68191286217054,10020983
2023-09-21,44.6029167175293,44.778346759624,42.12059283115587,42.55916626336776,12992367
2023-09-22,46.13792419433594,46.44492760760201,44.2959170989386,44.86606390496861,14805001
2023-09-25,47.01506805419922,47.49750148040343,46.26949459814654,46.31335126978795,15878842
2023-09-26,46.09406661987305,47.62907361808228,45.655493191813264,47.1905001900225,14003450
2023-09-27,45.2169189453125,46.313352495616144,45.2169189453125,46.094065785555415,8755660
2023-09-28,45.30463790893555,45.91863805105718,44.99763449182491,45.21692121288258,9883953
2023-09-29,45.39235305786133,46.48878670660194,44.95377959836508,45.96249989362643,12762119
2023-10-02,46.22563934326172,46.92735614917971,45.78706592130677,45.91863594026346,13026028
2023-10-03,46.48878479003906,47.23435830202542,45.83092462791587,46.31335474426291,14693716
2023-10-04,46.09406661987305,47.67293029167831,45.787066558651084,46.48878337433679,18369739
2023-10-05,46.13792419433594,46.66421432591359,44.822203884466475,46.35721091264752,14001625
2023-10-06,45.39235305786133,46.09406992384533,45.17306632811321,46.09406992384533,8752569
2023-10-09,43.559112548828125,44.99763285114803,43.559112548828125,44.4274894048162,10269427
2023-10-10,44.29591751098633,44.55906090619807,43.6819140247924,43.6819140247924,11885769
2023-10-11,45.17306137084961,46.225638227341456,44.07662784243092,44.33977122004149,23273736
2023-10-12,45.39235305786133,46.620360082870796,43.94505930310374,45.655496464349085,19136189
2023-10-13,47.01506805419922,48.24307493645611,44.51520096409359,45.392347781120066,24994121
2023-10-16,46.050209045410156,49.20793632724699,45.39234891619001,48.68164956229074,34123758
2023-10-17,48.50621795654297,48.50621795654297,45.48006079078971,46.488780961390646,28859181
2023-10-18,49.295650482177734,50.43594064494041,47.32207019607137,47.80450026346526,42177529
2023-10-19,46.3133544921875,50.08508539862165,46.094067772673306,49.95351537454302,22075973
2023-10-20,44.25205993652344,45.43620686392858,43.488943102107896,45.43620686392858,16132317
2023-10-23,44.90991973876953,46.050209983435124,43.699456139453886,45.611636555021455,12682333
2023-10-24,47.62907409667969,47.97993418107299,44.866063479768975,45.348493586272454,16834462
2023-10-25,42.980194091796875,48.02378829644651,42.980194091796875,47.62907155904662,18536830
2023-10-26,45.78706359863281,46.22563699833993,42.10304637188314,43.24333654191174,22590725
2023-10-27,44.471343994140625,46.31335095912031,43.541567169751616,45.78706421085455,15681138
2023-10-30,43.90119934082031,44.822202867624995,43.59419928056865,44.38362944095137,12158740
2023-10-31,42.664424896240234,44.909922176166,42.664424896240234,44.29591867385311,11695655
2023-11-01,42.10304641723633,43.50647995939107,41.27852962947661,43.06790655921153,12617671
2023-11-02,43.83979797363281,43.83979797363281,42.33110436177503,42.76967777489187,8785738
2023-11-03,43.988914489746094,44.559057916779594,42.103047482824735,44.25205786730383,8673742
2023-11-06,46.664215087890625,46.70807176305912,44.55906121930465,44.602917894473144,15401443
2023-11-07,46.48878479003906,48.33079190556408,46.225641394399744,47.80450511428545,28517183
2023-11-08,46.620357513427734,47.62907440704451,46.18178407810311,46.88350090541255,15922264
2023-11-09,45.74320983886719,46.488783327396106,44.99763300428855,46.269496613587634,11983340
2023-11-10,45.39235305786133,46.70807343635006,45.30463970438206,45.7432131638783,10276024
2023-11-13,43.436309814453125,46.09406354018678,43.436309814453125,45.96249352818928,13137834
2023-11-14,43.559112548828125,44.164342672301835,42.55916567263257,43.59419922597,10560609
2023-11-15,44.383628845214844,45.56777908896928,43.085451921211565,43.85734207869042,21048347
2023-11-16,44.120487213134766,44.73449069581672,44.120487213134766,44.51520397671958,10550972
2023-11-17,43.80471420288086,44.38363101274978,43.68191417443137,44.2520609877181,11320994
2023-11-20,43.9450569152832,44.51520372006852,43.822256888664775,44.120486958759436,10268969
2023-11-21,44.164344787597656,44.953778330852074,44.07663143659155,44.07663143659155,13881282
2023-11-22,43.90119934082031,44.778346194167575,43.90119934082031,44.2520594205791,9337392
2023-11-23,43.15562438964844,44.38362793503929,43.15562438964844,43.988914541265196,9604157
2023-11-24,43.48894119262695,43.71699789488099,42.82230773179284,43.19071113826424,8490361
2023-11-27,43.5064811706543,44.16434128923909,43.278424468473396,43.76962789492789,10588475
2023-11-28,42.980194091796875,43.73454089081675,42.839850734726866,43.524024182186956,10012205
2023-11-29,42.82231140136719,43.36614154261357,42.66442469164245,43.0679114626946,8923672
2023-11-30,41.717105865478516,43.01528281673078,41.717105865478516,42.82230943679811,7969279
2023-12-01,41.8048210144043,42.664424572703766,41.8048210144043,42.541624542382394,7100948
2023-12-04,42.96265411376953,42.96265411376953,41.9100771804037,41.98025053745134,9731620
2023-12-05,41.9977912902832,43.032824820644684,41.874991269062285,42.96265146791866,6897337
2023-12-06,40.62944030761719,42.17322057977563,40.54172696431141,42.01533388498557,7715031
2023-12-07,41.57676315307617,41.682019841029465,40.48909955739288,40.822416306303055,8068142
2023-12-08,42.506534576416016,42.71705128786629,41.524131063763804,41.57676107813878,8286986
2023-12-11,41.260990142822266,42.43636709884309,41.06801675799726,42.38373708133177,6094319
2023-12-12,40.80487060546875,41.31361402283782,40.331210518020264,41.24344401694707,8275017
2023-12-13,39.120750427246094,41.138190975409586,39.120750427246094,40.822417555834434,7493112
2023-12-14,39.804927825927734,40.3487579747808,38.717264182171675,39.55932441511512,10304448
2023-12-15,40.96276092529297,40.96276092529297,39.84001061726414,39.910183975412764,11293640
2023-12-18,39.629493713378906,41.03292729114127,39.629493713378906,40.94521394729972,7033634
2023-12-19,38.98040771484375,39.59441122481871,38.48920758370374,39.59441122481871,8089495
2023-12-20,38.92777633666992,39.629493114954855,38.76988964329962,38.98040300376034,5870748
2023-12-21,39.69966506958008,39.7873817624548,38.436574806631405,38.9102349100058,8136456
2023-12-22,39.418975830078125,40.33120930148875,39.19091913525021,39.734749212185605,8091489
2023-12-25,38.155887603759766,39.33126450516585,37.69977084467162,39.31372116681057,4773657
2023-12-26,38.50674819946289,39.27863502123462,37.805028039961755,38.20851813548982,6425040
2023-12-27,39.13829040527344,39.594407155923705,38.4365736142921,38.76989034477683,6883956
2023-12-28,39.910179138183594,40.243495856890846,39.29617571300164,39.41897572882814,6043311
2023-12-29,39.94527053833008,40.45401399922871,39.69966713157396,39.910183859357794,5973143
2024-01-02,41.43642044067383,41.43642044067383,40.173326781113175,40.173326781113175,8281360
2024-01-03,39.54178237915039,41.45395947126468,39.41897900706162,41.43641947844461,7315305
2024-01-04,39.66458511352539,39.73475512774621,39.19092496984743,39.55932507311919,6745611
2024-01-05,40.31366729736328,40.54172734578352,39.73475052636901,39.73475052636901,10346088
2024-01-08,41.57676315307617,41.682019841029465,40.29612617443703,40.47155621839237,12192476
2024-01-09,40.75224304199219,41.9451633283128,40.69961637092202,41.59430323961269,8425322
2024-01-10,41.57676315307617,41.734649858031005,40.54172957439442,40.752242950301,8953570
2024-01-11,41.89253234863281,42.52407915536211,41.59430228390506,41.98024904181728,9771091
2024-01-12,42.22584533691406,42.629332051545,40.945211844711835,41.89252862454314,11244154
2024-01-15,43.41876983642578,43.629286556379434,42.050419521851424,42.24339290297146,11913377
2024-01-16,43.29596710205078,43.57665381372943,42.822307021324484,43.418767120153994,6858379
2024-01-17,44.20820236206055,44.64677578491413,42.98019543965066,43.138082139561924,9746404
2024-01-18,44.383628845214844,45.655492434706794,44.25205882660857,44.51520220987078,11334673
2024-01-19,43.436309814453125,44.51519997387025,43.17316644440862,44.38362661582325,8049296
2024-01-22,43.24333953857422,43.85734300992309,42.892482802124675,43.41876957982386,7820408
2024-01-23,42.752140045166016,44.120487025026335,42.594253340405245,43.68191358870192,8635007
2024-01-24,43.5064811706543,43.664367866798614,42.33110429160749,42.7872210420189,7946578
2024-01-25,44.383628845214844,44.69063224739547,43.66436870280829,43.66436870280829,7191131
2024-01-26,44.95377731323242,45.12920735732329,44.25206048291875,44.42749052700962,8075293
2024-01-29,46.92735290527344,47.322069626957585,45.30463269463235,45.48005937444803,14108297
2024-01-30,47.19049835205078,47.89221514040608,46.26949485820635,46.97121164656165,9936516
2024-01-31,48.81322479248047,48.81322479248047,46.22564084942544,47.19050107074437,11598580
2024-02-01,48.15536117553711,48.988647967645775,47.8922144558717,48.243074518059224,9374728
2024-02-02,48.15536117553711,48.94479129638472,47.8922144558717,48.374647877891924,8679903
2024-02-05,49.16407775878906,49.60265116135819,48.2430742826038,48.2430742826038,10616469
2024-02-06,49.295650482177734,49.602650521596715,48.681647057290306,49.339507152659095,6484361
2024-02-07,49.07636642456055,50.21665664868316,48.98864973282825,49.514939845073066,9376396
2024-02-08,49.25179672241211,49.99737020280601,48.72550660738435,49.427223414705026,9180253
2024-02-09,49.51493835449219,49.821938401189264,48.85707824352741,49.77808172966819,7073318
2024-02-12,52.58495330810547,53.15509674193161,49.73422610082589,49.778082773266426,18314042
2024-02-13,51.488521575927734,53.50595869352274,51.137661491976544,52.71652517765743,10934034
2024-02-14,51.13766098022461,51.75166444796979,50.216657451631704,51.48852106066463,8585095
2024-02-15,51.57623291015625,52.89195315452784,51.26923285822273,51.31308953049186,8843826
2024-02-16,52.84809494018555,53.63752840219319,51.313088033209205,51.75166143520244,11042208
2024-02-19,52.541099548339844,55.08482349745066,52.36566950280294,53.50595977971812,16179384
2024-02-20,53.68138885498047,54.2076756360289,52.453381904467776,52.62881194683384,10276757
2024-02-21,53.85681915283203,54.207675893178795,52.84809891397932,53.81295913249514,6764089
2024-02-22,53.725242614746094,54.514676089545866,53.28666920564613,54.03224266269624,6760895
2024-02-23,55.216392517089844,56.35668270415069,53.54981223488969,53.85681562690001,12859610
2024-02-26,55.26025390625,56.53211421614128,54.119963621838934,55.34796725657014,12125730
2024-02-27,53.76910400390625,55.17254104378716,53.1989605296842,55.04096767109369,9521267
2024-02-28,52.49723815917969,54.33924857023406,52.277951444486284,53.68138842615387,10439021
2024-02-29,54.73396301269531,55.52339314459839,52.49723594051266,52.49723594051266,13039423
2024-03-01,54.38310241699219,55.74267930820709,53.94452901040354,55.260249230169485,8534966
2024-03-04,52.76038360595703,54.38310391666342,52.584953569274,54.38310391666342,8296882
2024-03-05,52.01480484008789,52.89195164462917,51.40080140769909,52.76038163157769,10046132
2024-03-06,51.31309509277344,52.365672071578786,51.00609500756145,52.190242017436226,5864719
2024-03-07,53.330528259277344,53.330528259277344,51.31309115652148,51.31309115652148,6533944
2024-03-08,54.55853271484375,54.64624605816932,53.02352578429939,53.33052583198843,7621300
2024-03-11,51.75166320800781,53.286670167567365,50.435942956956765,53.06738345905886,18924446
2024-03-12,50.21665954589844,52.27795340281232,49.64651272791808,52.10252670132592,8886419
2024-03-13,49.12022399902344,50.523657632004216,49.076367325377106,50.26051424407654,6986934
2024-03-14,49.25179672241211,50.21665691422183,49.20793670328921,49.20793670328921,6626759
2024-03-15,50.5675163269043,50.918373052932694,49.42722276567552,49.42722276567552,7123428
2024-03-18,49.295650482177734,51.40080077972817,49.295650482177734,50.78680070089022,6577676
2024-03-19,49.55879592895508,50.304369396546065,48.94479247832447,49.29565254898471,5126356
2024-03-20,50.47979736328125,50.962227431132526,49.734223926242876,49.734223926242876,5477841
2024-03-21,50.65522766113281,51.313087760628044,49.73422419104939,51.0938010607963,8432372
2024-03-22,50.30437088012695,51.40080445071429,50.172800859286305,50.65523096113479,5866135
2024-03-25,50.874515533447266,52.32180912411172,50.12894207525623,50.348228780141774,9670980
2024-03-26,49.77808380126953,51.09380407795507,49.33951037570768,50.87451736517414,5692618
2024-03-27,50.17280197143555,50.83066212837032,49.12022505112995,49.821941882650414,5219422
2024-03-28,50.874515533447266,51.1815155818672,50.216655418790616,50.26051209055781,5208960
2024-03-29,51.22537612915039,51.795519560116084,50.34822930054199,51.00608942199829,6890851
2024-04-01,50.26051330566406,52.584953772066754,49.558796502275406,51.31309018377188,8261057
2024-04-02,49.9096565246582,51.006090074443755,49.51493977752548,50.26051325295979,4716957
2024-04-03,48.81322479248047,50.39208849375226,48.81322479248047,49.90965838309279,3594023
2024-04-04,49.77808380126953,50.34823059291981,48.90093695014584,48.94479362349208,3920487
2024-04-05,52.76038360595703,53.33052704261485,50.392086475860154,50.47979982117685,6595098
2024-04-08,54.295387268066406,54.339243938056555,52.891950406035534,52.891950406035534,5912943
2024-04-15,53.98838806152344,54.51467818025707,53.02352786291965,54.426961487443286,6558717
2024-04-16,54.207672119140625,54.690102194810855,52.97966859434816,53.85681540322115,6007814
2024-04-17,55.30410385131836,59.29512103410536,54.38310040083665,54.38310040083665,7679983
2024-04-18,55.786537170410156,56.31282393113022,54.42696025017533,55.69882382564003,5728328
2024-04-19,55.47953796386719,55.61111132907884,54.20767436900338,55.47953796386719,5261845
2024-04-22,55.30410385131836,56.79525404764796,55.04096048633065,55.61110723217854,4899535
2024-04-24,55.654964447021484,57.45311469577083,55.08481769559023,55.43567774970938,6177439
2024-04-25,57.36540222167969,57.40925554654509,55.391821916062945,55.65496528760195,4603284
2024-04-26,58.50569152832031,58.54955154714291,56.926831232196264,57.54083134311684,6314719
2024-04-29,59.8214111328125,59.8214111328125,58.50569088773217,59.07583766568683,6282366
2024-04-30,59.689849853515625,60.08456328585283,58.549556194608414,59.821416536228135,6185231
2024-05-02,60.04655838012695,61.73865341131547,59.131911662922285,61.73865341131547,6936204
2024-05-03,59.360572814941406,60.13802112201941,58.81178618513344,60.04655784675152,5033554
2024-05-06,60.04655838012695,60.869741821251296,58.44592662501878,59.45203661830379,6246607
2024-05-07,60.45814895629883,60.82400905300975,58.94898041874186,60.13802398850212,5234311
2024-05-08,60.13801956176758,61.64718798823529,59.90935789043006,60.64107802999029,3875226
2024-05-09,60.50387954711914,60.59534281988643,59.17763766829194,60.138019477849554,3079872
2024-05-10,60.59534454345703,61.464256126762216,60.138021188412075,60.503881268088165,5061353
2024-05-13,59.22337341308594,60.824005126953125,59.08617501340009,60.59534345354353,4071792
2024-05-14,58.948978424072266,59.68069859273473,58.17153010624383,59.22337523187086,3235498
2024-05-15,59.497772216796875,60.13802213263206,58.90325045026379,58.94897859956589,3651021
2024-05-16,60.961204528808594,60.961204528808594,58.811786159063175,59.6806977410239,4423088
2024-05-17,61.92157745361328,62.05877585127306,60.50387928632989,61.05266589876863,6725440
2024-05-20,63.933807373046875,64.11673392648021,61.60145543666806,62.15024207516875,8326263
2024-05-21,63.70514678955078,65.62590354649083,63.2020882916423,64.02527175267399,8559237
2024-05-22,63.6594123840332,64.66552241307177,63.476485825371974,63.750875663363814,3927392
2024-05-23,63.064884185791016,65.48869922159405,62.97342091576453,63.65940590826349,4278294
2024-05-24,63.11062240600586,64.1167323820557,62.561835780724174,63.20208568051938,3067198
2024-05-27,63.11062240600586,64.02526910754217,61.92157890272843,63.293548955032904,4084510
2024-05-28,61.69291687011719,63.7508719366575,61.0984021001215,63.1106220405696,4574821
2024-05-29,57.71420669555664,59.77216181766746,57.71420669555664,58.99471350051017,8986736
2024-05-30,56.4337043762207,58.26299785039901,56.022112646710504,58.03433616612672,6338655
2024-05-31,55.2903938293457,57.94286717147568,55.24466219206938,56.66236388223716,5854299
2024-06-03,55.93064880371094,56.34223703996346,55.15319699157761,55.47332543978558,4974912
2024-06-04,55.336124420166016,57.1654177894277,55.336124420166016,56.06784107005065,4276839
2024-06-05,53.23244094848633,55.38185939114626,53.049510902725814,55.33612775198123,7784539
2024-06-06,51.58607864379883,53.5068354435688,51.58607864379883,53.27817375363901,7685571
2024-06-07,53.278167724609375,53.5068293886635,51.67753607623055,51.72326771122136,6847226
2024-06-10,52.363525390625,53.73549548819596,52.363525390625,53.27817212233897,3633508
2024-06-11,53.689762115478516,54.37574714210959,51.95193198570636,52.36352369950506,4863864
2024-06-12,55.336124420166016,55.427587692989015,53.278169379746615,53.59829432372733,4446904
2024-06-13,57.07395553588867,57.48554376004294,55.33612540841407,55.33612540841407,4860499
2024-06-14,58.262996673583984,59.04044847786678,57.5312799965122,57.5312799965122,4656132
2024-06-20,58.67458724975586,59.406300423448045,57.53127887379881,58.537388849000905,5052232
2024-06-21,58.125797271728516,59.26910913945878,58.03433399707823,58.72031553515594,4418666
2024-06-24,59.54350280761719,59.817899627484024,57.39408431266361,58.125801024407345,6670092
2024-06-25,59.63496398925781,60.412419292116844,58.94897894193567,59.68069911702626,5061555
2024-06-26,58.720314025878906,60.09228404497141,58.40018908373073,59.634960705273905,4275650
2024-06-27,60.82400894165039,60.82400894165039,58.30873037639417,58.72031862306483,3865265
2024-06-28,62.058780670166016,62.653302454056366,60.183759017220645,60.915472231223376,8991978
2024-07-01,59.360572814941406,63.15635805326412,58.99471273566923,62.470373021454016,5948323
2024-07-02,59.863624572753906,60.3666830561689,58.76605130846745,59.36057306753955,3660514
2024-07-03,60.54961013793945,60.54961013793945,59.634963416954264,60.18375703210593,3314499
2024-07-04,61.18986511230469,61.23559326000075,60.09228489459222,60.54960824075563,4179775
2024-07-05,60.45814895629883,61.73865580568659,59.81789902070542,61.41853083788988,4281399
2024-07-08,59.5892333984375,61.00693158456919,59.49777012484844,60.9612034368749,4946564
2024-07-09,58.857513427734375,59.9093585226267,58.12579676955288,59.58923357501612,4803864
2024-07-10,59.26911163330078,59.817898282494134,58.62885472740783,58.99471481960368,3301707
2024-07-11,59.909358978271484,60.27521905469493,59.40630050091418,59.40630050091418,3211870
2024-07-12,60.04655838012695,60.54960988766913,59.45203661830379,60.366683335508455,3403383
2024-07-16,60.961204528808594,61.00693267732197,60.092285968647275,60.138021095361246,4863687
2024-07-17,60.412418365478516,61.46425650601153,60.22948483541142,61.189866678211864,4167495
2024-07-18,61.555728912353516,62.37890540273434,61.14413368896221,61.1898688176282,7138697
2024-07-19,61.69291687011719,62.05877694425334,59.95509372982132,61.73865199620939,6089255
2024-07-22,61.875850677490234,63.06488720108588,60.824005576393695,62.01304907818987,6133966
2024-07-23,62.0130500793457,62.37890318285047,61.006933110105656,61.921579825268864,4722644
2024-07-24,63.247825622558594,64.48259736800789,62.05878202874752,62.195980440064346,7821445
2024-07-25,64.29966735839844,65.16857895316029,63.38502063624882,63.38502063624882,6846633
2024-07-26,64.66551971435547,64.98565164595377,63.43074804942122,64.07100493441719,3687347
2024-07-29,63.61368179321289,64.84845346231192,62.47037339993588,64.20819657515642,4286604
2024-07-30,65.07711791992188,65.6716397054536,63.705147789402936,63.705147789402936,5436348
2024-07-31,61.78438949584961,64.93991792782265,61.78438949584961,64.93991792782265,8063269
2024-08-01,62.33317184448242,63.75086999352271,61.64718684321122,62.15023832388993,4014563
2024-08-02,61.32706832885742,61.73865658145336,60.54961299675237,61.60145817118771,3777882
2024-08-05,60.36668395996094,60.36668395996094,56.70809705329664,56.936758734963156,5857244
2024-08-06,60.09228515625,62.33317374912843,59.863623482172635,60.50388035650955,5082034
2024-08-07,61.555728912353516,61.64719219148462,59.36057532220256,60.366685349046485,4098509
2024-08-08,59.95509338378906,61.46425484131473,59.90935825796082,61.28132829440267,4914449
2024-08-09,58.17152786254883,60.4581445786726,58.17152786254883,60.092284508452714,3284669
2024-08-12,56.570899963378906,58.44592858790081,56.570899963378906,58.44592858790081,3324326
2024-08-13,56.250770568847656,56.93675557578482,55.38185552890721,56.250770568847656,3340104
2024-08-14,56.250770568847656,57.485542185694484,56.250770568847656,56.52516387380249,2758978
2024-08-15,59.31483459472656,59.36056971907556,55.701983073563355,56.387968069596894,3316050
2024-08-16,59.72643280029297,60.27521942923796,58.90324936777518,59.31483759493378,3217666
2024-08-19,58.994712829589844,60.09228609095313,57.48554436156487,60.00082281553963,5805428
2024-08-20,57.66847229003906,59.40629888296964,57.66847229003906,59.086173941643004,2712213
2024-08-21,56.75382614135742,57.98860126032745,56.75382614135742,57.66847282692031,2168624
2024-08-22,56.52516555786133,57.805672337934354,56.296503882069736,57.302617349012905,2091799
2024-08-23,54.87880325317383,56.93675837516785,54.87880325317383,56.525166652948975,2509479
2024-08-26,54.05561828613281,56.29650338700436,53.9184233753245,55.93064680241528,2822981
2024-08-27,54.421478271484375,54.604408308032106,51.49460815402147,52.50072161048385,5452967
2024-08-28,54.33001708984375,54.9702670087645,53.91842536403729,54.51294364433518,2749021
2024-08-29,55.0160026550293,55.15319757219097,54.147087556603736,54.33001760191971,2511549
2024-09-02,56.61663055419922,56.61663055419922,54.878800476794005,55.01599887362606,3303269
2024-09-03,55.2903938293457,56.89102555771907,55.19892706569278,56.61663224496083,2610071
2024-09-04,54.7873420715332,54.7873420715332,53.64403362671073,54.69587530248712,2648398
2024-09-05,54.19281768798828,55.65625103160185,54.05561928554312,55.153196037803454,2069784
2024-09-06,53.6440315246582,54.42147984103282,53.50683312101546,54.192818161028484,2158039
2024-09-09,53.18670654296875,53.598294763146825,52.40925476119856,53.18670654296875,2236713
2024-09-10,52.40925598144531,53.781226051583154,52.27206106789172,53.232439419168145,2737887
2024-09-11,50.67142868041992,52.59218535875161,50.57996191677062,52.27206040872975,2776870
2024-09-12,50.625694274902344,51.44887771396593,49.7110475599874,50.945822718582775,3724808
2024-09-13,51.723270416259766,52.089130493520244,50.625693673578596,50.625693673578596,3999642
2024-09-16,51.31167984008789,52.36352496872424,51.31167984008789,51.99766488334628,2374411
2024-09-17,52.54645538330078,53.09524202615129,51.31168020323656,51.540341885941004,3524294
2024-09-18,53.5068359375,53.7354976295406,52.180597425844425,52.54645752874959,3235971
2024-09-19,53.55256271362305,54.14708445456523,52.72938279051103,54.009886056163126,4592329
2024-09-20,53.04950714111328,54.65013882209515,53.04950714111328,54.19281548467176,4322533
2024-09-23,53.8726921081543,54.558677134204984,53.232438719353596,53.27817035660359,2964483
2024-09-24,54.14708709716797,54.87880378312286,53.87269377607243,53.91842541473829,2929999
2024-09-25,52.958045959472656,54.33001602589319,52.82084755719048,54.14708598588373,3682715
2024-09-26,53.04950714111328,54.37574551746115,52.82084547240159,53.14097041295789,4661821
2024-09-27,55.1531982421875,55.198929881796936,52.592188043954174,53.04951141824942,5316639
2024-09-30,54.19281768798828,55.88491270961024,53.91842437219828,55.153196037803454,3989296
2024-10-01,53.278167724609375,54.60440607394328,52.04339613435718,54.19281438082585,4123409
2024-10-02,51.35741424560547,53.27817094408693,49.98544417837576,53.23243930633267,4340395
2024-10-03,49.66531753540039,51.76900435022132,49.619585895989154,51.357416106419734,4374952
2024-10-04,51.49460983276367,51.54034147111641,49.39092306663449,49.98544483252116,3059981
2024-10-07,51.951934814453125,53.09524325442393,51.40314815890733,51.7690047662377,2651913
2024-10-08,51.67753982543945,52.31779322906143,50.534231422221765,51.951933144391624,2920841
2024-10-09,52.592185974121094,52.68364924974031,50.39703246825678,51.677539261527684,2721789
2024-10-10,49.66531753540039,52.958047909516154,49.39092420983252,52.91231278100448,4844821
2024-10-11,49.025062561035156,50.21410608260791,48.842136009193496,50.21410608260791,3236971
2024-10-14,48.247615814208984,49.11653092005748,47.74456080211789,49.02506415206791,2780278
2024-10-15,49.75678253173828,49.80251416952125,48.1104156587489,48.43054410143031,2670240
2024-10-16,50.85435485839844,51.03728489526179,49.07079659400642,49.75678161541881,6394737
2024-10-17,49.9397087097168,51.403145531539074,49.71104703341022,50.7628921400606,3959406
2024-10-18,49.20799255371094,50.35130094710153,49.16226091579538,49.98544435467673,3214975
2024-10-21,48.5677375793457,49.482384264373685,48.47627430648299,49.207990956685336,2010596
2024-10-22,49.66531753540039,50.12264090771366,48.65920751195139,48.65920751195139,3402377
2024-10-23,48.979331970214844,50.442768839937564,48.88786869233859,49.66531702158788,2660154
2024-10-24,50.12263870239258,50.625693691983415,49.02506195931239,49.02506195931239,3269978
2024-10-25,51.128753662109375,51.99766526533973,50.21410693104552,51.31168021704184,4541793
2024-10-28,52.13486099243164,52.22632426519933,50.90008936456676,51.22021430835389,1708678
2024-10-30,52.13486099243164,52.50072106170282,51.540339252141024,52.18059262881549,2773375
2024-10-31,50.53423309326172,52.54645664728409,50.53423309326172,52.22632819033708,3679567
2024-11-01,51.08301544189453,51.814735573730225,50.53422883211793,50.62569210404731,3152921
2024-11-04,50.625694274902344,51.31167931108856,49.80251432493908,50.90009108065709,3549910
2024-11-05,50.945823669433594,51.037286946992026,48.0189534292587,49.39092352723752,5359864
2024-11-06,51.03728485107422,52.27205998200761,50.5799615038619,51.128751613976824,2832002
2024-11-07,51.17448425292969,51.7232708846902,50.351300816188605,51.0372858504394,2354436
2024-11-08,52.82084655761719,53.14097150475053,51.22021484375,51.22021484375,3743629
2024-11-11,54.0098876953125,54.0098876953125,52.95804606900804,53.18670774721775,3565293
2024-11-12,52.958045959472656,54.19281762361101,52.7293842817359,54.00988758360155,2369672
2024-11-13,53.5068359375,53.91842768099318,51.95193573380383,52.958049272242775,2800286
2024-11-14,52.82084655761719,53.96415492466518,52.043398263664656,53.55256321470786,3756588
2024-11-15,53.23244094848633,54.10135604902347,52.820849217800266,52.86658085696529,3082984
2024-11-18,54.14708709716797,54.604410462027325,53.415370411213075,53.506833688544795,4098034
2024-11-19,54.421478271484375,54.55867667117023,52.912309831340934,54.421478271484375,3645374
2024-11-20,52.54645538330078,54.97026712650763,52.54645538330078,54.60441052764075,2681710
2024-11-21,54.421478271484375,54.55867667117023,52.546453247345724,52.958044957303045,3049352
2024-11-22,54.87880325317383,55.38185825184119,53.46110153362024,54.42147989273071,4051859
2024-11-25,55.51905822753906,56.25077492714525,54.970268086009085,55.10746649366669,4071339
2024-11-26,55.19892501831055,56.113571686313044,54.87880008014973,55.74771511257213,2736199
2024-11-27,54.69586944580078,56.02210779760492,54.33001287609281,55.747714498048914,2404697
2024-11-28,56.70809555053711,56.70809555053711,53.91842380595171,54.55867719547138,4646038
2024-11-29,57.16542053222656,57.75994230140187,55.793450439453125,56.89102721149195,5624130
2024-12-02,57.302616119384766,57.80567109751141,56.47943270855921,57.07395444849991,2875359
2024-12-03,57.119686126708984,58.12579608369945,56.98248772843746,57.34834779776138,3733289
2024-12-04,56.70809555053711,57.48554385196082,56.70809555053711,57.11968726444977,2193461
2024-12-05,57.302616119384766,57.48554266481249,56.753826015800996,57.02821932304278,1915746
2024-12-06,58.49165725708008,58.8575138442095,56.891025529500645,57.668473830113406,3484150
2024-12-09,58.62885284423828,59.26910972956606,58.12579785045252,58.81178637356077,3805608
2024-12-10,58.0800666809082,60.82400683906135,57.759941724763806,58.53739004060039,6251887
2024-12-11,57.98860549926758,59.36057562790229,57.714208682260264,58.08006877886971,2826056
2024-12-12,57.16542053222656,58.44592734778859,56.89102721149195,58.12579889934789,2203316
2024-12-13,56.89102554321289,57.073955581371834,55.70198552883021,57.073955581371834,3063380
2024-12-16,56.6623649597168,57.9886034005514,56.43370327988671,57.07395668123103,2323507
2024-12-17,56.799560546875,57.11968899588886,55.33612717427,56.662365630812246,2697069
2024-12-18,55.79344940185547,56.98248942899298,55.38185768385778,56.89102615348252,3185582
2024-12-19,54.28428268432617,55.51905787817319,53.918426081375536,55.51905787817319,2644668
2024-12-20,54.604408264160156,54.97026484786142,53.73549320808176,54.284279828183784,2471361
2024-12-23,53.6440315246582,54.787339924679905,53.461101482834664,54.55867824467556,2635521
2024-12-24,53.5068359375,54.10135773244577,53.14097583459483,53.64403434836457,2022417
2024-12-25,53.78122329711914,54.558675057172735,53.78122329711914,54.37574502603658,1608804
2024-12-26,54.87880325317383,55.8391816122843,53.91842489406336,53.91842489406336,3118625
2024-12-27,56.61663055419922,56.98248713058441,55.107462145447315,55.15319378135794,3289461
2024-12-30,57.25688171386719,57.6227417875233,56.57089669258715,56.93675676624326,3268973
2024-12-31,53.8726921081543,57.25688211205748,53.8726921081543,57.25688211205748,4252703
2025-01-02,56.70809555053711,57.394080577358125,54.42147879446707,54.60440883277273,6117758
2025-01-03,57.211151123046875,57.30261788768351,56.38797117591905,56.570897726991696,3152885
2025-01-06,57.57701110839844,58.53738945634656,57.119687753270725,57.21115102865615,3559570
2025-01-07,56.250770568847656,57.62274058272199,56.250770568847656,57.531277310770434,2158333
2025-01-08,54.87880325317383,56.525166652948975,54.42147989273071,56.25077333450317,3880882
2025-01-09,55.564788818359375,56.15931058818773,54.51294368377086,54.970267048531014,4958309
2025-01-10,55.19892501831055,56.15930681099328,54.78733680898954,55.564785081151605,3127204
2025-01-13,54.74160385131836,55.198927203423274,53.68976223493722,55.198927203423274,3108212
2025-01-14,53.23244094848633,55.38185939114626,53.049510902725814,54.9702676604602,4027468
2025-01-15,54.0098876953125,54.33001613826628,52.77511602862022,53.232439385039626,4528542
2025-01-16,55.0160026550293,55.10746593313708,53.59829742065582,54.42148088002749,3219510
2025-01-17,56.06784439086914,56.159311158209796,54.512944237082145,55.153197652065074,3494102
2025-01-20,55.51905822753906,56.98249162675144,55.24466490132429,56.25077492714525,4117360
2025-01-21,56.34223937988281,56.61663620091415,54.65014425872566,55.47332774361864,4787715
2025-01-22,58.034332275390625,58.171527183295936,56.15930728788332,56.34223383175707,11282257
2025-01-23,57.897132873535156,58.90324629287975,57.073952973089696,58.12579453850891,4621371
2025-01-24,57.622745513916016,58.53739226810516,57.348352185479364,57.98860561123186,2891353
2025-01-27,56.02210998535156,57.89713500949022,55.793448311941965,57.165418352399556,3809514
2025-01-28,56.15930938720703,56.43370270237508,55.33612595260257,56.02211098507286,3645290
2025-01-29,56.296504974365234,57.211151695278076,55.83918161390881,56.159310059688515,3344532
2025-01-30,56.89102554321289,57.71420548127771,55.79344880335954,56.25077215420674,5119877
2025-01-31,56.06784439086914,57.43981449907524,55.061734373824834,56.891027851432966,5421277
2025-02-03,54.421478271484375,56.43370169530889,54.37574663462251,56.067841622213436,4872088
2025-02-04,55.06173324584961,55.65625152043292,54.05561976031578,54.604409885816146,5208648
2025-02-05,54.87880325317383,55.33612661361694,54.101354936060666,55.061733295171145,3710445
2025-02-06,55.0160026550293,55.56478930187681,54.787340970659436,54.87880424876722,2540273
2025-02-07,55.564788818359375,55.656252095671256,54.55867881152717,55.01600217628733,3238661
2025-02-10,55.0160026550293,56.70809772372612,55.0160026550293,55.6105209409307,4004087
2025-02-11,55.2903938293457,55.88491209213851,54.604408802899975,54.97026539021087,3082306
2025-02-12,55.2903938293457,56.06784213034408,54.87880211565821,55.2903938293457,3436917
2025-02-13,56.296504974365234,56.38797173991673,55.42758989167797,55.42758989167797,3055005
2025-02-14,56.75382614135742,56.93675617629004,55.976377854269046,56.29650279857597,4326847
2025-02-17,55.381858825683594,57.25688392510848,55.29039554828741,57.028222242517636,4840637
2025-02-18,56.02210998535156,56.11357325907531,55.0617316548513,55.381856601984644,3387713
2025-02-19,54.87880325317383,56.570898291173215,54.78733997672534,56.022111654281616,3997000
2025-02-20,55.564788818359375,56.06784382177547,54.69587372749499,54.87880377121913,3649072
2025-02-21,54.19281768798828,56.06784274983701,53.598295929526344,55.65625103160185,3974770
2025-02-24,53.46110153198242,54.74160484772371,53.32390312821355,54.37574825284063,3411657
2025-02-25,52.592185974121094,53.64403108924364,51.99766421529525,53.59829596233372,3293561
2025-02-26,53.003780364990234,53.32390533489809,52.1805968865122,52.59218862575122,2856835
2025-02-27,54.14708709716797,54.23855037449969,50.71716186072279,52.50072368149436,9685039
2025-02-28,53.09524154663086,54.42147999215901,52.59218654704441,53.91842499257256,3532695
2025-03-03,54.97026443481445,55.5647861763746,53.18670618833445,53.18670618833445,6553679
2025-03-04,57.16542053222656,57.80567394000757,54.60441039020289,54.878803710937504,6147010
2025-03-05,60.32094955444336,60.32094955444336,57.16542110095118,57.16542110095118,6773087
2025-03-06,59.68069839477539,60.64108024068423,58.857514952310765,60.32094830658083,4451891
2025-03-07,60.13801956176758,60.27521796021017,59.26910800196517,59.68069621909254,3516679
2025-03-10,59.497772216796875,60.36668381374473,58.49165872644091,60.13802213263206,4854340
2025-03-11,58.857513427734375,59.36057190126564,57.94286673273244,57.94286673273244,3190487
2025-03-12,60.04655838012695,60.229484932287626,58.400191497878275,59.269110066143114,8772977
2025-03-13,60.77827072143555,61.098402650564104,60.00082241826741,60.3209473691954,3865561
2025-03-14,61.235595703125,62.01305100518141,60.73254418919522,61.09840427636281,5035393
2025-03-17,61.09840393066406,62.47037401612927,60.869742249753195,62.195977207755945,4066137
2025-03-18,61.28133010864258,61.875851871008344,60.27522011443932,60.869741876805094,3757443
2025-03-19,55.1531982421875,58.7660535969401,55.1531982421875,56.52516836507326,5553423
2025-03-20,53.6440315246582,56.113574877424796,52.546454762817305,54.37574820285202,10780230
2025-03-21,50.35129928588867,53.689761080085276,49.52811936326636,53.64402944367852,10497275
2025-03-24,51.31167984008789,52.22632656443242,48.11041630488204,50.44276824324088,9215283
2025-03-25,53.32390213012695,54.10135392176473,51.67753876121794,51.86046879978567,6169978
2025-03-26,52.13486099243164,54.192816031606576,51.677537650392765,53.32390098391267,6232087
2025-03-27,51.03728485107422,53.46109998693958,50.90008994037067,52.546453292514954,6091806
2025-03-28,52.31779479980469,52.36352643948633,50.30557125190827,51.12875472257968,5768934
2025-04-02,52.22632598876953,52.91231102446668,51.357414401500066,52.31779275365601,3891647
2025-04-03,53.82695770263672,54.83307118111143,52.13486267802515,52.13486267802515,5679271
2025-04-04,53.09524154663086,54.28428158813527,52.54645490873662,53.87269335426477,3678879
2025-04-07,55.97637939453125,57.16541942066094,51.49460911631131,53.04950922237335,13574069
2025-04-08,57.66847229003906,57.805670687236294,56.43370067166471,56.70809397695899,5833442
2025-04-09,56.250770568847656,57.668472218697765,55.473322289958936,57.531277310770434,5280065
2025-04-10,57.302616119384766,58.03433276839626,56.79955765215792,57.48554266481249,5335752
2025-04-11,58.53738784790039,58.76604951918125,56.753826114089634,57.302616218623825,5096585
2025-04-14,56.70809555053711,59.72643245982979,56.70809555053711,58.94897718020554,4917748
2025-04-15,56.20504379272461,57.119690547727124,55.93065046404395,56.708098810155896,3045821
2025-04-16,54.14708709716797,56.753828881226156,53.96415705340415,55.930648917939536,4245510
2025-04-17,56.479434967041016,56.708096647069524,54.14708652857033,54.14708652857033,5452728
2025-04-18,56.479434967041016,56.84529505072677,55.61051988511262,56.57089824341229,2738530
2025-04-21,56.64250183105469,57.36192396352152,54.532196177317935,57.36192396352152,3489254
2025-04-22,54.436275482177734,56.882310036327,53.860739231496815,56.642502655348245,6039448
2025-04-24,54.8679313659668,54.96385285795273,53.66889442029082,54.48423807968234,4597111
2025-04-25,54.340354919433594,55.779199229824556,54.340354919433594,54.91589117992186,5134833
2025-04-28,53.572967529296875,54.38831482137952,53.38112455155532,54.292389673338484,3969309
2025-04-29,53.52500534057617,54.052580833470195,53.18927647941728,53.52500534057617,3483949
2025-04-30,51.94227981567383,53.76481370269821,51.79839392443785,53.52500632341841,4109106
2025-05-02,52.373931884765625,52.56577852630092,51.70247412814762,51.99024226086539,4050308
2025-05-05,52.27800750732422,53.429083633814926,51.89431424543727,52.661700769211166,4274322
2025-05-06,53.237239837646484,54.004622743111824,51.414702235392255,51.79839551771009,6087159
2025-05-07,51.27082061767578,53.23724048015369,50.50343770294908,53.23724048015369,7497508
2025-05-08,51.27082061767578,51.94228204025053,50.695280687252975,51.27082061767578,2517159
2025-05-09,52.757625579833984,52.805586325799766,51.606549380803536,51.84635676980278,3752544
2025-05-12,54.72404479980469,55.05977733599178,53.38112563256728,53.76481525499069,4583208
2025-05-13,55.395503997802734,55.87511875103046,54.19646711473341,54.724042611449875,3885226
2025-05-14,54.772003173828125,55.77919707961208,54.196466935526004,55.39550381463056,3100025
2025-05-15,53.381126403808594,54.963852980116464,53.18927976023996,54.77200633654783,3165519
2025-05-16,54.100547790527344,54.1485085359334,52.7096642187297,53.38112563192549,2828732
2025-05-20,51.79839324951172,54.81996765273464,51.79839324951172,54.1005455242692,4853320
2025-05-21,52.70966339111328,53.333160389942904,51.46266573428377,51.798394606025084,5111202
2025-05-22,53.18927764892578,53.429085029074976,52.56577699686978,52.99743101297238,2639773
2025-05-23,52.517818450927734,53.38112651926867,52.27801106074085,53.18927987528509,2548743
2025-05-26,52.56577682495117,53.333159707084796,51.89431543089542,52.94947009560309,1660221
2025-05-27,51.654510498046875,52.421897075696506,51.270820868392455,52.2780111775946,2774596
2025-05-28,49.97585678100586,51.75043359748012,49.59216716656809,51.41470106828054,5530717
2025-05-29,50.69527816772461,50.83916405797186,49.54420568242744,50.11974192507603,3174106
2025-05-30,51.17489242553711,51.17489242553711,49.35235856875261,50.455470299634506,3447399
2025-06-02,50.26362991333008,50.839166180001584,49.16051446651097,50.55139804666583,5091551
2025-06-03,51.46266555786133,52.03820181006491,50.263628649795315,50.263628649795315,2533896
2025-06-04,52.23004913330078,52.32597062353802,51.07897295460244,51.46266623389199,1596585
2025-06-05,51.75043487548828,52.1341244994015,51.65450972513223,52.1341244994015,543047
2025-06-10,54.100547790527344,54.29239077215158,51.894316910145406,51.894316910145406,3851692
2025-06-11,53.572967529296875,54.38831482137952,52.90150978886091,53.9566608031205,3022076
2025-06-12,53.477046966552734,53.477046966552734,51.942281163019345,52.75762481005202,1971796
2025-06-13,52.56577682495117,52.75762346027713,50.16770303130221,50.791203681319026,4241135
2025-06-16,52.42189407348633,53.09335180171968,51.27081793210459,52.37392967075237,3852831
2025-06-17,52.03820037841797,52.7096617602961,51.51062488521735,52.18208626709548,2167788
2025-06-18,51.70247268676758,51.94228006720867,50.74324316500321,51.414700902902084,2628618
2025-06-19,49.927894592285156,51.990239474720866,49.927894592285156,51.70247135742452,2415092
2025-06-20,51.70247268676758,51.70247268676758,50.40751063688354,50.40751063688354,2190791
2025-06-23,50.88712692260742,51.31878095217002,50.55139804359781,51.1748950559257,1992810
2025-06-24,52.757625579833984,53.237240357832476,51.9422819209047,52.1341249047678,3630555
2025-06-25,52.32596969604492,53.14131698529036,51.79839419075095,53.14131698529036,2062492
2025-06-26,52.997432708740234,53.47704748438494,52.325971291003576,52.325971291003576,3053013
2025-06-27,52.90150833129883,54.2444274343404,51.5585855690871,53.620930455518646,3414185
2025-06-30,56.11492919921875,56.2108506914467,52.51781835311498,52.90151164036754,6856001
2025-07-01,57.55377197265625,57.60173271746607,55.44346626849146,56.11492767333984,4599085
2025-07-02,58.99261474609375,59.1844613795411,56.93026984008256,57.5537704839939,4865788
2025-07-03,59.90388488769531,60.767189269299244,59.28038422945059,59.28038422945059,3681493
2025-07-04,59.951847076416016,60.095732973067555,58.32115610410343,59.90388633058895,2978333
2025-07-07,58.56096267700195,59.66407811151629,57.55377239197643,59.1365025964239,3136114
2025-07-08,58.03338623046875,59.71203789829223,58.03338623046875,58.65688688504271,3764176
2025-07-09,58.65688705444336,59.376309199873965,57.93746490901276,57.93746490901276,2746523
2025-07-10,59.85592269897461,60.62330557272143,59.28038279928686,59.424268689001345,2934820
2025-07-11,61.630496978759766,61.9662258488281,59.088537273944375,59.99980605449161,3441401
2025-07-14,60.575347900390625,61.96622782868771,60.28757610637157,61.630498947892626,2076698
2025-07-16,60.911075592041016,61.630497744702915,59.52019203172728,60.43146082359974,2974653
2025-07-17,62.253997802734375,62.44584078091147,60.91107500047316,60.91107500047316,2554603
2025-07-18,61.774383544921875,62.685648676237676,61.58253324683289,62.39788420661506,2086855
2025-07-21,63.213226318359375,63.54895518396507,61.72641764709649,61.77438205004319,2751618
2025-07-22,63.02137756347656,63.69284262942107,62.349919815872624,63.21322786160667,2986744
2025-07-23,64.31634521484375,64.508188200371,63.02137944834211,63.02137944834211,2462881
2025-07-24,63.54895782470703,64.74799476479585,63.30915043668927,64.17245849722136,2566781
2025-07-25,62.973419189453125,63.98060579025503,62.877497701520625,63.54895543538856,1875124
2025-07-28,62.158077239990234,62.87749939638669,61.00699739875153,62.87749939638669,2957283
2025-07-29,61.630496978759766,62.3499191224807,61.00699632386686,61.9662258488281,2049132
2025-07-30,62.06214904785156,62.44584233207728,61.10292315562798,61.342730543476456,3238633
2025-07-31,62.110111236572266,62.44584010391268,61.342728354672595,62.110111236572266,3464934
2025-08-01,61.534576416015625,62.5417630413786,61.34272977630207,62.11011267598598,2704970
2025-08-04,63.78876495361328,64.2204153229556,61.63049847022035,61.63049847022035,3591970
2025-08-05,64.1244888305664,64.70002505091546,63.35710964288105,63.788759978557806,2123463
2025-08-06,63.30915069580078,64.02857286279853,61.630498972806066,63.932651370866964,6448596
2025-08-07,62.397884368896484,64.50818642497966,62.397884368896484,63.21322801245859,3365835
2025-08-08,62.253997802734375,62.97341994840925,62.11011190993129,62.493805184626,1903009
2025-08-11,62.829532623291016,63.21322588923873,62.301953467820375,62.589725246866244,2051922
2025-08-12,63.50099182128906,63.8846850961271,62.49380520797227,63.26118443930785,3872550
2025-08-13,66.0909194946289,66.28276248320245,62.82953746049241,63.45303815086777,6017622
2025-08-14,65.08372497558594,66.52256933312287,64.55615310216024,65.61130416735249,4221581
2025-08-15,66.5705337524414,66.76237673948194,64.84391759571325,64.84391759571325,3141989
2025-08-18,68.10529327392578,68.96860127205203,67.0021779051167,67.14606379119444,5069079
2025-08-19,68.53694915771484,68.92064244551204,67.33791220731158,68.10529878290598,3758028
2025-08-20,68.10529327392578,69.20840864273487,67.4338355633499,68.53694361381882,3311583
2025-08-21,69.64006042480469,69.78394631386216,68.05733028185315,68.20121617091063,3633156
2025-08-22,69.01656341552734,70.0237573735795,67.81752647419893,69.83191439030324,4563013
2025-08-25,71.75037384033203,72.1820242139429,69.0645281515467,69.11249255676601,4026699
2025-08-26,72.42182922363281,72.9973654756492,70.98298493442157,71.75037148267043,3311894
2025-08-27,72.51775360107422,73.38106167265597,72.18202471722043,72.2779462099871,3978295
2025-08-28,74.34028625488281,74.91582249125256,72.22998428208032,72.51774874109505,3949710
2025-08-29,75.77912902832031,75.77912902832031,72.32590435905223,74.1963989203899,4602199
2025-09-01,72.8055191040039,75.77912903276066,72.56571173364706,75.77912903276066,3821080
2025-09-02,69.20841217041016,72.94940880741567,67.43383900057205,72.80552291400382,5643735
2025-09-03,68.05733489990234,69.64006515025048,67.91345631942227,69.40025775832926,3179686
2025-09-04,67.14606475830078,69.20840963954522,66.71441441219068,68.05732985268448,3662941
2025-09-05,66.0909194946289,68.00937865372791,65.46741880425354,67.52976386395316,3088248
2025-09-08,65.46741485595703,66.23480140065242,64.65207122618096,65.13168598703047,3166337
2025-09-09,67.09810638427734,67.96141447239803,65.4194546145086,65.46741902098121,3696128
2025-09-10,66.81034088134766,67.86549194258183,65.65926100863153,67.72160604369971,2706188
2025-09-11,67.09810638427734,67.91345738426634,65.32353311990428,66.85829898859609,2985461
2025-09-12,66.18683624267578,67.19403015631352,65.27557113478669,66.66645099805748,1759246
2025-09-15,70.02375793457031,70.3594868171638,65.80314640361298,65.89906789601959,3759030
2025-09-16,72.90144348144531,73.28513675291049,70.45540527940274,70.50336968271357,2814339
2025-09-17,72.90144348144531,73.57290121775402,71.70240658207943,72.75755758985332,2645108
2025-09-18,71.94221496582031,74.62806058521383,71.03094983692282,72.94940890267802,3300393
2025-09-19,71.22279357910156,72.18202312225445,70.40744993108974,71.89425133197233,3160866
2025-09-22,75.73117065429688,75.97097804372572,72.85348198115058,72.99736787847604,3861103
2025-09-23,73.81270599365234,75.53932199516359,73.62086302385784,75.29951462375037,3271926
2025-09-24,75.39543914794922,76.5465189681385,72.18202170514253,74.14844515733643,2629795
2025-09-25,77.64962768554688,78.03332096200255,75.77913302554373,75.77913302554373,3434501
2025-09-26,74.43621063232422,77.84147841714464,74.24436765219656,77.64962811867639,2781484
2025-09-29,74.77194213867188,74.81990654456241,72.70960441551367,74.14844877213986,2934596
2025-09-30,76.30670928955078,77.07408849489825,74.14844292481185,74.81990064428341,4603947
2025-10-01,77.88943481445312,78.12924219666307,74.43620997429805,76.64244081796573,4298726
2025-10-02,79.13643646240234,79.52012973922149,76.73836263020833,77.79351365270558,2731328
2025-10-03,77.79351043701172,79.52012645215576,76.97816683143714,79.13643319119706,3390585
2025-10-06,77.4577865600586,79.13643828117442,76.54652141021772,77.79351544061362,2292064
2025-10-07,76.78632354736328,78.17720337954049,76.01893702857159,77.07408800315501,1953613
2025-10-08,77.88943481445312,78.94459315084929,76.11486164976765,76.59447641418754,1898195
2025-10-09,77.07408905029297,78.75274067940849,75.8750521723533,77.69758969048965,3422306
2025-10-10,80.57527923583984,80.57527923583984,75.34748130799353,76.78632558006211,4209490
2025-10-13,77.60166931152344,80.38343637171539,77.31389752937446,80.38343637171539,3566859
2025-10-14,75.25155639648438,78.80071017561042,74.62806303432484,77.50575172739637,2166217
2025-10-15,75.82709503173828,77.26593928419373,74.86786553010131,75.25155147608386,5256784
2025-10-16,74.43621063232422,78.0333213972723,74.43621063232422,76.64244149549528,2592911
2025-10-17,74.53213500976562,75.15563569684585,73.38106244772588,74.43621351598578,2767940
2025-10-20,75.49136352539062,76.49855749180398,73.95659769141757,74.53213396436487,3706359
2025-10-21,76.45059204101562,76.64244234160184,75.3954410019838,75.68321279369277,2590975
2025-10-22,76.06690216064453,77.26593903380513,75.77913038374987,76.49855250764624,3100067
2025-10-23,76.83428192138672,78.60885504276673,75.82709533168796,76.21078127918824,2675511
2025-10-24,77.84147644042969,79.28032070987075,76.49855365861661,76.93020401211277,4284422
2025-10-27,78.08128356933594,79.1843989693863,76.59447490165844,78.65681981160644,2443130
2025-10-28,77.60166931152344,78.32109144855548,77.40981901731064,78.0812840695448,630316
2025-10-30,79.47216796875,80.67120492458008,77.26594436102711,77.64963033222011,3938344
2025-10-31,79.13643646240234,80.1915874848996,78.22517133350485,78.65682169596354,3231564
2025-11-03,77.98536682128906,80.19159043712456,77.98536682128906,79.1364393757823,2623829
2025-11-04,77.17001342773438,79.13643690855595,76.25874829369937,77.98536438994955,2736936
2025-11-05,75.39543914794922,77.17001230427466,74.43620962362839,77.17001230427466,4014191
2025-11-06,74.72398376464844,75.97097779458463,74.29232607408764,75.39544152551095,2778448
2025-11-07,74.14844512939453,75.49136060826525,74.10048072586038,74.86786727236405,2281336
2025-11-10,73.14125061035156,74.96378815480219,73.14125061035156,74.29232310245699,1844881
2025-11-11,73.23717498779297,73.8127112565528,69.49617826334293,73.14125349605645,2830370
2025-11-12,72.42182922363281,74.29232387227123,71.27075671960002,73.28513726082765,2172122
2025-11-13,74.00456237792969,74.5800986530633,72.18202474138924,72.56571803092525,1949019
2025-11-14,72.90144348144531,74.00455889253001,71.94221396195262,74.00455889253001,1390682
2025-11-17,73.04533386230469,73.95659903449169,71.84629688924761,73.52494865152751,3531275
2025-11-18,73.52494812011719,74.81990657799118,72.3259111557263,72.70960444799955,1697764
2025-11-19,74.19640350341797,75.58729072832375,73.57290283834575,74.34028939817934,2165860
2025-11-20,73.86067199707031,75.29951625675349,73.76475051009284,74.43620823727551,1770400
2025-11-21,74.10047912597656,74.580093877601,72.99736373357227,73.57289997185354,1055034
2025-11-24,75.73117065429688,75.77913505951894,73.71679004676261,74.05251892829487,2069650
2025-11-25,74.72398376464844,76.16282809650299,73.95659719365638,76.11486369143823,1931627
2025-11-26,74.72398376464844,75.44340593057572,73.76475421007872,74.72398376464844,1404542
2025-11-27,77.17001342773438,77.88943558144852,75.2035972652534,75.2035972652534,4414424
2025-11-28,76.88224792480469,77.50574857998544,76.25874726962394,77.17001239142161,1604445
2025-12-01,79.13643646240234,79.232357952022,76.54651965096903,76.88224852380809,2487971
2025-12-02,78.84866333007812,80.09566462888192,78.70478475727343,79.18439951553022,1387979
2025-12-03,78.75274658203125,80.47936274301266,78.32109620095633,78.8486680757878,2107340
2025-12-04,78.36904907226562,79.71197186762825,78.36904907226562,78.7527423449893,1400473
2025-12-05,81.05489349365234,81.05489349365234,77.88943318727415,78.32109085723864,2950236
2025-12-08,81.48654174804688,83.21315774678601,80.76711963496227,82.49373563370139,2956411
2025-12-09,81.19878387451172,81.96616313298954,80.76712618067347,81.48654835206311,1634086
2025-12-10,80.431396484375,82.39781999362528,80.0477031998456,81.29470454498099,2239355
2025-12-11,81.00692749023438,81.67839252413134,80.09566240221591,80.43139125999429,1611723
2025-12-12,85.37142944335938,85.37142944335938,81.15081798473865,81.2947038800529,4508027
2025-12-15,84.93978118896484,86.13881814917981,84.17239460709094,85.3714315673059,3990411
2025-12-16,84.93978118896484,85.94696784454092,84.50812349228296,84.93978118896484,2423269
2025-12-17,85.08365631103516,93.14118581982524,84.74792743948984,87.09804417698807,8707946
2025-12-18,86.81027221679688,87.48172995854087,84.60404137676859,85.08365614039731,3260277
2025-12-19,86.09085083007812,87.2898877497171,84.84384950631737,86.8102729818615,2791294
2025-12-22,84.41220092773438,86.18677414266065,83.21316398273815,86.13881705586523,2918263
2025-12-23,85.7071533203125,86.18676806448698,83.78869434361455,84.41219497470944,1907353
2025-12-24,85.61123657226562,86.71435200857358,84.17239226012671,85.70715806274009,2788864
2025-12-25,85.37142944335938,86.61843077829526,85.37142944335938,85.65920123398786,830036
2025-12-26,85.27550506591797,86.18677017482634,84.84384739458739,85.46734804094908,1447685
2025-12-29,85.89900970458984,86.8582392610081,84.46016536996248,85.27550902924985,2381948
2025-12-30,86.66638946533203,87.05008275381037,84.50812295077475,85.89901020671613,3316612
2025-12-31,86.66638946533203,87.38581163685113,84.93978064469067,86.66638946533203,4178844
2026-01-02,87.52969360351562,88.10522985121311,86.18677081332784,86.66638557279916,3097772
2026-01-05,88.96853637695312,89.44815112831137,87.52969212287842,87.52969212287842,2557918
2026-01-06,90.16757202148438,90.31145790859097,88.632806301808,88.96853515949655,3051915
2026-01-07,89.92776489257812,91.51049501835554,89.4001857445389,90.167572265625,2628591
2026-01-08,89.0165023803711,90.02368898533327,87.72153667374187,89.92776749700455,2224450
2026-01-09,90.79107666015625,90.98291963920458,88.72873170285423,89.01650348976727,2276618
2026-01-12,90.16757202148438,91.84622362826732,89.68795727668925,91.3666088834722,2711154
2026-01-13,92.9493408203125,93.42895557447476,89.40018724850762,90.21553818525574,4048763
2026-01-14,91.75030517578125,93.4769139231126,90.9349615463464,93.23710654278821,2637535
2026-01-15,92.90137481689453,93.09322510625812,91.27068760817532,91.75030235407394,2176634
2026-01-16,93.0452651977539,94.19633771616307,91.89419267934473,93.2850725822842,2468804
2026-01-19,94.9637222290039,95.39537258452684,93.18914908536232,93.52487795280688,2483214
2026-01-20,93.428955078125,95.49129997373437,93.428955078125,94.96372081962255,2174704
2026-01-21,94.4841079711914,94.4841079711914,92.32584154545353,93.62079993722817,2350812
2026-01-22,94.77188110351562,95.2514958716137,93.7167227590274,94.72391669936958,1736623
2026-01-23,94.67594909667969,96.40256513083678,94.1483772605997,95.2514926536256,3024544
2026-01-26,95.82703399658203,95.82703399658203,93.23710980739074,94.67595413971678,2219077
2026-01-27,96.21072387695312,96.21072387695312,95.0596440608288,95.82703060491168,1931365
2026-01-28,97.64956665039062,98.51286735122669,96.59440833898593,97.64956665039062,2626592
2026-01-29,100.91094207763672,101.29463534740735,97.07402401661113,97.6495675804373,3128728
2026-01-30,100.43132781982422,101.00687138651469,97.64956806640905,100.9109425798393,3232168
2026-02-02,100.52725982666016,101.19871758472013,97.74549266635043,99.56803027609409,2617870
2026-02-03,102.73348236083984,103.30901862167877,101.39055953998862,101.48648834874561,1802768
2026-02-04,105.41932678222656,108.0092435851916,104.36417576317935,104.36417576317935,3946398
2026-02-05,102.63755798339844,107.1459337712209,102.63755798339844,105.41932503727078,3567181
2026-02-06,101.87017059326172,103.59678663111646,100.14356187374732,102.63755712527279,1749293
2026-02-09,103.40494537353516,104.7478608493329,101.48648633000641,102.15794406790529,3348777
2026-02-10,104.07640075683594,104.74785847954392,103.0212497704347,104.36417253419096,1484002
2026-02-11,105.13155364990234,105.51524692055426,98.80064029833717,103.88455966820914,2884316
2026-02-12,107.24186706542969,107.62555303236032,104.26824959333234,104.93971467214236,1826801
2026-02-13,106.28263092041016,112.13392937332831,106.28263092041016,112.13392937332831,2503940
2026-02-16,108.00924682617188,109.35216967177409,106.28263801183252,106.28263801183252,1980793
2026-02-17,105.89894104003906,109.3521658669048,105.80301955119234,107.72147860148891,2184822
2026-02-18,107.05001068115234,109.92769917966902,105.03563019585873,105.89893820908179,3027707
2026-02-19,103.59678649902344,107.62554749109377,102.63755699440286,107.62554749109377,2033263
2026-02-20,103.11717224121094,104.0764017504315,101.77424946463407,103.59678699582122,1647658
2026-02-23,104.55601501464844,105.89893777208262,103.30901374310092,103.30901374310092,2564045
2026-02-24,106.47447967529297,106.66632265728155,103.78863401740877,104.55602058204444,1958225
2026-02-25,104.93971252441406,106.47447831574772,103.30901792497035,106.47447831574772,1820447
2026-02-26,107.14593505859375,107.14593505859375,104.26824648242733,104.93971154120379,2136960
2026-02-27,103.02125549316406,107.91332475156695,103.02125549316406,107.14593818155286,3581417
2026-03-02,101.39055633544922,102.63755762647148,92.75749074069928,96.40256580804098,3336761
2026-03-03,99.66394805908203,103.98048087601526,98.8006400320273,101.67832857664946,3292532
2026-03-04,97.84141540527344,101.19871887506223,96.97810733508815,99.85579602347856,2929177
2026-03-05,98.60879516601562,102.63755612391739,97.93733012747181,98.41694487571442,2593562
2026-03-06,99.28025817871094,101.39056025613955,97.84141385728034,99.47210116089876,2279516
2026-03-09,100.52725982666016,100.52725982666016,96.9781060985613,98.80064370830496,2866179
2026-03-10,106.47447967529297,106.47447967529297,101.77425343316595,103.98048431773802,2779970
2026-03-11,110.31139373779297,110.31139373779297,106.4744756947393,106.4744756947393,3011250
2026-03-12,114.0523910522461,116.25861455067606,111.2706239888566,111.46246696494948,4860097
2026-03-13,115.39531707763672,116.16269632187955,113.09316470822694,113.95647276154818,5049222
2026-03-16,114.24423217773438,116.73822741824469,111.55839396423875,116.35454147227412,2987177
2026-03-17,116.0667724609375,117.02600198540806,114.43608519667374,114.43608519667374,2199558
2026-03-18,114.34015655517578,117.21784513275578,114.14831357733999,116.25861560689579,2235273
2026-03-19,119.5199966430664,119.5199966430664,113.76461952717229,114.14831279856665,3326388
2026-03-23,108.87255096435547,119.90369048937826,108.87255096435547,119.51999721614416,8092512
2026-03-24,109.83177947998047,110.79100899508946,107.1459339103391,109.16032174674034,3775515
2026-03-25,113.38092803955078,114.81977234116103,109.25624543260577,110.31139645678516,5184819
2026-03-26,110.50324249267578,116.45047016149339,110.02362771220697,114.05239625914938,3166848
2026-03-27,112.99723815917969,113.09315964562356,110.50323560159748,110.50323560159748,2775304
2026-03-30,111.46247100830078,114.627931457045,111.2706280252487,113.38093011218439,4511354
2026-03-31,109.83177947998047,112.80538951315027,107.81739896191965,111.75023851019846,6578218
2026-04-01,113.95647430419922,113.95647430419922,110.59917085454417,110.69509234658045,3122651
2026-04-02,114.24423217773438,117.21784216904824,113.18908118963465,114.14831069124172,5034165
2026-04-03,110.6950912475586,116.1626967410904,110.6950912475586,114.72385241980933,2305477
2026-04-06,114.6279296875,116.54638876176779,112.51762763314167,112.51762763314167,4057937
2026-04-07,113.668701171875,115.20346698141361,113.18908639899789,114.62793071762921,2375285
2026-04-08,117.0260009765625,118.56076673881655,115.49123521430846,115.49123521430846,5955749
2026-04-09,117.40969848632812,117.98523475316323,116.64231191832087,117.0260052023245,2969826
2026-04-10,119.5199966430664,119.99961140272424,117.12192284477719,117.69745909269851,4923415
2026-04-13,118.80000305175781,122.5,116.80000305175781,122.5,5479892
2026-04-14,123.69999694824219,125.0,119.5,119.5999984741211,6313799
2026-04-15,125.0,125.5999984741211,122.0,124.0,3631966
2026-04-16,126.9000015258789,127.9000015258789,124.4000015258789,125.0,4513179
2026-04-17,127.0,127.19999694824219,123.5999984741211,126.80000305175781,3830678
2026-04-20,121.80000305175781,125.4000015258789,121.4000015258789,125.0,4658161
2026-04-21,118.30000305175781,122.5,117.69999694824219,121.5,4809883
2026-04-22,117.19999694824219,120.30000305175781,116.0999984741211,118.30000305175781,4071984
2026-04-24,121.30000305175781,121.80000305175781,117.19999694824219,117.19999694824219,4641467
2026-04-27,124.0,124.9000015258789,120.5,121.4000015258789,3661544
2026-04-28,120.5999984741211,127.5,120.5,124.9000015258789,4047349
2026-04-29,122.5,123.9000015258789,120.5,120.5999984741211,3087581
2026-04-30,122.80000305175781,123.4000015258789,117.69999694824219,122.69999694824219,7918277
2026-05-04,124.0,124.4000015258789,122.5,122.80000305175781,2663867
2026-05-05,118.69999694824219,122.0,117.9000015258789,120.9000015258789,7620738
2026-05-06,117.5,120.0,115.5999984741211,119.30000305175781,6142077
2026-05-07,120.0,120.5,118.0,118.0,4957451
2026-05-08,120.5,121.0999984741211,118.19999694824219,120.0,2747087
2026-05-11,120.69999694824219,121.9000015258789,118.80000305175781,120.5,3365513
2026-05-12,117.5,122.0,117.5,121.0,2344941
2026-05-13,117.5999984741211,119.5999984741211,117.19999694824219,118.5,2248248
2026-05-14,118.0999984741211,119.9000015258789,117.9000015258789,118.4000015258789,1823027
2026-05-15,115.19999694824219,118.0,115.0999984741211,118.0,1582800
2026-05-18,113.5,115.69999694824219,113.5,115.0,1873763
2026-05-20,113.69999694824219,114.0,111.5999984741211,113.5,2458421
2026-05-21,107.4000015258789,115.0,107.4000015258789,114.30000305175781,2120738
2026-05-22,117.19999694824219,117.80000305175781,106.0,106.4000015258789,2832898
2026-05-25,114.5,119.0,112.4000015258789,117.19999694824219,3023991
2026-05-26,109.80000305175781,114.5999984741211,109.80000305175781,114.5,1221194
2026-05-27,109.80000305175781,109.80000305175781,109.80000305175781,109.80000305175781,0
2026-05-28,109.80000305175781,109.80000305175781,109.80000305175781,109.80000305175781,0
2026-05-29,109.80000305175781,109.80000305175781,109.80000305175781,109.80000305175781,0
2026-06-01,111.9000015258789,113.9000015258789,110.19999694824219,110.19999694824219,2407814
2026-06-02,113.5,114.0,111.69999694824219,112.80000305175781,1781898
2026-06-03,110.0,113.9000015258789,109.9000015258789,113.5999984741211,1813519
2026-06-04,108.19999694824219,111.0,106.80000305175781,110.30000305175781,1765942
2026-06-05,107.0999984741211,109.0,107.0,108.19999694824219,1500801
2026-06-08,107.0,107.80000305175781,104.0999984741211,106.4000015258789,1556255
2026-06-09,105.69999694824219,107.5999984741211,104.9000015258789,106.9000015258789,2018450
2026-06-10,104.30000305175781,108.0999984741211,104.30000305175781,105.0999984741211,1776293
2026-06-11,103.9000015258789,106.0,102.80000305175781,104.30000305175781,2255954
2026-06-12,105.5,108.5,103.9000015258789,104.5999984741211,2328354
2026-06-15,108.5,109.4000015258789,106.69999694824219,107.5,3009010
2026-06-16,108.5999984741211,110.4000015258789,105.5,108.5,2720676
2026-06-17,107.30000305175781,110.0999984741211,107.19999694824219,108.80000305175781,1480953
2026-06-18,110.5999984741211,110.5999984741211,107.80000305175781,108.0,1655832
2026-06-19,107.9000015258789,110.5999984741211,107.9000015258789,110.5999984741211,1426035
2026-06-22,108.0999984741211,111.19999694824219,107.69999694824219,107.9000015258789,1935023
2026-06-23,105.5,107.69999694824219,105.19999694824219,107.69999694824219,990728
2026-06-24,104.0,105.69999694824219,103.69999694824219,105.5,1020963
2026-06-25,103.30000305175781,105.69999694824219,103.19999694824219,104.19999694824219,1092711
2026-06-26,102.69999694824219,104.69999694824219,102.0,103.69999694824219,1486215
2026-06-29,105.5999984741211,106.30000305175781,102.69999694824219,103.0999984741211,2022721
2026-06-30,102.4000015258789,105.80000305175781,102.0,105.5999984741211,1643713
2026-07-01,102.9000015258789,103.5,102.0,102.4000015258789,963745
2026-07-02,103.0999984741211,104.5,102.30000305175781,102.9000015258789,910433
2026-07-03,104.0,105.0999984741211,102.30000305175781,103.5,1031392
2026-07-06,103.19999694824219,104.9000015258789,101.5999984741211,104.0,1852405
2026-07-07,104.5,105.5999984741211,102.80000305175781,103.19999694824219,1778792
2026-07-08,103.4000015258789,104.80000305175781,102.4000015258789,104.5,2773047
2026-07-09,104.0,105.19999694824219,102.5999984741211,103.4000015258789,2009303
2026-07-10,104.0,106.0,103.5,104.0999984741211,2021710
2026-07-13,102.5,104.5,102.0,104.0,1469797
2026-07-14,99.5,103.0,99.0999984741211,102.69999694824219,2867547
2026-07-16,101.30000305175781,102.30000305175781,99.5,99.5,2777268
2026-07-17,102.5,103.5,100.0,101.80000305175781,2619175
2026-07-20,106.80000305175781,106.80000305175781,102.0999984741211,102.5999984741211,5033755
2026-07-21,106.9000015258789,108.30000305175781,105.9000015258789,108.0999984741211,3093855
2026-07-22,109.5,109.69999694824219,106.9000015258789,107.0999984741211,3606140
2026-07-23,108.4000015258789,111.80000305175781,107.80000305175781,109.9000015258789,3734925
2026-07-24,105.4000015258789,109.0,104.5999984741211,109.0,3497000
2026-07-27,105.5,107.5999984741211,104.9000015258789,106.0,2402594
2026-07-28,108.5999984741211,109.0999984741211,105.4000015258789,105.5,3165160
2026-07-29,108.19999694824219,110.5,106.9000015258789,108.5999984741211,6064511
2026-07-30,109.5,110.5,107.30000305175781,108.5999984741211,4105956
2026-08-03,110.19999694824219,111.19999694824219,107.30000305175781,109.0999984741211,4703417
2026-08-04,109.5,111.30000305175781,106.69999694824219,110.4000015258789,6341132
2026-08-05,113.0,114.0,109.0,109.5,5531308
2026-08-06,113.4000015258789,115.5,111.4000015258789,114.0999984741211,4356125
2026-08-07,113.19999694824219,115.0999984741211,111.9000015258789,114.30000305175781,2783137
