Price,Close,High,Low,Open,Volume
2021-08-10,12.986323356628418,13.09057090754763,12.926753124636532,12.941644617434733,12179740
2021-08-11,12.777824401855469,13.060784015146272,12.777824401855469,13.001212374229395,10732330
2021-08-12,13.313957214355469,13.366082403394108,12.852288330714092,12.852288330714092,16551880
2021-08-13,13.500114440917969,13.515007352179907,13.232049139534023,13.477776494291252,13844640
2021-08-16,13.224602699279785,13.604363415303641,13.112908705217754,13.529900279173557,10148190
2021-08-17,13.299064636230469,13.425651530157388,13.105461067856,13.239494416751098,11332310
2021-08-18,12.904411315917969,13.343742226418073,12.904411315917969,13.328849316168487,12121830
2021-08-19,12.725700378417969,12.852287272268718,12.658683704010745,12.852287272268718,10470020
2021-08-20,12.718254089355469,12.792717219697714,12.651237414074057,12.65868386913489,8091910
2021-08-23,12.651237487792969,12.852287514808726,12.643791032688746,12.807610204449476,6459750
2021-08-24,12.621454238891602,12.740594690894234,12.621454238891602,12.695915956193584,6381360
2021-08-25,12.651237487792969,12.718254163464888,12.502312646506773,12.6288981224803,10861350
2021-08-26,12.479974746704102,12.733148568913261,12.47252829072545,12.658685429392992,6576770
2021-08-27,12.569329261779785,12.591668629509336,12.412957948471659,12.524651946586927,10433240
2021-08-31,12.792716026306152,12.792716026306152,12.599112473583403,12.614005382315757,13234850
2021-09-01,12.666130065917969,12.867180087662552,12.643790701190998,12.844840722935581,7068950
2021-09-02,12.681024551391602,12.785272092538435,12.643792272220425,12.666131639723131,6275720
2021-09-03,12.666130065917969,12.703360920196868,12.546989627906227,12.68102297573595,7046590
2021-09-06,12.651237487792969,12.733147073673335,12.6288981224803,12.733147073673335,4307360
2021-09-07,12.457634925842285,12.733148105970491,12.457634925842285,12.65123851344958,5394400
2021-09-08,12.345938682556152,12.509756417500501,12.264029104951005,12.479972020358778,6515900
2021-09-09,12.628898620605469,12.651237986799275,12.308709560091101,12.360833327610507,13033480
2021-09-10,12.748041152954102,12.993768512863792,12.628899280626593,12.673578015349241,20771560
2021-09-13,12.658683776855469,12.800163581447764,12.569327737042947,12.777824216428117,6019920
2021-09-14,12.569329261779785,12.710809083534452,12.465081719574368,12.681024680161293,8930390
2021-09-15,12.390618324279785,12.710808820444791,12.390618324279785,12.524651687350367,9962200
2021-09-16,12.457634925842285,12.621454110884105,12.30126361677459,12.427850523276812,10611290
2021-09-17,12.368279457092285,12.554436576336824,12.331047181083713,12.509757845126538,8910280
2021-09-20,12.301262855529785,12.398063933209944,12.129998645644672,12.308709310776893,7603550
2021-09-21,11.921502113342285,12.442741196225544,11.921502113342285,12.360833029356897,10994420
2021-09-22,12.085319519042969,12.09276597404662,11.876823749871967,11.943841134771796,6743370
2021-09-23,12.107661247253418,12.226801710033797,11.951288502187703,12.048091015863228,9708800
2021-09-24,11.899163246154785,12.048089516226444,11.89171750075767,12.040643060696244,6686490
2021-09-27,12.040644645690918,12.226801797652579,11.914057725546334,11.97362795736341,11072520
2021-09-28,11.906609535217285,12.197014195504048,11.906609535217285,12.040642892354606,7189460
2021-09-29,11.988519668579102,12.122553031797763,11.973626757051203,12.025750527132635,7973830
2021-09-30,12.442743301391602,12.450189757869715,11.988520818357468,11.988520818357468,16329620
2021-10-01,12.115105628967285,12.420403190092303,12.085319808239916,12.420403190092303,13074680
2021-10-04,11.914055824279785,12.189568990133353,11.914055824279785,12.129998767822599,9675790
2021-10-05,11.556634902954102,11.936395616341327,11.556634902954102,11.936395616341327,11942180
2021-10-06,11.318351745605469,11.623649281584791,11.318351745605469,11.56407906530263,11370620
2021-10-07,11.444938659667969,11.638542218107032,11.39281489783168,11.39281489783168,15633780
2021-10-08,11.489618301391602,11.638543863501717,11.415155165269997,11.467278934475264,10306930
2021-10-11,12.018304824829102,12.070428598178315,11.497064960937514,11.497064960937514,19415830
2021-10-12,12.025751113891602,12.182123852031829,11.951287972885126,12.003413165776058,21746090
2021-10-13,13.224602699279785,13.224602699279783,12.100213462487467,12.129999285045978,95547330
2021-10-14,12.681024551391602,13.507561265264487,12.599114957481245,13.246942412397404,68878020
2021-10-15,12.316156387329102,12.934198001355764,12.316156387329102,12.755485906942054,34455380
2021-10-18,12.390618324279785,12.524651687350367,12.286370784232096,12.338494554255941,22798960
2021-10-19,12.673578262329102,13.008660257681653,12.472528212957823,12.472528212957823,51443630
2021-10-20,13.165030479431152,13.209707786232432,12.599112718973029,12.762930457421705,39224320
2021-10-21,14.043694496154785,14.47557898569453,13.053338610472297,13.142693238506062,99202640
2021-10-22,13.924554824829102,14.311760601763396,13.760735630485472,14.073479686644973,40236440
2021-10-25,14.043694496154785,14.378776481680712,13.790520682948777,13.850090908393357,36039920
2021-10-26,14.073478698730469,14.259635828132371,14.028801385348546,14.222404970358465,24852700
2021-10-27,14.013909339904785,14.490471166130222,13.94689265555855,14.110711848523248,38821410
2021-10-28,13.820304870605469,14.177727637980526,13.812858415007428,14.073478679874134,13007610
2021-11-01,14.334098815917969,14.37877612883851,13.783073889010726,13.842644112993504,32860450
2021-11-02,14.378777503967285,14.572381105493333,14.192620358684506,14.34899309926052,39346820
2021-11-03,15.041498184204102,15.09362195860143,14.080926615111615,14.41601005090349,69361990
2021-11-04,14.996817588806152,15.309561616728137,14.981926098155512,15.145743857441824,21714430
2021-11-05,14.847891807556152,15.160635815828696,14.803213077612885,15.041495376512115,15365640
2021-11-08,14.840446472167969,14.959586920472818,14.542595351405842,14.810660649958669,19202130
2021-11-09,15.212760925292969,15.451041824989984,14.877677522427673,14.952140658649538,27653400
2021-11-10,15.153190612792969,15.317008375321356,14.944694116629961,15.264884606347149,19880220
2021-11-11,15.599966049194336,15.786123155173906,15.130849346776857,15.153188710790168,26979250
2021-11-12,15.942497253417969,15.949943709402017,15.570182975813129,15.696769887009424,17960880
2021-11-15,16.404165267944336,16.791370982616453,16.21056170047525,16.262685464742685,26437950
2021-11-16,15.808462142944336,16.657339568053658,15.808462142944338,16.433950173965478,20062900
2021-11-17,16.575428009033203,16.59776737186344,15.823353170273021,15.830799624549767,23940170
2021-11-18,16.791370391845703,16.86583351829337,16.203114675467745,16.642445559216373,29407590
2021-11-19,16.883739471435547,17.118447211413148,16.588463762282156,17.03516372664118,18392550
2021-11-22,17.59543228149414,17.648430340966392,16.906454620177264,17.004879381470182,25841630
2021-11-23,17.981563568115234,18.844678157276327,17.345583941126364,17.595432977151358,45069310
2021-11-24,17.716571807861328,18.594829112511473,17.216873736046207,18.322267446850688,33162870
2021-11-25,18.42826271057129,18.549401543902324,17.542434089282608,17.731713696873445,30385130
2021-11-26,18.095130920410156,18.511546940213908,17.898279947353835,18.39040810203907,24430230
2021-11-29,18.66297149658203,18.746254997083774,17.973993749037597,18.178416098947878,17282110
2021-11-30,18.625112533569336,18.814392129552584,18.375263524634995,18.700824660780377,16585750
2021-12-01,18.625112533569336,19.427657616193468,18.466116922017275,18.74625135947152,24102480
2021-12-02,19.19295310974121,19.488228844877757,18.85224922759224,18.99610213828723,22514090
2021-12-03,19.68507957458496,19.76079170792036,19.291377636511942,19.351947054362498,19493870
2021-12-06,19.238380432128906,19.84407463757579,19.17023965350502,19.722935796486414,16234000
2021-12-07,19.541227340698242,19.66236618058403,19.2308088829798,19.367090438873532,17715220
2021-12-08,19.503368377685547,19.745646012524475,19.29137472515718,19.64722126490439,15377460
2021-12-09,19.889501571655273,20.290773416729994,19.457944296112903,19.533654984104416,20759170
2021-12-10,19.57151222229004,19.897073386860427,19.208095712853307,19.897073386860427,13583390
2021-12-13,20.22263526916504,20.26049206216716,19.76836530585156,19.83650608916638,16279900
2021-12-14,21.37345314025879,21.37345314025879,20.41191237822275,20.41191237822275,18056860
2021-12-15,21.32045555114746,21.903437107364418,21.04789244557302,21.65358807528413,19383470
2021-12-16,22.675695419311523,22.675695419311523,21.297738793527447,21.646013989434223,21196980
2021-12-17,20.41191291809082,23.879516839265563,20.41191291809082,23.107255666145715,32983020
2021-12-20,21.161460876464844,21.41888126038558,18.74625265983856,19.685079347748204,23314170
2021-12-21,19.049100875854492,21.585448077276737,19.049100875854492,21.16146213205193,16118260
2021-12-22,17.148731231689453,19.03395584807046,17.148731231689453,18.17084134623279,27259510
2021-12-23,16.808029174804688,17.792282524030444,15.5284986655402,17.315298564104424,23321690
2021-12-24,18.405548095703125,18.405548095703125,16.550608862398356,16.914025351688014,16876290
2021-12-27,18.481260299682617,19.25352142559673,18.079987021922044,18.405548169753803,17399440
2021-12-28,18.02699089050293,18.837107445903435,17.731715140726013,18.66297053932161,9728750
2021-12-29,18.39040756225586,18.549401741160313,17.898279422015246,18.314695429596625,10539480
2021-12-30,18.12541389465332,18.68568130627614,17.989132359160724,18.511544430519454,10552020
2021-12-31,18.02699089050293,18.405550136509813,17.91342340551865,18.170843808330442,7537860
2022-01-03,19.064241409301758,19.223235579023676,18.132986130416633,18.170841472515548,16634340
2022-01-04,19.27623176574707,19.654790926369802,18.90524396162742,19.14752303746039,16272460
2022-01-05,19.753219604492188,19.806217662599636,19.155095362219477,19.306519623174,11462940
2022-01-06,19.594223022460938,19.995496283394147,19.344374015035392,19.503369625627304,15769410
2022-01-07,19.45037078857422,19.942497426566497,19.0945242403564,19.722932412211787,11447940
2022-01-10,19.132381439208984,19.791073608381854,19.132381439208984,19.548795962521087,8789540
2022-01-11,19.268665313720703,19.420088138710103,18.617542978408604,19.344376004170975,13515470
2022-01-12,19.223237991333008,19.616939952557495,19.102099148508383,19.465515676982257,9200450
2022-01-13,20.86618423461914,20.941896369006447,19.306520620231584,19.306520620231584,29349300
2022-01-14,20.639047622680664,21.10089030577688,20.109064168501774,20.86618256356377,20856500
2022-01-17,20.162063598632812,20.896469416090785,20.14692232720752,20.745045149127183,13836270
2022-01-18,19.132381439208984,20.305914327880316,19.132381439208984,20.086350752852255,12398190
2022-01-19,20.472482681274414,20.54062201021755,18.912817703087068,19.026385176777328,26835420
2022-01-20,19.91978645324707,20.699618993769757,19.60179663949003,20.495196661192615,19887300
2022-01-21,19.503368377685547,19.995495003963192,19.329231508156145,19.844070760144557,15277480
2022-01-24,18.11784553527832,19.374662101949788,18.072418830628084,19.374662101949788,17864210
2022-01-25,18.768966674804688,18.927960852805626,17.678715725338215,18.35255066958968,19783110
2022-01-26,18.39797592163086,19.064240899841288,18.39797592163086,18.81439189403455,13315630
2022-01-27,18.94310188293457,18.94310188293457,17.792281618876988,18.02698790822798,13701720
2022-01-28,18.821964263916016,19.2156647423112,18.662968645798397,19.01124386771537,11982110
2022-01-31,18.77653694152832,19.177810239027593,18.77653694152832,19.03395732949558,7774760
2022-02-01,19.109670639038086,19.43523182291725,18.85982159347088,18.90524829882248,11625240
2022-02-02,18.526687622070312,19.276234700946507,18.519116264414333,19.230807999099444,11049390
2022-02-03,18.163270950317383,18.753823845196198,18.011848130871474,18.549401522650978,8153750
2022-02-04,17.85285186767578,18.375263969584378,17.754427110780213,18.261696498062182,8411360
2022-02-07,18.39040756225586,18.39040756225586,17.262299818219788,17.852852720055232,15869230
2022-02-08,18.519115447998047,18.70082513555324,18.185984390353937,18.390406705786972,17648340
2022-02-09,18.852251052856445,19.117242826396573,18.57211800626839,18.693256855185762,15926900
2022-02-10,18.54183006286621,19.086954809226704,18.34497909899161,18.996101406877685,12306620
2022-02-11,18.99610137939453,19.033956722970387,18.28440965627584,18.390407217648065,14526020
2022-02-14,18.33740997314453,18.882536229936697,18.09513227860978,18.655399808243637,14858910
2022-02-15,19.20809555053711,19.632081474630443,18.397977602808062,18.397977602808062,24366560
2022-02-16,20.040924072265625,20.17720561902005,19.51851340182538,19.76079106534934,31096290
2022-02-17,19.82893180847168,20.608762856238464,19.82893180847168,20.21506237565713,26112370
2022-02-18,20.056068420410156,20.230205324736755,19.57151305390522,20.056068420410156,13004310
2022-02-21,20.44219970703125,20.67690604006337,20.01064238871482,20.13935259278191,29671140
2022-02-22,20.245346069335938,20.366484899164867,19.662364548228737,19.88192957984915,21688520
2022-02-23,20.040924072265625,20.555764829298433,19.912213883007425,20.42705464004023,15012170
2022-02-24,18.042133331298828,18.927962011185883,18.042133331298828,18.39797849723712,18923010
2022-02-25,19.68507957458496,19.806218410286068,18.481261131227466,18.587257251443727,18902510
2022-02-28,20.41191291809082,20.896469712801295,19.29894930559847,19.53365562304471,28686910
2022-03-01,19.980356216430664,20.82075819097482,19.8516460171229,20.593623224708836,16451110
2022-03-02,19.457944869995117,20.192349251430088,19.329234674889108,19.987926922010747,13530680
2022-03-03,19.707794189453125,19.950071867514,19.42008836368918,19.68508011560159,14154980
2022-03-04,18.920391082763672,19.63208287489133,18.920391082763672,19.63208287489133,11363100
2022-03-07,18.632686614990234,18.96581771288408,18.19355794586751,18.920391007551085,14907910
2022-03-08,18.231412887573242,18.61754348454006,18.231412887573242,18.397978432816444,14289020
2022-03-09,18.375263214111328,18.791677740601997,18.352549143105247,18.428261269036827,17551230
2022-03-10,17.981563568115234,18.776537379806886,17.799855309559682,18.54183105968374,27109090
2022-03-11,18.46611785888672,18.60239940596303,18.026989231690155,18.03456058920426,23048450
2022-03-14,20.305917739868164,20.305917739868164,18.791680754713624,18.867392892789134,47042370
2022-03-15,20.68447494506836,21.42645064799657,20.04092400106377,20.62390552940256,81444470
2022-03-16,21.691442489624023,21.691442489624023,20.873754652074584,20.9721808555705,47652640
2022-03-17,22.955833435058594,23.54638640412482,21.653590092604965,21.880725072351755,60781920
2022-03-18,22.304706573486328,23.28896132475433,22.304706573486328,22.95582883631834,32819110
2022-03-21,22.675695419311523,22.789262884291833,22.05485715218107,22.48641582964812,23372840
2022-03-22,23.61452293395996,23.61452293395996,22.524272050530612,22.751406989371063,34999890
2022-03-23,23.924942016601562,24.439781321759817,23.228393022459496,23.902227944456396,38841270
2022-03-24,23.53013801574707,24.311845288449767,23.466969918624716,24.16182049301684,27518290
2022-03-25,23.135339736938477,24.003902303447852,23.135339736938477,23.56962177321637,19926850
2022-03-28,22.977418899536133,23.55382800807741,22.835290296104844,23.19061180468307,22171220
2022-03-29,23.459075927734375,23.680165041509127,23.103755912722466,23.135339211235216,22241830
2022-03-30,23.822296142578125,23.940736159975067,23.419598878591305,23.648584217465718,19486190
2022-03-31,23.585412979125977,24.035485889159077,23.538035773614666,23.92494058234569,11212230
2022-04-01,23.782814025878906,23.869669225869437,23.48276440832219,23.680164917645055,12377090
2022-04-04,24.477664947509766,24.477664947509766,23.93283908021089,23.964423886916435,24830670
2022-04-05,24.785608291625977,25.49625135362159,24.45397536471016,24.754024992229734,28800180
2022-04-06,24.89615249633789,25.40939351356201,24.65927098420236,24.87246389331043,32643320
2022-04-07,24.627687454223633,25.180407965240637,24.61189505235409,25.10144896798559,30169970
2022-04-08,24.327638626098633,24.80929635630199,24.130238114513176,24.77771155154605,22085250
2022-04-11,24.161821365356445,24.39080516092488,23.98021326782867,24.39080516092488,24462150
2022-04-12,24.122343063354492,24.509249409828527,23.901255443708138,24.153927869616233,27510050
2022-04-13,23.845979690551758,24.446075852217227,23.774915393977597,24.16971637225795,28438910
2022-04-14,23.869670867919922,24.169720506117752,23.838087567399683,24.003903283735482,12818310
2022-04-15,24.161821365356445,24.351325663565376,23.91704516842569,23.91704516842569,16412710
2022-04-18,24.643478393554688,24.83298420423111,24.311846989986794,24.351326488684016,33610440
2022-04-19,24.453977584838867,24.761923441676906,24.272369455194994,24.72244243128918,18895720
2022-04-20,24.556623458862305,24.785607264648085,24.146030041398976,24.469766753540274,19726910
2022-04-21,24.67506217956543,25.00669507550064,24.603997880004577,24.651373577696386,17989420
2022-04-22,23.798606872558594,24.72244139214874,23.64858355753072,24.572418077120865,15204140
2022-04-25,24.07496452331543,24.248676419147593,23.1827149362032,23.688059728475878,16888860
2022-04-26,23.66437339782715,24.44607926316777,23.324845774210726,24.201303044173375,21232110
2022-04-27,24.043380737304688,24.043380737304688,23.538034449274452,23.82229164216357,14946800
2022-04-28,23.451181411743164,24.382910562657568,23.38011710698877,24.04338294733217,20289800
2022-04-29,23.601205825805664,23.806502548518942,23.261676688473948,23.609102027376917,14703920
2022-05-05,23.632789611816406,24.011798234595393,23.538036703098463,23.83019012443626,16726880
2022-05-06,23.29326057434082,23.774918308829832,23.06427525596198,23.62489349699702,16383240
2022-05-09,23.36432456970215,23.54593267811652,23.016899249136028,23.301156466512523,15153320
2022-05-10,23.490659713745117,23.569620215672852,23.340634910687058,23.490659713745117,2619020
2022-05-11,23.182716369628906,23.98021461052378,23.095859663319192,23.92494120266082,18119270
2022-05-12,22.48786735534668,22.97742131802169,22.03779440113944,22.97742131802169,17657730
2022-05-13,22.26677703857422,22.780018038198335,22.219399834143957,22.701057536860862,13496520
2022-05-16,22.09306526184082,22.49576249288372,21.85618524642566,22.266778678788587,21994940
2022-05-17,22.029895782470703,22.290464385584205,21.950935280244664,22.14044108800568,15858070
2022-05-18,22.006210327148438,22.345737951761933,21.91145741620173,22.029897425350295,13469050
2022-05-20,21.595617294311523,22.006210739360963,21.595617294311523,22.006210739360963,9579550
2022-05-23,22.41680145263672,22.41680145263672,21.579823711221362,21.714056118376817,16683250
2022-05-24,22.203609466552734,22.787914780666448,22.13254516426425,22.48786516966033,18686530
2022-05-25,22.36942481994629,22.503657221509425,22.140441020836413,22.274671916353242,13033150
2022-05-26,22.34573745727539,22.598411378859733,22.337842762080424,22.40101086596491,13062740
2022-05-27,22.511554718017578,22.930044348400692,22.187817996681236,22.39311471124391,21793520
2022-05-30,23.76702308654785,24.082863619695217,22.551035151372414,22.645788064339854,46018740
2022-05-31,24.44607925415039,24.793504585077986,23.79860580063516,23.877566308488667,41018270
2022-06-01,24.161821365356445,24.722438059302085,24.13023656263181,24.477661862371335,23549620
2022-06-02,24.706647872924805,24.91194307234056,24.138133455938622,24.25657345746197,26877380
2022-06-03,24.572418212890625,24.990906365396896,24.517144800365678,24.78560963701515,19589380
2022-06-06,24.99090576171875,25.156722983195134,24.604000919669136,24.67506522800952,23138360
2022-06-07,24.49345588684082,25.054072617936836,24.256574368847517,25.030385520369975,24399300
2022-06-08,23.403806686401367,25.17251527953115,23.403806686401367,24.635587095404155,29452010
2022-06-09,23.46697425842285,24.051279641373036,23.095861807454177,23.490662863991858,20846420
2022-06-10,23.490659713745117,24.027589319598132,23.072170107760552,23.214298710021207,17375190
2022-06-13,22.661577224731445,23.553826791451364,22.661577224731445,23.490658693860983,16084720
2022-06-14,22.787914276123047,23.056379077480763,22.503657073262804,22.890561873796855,12461240
2022-06-15,23.21430015563965,23.245884960796136,22.76422722448449,22.858980133907558,10224040
2022-06-16,22.558929443359375,23.427491965526272,22.448385642626867,23.293259562045513,13586240
2022-06-17,23.024797439575195,23.024797439575195,22.495763964887537,22.661581191365478,11276590
2022-06-20,23.14323616027832,23.395908580731255,22.88266753843043,23.237989070971384,10918150
2022-06-21,23.901254653930664,23.956526557015884,23.23798880481521,23.309053110509467,13816340
2022-06-22,24.44607925415039,25.140929916005586,23.672269590488106,23.845983008975118,39594720
2022-06-23,23.845979690551758,24.690853543104318,23.845979690551758,24.477660653381836,16498100
2022-06-24,23.609100341796875,24.161822363951345,23.506452740792025,23.956525655895295,12380200
2022-06-27,23.680164337158203,23.83018914225891,22.8352904189347,23.13533852308978,13421510
2022-06-28,22.74053955078125,23.924942683760406,22.59841243990278,23.68806265958316,22888810
2022-06-29,21.406112670898438,22.73264439388205,21.406112670898438,22.73264439388205,21177800
2022-06-30,21.082374572753906,21.54034368490136,20.790221162189994,21.437694578738498,23231410
2022-07-01,21.43769645690918,21.856186107071277,21.208712633797198,21.516656967172317,17014570
2022-07-04,20.971830368041992,21.9430420499631,20.971830368041992,21.674577228104766,15577930
2022-07-05,20.22960662841797,21.200816857828706,20.15854231835899,21.129752547769726,19670060
2022-07-06,20.869184494018555,20.877080696027928,20.237501887687607,20.37173430975386,15917420
2022-07-07,21.327152252197266,21.398216559516687,20.719158292262847,20.88497551135698,15549170
2022-07-08,21.635095596313477,21.73774470490667,21.20871127782758,21.311358880374403,5530760
2022-07-13,20.727052688598633,21.793015699507254,20.553340789194667,21.627198494854383,21761720
2022-07-14,20.37173080444336,20.78232420200176,20.198018908266935,20.663884204333915,14074130
2022-07-18,20.632301330566406,20.76653374208452,20.498068919048293,20.59282182966843,15890700
2022-07-19,20.640199661254883,20.837600198201994,20.490176337528617,20.63230345905141,18771980
2022-07-20,20.66388702392578,20.76653463429853,20.482278902318196,20.703366526519957,21305830
2022-07-21,20.98762321472168,21.39821665754909,20.71126218566298,20.727054588705524,27893840
2022-07-22,21.003416061401367,21.421904208542966,20.924455550567288,21.113959872941187,16179260
2022-07-25,21.7535343170166,22.061480118571982,20.979724724890705,21.09816472269834,23966250
2022-07-26,22.58262062072754,22.637892527395284,21.72195420135309,22.006211442554633,28705410
2022-07-27,22.211503982543945,23.016898397962656,22.172024484277788,22.637889792840788,24576230
2022-07-28,22.503658294677734,22.79581171414624,22.3615296855334,22.47996969113822,21086490
2022-07-29,23.909149169921875,24.08286106823741,22.69316136357422,22.748433262763424,47707330
2022-08-01,23.93284034729004,24.303954315495766,23.822296530061042,24.04338567056559,23805910
2022-08-02,24.44607925415039,24.754025084174444,23.838086807585125,23.95652681634218,32480070
2022-08-03,24.311847686767578,24.65137530101509,24.08286237083118,24.525039094307555,19807530
2022-08-04,24.643478393554688,24.943528005420408,24.493455093668164,24.5408307933141,24772610
2022-08-05,24.817195892333984,24.9672207229917,24.319745692907144,24.706652072926502,21764670
2022-08-08,25.583106994628906,25.66206599284674,24.7382315568624,24.872463962297605,26736240
2022-08-09,25.33043670654297,25.922638279035294,25.148827079716664,25.669962836979714,21086510
2022-08-10,26.001598358154297,26.11214217431859,25.243579530901396,25.58311019350574,25224980
2022-08-11,26.033184051513672,26.506944140355085,25.725239692557434,26.230584590546457,17253060
2022-08-12,26.7043399810791,26.838573890293006,25.638378462682493,26.033179471287557,26038690
2022-08-15,26.135828018188477,27.130728340036423,26.06476370948505,26.925430109518555,16630970
2022-08-16,26.72802734375,26.7517174527251,25.346223799879176,26.230580236663236,24986880
2022-08-17,26.66486167907715,27.00439080267943,26.30164545776538,26.925428790159835,16918270
2022-08-18,27.146522521972656,27.399194966786116,26.033183620734246,26.680657137080377,33278840
2022-08-19,26.435874938964844,27.241269350787054,26.42798024418392,27.14651795295286,20021730
2022-08-22,26.23847770690918,26.58590155033417,25.772612342358876,26.427983538291087,20044280
2022-08-23,26.759611129760742,27.16230983399982,26.191096729466782,26.238473933522137,25079140
2022-08-24,26.09634780883789,26.925429379848044,26.09634780883789,26.925429379848044,17830610
2022-08-25,26.459564208984375,26.688549533645794,26.112140380323954,26.246374299367602,21492180
2022-08-26,26.759611129760742,26.980698724500584,26.309538233558882,26.51483643903951,23068120
2022-08-29,26.743820190429688,27.114934112253106,26.388498670821384,26.751717897583614,17447070
2022-08-31,26.20688819885254,27.22547545912549,26.20688819885254,26.76750788458021,20945870
2022-09-01,25.883155822753906,26.506942203418046,25.662068199062503,26.21479027038398,18967880
2022-09-02,26.41219139099121,26.601694212119185,25.8989488105913,25.8989488105913,21492800
2022-09-05,26.530630111694336,26.885951669245067,26.356919692964134,26.506943011888637,29760210
2022-09-06,26.578004837036133,27.312334983246974,26.29374761758771,26.688548641912128,40345050
2022-09-07,26.68855094909668,26.814887167318354,26.183206076209974,26.60959194224302,23526120
2022-09-08,27.71503448486328,28.694142484122423,26.84647331765866,26.84647331765866,51339800
2022-09-09,27.71503448486328,28.544119158759642,27.52553165409905,27.95191754145835,31931730
2022-09-12,28.06245994567871,28.457261003962003,27.778202701779854,28.030875138113718,32874120
2022-09-13,27.107040405273438,28.93891695970268,27.107040405273438,28.46515391225818,45130150
2022-09-14,28.101938247680664,28.101938247680664,26.45166977412469,27.059663739339303,26269280
2022-09-15,27.936126708984375,28.59149496939019,27.79399807186632,28.18879917228461,18251200
2022-09-16,27.936126708984375,28.520430650831162,27.912436594735794,28.0071910275434,16389610
2022-09-19,26.61748695373535,28.078252694594866,26.61748695373535,28.078252694594866,12398770
2022-09-20,27.209686279296875,27.557113113622687,26.3806047182706,26.60959003869574,17529970
2022-09-21,26.822778701782227,27.59658823680316,26.77540150131845,27.39918775300928,12374790
2022-09-22,27.486047744750977,28.03087206102025,26.8543637111665,26.8543637111665,16578120
2022-09-23,27.06755828857422,27.57290313690669,26.917534978004547,27.525528939933576,10199180
2022-09-26,26.52273178100586,27.1070385969127,26.364810775726227,27.004389491667045,11650390
2022-09-27,26.57010841369629,26.949117010945102,26.48325171205941,26.52273120950547,10200360
2022-09-28,25.914737701416016,26.72013211226479,25.725234905976674,26.53062630473282,16575720
2022-09-29,25.512042999267578,26.167411126243938,24.754024257648762,26.056867322567882,16936260
2022-09-30,25.819988250732422,26.21478928511031,25.43308191172124,25.51993862121923,12965350
2022-10-03,27.130725860595703,27.130725860595703,25.89894562633807,25.90684333330165,20346060
2022-10-04,27.359710693359375,27.738719294519825,26.751716787718877,27.399190191212888,24425280
2022-10-05,26.980703353881836,28.165106549653853,26.696449117054748,27.651866972075165,26377660
2022-10-06,27.509735107421875,27.825577127263998,27.162311295269724,27.162311295269724,20813710
2022-10-07,27.70713996887207,27.936125318620626,27.178104954352765,27.517634124781804,23640800
2022-10-10,28.173002243041992,28.70993189436286,27.8808503190298,27.8808503190298,22407150
2022-10-11,27.517629623413086,28.29144226578165,27.41498352791116,28.244065059485806,18721360
2022-10-12,26.451669692993164,27.67555231517576,26.451669692993164,27.54921610279742,20142790
2022-10-13,27.020183563232422,27.225478774318187,26.39639721047928,26.609590128968055,18749220
2022-10-14,27.280750274658203,27.61238470254912,27.209685969545347,27.47025609232341,16951730
2022-10-17,28.346717834472656,28.583597872413108,27.414987074759534,27.517633183541427,35134220
2022-10-18,29.073148727416992,29.483742175874116,27.76240937784318,28.346716250057188,42396370
2022-10-19,28.915225982666016,29.48374041771968,28.915225982666016,29.37319661359097,27139860
2022-10-20,28.852062225341797,29.294237485379092,28.54411788007495,28.978398444222886,27090840
2022-10-21,28.607280731201172,29.317923751754133,28.536216429145874,29.136315649188965,21821090
2022-10-24,29.665348052978516,30.36809337837964,28.72572272078157,28.741515122846984,44926490
2022-10-25,29.0810489654541,29.83116860692445,29.073151257090913,29.752209595851742,28028250
2022-10-26,28.844165802001953,29.523224138266173,28.686247780437125,29.286344093825747,21233740
2022-10-27,28.480945587158203,29.231068134038065,28.17300127084051,28.970498012789083,20856680
2022-10-28,28.180896759033203,28.615180306669455,28.165104356201624,28.417779789414013,7692740
2022-10-31,28.662553787231445,28.82047479951033,28.125624152738897,28.48884338460817,19585550
2022-11-01,29.041563034057617,29.294235454301088,28.70993161202288,28.796788321248982,23172730
2022-11-02,29.373201370239258,29.594289014299253,28.883648867495022,29.175800827444764,24135850
2022-11-03,27.967700958251953,28.401984461156676,27.857157161909857,27.888741964319752,49244550
2022-11-04,28.42567253112793,28.536216331258604,28.02297682892438,28.02297682892438,29710930
2022-11-07,29.183692932128906,29.64955829223569,28.599389064119507,28.615181467591782,40227130
2022-11-08,28.844165802001953,29.531121846600325,28.79679160036978,29.2152797792843,32149350
2022-11-09,28.733617782592773,29.20738081432538,28.40988106635056,28.859953988636253,25041440
2022-11-10,29.057355880737305,29.270548803342038,28.66255484156399,28.773098650597657,33537580
2022-11-11,29.34161376953125,30.162800672347863,29.175798052258557,29.38109327191623,43738130
2022-11-14,31.070842742919922,31.086635147038315,29.499536184303576,29.499536184303576,40049680
2022-11-15,31.74200439453125,32.83165611436293,31.268241336646955,31.268241336646955,52516230
2022-11-16,33.10801315307617,33.90550987309834,31.299823792713184,31.978882016227157,68689850
2022-11-17,31.765687942504883,33.12380433970297,31.43405654993841,33.08432484231543,40001600
2022-11-18,33.605464935302734,33.83444724472062,31.742003581933663,31.78937777804427,32065290
2022-11-21,34.316104888916016,34.845139836702636,33.289622810815395,34.458233501032254,34267440
2022-11-22,34.971473693847656,35.36627469826113,34.600359785829355,34.639839283852176,28894830
2022-11-23,35.192562103271484,35.59526082382311,34.66353019097322,35.05833120448274,29055330
2022-11-24,34.884620666503906,35.69790985741693,34.42665000732647,35.55578123988551,28826360
2022-11-25,35.342586517333984,35.45313333475671,34.34768925727177,34.88461889352528,27070620
2022-11-28,35.2083625793457,35.682122699364086,35.1136111577607,35.61105838015199,24160230
2022-11-29,35.04254150390625,35.484716745384695,34.624050349101815,35.389965338224016,21511600
2022-11-30,35.586456298828125,35.96239564516187,35.06653609154126,35.19451602777278,26887190
2022-12-01,35.64244842529297,36.29034553743479,35.40248336761419,35.97039721266718,25638200
2022-12-02,35.274497985839844,35.8504091533742,35.17051639825435,35.642442926921234,27487120
2022-12-05,34.08268737792969,35.57845335022605,33.98670319528407,35.44247601241827,45624360
2022-12-06,34.37063980102539,34.698588525101464,33.9627017227345,34.09868209925875,28642850
2022-12-07,33.394798278808594,34.73058874534532,32.914874254596214,34.474628858927716,31936540
2022-12-08,33.29881286621094,33.618761186888534,32.67490799601714,33.39479705728598,26213310
2022-12-09,34.29866027832031,34.55462017917263,33.35480699969638,33.370804874909986,22806590
2022-12-12,35.2345085144043,35.37048891040577,34.47462632257172,34.47462632257172,28842000
2022-12-13,35.39448547363281,35.85041419495329,35.03454094330549,35.34649185249503,32039730
2022-12-14,33.706748962402344,35.738433216412645,33.62676264269084,35.394486549344656,34946210
2022-12-15,34.01070022583008,34.690593052370886,33.3388048102198,34.27465750449002,23917130
2022-12-16,34.52261734008789,34.946550266711306,34.138677567645196,34.23466174793535,11539840
2022-12-19,37.58614730834961,37.59414471998102,35.89040922192914,35.89040922192914,39878990
2022-12-20,38.857948303222656,39.39386335531901,37.058228657548185,37.59414370964454,44094020
2022-12-21,38.673973083496094,39.67381730024917,38.63397992508245,38.873941926846705,35122430
2022-12-22,38.56198501586914,39.51383851484868,38.50599399255057,39.113900890412076,21351360
2022-12-23,38.43400573730469,38.76195447274561,37.96207921056952,38.66597029564343,18680690
2022-12-26,39.489845275878906,39.55383676865765,38.98592600101668,39.10590547305336,20725800
2022-12-27,39.065914154052734,39.745807014768275,38.90593846586012,39.51384547073557,16733060
2022-12-28,39.249881744384766,40.521683626405384,38.36201965016329,39.2338838718162,37976540
2022-12-29,41.91346740722656,42.073440027982194,39.58583038035921,39.849787645631714,49543680
2022-12-30,41.953460693359375,42.56936504929377,41.617511475903264,42.033447003986836,32131490
2023-01-02,43.15327453613281,43.617200639494015,42.3533992084984,42.585363785820114,25533920
2023-01-03,42.10543441772461,43.593202932621026,41.84147716094605,43.40123152209675,24238360
2023-01-04,40.92162322998047,42.23341833007342,40.873629609995724,42.105438394729774,21145560
2023-01-05,40.081756591796875,41.27356922341697,39.27388073291649,41.04960508889131,27483830
2023-01-06,40.081756591796875,40.713658887102824,38.17005488308361,38.953932405205904,35318470
2023-01-09,38.63397979736328,40.089752728040565,38.28203573269135,40.06575744332818,32461590
2023-01-10,38.314029693603516,38.969927222944236,37.40216925037354,38.61798012339793,26145250
2023-01-11,36.674285888671875,38.809954794455976,36.58630215770315,38.31403290055565,27014440
2023-01-12,38.04206848144531,38.25003470657628,35.61044695762648,37.330176936643156,31439160
2023-01-13,37.79410934448242,38.95392918329971,37.40216909019768,38.04207179525703,24865470
2023-01-16,39.64982223510742,39.71381372994967,37.68212953794462,37.938089414748774,23741310
2023-01-17,40.873626708984375,41.041602841367684,39.713809962186765,39.78579886141329,29825630
2023-01-18,41.1215934753418,41.6175153603405,40.3857095847813,41.033606694669906,30021310
2023-01-19,40.71365737915039,41.66550796691229,40.561679106680536,40.79364369529488,26305370
2023-01-20,41.01761245727539,41.15359287162818,40.60167685349438,40.95362400738439,15742630
2023-01-23,41.209571838378906,42.5853581977904,40.705649593734634,41.193573967771584,37488040
2023-01-24,41.00960922241211,41.64151147600802,40.16174025994359,41.273566499068224,25763010
2023-01-25,40.50568771362305,41.577520817318295,39.05791526586498,41.185583599912874,31707750
2023-01-26,41.025611877441406,41.457545345533454,39.54584048889259,40.505691623114025,25663240
2023-01-27,41.6815071105957,41.705502395913804,40.11375207664202,40.633669249989865,31574580
2023-01-30,42.31340408325195,42.75333488272155,41.505528331218926,41.76948864166994,32659550
2023-01-31,40.801639556884766,42.21741926810871,40.801639556884766,42.08943933636836,29739170
2023-02-01,38.865943908691406,41.129589593401235,38.865943908691406,40.9616164999178,26310290
2023-02-02,40.71365737915039,40.841637315751,38.31403127942716,38.87394159500335,49161150
2023-02-03,42.79332733154297,42.81732261344947,40.209730552259735,40.81763442038672,36269800
2023-02-06,43.03329086303711,43.50521741574347,40.769645333171844,41.993453575239975,10501680
2023-02-07,39.24188232421875,42.8733137754225,38.72995958208589,42.8733137754225,24215140
2023-02-08,36.86625289916992,36.86625289916992,36.86625289916992,36.86625289916992,10
2023-02-15,43.16127014160156,43.16127014160156,40.80963787517629,42.95330390767909,16238760
2023-02-16,44.23310852050781,47.192648078030636,43.19327112226533,47.18465066668339,35090180
2023-02-17,43.90515899658203,45.11297252570515,43.19327039858827,44.08912996731102,21403200
2023-02-20,44.35308837890625,44.609048244559624,43.18527111045243,43.9051570883717,16532900
2023-02-21,43.03329086303711,44.23310382232968,43.01729299075935,44.11312435716971,19306050
2023-02-22,42.87331771850586,44.3930821103646,42.633355722760356,43.9691491495048,22082130
2023-02-23,43.22526550292969,43.70518950192771,42.713345756989824,42.84932310456906,13616600
2023-02-24,42.809329986572266,43.40123604913795,42.76933682849875,43.22526554335802,10180640
2023-02-27,44.433074951171875,44.55305747383087,41.91346943687376,42.84932212899761,19330640
2023-02-28,44.08112335205078,44.84900282205294,43.68118574668111,44.51305669815766,19154570
2023-03-01,46.736717224121094,47.07266340851478,44.337091159769635,44.44107581025059,24818950
2023-03-02,47.1286506652832,47.6405734144283,46.5127493765482,47.35261782155984,19845360
2023-03-03,47.064666748046875,47.688568558316945,45.24894929757943,46.71272268479136,28567400
2023-03-06,49.336307525634766,49.81623147323024,46.93668168509331,47.11265522314328,24161310
2023-03-07,49.36030960083008,50.71210096319555,49.080354434750966,49.352312189491734,17837200
2023-03-08,50.05619812011719,50.592113110586226,48.87237998196649,49.36830486866929,15063860
2023-03-09,48.91238021850586,50.38415102504296,48.41645529094058,50.07219706688452,16035490
2023-03-10,49.19233322143555,49.26432212381089,48.51244040555463,48.936373357719276,14977510
2023-03-13,49.77781295776367,49.900638387914064,48.63961377060669,49.46664957879489,15234930
2023-03-14,47.65699005126953,49.777808090558395,47.534161509469264,49.76961785515327,15388290
2023-03-15,47.73068618774414,48.12373314538521,46.9200246900935,47.689744382009366,14125090
2023-03-16,47.82075881958008,48.058222536272396,46.86270434669777,47.853510389140055,14163030
2023-03-17,46.748069763183594,48.34482526257945,46.641618563581275,48.148300211287456,14249390
2023-03-20,45.52798080444336,46.6416153976338,45.265949502946725,46.6416153976338,12551950
2023-03-21,46.420528411865234,47.50140836991081,45.33146134180613,45.69175361993477,19185520
2023-03-22,48.43490219116211,48.60685966967911,46.379590190624945,46.67437622445975,16293840
2023-03-23,49.52396774291992,49.59766424899394,47.992721587448614,48.42671038785122,16487860
2023-03-24,49.2864990234375,49.82693900644344,48.18105459754436,49.753242503139916,14240590
2023-03-27,49.40932846069336,49.75324339986856,48.45946413636122,49.32744484384015,11943940
2023-03-28,48.320255279541016,50.01527478224662,48.148297820486384,49.37657074000726,18881400
2023-03-29,49.384761810302734,49.46664542352465,47.124737850926216,48.3038818727434,15799980
2023-03-30,48.96714782714844,49.87607031324815,48.96714782714844,49.319252990658406,11074200
2023-03-31,47.89445877075195,48.9589613878604,47.65699191327846,48.9589613878604,11388520
2023-04-03,47.927207946777344,48.34482248541055,46.23219158093559,47.8862661411775,15763840
2023-04-04,49.548526763916016,49.86788033761558,47.77981393598213,47.8453233224824,14496270
2023-04-05,48.958961486816406,50.38375638721775,48.90982944334544,49.85150663941759,16212460
2023-04-06,49.867881774902344,50.080781039845405,48.67236042609119,48.67236042609119,15777290
2023-04-07,49.237369537353516,50.10534709554532,49.16367303489764,49.982521673891966,8092130
2023-04-10,49.753238677978516,50.048024668528676,49.302872580708865,49.47483003397664,14314620
2023-04-11,49.4994010925293,49.884257830638646,49.31106627948437,49.83512891120238,13099830
2023-04-12,49.622222900390625,50.52295821625032,49.458455682652,49.69591939783679,21421650
2023-04-13,49.24556350708008,49.851512958728314,49.24556350708008,49.704119933291175,15715140
2023-04-14,49.573097229003906,50.27730755654333,49.34381748657687,49.37657218173211,15953520
2023-04-17,48.60685729980469,49.78599825399383,48.60685729980469,49.58947632345886,13360790
2023-04-18,48.61503982543945,49.45026576056266,48.57409802074566,48.65598163013325,9692350
2023-04-19,48.189239501953125,48.942581848283346,47.755250737747616,48.74605680725733,13905740
2023-04-20,47.73887634277344,48.18924248188588,47.29669731586606,48.18924248188588,6150880
2023-04-24,47.575103759765625,48.37757815934416,47.354017380315995,47.919021805822084,23748770
2023-04-25,46.39596176147461,47.90264331725429,46.28951056836715,47.747063207066105,17753950
2023-04-26,45.74089050292969,46.50242007081254,45.37240795013799,46.445100909673826,13784270
2023-04-27,46.92002868652344,47.067421698650534,45.69175566790418,45.74088771316649,16807880
2023-04-28,44.00492858886719,45.871902543686865,43.52180775203897,45.52798448041707,21458010
2023-05-02,43.071434020996094,44.66818937533628,42.94041837325666,44.2178232814607,17484750
2023-05-03,43.31709289550781,43.562746854779924,41.400987015329996,43.153322548106544,18769720
2023-05-04,43.227020263671875,44.20963925204829,42.5883162032144,43.15332376145216,11959580
2023-05-05,42.30171585083008,43.34984099235461,42.244396702381664,43.27614449811245,9259000
2023-05-08,43.39897537231445,43.423539830501326,42.07244152801176,42.571939668874855,11572510
2023-05-09,43.251583099365234,44.39797239670791,43.02230648936052,43.39897609827099,14387770
2023-05-10,42.83396911621094,43.60368563482475,42.5146155552933,43.398973495694115,9516620
2023-05-11,47.11655044555664,47.11655044555664,42.83397252860845,42.83397252860845,26895100
2023-05-12,45.96197509765625,48.29569247523033,45.60986993210512,47.255754326237415,18819810
2023-05-15,42.531002044677734,45.65900395316626,42.21165153876472,43.39898282570953,13876620
2023-05-16,44.831966400146484,45.0694332732229,42.4736812655688,42.53100042477209,18794070
2023-05-17,45.20044708251953,45.56892960772258,44.43891757165315,44.79102274866276,12741130
2023-05-18,44.226016998291016,46.48604116392004,44.193265424209066,45.20044895232161,17207580
2023-05-22,43.82477951049805,44.700947303863025,42.883102326691734,44.406161294196366,10386940
2023-05-23,42.98955154418945,44.02948964209756,42.94041950362152,43.80840014503116,7130400
2023-05-24,42.5391845703125,43.5791226469974,42.44092361484149,42.989550666852395,9694680
2023-05-25,41.83497619628906,43.08781358758028,41.83497619628906,42.678389276840974,8664380
2023-05-26,43.56275177001953,43.81659286965612,41.843167613772756,41.88411254798762,10993710
2023-05-29,45.60987091064453,46.14212066456077,43.84934504511758,43.84934504511758,15286810
2023-05-30,46.780826568603516,47.75525538589998,46.24857367024956,46.39596668445035,16839650
2023-05-31,46.936405181884766,47.73887649795874,46.019295552608746,47.116552887579246,18330190
2023-06-01,48.009098052978516,48.672363471787264,47.08379818787895,47.08379818787895,11913130
2023-06-02,49.155479431152344,49.37656892337104,48.55772034048376,48.778809832702464,13636370
2023-06-05,51.767616271972656,52.34899810444241,49.704117154861216,50.2281798277162,19573710
2023-06-06,54.28966522216797,55.378729123103035,51.374563052481065,51.7594197742436,33058330
2023-06-07,56.25489807128906,57.89259532224152,55.927363618953954,55.927363618953954,23157590
2023-06-08,56.729827880859375,57.040994335473705,55.46061634685072,56.4514223660137,17610950
2023-06-09,56.68889236450195,57.4995507440916,56.45960950455698,57.23751943718792,19716750
2023-06-12,56.2303352355957,57.319405438279674,56.132077395985924,56.95092604510421,16256620
2023-06-13,54.66633605957031,56.32040753643661,53.85567142118864,56.23033368772754,18939040
2023-06-14,53.19240951538086,55.50975277967165,53.19240951538086,54.72365879636884,15552130
2023-06-15,56.09113693237305,56.14845609248413,53.63459078934941,53.63459078934941,20308820
2023-06-16,55.2067756652832,56.39410998158842,54.780977106989994,56.18939781470679,11858410
2023-06-19,53.79835510253906,55.86185724876552,53.63458786752026,55.76359315936249,13906420
2023-06-20,54.56806945800781,55.07575783210013,53.339796574804176,53.79834978539147,11450240
2023-06-21,55.78815460205078,56.909979467935656,54.53531720470183,54.62539105328555,21707360
2023-06-22,59.9397087097168,59.95608917849067,55.06756255165736,56.197571251638166,34445930
2023-06-23,61.70024871826172,61.831267509872866,60.16081540074976,60.84046132576295,21751740
2023-06-26,62.64191818237305,63.98482939264101,61.13523975029448,62.06053642343062,18704080
2023-06-27,62.31438446044922,63.62454112341446,62.314384460449226,62.65829941310514,7521400
2023-07-03,63.46895980834961,64.92650938735157,63.04315501723393,63.05134525287982,16784820
2023-07-04,62.298011779785156,63.86200957791406,62.265257081484044,63.5017203912416,15782690
2023-07-05,65.75355529785156,65.79449398582253,62.47816038881428,62.64192763533814,28541220
2023-07-06,68.5949478149414,69.03712683016147,65.18035048594795,65.75354828226403,22930940
2023-07-07,68.86516571044922,70.33909568295404,67.53044474730025,68.59494417427017,17655700
2023-07-10,67.5713882446289,69.63489035320406,67.48132064013566,69.19271132993795,16247240
2023-07-11,68.3001708984375,68.7259694601055,66.98182403348522,68.61952138151841,14659690
2023-07-12,66.98181915283203,68.34929483944146,66.19571898541432,68.29197568632966,17158080
2023-07-13,65.81086730957031,67.13739810533929,65.3441238356295,66.94087618139561,16131940
2023-07-14,67.81704711914062,68.19371676054843,65.50789410194002,66.07290168771154,18833910
2023-07-17,67.1619644165039,68.37386318342593,66.97363272300058,68.2019057143196,16189430
2023-07-18,65.50790405273438,67.93169575300708,65.50790405273438,67.32574938976904,20329930
2023-07-19,68.37387084960938,68.6440924373539,65.46695527863203,65.66348347734817,22970090
2023-07-20,71.8949203491211,72.32890917256358,67.9726342178661,68.86517632685992,26236730
2023-07-21,75.00653076171875,77.20923550223728,71.61649804615169,72.46810134268183,34110730
2023-07-24,73.69638061523438,76.03009808525287,72.92666086299965,75.97277892800048,20281790
2023-07-25,72.33708190917969,74.18768148378375,71.81301930797979,73.79463765654332,19270790
2023-07-26,75.76805877685547,76.04647054511965,72.45990973476648,72.46809996988809,18622290
2023-07-27,79.01889038085938,79.14171892107063,76.61147348306726,77.79061747338488,18865590
2023-07-28,78.36381530761719,80.41093698490415,76.71793397714856,77.79062373690466,31313210
2023-07-31,77.75785827636719,80.88585951635959,77.73329381921134,78.46206853565563,33506410
2023-08-01,77.50402069091797,78.8714963438829,76.75068148360641,77.75786175597929,18795770
2023-08-02,78.9206314086914,80.05064655501137,77.55315564919351,77.62685527701935,19085770
2023-08-03,77.53678131103516,79.55114825707186,77.34025313533441,78.93701176447581,15590300
2023-08-04,78.28193664550781,79.05165644403591,76.93083500350508,77.70874503851027,14761270
2023-08-07,78.3228759765625,79.37919150300988,77.72511370290363,78.33106621245359,13685420
2023-08-08,77.2829360961914,79.1744807933778,76.9717758471211,78.34744187811137,14018030
2023-08-09,78.65040588378906,78.93700162739874,76.57871380039641,77.29930452412209,17598520
2023-08-10,75.94002532958984,79.35462909543894,75.83357724953015,79.27273922904875,19736060
2023-08-11,77.64322662353516,77.78242939087842,75.55516012410925,75.98915514450998,15662420
2023-08-14,75.82538604736328,78.03628121801674,75.80901182268568,77.79062411661538,16295110
2023-08-15,74.37601470947266,76.31668175938842,73.31969933862246,75.90725748761633,16687270
2023-08-16,74.10579681396484,75.80900336716721,73.81101082409063,74.84276178865038,18087100
2023-08-17,74.88371276855469,75.4323461576246,73.64725570233965,74.2859567028629,15184310
2023-08-18,73.09861755371094,75.02291691373694,72.11600165493473,74.9164625890345,13408600
2023-08-21,74.53160095214844,75.47327814378012,71.77208501555846,72.71376220719016,17502750
2023-08-22,74.8345718383789,76.46407877665501,73.53260558424505,74.6953690779971,20577710
2023-08-23,73.5326156616211,75.49784754116463,73.5326156616211,75.34227053654797,12879970
2023-08-24,70.3800277709961,75.29311888931535,70.3800277709961,73.53259956977236,25557280
2023-08-25,70.43736267089844,71.48549425830345,68.1282095787358,70.42098844566203,23188100
2023-08-28,71.44454193115234,72.18969717235665,70.10982093264823,71.25620400016382,17233060
2023-08-29,70.21627044677734,71.5837461677836,70.0934419020713,71.48548832987422,13822600
2023-08-31,70.6420669555664,70.9040982613176,69.4547389679824,70.53561888512094,12062940
2023-09-01,75.39958953857422,75.66162087178904,70.1917113245247,70.7649029136447,23873760
2023-09-04,73.69638061523438,75.71893783835694,73.69638061523438,75.5797350632182,15145110
2023-09-05,73.13955688476562,73.76188357156914,71.67381713742681,73.75369333629936,14595350
2023-09-06,71.9767837524414,73.40157838038436,71.65743334009761,73.20505649140007,13213330
2023-09-07,72.05867767333984,72.63186920135922,71.53461506277381,72.05867767333984,12600220
2023-09-08,74.17949676513672,74.50703747707485,71.72295079658004,72.14875559629543,18369230
2023-09-11,72.86933898925781,74.92465083237906,72.38622128861478,74.26956941906985,14944520
2023-09-12,71.64926147460938,73.40978743459232,71.3626656781749,72.8693442921846,15799210
2023-09-13,71.46910095214844,72.91846639444323,70.83040007818207,71.64924863399919,14107820
2023-09-14,74.59711456298828,74.59711456298828,70.68301881630784,71.64926052238826,19134040
2023-09-15,71.51005554199219,74.75269551152645,71.51005554199219,74.69537635476648,13595020
2023-09-18,69.35647583007812,71.5100517056385,68.97980621338874,71.5100517056385,11225660
2023-09-19,69.02075958251953,70.23265219355416,68.47213243769548,69.35648431020292,11267930
2023-09-20,67.65327453613281,70.25721337078679,66.72797160678563,69.0780693709981,16988570
2023-09-21,69.56118774414062,69.61032290949935,66.76891719958753,67.64508497276813,15751000
2023-09-22,68.7341537475586,69.97061064024547,68.35748413978784,69.56118633867044,12787730
2023-09-25,69.6185073852539,70.33090793841309,67.75972375434785,69.06169007006861,16145160
2023-09-26,68.37387084960938,70.42099273133421,68.37387084960938,70.33910910552925,14008800
2023-09-27,67.89073944091797,68.83241031941712,67.89073944091797,68.57856925623759,10372370
2023-09-28,68.26741027832031,69.6512601691561,68.17733643220852,68.78328264915412,14961260
2023-09-29,69.19271087646484,69.81503759927774,68.31654307147221,68.61951932079467,15035460
2023-10-02,69.45474243164062,70.21627192810055,68.91430556977971,69.39742327587781,15185450
2023-10-03,75.22762298583984,76.39857673147257,72.39440758498645,72.46810096013108,54412220
2023-10-04,73.63086700439453,75.94001988150997,72.88571800279576,75.33407364707635,18828320
2023-10-05,73.45072174072266,74.16312231850343,71.26439733461815,73.69637883576966,18484600
2023-10-06,75.08842468261719,75.42415565455248,72.38622767093172,73.25420530987482,20606310
2023-10-09,71.5673828125,73.96660992714905,71.5673828125,73.69638833722237,18940080
2023-10-10,72.79563903808594,73.3770207724338,72.03410961897588,72.45990812606206,13764330
2023-10-11,71.64926147460938,72.91028922624088,71.21527266182005,72.79565090766708,13100080
2023-10-12,70.76490020751953,72.77926717594944,69.39742443482712,71.97679898186867,15916460
2023-10-13,72.05867767333984,72.05867767333984,69.88053737222799,70.76489537030284,15360180
2023-10-16,71.9030990600586,72.71376373406086,70.96142809597272,72.5499902531576,17041840
2023-10-17,72.18151092529297,72.5581805607636,70.5110589023453,72.2633945421658,14367010
2023-10-18,69.19271087646484,71.29715165559591,69.19271087646484,71.23983250002888,13979560
2023-10-19,70.42098236083984,71.83759324319816,69.3073477213945,69.43017626567378,13851840
2023-10-20,68.53762817382812,71.09243816120237,68.300167567585,70.26539929152902,15204720
2023-10-23,70.88772583007812,71.7638936165209,68.97980701795342,69.68401734133576,12494950
2023-10-24,71.42816925048828,71.92766117079834,70.72395892390651,71.149757465707,12784020
2023-10-25,69.51205444335938,72.58273657360786,68.1937077489872,71.93584545515726,18778060
2023-10-26,69.80684661865234,70.83040741951234,68.32473257814924,70.09344239342927,27136300
2023-10-27,69.52025604248047,70.41279812885986,68.36567637405962,69.92149015717177,21265280
2023-10-30,69.08407592773438,70.43333796913605,68.94829771075065,70.43333796913605,14282930
2023-10-31,66.7249755859375,69.58474105515802,66.7249755859375,69.24530199906104,11870020
2023-11-01,67.27657318115234,67.92999459366057,65.36723549209675,67.00502319101271,16152480
2023-11-02,67.41234588623047,68.42216888981513,66.89470274836474,67.88755671144678,12679440
2023-11-03,68.5918960571289,68.6767542135981,67.03896654411938,67.41235020169867,11912700
2023-11-06,72.51238250732422,73.48826727627333,70.34847086236148,71.11220704998517,18109420
2023-11-07,71.9608154296875,72.85183576071961,71.5789440241633,72.46997082945758,7013220
2023-11-08,70.90006256103516,72.63967714375819,70.6454816590458,72.13052181404075,7458160
2023-11-09,70.90006256103516,71.49407603332862,69.16044150405084,70.81519794419785,7321700
2023-11-10,69.83932495117188,71.02735198690284,69.75446032782386,70.90006800040437,4491070
2023-11-13,67.63298034667969,69.16045306543722,67.63298034667969,68.90587212089018,10197030
2023-11-14,69.16043853759766,69.24529667653391,67.16624313842097,67.92997933736933,8310910
2023-11-15,69.16043853759766,69.79688429101112,68.39670233864928,69.24529667653391,6132450
2023-11-16,70.51819610595703,71.02735147103833,68.82100723951156,69.160446307653,8110910
2023-11-17,72.0456771850586,72.93669756062732,70.00904900991759,70.60306259363007,10138650
2023-11-20,71.40922546386719,72.68211716028456,71.28193499937306,72.4275362312963,7780200
2023-11-21,71.28193664550781,72.0880988154843,70.85763940357026,71.70623388744535,7414260
2023-11-22,70.77276611328125,72.08808339741265,70.77276611328125,71.32435370467991,6409720
2023-11-23,69.11801147460938,71.1122134993364,69.11801147460938,70.94249073432692,6975520
2023-11-24,69.54231262207031,70.05147447173074,68.73615048387772,69.16044770908685,7653760
2023-11-27,69.79689025878906,70.26361977423635,69.11801214073148,69.79689025878906,9509420
2023-11-28,71.62137603759766,71.62137603759766,69.79689659467766,69.88175474857256,8978260
2023-11-29,71.45164489746094,71.79108394759666,70.85763141541946,71.6213676596595,8131940
2023-11-30,71.36679077148438,72.3002433562155,70.64548679574949,71.36679077148438,11288520
2023-12-01,70.7303466796875,72.89426513424021,70.64548852885957,72.8518328216953,10337380
2023-12-04,72.34268188476562,73.06398592248854,70.2211956124851,70.90007380931979,12835300
2023-12-05,70.39090728759766,72.59725804483702,70.00904237344724,72.34267711922882,8729580
2023-12-06,67.08139038085938,70.56062615044394,67.08139038085938,70.4333356946976,16220620
2023-12-07,68.73615264892578,68.73615264892578,66.65709876961989,67.12382184749363,10635700
2023-12-08,68.69371795654297,69.96660962818437,68.39671119467901,68.9058665684832,7689550
2023-12-11,67.3783950805664,69.16044198407685,67.3783950805664,68.77857710270366,13223610
2023-12-12,67.71782684326172,68.3542725599305,67.03894882244411,67.42081366274112,7819730
2023-12-13,63.72943878173828,67.71783638613509,63.38999972349534,67.37839732789216,15491900
2023-12-14,65.42662811279297,65.7660671737031,63.64458113584172,64.36588509386227,11038330
2023-12-15,68.01483917236328,68.52399449293846,65.21447519780808,65.4266237875695,13237800
2023-12-18,65.51148986816406,67.67540833568704,64.0688818726567,67.42082740741542,11701360
2023-12-19,65.25691223144531,65.59635129449839,64.06887874789038,65.51148667303889,9958730
2023-12-20,64.74776458740234,65.68121726630434,64.06888638042139,65.25692000550686,9980830
2023-12-21,65.38420104980469,65.72363363008455,64.15373528637507,64.70532294072204,10453010
2023-12-22,63.347572326660156,65.51148413039682,63.347572326660156,65.38420015167102,6544190
2023-12-25,61.77768325805664,63.64458860063705,61.77768325805663,63.22029134329947,8276620
2023-12-26,62.456546783447266,63.30514118668503,61.77767514541395,61.90495912649042,9835310
2023-12-27,62.159542083740234,63.305143270977304,62.159542083740234,62.456548839799964,9130550
2023-12-28,63.39000701904297,63.98402705789918,62.6687029836754,62.711135298687374,7041640
2023-12-29,62.753562927246094,64.28103567152189,62.753562927246094,63.43244114120478,7954430
2024-01-02,64.91747283935547,64.91747283935547,63.17785169643934,63.347574464236445,9619610
2024-01-03,62.79598617553711,64.95990450507442,62.79598617553711,64.95990450507442,11447590
2024-01-04,63.64458465576172,63.64458465576172,62.24440249848257,62.880848345040185,9067720
2024-01-05,63.26272201538086,64.1537423480866,62.71113430031797,63.64458694736015,12137830
2024-01-08,65.6387710571289,66.40250725976111,64.57802812965669,64.57802812965669,18656090
2024-01-09,64.02645111083984,65.76607238955883,63.64458618344402,65.72364007573168,14110540
2024-01-10,65.17205810546875,65.55392302855161,63.644585464613215,64.02645038769609,14633660
2024-01-11,66.02064514160156,66.69951675886377,65.12961845575961,65.51148333582827,11785200
2024-01-12,66.78437805175781,67.37839802842436,65.0023310702814,65.17205383829824,12366250
2024-01-15,68.90586853027344,69.16044946155452,66.69952419813147,66.86924697707286,15672770
2024-01-16,69.41503143310547,69.49988958671686,68.69372094175334,69.16045049800917,8302000
2024-01-17,67.972412109375,69.37259420468894,67.71783766657533,69.07558745095851,8410860
2024-01-18,67.71782684326172,68.7361374002275,67.71782684326172,68.69370509607867,7548810
2024-01-19,67.63298034667969,68.09970992026182,67.33597356088303,67.88756129122673,5366960
2024-01-22,67.59054565429688,67.97241054684902,67.20867428748322,67.63297148999071,6173710
2024-01-23,68.52400207519531,69.58474514137481,68.05727253637158,68.14213716107545,12246740
2024-01-24,70.22119903564453,70.22119903564453,68.48157761786611,68.65130041247963,7830670
2024-01-25,71.19707489013672,71.53651396136708,70.39090628668191,71.06978442914262,11544030
2024-01-26,73.06398010253906,73.31856102463887,71.1122167720671,71.28193307062577,12646050
2024-01-29,73.19126892089844,74.08229565398794,72.55482310419497,73.61556613203408,12262510
2024-01-30,72.72454833984375,73.70043334028529,72.42754155038654,73.19127791917828,9524510
2024-01-31,74.84603118896484,76.07649708008756,72.63968681687236,72.85183543869398,13308510
2024-02-01,75.27032470703125,75.82191239131855,74.67631118503682,75.10060840767908,8937900
2024-02-02,76.20378875732422,76.75537000340387,75.27032962708613,76.07649828735882,8915750
2024-02-05,77.51910400390625,77.90097540225047,76.03406367251242,76.20378645208608,9481470
2024-02-06,79.5981674194336,80.40432961211931,77.73125561776105,77.90097840387435,12951660
2024-02-07,78.07068634033203,79.93759146746142,77.9433958829683,79.76787517381752,9909830
2024-02-08,79.17385864257812,79.7678721218662,77.77367661367182,78.11311566223416,7160800
2024-02-09,81.12562561035156,81.97422003404616,79.00413955111506,79.2162881570387,15252250
2024-02-12,83.62898254394531,84.60486094594015,81.67721279143241,81.80450324907657,14561780
2024-02-13,80.99833679199219,84.68972778921598,80.99833679199219,83.67141057560667,13652800
2024-02-14,82.31366729736328,82.6106740803879,80.8710592230938,80.99834321991699,10088960
2024-02-15,81.42262268066406,82.6106560274028,81.38019684908178,82.39850744670878,14673350
2024-02-16,81.846923828125,82.61066005067083,81.12561991348886,81.634775237099,11147320
2024-02-19,81.42262268066406,83.28953407532805,81.1256159625446,82.05906842274615,12700030
2024-02-20,83.6714096069336,84.64729449749642,81.33777492153895,81.46506538104919,13145600
2024-02-21,83.33197021484375,84.68972647864493,82.82281485304915,83.79869973980811,10792340
2024-02-22,86.89607238769531,86.98093053726956,83.84113368318992,84.26543090532294,11264370
2024-02-23,85.9626235961914,88.84783965490664,85.62318450861841,86.89607623132058,13606460
2024-02-26,87.15064239501953,87.91437865078956,85.45345359298011,86.55662890401032,9904630
2024-02-27,87.57493591308594,87.91437495407303,85.11401743301727,87.23550334636006,10603490
2024-02-28,87.74466705322266,88.59326149962855,86.4717753836138,87.57494427938438,10490820
2024-02-29,86.30204772949219,88.59325648977995,85.36859518608375,88.25381743556012,11881900
2024-03-01,85.53831481933594,86.98092265413912,85.28373391942421,86.55662547046039,8535590
2024-03-04,83.41683959960938,85.96262302819243,83.24711681981327,85.53832579009524,7588980
2024-03-05,84.13813781738281,85.5383199015662,82.6530975862741,83.45925969345704,17131560
2024-03-06,88.42354583740234,91.22391032547057,85.36860687949486,86.72635680809127,29122690
2024-03-07,89.69642639160156,90.37530450812778,87.15064316602049,88.67811569107374,20574550
2024-03-08,94.19398498535156,94.53342406393494,90.37530991837785,90.54502622053857,18270190
2024-03-11,95.6365966796875,98.26724478487468,93.5999750778502,95.55173852532131,18167930
2024-03-12,94.36370086669922,95.63659255001402,92.92109288198054,95.55173439931208,7872350
2024-03-13,91.98764038085938,94.61828190119722,90.88446499768773,94.44856559959939,12485210
2024-03-14,93.76968383789062,94.02426475475698,91.64819777820983,92.32707590701236,8250020
2024-03-15,91.7330551147461,95.12743278022614,91.7330551147461,93.85454115567113,10363250
2024-03-18,90.6298828125,92.66650415495148,90.6298828125,92.49678786783431,8129800
2024-03-19,94.19398498535156,94.44856591285458,89.86615453763375,90.62989084588087,11958580
2024-03-20,96.2306137084961,97.84294448823317,93.00595214902194,94.19398569589463,15846380
2024-03-21,102.42533874511719,102.42533874511719,96.99433991008664,96.99433991008664,19658080
2024-03-22,97.07920837402344,102.34049148266533,95.89117482470566,102.34049148266533,10917560
2024-03-25,93.93939971923828,97.84293923126852,93.93939971923828,97.07920295829472,11609380
2024-03-26,93.85454559326172,94.95772097640724,92.24221483107284,94.19398467071126,9761320
2024-03-27,93.00595092773438,94.27884260961284,92.41193739922917,94.10912630840046,6606540
2024-03-28,98.01265716552734,98.26723808553211,92.7513742623639,93.59996869669747,12057910
2024-03-29,96.0608901977539,98.52181542444049,94.78799850887415,98.2672409712217,10715890
2024-04-01,97.50349426269531,98.60666305749625,95.04256929850673,97.24891336236982,7890810
2024-04-02,95.89116668701172,98.60666616278004,95.46686948928158,97.4186391885448,8297340
2024-04-03,96.6549072265625,97.16406259157868,95.12743465725221,95.89117094190735,5039690
2024-04-04,98.86125183105469,99.6249881185933,96.14575222454158,96.99434666085965,10907570
2024-04-05,103.44366455078125,103.44366455078125,98.60667231053264,100.89788120568046,13068200
2024-04-08,102.67819213867188,105.14176762158098,102.06230162429618,103.82199647988749,10734170
2024-04-09,102.67819213867188,102.67819213867188,102.67819213867188,102.67819213867188,0
2024-04-15,100.56656646728516,102.23827125623173,100.21462614387939,102.06230445088052,9173730
2024-04-16,101.4464111328125,102.7661822748038,99.59872616386215,100.47857359185636,10159870
2024-04-17,98.366943359375,103.29408752467022,98.366943359375,101.88633300782917,11018620
2024-04-18,98.2789535522461,99.77469818509135,97.92701995647361,98.98283416919716,7912960
2024-04-19,98.54291534423828,100.74253399031502,96.6072536207721,97.48710107920279,10127070
2024-04-22,98.71887969970703,100.56656468669719,98.10298917917912,99.0708200168815,8142430
2024-04-24,97.22313690185547,99.51073878053502,96.95917999894122,98.89484829067229,9112050
2024-04-25,95.9913558959961,97.83903420699279,95.55143216896339,97.31112707709421,8042070
2024-04-26,97.57508087158203,98.19097138461015,96.25530973277624,96.25530973277624,8555800
2024-04-29,97.31112670898438,98.54291448255701,95.37546500244406,98.54291448255701,11511710
2024-04-30,98.0150146484375,99.33478592275388,96.95919360136209,97.57509089033204,15968490
2024-05-02,100.2146224975586,101.5343936277827,98.98283476680879,99.33477507740918,10484920
2024-05-03,99.68671417236328,101.2704354816974,98.8948501613447,100.39058807227744,6301110
2024-05-06,100.91849517822266,101.79834258766734,98.71887665461098,99.68671417516254,9822060
2024-05-07,100.91849517822266,102.32625640349654,99.51074066565178,101.27043548454112,9225830
2024-05-08,98.54291534423828,101.18245771953038,98.45493194093588,100.9185007969198,7023830
2024-05-09,100.39058685302734,100.7425271550616,98.63089205555902,98.63089205555902,8260700
2024-05-10,101.09446716308594,102.50222165442588,100.47856995814146,100.47856995814146,8581850
2024-05-13,100.7425308227539,102.85416599913393,100.03865019305951,101.53439485298432,8333090
2024-05-14,104.34990692138672,104.78983064931221,100.47857677310168,101.62238115078932,11872070
2024-05-15,104.78982543945312,105.14176574683671,102.76618041922788,104.34990173339942,7942380
2024-05-16,105.75765228271484,105.75765228271484,102.50221966512669,104.96579501168725,9227050
2024-05-17,106.19757843017578,106.37355193769027,104.52587374135727,105.84564484055268,13961410
2024-05-20,106.8134765625,107.34138366420962,105.1417651465004,106.19757934991962,10024990
2024-05-21,106.90145874023438,109.89294123270744,106.02161134319542,106.90145874023438,15932760
2024-05-22,107.5173568725586,109.36504190778713,106.02161887639619,106.63750941300344,8463080
2024-05-23,102.76618194580078,108.22123329681936,102.76618194580078,107.78130958423067,10864800
2024-05-24,98.80686950683594,103.99796399640937,98.27895567636124,103.38207347779316,13487690
2024-05-27,98.71887969970703,100.03865085458388,98.19097258029693,99.0708200168815,6783660
2024-05-28,98.19096374511719,99.51073478124162,96.95917610219387,98.89484431613127,9865560
2024-05-29,95.72740173339844,98.36694398656894,95.72740173339844,98.01500367693893,12258940
2024-05-30,95.1994857788086,96.87119717755427,94.31963838080593,95.72739958777255,11150890
2024-05-31,96.16732788085938,98.01500616239132,95.19949032665876,95.99135436523052,10388640
2024-06-03,95.02352142333984,96.60724946547674,94.67158111256462,96.34329255421956,8176260
2024-06-04,89.74443817138672,96.07933700428568,89.0405575398632,95.02352276970359,19779980
2024-06-05,92.1200180053711,94.58359335457128,89.83241615980108,90.44831335345253,17644270
2024-06-06,89.39250183105469,92.91189171977892,89.12855161702247,92.29600117433357,12806030
2024-06-07,90.18435668945312,91.32816097157121,89.12854251573089,89.74443299828506,8064340
2024-06-10,89.65645599365234,91.0642105631998,88.95257535252698,90.80025364460197,7896340
2024-06-11,88.6886215209961,90.36032622809795,88.24869781645286,89.65645232845058,9870000
2024-06-12,93.7037582397461,95.46345323016386,90.71227541349515,91.32817268776357,15393490
2024-06-13,92.99987030029297,96.60725011927322,92.82390350006605,95.19948886664525,10040720
2024-06-14,94.93553924560547,95.81538667751525,92.82390406648136,94.93553924560547,13009420
2024-06-20,96.34329223632812,97.57507996362544,94.93553771057536,96.51925903478356,8444050
2024-06-21,95.2874755859375,96.69523007572721,95.19948547625454,96.43127317208412,8656440
2024-06-24,95.63941955566406,96.4312836398485,94.05569809999884,95.55143614913327,12135840
2024-06-25,98.45492553710938,99.2467895407323,95.28747623532068,95.9033667310813,20754340
2024-06-26,96.95917510986328,100.21461432660726,96.95917510986328,98.45491962978431,11713830
2024-06-27,99.5107421875,100.2146228109016,96.95918331854809,97.04717343100062,9520870
2024-06-28,98.89485168457031,100.6545465305139,98.89485168457031,99.59872559532587,11705860
2024-07-01,96.78321838378906,100.65454846168127,95.46344722401011,99.15880378630986,9064250
2024-07-02,97.04717254638672,97.22313934428158,94.9355374081332,96.78321563684138,6899430
2024-07-03,98.10298919677734,98.10298919677734,95.99135400605495,97.04717495776777,7645110
2024-07-04,99.07081604003906,99.6867132485472,97.83902833572573,98.10298524118679,9547580
2024-07-05,98.80686950683594,99.86268374237892,97.92702207298237,99.07081970937008,6527080
2024-07-08,97.22313690185547,99.33477198706078,96.95917999894122,98.80686489393517,6799060
2024-07-09,93.79173278808594,97.57507934522808,93.70374938941583,97.04717224050437,10467910
2024-07-10,91.41614532470703,93.967704102746,90.71226472638494,93.79173059681403,14040450
2024-07-11,94.84756469726562,95.11151492385164,91.24018451958908,91.76809839816873,9752980
2024-07-12,94.0556869506836,95.199484525406,93.52777986137303,94.84755094100086,8832330
2024-07-16,92.99987030029297,96.25530980611623,92.64793669983912,94.31964144010433,13117940
2024-07-17,92.6479263305664,93.7037404391662,91.85606239276538,93.35180016539881,10013500
2024-07-18,93.08786010742188,94.14367433072256,92.38397948341934,92.82390319524514,6836190
2024-07-19,92.2959976196289,93.26382845921216,91.85607390048168,93.26382845921216,5813480
2024-07-22,93.351806640625,93.96770384061445,92.12001895334897,92.64793275696931,10521470
2024-07-23,91.5041275024414,93.3518056575463,91.41614410699884,93.3518056575463,8341800
2024-07-24,88.86458587646484,91.7680849317671,88.86458587646484,91.50412803121132,9431190
2024-07-25,87.89675903320312,89.48048036937698,87.85276397690532,88.6886230576416,6594010
2024-07-26,88.16071319580078,89.2165341800801,87.58881771444084,87.98474638810593,7581470
2024-07-29,86.62097930908203,88.16071235621038,86.35702910005348,88.16071235621038,6390300
2024-07-30,87.50082397460938,87.67679748772083,86.48900480320684,86.6209765471615,7851520
2024-07-31,87.45683288574219,88.24869688813068,86.35702363595344,87.1048925832692,7433930
2024-08-01,86.79694366455078,88.86458362415647,86.5329867706851,87.89675286782004,9100560
2024-08-02,83.45352935791016,86.40101697526944,83.18957915031724,86.13706676767652,9532870
2024-08-05,78.30642700195312,80.8139910184637,77.42657950754916,77.42657950754916,11480910
2024-08-06,79.58219146728516,81.25390280307606,78.74633915574104,79.75816496788049,11983090
2024-08-07,77.42657470703125,79.01030278384728,76.15079860432624,79.01030278384728,24272330
2024-08-08,78.92230987548828,78.92230987548828,76.98664826142509,77.42657196577608,15841450
2024-08-09,76.458740234375,80.19809167615057,76.458740234375,78.9663039763192,9638200
2024-08-12,75.93083190917969,77.73451501839926,75.22695131703856,76.634705788618,10203250
2024-08-13,77.42657470703125,78.08646028692071,76.32676540721546,76.72269407006785,14778650
2024-08-14,77.42657470703125,78.4823889497731,77.07463438854954,77.82250336988363,9155230
2024-08-15,78.30642700195312,78.61437228245379,76.67871047984652,77.91049831455281,8671570
2024-08-16,77.82250213623047,79.45022524431754,77.82250213623047,78.48238770565933,9050150
2024-08-19,80.81398010253906,81.25390379031849,77.99847118583187,78.13044963470625,8475000
2024-08-20,81.60585021972656,82.22174074385075,79.89015039344973,80.55003597474132,8196670
2024-08-21,82.52969360351562,84.46535531097753,81.4738726345064,81.64984615235961,12988990
2024-08-22,82.48568725585938,83.67347980980327,82.00176853887737,82.96960597284138,8425820
2024-08-23,79.62619018554688,83.01360135366214,79.1862664828643,82.48569425298363,11022450
2024-08-26,78.04246520996094,80.63801918448677,77.91049346417927,79.97813360476545,7437180
2024-08-27,79.49421691894531,79.71417878463842,77.33859332023431,77.95448385909363,7264680
2024-08-28,80.94596099853516,81.47386809728935,79.18626619421917,79.45022309994776,8198390
2024-08-29,84.81729125976562,84.81729125976562,80.24208072208604,80.94596133179152,12457010
2024-09-02,84.2453842163086,86.62096938902425,84.02542237762371,84.72930294649638,10813460
2024-09-03,82.35371398925781,85.16922965215467,82.17774719713425,84.55333245431653,8066720
2024-09-04,81.73783111572266,82.39771671669023,80.33007650953256,80.94596705202089,7819580
2024-09-05,83.36554718017578,84.37737310590593,80.94596665515749,81.78181906053698,9213070
2024-09-06,82.13375854492188,84.90527936947119,82.00178008419032,83.36554632391083,8772310
2024-09-09,80.6820068359375,82.17775149808212,80.24208311990141,82.13375644139722,5608400
2024-09-10,78.70234680175781,81.3858840417284,78.70234680175781,80.76999355027756,8507110
2024-09-11,75.62287902832031,78.74633988771875,75.62287902832031,78.52637804445696,12361740
2024-09-12,77.91049194335938,79.18626802083604,75.66687833102111,77.42657317592858,14922330
2024-09-13,80.59402465820312,80.72600311755723,76.94265641715715,77.91049397728506,11682630
2024-09-16,78.70234680175781,80.37405819488525,78.52638000782983,80.3300698527547,7670130
2024-09-17,80.28607940673828,81.03394839291792,78.70235131966103,78.70235131966103,7194110
2024-09-18,80.63802337646484,81.47387580248245,80.15410457443132,80.28608303977715,5979310
2024-09-19,81.51786041259766,81.86980070417245,80.9019632241661,81.20991517473324,6342590
2024-09-20,80.41805267333984,81.69382870193111,80.15409577163682,81.60584530559773,8401980
2024-09-23,80.24208068847656,81.38588500059312,80.02211883712361,80.94596129788721,7181550
2024-09-24,81.29790496826172,82.17775241009852,79.75817194504731,80.15410060879256,9561880
2024-09-25,80.33007049560547,82.2217370399297,80.24208038523442,81.64984159873566,10836470
2024-09-26,81.64984130859375,82.48569365252483,80.59402040221967,80.59402040221967,11125830
2024-09-27,81.9577865600586,82.35371520453066,81.16592255841155,81.82580810766693,7547980
2024-09-30,80.7699966430664,81.69383241561754,79.84615415781211,81.69383241561754,9411760
2024-10-01,78.8783187866211,80.68200188404533,78.57037354683673,80.68200188404533,8968640
2024-10-02,77.42657470703125,79.40623144669966,77.42657470703125,78.65836246536557,8727060
2024-10-03,75.71086883544922,77.9544756001976,75.66687378189029,77.42656852100401,10027540
2024-10-04,77.6905288696289,77.6905288696289,75.62288208911897,75.8428439412836,7028590
2024-10-07,80.46204376220703,81.82580994639484,77.77851316255465,78.04246336056632,13202670
2024-10-08,82.00177764892578,83.36554384814558,80.02212093485373,80.1101110478639,13060810
2024-10-09,84.72930908203125,84.81729248133585,81.29790280752692,82.00177671466686,12801070
2024-10-10,83.98143005371094,85.56515802878499,83.58550141629382,84.641315591208,9635610
2024-10-11,82.52969360351562,85.52116956728341,82.22174162544836,84.02543158539952,10447550
2024-10-14,79.80216217041016,82.92562334763038,79.80216217041016,82.5296946745533,8920180
2024-10-15,80.1980972290039,81.82581368558508,79.05429284724232,79.8901519608999,11481110
2024-10-16,80.55003356933594,81.29790252992603,79.49421264317664,80.19809326061618,7183200
2024-10-17,85.16922760009766,85.47717283524571,80.50603388144646,80.7259957226526,14584680
2024-10-18,85.12523651123047,86.44500761993172,83.49752015303953,83.8934488005687,14282220
2024-10-21,84.68531036376953,85.56515774417232,83.18957250216589,85.16922910807219,10576310
2024-10-22,87.63279724121094,89.216525201902,84.59732648137293,84.68530987636628,16867810
2024-10-23,87.9847412109375,88.77660522437654,87.19287719749846,87.63280090355315,12849690
2024-10-24,88.95256805419922,89.83241542706509,88.16070407607938,88.24869418352816,9874990
2024-10-25,89.30451965332031,89.3925030592065,87.14889600194229,89.04056272295813,9812590
2024-10-28,88.33667755126953,89.39249171330472,87.98473725969022,89.30450831858558,2249080
2024-10-30,86.40100860595703,88.33667683765485,86.0490750299235,88.33667683765485,12643240
2024-10-31,86.09307098388672,87.23687534525168,85.30120694238046,86.48900636099148,8112760
2024-11-01,85.74113464355469,87.06090586975228,85.74113464355469,86.0930749797481,6576810
2024-11-04,85.16922760009766,86.5329869879541,84.02542334074467,85.74112301707147,8172980
2024-11-05,85.87310791015625,87.19287905645794,84.6413201644007,85.7851245096101,7451900
2024-11-06,86.9729232788086,87.32486361829964,83.32155484290823,84.99326642096301,20570730
2024-11-07,88.4246597290039,88.68861662223124,85.60915086052464,86.97291024165884,11363880
2024-11-08,92.38397979736328,93.35181062412836,87.9847426641555,88.42466637747629,13935780
2024-11-11,91.24018096923828,93.79174000317269,90.88824734748475,93.17584945240046,7214720
2024-11-12,94.23165893554688,94.23165893554688,89.30451464263196,91.32816642798963,14077890
2024-11-13,96.78321838378906,98.54291326349431,93.35181202582316,94.14367606423117,15035340
2024-11-14,98.2789535522461,98.98283416919716,95.90336821726659,96.78321563210389,15482660
2024-11-15,94.75956726074219,98.54291396408759,94.75956726074219,98.19097364310376,11511470
2024-11-18,96.69522857666016,97.66305935384236,94.23165322319383,95.11150060475997,11910980
2024-11-19,92.38397979736328,99.158802297422,92.38397979736328,97.92702127028633,33618800
2024-11-20,87.10489654541016,94.58359978415749,87.10489654541016,93.26382862437855,19467920
2024-11-21,89.48048400878906,89.83242433537643,87.10489855155528,87.45683887814265,13714330
2024-11-22,89.3243179321289,89.94896760645366,88.69967506590079,89.94896760645366,12995920
2024-11-25,88.61044311523438,90.48437855948805,88.38735540024949,89.68126142392312,14215670
2024-11-26,88.52120208740234,89.6812609220708,88.43196836352709,88.61044261937433,9242550
2024-11-27,86.82574462890625,89.32432304493055,86.82574462890625,89.23508931723272,11824200
2024-11-28,86.37956237792969,88.61043943512729,86.11185440782738,87.45038064214594,10869200
2024-11-29,86.29032897949219,87.45038786833132,85.66568607510007,86.46880324367355,11596930
2024-12-02,87.09344482421875,87.49500680645015,85.13027560474396,86.24571420855848,9865610
2024-12-03,88.74429321289062,89.94897235985866,87.36115341940794,87.53962087401958,14915780
2024-12-04,88.92276763916016,91.82290803456415,88.78891364390672,89.10123509410006,17827290
2024-12-05,88.65505981445312,89.59203097488243,87.8965629173945,89.32432298387491,8525610
2024-12-06,89.0566177368164,89.77049433342995,88.65505576863063,89.19046491811496,9744070
2024-12-09,88.47659301757812,89.6812653698825,88.34273902107829,89.32432364858197,8990100
2024-12-10,87.36115264892578,88.56582497717221,87.13806492858025,88.56582497717221,10937510
2024-12-11,88.78890991210938,90.21666991591088,88.78890991210938,89.4135527862423,19118970
2024-12-12,88.07503509521484,89.50280204634855,87.85194736011238,88.96738603562471,7815340
2024-12-13,88.5658187866211,88.5658187866211,87.80732195208293,87.89655567236451,5923300
2024-12-16,87.53961181640625,89.01199199294642,87.40575783524872,88.56581659448554,7761460
2024-12-17,86.82574462890625,87.89656297747423,86.33494891442265,87.5396212585859,7574490
2024-12-18,85.39797973632812,87.00421410457453,85.39797973632812,86.82574664503478,6382310
2024-12-19,84.99642944335938,85.97801414355294,84.86257543694717,85.39798465449843,6107170
2024-12-20,84.72870635986328,85.71029769355903,84.01482979947116,85.04103458863722,7411460
2024-12-23,83.03324890136719,85.1302720267828,82.76554092446449,84.77333032694476,7423490
2024-12-24,83.21172332763672,83.79175278751852,82.40860613765403,83.07786932795673,6368840
2024-12-25,83.83636474609375,84.05945247219628,83.47942983080739,83.8809850145531,4318080
2024-12-26,84.72870635986328,85.53182344738873,84.01482979947116,84.23791750111177,7725360
2024-12-27,85.26412963867188,85.84415226644896,84.7287136621131,85.13027564453218,7261410
2024-12-30,83.83636474609375,85.62106655491404,83.79175128573151,85.3087450999899,5743700
2024-12-31,83.61327362060547,84.77333247241408,83.43480617021807,84.10406932131608,8079090
2025-01-02,83.92559814453125,84.14868585165856,83.21171475848526,83.9702116010988,9007040
2025-01-03,84.90718078613281,85.21950220747286,84.10406369690385,84.32715139901765,9809540
2025-01-06,84.50562286376953,86.29032456571268,84.41638914029171,85.0856522785204,12921550
2025-01-07,84.23793029785156,85.30874870515792,84.19331002750654,84.77333950150474,12017620
2025-01-08,83.97021484375,85.26412767991292,83.47942595397521,84.23792282587938,11981600
2025-01-09,84.10407257080078,84.95180320503951,83.52404312248619,84.37178056482202,8499110
2025-01-10,82.31937408447266,84.19330969388183,82.09628634982639,84.148696231811,9768580
2025-01-13,81.56087493896484,83.74713195603775,81.38240067122393,82.31937185459643,15259750
2025-01-14,81.11469268798828,82.5424526698474,80.75775099049935,81.82856927486954,9436030
2025-01-15,81.38239288330078,81.38239288330078,79.91001946189654,81.20392544073559,10593410
2025-01-16,82.40859985351562,82.94400900331026,81.20392756445351,82.45322011937215,10788210
2025-01-17,82.27474975585938,82.98863319475197,81.82857430857577,82.45322401963104,7971850
2025-01-20,82.3639907836914,83.2117214153543,81.73934106890556,82.31937051545775,10653150
2025-01-21,82.7209243774414,82.8547783719098,81.82857349178143,82.3193692021332,8318810
2025-01-22,82.76554107666016,82.98862878845709,82.09627794126938,82.98862878845709,7736390
2025-01-23,85.3087387084961,85.48721296086475,82.54245247369954,82.98862789247629,17930640
2025-01-24,83.21172332763672,85.44260062864575,83.1224895972158,85.30874662896576,9731830
2025-01-27,81.56087493896484,83.2117227690094,81.29316694140208,83.2117227690094,9180560
2025-01-28,82.00704193115234,82.40859707794955,80.980837123886,81.65010024061235,8953090
2025-01-29,82.23013305664062,83.65789307008404,81.87319135125558,82.3193667809627,11913560
2025-01-30,83.97021484375,84.72871171565417,82.31936710887697,82.72092227397424,13615140
2025-01-31,82.94400787353516,84.05944642378762,82.49783245343416,84.0148329666355,9701410
2025-02-03,78.88381958007812,82.05166113634583,78.43764413766603,82.05166113634583,22814620
2025-02-04,79.99925994873047,81.11469857933714,78.61611332353934,79.24076304153735,16618650
2025-02-05,81.20392608642578,82.27474436652463,79.95463355424606,80.0438672762382,17640950
2025-02-06,82.00704193115234,82.63168478352499,80.89160340327513,81.60547997625866,13032520
2025-02-07,82.31937408447266,82.49784154895072,81.38240287571938,82.00705261758735,8644070
2025-02-10,81.91781616210938,83.56866398199223,81.87319589342451,82.40860507715718,16144670
2025-02-11,81.9624252319336,82.76554236855782,81.15930809530937,81.91781177373583,12590370
2025-02-12,80.17771911621094,82.09627472409994,80.04386513275888,82.00704100449738,13683240
2025-02-13,81.65010070800781,82.14089638632188,80.44542845262372,80.44542845262372,14509520
2025-02-14,81.73933410644531,82.58707147399602,81.07007098852993,81.6501003856759,9907660
2025-02-17,80.9808349609375,82.31936115863896,80.9362146977756,81.73933177801572,10396690
2025-02-18,83.39019012451172,83.83636558116099,80.98084538184447,81.2485533790729,25884980
2025-02-19,83.43480682373047,85.2195085739707,83.34557309783784,83.70251480950526,19953960
2025-02-20,81.82857513427734,84.32716038751668,81.20393222501606,83.74713093857571,13684700
2025-02-21,80.66852569580078,82.36399382993069,79.5530870296755,81.91781836348058,14878550
2025-02-24,79.59770202636719,81.82857940163642,79.59770202636719,81.4716444680713,9827450
2025-02-25,79.28536987304688,80.44542867512698,78.92842817947634,79.77616555271842,11058180
2025-02-26,79.37460327148438,80.2223406412775,78.79458068090065,79.37460327148438,10206040
2025-02-27,79.46383666992188,79.86539178246126,79.0622747492866,79.37459614882788,13861160
2025-02-28,78.74996948242188,80.04387560620292,78.34841428762012,79.41923267915634,14711060
2025-03-03,79.50846099853516,80.66851985048545,79.01767210586144,79.01767210586144,21093420
2025-03-04,79.1069107055664,80.31158309030148,79.1069107055664,79.59769962848212,9972700
2025-03-05,82.98863220214844,83.56866163829898,79.50846239334219,79.50846239334219,19383240
2025-03-06,86.91497802734375,86.91497802734375,83.16710020535986,83.88098364043212,18793170
2025-03-07,87.71809387207031,88.29811649524427,86.29032702337376,86.87035645464462,13555680
2025-03-10,88.61044311523438,89.23508599395335,87.4057640078386,87.76270571343376,12663460
2025-03-11,91.4659652709961,92.89372531848494,89.41355552216423,89.77049723606068,17935020
2025-03-12,92.00137329101562,92.89372416058532,90.75208071199869,91.46596413089318,11080090
2025-03-13,93.42913055419922,93.42913055419922,91.82290312139352,92.26907854296677,9658230
2025-03-14,93.87530517578125,94.49995484551862,92.89372061830436,93.42912975801025,9502450
2025-03-17,95.03536987304688,95.39231159099697,93.69684353680678,94.58919442763352,7627830
2025-03-18,95.6600112915039,96.5523621685071,93.25066664683403,94.41072551017695,12349310
2025-03-19,90.3951416015625,95.03536318402264,88.25349825269761,88.25349825269761,27026130
2025-03-20,93.96454620361328,95.74924788415221,89.6812594470812,90.21666858962355,23445050
2025-03-21,88.83352661132812,93.87530328406449,87.49500038498826,93.87530328406449,21999710
2025-03-24,92.98295593261719,93.25066391110306,88.87814338044635,88.87814338044635,20278630
2025-03-25,93.16143798828125,96.10619195771392,91.01979440535924,94.053788913824,15970790
2025-03-26,92.26908111572266,95.48154287900438,90.66284683003339,91.91213940689207,20651900
2025-03-27,91.73367309570312,93.25066686695064,91.37673138243991,92.80449142739585,12952510
2025-03-28,94.49996185302734,94.49996185302734,90.75208398097445,91.73367541933642,9910790
2025-04-02,92.89372253417969,94.23224881509898,91.64442997703567,93.42913168492807,12455120
2025-04-03,97.62051391601562,99.16284963053135,94.53584940878179,94.53584940878179,14891390
2025-04-04,95.08020782470703,97.71123849587924,94.53584996824605,97.62051449373497,10783340
2025-04-07,93.99149322509766,95.71527684650313,91.81408269920638,93.26569433099873,12225410
2025-04-08,93.62859344482422,96.0781829639547,93.0842425256166,95.08020512510782,10168900
2025-04-09,90.54393768310547,93.81005018343323,90.54393768310547,93.08424432922813,10183500
2025-04-10,91.17901611328125,93.99150179311243,90.68002370414115,93.90077778830457,9101970
2025-04-11,90.13566589355469,91.4511880894411,89.77276298014473,91.26973317183744,8622630
2025-04-14,90.36248779296875,91.08829368761027,89.77277136879728,90.36248779296875,6023740
2025-04-15,86.37056732177734,91.17901569427413,86.00767130421355,90.45320981555082,12082560
2025-04-16,82.65082550048828,86.50665441663102,82.28792257108003,86.37056495287821,16781460
2025-04-17,83.24054718017578,85.14577902827794,81.8343008351157,82.65083074767323,18699980
2025-04-18,83.05909729003906,84.41997813965108,82.56010487646215,83.4673587762035,12244390
2025-04-21,83.7848892211914,84.96432196053533,82.65082194174433,83.14981431341998,15706040
2025-04-22,82.92300415039062,84.78287040946044,82.74154922539512,83.83025800997521,6627380
2025-04-24,83.6488037109375,84.23852010843994,82.60546730204587,83.05909423523273,9708350
2025-04-25,84.19316101074219,84.73751194260264,83.42198969199244,83.6488031570841,8207730
2025-04-28,83.5580825805664,84.7828739579077,83.5580825805664,84.32924700912959,7191110
2025-04-29,83.01372528076172,83.60344165345448,82.15183691268588,83.10444927922273,7491630
2025-04-30,80.33733367919922,83.4673567901092,80.29196821657244,83.01372985103252,12630090
2025-05-02,81.28994750976562,82.9683658291352,80.83632056281179,81.19922350473443,11081080
2025-05-05,80.01978302001953,81.92502155242728,79.20326013104162,81.38066373071236,8675370
2025-05-06,79.61153411865234,81.97039300447497,79.11254167739446,80.38269859185228,14615020
2025-05-07,79.15789794921875,81.19921909977167,78.25064410452856,79.47543541050081,11483716
2025-05-08,82.51473236083984,83.19517272749371,78.56817961860689,79.15789598739971,9947869
2025-05-09,83.01372528076172,84.01170310742779,81.4713965415321,82.46937436819817,10120489
2025-05-12,88.86551666259766,89.45523308146828,84.60142610485242,84.60142610485242,14760362
2025-05-13,88.68406677246094,91.08829093888721,86.27984260603466,88.86551477974686,13610285
2025-05-14,87.59536743164062,90.90683865256229,87.59536743164062,88.50262133804064,9606118
2025-05-15,84.82823944091797,88.63870304280688,84.0570750121783,87.32318765976851,9925309
2025-05-16,87.77680969238281,87.77680969238281,84.69214522839435,84.69214522839435,8154400
2025-05-20,83.42198944091797,88.04898965230004,83.19517597650895,87.82217618789102,14283341
2025-05-21,81.42603302001953,84.51069749371682,81.38066755881025,83.01372725717869,10429966
2025-05-22,80.20124816894531,82.74155499999358,79.47544226190402,81.51676358843477,15330007
2025-05-23,78.84036254882812,81.1992212223238,78.43209415496688,80.2012433514369,11354524
2025-05-26,80.01978302001953,80.20123793452358,77.3887525167845,79.43007358282375,14416536
2025-05-27,78.15991973876953,80.70022633893942,77.34338989800877,80.1558754190314,14186464
2025-05-28,77.43412017822266,78.88572505631332,77.11658269267126,78.15992607816702,9317637
2025-05-29,76.57222747802734,78.38673520536544,76.43613801411746,78.0238322755383,10409192
2025-05-30,72.71640014648438,76.75367715931803,72.71640014648438,76.57222915133815,18105724
2025-06-02,73.7143783569336,74.12263983757593,71.53696764264615,72.71640046507622,11363108
2025-06-03,77.29802703857422,77.797019436331,74.25872795515873,74.3040934174267,12426190
2025-06-04,79.79297637939453,79.92906584643991,76.48150523814473,77.29802819682133,8635717
2025-06-05,79.4300765991211,79.6568900595163,78.70427075713742,79.52080059891968,2883459
2025-06-10,78.70427703857422,80.74559834505021,78.34137408861888,80.38269539509487,12728394
2025-06-11,78.47746276855469,80.88168700073706,78.15992528622071,78.70427624476439,18400169
2025-06-12,75.71033477783203,78.2506484528465,75.1206252834518,77.66093203666837,15134940
2025-06-13,75.07525634765625,75.07525634765625,72.12668132493863,72.39886024960083,13495602
2025-06-16,75.4835205078125,76.07323691776998,73.53293019135,74.98453502384682,8195575
2025-06-17,76.300048828125,76.98048922835524,75.02989203000234,75.48351896348917,10597477
2025-06-18,75.25670623779297,76.20932557621475,73.80510142070081,76.20932557621475,7964097
2025-06-19,74.12264251708984,75.75570234228958,73.71438102168896,75.25670991742352,7898311
2025-06-20,75.89178466796875,75.89178466796875,74.62162791484592,74.62162791484592,10275648
2025-06-23,77.11658477783203,77.75165976610664,73.75974797386922,74.98453940656925,10941383
2025-06-24,78.56818389892578,80.38269164218872,77.57020602449072,79.83834070356939,12263914
2025-06-25,78.7496337890625,80.11051450946015,78.65890287026482,79.56615668386326,11158754
2025-06-26,76.70832061767578,78.84036591510268,76.66295515359943,78.74964190874796,7662375
2025-06-27,76.34541320800781,76.98048813716821,74.75771896330924,76.79904013506454,11010975
2025-06-30,80.972412109375,80.972412109375,75.93715010024086,76.39077705883679,24183382
2025-07-01,81.7889404296875,83.10445581533023,79.83834316127407,80.97241053572398,16707792
2025-07-02,85.1911392211914,86.27984108936475,82.37865362691218,82.37865362691218,18672476
2025-07-03,84.41997528076172,86.9149234205588,83.51272141174461,86.00766955154167,12080431
2025-07-04,84.82823944091797,85.05505291535893,83.46735859427223,84.55606050286966,8753329
2025-07-07,83.92098236083984,84.82823622420028,82.74154956975222,83.46735542915964,8912687
2025-07-08,84.238525390625,85.64477174040215,82.83228596264597,84.60142834428989,12559371
2025-07-09,86.0076675415039,86.461294465411,84.87360023173618,85.28186169453355,15392268
2025-07-10,87.41390991210938,87.73144738559895,86.27984256264817,86.27984256264817,9545940
2025-07-11,86.46129608154297,89.5913191462892,86.37056515762757,88.27580381108807,11157535
2025-07-14,87.14173889160156,88.7294331988899,85.87158206141133,86.27984354313776,10601795
2025-07-16,86.64274597167969,87.54999985619989,84.10243232630398,87.14173837688493,13620812
2025-07-17,85.64476776123047,86.77883511261912,83.69417053248243,86.64274564609292,22990933
2025-07-18,83.46736145019531,85.91694428925352,83.46736145019531,85.6901308070519,17714231
2025-07-21,83.87561798095703,84.5560583872551,83.46735650589729,83.55808050904415,16430680
2025-07-22,85.0550537109375,85.9623076171875,83.7395383155942,84.0117103343904,21176101
2025-07-23,84.69214630126953,86.2798405535443,84.69214630126953,85.46331069658632,14517942
2025-07-24,85.55404663085938,86.8695620339334,83.87562135699508,84.87360619717322,21256696
2025-07-25,83.83026123046875,85.78085848787092,83.7395372253845,85.73549302442984,10657635
2025-07-28,84.3292465209961,85.78085828612181,84.14779851125432,84.23852251612522,12366896
2025-07-29,83.01372528076172,85.05504639422307,83.01372528076172,84.4199714831985,7895439
2025-07-30,86.59738159179688,87.27782201369722,82.74155253436165,83.01373147184094,22061566
2025-07-31,86.32521057128906,88.00362891363277,85.05505371807291,87.05100954327115,20032676
2025-08-01,88.4118881225586,88.91088052688781,86.3252083449042,86.3252083449042,17139410
2025-08-04,91.17901611328125,91.63264305911846,89.22841886182162,89.63668726615386,15204116
2025-08-05,92.17699432373047,93.17497222361203,90.81611348158347,91.63264337123125,12789911
2025-08-06,92.90279388427734,94.80802554923258,91.72336113264926,92.63061496565626,13727166
2025-08-07,96.44109344482422,97.16689242006981,92.35845084799945,92.90280180988316,16902222
2025-08-08,95.17093658447266,98.3463252708444,94.98948164931547,96.71326546341972,11589651
2025-08-11,96.3503646850586,96.89472258099306,94.80803577137276,95.80601371092231,8708966
2025-08-12,96.44109344482422,97.52979536859162,95.17093658589691,96.35036251634526,9508345
2025-08-13,95.35238647460938,97.25761833957263,94.80803550201962,96.44109534158706,7315470
2025-08-14,95.08020782470703,96.35035769832217,94.08222303572703,94.53584996824605,9463355
2025-08-15,95.44310760498047,96.1689134944122,93.53787579746962,94.80803264307617,9091696
2025-08-18,97.07616424560547,97.5297911813326,94.26367862845682,95.53383543285233,11853085
2025-08-19,100.70518493652344,100.70518493652344,96.62254230396168,97.52979622230873,15629766
2025-08-20,103.42694091796875,104.51564279049146,99.97937345198405,100.07010437619236,18224673
2025-08-21,103.60839080810547,104.96927163442103,102.61041291983362,103.69912173396476,8849344
2025-08-22,103.88056945800781,105.69507722146646,102.88259157246512,103.78984545419443,10236379
2025-08-25,104.96927642822266,106.14870930027834,104.06202250257925,104.42492545719624,12199286
2025-08-26,107.32814025878906,107.32814025878906,104.4249235954125,105.42290151146774,12305108
2025-08-27,102.8825912475586,107.05595770597431,102.70113631870709,107.05595770597431,11719379
2025-08-28,101.43098449707031,104.51564208911694,101.43098449707031,102.88258929129184,9244403
2025-08-29,101.34025573730469,102.70113655878218,100.88662879681219,101.88461360333393,10973332
2025-09-01,100.52372741699219,101.70315324624906,98.34631683447516,101.34025032886332,9997518
2025-09-02,95.17093658447266,101.7938859772549,91.63264494958455,100.7051840535038,17243323
2025-09-03,95.44310760498047,95.71528654396685,93.08424884702428,95.35238359925098,10480292
2025-09-04,94.89875030517578,96.44108598666928,94.71730230584595,95.71528014575499,10520162
2025-09-05,97.07616424560547,98.61849305835862,94.17295462567094,95.0802084971252,16062718
2025-09-08,95.8060073852539,96.71326125617828,93.81005163793938,96.0781863152503,12893157
2025-09-09,93.35643005371094,95.89673688483211,92.26772119311777,95.80601287689886,14856349
2025-09-10,93.17497253417969,93.90077842112981,91.63264367665808,93.71933041029124,12170993
2025-09-11,91.63263702392578,95.533831269901,91.45118902626074,93.17496576947092,17141091
2025-09-12,91.4511947631836,92.63062066558905,90.18103793445646,91.54191876770741,14017198
2025-09-15,95.5338363647461,96.62253825239195,89.2737832062879,91.17901497056705,24524276
2025-09-16,98.34632110595703,98.34632110595703,95.98746242319339,96.71326136769112,15358705
2025-09-17,95.26165771484375,99.34430018833706,94.8987547772848,98.70922523895723,16236947
2025-09-18,94.44512939453125,96.62254013402377,93.9007784401076,95.62456223061409,17536361
2025-09-19,95.98745727539062,96.0781812733626,93.35641980341917,94.62657654041891,15779130
2025-09-22,95.35238647460938,99.79793210738907,95.26166246614412,99.79793210738907,19156951
2025-09-23,92.26771545410156,94.62658104443385,91.90481944494061,94.62658104443385,14905430
2025-09-24,91.63263702392578,92.90279377297335,90.6346591931732,92.53989085584584,12136103
2025-09-25,93.53787231445312,93.90077524565578,92.26771551614269,92.72134244969658,15049014
2025-09-26,91.36046600341797,94.08222773446475,91.17901799006738,93.35642875926442,15927208
2025-09-29,90.18103790283203,92.81207556388749,89.99958297205016,91.26973980033188,12156847
2025-09-30,89.86349487304688,90.99756216361133,88.54797266291365,90.36248032781678,15693359
2025-10-01,90.99756622314453,92.086268101936,88.00362567377135,89.86349888198768,21962925
2025-10-02,90.63465881347656,91.8140846369532,89.72740498535727,90.99756172908376,13756295
2025-10-03,89.63668060302734,91.36045733163384,89.54594968316606,91.17900933550601,13134473
2025-10-06,87.59536743164062,89.99958474616227,87.50463650356222,89.63668872104066,12975491
2025-10-07,88.3211669921875,89.04697289086293,87.32318907285732,87.5953680153101,14474506
2025-10-08,87.00564575195312,89.36450438173065,86.86955628985493,88.32116106804129,14235527
2025-10-09,85.32723236083984,88.54797956397614,84.60142646959332,87.82218059452758,14283582
2025-10-10,84.87359619140625,85.78084999603145,84.55605182234966,85.41794708982192,13663388
2025-10-13,84.05707550048828,85.69012837287126,82.56010517612208,83.8302620247297,17438694
2025-10-14,83.87561798095703,84.78287185602113,82.96836410589293,84.0117074465762,12074791
2025-10-15,83.24054718017578,84.10243563566544,82.01575577223853,83.87562215561047,16939727
2025-10-16,82.15184020996094,83.64880354914399,81.47139981149675,83.24054207878456,16762827
2025-10-17,84.19316101074219,85.46331087781735,81.38066850616752,81.7889368964111,19673186
2025-10-20,87.54999542236328,88.27580126194124,83.9663455287161,84.19315898835954,19549592
2025-10-21,88.91088104248047,89.6820454630812,87.73144821911617,89.13769451452761,17719239
2025-10-22,88.6386947631836,90.58929184553271,88.04898532215942,89.63667949494172,16764548
2025-10-23,87.95825958251953,89.4098713062597,87.4139086470158,88.50261743982094,15185047
2025-10-24,90.72538757324219,92.44917132149334,87.91290194283123,88.91087982177734,30668408
2025-10-27,89.2284164428711,90.72538670791117,88.32116257579199,90.72538670791117,14599604
2025-10-28,88.4572525024414,89.40987183657141,88.0943495693539,89.2284169091288,7150507
2025-10-30,87.32318878173828,88.63870418167902,86.96028583361041,88.45725616851409,11151178
2025-10-31,90.0449447631836,91.08828807678906,87.7314446730931,88.00362359726759,25897595
2025-11-03,90.81610870361328,92.35844439664739,90.1810337794094,90.1810337794094,13022631
2025-11-04,89.36450958251953,91.26974139738117,88.36653167204896,90.81611444518563,12807446
2025-11-05,90.09031677246094,90.54394373119075,88.36653294492801,89.364510869774,13749181
2025-11-06,88.82015991210938,91.99554862352025,88.3665329533364,91.63264567214225,20899881
2025-11-07,88.09435272216797,88.8201586143189,86.09839690144987,88.8201586143189,17546214
2025-11-10,87.50463104248047,89.77276566692835,87.50463104248047,88.2758023522308,17111313
2025-11-11,85.64476776123047,88.77479088234402,84.82823788387108,87.54999952720384,22344573
2025-11-12,85.59940338134766,87.05100822512938,85.50867937644841,86.18911979588964,10601542
2025-11-13,85.91693878173828,86.46129664156584,84.82823690567861,86.00766970624134,10807019
2025-11-14,85.91693878173828,85.91693878173828,84.10243104044034,85.46331184641379,8711132
2025-11-17,85.82621765136719,86.91492648566025,85.05505321986665,86.32521006564292,13170438
2025-11-18,85.46331024169922,86.46129501811245,84.78286985148888,85.73548916650239,11276808
2025-11-19,86.23448944091797,86.9149298933551,85.055056554641,85.78086247262655,14509351
2025-11-20,86.59738159179688,87.00564999801583,85.87158262818194,86.6427470553094,10480946
2025-11-21,85.32723236083984,86.18912080012187,84.69215047554964,86.18912080012187,10851043
2025-11-24,85.46331024169922,85.46331024169922,84.41997384748144,85.14577277729391,12852808
2025-11-25,85.69012451171875,86.91492276306467,85.10041503875682,85.55404196983378,13316484
2025-11-26,86.18911743164062,86.86955783241675,85.59940103327513,86.09839342923001,12834067
2025-11-27,86.32521057128906,87.59536742450521,86.23448656501606,86.5973825901081,15188501
2025-11-28,85.82621765136719,87.14173996091323,85.5086801703726,86.37056860761474,11820595
2025-12-01,87.68608856201172,87.77681256531658,85.32722986709662,85.8262153461722,19472039
2025-12-02,89.09233093261719,89.81813682721285,87.3231885820125,87.73145007159881,26118744
2025-12-03,87.20703125,90.68758397052419,87.20703125,90.68758397052419,31288317
2025-12-04,87.35205841064453,87.8354677071907,86.86864911409836,87.35205841064453,13795142
2025-12-05,87.7871322631836,89.96247412390548,87.20703519933197,87.40040334602936,24452112
2025-12-08,89.18901062011719,90.15582916342468,88.07716782006554,88.07716782006554,20096529
2025-12-09,88.31887817382812,89.86578646802195,87.6421081001935,89.43072104586264,14791581
2025-12-10,87.49707794189453,88.99564963062191,87.35205368552735,88.36721610385753,16845037
2025-12-11,90.54256439208984,91.07431020237604,87.69044506399969,87.69044506399969,26615299
2025-12-12,93.68472290039062,93.87808366800618,91.02597177635407,91.65440533546534,22877575
2025-12-15,96.00508880615234,96.58517848411064,93.29799380735972,93.78140310169837,19229964
2025-12-16,94.16812896728516,95.95674182325138,93.9747608300584,95.95674182325138,13308144
2025-12-17,94.02310943603516,94.65154300520021,92.8629300593001,94.16813370218718,10962136
2025-12-18,92.86293029785156,94.02310967756695,91.944448194023,94.02310967756695,16444112
2025-12-19,92.18614959716797,92.95960740721243,91.50937954555931,92.86292702501696,12706645
2025-12-22,91.3643569946289,92.81458488343254,91.3643569946289,92.5728802352986,9779905
2025-12-23,91.31600952148438,92.23449157399801,90.78426374225666,91.31600952148438,10724916
2025-12-24,92.28282928466797,92.5245339264573,90.68758454985065,91.12264995457532,9637712
2025-12-25,91.94444274902344,92.95960517833639,91.84776236914605,92.52453240452792,4525227
2025-12-26,91.1709976196289,91.99279196059248,90.73592482059601,91.94444807973085,7919876
2025-12-29,88.0288314819336,91.26767213277361,87.9321437264314,91.17099175351154,14775405
2025-12-30,89.57574462890625,89.72076889393362,87.73878781645415,88.12551673111362,15516418
2025-12-31,89.57574462890625,90.3975389624073,89.23735959466941,89.57574462890625,9173654
2026-01-02,92.4278564453125,92.4278564453125,89.72076879806968,89.81744918257111,11143630
2026-01-05,93.00794219970703,93.63637573678076,91.50937786263603,92.42785254096212,16664893
2026-01-06,94.98992156982422,95.0866019485913,92.81457985448473,93.10462836702604,18203266
2026-01-07,94.31315612792969,95.95674477560509,93.82974683434982,95.8600643921372,16924475
2026-01-08,94.84490203857422,95.2316309491488,92.91126486194176,94.31315624074456,15482817
2026-01-09,95.18328857421875,96.2951314436103,94.4581746215165,95.2799763355715,16609632
2026-01-12,95.52167510986328,96.39180589858202,94.60319306720223,95.2316265961303,19155230
2026-01-13,97.55199432373047,98.03540360444644,94.9415797821201,95.47333294140375,26670413
2026-01-14,98.22876739501953,100.54913348925032,97.06858803602437,98.03540662726716,23310211
2026-01-15,100.83917999267578,101.80599856450877,97.0685860872791,98.13208504104732,25501044
2026-01-16,101.90267944335938,104.12635774367452,100.06572267267096,101.03254124921851,23559661
2026-01-19,100.25908660888672,103.15954243027677,100.06572583795696,102.482772355782,16678453
2026-01-20,99.58231353759766,100.83918063953921,98.90554348346934,99.9690424440597,13606014
2026-01-21,99.67899322509766,100.83917993639388,97.55199531874838,99.58231284321639,16829441
2026-01-22,100.45245361328125,101.51595259377748,98.80885757411387,100.6458143820113,18249970
2026-01-23,101.61263275146484,102.48277096128994,101.12922345447762,101.12922345447762,16388543
2026-01-26,104.2230453491211,104.5130864959148,100.16240290784604,100.64581219540923,21764383
2026-01-27,105.57658386230469,108.28367878235977,104.319724159325,106.25336128043858,30433473
2026-01-28,106.64009094238281,107.02681246837838,104.7064538074438,106.25336204014695,24065255
2026-01-29,108.38036346435547,109.54055020881098,106.7367747966775,108.28368307971098,23141852
2026-01-30,109.9272689819336,111.66754536671623,107.22018139878772,109.05713816578263,28055221
2026-02-02,110.02395629882812,111.66754491856192,107.41354173213054,108.96044997004005,27580196
2026-02-03,112.63436126708984,113.50449943882184,110.50736340395846,110.79740454370902,24195365
2026-02-04,111.95759582519531,113.50450409605705,111.37749876941174,113.21445556816526,16417015
2026-02-05,111.37749481201172,114.27795048291036,110.89408553352861,111.95759184718361,20186149
2026-02-06,111.86090850830078,113.40782416153237,110.60404876035074,111.08745805792549,18213099
2026-02-09,115.43814086914062,116.30827907348841,112.34431696215302,112.9244140158785,23719238
2026-02-10,112.05427551269531,114.47132197597071,111.47418583675731,114.08459306659856,29452264
2026-02-11,116.21158599853516,116.98504378396652,110.3139943574014,111.18413252195165,26262678
2026-02-12,122.97931671142578,122.97931671142578,115.9215457163206,116.30827461188915,20866029
2026-02-13,124.71959686279297,124.71959686279297,121.81914112179778,123.17268860951027,14641188
2026-02-16,129.84373474121094,130.90722629902865,125.68641200888258,126.65323056279708,25437506
2026-02-17,123.55941772460938,129.55368998224702,123.55941772460938,129.55368998224702,24247700
2026-02-18,119.78882598876953,124.33287783350941,119.20873630414586,123.94614154210625,24942007
2026-02-19,116.79168701171875,121.04568284805576,115.82486843505299,120.94900246563725,20531683
2026-02-20,117.27509307861328,117.66181459766442,115.72817749744813,116.79168380355921,12234686
2026-02-23,116.59832000732422,119.78882429192062,115.72818180459424,119.40209538223614,19620689
2026-02-24,115.63150024414062,116.3082776732592,114.18127237976702,116.01822914988833,11239165
2026-02-25,113.2144546508789,116.9850486017196,113.2144546508789,116.30827854377607,11549630
2026-02-26,114.66468048095703,115.53481866582216,112.24763406535405,113.21445263159524,11811512
2026-02-27,112.05427551269531,115.63150132784672,109.83058981598579,114.66468274253657,20584615
2026-03-02,107.9936294555664,109.15381614529687,102.77281516862,102.86949554870415,12792189
2026-03-03,104.89981842041016,109.15382174865185,104.80313803536296,107.80027422926942,9127332
2026-03-04,104.2230453491211,105.57658545330575,102.19272044036339,104.89981540121343,14707685
2026-03-05,107.7035903930664,109.2504986329755,105.76995324911994,108.4770408249008,11061522
2026-03-06,104.89981842041016,107.9936349993638,104.41640911893361,107.12350415769848,9780415
2026-03-09,105.28654479980469,105.38322518252222,100.74249304967647,102.19272091916072,12365452
2026-03-10,108.38036346435547,109.15382129399248,105.67327581310701,108.86377276381846,19430184
2026-03-11,107.8969497680664,109.44385798806302,106.9301312085385,107.99363014877115,12361125
2026-03-12,108.28367614746094,110.02395246461259,107.02680909882474,107.5102183673402,12887941
2026-03-13,106.05999755859375,108.09032252129164,104.51308927254246,107.993634760218,11431831
2026-03-16,105.5999984741211,108.30000305175781,104.80000305175781,108.30000305175781,7014624
2026-03-17,107.9000015258789,108.19999694824219,104.9000015258789,107.0999984741211,8779332
2026-03-18,105.69999694824219,109.4000015258789,105.5999984741211,108.9000015258789,8836224
2026-03-19,109.80000305175781,109.80000305175781,104.5,105.4000015258789,5828486
2026-03-23,108.9000015258789,108.9000015258789,102.0,107.5999984741211,20577527
2026-03-24,104.19999694824219,107.19999694824219,104.19999694824219,107.0,9155385
2026-03-25,104.5999984741211,106.9000015258789,104.5999984741211,106.0,9534607
2026-03-26,102.69999694824219,105.4000015258789,102.69999694824219,104.5999984741211,6551435
2026-03-27,103.80000305175781,103.9000015258789,102.0,103.0999984741211,5790049
2026-03-30,100.0,103.30000305175781,100.0,103.0,9007723
2026-03-31,101.0999984741211,102.80000305175781,99.25,100.30000305175781,16038889
2026-04-01,102.5,103.9000015258789,101.80000305175781,103.5,8554914
2026-04-02,100.69999694824219,101.4000015258789,100.0,101.0,9273155
2026-04-03,99.5999984741211,101.4000015258789,99.5999984741211,100.9000015258789,8412158
2026-04-06,100.4000015258789,101.0,99.4000015258789,99.5999984741211,8428115
2026-04-07,96.69999694824219,100.5,96.55000305175781,100.0999984741211,15131398
2026-04-08,101.80000305175781,102.9000015258789,100.5,101.5,24371970
2026-04-09,102.19999694824219,102.80000305175781,100.80000305175781,101.0999984741211,17776135
2026-04-10,105.30000305175781,105.30000305175781,102.30000305175781,103.0,18845923
2026-04-13,104.9000015258789,106.30000305175781,104.19999694824219,106.0,23746054
2026-04-14,106.0999984741211,107.5999984741211,104.0999984741211,106.0,25658021
2026-04-15,106.80000305175781,108.0999984741211,106.30000305175781,107.0,15993938
2026-04-16,105.9000015258789,109.19999694824219,105.5,107.69999694824219,15347554
2026-04-17,109.30000305175781,109.30000305175781,104.30000305175781,106.30000305175781,23426487
2026-04-20,107.5,108.9000015258789,106.4000015258789,107.30000305175781,13291780
2026-04-21,103.5,108.30000305175781,103.4000015258789,107.80000305175781,18703841
2026-04-22,102.30000305175781,104.30000305175781,100.9000015258789,103.69999694824219,17534011
2026-04-24,104.5,105.80000305175781,102.0999984741211,102.30000305175781,28419060
2026-04-27,102.5999984741211,105.30000305175781,102.19999694824219,104.9000015258789,17923899
2026-04-28,99.1500015258789,102.69999694824219,99.0,102.4000015258789,17993585
2026-04-29,98.05000305175781,100.5,98.05000305175781,99.5999984741211,14001184
2026-04-30,98.0,99.25,97.5,98.0999984741211,15950299
2026-05-04,96.0,98.94999694824219,95.8499984741211,98.55000305175781,17224809
2026-05-05,98.05000305175781,98.55000305175781,95.6500015258789,96.05000305175781,21241367
2026-05-06,99.0,99.80000305175781,97.44999694824219,99.0,40692044
2026-05-07,98.9000015258789,99.9000015258789,98.5999984741211,99.4000015258789,24442411
2026-05-08,97.5,98.94999694824219,97.0999984741211,98.9000015258789,27707789
2026-05-11,97.0,98.0,96.30000305175781,97.5,27754998
2026-05-12,94.0999984741211,97.30000305175781,94.0,97.0,19341242
2026-05-13,93.44999694824219,94.30000305175781,91.05000305175781,94.1500015258789,31411999
2026-05-14,93.44999694824219,94.9000015258789,92.80000305175781,93.55000305175781,17732807
2026-05-15,91.44999694824219,92.8499984741211,90.75,92.80000305175781,19519846
2026-05-18,87.3499984741211,91.3499984741211,87.3499984741211,91.3499984741211,40638833
2026-05-20,86.6500015258789,87.3499984741211,85.44999694824219,87.3499984741211,41170289
2026-05-21,82.3499984741211,87.05000305175781,82.3499984741211,86.6500015258789,35428002
2026-05-22,86.8499984741211,87.6500015258789,81.6500015258789,82.3499984741211,38740356
2026-05-25,87.5999984741211,87.80000305175781,86.30000305175781,87.3499984741211,26997836
2026-05-26,84.1500015258789,87.69999694824219,84.1500015258789,87.4000015258789,59931400
2026-05-27,84.1500015258789,84.1500015258789,84.1500015258789,84.1500015258789,0
2026-05-28,84.1500015258789,84.1500015258789,84.1500015258789,84.1500015258789,0
2026-05-29,84.1500015258789,84.1500015258789,84.1500015258789,84.1500015258789,0
2026-06-01,85.19999694824219,86.8499984741211,82.4000015258789,84.1500015258789,67372598
2026-06-02,88.9000015258789,88.9000015258789,86.80000305175781,87.0,37596911
2026-06-03,88.94999694824219,90.30000305175781,87.69999694824219,88.75,38219458
2026-06-04,88.5999984741211,90.6500015258789,87.25,89.5999984741211,30791943
2026-06-05,86.19999694824219,89.19999694824219,85.8499984741211,88.75,28866001
2026-06-08,87.0999984741211,87.19999694824219,84.4000015258789,85.05000305175781,30952555
2026-06-09,86.30000305175781,88.05000305175781,86.19999694824219,87.0,23534616
2026-06-10,87.44999694824219,87.94999694824219,85.80000305175781,86.19999694824219,22402048
2026-06-11,86.55000305175781,87.9000015258789,85.25,87.19999694824219,22312335
2026-06-12,86.69999694824219,89.30000305175781,85.9000015258789,87.6500015258789,32243663
2026-06-15,90.0999984741211,90.55000305175781,88.44999694824219,89.30000305175781,31868672
2026-06-16,91.30000305175781,92.30000305175781,89.75,90.0999984741211,27787405
2026-06-17,89.55000305175781,92.05000305175781,89.05000305175781,91.75,18556358
2026-06-18,91.8499984741211,91.9000015258789,89.19999694824219,89.9000015258789,22271579
2026-06-19,91.0999984741211,91.5999984741211,90.0,90.9000015258789,19820469
2026-06-22,89.8499984741211,91.5,89.80000305175781,91.1500015258789,14694710
2026-06-23,87.94999694824219,89.80000305175781,87.5,89.80000305175781,15845451
2026-06-24,86.44999694824219,88.19999694824219,86.44999694824219,88.0,13113314
2026-06-25,86.3499984741211,87.80000305175781,86.3499984741211,87.05000305175781,17171583
2026-06-26,86.25,86.8499984741211,85.69999694824219,86.4000015258789,12593147
2026-06-29,85.44999694824219,86.5999984741211,85.19999694824219,86.3499984741211,18611135
2026-06-30,84.55000305175781,86.1500015258789,84.25,85.5999984741211,24437865
2026-07-01,85.19999694824219,85.94999694824219,83.6500015258789,84.55000305175781,22496821
2026-07-02,83.69999694824219,85.55000305175781,83.4000015258789,85.25,24167122
2026-07-03,83.75,84.4000015258789,83.4000015258789,83.9000015258789,15526034
2026-07-06,82.0,84.4000015258789,81.75,83.94999694824219,23729218
2026-07-07,83.0,83.94999694824219,81.75,82.0,20884412
2026-07-08,80.80000305175781,82.55000305175781,80.69999694824219,82.5,21793775
2026-07-09,80.8499984741211,81.55000305175781,80.3499984741211,81.25,14057680
2026-07-10,81.80000305175781,82.0999984741211,80.69999694824219,80.8499984741211,20503404
2026-07-13,81.55000305175781,82.75,81.30000305175781,81.80000305175781,21213463
2026-07-14,81.05000305175781,81.5999984741211,80.0999984741211,81.30000305175781,21887441
2026-07-16,84.4000015258789,84.8499984741211,81.0999984741211,81.0999984741211,25749880
2026-07-17,83.5999984741211,84.75,83.3499984741211,84.4000015258789,20984907
2026-07-20,82.6500015258789,83.80000305175781,82.19999694824219,83.69999694824219,20624787
2026-07-21,81.0999984741211,83.05000305175781,80.75,82.9000015258789,21467750
2026-07-22,81.44999694824219,82.05000305175781,80.69999694824219,81.19999694824219,18288072
2026-07-23,79.4000015258789,81.8499984741211,79.25,81.44999694824219,27339404
2026-07-24,79.0,79.6500015258789,78.44999694824219,79.44999694824219,19851158
2026-07-27,78.25,80.19999694824219,77.75,79.5,24814701
2026-07-28,77.55000305175781,78.5,77.19999694824219,78.0,22782980
2026-07-29,76.0999984741211,78.05000305175781,75.8499984741211,77.5,24287929
2026-07-30,76.69999694824219,78.05000305175781,75.05000305175781,76.0999984741211,27627484
2026-08-03,79.05000305175781,80.8499984741211,78.5999984741211,80.6500015258789,18006739
2026-08-04,80.55000305175781,80.6500015258789,78.4000015258789,79.05000305175781,19147643
2026-08-05,80.44999694824219,81.4000015258789,78.6500015258789,80.4000015258789,30305635
2026-08-06,78.5999984741211,80.8499984741211,78.3499984741211,80.75,26647289
2026-08-07,78.0999984741211,78.94999694824219,77.05000305175781,78.5999984741211,20577396
