Price,Close,High,Low,Open,Volume
2021-08-10,2.373581886291504,2.4076530933380127,2.336672067642212,2.3480288982391357,30560804
2021-08-11,2.2514960765838623,2.3338329792022705,2.242978096008301,2.328155040740967,39691508
2021-08-12,2.2571749687194824,2.282727003097534,2.225943088531494,2.268531084060669,18484511
2021-08-13,2.2344610691070557,2.260014057159424,2.2316219806671143,2.2571749687194824,10980691
2021-08-16,2.2344610691070557,2.2656919956207275,2.225943088531494,2.237299919128418,12718890
2021-08-17,2.237299919128418,2.2571749687194824,2.2089080810546875,2.2316219806671143,15166082
2021-08-18,2.2713708877563477,2.2884058952331543,2.217426061630249,2.242978096008301,20927507
2021-08-19,2.2287819385528564,2.2656919956207275,2.2287819385528564,2.2656919956207275,14222405
2021-08-20,2.2770490646362305,2.285567045211792,2.2231040000915527,2.2344610691070557,24131884
2021-08-23,2.3395121097564697,2.353708028793335,2.2884058952331543,2.3026020526885986,27129361
2021-08-24,2.4161698818206787,2.4303669929504395,2.3395121097564697,2.3480288982391357,45436327
2021-08-25,2.3593859672546387,2.4190099239349365,2.3508689403533936,2.4133310317993164,20424498
2021-08-26,2.3679039478302,2.421849012374878,2.3593859672546387,2.3679039478302,27372767
2021-08-27,2.3451900482177734,2.3821001052856445,2.342350959777832,2.3821001052856445,13111143
2021-08-31,2.3821001052856445,2.421849012374878,2.353708028793335,2.353708028793335,31574884
2021-09-01,2.365065097808838,2.3934569358825684,2.3565471172332764,2.3877780437469482,14219922
2021-09-02,2.4048140048980713,2.421849012374878,2.3679039478302,2.3679039478302,27036864
2021-09-03,2.4729549884796143,2.4814720153808594,2.410491943359375,2.4133310317993164,53928340
2021-09-06,2.504185914993286,2.5183820724487305,2.4445629119873047,2.4729549884796143,41110844
2021-09-07,2.4275269508361816,2.55245304107666,2.4246881008148193,2.504185914993286,47529343
2021-09-08,2.3593859672546387,2.4303669929504395,2.3451900482177734,2.4275269508361816,30309094
2021-09-09,2.4445629119873047,2.4445629119873047,2.342350959777832,2.3480288982391357,34347694
2021-09-10,2.455919027328491,2.484312057495117,2.4161698818206787,2.447402000427246,32394108
2021-09-13,2.4388840198516846,2.4757940769195557,2.4246881008148193,2.455919027328491,20381004
2021-09-14,2.4190099239349365,2.4644370079040527,2.410491943359375,2.4445629119873047,26324100
2021-09-15,2.3877780437469482,2.421849012374878,2.3707430362701416,2.4161698818206787,17320259
2021-09-16,2.328155040740967,2.4019739627838135,2.31112003326416,2.3962960243225098,20761719
2021-09-17,2.2969229221343994,2.3480288982391357,2.294084072113037,2.3395121097564697,16732188
2021-09-20,2.294084072113037,2.328155040740967,2.242978096008301,2.274209976196289,34966823
2021-09-21,2.2770490646362305,2.3395121097564697,2.2458178997039795,2.328155040740967,44651296
2021-09-22,2.31112003326416,2.3253159523010254,2.2770490646362305,2.2884058952331543,30435495
2021-09-23,2.3224759101867676,2.336672067642212,2.2884058952331543,2.31112003326416,36483243
2021-09-24,2.3593859672546387,2.379261016845703,2.305440902709961,2.3139588832855225,41283480
2021-09-27,2.3451900482177734,2.3934569358825684,2.3395121097564697,2.3679039478302,27637150
2021-09-28,2.3679039478302,2.379261016845703,2.3395121097564697,2.3451900482177734,34919007
2021-09-29,2.3480288982391357,2.379261016845703,2.3451900482177734,2.373581886291504,15700631
2021-09-30,2.3764209747314453,2.4076530933380127,2.3480288982391357,2.3480288982391357,36917483
2021-10-01,2.421849012374878,2.4303669929504395,2.3480288982391357,2.3679039478302,26519996
2021-10-04,2.467276096343994,2.484312057495117,2.4275269508361816,2.4275269508361816,38316258
2021-10-05,2.441723108291626,2.4757940769195557,2.4161698818206787,2.470115900039673,20757636
2021-10-06,2.379261016845703,2.470115900039673,2.365065097808838,2.433206081390381,36176137
2021-10-07,2.3962960243225098,2.4190099239349365,2.3934569358825684,2.4019739627838135,16289875
2021-10-08,2.373581886291504,2.4161698818206787,2.3679039478302,2.4048140048980713,21689264
2021-10-11,2.3764209747314453,2.3934569358825684,2.3565471172332764,2.3565471172332764,15568894
2021-10-12,2.3395121097564697,2.3707430362701416,2.3395121097564697,2.365065097808838,17462316
2021-10-13,2.3139588832855225,2.373581886291504,2.3082799911499023,2.342350959777832,20969706
2021-10-14,2.2884058952331543,2.328155040740967,2.2798879146575928,2.3224759101867676,20719552
2021-10-15,2.2884058952331543,2.330993890762329,2.268531084060669,2.2969229221343994,20884175
2021-10-18,2.3338329792022705,2.3395121097564697,2.2798879146575928,2.2912449836730957,25618169
2021-10-19,2.3338329792022705,2.36222505569458,2.330993890762329,2.3338329792022705,18767603
2021-10-20,2.3338329792022705,2.379261016845703,2.31112003326416,2.3395121097564697,30605669
2021-10-21,2.3253159523010254,2.3451900482177734,2.2912449836730957,2.3395121097564697,30363003
2021-10-22,2.365065097808838,2.3821001052856445,2.3224759101867676,2.330993890762329,37156641
2021-10-25,2.436044931411743,2.4388840198516846,2.3451900482177734,2.353708028793335,49687222
2021-10-26,2.489989995956421,2.5070250034332275,2.441723108291626,2.455919027328491,49630787
2021-10-27,2.526900053024292,2.6177549362182617,2.4928290843963623,2.501347064971924,103547396
2021-10-28,2.515542984008789,2.55245304107666,2.504185914993286,2.5410959720611572,16016659
2021-11-01,2.620594024658203,2.64330792427063,2.526900053024292,2.526900053024292,60980841
2021-11-02,2.5552918910980225,2.626271963119507,2.535417079925537,2.620594024658203,44937569
2021-11-03,2.563810110092163,2.5808451175689697,2.4275269508361816,2.5552918910980225,66572122
2021-11-04,2.563810110092163,2.6092369556427,2.5609700679779053,2.5865230560302734,32764587
2021-11-05,2.569488048553467,2.6177549362182617,2.558130979537964,2.5666489601135254,46165156
2021-11-08,2.606398105621338,2.620594024658203,2.583683967590332,2.583683967590332,36058784
2021-11-09,2.535417079925537,2.6177549362182617,2.5325779914855957,2.6092369556427,61716950
2021-11-10,2.5070250034332275,2.5496139526367188,2.4871509075164795,2.5439350605010986,37810603
2021-11-11,2.4928290843963623,2.5496139526367188,2.4814720153808594,2.501347064971924,42507897
2021-11-12,2.4956679344177246,2.5183820724487305,2.467276096343994,2.504185914993286,35619437
2021-11-15,2.5183820724487305,2.5666489601135254,2.5098650455474854,2.526900053024292,52879993
2021-11-16,2.501347064971924,2.563810110092163,2.478632926940918,2.526900053024292,52565628
2021-11-17,2.546773910522461,2.5751659870147705,2.4956679344177246,2.504185914993286,94881430
2021-11-18,2.558130979537964,2.563810110092163,2.4985079765319824,2.5496139526367188,90231829
2021-11-19,2.745518922805786,2.768233060836792,2.569488048553467,2.569488048553467,172892426
2021-11-22,2.79378604888916,2.8818020820617676,2.7511980533599854,2.825016975402832,93645757
2021-11-23,2.768233060836792,2.873284101486206,2.725645065307617,2.7852680683135986,163190807
2021-11-24,3.0436370372772217,3.0436370372772217,2.7909469604492188,2.7966248989105225,207116868
2021-11-25,3.1600449085235596,3.2367029190063477,3.0237619876861572,3.103260040283203,194886571
2021-11-26,3.250899076461792,3.398538112640381,3.083385944366455,3.0862250328063965,246878984
2021-11-29,3.330396890640259,3.3758249282836914,3.2281858921051025,3.3076839447021484,126392878
2021-11-30,3.6625850200653076,3.6625850200653076,3.3076839447021484,3.330396890640259,210878403
2021-12-01,3.7222089767456055,3.878365993499756,3.6512279510498047,3.7165300846099854,206395345
2021-12-02,3.892561912536621,3.9862558841705322,3.7108519077301025,3.725048065185547,176493032
2021-12-03,3.8102240562438965,3.9635419845581055,3.750601053237915,3.946506977081299,114357694
2021-12-06,3.79886794090271,3.9266319274902344,3.6994950771331787,3.824420928955078,151502593
2021-12-07,3.8102240562438965,3.8641700744628906,3.776154041290283,3.79886794090271,75350823
2021-12-08,4.19067907333374,4.19067907333374,3.824420928955078,3.824420928955078,212500651
2021-12-09,4.148090839385986,4.301407814025879,4.125377178192139,4.247463226318359,134602792
2021-12-10,4.159448146820068,4.33831787109375,4.091307163238525,4.173644065856934,142915579
2021-12-13,4.284372806549072,4.363871097564697,4.179321765899658,4.199196815490723,115852770
2021-12-14,4.275856018066406,4.37238883972168,4.179321765899658,4.349675178527832,87033500
2021-12-15,4.139573097229004,4.346836090087891,4.133894920349121,4.287211894989014,97823808
2021-12-16,4.346836090087891,4.3780670166015625,4.159448146820068,4.159448146820068,149746780
2021-12-17,3.9635419845581055,4.667666912078857,3.912436008453369,4.429172992706299,131602961
2021-12-20,3.898240089416504,4.139573097229004,3.577409029006958,3.867008924484253,112921512
2021-12-21,3.509268045425415,4.082788944244385,3.509268045425415,3.9890949726104736,75106082
2021-12-22,3.6313540935516357,3.6654250621795654,3.319040060043335,3.429769992828369,109654319
2021-12-23,3.6171579360961914,3.770474910736084,3.5263030529022217,3.713690996170044,80196604
2021-12-24,3.9777379035949707,3.9777379035949707,3.625675916671753,3.671103000640869,127311636
2021-12-27,4.332640171051025,4.361032009124756,4.017487049102783,4.060074806213379,171904772
2021-12-28,4.244624137878418,4.3951029777526855,4.167964935302734,4.386585235595703,106248636
2021-12-29,4.216231822967529,4.329801082611084,4.159448146820068,4.2531418800354,75174119
2021-12-30,4.332640171051025,4.485957145690918,4.19067907333374,4.258820056915283,187264669
2021-12-31,4.221909999847412,4.361032009124756,4.202035903930664,4.33831787109375,56841424
2022-01-03,4.273015975952148,4.335478782653809,4.221909999847412,4.227589130401611,54978634
2022-01-04,4.596686840057373,4.6194000244140625,4.273015975952148,4.273015975952148,207094112
2022-01-05,4.537063121795654,4.593846797943115,4.451887130737305,4.593846797943115,85576136
2022-01-06,4.457564830780029,4.605204105377197,4.454726219177246,4.485957145690918,78427463
2022-01-07,4.488797187805176,4.591008186340332,4.409298896789551,4.485957145690918,95677295
2022-01-10,4.440529823303223,4.537063121795654,4.440529823303223,4.520028114318848,57987960
2022-01-11,4.3099260330200195,4.488797187805176,4.261659145355225,4.483118057250977,87690770
2022-01-12,4.409298896789551,4.43201208114624,4.230428218841553,4.329801082611084,91549011
2022-01-13,4.292891025543213,4.409298896789551,4.292891025543213,4.3951029777526855,42106701
2022-01-14,4.301407814025879,4.349675178527832,4.236106872558594,4.292891025543213,42855613
2022-01-17,4.287211894989014,4.37238883972168,4.281534194946289,4.304247856140137,39984726
2022-01-18,4.074271202087402,4.3099260330200195,4.074271202087402,4.287211894989014,37709509
2022-01-19,4.102663040161133,4.148090839385986,4.000452041625977,4.060074806213379,69071363
2022-01-20,4.057236194610596,4.261659145355225,4.003291130065918,4.139573097229004,60509021
2022-01-21,4.026004791259766,4.091307163238525,3.997612953186035,4.03452205657959,32473316
2022-01-24,3.739243984222412,4.071432113647461,3.713690996170044,4.028843879699707,58452479
2022-01-25,3.787511110305786,3.8812050819396973,3.6483891010284424,3.750601053237915,66019528
2022-01-26,3.7789928913116455,3.9095969200134277,3.7789928913116455,3.8045461177825928,41261682
2022-01-27,3.8386170864105225,3.8471341133117676,3.6852989196777344,3.7165300846099854,33638287
2022-01-28,3.8017070293426514,3.8954010009765625,3.770474910736084,3.8528130054473877,30579433
2022-01-31,4.079949855804443,4.122538089752197,3.8584909439086914,3.8584909439086914,91557989
2022-02-01,4.125377178192139,4.270176887512207,4.088467121124268,4.099823951721191,61240146
2022-02-02,4.031682968139648,4.210554122924805,4.0118088722229,4.156609058380127,42460877
2022-02-03,3.9947729110717773,4.122538089752197,3.9777379035949707,4.031682968139648,42022949
2022-02-04,3.929471015930176,4.057236194610596,3.8812050819396973,4.023166179656982,43156154
2022-02-07,4.003291130065918,4.003291130065918,3.8471341133117676,3.9266319274902344,37574598
2022-02-08,4.051558017730713,4.1168599128723145,3.98341703414917,4.006130218505859,44310811
2022-02-09,4.139573097229004,4.227589130401611,4.0685930252075195,4.085628032684326,57444708
2022-02-10,4.077110767364502,4.176483154296875,4.077110767364502,4.142412185668945,33992525
2022-02-11,4.085628032684326,4.128215789794922,4.008968830108643,4.03452205657959,28844019
2022-02-14,3.9408280849456787,4.099823951721191,3.8954010009765625,4.031682968139648,55648390
2022-02-15,3.9748990535736084,4.043039798736572,3.9578640460968018,3.9862558841705322,36370145
2022-02-16,4.142412185668945,4.221909999847412,3.991934061050415,3.9947729110717773,106956797
2022-02-17,4.008968830108643,4.176483154296875,3.991934061050415,4.156609058380127,73790563
2022-02-18,4.020326137542725,4.062914848327637,3.966381072998047,4.048717975616455,24983074
2022-02-21,3.960702896118164,4.065753936767578,3.9493460655212402,4.048717975616455,35428507
2022-02-22,3.898240089416504,3.9436678886413574,3.7846720218658447,3.8215808868408203,33261855
2022-02-23,3.875525951385498,3.997612953186035,3.875525951385498,3.946506977081299,31665483
2022-02-24,3.4893929958343506,3.688138008117676,3.4893929958343506,3.5802481174468994,37933085
2022-02-25,3.7108519077301025,3.776154041290283,3.497910976409912,3.577409029006958,66994812
2022-02-28,3.6654250621795654,3.7449231147766113,3.577409029006958,3.6001229286193848,34214298
2022-03-01,3.7108519077301025,3.7591190338134766,3.656907081604004,3.7420830726623535,27090668
2022-03-02,3.7449231147766113,3.796027898788452,3.6682639122009277,3.7165300846099854,43105101
2022-03-03,3.8272600173950195,3.886883020401001,3.7562789916992188,3.7903499603271484,50726126
2022-03-04,3.7903499603271484,3.8386170864105225,3.7647969722747803,3.8215808868408203,23276795
2022-03-07,3.8102240562438965,3.8812050819396973,3.7534399032592773,3.781831979751587,36301742
2022-03-08,3.8954010009765625,3.972059965133667,3.7846720218658447,3.8045461177825928,54046129
2022-03-09,4.187839984893799,4.244624137878418,3.980576992034912,3.980576992034912,137389035
2022-03-10,4.125377178192139,4.185000896453857,3.997612953186035,4.185000896453857,88287837
2022-03-11,4.060074806213379,4.167964935302734,4.060074806213379,4.167964935302734,38860373
2022-03-14,4.088467121124268,4.142412185668945,4.060074806213379,4.085628032684326,39399166
2022-03-15,4.085628032684326,4.153769016265869,4.045878887176514,4.088467121124268,51413778
2022-03-16,4.111180782318115,4.227589130401611,4.09698486328125,4.108342170715332,59568098
2022-03-17,4.148090839385986,4.185000896453857,4.1168599128723145,4.1367340087890625,51363049
2022-03-18,4.380906105041504,4.380906105041504,4.159448146820068,4.159448146820068,104475374
2022-03-21,4.474600791931152,4.522867202758789,4.434852123260498,4.454726219177246,64842674
2022-03-22,4.9203572273254395,4.9203572273254395,4.414977073669434,4.485957145690918,173890995
2022-03-23,5.0821919441223145,5.283775806427002,4.869250774383545,4.957266807556152,270384097
2022-03-24,4.943070888519287,5.303650856018066,4.889125823974609,5.085031032562256,181577647
2022-03-25,5.198599815368652,5.2241530418396,4.894804000854492,4.974301815032959,156369134
2022-03-28,5.232670783996582,5.329204082489014,5.090710163116455,5.235509872436523,164279193
2022-03-29,5.113423824310303,5.349078178405762,5.079352855682373,5.258224010467529,118336137
2022-03-30,5.116262912750244,5.19008207321167,5.090710163116455,5.144655227661133,46525276
2022-03-31,5.039604187011719,5.209957122802734,5.039604187011719,5.144655227661133,57077803
2022-04-01,5.005533218383789,5.141816139221191,4.9771409034729,5.0821919441223145,53864741
2022-04-04,5.09638786315918,5.175886154174805,4.9771409034729,5.0140509605407715,75885745
2022-04-05,5.215634822845459,5.25254487991333,5.0821919441223145,5.110583782196045,96894417
2022-04-06,5.667069911956787,5.667069911956787,5.238348960876465,5.25254487991333,193655663
2022-04-07,5.837422847747803,6.007775783538818,5.689784049987793,5.695462226867676,177467439
2022-04-08,6.189486026763916,6.257627010345459,5.820387840270996,5.877171993255615,130085872
2022-04-11,6.10430908203125,6.325767993927002,5.9964189529418945,6.223556041717529,100002411
2022-04-12,6.1610941886901855,6.246270179748535,5.990740776062012,6.10430908203125,72569257
2022-04-13,6.569940090179443,6.6324028968811035,6.2121992111206055,6.246270179748535,160081461
2022-04-14,6.541547775268555,6.7005438804626465,6.433658123016357,6.666473865509033,77795306
2022-04-15,6.325767993927002,6.581296920776367,6.075916767120361,6.5642619132995605,211296388
2022-04-18,6.320089817047119,6.592654228210449,6.070239067077637,6.183806896209717,234784584
2022-04-19,6.257627010345459,6.388230800628662,6.20084285736084,6.371194839477539,87081915
2022-04-20,6.25194787979126,6.342803001403809,6.206521034240723,6.263305187225342,62727328
2022-04-21,6.263305187225342,6.376873970031738,6.25194787979126,6.268983840942383,70611328
2022-04-22,6.087274074554443,6.308732986450195,6.047524929046631,6.246270179748535,60819751
2022-04-25,6.172450065612793,6.223556041717529,5.973704814910889,6.0815958976745605,63095092
2022-04-26,6.268983840942383,6.484764099121094,6.1497368812561035,6.2292351722717285,162243950
2022-04-27,6.354159832000732,6.626725196838379,6.195164203643799,6.331446170806885,180975209
2022-04-28,6.206521034240723,6.484764099121094,6.195164203643799,6.427979946136475,55829112
2022-04-29,6.308732986450195,6.393908977508545,6.183806896209717,6.2973761558532715,55777260
2022-05-05,6.7005438804626465,6.7800421714782715,6.410943984985352,6.427979946136475,88555573
2022-05-06,6.467729091644287,6.7686848640441895,6.320089817047119,6.638081073760986,84438472
2022-05-09,6.496120929718018,6.558582782745361,6.416623115539551,6.473406791687012,51667654
2022-05-10,6.655117034912109,6.672152042388916,6.530190944671631,6.53587007522583,17819439
2022-05-11,6.5074782371521,6.7800421714782715,6.399587154388428,6.666473865509033,67674951
2022-05-12,6.2860188484191895,6.518834114074707,6.16677188873291,6.490441799163818,78554030
2022-05-13,6.530190944671631,6.569940090179443,6.320089817047119,6.371194839477539,79878284
2022-05-16,6.615367889404297,6.7800421714782715,6.552905082702637,6.586976051330566,73418742
2022-05-17,7.001501083374023,7.1264262199401855,6.547226905822754,6.6437602043151855,168748860
2022-05-18,7.444417953491211,7.50120210647583,6.910645961761475,7.007178783416748,147167703
2022-05-20,7.734017848968506,7.802158832550049,7.3365278244018555,7.427382946014404,160625826
2022-05-23,8.017938613891602,8.017938613891602,7.603414058685303,7.813516139984131,164661884
2022-05-24,8.460857391357422,8.494927406311035,8.080402374267578,8.137186050415039,161474223
2022-05-25,8.25643253326416,8.460857391357422,8.176935195922852,8.460857391357422,117201070
2022-05-26,8.489249229431152,8.687994003295898,8.216684341430664,8.25643253326416,142693038
2022-05-27,8.273468971252441,8.722064018249512,8.26211166381836,8.574424743652344,119410283
2022-05-30,8.44950008392334,8.534675598144531,8.307538986206055,8.47789192199707,72878230
2022-05-31,8.892416954040527,8.892416954040527,8.41542911529541,8.517641067504883,130311878
2022-06-01,9.454582214355469,9.460260391235352,8.773170471191406,8.892416954040527,131032314
2022-06-02,9.755537986755371,9.988353729248047,9.426189422607422,9.494331359863281,147356125
2022-06-03,10.079209327697754,10.164384841918945,9.710110664367676,9.795287132263184,117818952
2022-06-06,9.925890922546387,10.408556938171387,9.886141777038574,10.135993003845215,159180581
2022-06-07,9.551115036010742,10.05649471282959,9.352370262145996,9.9656400680542,157359411
2022-06-08,9.14794635772705,9.704431533813477,9.14794635772705,9.630613327026367,118003866
2022-06-09,9.091161727905273,9.420511245727539,9.005986213684082,9.261514663696289,84273539
2022-06-10,8.773170471191406,9.301263809204102,8.676636695861816,9.08548355102539,99411451
2022-06-13,8.954879760742188,9.153624534606934,8.74477767944336,8.773170471191406,90260070
2022-06-14,8.954879760742188,9.102519035339355,8.705028533935547,9.045735359191895,58009938
2022-06-15,9.420511245727539,9.426189422607422,8.864025115966797,9.017342567443848,98734701
2022-06-16,9.21608829498291,9.545435905456543,9.164981842041016,9.494331359863281,75667812
2022-06-17,9.323978424072266,9.4829740524292,9.119553565979004,9.24448013305664,59236295
2022-06-20,9.397796630859375,9.551115036010742,9.295585632324219,9.392119407653809,50112231
2022-06-21,9.369404792785645,9.500008583068848,9.346691131591797,9.465937614440918,42743578
2022-06-22,9.358048439025879,9.53975772857666,9.284229278564453,9.369404792785645,65755913
2022-06-23,9.363726615905762,9.556793212890625,9.312621116638184,9.409153938293457,57751602
2022-06-24,9.346691131591797,9.687397003173828,9.346691131591797,9.409153938293457,110024044
2022-06-27,9.102519035339355,9.22744369506836,8.977594375610352,9.153624534606934,45896345
2022-06-28,8.756134986877441,9.199051856994629,8.716385841369629,9.125232696533203,57612469
2022-06-29,8.608495712280273,8.858346939086914,8.517641067504883,8.756134986877441,48876642
2022-06-30,8.404071807861328,8.608495712280273,8.290504455566406,8.574424743652344,70266461
2022-07-01,8.313218116760254,8.523319244384766,8.222363471984863,8.426786422729492,56267963
2022-07-04,8.176935195922852,8.585782051086426,8.176935195922852,8.364322662353516,53146085
2022-07-05,8.67095947265625,8.801562309265137,8.000904083251953,8.517641067504883,179873806
2022-07-06,8.608495712280273,9.045735359191895,8.546032905578613,8.74477767944336,127536797
2022-07-07,8.54035472869873,8.710707664489746,8.466534614562988,8.687994003295898,35123388
2022-07-08,8.489249229431152,8.568746566772461,8.483570098876953,8.54035472869873,14213850
2022-07-13,8.335930824279785,8.642565727233887,8.335930824279785,8.489249229431152,42873019
2022-07-14,8.154221534729004,8.392716407775879,8.074724197387695,8.347288131713867,32581335
2022-07-18,8.511962890625,8.534675598144531,8.22804069519043,8.245076179504395,36033675
2022-07-19,9.358048439025879,9.358048439025879,8.500605583190918,8.568746566772461,77306663
2022-07-20,9.545435905456543,9.823678970336914,9.369404792785645,9.437545776367188,91776842
2022-07-21,9.375083923339844,9.766895294189453,9.358048439025879,9.562472343444824,76215013
2022-07-22,9.193373680114746,9.53975772857666,9.119553565979004,9.454582214355469,46653432
2022-07-25,9.329655647277832,9.38644027709961,9.14794635772705,9.193373680114746,40585005
2022-07-26,9.136590003967285,9.528401374816895,9.125232696533203,9.403475761413574,39786513
2022-07-27,9.108197212219238,9.278550148010254,9.045735359191895,9.193373680114746,37254573
2022-07-28,9.187694549560547,9.44890308380127,9.119553565979004,9.199051856994629,66562270
2022-07-29,9.346691131591797,9.426189422607422,9.068448066711426,9.199051856994629,58214952
2022-08-01,9.653326988220215,9.800966262817383,9.471616744995117,9.494331359863281,91745319
2022-08-02,9.766895294189453,10.02242374420166,9.704431533813477,9.721467971801758,99782917
2022-08-03,10.08488655090332,10.118958473205566,9.778251647949219,9.823678970336914,75246871
2022-08-04,10.857152938842773,10.970722198486328,10.18142032623291,10.20981216430664,263427657
2022-08-05,10.987756729125977,11.2432861328125,10.60162353515625,10.913936614990234,123191735
2022-08-08,10.78901195526123,11.402281761169434,10.777654647827148,11.163787841796875,118675411
2022-08-09,10.635695457458496,10.874188423156738,10.471019744873047,10.811725616455078,47238967
2022-08-10,10.874188423156738,10.896902084350586,10.561875343322754,10.590267181396484,49377031
2022-08-11,10.590267181396484,11.08428955078125,10.2779541015625,11.061576843261719,118790055
2022-08-12,10.56755256652832,10.811725616455078,10.488055229187012,10.647050857543945,59114191
2022-08-15,10.578909873962402,10.78901195526123,10.56755256652832,10.635695457458496,45961353
2022-08-16,10.641372680664062,10.69815731048584,10.164384841918945,10.658408164978027,70165933
2022-08-17,10.879866600036621,11.112682342529297,10.658408164978027,10.686800003051758,102846494
2022-08-18,10.868510246276855,11.061576843261719,10.647050857543945,10.936651229858398,77632866
2022-08-19,11.146753311157227,11.209216117858887,10.652729988098145,10.862832069396973,93510547
2022-08-22,11.652132987976074,12.004196166992188,11.254643440246582,11.436352729797363,142316871
2022-08-23,11.629419326782227,11.862235069274902,11.57263469696045,11.640775680541992,77151458
2022-08-24,11.2489652633667,11.720273971557617,11.2432861328125,11.629419326782227,64910056
2022-08-25,11.390925407409668,11.720273971557617,11.33414077758789,11.362532615661621,51609909
2022-08-26,11.265999794006348,11.521529197692871,11.186502456665039,11.407960891723633,62687317
2022-08-29,11.618062973022461,11.691882133483887,11.192179679870605,11.265999794006348,63464011
2022-08-31,11.652132987976074,12.05530071258545,11.652132987976074,11.782736778259277,57687761
2022-09-01,11.52720832824707,11.941733360290527,11.52720832824707,11.640775680541992,62396923
2022-09-02,11.578313827514648,11.663490295410156,11.487459182739258,11.52720832824707,40907404
2022-09-05,11.805451393127441,12.0382661819458,11.612383842468262,11.623741149902344,69664108
2022-09-06,11.629419326782227,12.36761474609375,11.618062973022461,12.032588005065918,92386281
2022-09-07,11.81680679321289,11.828164100646973,11.356855392456055,11.629419326782227,68272712
2022-09-08,11.646454811096191,12.078015327453613,11.635098457336426,11.936054229736328,69822321
2022-09-09,11.686203956604004,11.88494873046875,11.561278343200684,11.657812118530273,54681696
2022-09-12,12.185905456542969,12.259724617004395,11.623741149902344,11.737310409545898,108667412
2022-09-13,11.107004165649414,12.344901084899902,11.107004165649414,12.265402793884277,79576496
2022-09-14,11.953089714050293,11.953089714050293,10.743584632873535,11.107004165649414,67833175
2022-09-15,11.595349311828613,11.998517036437988,11.470422744750977,11.964447021484375,89181750
2022-09-16,12.27676010131836,12.30515193939209,11.504493713378906,11.595349311828613,99199509
2022-09-19,11.896305084228516,12.816210746765137,11.896305084228516,12.293794631958008,69029943
2022-09-20,12.2142972946167,12.248368263244629,11.714595794677734,11.964447021484375,52949977
2022-09-21,12.55500316619873,12.992241859436035,12.163191795349121,12.2142972946167,100895028
2022-09-22,13.07174015045166,13.372696876525879,12.566360473632812,12.566360473632812,91621904
2022-09-23,14.366421699523926,14.366421699523926,12.867317199707031,13.094453811645508,122080572
2022-09-26,15.473714828491211,15.729244232177734,14.309637069702148,14.38061809539795,148290965
2022-09-27,15.615675926208496,16.155126571655273,15.047833442687988,15.487911224365234,128361187
2022-09-28,16.893321990966797,17.177242279052734,15.303361892700195,15.431126594543457,140917976
2022-09-29,15.700852394104004,17.44696807861328,15.20398998260498,17.262420654296875,136678285
2022-09-30,16.510028839111328,16.76555633544922,15.558891296386719,15.700852394104004,86825172
2022-10-03,16.297086715698242,16.793949127197266,16.04155731201172,16.609399795532227,97359408
2022-10-04,17.39018440246582,17.702497482299805,16.439048767089844,16.495832443237305,144894250
2022-10-05,17.44696807861328,18.25614356994629,17.234027862548828,17.44696807861328,109029945
2022-10-06,17.87285041809082,18.469085693359375,17.09206771850586,17.603124618530273,116897316
2022-10-07,19.12210464477539,19.64735984802246,18.469085693359375,18.4832820892334,100256971
2022-10-10,18.39810562133789,18.994340896606445,17.958026885986328,18.894968032836914,78532263
2022-10-11,18.17096710205078,18.65363311767578,17.603124618530273,18.525869369506836,61195172
2022-10-12,23.5,24.479999542236328,23.280000686645508,23.940000534057617,68052912
2022-10-13,24.5,25.18000030517578,23.700000762939453,23.700000762939453,39230227
2022-10-14,25.280000686645508,25.280000686645508,24.5,24.639999389648438,29346029
2022-10-17,27.68000030517578,27.760000228881836,24.200000762939453,25.31999969482422,54719968
2022-10-18,28.959999084472656,30.040000915527344,28.0,28.059999465942383,64950264
2022-10-19,30.299999237060547,31.0,29.059999465942383,29.100000381469727,46639362
2022-10-20,30.020000457763672,31.100000381469727,29.18000030517578,30.600000381469727,75573981
2022-10-21,29.5,30.139999389648438,28.739999771118164,30.020000457763672,39818081
2022-10-24,28.959999084472656,29.860000610351562,28.219999313354492,29.600000381469727,36113748
2022-10-25,28.0,29.18000030517578,26.639999389648438,28.959999084472656,48810621
2022-10-26,28.940000534057617,29.639999389648438,27.68000030517578,28.040000915527344,42724267
2022-10-27,28.139999389648438,29.040000915527344,27.700000762939453,28.979999542236328,22465180
2022-10-28,27.920000076293945,28.420000076293945,27.540000915527344,28.139999389648438,13154757
2022-10-31,28.639999389648438,29.079999923706055,27.639999389648438,27.959999084472656,42954710
2022-11-01,29.5,30.860000610351562,28.719999313354492,28.739999771118164,65827880
2022-11-02,28.81999969482422,29.700000762939453,28.700000762939453,29.520000457763672,28496961
2022-11-03,29.079999923706055,29.479999542236328,28.059999465942383,28.780000686645508,40427975
2022-11-04,29.5,30.0,28.68000030517578,29.079999923706055,42782338
2022-11-07,29.81999969482422,30.3799991607666,29.6200008392334,29.799999237060547,33291734
2022-11-08,32.79999923706055,32.79999923706055,28.920000076293945,29.860000610351562,100459961
2022-11-09,35.63999938964844,36.08000183105469,33.31999969482422,33.31999969482422,67992298
2022-11-10,37.13999938964844,39.2599983215332,34.29999923706055,35.5,80596201
2022-11-11,38.540000915527344,39.099998474121094,37.900001525878906,38.79999923706055,42075007
2022-11-14,42.380001068115234,42.380001068115234,38.560001373291016,38.560001373291016,35600535
2022-11-15,46.599998474121094,46.599998474121094,44.380001068115234,44.560001373291016,57310436
2022-11-16,51.25,51.25,49.0,49.0,110128684
2022-11-17,46.13999938964844,51.29999923706055,46.13999938964844,51.25,19492627
2022-11-18,41.540000915527344,41.540000915527344,41.540000915527344,41.540000915527344,6973638
2022-11-21,37.400001525878906,37.400001525878906,37.400001525878906,37.400001525878906,6835952
2022-11-22,41.13999938964844,41.13999938964844,33.65999984741211,33.65999984741211,122511904
2022-11-23,40.560001373291016,44.0,37.18000030517578,41.13999938964844,39449660
2022-11-24,37.959999084472656,40.540000915527344,37.0,40.540000915527344,22256669
2022-11-25,34.97999954223633,37.099998474121094,34.20000076293945,37.099998474121094,24771672
2022-11-28,36.400001525878906,36.65999984741211,31.5,34.900001525878906,34419714
2022-11-29,38.0,38.97999954223633,33.900001525878906,36.29999923706055,23120256
2022-11-30,35.599998474121094,36.959999084472656,33.900001525878906,33.900001525878906,67499698
2022-12-01,38.0,38.779998779296875,35.79999923706055,36.79999923706055,29009382
2022-12-02,37.619998931884766,38.18000030517578,36.099998474121094,38.0,12513282
2022-12-05,37.02000045776367,39.79999923706055,35.0,37.599998474121094,25661962
2022-12-06,38.02000045776367,38.5,35.5,36.7400016784668,19103429
2022-12-07,36.7599983215332,38.02000045776367,36.5,38.0,8989126
2022-12-08,36.79999923706055,37.5,35.599998474121094,36.119998931884766,7857952
2022-12-09,38.70000076293945,39.0,36.060001373291016,36.63999938964844,13661382
2022-12-12,41.0,41.20000076293945,37.97999954223633,38.70000076293945,16893112
2022-12-13,39.13999938964844,40.560001373291016,38.5,39.70000076293945,10382924
2022-12-14,37.400001525878906,39.5,37.20000076293945,39.15999984741211,12417947
2022-12-15,37.599998474121094,38.380001068115234,37.0,37.380001068115234,7041404
2022-12-16,37.099998474121094,38.20000076293945,37.0,37.540000915527344,2043438
2022-12-19,38.5,39.279998779296875,37.5,38.18000030517578,11621790
2022-12-20,39.47999954223633,39.47999954223633,37.900001525878906,38.47999954223633,10080737
2022-12-21,42.91999816894531,43.20000076293945,39.47999954223633,39.47999954223633,28792513
2022-12-22,43.959999084472656,44.900001525878906,41.70000076293945,42.939998626708984,17771383
2022-12-23,43.439998626708984,43.959999084472656,40.0,40.20000076293945,23828227
2022-12-26,41.2599983215332,44.18000030517578,41.2599983215332,43.41999816894531,14464213
2022-12-27,39.5,41.13999938964844,37.41999816894531,40.79999923706055,17982207
2022-12-28,38.400001525878906,39.900001525878906,37.91999816894531,39.2599983215332,9915873
2022-12-29,39.7400016784668,39.7599983215332,37.86000061035156,38.29999923706055,8020827
2022-12-30,37.619998931884766,40.0,37.619998931884766,39.7599983215332,10485112
2023-01-02,37.70000076293945,38.34000015258789,37.63999938964844,37.70000076293945,7085962
2023-01-03,36.880001068115234,41.099998474121094,36.2599983215332,37.70000076293945,24092061
2023-01-04,34.84000015258789,36.79999923706055,34.68000030517578,36.79999923706055,12607614
2023-01-05,32.720001220703125,34.81999969482422,31.5,34.81999969482422,10103403
2023-01-06,34.84000015258789,34.959999084472656,30.520000457763672,31.979999542236328,11776924
2023-01-09,34.91999816894531,36.0,33.29999923706055,35.0,6672040
2023-01-10,34.0,35.439998626708984,33.380001068115234,34.7599983215332,5294091
2023-01-11,32.560001373291016,35.099998474121094,32.540000915527344,34.36000061035156,6542576
2023-01-12,34.7599983215332,34.959999084472656,32.0,33.20000076293945,8424646
2023-01-13,36.41999816894531,37.5,33.7599983215332,34.599998474121094,10456901
2023-01-16,37.880001068115234,38.5,35.779998779296875,36.41999816894531,8380184
2023-01-17,37.68000030517578,38.47999954223633,37.099998474121094,37.880001068115234,6721844
2023-01-18,38.34000015258789,39.47999954223633,37.20000076293945,37.68000030517578,8428087
2023-01-19,38.20000076293945,38.279998779296875,37.5,38.0,5793211
2023-01-20,38.29999923706055,39.13999938964844,37.79999923706055,38.20000076293945,6201339
2023-01-23,34.47999954223633,36.5,34.47999954223633,36.18000030517578,14529778
2023-01-24,34.279998779296875,34.34000015258789,32.7599983215332,33.099998474121094,8031386
2023-01-25,33.5,34.58000183105469,32.2400016784668,34.279998779296875,8251055
2023-01-26,32.5,33.70000076293945,31.959999084472656,33.0,4776795
2023-01-27,34.060001373291016,34.900001525878906,31.979999542236328,32.400001525878906,7406777
2023-01-30,32.7599983215332,34.060001373291016,32.63999938964844,34.060001373291016,4834770
2023-01-31,31.5,33.20000076293945,31.5,32.5,6244991
2023-02-01,31.219999313354492,32.0,30.700000762939453,31.799999237060547,5584590
2023-02-02,32.84000015258789,33.79999923706055,30.68000030517578,31.5,9264633
2023-02-03,32.720001220703125,33.040000915527344,32.0,32.58000183105469,5678653
2023-02-06,30.899999618530273,32.220001220703125,29.979999542236328,32.220001220703125,5280358
2023-02-07,27.81999969482422,30.8799991607666,27.81999969482422,30.8799991607666,7951229
2023-02-08,25.040000915527344,25.040000915527344,25.040000915527344,25.040000915527344,16
2023-02-15,30.600000381469727,30.600000381469727,29.139999389648438,30.600000381469727,5580750
2023-02-16,33.65999984741211,33.65999984741211,31.299999237060547,33.65999984741211,33731478
2023-02-17,34.560001373291016,36.099998474121094,32.400001525878906,33.0,28470932
2023-02-20,38.0,38.0,34.0,34.58000183105469,40539309
2023-02-21,37.91999816894531,38.70000076293945,36.91999816894531,37.619998931884766,41994905
2023-02-22,35.5,38.18000030517578,35.20000076293945,38.02000045776367,24921828
2023-02-23,35.459999084472656,37.0,34.20000076293945,35.20000076293945,27948091
2023-02-24,34.279998779296875,35.720001220703125,34.2400016784668,35.599998474121094,16308749
2023-02-27,35.52000045776367,36.86000061035156,32.79999923706055,34.279998779296875,57208694
2023-02-28,35.560001373291016,36.15999984741211,35.060001373291016,35.599998474121094,22775115
2023-03-01,35.70000076293945,36.7400016784668,35.439998626708984,35.7400016784668,25625658
2023-03-02,34.31999969482422,35.959999084472656,34.0,35.70000076293945,16500603
2023-03-03,34.0,34.47999954223633,32.58000183105469,34.279998779296875,24292467
2023-03-06,34.70000076293945,35.2400016784668,33.81999969482422,34.0,22018537
2023-03-07,33.97999954223633,35.2400016784668,33.97999954223633,35.0,14110199
2023-03-08,33.20000076293945,34.2400016784668,33.15999984741211,33.720001220703125,14377667
2023-03-09,32.720001220703125,33.7599983215332,32.720001220703125,33.20000076293945,14740026
2023-03-10,32.560001373291016,33.15999984741211,32.5,32.720001220703125,13452306
2023-03-13,32.7400016784668,33.900001525878906,32.380001068115234,32.939998626708984,36783511
2023-03-14,31.34000015258789,32.84000015258789,31.299999237060547,32.7400016784668,23733075
2023-03-15,30.700000762939453,31.899999618530273,30.059999465942383,31.639999389648438,21470495
2023-03-16,30.940000534057617,31.3799991607666,30.399999618530273,30.760000228881836,22464533
2023-03-17,30.059999465942383,31.5,30.059999465942383,31.299999237060547,21756685
2023-03-20,28.540000915527344,30.200000762939453,28.540000915527344,30.059999465942383,29339304
2023-03-21,28.459999084472656,29.639999389648438,28.15999984741211,28.540000915527344,36670502
2023-03-22,28.979999542236328,29.639999389648438,28.239999771118164,28.520000457763672,28935956
2023-03-23,29.899999618530273,29.899999618530273,28.899999618530273,29.0,25361945
2023-03-24,30.260000228881836,30.760000228881836,29.700000762939453,30.020000457763672,22284898
2023-03-27,29.020000457763672,30.639999389648438,29.020000457763672,30.540000915527344,27536859
2023-03-28,27.799999237060547,29.18000030517578,27.600000381469727,29.139999389648438,20842209
2023-03-29,28.979999542236328,29.280000686645508,27.420000076293945,27.899999618530273,23556925
2023-03-30,28.100000381469727,29.100000381469727,28.020000457763672,28.979999542236328,14259953
2023-03-31,27.079999923706055,27.8799991607666,26.920000076293945,27.700000762939453,19340676
2023-04-03,26.81999969482422,27.780000686645508,25.920000076293945,27.079999923706055,37786837
2023-04-04,27.459999084472656,27.799999237060547,26.579999923706055,26.899999618530273,25485232
2023-04-05,26.780000686645508,27.760000228881836,26.739999771118164,27.459999084472656,16810832
2023-04-06,26.239999771118164,27.139999389648438,26.0,26.84000015258789,19530737
2023-04-07,26.31999969482422,26.559999465942383,26.020000457763672,26.260000228881836,14085700
2023-04-10,28.940000534057617,28.940000534057617,26.479999542236328,26.479999542236328,40479259
2023-04-11,30.399999618530273,31.420000076293945,28.780000686645508,29.299999237060547,82023416
2023-04-12,29.860000610351562,31.139999389648438,29.719999313354492,30.399999618530273,46637038
2023-04-13,28.739999771118164,30.34000015258789,28.739999771118164,29.940000534057617,22973448
2023-04-14,28.399999618530273,29.399999618530273,28.34000015258789,28.84000015258789,17786740
2023-04-17,29.1200008392334,30.31999969482422,28.1200008392334,28.579999923706055,49222220
2023-04-18,28.520000457763672,29.399999618530273,28.399999618530273,29.1200008392334,20997826
2023-04-19,28.459999084472656,28.81999969482422,28.059999465942383,28.520000457763672,14158146
2023-04-20,28.459999084472656,28.719999313354492,28.100000381469727,28.459999084472656,6226717
2023-04-24,29.399999618530273,29.920000076293945,28.520000457763672,28.520000457763672,30318107
2023-04-25,28.899999618530273,30.219999313354492,28.719999313354492,29.399999618530273,31110753
2023-04-26,27.760000228881836,29.239999771118164,27.6200008392334,29.219999313354492,20767647
2023-04-27,28.420000076293945,28.920000076293945,27.600000381469727,27.760000228881836,32378876
2023-04-28,26.940000534057617,28.65999984741211,26.600000381469727,28.6200008392334,21095111
2023-05-02,26.600000381469727,27.8799991607666,26.239999771118164,27.0,22715201
2023-05-03,25.520000457763672,27.020000457763672,24.579999923706055,26.799999237060547,27023593
2023-05-04,26.280000686645508,26.65999984741211,25.520000457763672,25.520000457763672,23355838
2023-05-05,24.979999542236328,26.31999969482422,24.780000686645508,26.31999969482422,18307011
2023-05-08,25.18000030517578,25.579999923706055,24.579999923706055,25.280000686645508,17629319
2023-05-09,24.399999618530273,25.3799991607666,24.040000915527344,25.239999771118164,16995887
2023-05-10,22.68000030517578,23.799999237060547,22.200000762939453,23.760000228881836,29903812
2023-05-11,24.0,24.559999465942383,22.68000030517578,22.68000030517578,30330713
2023-05-12,24.1200008392334,24.440000534057617,23.440000534057617,24.0,24099646
2023-05-15,23.6200008392334,25.139999389648438,22.6200008392334,23.100000381469727,27549349
2023-05-16,24.860000610351562,24.8799991607666,23.399999618530273,23.65999984741211,21696253
2023-05-17,26.079999923706055,26.239999771118164,24.700000762939453,24.860000610351562,21461063
2023-05-18,24.700000762939453,26.8799991607666,24.600000381469727,26.219999313354492,21598476
2023-05-22,24.8799991607666,25.360000610351562,24.420000076293945,24.81999969482422,24207765
2023-05-23,25.860000610351562,26.780000686645508,24.3799991607666,24.8799991607666,75672554
2023-05-24,25.200000762939453,26.68000030517578,25.139999389648438,25.6200008392334,39515346
2023-05-25,24.65999984741211,25.68000030517578,24.6200008392334,25.200000762939453,16515480
2023-05-26,25.700000762939453,25.920000076293945,24.639999389648438,24.65999984741211,23162855
2023-05-29,27.200000762939453,27.940000534057617,26.18000030517578,26.959999084472656,30195879
2023-05-30,27.600000381469727,28.0,27.200000762939453,27.459999084472656,28430283
2023-05-31,27.860000610351562,28.360000610351562,26.959999084472656,27.540000915527344,42240805
2023-06-01,27.940000534057617,28.799999237060547,27.940000534057617,28.579999923706055,18372553
2023-06-02,29.459999084472656,30.1200008392334,28.31999969482422,28.31999969482422,46095146
2023-06-05,32.400001525878906,32.400001525878906,30.139999389648438,30.18000030517578,61394665
2023-06-06,32.5,34.29999923706055,31.420000076293945,32.459999084472656,72861699
2023-06-07,32.959999084472656,34.040000915527344,32.599998474121094,33.540000915527344,40429349
2023-06-08,32.36000061035156,33.0,31.780000686645508,32.900001525878906,26456082
2023-06-09,32.02000045776367,33.0,31.959999084472656,32.7400016784668,21257508
2023-06-12,31.040000915527344,32.41999816894531,31.040000915527344,32.220001220703125,28034689
2023-06-13,29.139999389648438,30.739999771118164,28.739999771118164,30.739999771118164,31504489
2023-06-14,28.520000457763672,29.559999465942383,28.040000915527344,29.219999313354492,26229945
2023-06-15,31.360000610351562,31.360000610351562,28.5,28.959999084472656,37142813
2023-06-16,31.440000534057617,32.63999938964844,30.639999389648438,32.400001525878906,64778898
2023-06-19,29.420000076293945,31.799999237060547,29.31999969482422,31.639999389648438,24827044
2023-06-20,29.299999237060547,29.940000534057617,28.719999313354492,29.280000686645508,25145467
2023-06-21,28.399999618530273,29.81999969482422,28.34000015258789,29.520000457763672,20843925
2023-06-22,29.639999389648438,29.68000030517578,28.059999465942383,28.399999618530273,29321264
2023-06-23,29.899999618530273,30.440000534057617,29.219999313354492,30.079999923706055,22960672
2023-06-26,30.31999969482422,30.65999984741211,29.719999313354492,29.959999084472656,29215529
2023-06-27,30.260000228881836,30.399999618530273,29.920000076293945,30.31999969482422,7955179
2023-07-03,30.899999618530273,31.360000610351562,30.700000762939453,30.780000686645508,35193004
2023-07-04,31.540000915527344,32.779998779296875,31.459999084472656,31.540000915527344,55673571
2023-07-05,32.099998474121094,32.20000076293945,30.600000381469727,31.68000030517578,37786487
2023-07-06,31.780000686645508,32.939998626708984,31.719999313354492,32.70000076293945,33504462
2023-07-07,31.84000015258789,32.08000183105469,31.299999237060547,31.739999771118164,30780513
2023-07-10,32.2400016784668,32.7400016784668,31.979999542236328,32.52000045776367,38791536
2023-07-11,33.34000015258789,34.15999984741211,32.400001525878906,32.79999923706055,83295836
2023-07-12,33.58000183105469,34.52000045776367,33.08000183105469,33.400001525878906,67783068
2023-07-13,32.70000076293945,33.86000061035156,32.47999954223633,33.70000076293945,40819212
2023-07-14,32.47999954223633,33.13999938964844,31.920000076293945,32.900001525878906,42730699
2023-07-17,33.15999984741211,33.47999954223633,32.29999923706055,32.70000076293945,59992314
2023-07-18,31.15999984741211,33.63999938964844,31.15999984741211,33.41999816894531,47887725
2023-07-19,31.360000610351562,31.520000457763672,30.700000762939453,31.15999984741211,34472156
2023-07-20,31.219999313354492,31.979999542236328,30.739999771118164,31.81999969482422,44243240
2023-07-21,30.299999237060547,31.200000762939453,30.299999237060547,31.200000762939453,41237203
2023-07-24,30.200000762939453,31.34000015258789,29.739999771118164,30.299999237060547,61116671
2023-07-25,29.299999237060547,30.299999237060547,29.200000762939453,30.200000762939453,36733374
2023-07-26,29.780000686645508,30.059999465942383,29.200000762939453,29.280000686645508,34369034
2023-07-27,30.079999923706055,30.780000686645508,29.81999969482422,30.0,32805407
2023-07-28,30.479999542236328,31.200000762939453,30.139999389648438,30.399999618530273,46569037
2023-07-31,30.6200008392334,31.200000762939453,30.18000030517578,30.600000381469727,64640465
2023-08-01,31.780000686645508,32.97999954223633,30.399999618530273,30.6200008392334,144107264
2023-08-02,31.280000686645508,32.47999954223633,31.15999984741211,32.18000030517578,65804251
2023-08-03,30.780000686645508,31.8799991607666,30.719999313354492,31.3799991607666,59969116
2023-08-04,30.8799991607666,31.34000015258789,30.520000457763672,30.940000534057617,43197169
2023-08-07,29.799999237060547,31.18000030517578,29.6200008392334,30.8799991607666,46575771
2023-08-08,29.700000762939453,30.219999313354492,29.459999084472656,29.81999969482422,33700434
2023-08-09,29.719999313354492,30.040000915527344,29.459999084472656,29.860000610351562,43795714
2023-08-10,28.219999313354492,30.139999389648438,28.0,30.0,42402762
2023-08-11,29.0,29.18000030517578,27.65999984741211,28.3799991607666,39881343
2023-08-14,28.5,29.559999465942383,28.399999618530273,29.5,40794897
2023-08-15,28.200000762939453,28.760000228881836,27.81999969482422,28.579999923706055,34785929
2023-08-16,27.6200008392334,28.100000381469727,26.360000610351562,26.65999984741211,64415923
2023-08-17,27.219999313354492,27.760000228881836,27.100000381469727,27.6200008392334,36703591
2023-08-18,26.260000228881836,27.299999237060547,25.979999542236328,27.239999771118164,41102879
2023-08-21,27.18000030517578,27.3799991607666,25.799999237060547,26.200000762939453,55572107
2023-08-22,26.079999923706055,27.15999984741211,25.979999542236328,27.15999984741211,45722566
2023-08-23,25.219999313354492,26.459999084472656,25.219999313354492,26.219999313354492,50155630
2023-08-24,25.760000228881836,27.559999465942383,25.280000686645508,25.299999237060547,102704876
2023-08-25,25.6200008392334,26.239999771118164,24.739999771118164,25.760000228881836,53036884
2023-08-28,25.399999618530273,26.299999237060547,25.3799991607666,25.860000610351562,58148306
2023-08-29,24.940000534057617,25.719999313354492,24.940000534057617,25.5,53488879
2023-08-31,25.65999984741211,26.5,24.739999771118164,25.139999389648438,83227506
2023-09-01,25.15999984741211,25.860000610351562,24.920000076293945,25.700000762939453,45240036
2023-09-04,25.18000030517578,25.84000015258789,25.100000381469727,25.360000610351562,52237305
2023-09-05,26.020000457763672,26.1200008392334,25.200000762939453,25.260000228881836,84030044
2023-09-06,27.5,28.100000381469727,26.219999313354492,26.399999618530273,142557691
2023-09-07,26.860000610351562,28.15999984741211,26.68000030517578,28.0,55444675
2023-09-08,26.200000762939453,27.239999771118164,26.200000762939453,26.860000610351562,45477912
2023-09-11,25.579999923706055,26.860000610351562,25.459999084472656,26.3799991607666,57999127
2023-09-12,25.420000076293945,26.040000915527344,25.079999923706055,25.6200008392334,42249690
2023-09-13,24.959999084472656,25.84000015258789,24.860000610351562,25.440000534057617,50663986
2023-09-14,25.040000915527344,25.860000610351562,23.979999542236328,25.5,69556683
2023-09-15,24.639999389648438,25.200000762939453,24.639999389648438,25.100000381469727,40527530
2023-09-18,23.299999237060547,24.760000228881836,23.299999237060547,24.639999389648438,33810596
2023-09-19,23.600000381469727,23.84000015258789,23.100000381469727,23.34000015258789,35711365
2023-09-20,23.020000457763672,23.920000076293945,22.979999542236328,23.700000762939453,31117620
2023-09-21,23.860000610351562,23.940000534057617,22.84000015258789,23.020000457763672,45704788
2023-09-22,23.600000381469727,24.399999618530273,23.399999618530273,23.979999542236328,43079878
2023-09-25,23.860000610351562,24.040000915527344,23.559999465942383,23.84000015258789,47369469
2023-09-26,25.760000228881836,26.239999771118164,24.020000457763672,24.299999237060547,226635655
2023-09-27,24.940000534057617,25.68000030517578,24.579999923706055,25.68000030517578,94009189
2023-09-28,26.260000228881836,26.399999618530273,25.0,25.299999237060547,99611750
2023-09-29,26.899999618530273,27.440000534057617,26.079999923706055,26.260000228881836,100553830
2023-10-02,26.18000030517578,27.15999984741211,26.15999984741211,27.0,91945428
2023-10-03,25.600000381469727,26.3799991607666,25.5,26.299999237060547,66691747
2023-10-04,24.799999237060547,26.15999984741211,24.799999237060547,25.6200008392334,66070203
2023-10-05,24.780000686645508,25.139999389648438,24.1200008392334,24.959999084472656,50904161
2023-10-06,24.3799991607666,24.760000228881836,24.239999771118164,24.600000381469727,33973595
2023-10-09,24.219999313354492,25.600000381469727,23.920000076293945,24.079999923706055,83814290
2023-10-10,24.700000762939453,25.079999923706055,24.360000610351562,24.899999618530273,59264683
2023-10-11,25.059999465942383,25.799999237060547,24.639999389648438,24.719999313354492,76777161
2023-10-12,24.299999237060547,25.5,23.579999923706055,25.239999771118164,67258532
2023-10-13,23.979999542236328,24.459999084472656,23.799999237060547,24.299999237060547,44805383
2023-10-16,23.15999984741211,24.760000228881836,23.1200008392334,24.5,43659210
2023-10-17,23.760000228881836,23.760000228881836,22.899999618530273,23.239999771118164,38244470
2023-10-18,22.719999313354492,23.600000381469727,22.719999313354492,23.239999771118164,36201053
2023-10-19,22.760000228881836,23.420000076293945,22.479999542236328,22.899999618530273,38233750
2023-10-20,22.579999923706055,23.6200008392334,22.260000228881836,22.5,70273032
2023-10-23,23.68000030517578,24.34000015258789,22.5,23.100000381469727,80635992
2023-10-24,24.079999923706055,24.959999084472656,23.600000381469727,23.68000030517578,73659801
2023-10-25,22.100000381469727,24.540000915527344,22.100000381469727,24.1200008392334,48840878
2023-10-26,22.399999618530273,22.860000610351562,21.81999969482422,22.15999984741211,63905319
2023-10-27,22.31999969482422,22.600000381469727,21.8799991607666,22.420000076293945,39155908
2023-10-30,22.65999984741211,23.18000030517578,22.1200008392334,22.31999969482422,61201411
2023-10-31,21.920000076293945,22.8799991607666,21.84000015258789,22.719999313354492,33793574
2023-11-01,21.65999984741211,22.219999313354492,21.020000457763672,22.040000915527344,48768246
2023-11-02,21.84000015258789,22.260000228881836,21.68000030517578,22.020000457763672,36671039
2023-11-03,22.3799991607666,22.959999084472656,22.18000030517578,22.700000762939453,70884682
2023-11-06,22.559999465942383,23.15999984741211,22.399999618530273,22.68000030517578,33887049
2023-11-07,22.360000610351562,22.700000762939453,22.219999313354492,22.520000457763672,28965442
2023-11-08,22.219999313354492,22.799999237060547,22.1200008392334,22.540000915527344,30795792
2023-11-09,22.639999389648438,22.760000228881836,21.860000610351562,22.18000030517578,40149906
2023-11-10,21.84000015258789,22.540000915527344,21.799999237060547,22.100000381469727,37963417
2023-11-13,20.84000015258789,22.059999465942383,20.84000015258789,21.920000076293945,40410480
2023-11-14,20.739999771118164,21.239999771118164,20.239999771118164,20.920000076293945,36041617
2023-11-15,20.739999771118164,21.139999389648438,20.600000381469727,20.940000534057617,47682764
2023-11-16,20.84000015258789,21.0,20.639999389648438,20.780000686645508,28100418
2023-11-17,20.639999389648438,20.920000076293945,20.559999465942383,20.860000610351562,21656941
2023-11-20,20.760000228881836,21.079999923706055,20.700000762939453,20.799999237060547,38734674
2023-11-21,21.079999923706055,21.34000015258789,20.81999969482422,20.81999969482422,43930056
2023-11-22,20.959999084472656,21.239999771118164,20.81999969482422,21.1200008392334,24656438
2023-11-23,20.479999542236328,21.18000030517578,20.479999542236328,20.959999084472656,30365101
2023-11-24,20.559999465942383,20.760000228881836,20.31999969482422,20.399999618530273,30829211
2023-11-27,21.040000915527344,21.540000915527344,20.559999465942383,20.719999313354492,93727033
2023-11-28,22.0,22.3799991607666,21.0,21.079999923706055,118184634
2023-11-29,22.860000610351562,23.020000457763672,21.940000534057617,22.15999984741211,83547081
2023-11-30,22.299999237060547,22.920000076293945,21.719999313354492,22.860000610351562,54827685
2023-12-01,22.700000762939453,23.260000228881836,22.440000534057617,22.520000457763672,77694589
2023-12-04,23.540000915527344,23.68000030517578,22.520000457763672,22.799999237060547,75040993
2023-12-05,23.0,24.040000915527344,22.760000228881836,23.579999923706055,40695680
2023-12-06,21.600000381469727,23.020000457763672,21.600000381469727,23.0,36100638
2023-12-07,21.899999618530273,22.079999923706055,21.200000762939453,21.700000762939453,34982064
2023-12-08,21.100000381469727,22.040000915527344,21.059999465942383,21.959999084472656,36357138
2023-12-11,21.3799991607666,21.559999465942383,20.8799991607666,21.100000381469727,45073485
2023-12-12,21.299999237060547,21.799999237060547,21.020000457763672,21.34000015258789,31823966
2023-12-13,20.540000915527344,21.139999389648438,20.34000015258789,21.100000381469727,35571742
2023-12-14,21.540000915527344,21.6200008392334,20.399999618530273,20.700000762939453,34915249
2023-12-15,23.219999313354492,23.68000030517578,21.3799991607666,21.540000915527344,96795992
2023-12-18,23.920000076293945,24.760000228881836,22.860000610351562,22.8799991607666,107717872
2023-12-19,22.459999084472656,24.1200008392334,22.219999313354492,24.0,61927885
2023-12-20,21.399999618530273,22.979999542236328,21.31999969482422,22.6200008392334,37636923
2023-12-21,21.600000381469727,21.700000762939453,21.020000457763672,21.3799991607666,24943673
2023-12-22,20.899999618530273,21.700000762939453,20.780000686645508,21.600000381469727,20518582
2023-12-25,20.0,20.920000076293945,19.860000610351562,20.899999618530273,16304692
2023-12-26,20.15999984741211,20.739999771118164,20.0,20.100000381469727,24245920
2023-12-27,20.219999313354492,20.600000381469727,19.899999618530273,20.1200008392334,26863468
2023-12-28,20.360000610351562,20.81999969482422,20.280000686645508,20.360000610351562,20115430
2023-12-29,20.100000381469727,20.520000457763672,20.0,20.360000610351562,29288252
2024-01-02,20.280000686645508,20.459999084472656,20.079999923706055,20.280000686645508,28420765
2024-01-03,19.899999618530273,21.059999465942383,19.850000381469727,20.299999237060547,53843306
2024-01-04,19.899999618530273,20.059999465942383,19.6200008392334,19.899999618530273,34628109
2024-01-05,19.729999542236328,20.040000915527344,19.600000381469727,19.979999542236328,35204720
2024-01-08,19.6299991607666,19.899999618530273,19.6200008392334,19.81999969482422,37959949
2024-01-09,19.270000457763672,19.760000228881836,18.959999084472656,19.700000762939453,59074123
2024-01-10,18.43000030517578,19.299999237060547,18.360000610351562,19.290000915527344,63355808
2024-01-11,17.579999923706055,18.600000381469727,17.579999923706055,18.469999313354492,65261949
2024-01-12,17.399999618530273,18.06999969482422,17.059999465942383,17.450000762939453,81252322
2024-01-15,17.329999923706055,17.780000686645508,17.299999237060547,17.549999237060547,40847831
2024-01-16,17.030000686645508,17.43000030517578,16.969999313354492,17.350000381469727,45424575
2024-01-17,16.780000686645508,17.1299991607666,16.780000686645508,17.030000686645508,33427459
2024-01-18,17.25,17.760000228881836,16.90999984741211,17.0,124212801
2024-01-19,17.6200008392334,17.979999542236328,17.149999618530273,17.299999237060547,99460338
2024-01-22,17.270000457763672,17.959999084472656,17.270000457763672,17.65999984741211,62964979
2024-01-23,17.040000915527344,17.540000915527344,16.989999771118164,17.40999984741211,32215488
2024-01-24,17.059999465942383,17.299999237060547,16.899999618530273,17.100000381469727,36768752
2024-01-25,17.43000030517578,17.600000381469727,17.1200008392334,17.1299991607666,49511242
2024-01-26,17.6299991607666,17.770000457763672,17.31999969482422,17.520000457763672,43012475
2024-01-29,17.610000610351562,17.889999389648438,17.530000686645508,17.799999237060547,60549742
2024-01-30,17.84000015258789,18.200000762939453,17.579999923706055,17.65999984741211,73547982
2024-01-31,17.81999969482422,18.260000228881836,17.780000686645508,17.899999618530273,55029015
2024-02-01,18.010000228881836,18.139999389648438,17.850000381469727,17.8700008392334,38081693
2024-02-02,17.899999618530273,18.280000686645508,17.75,18.110000610351562,33651154
2024-02-05,18.34000015258789,18.719999313354492,17.829999923706055,17.90999984741211,80120688
2024-02-06,18.34000015258789,18.530000686645508,18.1299991607666,18.350000381469727,67398783
2024-02-07,18.059999465942383,18.389999389648438,18.049999237060547,18.360000610351562,49077276
2024-02-08,18.100000381469727,18.270000457763672,18.06999969482422,18.149999618530273,50179587
2024-02-09,18.25,18.68000030517578,18.079999923706055,18.110000610351562,68557069
2024-02-12,19.139999389648438,19.729999542236328,18.350000381469727,18.389999389648438,143830748
2024-02-13,19.979999542236328,20.84000015258789,19.139999389648438,19.149999618530273,180323030
2024-02-14,19.649999618530273,20.719999313354492,19.459999084472656,20.059999465942383,118400541
2024-02-15,21.600000381469727,21.600000381469727,19.739999771118164,19.770000457763672,78677869
2024-02-16,22.239999771118164,23.440000534057617,21.8799991607666,22.399999618530273,176389957
2024-02-19,21.719999313354492,22.959999084472656,21.600000381469727,22.700000762939453,109229192
2024-02-20,21.799999237060547,22.360000610351562,21.600000381469727,22.15999984741211,74182303
2024-02-21,20.940000534057617,21.860000610351562,20.84000015258789,21.84000015258789,60922658
2024-02-22,20.920000076293945,21.219999313354492,20.860000610351562,21.200000762939453,56107679
2024-02-23,20.34000015258789,21.040000915527344,20.200000762939453,20.979999542236328,46127473
2024-02-26,19.799999237060547,20.34000015258789,19.799999237060547,20.31999969482422,60685400
2024-02-27,19.43000030517578,20.3799991607666,19.270000457763672,19.799999237060547,87973321
2024-02-28,19.18000030517578,19.739999771118164,19.18000030517578,19.399999618530273,52726216
2024-02-29,19.100000381469727,20.079999923706055,19.100000381469727,19.18000030517578,190576640
2024-03-01,19.399999618530273,19.899999618530273,19.1299991607666,19.15999984741211,104818026
2024-03-04,18.510000228881836,19.579999923706055,18.510000228881836,19.5,67397499
2024-03-05,18.149999618530273,18.899999618530273,18.1200008392334,18.559999465942383,83246519
2024-03-06,17.920000076293945,18.649999618530273,17.799999237060547,18.170000076293945,66183080
2024-03-07,18.040000915527344,18.170000076293945,17.90999984741211,17.989999771118164,74850875
2024-03-08,18.040000915527344,18.84000015258789,17.6200008392334,18.110000610351562,238030981
2024-03-11,17.920000076293945,18.549999237060547,17.860000610351562,18.270000457763672,91669561
2024-03-12,17.40999984741211,18.1299991607666,17.260000228881836,17.950000762939453,63388281
2024-03-13,17.139999389648438,17.479999542236328,17.110000610351562,17.450000762939453,52570177
2024-03-14,17.200000762939453,17.5,17.100000381469727,17.170000076293945,48492508
2024-03-15,17.260000228881836,17.510000228881836,17.059999465942383,17.219999313354492,48568300
2024-03-18,17.020000457763672,17.350000381469727,16.959999084472656,17.280000686645508,45121040
2024-03-19,17.1299991607666,17.260000228881836,16.959999084472656,17.0,36250367
2024-03-20,17.200000762939453,17.530000686645508,17.1299991607666,17.1299991607666,53850042
2024-03-21,17.260000228881836,17.760000228881836,17.219999313354492,17.299999237060547,71167190
2024-03-22,17.170000076293945,17.649999618530273,17.09000015258789,17.270000457763672,68870175
2024-03-25,17.190000534057617,17.729999542236328,17.1200008392334,17.149999618530273,75533308
2024-03-26,16.459999084472656,17.3799991607666,16.3799991607666,17.260000228881836,51134697
2024-03-27,16.31999969482422,16.84000015258789,16.219999313354492,16.479999542236328,59938101
2024-03-28,17.100000381469727,17.68000030517578,16.809999465942383,17.309999465942383,121331194
2024-03-29,16.850000381469727,17.100000381469727,16.690000534057617,16.989999771118164,79768280
2024-04-01,15.630000114440918,16.510000228881836,15.510000228881836,16.110000610351562,67003130
2024-04-02,14.979999542236328,15.800000190734863,14.9399995803833,15.640000343322754,40406323
2024-04-03,14.539999961853027,15.15999984741211,14.5,14.979999542236328,37870517
2024-04-04,14.59000015258789,14.920000076293945,14.550000190734863,14.600000381469727,31896116
2024-04-05,16.040000915527344,16.040000915527344,14.649999618530273,14.649999618530273,62305221
2024-04-08,16.040000915527344,16.6299991607666,15.800000190734863,16.6299991607666,70494524
2024-04-15,15.59000015258789,16.1200008392334,15.59000015258789,16.079999923706055,54982859
2024-04-16,15.380000114440918,15.720000267028809,15.220000267028809,15.59000015258789,36494785
2024-04-17,15.199999809265137,15.640000343322754,15.109999656677246,15.489999771118164,28404531
2024-04-18,15.199999809265137,15.369999885559082,15.100000381469727,15.229999542236328,18213859
2024-04-19,15.369999885559082,15.569999694824219,15.039999961853027,15.039999961853027,32059672
2024-04-22,15.470000267028809,15.75,15.380000114440918,15.4399995803833,31016572
2024-04-24,15.329999923706055,15.729999542236328,15.279999732971191,15.569999694824219,26299813
2024-04-25,15.359999656677246,15.520000457763672,15.239999771118164,15.380000114440918,27090512
2024-04-26,15.420000076293945,15.550000190734863,15.3100004196167,15.380000114440918,43788189
2024-04-29,15.539999961853027,15.729999542236328,15.289999961853027,15.489999771118164,44629476
2024-04-30,15.220000267028809,15.579999923706055,15.1899995803833,15.579999923706055,39642833
2024-05-02,15.949999809265137,16.260000228881836,15.289999961853027,15.289999961853027,104191781
2024-05-03,16.079999923706055,16.31999969482422,15.670000076293945,15.9399995803833,65068208
2024-05-06,15.720000267028809,16.200000762939453,15.630000114440918,16.149999618530273,40253887
2024-05-07,16.209999084472656,16.559999465942383,15.75,15.760000228881836,95607837
2024-05-08,16.170000076293945,16.510000228881836,16.020000457763672,16.229999542236328,40420105
2024-05-09,16.18000030517578,16.489999771118164,15.979999542236328,16.260000228881836,44130154
2024-05-10,15.699999809265137,16.1200008392334,15.699999809265137,16.1200008392334,33584323
2024-05-13,15.40999984741211,15.819999694824219,15.390000343322754,15.739999771118164,28466264
2024-05-14,15.470000267028809,15.880000114440918,15.229999542236328,15.4399995803833,53813622
2024-05-15,15.25,15.680000305175781,15.239999771118164,15.470000267028809,31914683
2024-05-16,15.5,15.569999694824219,15.260000228881836,15.289999961853027,40220266
2024-05-17,15.6899995803833,16.25,15.479999542236328,15.609999656677246,65181778
2024-05-20,16.049999237060547,16.299999237060547,15.800000190734863,15.800000190734863,75441477
2024-05-21,15.789999961853027,16.670000076293945,15.779999732971191,16.079999923706055,64973694
2024-05-22,16.25,16.260000228881836,15.829999923706055,15.890000343322754,50148954
2024-05-23,15.699999809265137,16.18000030517578,15.539999961853027,16.149999618530273,53607690
2024-05-24,15.460000038146973,15.770000457763672,15.449999809265137,15.720000267028809,23212208
2024-05-27,15.329999923706055,15.6899995803833,15.260000228881836,15.5,28001407
2024-05-28,15.210000038146973,15.430000305175781,15.180000305175781,15.329999923706055,20182332
2024-05-29,14.850000381469727,15.329999923706055,14.850000381469727,15.210000038146973,23726554
2024-05-30,14.930000305175781,15.029999732971191,14.829999923706055,14.899999618530273,21820179
2024-05-31,14.600000381469727,15.09000015258789,14.579999923706055,14.970000267028809,35047361
2024-06-03,14.859999656677246,14.970000267028809,14.550000190734863,14.699999809265137,27615329
2024-06-04,14.649999618530273,15.029999732971191,14.640000343322754,14.899999618530273,29051462
2024-06-05,14.170000076293945,14.779999732971191,14.050000190734863,14.670000076293945,44417204
2024-06-06,13.970000267028809,14.5,13.920000076293945,14.260000228881836,41133306
2024-06-07,13.649999618530273,14.079999923706055,13.550000190734863,14.010000228881836,34176352
2024-06-10,13.430000305175781,13.859999656677246,13.300000190734863,13.649999618530273,24255942
2024-06-11,13.149999618530273,13.489999771118164,13.029999732971191,13.449999809265137,38158328
2024-06-12,13.0600004196167,13.199999809265137,12.970000267028809,13.15999984741211,32320057
2024-06-13,13.329999923706055,13.399999618530273,13.170000076293945,13.170000076293945,36752057
2024-06-14,13.5,13.600000381469727,13.279999732971191,13.5,35146932
2024-06-20,13.479999542236328,13.6899995803833,13.319999694824219,13.5,43205727
2024-06-21,13.180000305175781,13.5600004196167,13.180000305175781,13.520000457763672,31760289
2024-06-24,13.380000114440918,13.489999771118164,13.079999923706055,13.210000038146973,54349273
2024-06-25,13.100000381469727,13.390000343322754,13.079999923706055,13.380000114440918,25040810
2024-06-26,12.829999923706055,13.199999809265137,12.8100004196167,13.109999656677246,23412714
2024-06-27,12.949999809265137,12.989999771118164,12.8100004196167,12.84000015258789,28636204
2024-06-28,12.779999732971191,13.010000228881836,12.710000038146973,12.989999771118164,36681210
2024-07-01,12.1899995803833,12.899999618530273,12.100000381469727,12.859999656677246,39537539
2024-07-02,11.770000457763672,11.850000381469727,11.569999694824219,11.75,50315248
2024-07-03,11.65999984741211,11.989999771118164,11.569999694824219,11.989999771118164,28743828
2024-07-04,11.850000381469727,11.979999542236328,11.640000343322754,11.680000305175781,38558711
2024-07-05,12.40999984741211,13.029999732971191,11.680000305175781,11.850000381469727,104923597
2024-07-08,12.15999984741211,12.789999961853027,12.079999923706055,12.4399995803833,55824848
2024-07-09,12.170000076293945,12.270000457763672,12.020000457763672,12.220000267028809,29632830
2024-07-10,11.90999984741211,12.289999961853027,11.899999618530273,12.1899995803833,21878674
2024-07-11,12.260000228881836,12.270000457763672,11.949999809265137,11.949999809265137,33220237
2024-07-12,12.569999694824219,12.850000381469727,12.069999694824219,12.260000228881836,71347587
2024-07-16,12.9399995803833,13.069999694824219,12.34000015258789,12.579999923706055,83234935
2024-07-17,13.1899995803833,13.289999961853027,12.899999618530273,13.079999923706055,67449481
2024-07-18,13.300000190734863,13.449999809265137,13.140000343322754,13.220000267028809,46866854
2024-07-19,13.270000457763672,13.430000305175781,13.1899995803833,13.350000381469727,46558898
2024-07-22,13.229999542236328,13.510000228881836,13.100000381469727,13.300000190734863,43279476
2024-07-23,13.279999732971191,13.539999961853027,13.15999984741211,13.229999542236328,51309756
2024-07-24,13.390000343322754,13.720000267028809,13.180000305175781,13.270000457763672,70071171
2024-07-25,12.90999984741211,13.609999656677246,12.84000015258789,13.390000343322754,48088573
2024-07-26,12.829999923706055,13.039999961853027,12.779999732971191,12.930000305175781,28590814
2024-07-29,12.510000228881836,12.84000015258789,12.460000038146973,12.770000457763672,28365609
2024-07-30,12.390000343322754,12.699999809265137,12.329999923706055,12.550000190734863,29495751
2024-07-31,12.119999885559082,12.4399995803833,12.050000190734863,12.380000114440918,30095436
2024-08-01,12.420000076293945,12.539999961853027,12.239999771118164,12.239999771118164,30405963
2024-08-02,12.119999885559082,12.369999885559082,11.9399995803833,12.180000305175781,28441219
2024-08-05,11.220000267028809,11.630000114440918,11.119999885559082,11.149999618530273,28492557
2024-08-06,11.399999618530273,12.079999923706055,11.399999618530273,11.430000305175781,48264841
2024-08-07,11.65999984741211,11.739999771118164,11.40999984741211,11.550000190734863,24825214
2024-08-08,11.800000190734863,11.859999656677246,11.609999656677246,11.65999984741211,29823613
2024-08-09,11.449999809265137,11.979999542236328,11.4399995803833,11.930000305175781,23603490
2024-08-12,11.550000190734863,11.960000038146973,11.3100004196167,11.550000190734863,38388642
2024-08-13,11.539999961853027,11.670000076293945,11.300000190734863,11.5600004196167,27873971
2024-08-14,11.40999984741211,11.8100004196167,11.369999885559082,11.59000015258789,30526892
2024-08-15,11.699999809265137,11.75,11.289999961853027,11.4399995803833,25388222
2024-08-16,11.5600004196167,11.800000190734863,11.520000457763672,11.75,23667058
2024-08-19,11.84000015258789,11.850000381469727,11.4399995803833,11.619999885559082,25410899
2024-08-20,11.779999732971191,11.979999542236328,11.720000267028809,11.84000015258789,20895272
2024-08-21,11.5600004196167,11.890000343322754,11.539999961853027,11.800000190734863,21274582
2024-08-22,11.720000267028809,11.9399995803833,11.529999732971191,11.680000305175781,26556437
2024-08-23,11.329999923706055,11.789999961853027,11.270000457763672,11.729999542236328,19573616
2024-08-26,11.15999984741211,11.460000038146973,11.100000381469727,11.4399995803833,19877101
2024-08-27,11.3100004196167,11.380000114440918,11.109999656677246,11.15999984741211,21022205
2024-08-28,11.369999885559082,11.5,11.270000457763672,11.350000381469727,14761699
2024-08-29,11.65999984741211,11.960000038146973,11.34000015258789,11.369999885559082,58642999
2024-09-02,11.600000381469727,11.859999656677246,11.4399995803833,11.630000114440918,57108681
2024-09-03,12.09000015258789,12.600000381469727,11.640000343322754,11.649999618530273,107501781
2024-09-04,11.949999809265137,12.449999809265137,11.680000305175781,12.020000457763672,52643009
2024-09-05,12.239999771118164,12.489999771118164,11.880000114440918,11.989999771118164,49558494
2024-09-06,11.760000228881836,12.180000305175781,11.739999771118164,12.109999656677246,27056666
2024-09-09,4.134029865264893,4.267037868499756,4.134029865264893,4.252658843994141,49948771
2024-09-10,4.029780864715576,4.166382789611816,4.011806011199951,4.137625217437744,72715930
2024-09-11,3.8931779861450195,4.065729141235352,3.8859879970550537,4.040565013885498,72416145
2024-09-12,3.9147469997406006,3.950695037841797,3.7673590183258057,3.9363150596618652,82636262
2024-09-13,4.302986145019531,4.302986145019531,4.1412200927734375,4.302986145019531,198942454
2024-09-16,4.32096004486084,4.64089822769165,4.2850117683410645,4.378477096557617,328030910
2024-09-17,4.238278865814209,4.374882221221924,4.2203049659729,4.32096004486084,152466072
2024-09-18,4.059999942779541,4.320000171661377,4.019999980926514,4.300000190734863,260281544
2024-09-19,4.130000114440918,4.230000019073486,3.930000066757202,4.070000171661377,300123329
2024-09-20,4.539999961853027,4.539999961853027,4.099999904632568,4.139999866485596,413198766
2024-09-23,4.489999771118164,4.809999942779541,4.420000076293945,4.539999961853027,390781199
2024-09-24,4.510000228881836,4.659999847412109,4.400000095367432,4.510000228881836,373844789
2024-09-25,4.460000038146973,4.78000020980835,4.429999828338623,4.519999980926514,585133838
2024-09-26,4.369999885559082,4.559999942779541,4.300000190734863,4.5,290761829
2024-09-27,4.309999942779541,4.440000057220459,4.269999980926514,4.389999866485596,186091423
2024-09-30,4.46999979019165,4.489999771118164,4.28000020980835,4.300000190734863,301785495
2024-10-01,4.130000114440918,4.5,4.070000171661377,4.5,321513560
2024-10-02,3.9700000286102295,4.190000057220459,3.9700000286102295,4.119999885559082,232929719
2024-10-03,4.019999980926514,4.130000114440918,3.990000009536743,4.0,186195811
2024-10-04,4.099999904632568,4.130000114440918,3.950000047683716,4.039999961853027,244148765
2024-10-07,4.010000228881836,4.150000095367432,4.0,4.110000133514404,185745039
2024-10-08,4.010000228881836,4.079999923706055,3.9600000381469727,4.019999980926514,245347537
2024-10-09,4.010000228881836,4.03000020980835,3.940000057220459,4.010000228881836,197531720
2024-10-10,3.9800000190734863,4.079999923706055,3.950000047683716,4.019999980926514,219614475
2024-10-11,3.880000114440918,4.019999980926514,3.8399999141693115,4.0,143527955
2024-10-14,3.6700000762939453,3.9000000953674316,3.6700000762939453,3.890000104904175,156380462
2024-10-15,3.7100000381469727,3.740000009536743,3.6600000858306885,3.680000066757202,164310422
2024-10-16,3.7699999809265137,3.7799999713897705,3.690000057220459,3.7100000381469727,145117317
2024-10-17,3.799999952316284,3.819999933242798,3.740000009536743,3.7699999809265137,188526114
2024-10-18,3.690000057220459,3.890000104904175,3.690000057220459,3.809999942779541,192179350
2024-10-21,3.5999999046325684,3.7100000381469727,3.5899999141693115,3.700000047683716,130114502
2024-10-22,3.6500000953674316,3.680000066757202,3.5799999237060547,3.609999895095825,157441306
2024-10-23,3.5399999618530273,3.700000047683716,3.5399999618530273,3.6500000953674316,171488476
2024-10-24,3.609999895095825,3.619999885559082,3.559999942779541,3.559999942779541,121237811
2024-10-25,3.609999895095825,3.630000114440918,3.5399999618530273,3.5999999046325684,117369271
2024-10-28,3.640000104904175,3.6600000858306885,3.609999895095825,3.630000114440918,49611960
2024-10-30,3.6500000953674316,3.6600000858306885,3.619999885559082,3.6500000953674316,127953764
2024-10-31,3.549999952316284,3.680000066757202,3.5399999618530273,3.6500000953674316,146369020
2024-11-01,3.5399999618530273,3.609999895095825,3.5299999713897705,3.559999942779541,132084694
2024-11-04,3.390000104904175,3.549999952316284,3.359999895095825,3.5299999713897705,136364987
2024-11-05,3.359999895095825,3.430000066757202,3.3499999046325684,3.4000000953674316,121113253
2024-11-06,3.4200000762939453,3.4600000381469727,3.359999895095825,3.369999885559082,141043411
2024-11-07,3.430000066757202,3.440000057220459,3.380000114440918,3.430000066757202,137022892
2024-11-08,3.5,3.5299999713897705,3.4100000858306885,3.440000057220459,123721904
2024-11-11,3.4200000762939453,3.5299999713897705,3.4100000858306885,3.450000047683716,262089144
2024-11-12,3.390000104904175,3.430000066757202,3.390000104904175,3.4200000762939453,129291958
2024-11-13,3.359999895095825,3.4000000953674316,3.3399999141693115,3.4000000953674316,112856891
2024-11-14,3.4100000858306885,3.440000057220459,3.369999885559082,3.369999885559082,134957295
2024-11-15,3.450000047683716,3.490000009536743,3.4200000762939453,3.430000066757202,162996984
2024-11-18,3.4200000762939453,3.4700000286102295,3.390000104904175,3.4600000381469727,120999674
2024-11-19,3.509999990463257,3.6500000953674316,3.440000057220459,3.440000057220459,289458904
2024-11-20,3.369999885559082,3.569999933242798,3.3499999046325684,3.5199999809265137,152468110
2024-11-21,3.4700000286102295,3.4700000286102295,3.369999885559082,3.390000104904175,130163595
2024-11-22,3.809999942779541,3.809999942779541,3.450000047683716,3.4800000190734863,358217326
2024-11-25,3.990000009536743,4.119999885559082,3.809999942779541,3.9200000762939453,549419902
2024-11-26,3.9800000190734863,4.059999942779541,3.930000066757202,3.9800000190734863,333326053
2024-11-27,4.039999961853027,4.179999828338623,3.9800000190734863,4.010000228881836,362093203
2024-11-28,4.119999885559082,4.179999828338623,4.0,4.039999961853027,290508078
2024-11-29,4.110000133514404,4.150000095367432,4.050000190734863,4.130000114440918,209627291
2024-12-02,4.059999942779541,4.159999847412109,4.039999961853027,4.079999923706055,185303017
2024-12-03,4.119999885559082,4.170000076293945,4.039999961853027,4.059999942779541,334073214
2024-12-04,4.130000114440918,4.269999980926514,4.099999904632568,4.150000095367432,297109853
2024-12-05,4.25,4.300000190734863,4.159999847412109,4.159999847412109,235027947
2024-12-06,4.190000057220459,4.289999961853027,4.170000076293945,4.28000020980835,161287413
2024-12-09,4.289999961853027,4.320000171661377,4.170000076293945,4.210000038146973,257645770
2024-12-10,4.170000076293945,4.309999942779541,4.150000095367432,4.289999961853027,130699439
2024-12-11,4.159999847412109,4.210000038146973,4.130000114440918,4.170000076293945,152451972
2024-12-12,4.179999828338623,4.260000228881836,4.170000076293945,4.170000076293945,143714765
2024-12-13,4.190000057220459,4.21999979019165,4.119999885559082,4.179999828338623,97044654
2024-12-16,4.179999828338623,4.25,4.179999828338623,4.199999809265137,120284329
2024-12-17,4.130000114440918,4.190000057220459,4.070000171661377,4.190000057220459,118459188
2024-12-18,4.039999961853027,4.159999847412109,4.03000020980835,4.119999885559082,101409478
2024-12-19,3.950000047683716,4.050000190734863,3.950000047683716,4.019999980926514,89819850
2024-12-20,3.7200000286102295,3.9600000381469727,3.7200000286102295,3.9600000381469727,211926305
2024-12-23,3.7200000286102295,3.7899999618530273,3.700000047683716,3.7300000190734863,117464883
2024-12-24,3.759999990463257,3.8299999237060547,3.7100000381469727,3.7300000190734863,102409563
2024-12-25,3.809999942779541,3.8499999046325684,3.7799999713897705,3.799999952316284,70817875
2024-12-26,3.8499999046325684,3.930000066757202,3.819999933242798,3.8399999141693115,129231588
2024-12-27,4.019999980926514,4.050000190734863,3.8399999141693115,3.8499999046325684,189639143
2024-12-30,3.890000104904175,4.03000020980835,3.880000114440918,4.019999980926514,158579874
2024-12-31,3.869999885559082,3.940000057220459,3.8499999046325684,3.869999885559082,128711484
2025-01-02,3.9100000858306885,3.950000047683716,3.869999885559082,3.880000114440918,142750227
2025-01-03,4.21999979019165,4.300000190734863,3.930000066757202,3.930000066757202,634423979
2025-01-06,4.139999866485596,4.269999980926514,4.130000114440918,4.21999979019165,420955419
2025-01-07,4.010000228881836,4.210000038146973,4.010000228881836,4.130000114440918,379450140
2025-01-08,3.950000047683716,4.039999961853027,3.940000057220459,4.010000228881836,180925491
2025-01-09,4.099999904632568,4.110000133514404,3.9600000381469727,3.9700000286102295,236059692
2025-01-10,4.0,4.130000114440918,3.9800000190734863,4.110000133514404,237602351
2025-01-13,3.869999885559082,4.0,3.859999895095825,3.990000009536743,189403635
2025-01-14,3.7799999713897705,3.9000000953674316,3.7699999809265137,3.890000104904175,216474062
2025-01-15,3.7899999618530273,3.8299999237060547,3.75,3.7799999713897705,209818913
2025-01-16,3.819999933242798,3.8499999046325684,3.759999990463257,3.8299999237060547,172097252
2025-01-17,3.8299999237060547,3.859999895095825,3.799999952316284,3.8299999237060547,82925785
2025-01-20,3.809999942779541,3.880000114440918,3.7799999713897705,3.8499999046325684,140474438
2025-01-21,3.7799999713897705,3.8299999237060547,3.759999990463257,3.809999942779541,126963864
2025-01-22,3.8499999046325684,3.869999885559082,3.759999990463257,3.7899999618530273,137158758
2025-01-23,3.8499999046325684,3.9100000858306885,3.819999933242798,3.8499999046325684,159903760
2025-01-24,3.819999933242798,3.869999885559082,3.759999990463257,3.8499999046325684,147198218
2025-01-27,3.740000009536743,3.799999952316284,3.740000009536743,3.7799999713897705,171514451
2025-01-28,3.759999990463257,3.7699999809265137,3.7100000381469727,3.75,112510895
2025-01-29,3.690000057220459,3.7699999809265137,3.680000066757202,3.7699999809265137,113050277
2025-01-30,3.680000066757202,3.7300000190734863,3.680000066757202,3.690000057220459,162094112
2025-01-31,3.609999895095825,3.700000047683716,3.5999999046325684,3.690000057220459,131877599
2025-02-03,3.490000009536743,3.5899999141693115,3.4800000190734863,3.5899999141693115,143774737
2025-02-04,3.5299999713897705,3.559999942779541,3.490000009536743,3.509999990463257,133395443
2025-02-05,3.4600000381469727,3.5399999618530273,3.4200000762939453,3.5299999713897705,170566659
2025-02-06,3.509999990463257,3.5299999713897705,3.4700000286102295,3.490000009536743,95174655
2025-02-07,3.5799999237060547,3.5899999141693115,3.490000009536743,3.509999990463257,116367575
2025-02-10,3.5299999713897705,3.5999999046325684,3.509999990463257,3.5799999237060547,90996689
2025-02-11,3.5399999618530273,3.559999942779541,3.5,3.509999990463257,130281606
2025-02-12,3.5199999809265137,3.569999933242798,3.5,3.559999942779541,121433345
2025-02-13,3.5199999809265137,3.569999933242798,3.5,3.5399999618530273,158296284
2025-02-14,3.5199999809265137,3.5399999618530273,3.5,3.5299999713897705,124948917
2025-02-17,3.509999990463257,3.5399999618530273,3.5,3.5199999809265137,102302227
2025-02-18,3.490000009536743,3.509999990463257,3.4200000762939453,3.509999990463257,211977934
2025-02-19,3.430000066757202,3.5,3.4200000762939453,3.490000009536743,176718679
2025-02-20,3.490000009536743,3.549999952316284,3.430000066757202,3.440000057220459,362137635
2025-02-21,3.380000114440918,3.559999942779541,3.3399999141693115,3.5,286048043
2025-02-24,3.369999885559082,3.4200000762939453,3.359999895095825,3.4100000858306885,149211834
2025-02-25,3.3399999141693115,3.4100000858306885,3.3299999237060547,3.380000114440918,148445463
2025-02-26,3.359999895095825,3.380000114440918,3.319999933242798,3.3399999141693115,103032534
2025-02-27,3.380000114440918,3.4100000858306885,3.3399999141693115,3.359999895095825,92337525
2025-02-28,3.319999933242798,3.4000000953674316,3.319999933242798,3.380000114440918,116904851
2025-03-03,3.390000104904175,3.430000066757202,3.3499999046325684,3.3499999046325684,122729106
2025-03-04,3.359999895095825,3.390000104904175,3.3299999237060547,3.380000114440918,104218808
2025-03-05,3.440000057220459,3.450000047683716,3.359999895095825,3.369999885559082,139545109
2025-03-06,3.6600000858306885,3.6600000858306885,3.440000057220459,3.4600000381469727,205000292
2025-03-07,3.6500000953674316,3.690000057220459,3.5999999046325684,3.6600000858306885,201203081
2025-03-10,3.640000104904175,3.7200000286102295,3.5999999046325684,3.6600000858306885,162530446
2025-03-11,3.6700000762939453,3.700000047683716,3.5999999046325684,3.640000104904175,191643669
2025-03-12,3.640000104904175,3.6700000762939453,3.5999999046325684,3.6600000858306885,180948903
2025-03-13,3.690000057220459,3.759999990463257,3.6500000953674316,3.6500000953674316,199904140
2025-03-14,3.7200000286102295,3.75,3.700000047683716,3.700000047683716,153817134
2025-03-17,3.75,3.799999952316284,3.700000047683716,3.740000009536743,190589781
2025-03-18,3.7300000190734863,3.799999952316284,3.690000057220459,3.75,231479096
2025-03-19,3.359999895095825,3.5399999618530273,3.359999895095825,3.509999990463257,156892784
2025-03-20,3.3399999141693115,3.450000047683716,3.299999952316284,3.359999895095825,145628010
2025-03-21,3.059999942779541,3.3299999237060547,3.0399999618530273,3.3299999237060547,129807513
2025-03-24,3.069999933242798,3.180000066757202,2.950000047683716,3.069999933242798,109141970
2025-03-25,3.190000057220459,3.2200000286102295,3.0999999046325684,3.119999885559082,95392765
2025-03-26,3.190000057220459,3.2200000286102295,3.140000104904175,3.1700000762939453,98125591
2025-03-27,3.25,3.3499999046325684,3.2100000381469727,3.2100000381469727,201562889
2025-03-28,3.299999952316284,3.319999933242798,3.180000066757202,3.259999990463257,119675730
2025-04-02,3.299999952316284,3.3399999141693115,3.2699999809265137,3.299999952316284,65234623
2025-04-03,3.2200000286102295,3.3399999141693115,3.2200000286102295,3.309999942779541,85124383
2025-04-04,3.1500000953674316,3.240000009536743,3.1500000953674316,3.2200000286102295,79173075
2025-04-07,3.109999895095825,3.1700000762939453,3.0299999713897705,3.0899999141693115,134094952
2025-04-08,3.1600000858306885,3.200000047683716,3.130000114440918,3.1600000858306885,85468336
2025-04-09,3.0999999046325684,3.200000047683716,3.0999999046325684,3.140000104904175,128499194
2025-04-10,3.130000114440918,3.2300000190734863,3.130000114440918,3.190000057220459,149244759
2025-04-11,3.1600000858306885,3.180000066757202,3.119999885559082,3.140000104904175,123214511
2025-04-14,3.2699999809265137,3.3299999237060547,3.180000066757202,3.180000066757202,173015793
2025-04-15,3.2899999618530273,3.4000000953674316,3.2799999713897705,3.2799999713897705,144532075
2025-04-16,3.200000047683716,3.309999942779541,3.1700000762939453,3.2799999713897705,93796346
2025-04-17,3.200000047683716,3.25,3.130000114440918,3.200000047683716,105369259
2025-04-18,3.1700000762939453,3.2200000286102295,3.1600000858306885,3.2100000381469727,46663257
2025-04-21,3.1600000858306885,3.240000009536743,3.1500000953674316,3.190000057220459,58419033
2025-04-22,3.140000104904175,3.200000047683716,3.130000114440918,3.180000066757202,63034677
2025-04-24,3.2100000381469727,3.2300000190734863,3.1500000953674316,3.1500000953674316,84442123
2025-04-25,3.2699999809265137,3.309999942779541,3.190000057220459,3.2300000190734863,94306248
2025-04-28,3.1600000858306885,3.309999942779541,3.1600000858306885,3.2799999713897705,81697957
2025-04-29,3.140000104904175,3.200000047683716,3.119999885559082,3.1500000953674316,108003883
2025-04-30,3.0899999141693115,3.1700000762939453,3.0799999237060547,3.1500000953674316,88512626
2025-05-02,3.0999999046325684,3.140000104904175,3.0899999141693115,3.109999895095825,56108165
2025-05-05,3.0299999713897705,3.119999885559082,3.0199999809265137,3.0999999046325684,65923495
2025-05-06,3.0,3.059999942779541,3.0,3.0399999618530273,78920335
2025-05-07,3.0,3.049999952316284,2.990000009536743,3.0,76971663
2025-05-08,3.049999952316284,3.059999942779541,3.0,3.0,37224841
2025-05-09,3.119999885559082,3.130000114440918,3.049999952316284,3.0799999237060547,86536912
2025-05-12,3.2200000286102295,3.2300000190734863,3.1500000953674316,3.1600000858306885,82246510
2025-05-13,3.240000009536743,3.2799999713897705,3.180000066757202,3.2100000381469727,82011005
2025-05-14,3.2300000190734863,3.2699999809265137,3.2100000381469727,3.240000009536743,79789047
2025-05-15,3.130000114440918,3.259999990463257,3.130000114440918,3.2300000190734863,47387208
2025-05-16,3.2100000381469727,3.2100000381469727,3.119999885559082,3.140000104904175,58906942
2025-05-20,3.190000057220459,3.259999990463257,3.1700000762939453,3.2200000286102295,49771494
2025-05-21,3.190000057220459,3.240000009536743,3.1600000858306885,3.200000047683716,119864921
2025-05-22,3.1600000858306885,3.2300000190734863,3.0999999046325684,3.200000047683716,132365063
2025-05-23,3.109999895095825,3.1600000858306885,3.0799999237060547,3.140000104904175,59135912
2025-05-26,3.069999933242798,3.109999895095825,3.0399999618530273,3.0899999141693115,57960838
2025-05-27,3.0199999809265137,3.0799999237060547,3.009999990463257,3.059999942779541,50760967
2025-05-28,3.0199999809265137,3.0399999618530273,2.990000009536743,3.0199999809265137,46378183
2025-05-29,2.990000009536743,3.049999952316284,2.990000009536743,3.0199999809265137,43437273
2025-05-30,3.0899999141693115,3.0899999141693115,2.950000047683716,2.990000009536743,106865173
2025-06-02,3.0299999713897705,3.130000114440918,3.0299999713897705,3.0899999141693115,79297227
2025-06-03,3.069999933242798,3.109999895095825,3.0399999618530273,3.049999952316284,59574468
2025-06-04,3.140000104904175,3.140000104904175,3.059999942779541,3.069999933242798,61663994
2025-06-05,3.130000114440918,3.140000104904175,3.0999999046325684,3.140000104904175,21506286
2025-06-10,3.180000066757202,3.190000057220459,3.140000104904175,3.1500000953674316,64731317
2025-06-11,3.1600000858306885,3.180000066757202,3.130000114440918,3.1600000858306885,62721644
2025-06-12,3.069999933242798,3.140000104904175,3.0399999618530273,3.140000104904175,72926897
2025-06-13,2.9800000190734863,2.990000009536743,2.9000000953674316,2.950000047683716,67227476
2025-06-16,2.990000009536743,3.0299999713897705,2.940000057220459,2.9800000190734863,59891500
2025-06-17,2.9800000190734863,3.009999990463257,2.950000047683716,2.9800000190734863,43457705
2025-06-18,2.930000066757202,2.9700000286102295,2.9100000858306885,2.9600000381469727,45344788
2025-06-19,2.859999895095825,2.9600000381469727,2.859999895095825,2.930000066757202,55731756
2025-06-20,2.9000000953674316,2.930000066757202,2.880000114440918,2.890000104904175,50461808
2025-06-23,2.8499999046325684,2.890000104904175,2.8299999237060547,2.890000104904175,37437474
2025-06-24,2.9600000381469727,2.9800000190734863,2.9200000762939453,2.940000057220459,62400052
2025-06-25,2.9600000381469727,3.0,2.940000057220459,2.9700000286102295,49573102
2025-06-26,3.009999990463257,3.0799999237060547,2.950000047683716,2.9600000381469727,92669501
2025-06-27,3.059999942779541,3.069999933242798,2.9200000762939453,3.009999990463257,94712123
2025-06-30,3.259999990463257,3.259999990463257,3.059999942779541,3.0799999237060547,182707946
2025-07-01,3.369999885559082,3.5199999809265137,3.2200000286102295,3.259999990463257,196165095
2025-07-02,3.2899999618530273,3.4000000953674316,3.2699999809265137,3.4000000953674316,100032126
2025-07-03,3.3499999046325684,3.4100000858306885,3.319999933242798,3.3299999237060547,83754789
2025-07-04,3.2899999618530273,3.359999895095825,3.25,3.3499999046325684,69049563
2025-07-07,3.190000057220459,3.25,3.180000066757202,3.2200000286102295,60335455
2025-07-08,3.109999895095825,3.2200000286102295,3.109999895095825,3.200000047683716,43703772
2025-07-09,3.1700000762939453,3.200000047683716,3.119999885559082,3.119999885559082,39584113
2025-07-10,3.4600000381469727,3.4800000190734863,3.200000047683716,3.2100000381469727,232765120
2025-07-11,3.390000104904175,3.5199999809265137,3.380000114440918,3.4800000190734863,145973243
2025-07-14,3.4600000381469727,3.6500000953674316,3.369999885559082,3.390000104904175,273856844
2025-07-16,3.559999942779541,3.6600000858306885,3.390000104904175,3.4600000381469727,294011388
2025-07-17,3.5799999237060547,3.690000057220459,3.569999933242798,3.609999895095825,259614701
2025-07-18,3.5199999809265137,3.5999999046325684,3.490000009536743,3.5999999046325684,134953739
2025-07-21,3.619999885559082,3.640000104904175,3.549999952316284,3.549999952316284,114504995
2025-07-22,3.5899999141693115,3.6700000762939453,3.549999952316284,3.619999885559082,164763370
2025-07-23,3.700000047683716,3.7699999809265137,3.569999933242798,3.5899999141693115,281834396
2025-07-24,3.740000009536743,3.759999990463257,3.6700000762939453,3.7200000286102295,155316290
2025-07-25,3.75,3.809999942779541,3.740000009536743,3.759999990463257,141420007
2025-07-28,3.940000057220459,4.0,3.75,3.759999990463257,251912852
2025-07-29,3.869999885559082,4.039999961853027,3.869999885559082,3.950000047683716,220971847
2025-07-30,4.0,4.059999942779541,3.819999933242798,3.869999885559082,249609111
2025-07-31,3.9600000381469727,4.039999961853027,3.950000047683716,4.010000228881836,132990287
2025-08-01,4.050000190734863,4.110000133514404,3.9600000381469727,3.9600000381469727,177696332
2025-08-04,4.070000171661377,4.119999885559082,4.059999942779541,4.079999923706055,91319410
2025-08-05,3.9700000286102295,4.099999904632568,3.9600000381469727,4.079999923706055,89799117
2025-08-06,4.110000133514404,4.139999866485596,3.9100000858306885,3.9700000286102295,165188276
2025-08-07,4.070000171661377,4.159999847412109,4.039999961853027,4.119999885559082,140164791
2025-08-08,4.289999961853027,4.369999885559082,4.03000020980835,4.059999942779541,616317393
2025-08-11,4.309999942779541,4.440000057220459,4.309999942779541,4.309999942779541,211615568
2025-08-12,4.340000152587891,4.420000076293945,4.28000020980835,4.309999942779541,207110300
2025-08-13,4.519999980926514,4.550000190734863,4.329999923706055,4.340000152587891,315464726
2025-08-14,4.619999885559082,4.71999979019165,4.46999979019165,4.480000019073486,352996314
2025-08-15,4.96999979019165,5.039999961853027,4.639999866485596,4.639999866485596,638396158
2025-08-18,4.989999771118164,5.269999980926514,4.849999904632568,5.119999885559082,881172103
2025-08-19,4.78000020980835,5.03000020980835,4.690000057220459,4.800000190734863,479177697
2025-08-20,4.610000133514404,4.760000228881836,4.599999904632568,4.760000228881836,287229351
2025-08-21,4.78000020980835,4.920000076293945,4.610000133514404,4.639999866485596,738898142
2025-08-22,4.679999828338623,4.960000038146973,4.670000076293945,4.809999942779541,667201195
2025-08-25,4.960000038146973,5.070000171661377,4.75,4.760000228881836,53434615
2025-08-26,4.75,5.03000020980835,4.75,4.96999979019165,737689949
2025-08-27,4.539999961853027,4.840000152587891,4.539999961853027,4.78000020980835,230517947
2025-08-28,4.639999866485596,4.730000019073486,4.539999961853027,4.599999904632568,206866138
2025-08-29,4.380000114440918,4.670000076293945,4.380000114440918,4.659999847412109,167295502
2025-09-01,4.340000152587891,4.420000076293945,4.309999942779541,4.389999866485596,217420167
2025-09-02,4.380000114440918,4.5,4.159999847412109,4.340000152587891,313459159
2025-09-03,4.21999979019165,4.420000076293945,4.199999809265137,4.360000133514404,187796441
2025-09-04,4.190000057220459,4.329999923706055,4.130000114440918,4.239999771118164,169663021
2025-09-05,4.039999961853027,4.25,4.039999961853027,4.210000038146973,257851169
2025-09-08,3.7699999809265137,3.9800000190734863,3.7300000190734863,3.9800000190734863,297627455
2025-09-09,3.8399999141693115,3.9000000953674316,3.740000009536743,3.7899999618530273,182131054
2025-09-10,3.859999895095825,3.9100000858306885,3.809999942779541,3.859999895095825,139706648
2025-09-11,3.700000047683716,3.9100000858306885,3.690000057220459,3.859999895095825,201314028
2025-09-12,3.690000057220459,3.7300000190734863,3.5999999046325684,3.700000047683716,127482380
2025-09-15,4.019999980926514,4.019999980926514,3.6700000762939453,3.7699999809265137,431764325
2025-09-16,4.0,4.130000114440918,4.0,4.03000020980835,384976367
2025-09-17,4.03000020980835,4.110000133514404,4.0,4.0,235285513
2025-09-18,3.930000066757202,4.130000114440918,3.930000066757202,4.050000190734863,249801720
2025-09-19,4.0,4.0,3.890000104904175,3.950000047683716,187041374
2025-09-22,4.050000190734863,4.139999866485596,4.050000190734863,4.119999885559082,221194903
2025-09-23,4.059999942779541,4.079999923706055,3.9800000190734863,4.010000228881836,154910298
2025-09-24,4.010000228881836,4.079999923706055,3.930000066757202,4.079999923706055,148999748
2025-09-25,4.039999961853027,4.119999885559082,4.019999980926514,4.059999942779541,183908932
2025-09-26,3.9200000762939453,4.099999904632568,3.9000000953674316,4.03000020980835,197436909
2025-09-29,3.819999933242798,3.9100000858306885,3.799999952316284,3.9000000953674316,124810015
2025-09-30,3.7100000381469727,3.8299999237060547,3.7100000381469727,3.819999933242798,146514710
2025-10-01,3.609999895095825,3.7100000381469727,3.509999990463257,3.700000047683716,200928630
2025-10-02,3.5299999713897705,3.640000104904175,3.5199999809265137,3.609999895095825,108053667
2025-10-03,3.549999952316284,3.569999933242798,3.5,3.5399999618530273,106293147
2025-10-06,3.4000000953674316,3.5799999237060547,3.390000104904175,3.569999933242798,138531908
2025-10-07,3.4000000953674316,3.430000066757202,3.359999895095825,3.4000000953674316,145331008
2025-10-08,3.3299999237060547,3.440000057220459,3.3299999237060547,3.4000000953674316,150746359
2025-10-09,3.359999895095825,3.509999990463257,3.359999895095825,3.359999895095825,154875892
2025-10-10,3.369999885559082,3.4200000762939453,3.3299999237060547,3.369999885559082,132871034
2025-10-13,3.2699999809265137,3.359999895095825,3.2699999809265137,3.319999933242798,83535879
2025-10-14,3.240000009536743,3.319999933242798,3.190000057220459,3.2799999713897705,167867179
2025-10-15,3.3499999046325684,3.359999895095825,3.2200000286102295,3.2699999809265137,129805159
2025-10-16,3.240000009536743,3.380000114440918,3.200000047683716,3.3399999141693115,144664416
2025-10-17,3.2100000381469727,3.25,3.119999885559082,3.200000047683716,100453234
2025-10-20,3.309999942779541,3.319999933242798,3.180000066757202,3.240000009536743,87180961
2025-10-21,3.3299999237060547,3.3499999046325684,3.2300000190734863,3.309999942779541,107161082
2025-10-22,3.3299999237060547,3.369999885559082,3.299999952316284,3.3499999046325684,78039862
2025-10-23,3.6600000858306885,3.6600000858306885,3.3399999141693115,3.3399999141693115,256456129
2025-10-24,3.630000114440918,3.880000114440918,3.619999885559082,3.819999933242798,467792358
2025-10-27,3.5799999237060547,3.7200000286102295,3.569999933242798,3.630000114440918,133115452
2025-10-28,3.5199999809265137,3.5999999046325684,3.5199999809265137,3.5799999237060547,43662629
2025-10-30,3.4700000286102295,3.5899999141693115,3.4700000286102295,3.549999952316284,152203665
2025-10-31,3.569999933242798,3.6500000953674316,3.450000047683716,3.4700000286102295,175342459
2025-11-03,3.740000009536743,3.809999942779541,3.5899999141693115,3.5999999046325684,254998286
2025-11-04,3.630000114440918,3.7300000190734863,3.569999933242798,3.690000057220459,117983331
2025-11-05,3.619999885559082,3.6700000762939453,3.5799999237060547,3.630000114440918,101679470
2025-11-06,3.549999952316284,3.5799999237060547,3.4800000190734863,3.5199999809265137,131443108
2025-11-07,3.450000047683716,3.5999999046325684,3.4000000953674316,3.5399999618530273,133845103
2025-11-10,3.380000114440918,3.490000009536743,3.369999885559082,3.4600000381469727,93531828
2025-11-11,3.299999952316284,3.390000104904175,3.2300000190734863,3.390000104904175,147788800
2025-11-12,3.2799999713897705,3.4100000858306885,3.25,3.319999933242798,156621303
2025-11-13,3.140000104904175,3.299999952316284,3.130000114440918,3.2799999713897705,140936289
2025-11-14,3.2300000190734863,3.259999990463257,3.119999885559082,3.140000104904175,137348531
2025-11-17,3.2699999809265137,3.319999933242798,3.240000009536743,3.2799999713897705,102626955
2025-11-18,3.259999990463257,3.3399999141693115,3.240000009536743,3.259999990463257,118472133
2025-11-19,3.3299999237060547,3.3499999046325684,3.259999990463257,3.2699999809265137,140978081
2025-11-20,3.2899999618530273,3.390000104904175,3.2699999809265137,3.359999895095825,222062374
2025-11-21,3.2799999713897705,3.319999933242798,3.240000009536743,3.2699999809265137,175349922
2025-11-24,3.2699999809265137,3.3499999046325684,3.2699999809265137,3.2699999809265137,106493529
2025-11-25,3.200000047683716,3.2899999618530273,3.1700000762939453,3.2799999713897705,106591968
2025-11-26,3.1500000953674316,3.2200000286102295,3.1500000953674316,3.180000066757202,70190658
2025-11-27,3.200000047683716,3.2300000190734863,3.1500000953674316,3.180000066757202,79827034
2025-11-28,3.180000066757202,3.200000047683716,3.1500000953674316,3.200000047683716,70122035
2025-12-01,3.2699999809265137,3.2799999713897705,3.1700000762939453,3.180000066757202,97938185
2025-12-02,3.2300000190734863,3.299999952316284,3.2200000286102295,3.2899999618530273,81797195
2025-12-03,3.180000066757202,3.2799999713897705,3.180000066757202,3.240000009536743,102443311
2025-12-04,3.180000066757202,3.2100000381469727,3.130000114440918,3.190000057220459,63973029
2025-12-05,3.200000047683716,3.200000047683716,3.1500000953674316,3.1700000762939453,69594467
2025-12-08,3.2699999809265137,3.4200000762939453,3.2300000190734863,3.259999990463257,191030804
2025-12-09,3.240000009536743,3.309999942779541,3.200000047683716,3.299999952316284,83569142
2025-12-10,3.200000047683716,3.2699999809265137,3.180000066757202,3.259999990463257,56628837
2025-12-11,3.180000066757202,3.2300000190734863,3.1600000858306885,3.200000047683716,64849962
2025-12-12,3.190000057220459,3.2200000286102295,3.140000104904175,3.180000066757202,125281149
2025-12-15,3.200000047683716,3.240000009536743,3.1700000762939453,3.2100000381469727,86387596
2025-12-16,3.1600000858306885,3.200000047683716,3.1500000953674316,3.190000057220459,80388877
2025-12-17,3.119999885559082,3.200000047683716,3.109999895095825,3.1600000858306885,57942151
2025-12-18,3.130000114440918,3.1600000858306885,3.109999895095825,3.119999885559082,88733496
2025-12-19,3.119999885559082,3.1500000953674316,3.119999885559082,3.1500000953674316,48669464
2025-12-22,3.059999942779541,3.1600000858306885,3.0399999618530273,3.130000114440918,83042330
2025-12-23,3.059999942779541,3.0999999046325684,3.0399999618530273,3.059999942779541,112020134
2025-12-24,3.1600000858306885,3.240000009536743,3.0199999809265137,3.069999933242798,298351983
2025-12-25,3.140000104904175,3.2300000190734863,3.140000104904175,3.1700000762939453,95098372
2025-12-26,3.0799999237060547,3.1600000858306885,3.0399999618530273,3.140000104904175,108971006
2025-12-29,3.049999952316284,3.0999999046325684,3.009999990463257,3.0799999237060547,167036148
2025-12-30,3.059999942779541,3.0799999237060547,3.0,3.049999952316284,132462167
2025-12-31,3.059999942779541,3.0899999141693115,3.049999952316284,3.059999942779541,75489537
2026-01-02,3.140000104904175,3.1600000858306885,3.059999942779541,3.059999942779541,97202204
2026-01-05,3.1600000858306885,3.200000047683716,3.1500000953674316,3.1600000858306885,92481319
2026-01-06,3.190000057220459,3.190000057220459,3.1500000953674316,3.1600000858306885,75368936
2026-01-07,3.130000114440918,3.2200000286102295,3.130000114440918,3.2200000286102295,108408570
2026-01-08,2.9800000190734863,3.119999885559082,2.9100000858306885,3.119999885559082,225623393
2026-01-09,2.9700000286102295,3.0399999618530273,2.9000000953674316,3.009999990463257,116792699
2026-01-12,2.940000057220459,2.990000009536743,2.9200000762939453,2.9800000190734863,135420534
2026-01-13,2.940000057220459,2.9800000190734863,2.940000057220459,2.950000047683716,98777777
2026-01-14,2.890000104904175,2.9600000381469727,2.890000104904175,2.950000047683716,103267540
2026-01-15,2.9600000381469727,2.990000009536743,2.880000114440918,2.880000114440918,111360546
2026-01-16,2.9700000286102295,3.0,2.950000047683716,2.9700000286102295,131420176
2026-01-19,3.0199999809265137,3.059999942779541,2.9800000190734863,2.990000009536743,94289043
2026-01-20,2.990000009536743,3.049999952316284,2.9600000381469727,3.0299999713897705,82902907
2026-01-21,2.9700000286102295,3.0,2.930000066757202,2.990000009536743,87013818
2026-01-22,3.069999933242798,3.0799999237060547,2.9800000190734863,2.9800000190734863,122221967
2026-01-23,3.1700000762939453,3.180000066757202,3.0799999237060547,3.0899999141693115,175433366
2026-01-26,3.2100000381469727,3.25,3.0899999141693115,3.1700000762939453,222229026
2026-01-27,3.2699999809265137,3.299999952316284,3.1700000762939453,3.2200000286102295,167688274
2026-01-28,3.2899999618530273,3.380000114440918,3.2699999809265137,3.2699999809265137,195005317
2026-01-29,3.380000114440918,3.4000000953674316,3.259999990463257,3.299999952316284,180261504
2026-01-30,3.359999895095825,3.4600000381469727,3.309999942779541,3.4200000762939453,130461246
2026-02-02,3.2699999809265137,3.309999942779541,3.2100000381469727,3.299999952316284,102242922
2026-02-03,3.299999952316284,3.4200000762939453,3.2799999713897705,3.309999942779541,159520520
2026-02-04,3.25,3.359999895095825,3.25,3.3299999237060547,103628122
2026-02-05,3.240000009536743,3.2799999713897705,3.2200000286102295,3.240000009536743,96088168
2026-02-06,3.180000066757202,3.259999990463257,3.119999885559082,3.259999990463257,112763080
2026-02-09,3.299999952316284,3.440000057220459,3.200000047683716,3.2200000286102295,222446925
2026-02-10,3.240000009536743,3.3399999141693115,3.2300000190734863,3.309999942779541,133461099
2026-02-11,3.380000114440918,3.4700000286102295,3.2100000381469727,3.2200000286102295,411226668
2026-02-12,3.4600000381469727,3.559999942779541,3.380000114440918,3.390000104904175,345962277
2026-02-13,3.4000000953674316,3.509999990463257,3.369999885559082,3.4600000381469727,204905269
2026-02-16,3.509999990463257,3.549999952316284,3.430000066757202,3.430000066757202,225556848
2026-02-17,3.4700000286102295,3.630000114440918,3.4700000286102295,3.5199999809265137,283233671
2026-02-18,3.4700000286102295,3.5399999618530273,3.3499999046325684,3.450000047683716,337519702
2026-02-19,3.309999942779541,3.490000009536743,3.259999990463257,3.4800000190734863,201385975
2026-02-20,3.299999952316284,3.3499999046325684,3.2300000190734863,3.309999942779541,141870819
2026-02-23,3.25,3.380000114440918,3.240000009536743,3.3399999141693115,124438445
2026-02-24,3.1700000762939453,3.259999990463257,3.1500000953674316,3.25,183939993
2026-02-25,3.069999933242798,3.180000066757202,3.0399999618530273,3.180000066757202,166969883
2026-02-26,3.059999942779541,3.119999885559082,3.0299999713897705,3.0799999237060547,197822630
2026-02-27,3.0399999618530273,3.0899999141693115,2.9800000190734863,3.0799999237060547,250911892
2026-03-02,2.8499999046325684,2.930000066757202,2.819999933242798,2.869999885559082,111537676
2026-03-03,2.9000000953674316,3.009999990463257,2.859999895095825,2.890000104904175,148640930
2026-03-04,2.9100000858306885,2.9800000190734863,2.859999895095825,2.9000000953674316,129357223
2026-03-05,2.940000057220459,2.9700000286102295,2.9100000858306885,2.940000057220459,46987753
2026-03-06,2.859999895095825,3.0,2.859999895095825,2.9700000286102295,89823054
2026-03-09,2.859999895095825,2.9200000762939453,2.7699999809265137,2.819999933242798,133006344
2026-03-10,2.950000047683716,2.9600000381469727,2.9000000953674316,2.9000000953674316,65467056
2026-03-11,2.9000000953674316,2.9600000381469727,2.869999885559082,2.950000047683716,73624680
2026-03-12,3.0999999046325684,3.119999885559082,2.880000114440918,2.890000104904175,434257492
2026-03-13,2.9700000286102295,3.180000066757202,2.9700000286102295,3.059999942779541,394645110
2026-03-16,2.930000066757202,3.0399999618530273,2.930000066757202,3.0,116052128
2026-03-17,3.059999942779541,3.119999885559082,2.9700000286102295,2.9700000286102295,166745987
2026-03-18,2.9700000286102295,3.0899999141693115,2.950000047683716,3.0799999237060547,93483729
2026-03-19,2.930000066757202,2.9800000190734863,2.9100000858306885,2.950000047683716,52323800
2026-03-23,2.990000009536743,3.009999990463257,2.869999885559082,2.9200000762939453,176370765
2026-03-24,2.9100000858306885,3.009999990463257,2.890000104904175,2.9800000190734863,84204215
2026-03-25,2.859999895095825,2.9600000381469727,2.8499999046325684,2.950000047683716,105283996
2026-03-26,2.8399999141693115,2.9100000858306885,2.8399999141693115,2.859999895095825,79076380
2026-03-27,2.799999952316284,2.880000114440918,2.759999990463257,2.869999885559082,71829384
2026-03-30,2.799999952316284,2.8399999141693115,2.7699999809265137,2.7899999618530273,77512853
2026-03-31,2.859999895095825,2.880000114440918,2.799999952316284,2.819999933242798,87418372
2026-04-01,2.930000066757202,2.950000047683716,2.890000104904175,2.9100000858306885,81564375
2026-04-02,2.930000066757202,2.9600000381469727,2.9000000953674316,2.9100000858306885,90048636
2026-04-03,2.869999885559082,2.9600000381469727,2.859999895095825,2.930000066757202,83627721
2026-04-06,2.990000009536743,3.049999952316284,2.880000114440918,2.880000114440918,174792182
2026-04-07,2.880000114440918,3.0299999713897705,2.880000114440918,2.990000009536743,112994503
2026-04-08,2.9600000381469727,3.009999990463257,2.9600000381469727,3.0,110572511
2026-04-09,2.940000057220459,2.9800000190734863,2.9100000858306885,2.9700000286102295,64637793
2026-04-10,3.049999952316284,3.069999933242798,2.950000047683716,2.9600000381469727,191410706
2026-04-13,3.0899999141693115,3.109999895095825,2.9700000286102295,2.990000009536743,179248968
2026-04-14,3.130000114440918,3.1500000953674316,3.049999952316284,3.0999999046325684,219362107
2026-04-15,3.3399999141693115,3.4100000858306885,3.119999885559082,3.140000104904175,467929085
2026-04-16,3.25,3.450000047683716,3.25,3.3399999141693115,326114035
2026-04-17,3.319999933242798,3.440000057220459,3.259999990463257,3.259999990463257,449156224
2026-04-20,3.4800000190734863,3.549999952316284,3.299999952316284,3.299999952316284,290573497
2026-04-21,3.25,3.549999952316284,3.2300000190734863,3.5299999713897705,373046078
2026-04-22,3.240000009536743,3.309999942779541,3.2100000381469727,3.2799999713897705,109779647
2026-04-24,3.309999942779541,3.4000000953674316,3.190000057220459,3.25,160373496
2026-04-27,3.4200000762939453,3.490000009536743,3.299999952316284,3.369999885559082,283477193
2026-04-28,3.3499999046325684,3.490000009536743,3.2699999809265137,3.4100000858306885,349099508
2026-04-29,3.299999952316284,3.430000066757202,3.2300000190734863,3.369999885559082,237029077
2026-04-30,3.430000066757202,3.490000009536743,3.240000009536743,3.309999942779541,299634309
2026-05-04,3.380000114440918,3.5399999618530273,3.3499999046325684,3.4800000190734863,320916323
2026-05-05,3.3499999046325684,3.430000066757202,3.319999933242798,3.380000114440918,126616219
2026-05-06,3.680000066757202,3.680000066757202,3.4100000858306885,3.4100000858306885,298839279
2026-05-07,4.039999961853027,4.039999961853027,3.819999933242798,3.8499999046325684,330529199
2026-05-08,4.440000057220459,4.440000057220459,4.21999979019165,4.300000190734863,342915226
2026-05-11,4.550000190734863,4.760000228881836,4.210000038146973,4.550000190734863,442392406
2026-05-12,4.829999923706055,5.0,4.5,4.579999923706055,181669564
2026-05-13,4.579999923706055,5.130000114440918,4.449999809265137,4.829999923706055,320462232
2026-05-14,4.670000076293945,4.860000133514404,4.519999980926514,4.599999904632568,836300401
2026-05-15,4.590000152587891,4.769999980926514,4.460000038146973,4.679999828338623,471208774
2026-05-18,4.139999866485596,4.690000057220459,4.139999866485596,4.619999885559082,500244096
2026-05-20,4.0,4.199999809265137,3.880000114440918,4.03000020980835,475821811
2026-05-21,3.5999999046325684,4.099999904632568,3.5999999046325684,3.9800000190734863,429690593
2026-05-22,3.8399999141693115,3.930000066757202,3.549999952316284,3.549999952316284,399805739
2026-05-25,4.21999979019165,4.21999979019165,3.880000114440918,3.880000114440918,434502690
2026-05-26,4.0,4.320000171661377,4.0,4.25,281166763
2026-05-27,4.0,4.0,4.0,4.0,0
2026-05-28,4.0,4.0,4.0,4.0,0
2026-05-29,4.0,4.0,4.0,4.0,0
2026-06-01,3.9600000381469727,4.130000114440918,3.9600000381469727,4.050000190734863,321278986
2026-06-02,4.179999828338623,4.190000057220459,4.0,4.010000228881836,339937500
2026-06-03,4.389999866485596,4.5,4.059999942779541,4.170000076293945,891659021
2026-06-04,4.429999828338623,4.579999923706055,4.28000020980835,4.46999979019165,712242657
2026-06-05,4.139999866485596,4.519999980926514,4.039999961853027,4.46999979019165,514611507
2026-06-08,4.239999771118164,4.25,4.050000190734863,4.099999904632568,360885984
2026-06-09,3.819999933242798,4.340000152587891,3.819999933242798,4.230000019073486,791343053
2026-06-10,3.6600000858306885,3.869999885559082,3.619999885559082,3.8399999141693115,435058432
2026-06-11,3.869999885559082,4.019999980926514,3.509999990463257,3.6700000762939453,120213539
2026-06-12,3.890000104904175,4.070000171661377,3.799999952316284,3.930000066757202,583495505
2026-06-15,3.9800000190734863,4.110000133514404,3.9700000286102295,4.0,358132233
2026-06-16,3.9800000190734863,4.119999885559082,3.950000047683716,3.9800000190734863,445276962
2026-06-17,3.859999895095825,4.019999980926514,3.7799999713897705,4.010000228881836,315464092
2026-06-18,4.070000171661377,4.119999885559082,3.8499999046325684,3.880000114440918,590470095
2026-06-19,4.159999847412109,4.260000228881836,4.039999961853027,4.039999961853027,656708704
2026-06-22,3.9800000190734863,4.21999979019165,3.9700000286102295,4.210000038146973,401748665
2026-06-23,3.990000009536743,4.170000076293945,3.869999885559082,3.9800000190734863,573593201
2026-06-24,3.6500000953674316,3.9000000953674316,3.619999885559082,3.700000047683716,607749604
2026-06-25,3.430000066757202,3.8299999237060547,3.390000104904175,3.6700000762939453,1058676775
2026-06-26,3.4100000858306885,3.4800000190734863,3.359999895095825,3.450000047683716,385596973
2026-06-29,3.2699999809265137,3.450000047683716,3.2100000381469727,3.440000057220459,577353108
2026-06-30,3.299999952316284,3.4100000858306885,3.259999990463257,3.2799999713897705,729719639
2026-07-01,3.240000009536743,3.3299999237060547,3.2300000190734863,3.299999952316284,303450336
2026-07-02,3.2200000286102295,3.3499999046325684,3.1700000762939453,3.259999990463257,498667046
2026-07-03,3.2899999618530273,3.3299999237060547,3.200000047683716,3.240000009536743,643739459
2026-07-06,3.1700000762939453,3.309999942779541,3.1700000762939453,3.2899999618530273,397257695
2026-07-07,3.119999885559082,3.190000057220459,3.0999999046325684,3.1500000953674316,331329565
2026-07-08,3.0,3.119999885559082,3.0,3.0999999046325684,262538303
2026-07-09,3.0,3.0399999618530273,2.950000047683716,3.0199999809265137,358608138
2026-07-10,3.0299999713897705,3.109999895095825,3.0,3.009999990463257,608518666
2026-07-13,3.0899999141693115,3.1600000858306885,3.0,3.0299999713897705,625567391
2026-07-14,3.069999933242798,3.140000104904175,3.059999942779541,3.0799999237060547,306844000
2026-07-16,3.1600000858306885,3.190000057220459,3.0899999141693115,3.0899999141693115,410982578
2026-07-17,3.0299999713897705,3.1600000858306885,3.0199999809265137,3.1500000953674316,339320233
2026-07-20,3.0199999809265137,3.0999999046325684,3.0,3.059999942779541,449454030
2026-07-21,3.0,3.069999933242798,2.990000009536743,3.049999952316284,261697692
2026-07-22,3.069999933242798,3.119999885559082,2.9800000190734863,3.009999990463257,524390441
2026-07-23,3.109999895095825,3.1600000858306885,3.059999942779541,3.059999942779541,424576568
2026-07-24,2.990000009536743,3.130000114440918,2.9700000286102295,3.119999885559082,446971337
2026-07-27,2.930000066757202,3.049999952316284,2.9200000762939453,3.0299999713897705,362575369
2026-07-28,2.9000000953674316,2.950000047683716,2.890000104904175,2.930000066757202,258944098
2026-07-29,2.809999942779541,2.9100000858306885,2.809999942779541,2.9000000953674316,276431874
2026-07-30,2.890000104904175,2.9100000858306885,2.7799999713897705,2.809999942779541,382114666
2026-08-03,2.930000066757202,2.9600000381469727,2.859999895095825,2.930000066757202,421198961
2026-08-04,2.940000057220459,2.9700000286102295,2.9100000858306885,2.930000066757202,291267377
2026-08-05,2.9100000858306885,2.990000009536743,2.880000114440918,2.930000066757202,420724270
2026-08-06,2.9200000762939453,2.950000047683716,2.890000104904175,2.9200000762939453,227070159
2026-08-07,2.930000066757202,2.990000009536743,2.869999885559082,2.9200000762939453,454760517
