Price,Close,High,Low,Open,Volume
2021-08-10,0.8143364787101746,0.8143364787101746,0.7994758321041567,0.8009618180344202,241761857
2021-08-11,0.7890738844871521,0.8158224169723748,0.7890738844871521,0.8158224169723748,327607258
2021-08-12,0.8083916902542114,0.8098776760789042,0.7935318320072838,0.7950178178319766,341674784
2021-08-13,0.8039337992668152,0.8113637290047467,0.8024478133192289,0.8083917571095741,176527626
2021-08-16,0.8232523798942566,0.8306823094156349,0.8054197617395789,0.8054197617395789,446903353
2021-08-17,0.8336543440818787,0.8336543440818787,0.8128497525499795,0.8217664559513245,322412386
2021-08-18,0.8395982384681702,0.8470282173165994,0.8321683580326638,0.8351403298894509,407725426
2021-08-19,0.8232523798942566,0.8336542812241862,0.8202804080857053,0.8321683445263711,219972250
2021-08-20,0.8277103900909424,0.830682362087942,0.8098777708055254,0.8202804600984436,302144637
2021-08-23,0.8366262912750244,0.8410842983980881,0.8321683825648866,0.833654319330624,193995038
2021-08-24,0.8395982384681702,0.8470282173165994,0.8366262666113831,0.8395982384681702,246525883
2021-08-25,0.8306823372840881,0.8440562600777096,0.8306823372840881,0.8381123162611944,227207669
2021-08-26,0.8321684002876282,0.842570253108096,0.8291964282799333,0.8336543370850116,303201198
2021-08-27,0.8381123542785645,0.8381123542785645,0.826224466106291,0.8336543470074974,235462235
2021-08-31,0.8544588685035706,0.8559449036096392,0.8425701940033375,0.8455421658025539,341542314
2021-09-01,0.8500002026557922,0.85891690567097,0.8485141674973663,0.8559449337670425,281366764
2021-09-02,0.8544588685035706,0.8618888472080719,0.8485141376017703,0.850000172707839,179584297
2021-09-03,0.8455421924591064,0.8559449305941483,0.8410842838262024,0.854458895441231,190423394
2021-09-06,0.8544588685035706,0.8589168754088555,0.8470282009086226,0.8485141376017703,164158472
2021-09-07,0.8336543440818787,0.8574309076464164,0.8291964352393851,0.8544589356137778,253340344
2021-09-08,0.811363697052002,0.8336542726913525,0.811363697052002,0.8321683360087467,287538828
2021-09-09,0.8232523798942566,0.8232523798942566,0.8054197617395789,0.8069057476438545,215917587
2021-09-10,0.8054197430610657,0.827710318411629,0.8054197430610657,0.8262243817482744,232425197
2021-09-13,0.8039337992668152,0.812849714952333,0.7994758414240563,0.8054197852144015,219533508
2021-09-14,0.8039337992668152,0.812849714952333,0.8009618273716426,0.8069057711619878,277498743
2021-09-15,0.7979899048805237,0.8054198350784468,0.7935319467617697,0.8024478629992775,245979144
2021-09-16,0.7935318946838379,0.8054197822203363,0.7890739368576509,0.7994758384520871,197123758
2021-09-17,0.7831299901008606,0.7979898494647762,0.7831299901008606,0.7965038635283848,245970344
2021-09-20,0.7652972936630249,0.7771860172182933,0.7638113077823435,0.7727280595762491,253583450
2021-09-21,0.7652972936630249,0.7742140454569305,0.7638113077823435,0.769755251305069,207735920
2021-09-22,0.7816439867019653,0.7816439867019653,0.7667832911601999,0.7712412488697805,249543432
2021-09-23,0.7682692408561707,0.7905598648633845,0.7623252975235244,0.7801579640312536,462013179
2021-09-24,0.7504374384880066,0.7667832832546086,0.743007509048642,0.7652972973667358,350110624
2021-09-27,0.7623253464698792,0.7623253464698792,0.7474654871841618,0.7563814027555922,302768391
2021-09-28,0.7548955082893372,0.7623254388323981,0.7504375499635006,0.7623254388323981,296398137
2021-09-29,0.7638113498687744,0.7667833217938945,0.7548954340934142,0.7593533919810943,326009685
2021-09-30,0.771241307258606,0.7757001018155811,0.7578674331173603,0.7652973631958301,399063419
2021-10-01,0.7667833566665649,0.7727281372970322,0.7638113846062821,0.7682693426967064,197451857
2021-10-04,0.7652972936630249,0.7712412371857504,0.7623253219016621,0.7667832795437063,283096973
2021-10-05,0.7652972936630249,0.769755251305069,0.7608393360209807,0.7652972936630249,165434163
2021-10-06,0.7623253464698792,0.768269290184166,0.7578673886841639,0.7638113323984509,276320650
2021-10-07,0.7742140889167786,0.7742140889167786,0.7667833225864347,0.7682693085505305,200322554
2021-10-08,0.771241307258606,0.7771860878312751,0.7682693352272181,0.7742141157998872,177642431
2021-10-11,0.7771860361099243,0.780158007943529,0.7712412559328774,0.7727280783595173,182322264
2021-10-12,0.7771860361099243,0.784615965693936,0.7727280783595173,0.7742140642763197,241136442
2021-10-13,0.771241307258606,0.7831300318940511,0.7682693352272181,0.7801580598626631,302434136
2021-10-14,0.7727280855178833,0.7771860433095877,0.7667833052857653,0.7697552771469016,279596567
2021-10-15,0.7638113498687744,0.7771860600416781,0.7563814200559742,0.775700074079118,401466664
2021-10-18,0.7593533992767334,0.7638113572072442,0.7534094553693856,0.7623253712304072,269474800
2021-10-19,0.7771860361099243,0.7771860361099243,0.7638113263488657,0.7638113263488657,251099056
2021-10-20,0.7935318946838379,0.7935318946838379,0.7697552831009892,0.7742140774370279,283394751
2021-10-21,0.7935318946838379,0.7994758384520871,0.7712412690430515,0.7905599227997132,449652836
2021-10-22,0.8069057464599609,0.8113637041662471,0.7875879297327205,0.7920458874390068,334106749
2021-10-25,0.8069057464599609,0.8113637041662471,0.796503845145293,0.8039337746557701,442022980
2021-10-26,0.8128497004508972,0.8202804173596558,0.8098777286087453,0.8113637145298213,359546954
2021-10-27,0.8336543440818787,0.8395982881471558,0.8128497525499795,0.8158225118860474,526638661
2021-10-28,0.8366262912750244,0.8410842983980881,0.821766431553022,0.8321683825648866,340135571
2021-11-01,0.8544588685035706,0.8574308403027869,0.8366262504049048,0.8425701940033375,474355390
2021-11-02,0.8648608326911926,0.8693187412540901,0.8544588820228942,0.855944917152475,518374101
2021-11-03,0.8856646418571472,0.8856646418571472,0.8425702132731028,0.8633748036467904,830905117
2021-11-04,0.9183570742607117,0.9213290459808492,0.8916085414761274,0.8990393072862769,861334276
2021-11-05,0.9317310452461243,0.9317310452461243,0.9049832983571143,0.9183571225951576,470561733
2021-11-08,0.9272730946540833,0.9436197774797729,0.9168712416595914,0.9406478054223566,819767298
2021-11-09,0.924301028251648,0.9421336460793744,0.9198431198270149,0.9257870633351386,677064490
2021-11-10,0.9317310452461243,0.9376757763026254,0.9183571225951576,0.9243010663482708,470229574
2021-11-11,0.9198431372642517,0.9361897203183656,0.9183571021525906,0.9302449893941936,414558809
2021-11-12,0.9451056718826294,0.9465917070511042,0.9317310601275811,0.9317310601275811,504940091
2021-11-15,1.038724422454834,1.038724422454834,0.9986020629527952,1.0119758875480298,742794206
2021-11-16,1.014947772026062,1.0818187590842503,1.013461835382631,1.0565561631263214,1221459125
2021-11-17,1.028322458267212,1.0342664015343024,1.0104898411626173,1.0119757777729321,500521303
2021-11-18,1.071416974067688,1.1055953888406183,1.0253505733423551,1.0283225452272249,1197563077
2021-11-19,1.061015009880066,1.0803328760944968,1.0550702788819257,1.0758748691169657,398065755
2021-11-22,1.0565563440322876,1.0773610352092318,1.0461544905084879,1.0669590832724976,322599127
2021-11-23,1.0298084020614624,1.0625009759747615,1.00900381317819,1.0535841752956834,861262511
2021-11-24,1.0535842180252075,1.0699308992964833,1.029808443826728,1.035752387376348,839131011
2021-11-25,1.0298084020614624,1.0610149409411647,1.0298084020614624,1.058042969286887,420957668
2021-11-26,0.9956300258636475,1.0149477931069968,0.9792841319688875,1.010489884671193,456729025
2021-11-29,0.9852281212806702,1.000087980778832,0.9703674744791143,1.000087980778832,425334663
2021-11-30,0.9763122797012329,0.9867142313461014,0.9688815128781685,0.9822562239517487,587664795
2021-12-01,1.010489821434021,1.013461793009542,0.9837420772543319,0.9837420772543319,470450380
2021-12-02,1.0238646268844604,1.0283226343043963,1.0134619862893723,1.0134619862893723,368658675
2021-12-03,1.0416964292526245,1.0461544365420947,1.0253506321547354,1.0387244571972876,321284331
2021-12-06,1.084790825843811,1.084790825843811,1.0416963959108554,1.0431824310974247,414441651
2021-12-07,1.098165512084961,1.1070814277700165,1.06993094257243,1.092220682578607,791852298
2021-12-08,1.13828706741333,1.1427458617028512,1.1041094403089255,1.1055953770290237,794300165
2021-12-09,1.1576056480407715,1.2036720453718315,1.1442318247507322,1.1442318247507322,920854701
2021-12-10,1.1323431730270386,1.165035652138669,1.117483313114214,1.1590918065864662,646882548
2021-12-13,1.1769235134124756,1.1962421673714738,1.129371175465046,1.1368011544596381,760292389
2021-12-14,1.2512245178222656,1.2645992283089451,1.1843543114283994,1.1843543114283994,968898187
2021-12-15,1.245280385017395,1.2987766601166477,1.231906562274863,1.2928327170282086,756789160
2021-12-16,1.3225533962249756,1.3225533962249756,1.2556824037452432,1.2556824037452432,1058441474
2021-12-17,1.190298318862915,1.4057703841105804,1.190298318862915,1.343358181588772,1322389809
2021-12-20,1.1293710470199585,1.2081299176300282,1.0714168631668268,1.1070813093970768,1032594293
2021-12-21,1.115997314453125,1.2363645841899753,1.08181880203877,1.2333926123721908,1009079693
2021-12-22,1.142745852470398,1.169493598932367,1.092220658355895,1.1070814032177307,692273648
2021-12-23,1.150175929069519,1.1724656704770582,1.1055954621251378,1.1635497542314563,525438591
2021-12-24,1.1546337604522705,1.163549676099169,1.1427458729230724,1.1531478237175827,339332226
2021-12-27,1.184354305267334,1.1858403404634892,1.1531478613868569,1.1531478613868569,478057865
2021-12-28,1.1085673570632935,1.1769234974928704,1.0981655047070742,1.1769234974928704,537009690
2021-12-29,1.1085673570632935,1.1263991883136037,1.075874879134337,1.096678682259699,480778748
2021-12-30,1.0966787338256836,1.1323431853066392,1.0966787338256836,1.1130254164169406,504393241
2021-12-31,1.068444848060608,1.1085672008156644,1.0610148702137394,1.1026232579033333,351138936
2022-01-03,1.095192551612854,1.1011373805608682,1.0654729338668671,1.069930842084245,227045123
2022-01-04,1.087762713432312,1.1174832180325935,1.0699308830541525,1.099651387654434,315235876
2022-01-05,1.1085673570632935,1.110053392207281,1.0803328861533763,1.0862768299034797,214377452
2022-01-06,1.098165512084961,1.1174832801961194,1.0951926544736255,1.0966786896275968,328300428
2022-01-07,1.15166175365448,1.15166175365448,1.1011374458837688,1.1041094176759656,505826062
2022-01-10,1.1576056480407715,1.182868243710613,1.1576056480407715,1.1724655063702134,259392288
2022-01-11,1.1576056480407715,1.1798962720447246,1.1338290874103325,1.1665215630384367,380254912
2022-01-12,1.165035605430603,1.1784095280224278,1.15314781638987,1.170979549157431,313197873
2022-01-13,1.1739516258239746,1.1858404000552945,1.1650357094377748,1.1665217447086074,375163493
2022-01-14,1.182868242263794,1.196242065537475,1.1531477383379307,1.1754374765983715,326000419
2022-01-17,1.2244768142700195,1.225962849527791,1.2007002501456772,1.2051581590931295,396798376
2022-01-18,1.1605777740478516,1.2541965177864876,1.1605777740478516,1.2215048251141614,554798862
2022-01-19,1.2408225536346436,1.2408225536346436,1.170979588674209,1.1754375958262349,604608873
2022-01-20,1.2170460224151611,1.269057156952062,1.193270246084385,1.254196509441895,795853173
2022-01-21,1.2229907512664795,1.231906666654586,1.200700126286387,1.2125880134705285,423952330
2022-01-24,1.169493556022644,1.242308486977351,1.1665215843025805,1.2185319259134968,492746605
2022-01-25,1.202186107635498,1.209616086608048,1.15611980498882,1.1843542761968873,281940380
2022-01-26,1.2007001638412476,1.217045960024237,1.1932701849123075,1.2066441076192298,181114194
2022-01-27,1.2111018896102905,1.2125879246058644,1.1694935002117044,1.1754374433681725,241792679
2022-01-28,1.205157995223999,1.2289346545282849,1.2021860235254955,1.2140739103195093,205068597
2022-01-31,1.2408225536346436,1.2408225536346436,1.212588081882465,1.214074018657856,295829793
2022-02-01,1.243794560432434,1.2631132152474573,1.2408225883854915,1.2452805956623698,274969811
2022-02-02,1.2868889570236206,1.2898609289906584,1.2571684500498308,1.2631131812873182,404227636
2022-02-03,1.2393364906311035,1.298776711154615,1.2333925473090854,1.2720289662055337,329267791
2022-02-04,1.220018982887268,1.2467666350983693,1.212588215648402,1.2393367535759383,241489057
2022-02-07,1.233392596244812,1.2348786313407343,1.159091727164985,1.2155599782679052,556210128
2022-02-08,1.2631131410598755,1.2675711480749174,1.230420663160233,1.23339263503262,397678136
2022-02-09,1.2809449434280396,1.2898608588442797,1.266085084400973,1.2854029503426203,376900480
2022-02-10,1.2898609638214111,1.3121515906859946,1.2779730756322454,1.282431082909647,548811033
2022-02-11,1.312151551246643,1.312151551246643,1.2616272406578655,1.2779730372201978,425259426
2022-02-14,1.2750009298324585,1.3002627379983127,1.2527103060055602,1.29283275968615,627905839
2022-02-15,1.3002628087997437,1.3076935748198495,1.2750009992583426,1.2809449428665638,319424369
2022-02-16,1.2854030132293701,1.303235632237658,1.2854030132293701,1.3017496954687142,177916798
2022-02-17,1.266085147857666,1.3032356337971596,1.266085147857666,1.2883749867219023,300379584
2022-02-18,1.276487112045288,1.2839169928012368,1.260140429618101,1.2839169928012368,209518984
2022-02-21,1.2705432176589966,1.292832959209639,1.257168506694819,1.2854030781637351,271754554
2022-02-22,1.267571210861206,1.2839170077625244,1.2333926961259527,1.2467665210076742,329552108
2022-02-23,1.2556824684143066,1.275001123533862,1.2467665521329323,1.269057179346279,254872685
2022-02-24,1.1308571100234985,1.1858402093773992,1.1308571100234985,1.1590916772163913,312597858
2022-02-25,1.1769235134124756,1.187326251625718,1.1249132667986304,1.1442319207576288,374136475
2022-02-28,1.182868242263794,1.2437943994368577,1.1694935332738652,1.2437943994368577,537716314
2022-03-01,1.196242094039917,1.242308492412239,1.1888122139137132,1.1917841856467783,430319867
2022-03-02,1.205157995223999,1.222990711131278,1.1917841717871922,1.199214051826992,252211217
2022-03-03,1.20961594581604,1.224476590921922,1.203672002695009,1.2170458255108725,268725404
2022-03-04,1.1873260736465454,1.2081298739348372,1.1858401371181224,1.1992139595255693,249629831
2022-03-07,1.166521668434143,1.1798963786488417,1.1590917878045877,1.1694936403685503,359735128
2022-03-08,1.1680076122283936,1.179896385753943,1.1501758789274965,1.1516618156971854,206562861
2022-03-09,1.2125880718231201,1.2155600437621739,1.1754375860750816,1.1754375860750816,285959826
2022-03-10,1.202186107635498,1.2215047615371846,1.1917842551694373,1.2155600304209184,195327983
2022-03-11,1.205157995223999,1.2200187394327746,1.199214051826992,1.2066440302797095,161582480
2022-03-14,1.2304205894470215,1.2333925611413605,1.2051579935353403,1.2051579935353403,155860218
2022-03-15,1.2616273164749146,1.2690571976098546,1.224476828257961,1.224476828257961,285161065
2022-03-16,1.2616273164749146,1.2690571976098546,1.2497385422122758,1.2675712607480394,165784572
2022-03-17,1.292832851409912,1.297290858396079,1.2631131328785414,1.2645991680115714,244501368
2022-03-18,1.288374900817871,1.2943188443302907,1.2794589855492418,1.2898608374895162,121097885
2022-03-21,1.3032355308532715,1.3121514460121035,1.2913468566714823,1.2913468566714823,166322667
2022-03-22,1.3433581590652466,1.3448440959104935,1.2987769044940474,1.303235699159098,186887071
2022-03-23,1.3403851985931396,1.3582179155643634,1.3329553181100544,1.3448439929167173,222400272
2022-03-24,1.295804738998413,1.3478158668593148,1.2943188023749346,1.3418719235395682,258561216
2022-03-25,1.2735151052474976,1.3136374640446913,1.2735151052474976,1.3002628523810047,229046982
2022-03-28,1.2690569162368774,1.2854028085702556,1.264599008226899,1.279458865615011,190695438
2022-03-29,1.304365634918213,1.3120662686033109,1.2751065720898582,1.2751065720898582,241752157
2022-03-30,1.3782851696014404,1.3813650764081773,1.3089863995599669,1.3089863995599669,341128623
2022-03-31,1.359805703163147,1.4060051202908823,1.3490260805360135,1.3829049527853157,267989947
2022-04-01,1.365965485572815,1.3813650189661326,1.3551858631910136,1.365965485572815,243408051
2022-04-04,1.4198647737503052,1.4229446805469947,1.372125351511729,1.372125351511729,366572551
2022-04-05,1.4183247089385986,1.462984222478015,1.4029251756111627,1.424484522269573,377123114
2022-04-06,1.4075452089309692,1.4306444599361303,1.3952255811983365,1.4183248322034976,264670225
2022-04-07,1.4799246788024902,1.4907043018867734,1.4167849049890318,1.4167849049890318,401584856
2022-04-08,1.5584630966186523,1.563083823909129,1.4937842351145683,1.4937842351145683,476199575
2022-04-11,1.647782802581787,1.647782802581787,1.567703597549351,1.567703597549351,667584494
2022-04-12,1.6462429761886597,1.6755020398440734,1.5985027379225547,1.6323825286755873,656497030
2022-04-13,1.6123629808425903,1.6708821242998944,1.5969626319004977,1.6631823067834868,479348038
2022-04-14,1.6447030305862427,1.655482755783141,1.6200629593678482,1.6200629593678482,336976363
2022-04-15,1.660102367401123,1.6770419044105813,1.6277624817536012,1.6447028346593602,248136761
2022-04-18,1.6970622539520264,1.7063019746428405,1.6477829277046248,1.663182462189315,372128721
2022-04-19,1.6585625410079956,1.7170815840005347,1.6354623739485834,1.7093817662838293,513665069
2022-04-20,1.673962116241455,1.6878224615919994,1.6508627645017522,1.666262298332539,331506907
2022-04-21,1.6909023523330688,1.7016820769059802,1.6785819094888446,1.6785819094888446,246432662
2022-04-22,1.6139030456542969,1.7016820700926634,1.61082313892966,1.6862825364694791,322792217
2022-04-25,1.6493228673934937,1.661642494497572,1.6154429749738721,1.6400822291820287,411189306
2022-04-26,1.6169830560684204,1.6816619173296914,1.610823242224147,1.6554827594850543,391017971
2022-04-27,1.6431621313095093,1.660102485419576,1.6077432544790076,1.6200628815482334,363445414
2022-04-28,1.6370022296905518,1.6785818357017412,1.6293025141801167,1.6524026805818153,231835675
2022-04-29,1.6216027736663818,1.6447029411647343,1.596962703787653,1.6400822141531632,263239571
2022-05-05,1.601583480834961,1.6678023448712411,1.5969627536790318,1.6447029925475858,314557101
2022-05-06,1.6293026208877563,1.6339224300991737,1.5877230121534005,1.5938828257599877,391067092
2022-05-09,1.666262149810791,1.6708820605417554,1.6231426430316727,1.6262225495233034,314301590
2022-05-10,1.647782802581787,1.6785818692124692,1.6400821690342646,1.6785818692124692,88647344
2022-05-11,1.6062031984329224,1.6462429030032988,1.5784832225225114,1.638542269442868,319487229
2022-05-12,1.5707836151123047,1.5985027770369369,1.5430635353042355,1.5784833313200672,491624928
2022-05-13,1.5584630966186523,1.5877230793787218,1.5461434688838558,1.5877230793787218,197133958
2022-05-16,1.4953240156173706,1.5569229609619624,1.4922441091449552,1.5569229609619624,320819218
2022-05-17,1.4706838130950928,1.503023697222681,1.4706838130950928,1.498403888610796,369488191
2022-05-18,1.5307438373565674,1.5569230956300257,1.466064164048728,1.4706839731634302,467283439
2022-05-20,1.535363793373108,1.575403398045367,1.516884352399623,1.527663975307299,384999082
2022-05-23,1.5661636590957642,1.5661636590957642,1.5230441481029091,1.5446034956511538,266630924
2022-05-24,1.5476833581924438,1.5707835253664009,1.5415235447833522,1.567703618661855,249507005
2022-05-25,1.5661636590957642,1.5815631930587961,1.529203961688122,1.5553831184317535,321567670
2022-05-26,1.5584630966186523,1.573863549170601,1.5476834733442306,1.5615439214358047,260408923
2022-05-27,1.5646238327026367,1.5892630882404666,1.5476834776304482,1.5584631009347236,337284690
2022-05-30,1.6246827840805054,1.6447030461084962,1.5738635545963964,1.5738635545963964,299894082
2022-05-31,1.667802333831787,1.6755020498973416,1.620062911175607,1.6262227248228693,347254709
2022-06-01,1.6447030305862427,1.6847418204844873,1.6447030305862427,1.6678023834441393,368143641
2022-06-02,1.6524027585983276,1.6662622879662898,1.6400822137269442,1.6508627542313072,359056764
2022-06-03,1.6447030305862427,1.6601025651624906,1.6262227731983474,1.6570226582472412,199252115
2022-06-06,1.7093816995620728,1.715541512700186,1.6508626588536888,1.6508626588536888,401160159
2022-06-07,1.7186214923858643,1.7247813054205017,1.6801217940295705,1.6986020490297749,270409392
2022-06-08,1.6062031984329224,1.729402014838199,1.5923428535230715,1.7217013812777684,389382871
2022-06-09,1.6046632528305054,1.6323824120972734,1.5707834644970338,1.6062031551295841,313697719
2022-06-10,1.673962116241455,1.727862065448404,1.5892629973858872,1.5908028997754433,627958276
2022-06-13,1.7232414484024048,1.7632811544318763,1.6678023104576463,1.6708822172381126,577215284
2022-06-14,1.6426162719726562,1.7418577220937737,1.6391941987212924,1.7350135755910456,284613532
2022-06-15,1.632349967956543,1.6528827136488133,1.581018256706434,1.6460384650847233,391207432
2022-06-16,1.6118172407150269,1.6494605572549097,1.5536412802348774,1.6426163086124723,423519585
2022-06-17,1.6699934005737305,1.6768376496153141,1.6083952611865284,1.6083952611865284,289765535
2022-06-20,1.6563047170639038,1.6905258564536452,1.635771972237835,1.6734152867587746,198281400
2022-06-21,1.6768375635147095,1.704214456288271,1.6699933148245576,1.6734153881761105,231978370
2022-06-22,1.6631489992141724,1.6939480660870692,1.6426162539698939,1.6631489992141724,264729727
2022-06-23,1.6255056858062744,1.6734153227779525,1.604973042525294,1.6631490011374621,271309472
2022-06-24,1.6083950996398926,1.6357719910694506,1.5912845297480385,1.628927844702342,245588087
2022-06-27,1.5775960683822632,1.5981288139047032,1.553641249599605,1.560485498107085,240070980
2022-06-28,1.5570634603500366,1.5912846016806816,1.5262643923576378,1.5741740310153591,257725932
2022-06-29,1.4851988554000854,1.5673297348883257,1.4851988554000854,1.536530667828616,207031125
2022-06-30,1.498887300491333,1.5262642933699178,1.4749324827160912,1.4817767309357373,272066207
2022-07-01,1.5399527549743652,1.5673297490467692,1.478354722285544,1.478354722285544,282818437
2022-07-04,1.5057315826416016,1.5775960375867435,1.5023095094481842,1.5502191460782786,171096520
2022-07-05,1.5057315826416016,1.5467969708978195,1.4920430858938485,1.5057315826416016,259517332
2022-07-06,1.5194202661514282,1.533108764581726,1.502309694107083,1.5194202661514282,143591815
2022-07-07,1.5467970371246338,1.5604855344584663,1.519420144444015,1.5228422177839502,204919765
2022-07-08,1.5365307331085205,1.5536413039826302,1.5331086597285175,1.5399528064885237,40577787
2022-07-13,1.5262644290924072,1.5467970735901642,1.502309609186992,1.5365307513412858,204932875
2022-07-14,1.5331085920333862,1.5433749137071284,1.5125758466988595,1.526264343588544,127448207
2022-07-18,1.6049730777740479,1.6152393996400092,1.5536412644701516,1.5536412644701516,194981905
2022-07-19,1.6768375635147095,1.6871038855564144,1.594706681219932,1.598128856558531,247807090
2022-07-20,1.6734153032302856,1.7042143697790257,1.6597269085318775,1.6939480482584595,282742975
2022-07-21,1.6734153032302856,1.7042143697790257,1.6597269085318775,1.6768374783951685,303087520
2022-07-22,1.6871038675308228,1.7042144380798645,1.6734153702967713,1.690525940845813,196763987
2022-07-25,1.7795008420944214,1.782923119139647,1.687103747315958,1.6905258203871079,351988347
2022-07-26,1.7589683532714844,1.810300065742805,1.748701929187583,1.7897674215490955,299335202
2022-07-27,1.75554621219635,1.7897673525241091,1.7452797885083882,1.779500928836147,229295707
2022-07-28,1.75554621219635,1.8034558494500297,1.7452797885083882,1.779500928836147,401118325
2022-07-29,1.786345362663269,1.7897674360609521,1.7487019433664708,1.758968367533615,226432657
2022-08-01,1.861631989479065,1.8616319894790647,1.7966115753251688,1.7966115753251688,238194850
2022-08-02,1.8650538921356201,1.875320111345866,1.8445210457669767,1.8650538921356201,184134240
2022-08-03,1.9369183778762817,1.9369183778762817,1.8616319491763518,1.885586666315214,289881530
2022-08-04,2.0669589042663574,2.077225328708835,1.9540290512955039,1.9642954757379818,377454492
2022-08-05,2.1969995498657227,2.2722859831207627,2.0738032714860535,2.0943359165579643,649219837
2022-08-08,2.176466464996338,2.22095402781027,2.1388232524475157,2.2004213849631014,431313590
2022-08-09,2.039581775665283,2.1456672601696343,2.0224712070686435,2.1182904727994516,1159029600
2022-08-10,2.0669589042663574,2.077225328708835,2.0224715409551886,2.0293156879341065,638480385
2022-08-11,2.104602336883545,2.1354014064170364,2.0840696918525845,2.087491765362061,819542770
2022-08-12,2.039581775665283,2.1319789684715764,2.039581775665283,2.1114461229763553,606197217
2022-08-15,2.056692600250244,2.087491668352446,2.03958202952392,2.053270526899798,407674360
2022-08-16,2.114868402481079,2.114868402481079,1.977983840337088,2.070381042168734,752560255
2022-08-17,2.323617696762085,2.323617696762085,2.1217127254499024,2.1422453687103347,1149585915
2022-08-18,2.395482063293457,2.4570801973865386,2.234642581594448,2.337306206407613,1269728807
2022-08-19,2.3920602798461914,2.4365478491888686,2.3338842119385284,2.3954823534939105,566380727
2022-08-22,2.5528995990753174,2.583698667657843,2.361261040772535,2.388638035951246,678493715
2022-08-23,2.8061363697052,2.8061363697052,2.556321740949925,2.570010238905925,678924795
2022-08-24,2.576854705810547,2.9395992040560404,2.576854705810547,2.8916895610415074,1643114462
2022-08-25,2.6829400062561035,2.7548045672328474,2.5152563706005253,2.590543004963282,41707362
2022-08-26,2.645296812057495,2.8095583756308042,2.5768545278976323,2.710317022804184,2322618415
2022-08-29,2.7240052223205566,2.7445378645266394,2.5836983919684977,2.6555629456508982,1041987812
2022-08-31,2.7103168964385986,2.7821814546351247,2.669251405472857,2.7240053934271793,1032265442
2022-09-01,2.75138258934021,2.8472018713187786,2.679518025869233,2.7137391688652786,1422451715
2022-09-02,3.025151491165161,3.025151491165161,2.754804256595445,2.79244746754505,1272362927
2022-09-05,3.2989211082458496,3.326298102763616,3.0148853510527736,3.0799055600519005,1217962162
2022-09-06,3.603489398956299,3.6274441154449835,3.237322873400612,3.3878961346618,1542757872
2022-09-07,3.5213587284088135,3.7506402792231293,3.442650026740215,3.6274440150507004,1101031400
2022-09-08,3.870414972305298,3.870414972305298,3.463182732166899,3.603489576726621,1139569982
2022-09-09,4.257113456726074,4.257113456726074,3.8088163885664854,3.9080575249630276,827023750
2022-09-12,4.29475736618042,4.61643634318014,4.27080264856138,4.5582604838344185,2330664130
2022-09-13,3.866992712020874,4.325556666884244,3.866992712020874,4.308445687960446,2256117877
2022-09-14,3.480293035507202,3.6685097088861727,3.480293035507202,3.6342885697169343,326758697
2022-09-15,3.1346595287323,3.5795347688737658,3.1346595287323,3.3536750755040563,898740677
2022-09-16,2.997774600982666,3.1483478578408035,2.8232466283363262,2.9395987460832718,1840906440
2022-09-19,2.7000503540039062,3.0011966625914095,2.7000503540039062,2.9601313774050686,818063995
2022-09-20,2.83693528175354,2.8643122761469932,2.6144976612484356,2.7513824292416116,1457573292
2022-09-21,2.7137391567230225,2.8677345034902983,2.700050658791031,2.8198248627153792,760091877
2022-09-22,2.7890257835388184,2.8608903464351365,2.706895000210241,2.7171614246166005,704512512
2022-09-23,2.6795177459716797,2.806136084215188,2.676095672824359,2.7856034413571837,377777787
2022-09-26,2.6247639656066895,2.6795177479259964,2.4981456272708313,2.6795177479259964,802573912
2022-09-27,2.6829400062561035,2.8061362799453247,2.6213418694114927,2.6316082935436262,917699570
2022-09-28,2.600809335708618,2.754804684368079,2.600809335708618,2.6692516222354437,548963312
2022-09-29,2.573431968688965,2.682939733736801,2.4947232689350223,2.6247638801615034,501234240
2022-09-30,2.573431968688965,2.6179195301105973,2.5357887573182385,2.573431968688965,430370565
2022-10-03,2.8300912380218506,2.8300912380218506,2.5802766140420186,2.5871207609021356,501776775
2022-10-04,2.8266687393188477,2.9875084216545913,2.8095581695340375,2.925910288839643,793851670
2022-10-05,2.7821812629699707,2.867734108287234,2.73084935180554,2.854045612241657,516937010
2022-10-06,2.8574678897857666,2.874578460073926,2.8095582521841025,2.8232467492094475,539133175
2022-10-07,2.8574678897857666,2.8780007373108276,2.8129805294210044,2.8574678897857666,432085115
2022-10-10,2.8198249340057373,2.88826722142194,2.8129807868537595,2.874578723143878,351183815
2022-10-11,2.83693528175354,2.860890202841334,2.8027141407487686,2.826668857862473,636328622
2022-10-12,2.823246717453003,2.891689201809873,2.8061361473573063,2.840357287548699,683763945
2022-10-13,2.8129804134368896,2.8711562684283045,2.775336997175773,2.8300909830195504,546690490
2022-10-14,2.922488212585449,2.936176710149015,2.8814229238688474,2.8814229238688474,764971307
2022-10-17,3.2133681774139404,3.2133681774139404,2.9498650705126943,2.9498650705126943,796201870
2022-10-18,3.2407450675964355,3.432383610494437,3.1825690085116567,3.405006617516414,885147492
2022-10-19,3.45633864402771,3.497403933294809,3.206524019085481,3.257855936630502,1156578537
2022-10-20,3.384474039077759,3.5316248182019003,3.3742076155224097,3.446071968487603,1080759722
2022-10-21,3.3639414310455322,3.4289616422442624,3.357097284171602,3.381052002204456,484660867
2022-10-24,3.305765390396118,3.4289614552263523,3.3023431131717085,3.391318241524626,481343727
2022-10-25,3.381051778793335,3.4529161321173856,3.319453849075899,3.319453849075899,749215167
2022-10-26,3.3297200202941895,3.4221172194880114,3.3091873773535894,3.3981622994122436,404584150
2022-10-27,3.2099461555480957,3.3707856400586844,3.1962576584021174,3.3536750696197335,509688005
2022-10-28,3.0970163345336914,3.213368466907558,3.049106692960365,3.196257895200949,334242587
2022-10-31,3.189413547515869,3.189413547515869,3.004619332093717,3.114127113516598,644361047
2022-11-01,3.2099461555480957,3.295499007742848,3.097016105087297,3.2031018049880617,723096457
2022-11-02,3.069639205932617,3.1996796182475773,3.069639205932617,3.1996796182475773,760126280
2022-11-03,2.9772419929504395,3.1141267549619136,2.94644292659721,3.0730612651662472,748967837
2022-11-04,3.0627949237823486,3.0833277712173395,2.9703977222471494,3.028573783356146,829895987
2022-11-07,3.1654586791992188,3.206523967809639,3.0970161915583607,3.0970161915583607,815648322
2022-11-08,3.100438356399536,3.2099461286765463,3.0901719326324737,3.1654585643180595,913320897
2022-11-09,3.1107046604156494,3.1859912941396407,3.0662172988267433,3.117549011103699,670617375
2022-11-10,3.216790199279785,3.244167192696384,3.10728242958747,3.1175488531122153,729207065
2022-11-11,3.1415035724639893,3.319453825872995,3.11412678299452,3.3126094755250657,677146590
2022-11-14,3.1688807010650635,3.1859912717035543,3.1243931358153505,3.1483480570936924,623566327
2022-11-15,3.3297200202941895,3.3297200202941895,3.1107044823475185,3.199679608380254,1329563547
2022-11-16,3.394740104675293,3.5795344964448934,3.288654616636366,3.350252543252159,1759341495
2022-11-17,3.2270567417144775,3.4221173680536174,3.2099461711921364,3.4050067975312768,768074655
2022-11-18,3.2681219577789307,3.34340858881227,3.2099461008671515,3.2373228907186595,729773180
2022-11-21,3.336564302444458,3.336564302444458,3.2099459662776617,3.298920886519092,708270180
2022-11-22,3.4631824493408203,3.4905594421347614,3.3262978933192704,3.387896025118599,937661657
2022-11-23,3.647976875305176,3.6821980145973017,3.428961339066673,3.4666047554672756,1085805097
2022-11-24,3.6103336811065674,3.757485078657097,3.5795348170273678,3.6787763718513604,964545390
2022-11-25,3.5076701641082764,3.5932230153405422,3.4905595938618235,3.582956999551209,874298792
2022-11-28,3.5350472927093506,3.634288848686872,3.5042484282721618,3.517936721811315,1068864370
2022-11-29,3.5316250324249268,3.5898013001180664,3.483715596858073,3.5590020275837824,722950607
2022-11-30,3.545313596725464,3.617178155241777,3.517936602626479,3.5350471729448225,885870625
2022-12-01,3.7164194583892822,3.7301081599965937,3.5898013142237595,3.600067738442195,1004086617
2022-12-02,3.572690725326538,3.712997570398397,3.5487355996204717,3.7095752930266186,642005412
2022-12-05,3.4734489917755127,3.610333552492366,3.4734489917755127,3.600067536797138,799702090
2022-12-06,3.4939820766448975,3.5692685085688334,3.466605081050321,3.476871505391812,635858422
2022-12-07,3.384474039077759,3.5658463660357858,3.3365644024429355,3.5076701018715304,704786587
2022-12-08,3.4358057975769043,3.4597609236169298,3.292077081077733,3.3981625817294163,679472322
2022-12-09,3.617177963256836,3.627443978544424,3.4221171456222055,3.4460718612068337,602039360
2022-12-12,3.866992712020874,3.9012138539720875,3.5624243038861567,3.6308665877885846,941250782
2022-12-13,3.8361940383911133,3.928591044668825,3.7711736206784927,3.825927613705098,734607637
2022-12-14,3.822504997253418,4.044942819234821,3.7164192981506083,3.8704148388910182,1091606560
2022-12-15,4.157872676849365,4.19209381756844,3.8806808658974115,3.9183242838676646,1201633760
2022-12-16,4.195515155792236,4.294756696084208,4.1886710101044065,4.209203855116021,274772775
2022-12-19,4.678033828735352,4.678033828735352,4.298179045262461,4.298179045262461,1377398337
2022-12-20,4.435064315795898,4.667768166654948,4.29133519077094,4.667768166654948,1235991760
2022-12-21,4.366621971130371,4.619858667236841,4.35635554691894,4.482973690998079,980823402
2022-12-22,4.4042649269104,4.530883477335517,4.352933214450981,4.411109481596872,697283707
2022-12-23,4.452174663543701,4.527461091761459,4.3255565240936305,4.407687098886061,659001542
2022-12-26,4.441908359527588,4.565104632987617,4.428220066009001,4.513772920370636,487037645
2022-12-27,4.4453301429748535,4.541149410803348,4.4008425820600365,4.448752012000212,722436147
2022-12-28,4.298179626464844,4.4453306168948945,4.216048641878027,4.435064192828019,606620862
2022-12-29,4.421375751495361,4.469285184940838,4.305023629209218,4.305023629209218,436067355
2022-12-30,4.3700432777404785,4.520616528236334,4.3700432777404785,4.452174252905892,636704395
2023-01-02,4.469285011291504,4.52403899705736,4.390576309733644,4.400842733058262,566205427
2023-01-03,4.335822105407715,4.496661777506754,4.315289667741636,4.482973077781231,552312495
2023-01-04,4.287912845611572,4.459018539328269,4.216048291071298,4.376887969523516,682222452
2023-01-05,4.120229244232178,4.346088935354438,4.092852250164605,4.315290071996028,440933942
2023-01-06,4.130495548248291,4.219470674401262,3.760906750973561,3.8841030167318045,643931235
2023-01-09,3.966233968734741,4.212626090574904,3.9080577054552887,4.205781944291487,485028680
2023-01-10,3.8259270191192627,4.031253849136953,3.7985500268606076,3.997032710800671,422890582
2023-01-11,3.586378812789917,3.9114800503405838,3.576112389212836,3.843037770424268,472518750
2023-01-12,3.7164194583892822,3.7437964536557127,3.442650321621366,3.6787764468526096,451790735
2023-01-13,3.6958868503570557,3.788283848238008,3.6137558682809625,3.668509856331691,388466952
2023-01-16,3.880680799484253,3.8875253538694725,3.750640385387617,3.767750955454328,460087835
2023-01-17,3.9046361446380615,3.9970331466312246,3.85672630097436,3.9012138672520145,505256412
2023-01-18,3.89436936378479,4.0107214809284635,3.812238385574876,3.9251682256459115,563408647
2023-01-19,3.9765002727508545,4.072319959464749,3.880680993985149,3.894369695493501,538746097
2023-01-20,4.205782413482666,4.253692258707666,3.9765004277985905,4.003877423934561,619923485
2023-01-23,4.1852498054504395,4.414531374043456,4.1133852444527195,4.270802659996206,540602847
2023-01-24,4.116806983947754,4.222892683415936,4.0449428331661075,4.192093819930684,549968365
2023-01-25,3.973078489303589,4.17156119790981,3.8704150615363924,4.14076233275893,496720165
2023-01-26,3.8430378437042236,3.9833446833873416,3.825927273398876,3.969655982374159,522788940
2023-01-27,3.7266857624053955,3.825927316051696,3.5761124972707887,3.822505038773204,476312135
2023-01-30,3.6787760257720947,3.8053941554446373,3.658243179685457,3.7061526099567503,404967047
2023-01-31,3.72326397895813,3.825927404302839,3.6137559988985553,3.6616658421616664,516669272
2023-02-01,3.411850929260254,3.7677510393405993,3.411850929260254,3.7403744529828775,469943270
2023-02-02,3.3434088230133057,3.521359091370742,3.192835754373283,3.4118511083974887,656411500
2023-02-03,3.617177963256836,3.637710401780166,3.3331420215099827,3.353674867981466,554757262
2023-02-06,3.528202772140503,3.617177894562999,3.381051592443754,3.555579764266513,85674897
2023-02-07,3.2578558921813965,3.559002022611712,3.192835681750522,3.552157875818607,193023115
2023-02-08,3.0935940742492676,3.0935940742492676,3.0935940742492676,3.0935940742492676,7
2023-02-15,3.5829570293426514,3.5829570293426514,3.4426501889758483,3.552157757874043,69180942
2023-02-16,3.781439781188965,3.90805792227557,3.682198226754893,3.90805792227557,308058215
2023-02-17,3.736952066421509,3.8498819096629386,3.706152795747573,3.7129973500850033,215661937
2023-02-20,3.7711730003356934,3.8601481223808247,3.7232635702794807,3.754062431323025,180465100
2023-02-21,3.661665678024292,3.82250495559827,3.637710553492451,3.7609068215629975,240178790
2023-02-22,3.736952066421509,3.7882837762632344,3.6411327931273205,3.6616656402432772,214892492
2023-02-23,3.7711730003356934,3.890946983424369,3.712997147282251,3.747218285307587,327930765
2023-02-24,3.6993088722229004,3.805394575466192,3.678776431818134,3.774595710884948,165565905
2023-02-27,3.9765002727508545,3.9901889742592065,3.6479771478250624,3.7301081330306056,446189620
2023-02-28,3.8875253200531006,4.055208742068972,3.853304180217358,3.986766462397487,403246372
2023-03-01,3.983344793319702,4.051787076429962,3.8943696620970902,3.9285908036522197,339155807
2023-03-02,4.099696636199951,4.140762333674469,3.9936113389193113,4.017566057147314,428679032
2023-03-03,4.0346760749816895,4.0791636358442895,3.890946969433574,4.068897212883975,500043760
2023-03-06,4.435064315795898,4.435064315795898,4.05863133991189,4.0757419111817,679737917
2023-03-07,4.441908359527588,4.715677901433007,4.435064212768295,4.57194877974691,967036082
2023-03-08,4.88336181640625,4.88336181640625,4.428220134613242,4.445330705750655,1036218242
2023-03-09,4.859406471252441,5.157130721971939,4.708833615214677,4.883361596122784,1383266910
2023-03-10,4.982602596282959,5.181085696294029,4.790964050577775,4.790964050577775,1187379442
2023-03-13,4.849140644073486,5.071578067481047,4.780697951999891,5.030512778595443,802439480
2023-03-14,4.9175825119018555,5.071577638147584,4.821763240648215,4.876516818544468,990832257
2023-03-15,5.003135681152344,5.040779099831618,4.801230702337973,4.94153754510816,1137338815
2023-03-16,5.03051233291626,5.16055274282321,4.962070054854513,5.047622902431696,824162450
2023-03-17,5.037356853485107,5.174241419781208,5.037356853485107,5.09895498990799,1098672110
2023-03-20,4.790964126586914,5.047623086632783,4.773853556447068,4.9654921051926175,881198375
2023-03-21,4.667768478393555,4.883362180329496,4.66434660867998,4.811497613017515,759482312
2023-03-22,4.688300609588623,4.756742888744227,4.613014184107092,4.705411179377524,514458897
2023-03-23,4.849140644073486,4.849140644073486,4.650657530571986,4.688300950020235,461016630
2023-03-24,4.739632606506348,4.886783597208101,4.739632606506348,4.8525624555541205,514037462
2023-03-27,4.660923957824707,4.7978085261649195,4.660923957824707,4.777276085682803,348482170
2023-03-28,4.448752403259277,4.712255514949256,4.438486387332181,4.6609238035210545,512668887
2023-03-29,4.6232805252075195,4.640391096201399,4.407687249094995,4.448752537890669,558887710
2023-03-30,4.626702785491943,4.767009630302662,4.551416354986661,4.578793350065361,659320130
2023-03-31,4.438486576080322,4.599325863805464,4.387154454521026,4.578793423129942,533449442
2023-04-03,4.491191387176514,4.502244437702153,4.3180283929604855,4.483822833227986,539350252
2023-04-04,4.575930595397949,4.579615091765549,4.458032421308459,4.502244181691308,353902345
2023-04-05,4.458033084869385,4.645933643471856,4.458033084869385,4.583299831133875,387638275
2023-04-06,4.410136699676514,4.520666333647953,0.36843247009278096,4.476454567900522,243656635
2023-04-07,4.351187229156494,4.43592669999029,4.2185514974857075,4.413820598309924,236244245
2023-04-10,4.443295001983643,4.4764541526223525,4.376977139911905,4.380661636384767,225428142
2023-04-11,4.476454257965088,4.505928912824552,4.424873502159603,4.461716710932509,333400767
2023-04-12,4.524350643157959,4.598037062755024,4.46171683513589,4.483822936697291,584788475
2023-04-13,4.465401649475098,4.601721447586573,4.465401649475098,4.539088074314353,504281252
2023-04-14,4.465401649475098,4.550141125881389,4.454348597908062,4.487507752609169,286709942
2023-04-17,4.4248738288879395,4.52803490891053,4.413820777598782,4.476454588502097,271314292
2023-04-18,4.4248738288879395,4.494876194248784,4.413820777598782,4.439611377008724,282920780
2023-04-19,4.528034687042236,4.660670417601677,4.347502696047124,4.432242166170895,516337080
2023-04-20,4.3696088790893555,4.454348350794562,4.358555828135509,4.421189637138735,182213075
2023-04-24,4.325396537780762,4.45434775690276,4.314343488300603,4.399082948707618,276700715
2023-04-25,4.211183071136475,4.362240412390239,4.178023917609547,4.336450252450888,294846892
2023-04-26,4.130127906799316,4.259079139840619,4.104337308826495,4.196445771633127,303237750
2023-04-27,4.1632866859436035,4.211182946820319,4.093284323368185,4.13381203008057,285746252
2023-04-28,3.9901227951049805,4.185392313159882,3.920120879671128,4.178023320625238,248016347
2023-05-02,3.945911169052124,4.067493840302136,3.9311740618969533,3.9974919225065664,217066967
2023-05-03,3.905383825302124,4.019597953495116,3.8390663977895105,3.9717016920204515,244640180
2023-05-04,3.9238057136535645,3.9901231385279194,3.8685404609154412,3.883278008047506,291463120
2023-05-05,3.9238057136535645,4.063809995776851,3.8943310585951307,3.9311742676167487,253440932
2023-05-08,4.3143439292907715,4.3143439292907715,3.916436742566924,3.9606489450067057,467003772
2023-05-09,4.465401649475098,4.701198472484157,4.266448038885666,4.310659805948072,1163623837
2023-05-10,4.72330379486084,4.837517920784926,4.458032772462952,4.476454377340662,1114550377
2023-05-11,5.194897651672363,5.194897651672363,4.745410120102148,4.745410120102148,1073644465
2023-05-12,5.147001266479492,5.493328148999209,5.147001266479492,5.427010282049233,1484549980
2023-05-15,4.634880065917969,4.634880065917969,4.634880065917969,4.634880065917969,27934875
2023-05-16,4.174339771270752,4.266447797099927,4.174339771270752,4.174339771270752,1327055185
2023-05-17,4.119074821472168,4.262763161398485,4.056441014585914,4.2222358948784535,971622867
2023-05-18,3.9717016220092773,4.1817082694497065,3.9643330678828446,4.1227589580268305,642681317
2023-05-22,3.787485361099243,4.019597657943879,3.7653792607499708,4.008545046974923,525456647
2023-05-23,3.8206441402435303,3.9274897082208833,3.7801168744913114,3.805907032552849,506723912
2023-05-24,3.761695384979248,3.9643330375363726,3.758010888341383,3.8427503581609574,493318627
2023-05-25,3.83906626701355,3.857487871629689,3.7469578047271557,3.7764324599541177,424859900
2023-05-26,3.8832778930664062,3.9495957551828327,3.7948539305092766,3.853803238880696,478996340
2023-05-29,3.9238057136535645,4.045388391266043,3.7616953304350282,3.920121217069124,757880570
2023-05-30,4.273816108703613,4.306975259643122,4.056440916563568,4.0674939668767385,1263402445
2023-05-31,4.108022212982178,4.3217129367763025,4.108022212982178,4.251711007577453,791729185
2023-06-01,4.200129985809326,4.277500904203995,4.152233723908137,4.152233723908137,472825572
2023-06-02,4.516981601715088,4.568562358406976,4.410136470119829,4.491191442971995,920950067
2023-06-05,4.65330171585083,4.734356686751545,4.531719039896911,4.734356686751545,633402042
2023-06-06,4.697514057159424,4.730673212436532,4.542772650150154,4.631196185810953,624193490
2023-06-07,4.892782688140869,5.018049863622311,4.679091985783105,4.7896216139813585,846149360
2023-06-08,5.0069966316223145,5.102789148273752,4.8780454033945935,4.885413957166469,648658667
2023-06-09,4.955416679382324,5.084367917065729,4.907520417544487,5.0475247062990425,453523795
2023-06-12,4.826464653015137,5.025418240272706,4.826464653015137,4.977521981902975,327868312
2023-06-13,4.782252788543701,4.955416214258283,4.7233034811678,4.83751759950648,505787847
2023-06-14,4.878045558929443,5.051208993721046,4.774884485216874,4.81909624846349,798713392
2023-06-15,5.084367752075195,5.084367752075195,4.9075202582927515,4.955416518576328,624905995
2023-06-16,4.944363594055176,5.128579646612309,4.944363594055176,5.088052378573168,526183667
2023-06-19,4.745409965515137,4.959100673050207,4.745409965515137,4.944363564615669,492284632
2023-06-20,4.885414123535156,4.933310383491943,4.726988235619188,4.745409840279052,513901867
2023-06-21,4.826464653015137,4.973837924616495,4.7711998408667595,4.940678773804057,414534337
2023-06-22,4.878045558929443,4.929626315388577,4.71225111735036,4.837517853083388,729288507
2023-06-23,5.029102802276611,5.143316924553345,4.944363334704102,4.951731888578735,628851842
2023-06-26,5.176475524902344,5.250161940470171,5.165422474726034,5.228056279323232,372389665
2023-06-27,5.180160045623779,5.235424857558477,5.117526679938925,5.15436988789539,241478930
2023-07-03,5.250162601470947,5.312796413953805,5.224372440616337,5.250162601470947,493189687
2023-07-04,5.301743030548096,5.397535552533235,5.279636928795922,5.283321425489854,807089755
2023-07-05,5.250162601470947,5.327533523240516,5.099105254856356,5.320164968597161,490445185
2023-07-06,5.128579616546631,5.309111610517703,5.128579616546631,5.272268400222265,488031160
2023-07-07,5.1248955726623535,5.213319101924148,5.0954209165065185,5.1322641268998845,253881952
2023-07-10,5.154370307922363,5.2243722330617945,5.139632760015412,5.217003678711178,279426702
2023-07-11,5.349639415740967,5.415957283331451,5.158054367322741,5.268584000238309,980379930
2023-07-12,5.386482238769531,5.544908122379563,5.301742771796194,5.342270476628651,1279766400
2023-07-13,5.4380621910095215,5.522801652315081,5.390166374763719,5.415956531020457,1033698385
2023-07-14,5.33858585357666,5.548592487378108,5.309111199779468,5.50069622985838,548527585
2023-07-17,5.35700798034668,5.4601690591064544,5.283321558261943,5.382798140235193,502291197
2023-07-18,5.084367752075195,5.445431732918866,5.084367752075195,5.371744874570954,491969297
2023-07-19,5.25753116607666,5.25753116607666,5.04752452104944,5.084367730463941,368322967
2023-07-20,5.323849201202393,5.3901670681115,5.180160416365041,5.2870055514033645,522854765
2023-07-21,5.183844089508057,5.360692014289176,5.169106982045804,5.2980582095603985,275358587
2023-07-24,5.121211051940918,5.23542517930739,5.065946236609859,5.202266026585328,251964560
2023-07-25,5.294374465942383,5.312796070964356,5.147001186560891,5.158054237415216,480968637
2023-07-26,5.161738872528076,5.294374607925556,5.110158113559848,5.268584008838581,455105680
2023-07-27,5.294374465942383,5.305427516796708,5.172791784956219,5.2170035491678135,625181255
2023-07-28,5.54490852355957,5.640701047800239,5.445431941743933,5.471222101591584,870839630
2023-07-31,5.567014217376709,5.644384691242939,5.519117958770555,5.574382771191728,731486960
2023-08-01,5.6370158195495605,5.765967480466241,5.474905448732313,5.548592300344271,940767747
2023-08-02,5.802811145782471,5.865444513442184,5.574382897885391,5.637016265545104,771960955
2023-08-03,5.659122467041016,5.861760120783831,5.648069416268449,5.828601407671835,534520440
2023-08-04,5.917025089263916,5.9243940827743335,5.651754059854662,5.681228716279183,696972185
2023-08-07,5.957552433013916,5.9722899799292435,5.850707304104818,5.96123692954417,444255360
2023-08-08,5.979658603668213,6.152821597705812,5.880181588245658,6.0607135754298875,751179920
2023-08-09,6.495463848114014,6.5728347610845805,5.979658493653048,6.001764155069148,1128832702
2023-08-10,6.362828254699707,6.9338984333480616,6.292825894083318,6.532307191764968,1728232820
2023-08-11,6.3738813400268555,6.469673859622327,6.1601906388409,6.359143792824484,955551822
2023-08-14,6.267035961151123,6.554413528710604,6.241245801766773,6.403356190707579,722683612
2023-08-15,6.407040119171143,6.488095531611852,6.11229444253061,6.285457439715782,703389055
2023-08-16,6.281773090362549,6.403355764167872,6.255982493490448,6.35545950609842,496560875
2023-08-17,6.340722560882568,6.414409422813753,6.27440469258851,6.289142240657036,523104037
2023-08-18,6.119662761688232,6.3886182691393865,6.038607791564707,6.355459557472481,462424972
2023-08-21,6.182296276092529,6.300194896416844,5.824916796943704,5.883866107105861,583688477
2023-08-22,6.009133338928223,6.2338770919666535,5.939130977539772,6.211770990642785,393609082
2023-08-23,6.185980796813965,6.3444066841878675,5.94649949784944,6.0201859162367715,650187587
2023-08-24,6.631783962249756,6.7938943500999995,6.255982868127565,6.292826078201842,2111845680
2023-08-25,6.882318496704102,7.00021668416535,6.451252576265153,6.668627345671651,969140967
2023-08-28,7.523390769958496,7.567602094378662,7.2212761002360395,7.258119309791881,1348277765
2023-08-29,8.16446304321289,8.260255560505064,7.398122904875505,7.457072213856179,1735011450
2023-08-31,7.7591872215271,8.60658192912527,7.7591872215271,8.282361154389575,906512365
2023-09-01,7.869716644287109,8.112881999335823,7.744449909386679,7.818136327376507,782515790
2023-09-04,8.238149642944336,8.444471789756907,7.796030254968031,7.980246300620077,954444117
2023-09-05,8.687636375427246,8.798165993018577,8.179199607460333,8.230779919987357,953692570
2023-09-06,9.048701286315918,9.240285450221439,8.643425100120652,8.849747250674715,830368820
2023-09-07,9.048701286315918,9.321340863142774,8.798166932639052,9.107649719264442,792970915
2023-09-08,9.100281715393066,9.210811346137344,8.938171765983745,9.063438505144974,551120232
2023-09-11,8.400259971618652,9.144494059866142,8.38552286297477,9.137125066338484,624187797
2023-09-12,8.186567306518555,8.540263118971636,8.149724102522768,8.429733506984276,615568742
2023-09-13,7.936035633087158,8.34131096704133,7.891823427109388,8.20130711213084,529256617
2023-09-14,7.965508937835693,8.13498787009627,7.633920066269449,7.899191514886991,715245040
2023-09-15,7.950772285461426,8.267624067666693,7.86234875699776,7.994984488898967,576453312
2023-09-18,8.039196014404297,8.223412947713724,7.840242850796757,7.928666381465504,543863460
2023-09-19,8.112881660461426,8.22341216124071,7.972877823493256,8.090776438716924,398669260
2023-09-20,8.289730072021484,8.488683228330855,8.105514023881065,8.179200443137233,614430752
2023-09-21,8.525527000427246,8.569739206262392,8.142357770698018,8.304467728074444,756404007
2023-09-22,9.173967361450195,9.313972075621018,8.466577433038005,8.540263847313803,920042630
2023-09-25,9.269760131835938,9.409763971464043,9.15186151437231,9.225547930684234,579824837
2023-09-26,9.115018844604492,9.748722413681946,9.100281736153919,9.299234896265213,656598557
2023-09-27,9.395028114318848,9.579244179616966,9.115019519383413,9.137125622901484,601625852
2023-09-28,9.365551948547363,9.645560485281278,9.29923365177782,9.468712572307135,467349275
2023-09-29,9.483449935913086,9.770827472883584,9.431869622634688,9.47608182167979,518156930
2023-10-02,9.557137489318848,9.719247426246042,9.453975981520557,9.542399503625267,380101587
2023-10-03,9.255023956298828,9.66029928682835,9.188705647892576,9.601349972159946,317425545
2023-10-04,9.122387886047363,9.439239672253708,9.078175682051528,9.269760728151576,385044212
2023-10-05,9.431870460510254,9.512925873156346,8.886590430296755,9.218180195768966,412625412
2023-10-06,9.173967361450195,9.5129252184834,9.129755161520178,9.358183397139687,315867295
2023-10-09,8.893959999084473,9.232917901376977,8.88659100530841,8.916066102001196,330207382
2023-10-10,9.14449405670166,9.210811484781892,8.98975221996587,9.0855447437351,248326887
2023-10-11,9.336077690124512,9.689773547628798,9.2623912727473,9.682404554526522,444615442
2023-10-12,9.070806503295898,9.505556905669707,8.901327562655649,9.453976587669128,348798482
2023-10-13,8.842378616333008,9.041331761875673,8.71711100764748,8.997119561350033,204692360
2023-10-16,8.606582641601562,8.98975275968283,8.606582641601562,8.98975275968283,219067187
2023-10-17,8.776060104370117,8.798166204101008,8.569737970900697,8.621318284665218,197668517
2023-10-18,8.407629013061523,8.680268598967121,8.2897303864157,8.621319285644208,232339717
2023-10-19,8.466578483581543,8.702374862839731,8.32657375203876,8.41499728445915,241684975
2023-10-20,7.958141326904297,8.414996958735431,7.928666231630771,8.34131053816875,215111110
2023-10-23,8.14235782623291,8.201307141611347,7.9212985523723765,8.105514613922821,285373370
2023-10-24,8.842378616333008,8.90869603871011,8.164462893133766,8.1718310076138,431170190
2023-10-25,8.14235782623291,8.879222950846161,8.14235782623291,8.871853957019555,288933407
2023-10-26,8.216044425964355,8.38552338188522,7.906560733234303,8.245518645076032,697168727
2023-10-27,8.216044425964355,8.378154387901557,8.002353262964487,8.2970998461387,385601487
2023-10-30,7.994984149932861,8.171831199362346,7.958140941434103,8.13498799086359,296194652
2023-10-31,7.72971248626709,8.112881668506963,7.700237393226264,8.06867034656276,282526707
2023-11-01,7.611814498901367,7.825505647034286,7.320752872174509,7.803399545032753,327061660
2023-11-02,7.633920669555664,7.751819295683167,7.5454971391657555,7.626551676018407,291749372
2023-11-03,7.722343444824219,7.751818537679621,7.5676016229645695,7.648657030302738,263040702
2023-11-06,8.105514526367188,8.149725853614841,7.854980158317968,7.854980158317968,256546875
2023-11-07,7.958141326904297,8.164463480173286,7.862348804485327,8.039195862480792,333501105
2023-11-08,7.6412882804870605,8.039195458603732,7.611814065105698,7.994984135531687,432672845
2023-11-09,7.3907551765441895,7.685500858441319,7.36864907471962,7.574971227729896,503722977
2023-11-10,7.398123264312744,7.493915786258989,7.3391743916737315,7.405492257697616,315780715
2023-11-13,7.2949628829956055,7.560234356385786,7.2949628829956055,7.405492517172939,500811002
2023-11-14,7.398123264312744,7.412861251082488,7.180748500396037,7.3244372833154054,439711530
2023-11-15,7.412860870361328,7.523390494989148,7.331805460936378,7.4349660925577945,309994155
2023-11-16,7.589707851409912,7.656026152648062,7.420228919460905,7.420228919460905,312724215
2023-11-17,7.567601680755615,7.611813881170676,7.530758473213517,7.560233566294009,222252252
2023-11-20,7.670763969421387,7.759187500837256,7.619183649296417,7.648657866964558,296031440
2023-11-21,7.847611427307129,7.847611427307129,7.611814186839661,7.729712807073395,294161405
2023-11-22,7.810767650604248,7.906560173553578,7.781293433578959,7.847611739503,280835635
2023-11-23,7.788661956787109,8.053933407644196,7.759186863130003,7.803399064409976,723380500
2023-11-24,7.832873821258545,7.928666345047795,7.670763869375202,7.803399603974823,425303742
2023-11-27,8.282361030578613,8.356047449406377,7.980246362020225,8.098144983509206,817746702
2023-11-28,8.16446304321289,8.319203991074362,8.11288184884769,8.245517574451364,456072487
2023-11-29,8.083407402038574,8.208674131027514,8.024458094746324,8.179199916587065,336486840
2023-11-30,7.899191379547119,8.282360559998633,7.899191379547119,8.0834074161499,428759415
2023-12-01,8.127620697021484,8.25288744288571,8.046565278773855,8.142357806227016,421436975
2023-12-04,8.356047630310059,8.378153732119252,8.046564840215607,8.157094470850156,445754717
2023-12-05,8.252886772155762,8.407628602266318,8.252886772155762,8.356047406621867,331764582
2023-12-06,8.348679542541504,8.55500169608114,8.252887019996878,8.252887019996878,682257977
2023-12-07,8.267623901367188,8.363416421280759,8.061301753494433,8.341310320006643,341270587
2023-12-08,8.20130729675293,8.37815436782213,8.157095089779887,8.311836935774052,333259895
2023-12-11,8.083407402038574,8.267623438319767,8.068670294818348,8.201306016623077,336625277
2023-12-12,8.260255813598633,8.363416448667113,8.068670773144136,8.09077687449064,616857052
2023-12-13,8.22341251373291,8.496052084911417,8.2086745273897,8.238149621664729,553054167
2023-12-14,8.849747657775879,8.857116651439133,8.333942696868654,8.385523017277087,601545072
2023-12-15,8.982382774353027,9.29186643224814,8.790797736457138,8.849747046456748,649904377
2023-12-18,9.085543632507324,9.44660670284829,8.975014013617885,9.151861052476455,721619977
2023-12-19,8.776060104370117,9.137124057544439,8.71711079789152,9.085543743779917,474981700
2023-12-20,8.87185287475586,8.886589982199844,8.709742936049304,8.783429351680589,402124800
2023-12-21,8.849747657775879,9.070806926736118,8.827641555197564,8.90132797818431,472069520
2023-12-22,8.761322975158691,9.033962528718783,8.709742661524837,8.87185259512181,402620385
2023-12-25,8.333942413330078,8.717111624142632,8.201306680784196,8.717111624142632,225354187
2023-12-26,8.216044425964355,8.407629485424723,8.068671573582993,8.407629485424723,331725907
2023-12-27,8.230780601501465,8.363416329275651,7.950772038069601,8.201306385734485,356752955
2023-12-28,8.326573371887207,8.496052313695369,8.252886951832476,8.252886951832476,266284635
2023-12-29,8.606582641601562,8.672900952074777,8.348680150499204,8.363417260022755,308932912
2024-01-02,8.636056900024414,8.81290395394844,8.525526393307645,8.776060744513318,272335322
2024-01-03,8.267623901367188,8.650793981021474,8.267623901367188,8.599213663656135,306412422
2024-01-04,8.459209442138672,8.459209442138672,8.179200859044686,8.282361499884415,436700690
2024-01-05,8.540265083312988,8.562370308065852,8.385523239574093,8.459209664514239,379446272
2024-01-08,9.321341514587402,9.350816611533014,8.658162813454554,8.658162813454554,754291582
2024-01-09,9.262391090393066,9.564505747056284,9.10764926558286,9.42450190816047,783092900
2024-01-10,9.468713760375977,9.512925963769781,9.173968080181057,9.255023493599227,504477867
2024-01-11,9.476081848144531,9.571874360735558,9.336077136384926,9.527662161566981,603619352
2024-01-12,9.564505577087402,9.896095321275428,9.151861303867445,9.395026647785944,969731015
2024-01-15,9.284497261047363,9.564505819367318,9.277128268034453,9.483450409870809,463123247
2024-01-16,9.284497261047363,9.498188395896628,9.247654052805563,9.380289778158318,443465350
2024-01-17,9.461345672607422,9.630824614888823,9.196074208305104,9.225548425044732,538803345
2024-01-18,9.527663230895996,9.881358228707262,9.512926122322908,9.630824747730474,557769772
2024-01-19,9.372920036315918,9.630823351815256,9.306602618143517,9.586611154092786,401104015
2024-01-22,9.218180656433105,9.365553502491524,9.196074553842053,9.321341297309418,256910035
2024-01-23,8.79816722869873,9.380290490150925,8.746586908927382,9.35081627268485,411233250
2024-01-24,9.166598320007324,9.32870913328277,8.812903357678428,8.820272350431436,482165175
2024-01-25,9.129755973815918,9.343447121275139,9.078175654915908,9.218180381543279,309068207
2024-01-26,9.321341514587402,9.365553720800083,9.129756458881083,9.159231555826693,378290415
2024-01-29,9.247654914855957,9.38765964627262,9.18133748520327,9.365553543584573,240750350
2024-01-30,9.439238548278809,9.535031059922364,9.203441326260418,9.35818314340857,441803595
2024-01-31,9.44660758972168,9.520294887643932,9.255023426040339,9.439239474817441,396496130
2024-02-01,9.527663230895996,9.608718645665126,9.42450259247295,9.439239701046036,326239752
2024-02-02,9.417133331298828,9.682404791719797,9.38029012170766,9.564506169663499,310597367
2024-02-05,9.527663230895996,9.689774060434257,9.439239701046036,9.601349652172866,349213030
2024-02-06,9.623455047607422,9.623455047607422,9.446607122481659,9.542399638790027,290812280
2024-02-07,9.483449935913086,9.792933572406133,9.439238615279315,9.652928861037534,351994927
2024-02-08,9.45397663116455,9.593981355994716,9.44660763781139,9.483450847754368,289236597
2024-02-09,9.51292610168457,9.571875414260463,9.358184265974282,9.48345100619091,347111112
2024-02-12,10.072942733764648,10.072942733764648,9.542399826369584,9.571874920342301,557042542
2024-02-13,10.00662612915039,10.242422508188385,9.91820171840112,10.08031255250048,695921227
2024-02-14,10.249791145324707,10.286634355718073,9.689773995980971,9.955044583766353,772230552
2024-02-15,10.205578804016113,10.448744165019109,10.176104587463016,10.205578804016113,750794332
2024-02-16,10.257159233093262,10.323477538671902,10.102418276899275,10.212947907785589,576357685
2024-02-19,10.087679862976074,10.62559176460993,10.03609954642847,10.286633892877582,664155527
2024-02-20,10.470849990844727,10.52979930080965,10.021362490575,10.13189211735496,609227777
2024-02-21,10.551904678344727,10.691908511301934,10.382425753220355,10.485586379777105,574467995
2024-02-22,10.647698402404785,10.699278721553139,10.367688947801886,10.581380096289964,690729757
2024-02-23,10.588748931884766,10.647698243637363,10.367688793209673,10.500324525050162,560479987
2024-02-26,10.559273719787598,10.684541335277963,10.33084546868195,10.596116929423257,557389807
2024-02-27,10.28847599029541,10.620064871131598,10.28847599029541,10.527957287882797,219423744
2024-02-28,10.095048904418945,10.362162388633942,10.030573508425757,10.297686992640754,249553180
2024-02-29,10.223999977111816,10.29768639062808,10.039783064909821,10.095048314252688,271880255
2024-03-01,9.864778518676758,10.288475855627269,9.83714633190494,10.242421625399986,183737491
2024-03-04,9.5055570602417,10.01215186167334,9.5055570602417,9.920044274947584,215421371
2024-03-05,9.302919387817383,9.58845403464962,9.302919387817383,9.523978639250997,267111382
2024-03-06,9.045016288757324,9.35818400911462,9.026595123189402,9.19238912694631,239883590
2024-03-07,9.551610946655273,9.570032990379655,9.100281416344627,9.100281416344627,285088881
2024-03-08,10.002941131591797,10.067417410435283,9.505557337831132,9.560822594209627,384571153
2024-03-11,9.910833358764648,10.408217143320643,9.910833358764648,10.389795098731582,405220478
2024-03-12,10.196367263793945,10.380584182329464,9.846356348352375,9.910832621204355,400808295
2024-03-13,9.763459205627441,10.297686129267035,9.680561772922795,10.196366654445216,404178240
2024-03-14,9.570033073425293,9.85556772633985,9.54240000759893,9.800303351509923,232842281
2024-03-15,9.431870460510254,9.671351762593204,9.40423827285804,9.579243299203945,175028748
2024-03-18,9.51476764678955,9.689773546854996,9.41344904250682,9.459503272966746,197664201
2024-03-19,9.9200439453125,9.956887154460816,9.477924557121302,9.51476776626962,288751470
2024-03-20,9.883200645446777,10.150315031075413,9.80030407706473,9.910833713318924,349626231
2024-03-21,10.27005386352539,10.491113994039441,9.97530819405517,10.039783589648934,607049540
2024-03-22,10.150315284729004,10.491115224632134,10.07662798030665,10.270055068188046,415249294
2024-03-25,10.50953483581543,10.951654204828897,10.104259552763494,10.168734946373464,778743938
2024-03-26,10.242422103881836,10.666119460625662,10.196367871503098,10.537167785647481,400829762
2024-03-27,9.984519004821777,10.408216334936732,9.89241054585321,10.306896854389034,351575716
2024-03-28,10.343740463256836,10.454270969668245,10.058205810526326,10.058205810526326,439909309
2024-03-29,10.491114616394043,10.638487459871614,10.352951916825242,10.352951916825242,370147456
2024-04-01,10.877700805664062,11.170670516644206,10.471322476121598,11.132867944218237,619625651
2024-04-02,10.802095413208008,11.227374568573056,10.73594023701565,10.877700556326932,636129235
2024-04-03,11.00055980682373,11.123418397169186,10.62253316700284,10.839898642624632,511914011
2024-04-04,11.813315391540527,11.870019701985074,10.981657879821942,11.047812157603548,779304289
2024-04-05,12.059032440185547,12.474860740995478,11.728259252214327,11.88892041193927,801959479
2024-04-08,12.11573600769043,12.342552348755868,12.077933434393598,12.11573600769043,409378459
2024-04-15,12.011778831481934,12.399255422612896,11.983427127597437,12.011778831481934,418491314
2024-04-16,11.491992950439453,12.191340998114518,11.491992950439453,12.05903244391268,357774015
2024-04-17,11.586499214172363,11.822765506950995,11.548696643379158,11.633752652984967,398043896
2024-04-18,11.59595012664795,11.77551211328298,11.491992380604797,11.671555268524214,294173782
2024-04-19,12.15353775024414,12.219692924954957,11.43528890669951,11.473091477412385,509899877
2024-04-22,11.832216262817383,12.342551414330583,11.699906815653083,12.314198810541136,333826829
2024-04-24,12.266945838928223,12.352001850964161,11.945624428647708,11.964525263942136,491299573
2024-04-25,12.002326965332031,12.342550988800625,11.945623562276827,12.29529755206506,358834175
2024-04-26,12.559915542602539,12.786730957511523,12.068482143633073,12.068482143633073,547311613
2024-04-29,12.786731719970703,12.871787730954457,12.607169731115087,12.616620599287591,318678888
2024-04-30,12.956843376159668,13.2025605340017,12.739477920750373,12.777281392373181,449501940
2024-05-02,12.890689849853516,13.117505285018412,12.673324381857173,13.004097567435963,282121012
2024-05-03,12.97574520111084,13.13640636263338,12.928492660544336,12.966295233768204,330070680
2024-05-06,12.833985328674316,13.098603332000806,12.786731888473483,12.975744747992406,393421770
2024-05-07,13.108054161071777,13.306517888293842,12.63552156304633,12.871787862059055,581950785
2024-05-08,12.805633544921875,13.174208393355897,12.805633544921875,13.155307558164502,313394787
2024-05-09,12.937941551208496,13.013547592648832,12.843435576655713,12.890689014574287,290870950
2024-05-10,12.767830848693848,13.174208264830513,12.767830848693848,12.96629457333153,360654903
2024-05-13,12.654423713684082,12.900139987721925,12.588268534922278,12.78673226863882,355402639
2024-05-14,12.82453441619873,12.966294736312886,12.65442329385991,12.852887020992204,483829256
2024-05-15,13.041899681091309,13.174208229640083,12.673323935953173,12.81508425390679,351883301
2024-05-16,13.523882865905762,13.523882865905762,12.98519511064775,13.041899416937573,550362976
2024-05-17,13.98696517944336,14.090922027272223,13.438827434010426,13.523883446454228,507481907
2024-05-20,14.26103401184082,14.41224429963145,13.949162567951548,13.986965139899207,437252438
2024-05-21,15.21554946899414,15.60302604121578,14.298836009477624,14.298836009477624,82371662
2024-05-22,14.894227027893066,15.319505265210534,14.610707301730391,15.215549324125142,501849406
2024-05-23,14.525651931762695,15.083240540740542,14.487849360032895,14.903678550345095,376349225
2024-05-24,14.591805458068848,14.771368340532936,14.525651186258056,14.563453756047702,261181931
2024-05-27,14.809171676635742,14.988733667107061,14.525651937900246,14.648510521395108,283888634
2024-05-28,14.969832420349121,15.083240132468811,14.733566128112006,14.88477641093826,290498363
2024-05-29,14.667412757873535,15.083241061251236,14.667412757873535,15.017086783762256,274152555
2024-05-30,15.007636070251465,15.177747200021464,14.846974907874369,14.846974907874369,411146543
2024-05-31,15.225001335144043,15.640828735845776,14.988734127864547,15.035987569320445,575636193
2024-06-03,15.593575477600098,15.603026345712957,14.82807228486187,15.347858314372084,506052277
2024-06-04,15.1304931640625,15.744785146836719,15.035986289196764,15.593574868079026,395952719
2024-06-05,15.158846855163574,15.508519973921677,14.969833091867578,15.225001131546522,409161993
2024-06-06,15.196648597717285,15.470718375527932,15.139945189489472,15.253352005945096,224376486
2024-06-07,14.657960891723633,15.262802019109618,14.516200576529261,15.24390028323662,229837673
2024-06-10,14.450047492980957,14.714665507994043,14.213781182826732,14.65796209827632,234604187
2024-06-11,14.922579765319824,15.102141760284791,14.374442010646435,14.402793714844183,343114669
2024-06-12,15.158846855163574,15.272253671086101,14.82807276939558,14.913128782621897,248045803
2024-06-13,15.414012908935547,15.688082682198003,15.357309501648729,15.357309501648729,222790874
2024-06-14,15.291154861450195,15.848743460420414,15.21554971934756,15.68808230813122,289035991
2024-06-20,15.792038917541504,15.792038917541504,15.357309782769986,15.574674350155746,315373205
2024-06-21,15.81093978881836,16.018855278906813,15.716432911738949,15.782588987492662,360604114
2024-06-24,15.829842567443848,16.04720713724595,15.603027129054409,15.858195173205853,315462175
2024-06-25,15.36676025390625,15.914897993722738,15.36676025390625,15.84874371862625,328794176
2024-06-26,14.988733291625977,15.442365042495773,14.969832456868776,15.376210768918995,290946916
2024-06-27,15.499069213867188,15.50852008235495,15.007635769201059,15.092691783022072,293086115
2024-06-28,14.979283332824707,15.716433013149313,14.88477645513549,15.565222729874073,377521599
2024-07-01,14.440595626831055,15.177746211236396,14.289385342982204,15.11159193737362,277270388
2024-07-02,14.865875244140625,14.865875244140625,14.298836661830899,14.459497818806424,283744946
2024-07-03,15.51797103881836,15.565223578956209,14.903679004182,14.979284149943878,342174379
2024-07-04,15.51797103881836,15.678632198883456,15.262802995908702,15.499069301735675,314493353
2024-07-05,15.310056686401367,15.57467378401072,15.092691225632498,15.404561762651117,282175990
2024-07-08,15.442365646362305,15.574674198689724,15.338407896637142,15.357309633417868,311758828
2024-07-09,15.234451293945312,15.499068387213729,15.017085836742233,15.470717585831402,282430235
2024-07-10,14.941481590270996,15.262803009400802,14.856425575892588,15.262803009400802,212709220
2024-07-11,15.584125518798828,15.584125518798828,15.09269206495275,15.09269206495275,348354732
2024-07-12,16.160614013671875,16.20786654894019,15.451815169235115,15.48961683693603,454524471
2024-07-16,16.652050018310547,16.7654568356042,16.160615669854423,16.25512255264504,341786644
2024-07-17,16.47248649597168,16.689851056340768,16.292923605742576,16.642598518023586,230729389
2024-07-18,16.368528366088867,16.793808411280626,16.283472357050517,16.633147261160264,280820304
2024-07-19,16.604795455932617,16.727654942705524,16.255122337573376,16.330727482291767,297066889
2024-07-22,15.90544605255127,16.17006493765562,15.867644384718465,16.06610719662022,343098791
2024-07-23,15.310056686401367,15.971601232993535,15.262802345707708,15.943250431146124,329160057
2024-07-24,15.1871976852417,15.385662317317202,15.026536526921088,15.31950623824614,286905602
2024-07-25,14.771368980407715,15.225000738818514,14.743017277158414,15.149395595964114,207259054
2024-07-26,14.648510932922363,14.960382383907634,14.610708360114586,14.809172092676524,272273718
2024-07-29,14.393342018127441,14.76191775662725,14.38389205146158,14.450046324544479,230935346
2024-07-30,14.090922355651855,14.610708409478262,13.939712063909868,14.478398953561806,261630927
2024-07-31,14.17597770690918,14.261033717356137,13.977513982961074,13.996415719186794,308008197
2024-08-01,14.68631362915039,14.752467906798838,14.355540438339279,14.364991306941752,310595238
2024-08-02,14.043668746948242,14.506751386499854,14.005866174462847,14.364991063716309,198954105
2024-08-05,13.136404991149902,13.627839293037258,12.654422458187266,12.654422458187266,458205833
2024-08-06,12.843436241149902,13.552235142747275,12.843436241149902,13.514432570713458,365200809
2024-08-07,12.909590721130371,13.183659598032685,12.805633871713779,12.975744997915074,273000230
2024-08-08,12.871788024902344,13.183659471441928,12.815084617141192,13.032449182366301,318553653
2024-08-09,12.29529857635498,13.060800890362675,12.257496004074161,12.956844041911525,398023410
2024-08-12,12.361452102661133,12.541014986065784,12.285846962685817,12.408705540466798,319176530
2024-08-13,12.569367408752441,12.569367408752441,12.162989082126911,12.361452811259797,351755771
2024-08-14,12.323649406433105,12.663872532836873,12.304748572275072,12.626069963236455,319849204
2024-08-15,12.569367408752441,12.626070816342173,12.314199370745412,12.389804515054662,307102998
2024-08-16,12.30474853515625,12.644971660533693,12.30474853515625,12.60716909104731,284654259
2024-08-19,12.767830848693848,12.777281716839546,12.323649959974393,12.333100828120092,394593710
2024-08-20,12.815084457397461,12.900139567978952,12.597718993597459,12.701675840719997,316109080
2024-08-21,12.607170104980469,12.93794238926763,12.57881840090658,12.786732099160993,327642181
2024-08-22,12.748929023742676,12.862336736849196,12.616620475760596,12.739478155662702,347465144
2024-08-23,12.39925479888916,12.833984808815528,12.333100526058312,12.739477932241998,254857951
2024-08-26,12.389803886413574,12.720577051946893,12.219692770991164,12.531564200764011,379901395
2024-08-27,12.531564712524414,12.56936728430476,12.333100985356493,12.427606964165157,375915025
2024-08-28,12.418157577514648,12.597719576541571,12.370904135259844,12.522114429447662,248378394
2024-08-29,12.493762016296387,12.607169730507797,12.323649994337075,12.427606840376434,294500656
2024-09-02,12.97574520111084,13.060801216185649,12.512663453797371,12.550466027021237,375981740
2024-09-03,12.91904067993164,13.05135012546907,12.79618210220782,12.994645819871781,401215976
2024-09-04,12.947393417358398,13.013548596059044,12.815084862525973,12.824534829810837,364251209
2024-09-05,12.843436241149902,13.070251673352802,12.815084537445642,13.051350837978099,361772306
2024-09-06,12.588268280029297,12.966294903936292,12.550465707767039,12.84343631876285,314044892
2024-09-09,12.238594055175781,12.597718936261524,12.210242351777655,12.54101552946527,328142906
2024-09-10,12.021228790283203,12.333100213268095,11.964524485520336,12.2952976438543,304282957
2024-09-11,11.794413566589355,12.219693638549805,11.794413566589355,12.021229905396405,381836279
2024-09-12,12.134637832641602,12.134637832641602,11.652654343661808,11.973976669648337,403461305
2024-09-13,12.15353775024414,12.191340320957016,11.888919755254014,12.134636915529892,361362428
2024-09-16,12.002326965332031,12.172438977066328,11.955073528596467,12.153537241858364,235629539
2024-09-17,12.229143142700195,12.304749186962308,12.040130285255911,12.040130285255911,259344975
2024-09-18,12.361452102661133,12.43705724263645,12.219692690528504,12.238593524880152,293803735
2024-09-19,12.63552188873291,12.777282212565128,12.522114170437794,12.541015907462528,375394034
2024-09-20,12.673324584960938,12.824534877494177,12.569367734165445,12.635522011827629,353486633
2024-09-23,12.805633544921875,12.900139523447654,12.692225829920298,12.786731808446078,290469004
2024-09-24,13.325419425964355,13.495530545841403,12.786731659381264,12.85288683499093,551690888
2024-09-25,13.372672080993652,13.533333235432536,13.259264366322276,13.344320377646909,367002134
2024-09-26,13.448277473449707,13.750698952798247,13.297067184417646,13.467179210220923,490865537
2024-09-27,13.363222122192383,13.51443240851282,13.183659231223563,13.495530672080564,228425363
2024-09-30,13.287616729736328,13.429376145181017,13.117504710175197,13.31596843256839,334498278
2024-10-01,12.73002815246582,13.410474429159212,12.56936700070323,13.353771023410289,493007485
2024-10-02,11.96452522277832,12.748929262413055,11.96452522277832,12.701675822412952,394937215
2024-10-03,11.482542037963867,12.115735806114358,11.406936892628085,12.002328088110685,505474325
2024-10-04,11.96452522277832,12.021229531035324,11.302979766630093,11.595950373603207,470185706
2024-10-07,11.737709999084473,12.087384019189862,11.662104854266248,11.983427170385909,313106068
2024-10-08,11.822765350341797,11.96452476361742,11.595949928587052,11.737709341862676,441884373
2024-10-09,11.936173439025879,11.936173439025879,11.558146822851542,11.81331485636555,333903799
2024-10-10,11.87001895904541,12.144087822923913,11.851117222985467,11.945624100716419,341234540
2024-10-11,11.7755126953125,12.162989291901297,11.737710122505897,11.879469545209554,450631819
2024-10-14,11.681005477905273,11.917271776496852,11.548696927516007,11.803864061327022,427191420
2024-10-15,11.803863525390625,11.870018698865985,11.558146369703538,11.709357551015534,543710536
2024-10-16,11.822765350341797,11.87001878852846,11.63375249887951,11.737709341862676,350393385
2024-10-17,11.671555519104004,11.870019246111166,11.633752947354278,11.784963234353182,397491036
2024-10-18,11.113966941833496,11.803864103573565,11.104516073547751,11.718808091570672,553331797
2024-10-21,10.660335540771484,11.180121597466503,10.660335540771484,11.123418188392536,351611125
2024-10-22,10.972206115722656,11.161219867588821,10.641433852525594,10.698137257057953,486937266
2024-10-23,10.943855285644531,11.066713873635205,10.726490715473334,10.962757022851298,499969846
2024-10-24,11.057262420654297,11.255726144414334,10.981657278391843,11.066713288758201,250541824
2024-10-25,11.180121421813965,11.227374862822822,10.943855118054103,11.02891113161316,314393754
2024-10-28,11.142318725585938,11.23682560655464,11.142318725585938,11.180121297716536,78170171
2024-10-30,11.388035774230957,11.454190049436395,11.142318607347326,11.180121179076778,249974211
2024-10-31,11.113966941833496,11.463640956846403,11.104516073547751,11.37858494484351,183321387
2024-11-01,11.29352855682373,11.444738839223493,11.123417439766184,11.180120845023907,390497401
2024-11-04,10.745391845703125,11.29352962173029,10.66978669737417,11.255727047565813,308262538
2024-11-05,10.386266708374023,10.877701062813557,10.367365872356432,10.86825019416254,395586986
2024-11-06,10.452421188354492,10.62253230626973,10.291760037173605,10.414618617563953,552137108
2024-11-07,10.679237365722656,10.726490807862136,10.442971056309696,10.499674465849518,408022563
2024-11-08,11.151769638061523,11.30297992718218,10.660335297134969,10.698137869415133,582552115
2024-11-11,11.397486686706543,11.482541797464517,11.189572090745656,11.255726366207773,564660718
2024-11-12,11.473092079162598,11.586499797249326,11.293529182895293,11.35023349258087,469097460
2024-11-13,11.898371696472168,12.096835435937049,11.302980478077524,11.454190774568012,673414029
2024-11-14,11.955074310302734,12.05903205817533,11.794413155667272,12.011778618350005,418630183
2024-11-15,12.021228790283203,12.229142471416898,11.926721916106542,11.973975353194872,465181695
2024-11-18,12.266945838928223,12.370903587542994,11.936173560358291,12.087383847851335,424527088
2024-11-19,11.983426094055176,12.389803485631905,11.879468353304109,12.34255095032797,405896206
2024-11-20,11.78496265411377,12.229142624982492,11.766060918527343,12.059031511126445,371173370
2024-11-21,12.474860191345215,12.531564498690356,11.870019053180457,11.88891988810591,650967989
2024-11-22,12.852887153625488,12.956844001754444,12.37090368257554,12.455959695264873,788398184
2024-11-25,12.758379936218262,13.10805394483456,12.739478199992542,13.022997934387604,470807450
2024-11-26,12.871788024902344,12.890689761679006,12.692226031946142,12.7867320119762,293699854
2024-11-27,12.711126327514648,13.089152935430896,12.711126327514648,13.004096926117631,483411668
2024-11-28,12.777281761169434,12.900139442352174,12.701675717025937,12.72057745338291,344359574
2024-11-29,12.881237983703613,12.956843122902695,12.720576837584474,12.80563284450453,485044764
2024-12-02,12.909590721130371,12.96629503072042,12.654423581186217,12.767831299081887,335424127
2024-12-03,13.108054161071777,13.438827340203352,12.833985290268394,12.975744709162267,681747910
2024-12-04,13.12695598602295,13.212011097161499,12.994646533222298,13.14585682140338,309773815
2024-12-05,13.183659553527832,13.268715566983564,13.098603540072101,13.174208685080657,288518344
2024-12-06,13.391573905944824,13.675093645139787,13.391573905944824,13.637291073332753,669124511
2024-12-09,13.495530128479004,13.618388706486702,13.32541901386281,13.457727558421587,501442040
2024-12-10,13.07025146484375,13.523883223297197,13.060800596664963,13.46717891550887,386338471
2024-12-11,12.947393417358398,13.155308019460767,12.720577979401869,13.089153742044553,401097689
2024-12-12,13.098603248596191,13.287617008195987,12.890689555091459,13.041899841743774,408195482
2024-12-13,12.786731719970703,12.890689467299469,12.654423170693216,12.824534291376327,983975529
2024-12-16,12.597719192504883,12.87178806768653,12.597719192504883,12.80563379131716,415449954
2024-12-17,12.663872718811035,12.777281330562095,12.522113306048757,12.616620182079853,443124400
2024-12-18,12.531564712524414,12.767831011472683,12.531564712524414,12.682774999645801,383607829
2024-12-19,12.418157577514648,12.644973018796376,12.380355003967694,12.399255840098949,345489603
2024-12-20,12.427606582641602,12.52211345983334,12.30474890409047,12.503211723881241,473628664
2024-12-23,12.144087791442871,12.569366937560945,12.125186055431927,12.503211762807018,372259088
2024-12-24,12.323649406433105,12.333100274154297,12.13463655843101,12.162988260310236,319606271
2024-12-25,12.947393417358398,12.975745121781856,12.66387366927052,12.777282289533218,492200272
2024-12-26,12.871788024902344,13.20256120821859,12.80563374875286,13.013548346874057,666161520
2024-12-27,12.909590721130371,12.994646734873232,12.83398557586659,12.88123901697756,315929593
2024-12-30,12.720577239990234,12.985195235558013,12.720577239990234,12.90959009396722,250399584
2024-12-31,12.796182632446289,12.956843786797535,12.663873181426322,12.720577489373278,353222316
2025-01-02,13.278165817260742,13.297066651990736,12.805633232313985,12.852886671065537,683285505
2025-01-03,13.306517601013184,13.429376182001477,13.155307317115096,13.334869303922979,585770162
2025-01-06,13.363222122192383,13.486080705148837,13.297066945963891,13.344320385760128,533162357
2025-01-07,13.230913162231445,13.372672585598723,13.193110589247876,13.334870012615154,479306504
2025-01-08,13.230913162231445,13.401025191299725,13.155308016264307,13.202561457814877,456565996
2025-01-09,13.68454360961914,13.769599621490475,13.193110176217795,13.287617056360256,773764969
2025-01-10,13.571136474609375,13.760150242977762,13.297067592016544,13.684544194859741,710474498
2025-01-13,13.363222122192383,13.693994398197237,13.249814407452055,13.51443240851282,612106218
2025-01-14,13.382122993469238,13.580586720121723,13.24981444322385,13.419925565151406,651075669
2025-01-15,13.41047477722168,13.542784229543837,13.315968798092488,13.419925645519921,493726716
2025-01-16,13.25926399230957,13.599488028011178,13.060800271911758,13.55223458957658,700723255
2025-01-17,13.495530128479004,13.514431864149895,13.24036300591253,13.268714708134501,565125744
2025-01-20,13.637290954589844,13.675093526067723,13.363222086054119,13.599488383111964,487299835
2025-01-21,13.816852569580078,13.920809413007632,13.637290585244415,13.637290585244415,666535450
2025-01-22,14.015316009521484,14.024766877267103,13.807401425539657,13.87355659847463,429797730
2025-01-23,13.712896347045898,14.081471200340186,13.712896347045898,14.062570364899551,495536670
2025-01-24,13.703445434570312,13.807402282370182,13.571135981774143,13.741248006614303,345539728
2025-01-27,13.599488258361816,13.637290829492928,13.457727940656861,13.590037390257942,360359578
2025-01-28,13.977514266967773,13.986965135272664,13.64674108657188,13.703445395116814,474813996
2025-01-29,13.854655265808105,14.128724129409113,13.845204397787702,13.977513846220196,340459196
2025-01-30,13.722347259521484,13.958613561637616,13.684543785949863,13.901909252564602,294235499
2025-01-31,13.382122993469238,13.807402150214733,13.372672125227595,13.731797006850396,295074523
2025-02-03,12.900138854980469,13.240362883639666,12.62606999927409,13.20256031393135,595773161
2025-02-04,13.12695598602295,13.28761714253645,12.890689685418907,12.947393092844607,475904340
2025-02-05,12.98519515991211,13.35377089898336,12.739478000531276,13.126955475532302,492717706
2025-02-06,13.164758682250977,13.164758682250977,12.890689807016381,13.079702669025684,411773222
2025-02-07,13.07025146484375,13.183659179136013,12.862336871332403,13.136405739526472,400747366
2025-02-10,12.97574520111084,13.089153822066876,12.928492660544336,13.05135124884301,241915707
2025-02-11,13.013548851013184,13.13640653968327,12.919041966037554,12.97574537599537,361589930
2025-02-12,12.852887153625488,13.136405994210715,12.81508458146183,13.022998277719742,421868024
2025-02-13,13.334870338439941,13.476630666555431,12.994647173274787,13.070252321089265,655470947
2025-02-14,13.637290954589844,13.731796932642345,13.212010898858205,13.35377121786355,433422041
2025-02-17,13.618389129638672,13.769599414566763,13.457727976581479,13.656191700870695,290103910
2025-02-18,13.448277473449707,13.675093808282217,13.240363776672831,13.618389499252984,499354665
2025-02-19,13.55223560333252,13.79795278054546,13.391574441407478,13.438827883376804,631488556
2025-02-20,14.005866050720215,14.01531691907917,13.57113602033683,13.580586888695786,497356555
2025-02-21,13.665642738342285,13.996415916684665,13.315968724791874,13.968063311946013,389010927
2025-02-24,13.523882865905762,13.826303429359822,13.486080295474004,13.816852561430789,250635053
2025-02-25,13.703445434570312,13.864106591078372,13.514432574350362,13.552235146394352,398524423
2025-02-26,14.346090316772461,14.355540283988892,13.552235388388848,13.703445679264883,422463163
2025-02-27,14.440595626831055,14.572905075840993,14.25158277201999,14.26103364008164,476822863
2025-02-28,14.336638450622559,14.620158176927944,14.317736714936164,14.364990152867788,382535832
2025-03-03,14.998184204101562,15.536871966186396,14.525651617073974,14.535102485122778,814536585
2025-03-04,14.988733291625977,15.1777461456199,14.856424744472422,14.998184159646769,391056606
2025-03-05,15.111592292785645,15.319505987325579,14.828072553258709,15.215550041340018,540324072
2025-03-06,15.177746772766113,15.291155391132905,14.884777062291088,15.234451983233928,442846214
2025-03-07,15.347858428955078,15.40456183548679,15.13049386844286,15.168295538607737,472710217
2025-03-10,15.234451293945312,15.404561509945543,15.215549557977923,15.357308972595826,316712850
2025-03-11,14.884777069091797,15.281704529703665,14.875326200676177,15.262802792872424,349058057
2025-03-12,15.083240509033203,15.328956774118167,14.941481090665556,14.960381925848521,775561272
2025-03-13,15.206099510192871,15.234452115673259,15.054889219435173,15.139945233307484,378377753
2025-03-14,15.414012908935547,15.470718118791183,15.196648345528727,15.243900884506274,539052758
2025-03-17,15.414012908935547,15.688082682198003,15.30060609436191,15.451816382172638,396125142
2025-03-18,15.31950569152832,15.432914306176865,15.262802285488437,15.376210900136982,251443021
2025-03-19,13.788501739501953,14.506751524859242,13.788501739501953,14.213780909339885,469255873
2025-03-20,12.673324584960938,13.892458695115728,12.474860850689952,13.703445829449178,961197551
2025-03-21,11.406936645507812,12.65442331909147,11.406936645507812,12.58826814239253,623563500
2025-03-24,11.633752822875977,11.89837082229271,10.953305637377126,11.435289097992328,177489553
2025-03-25,12.380353927612305,12.522113340767625,11.737709331901534,11.936173051089604,799067624
2025-03-26,12.040130615234375,12.380354669242854,11.813315180085004,12.125186628736495,647098314
2025-03-27,11.813315391540527,12.238594565379099,11.728259376515926,12.200791992177546,584052750
2025-03-28,11.757758140563965,11.882432681779806,11.470047731189421,11.844071354836945,407717436
2025-04-02,11.796119689941406,11.939974440038197,11.51799983570973,11.681035706942733,322189494
2025-04-03,11.623493194580078,11.987926262719494,11.623493194580078,11.834480952893674,297319353
2025-04-04,11.527589797973633,11.671444540604085,11.402915260877704,11.623492654858552,342152155
2025-04-07,11.498818397521973,11.60431273164999,10.990530591307735,11.000121151611404,558505321
2025-04-08,11.47963809967041,11.757757944008336,11.460456979216543,11.719396617706765,349567222
2025-04-09,10.942578315734863,11.431685898575711,10.913807550451912,11.36455380804678,430712774
2025-04-10,10.904217720031738,11.412505542199327,10.904217720031738,11.412505542199327,279846091
2025-04-11,11.057662963867188,11.0672535244134,10.702820455113073,10.904217653552566,444116564
2025-04-14,10.904217720031738,11.201518696533505,10.904217720031738,11.172747014719457,314654567
2025-04-15,10.789133071899414,11.076843470071294,10.769951951871755,10.894626488233108,335350420
2025-04-16,10.693229675292969,10.84667589706724,10.578145694916898,10.779542889226565,325412482
2025-04-17,10.606917381286621,10.84667590250859,10.568556054475353,10.693229680657343,550507752
2025-04-18,10.223302841186523,10.683639661435684,10.213712281167425,10.654867981378388,359691473
2025-04-21,10.165761947631836,10.54937522638518,9.916412859139061,10.252074249396689,766330827
2025-04-22,10.19453239440918,10.28084560806687,10.079448414400982,10.252073927110192,309518423
2025-04-24,10.491832733154297,10.511013854314413,10.14658078372796,10.242484560316152,470337716
2025-04-25,10.271255493164062,10.53978479149471,10.261664932429271,10.520604584631341,284205298
2025-04-28,9.916412353515625,10.357568058891184,9.887641587727654,10.309616172840462,410861928
2025-04-29,9.782147407531738,9.983544600390017,9.753376641296603,9.906821947358878,342825506
2025-04-30,9.878050804138184,9.887641364052605,9.65747249913718,9.782147034206245,513164349
2025-05-02,9.926003456115723,10.041087440163247,9.9068223348047,9.926003456115723,307983568
2025-05-05,9.762967109680176,10.069857718916026,9.762967109680176,10.002725626797224,257027334
2025-05-06,9.801328659057617,10.021906060817944,9.753376771620882,9.762967332029465,363833773
2025-05-07,9.715015411376953,9.87805127934072,9.67665408447996,9.84928051281952,417955323
2025-05-08,9.801328659057617,9.83968998608577,9.7437862112123,9.782147538240451,169523675
2025-05-09,9.887641906738281,10.012315534043957,9.7054249167878,9.87805134629748,498320085
2025-05-12,10.367158889770508,10.386339095928012,10.07944848055851,10.184941900940231,676918578
2025-05-13,10.44388198852539,10.511014084845772,10.223303663377225,10.3383876490434,578874789
2025-05-14,10.501422882080078,10.606917215112965,10.367158697647183,10.41510966945541,551068425
2025-05-15,10.271255493164062,10.58773668056245,10.223303604096323,10.520604584631341,378385080
2025-05-16,10.520604133605957,10.568556020617967,10.213712605492795,10.280845613152078,514050607
2025-05-20,10.654868125915527,10.779542664036637,10.463061495962345,10.53019358779442,539693881
2025-05-21,10.5493745803833,10.722001002554448,10.48224248936392,10.616506671402684,343436576
2025-05-22,10.664459228515625,10.78913377297834,10.568556365963984,10.616507339936703,582176950
2025-05-23,10.5493745803833,10.789133093573831,10.453470809264632,10.674049116995114,415944161
2025-05-26,10.53978443145752,10.65486841252512,10.405520244181742,10.65486841252512,257653068
2025-05-27,10.434290885925293,10.63568807903493,10.395929559361846,10.539784305323229,326682715
2025-05-28,10.453471183776855,10.49183251067745,10.367158884205152,10.434290977629647,273046639
2025-05-29,10.520604133605957,10.587736226659068,10.482242806917583,10.53019377932342,372536662
2025-05-30,10.309616088867188,10.530193482455257,10.309616088867188,10.530193482455257,282757723
2025-06-02,10.415109634399414,10.491832286561733,10.280845450418436,10.309616216327766,340962292
2025-06-03,10.904217720031738,11.00971114286465,10.549375209114276,10.549375209114276,661248317
2025-06-04,11.019301414489746,11.019301414489746,10.865856107263703,10.885037227970045,337510343
2025-06-05,10.952169418334961,11.009710951751819,10.913808091188328,10.98094018504339,109007722
2025-06-10,11.422096252441406,11.479638702217148,11.057663176144933,11.096024504460024,488579626
2025-06-11,11.402915954589844,11.517999938616729,11.37414427262847,11.431686721945015,322420802
2025-06-12,11.038482666015625,11.402915732299546,11.028892105548794,11.278241190049295,345792630
2025-06-13,10.885037422180176,10.885037422180176,10.376748689667332,10.511013793188758,468753109
2025-06-16,11.057662963867188,11.182337507149368,10.769952549724174,10.904217653552566,403326143
2025-06-17,10.923398971557617,11.163157501897814,10.923398971557617,11.048073517087266,264512779
2025-06-18,11.000121116638184,11.143975862311171,10.865856016632204,10.913807903391923,297655570
2025-06-19,10.808314323425293,11.20151814271474,10.798723763294781,11.076843604836547,353356992
2025-06-20,10.942578315734863,11.038482086152882,10.827494339996923,10.932987755771833,320141217
2025-06-23,10.885037422180176,11.00012140465303,10.779543085625416,10.856265740607318,304803149
2025-06-24,11.239879608154297,11.39332491372263,11.086434302585966,11.316602260938463,549963595
2025-06-25,11.211108207702637,11.24946953505382,11.124795907117118,11.24946953505382,281551923
2025-06-26,11.201518058776855,11.287831270092372,11.17274637860092,11.182336938659564,284319528
2025-06-27,11.652263641357422,11.776938180816828,11.057662624816833,11.191927724528385,507492409
2025-06-30,12.803105354309082,12.803105354309082,11.70980617210315,11.815299591813567,157088300
2025-07-01,13.13876724243164,13.311393676460629,12.803105849671752,12.86064738461061,760794971
2025-07-02,13.349754333496094,13.570331730683078,13.062043929447112,13.167537347935736,718111942
2025-07-03,13.301802635192871,13.771729116842641,13.148357328091409,13.589513043311198,588946425
2025-07-04,13.531970977783203,13.570332305641312,13.177128466444145,13.320984131866703,360963195
2025-07-07,13.253850936889648,13.522381142748927,13.215489609567777,13.311393385175547,425817649
2025-07-08,13.45524787902832,13.493609205623311,13.186718592863375,13.378525225838336,476135348
2025-07-09,13.771729469299316,13.867633245995261,13.33057374278913,13.45524828665138,572288727
2025-07-10,14.337559700012207,14.433463476442869,13.953946423501952,13.953946423501952,542948926
2025-07-11,14.375920295715332,14.567726924204653,14.116981575906285,14.48141462733907,466182819
2025-07-14,13.963536262512207,14.337558959130849,13.915584376774751,14.327968399062128,344820690
2025-07-16,13.51279067993164,13.925175637576928,13.25385103268287,13.752549206077749,505063847
2025-07-17,14.04025936126709,14.09780089430078,13.541561197075481,13.714187625388911,541830209
2025-07-18,13.98271656036377,14.097800538129814,13.867632582597723,14.030668446417826,274120444
2025-07-21,14.270427703857422,14.414282454890996,14.088210710301611,14.09780127093217,385167285
2025-07-22,13.963536262512207,14.280017427930819,13.934764582306045,14.280017427930819,382580082
2025-07-23,13.819681167602539,14.021078364209501,13.742958513143334,13.982717036979897,334599210
2025-07-24,14.097801208496094,14.280018201244904,13.781320025938895,13.886813448589228,697360679
2025-07-25,14.021078109741211,14.145752649626251,13.944355456674444,14.116981883377756,230499268
2025-07-28,13.723777770996094,14.097800468229714,13.685416445264282,14.069029702582393,262585278
2025-07-29,13.723777770996094,13.905993839570659,13.695006090742623,13.733367416474435,289951771
2025-07-30,13.905994415283203,13.963536863566269,13.67582645136331,13.685417011844853,328482501
2025-07-31,14.212884902954102,14.232066023740543,13.953946174580382,13.982716941153866,346922557
2025-08-01,14.318379402160645,14.327969048057588,14.030668989310003,14.17452373843223,302890298
2025-08-04,14.519776344299316,14.85543772454911,14.423872570167275,14.423872570167275,493349679
2025-08-05,14.682812690734863,14.692402336776087,14.491005136211127,14.53895702484206,341117060
2025-08-06,14.414281845092773,14.615679036783362,14.356740312956127,14.606088476558535,380756875
2025-08-07,14.519776344299316,14.701992417622785,14.452643336564417,14.462233896898857,358728442
2025-08-08,14.299198150634766,14.548547233803069,14.299198150634766,14.50059534633129,220927890
2025-08-11,14.260836601257324,14.433463027622071,14.260836601257324,14.385511140897846,190471462
2025-08-12,14.126571655273438,14.356740531136404,14.126571655273438,14.260836756642986,198320187
2025-08-13,14.126571655273438,14.318379204260273,14.126571655273438,14.136162215644015,207728796
2025-08-14,13.848451614379883,14.193704466074806,13.838861968748708,14.097800692913735,235816123
2025-08-15,13.925175666809082,14.011487968133668,13.829271890306837,13.867633217986496,189420626
2025-08-18,13.82927131652832,13.982716620880487,13.714187338264196,13.944355294792446,199008364
2025-08-19,13.848451614379883,13.982716713884148,13.78131952193083,13.858042174617223,212034806
2025-08-20,14.059439659118652,14.145752873838385,13.762139602424224,13.819681135833257,413655989
2025-08-21,14.529366493225098,14.577318381951843,14.184114540683707,14.270427757470605,504985278
2025-08-22,14.634860038757324,14.682811924887114,14.433462848697136,14.548546826644936,372042974
2025-08-25,14.529366493225098,14.82666747164595,14.519776847164714,14.82666747164595,271581190
2025-08-26,14.682812690734863,14.72117401871837,14.414282480244113,14.500595696858554,363300023
2025-08-27,14.491004943847656,14.711583262779365,14.404692642985188,14.70199270225925,265058275
2025-08-28,14.519776344299316,14.663631090891203,14.452643336564417,14.510185783964877,247641482
2025-08-29,14.433463096618652,14.625269729826288,14.3855112096652,14.519776310213631,297118594
2025-09-01,14.222475051879883,14.586908104823342,14.078620308568112,14.433462801395812,510044649
2025-09-02,13.244260787963867,14.519776016226544,12.822285288844787,14.280017500919932,226722539
2025-09-03,12.572936058044434,13.292211595075479,12.438671876479903,13.282621949682397,617831325
2025-09-04,13.023682594299316,13.0908146865092,12.515394793411284,12.630478772030868,646451850
2025-09-05,13.129176139831543,13.666235626528865,12.812694966912,13.090814813253603,821682441
2025-09-08,12.851056098937988,13.09081461507195,12.6880202347984,12.841466453393307,350494859
2025-09-09,13.071634292602539,13.109995618257031,12.716791801646956,12.918188989984573,568244565
2025-09-10,13.368934631347656,13.397706312174947,12.985321366378807,13.186718559138995,411551319
2025-09-11,13.26344108581543,14.116981735499945,13.205899553921196,13.34975429826294,14051393
2025-09-12,13.378525733947754,13.426477622664224,12.985321892763865,13.292212517179347,433713503
2025-09-15,14.260836601257324,14.423872467355993,13.23467043254725,13.378525178113764,1040833495
2025-09-16,14.318379402160645,14.37592093596706,14.049849195710078,14.270427514251173,684089109
2025-09-17,14.404692649841309,14.43346341680916,14.222475658297142,14.337559640774735,556245305
2025-09-18,13.85804271697998,14.47182487709889,13.848452156367294,14.47182487709889,462231120
2025-09-19,14.452643394470215,14.510185842101224,13.877223491191021,13.95394614496158,673416448
2025-09-22,14.57731819152832,14.87461916606553,14.57731819152832,14.79789651094745,477290543
2025-09-23,14.241656303405762,14.39510160824791,14.155343090780514,14.26083650920795,405331543
2025-09-24,14.078620910644531,14.433463418647177,13.647054833040862,14.270427548131611,711692132
2025-09-25,13.953946113586426,14.174523514029277,13.925175347138701,14.164933868284152,251443211
2025-09-26,13.570331573486328,13.992307071765042,13.41688627033267,13.925174980286855,448152925
2025-09-29,13.531970977783203,13.762139859538056,13.33057377787658,13.33057377787658,364026276
2025-09-30,13.570331573486328,13.723777791246139,13.359344738953123,13.599103253782253,389920277
2025-10-01,13.944355964660645,14.09780127638412,13.45524834758742,13.570332331380026,497866652
2025-10-02,13.378525733947754,13.982717336720388,13.263441749791948,13.953946569332988,448541854
2025-10-03,12.688020706176758,13.484019850751702,12.64006973285344,13.474429290244563,427694136
2025-10-06,12.371539115905762,12.755153292010489,12.2756362578342,12.73597217163248,324988705
2025-10-07,12.361949920654297,12.467443342757866,12.227684816935598,12.400311248201612,385366577
2025-10-08,12.083829879760742,12.4770337096703,12.026287432029651,12.361949728814297,496580204
2025-10-09,11.604312896728516,12.266046018790338,11.604312896728516,12.218094131196018,544357246
2025-10-10,11.66185474395752,11.786529289215057,11.56595188079448,11.642674537167395,394816882
2025-10-13,11.537179946899414,11.728986583645495,11.460457292200983,11.5179997405279,322043272
2025-10-14,11.16315746307373,11.604313193949658,11.06725368542871,11.546770744441403,422221471
2025-10-15,11.335783004760742,11.441277343299733,11.134385802993643,11.268650909040446,442672691
2025-10-16,11.10561466217041,11.441276958701017,11.048073129089047,11.259059969862284,595863681
2025-10-17,10.817904472351074,11.134385654535901,10.654868600970262,11.057662999133894,495125730
2025-10-20,11.28783130645752,11.364553957961562,10.760362391412619,10.856265248489596,645052968
2025-10-21,11.565951347351074,11.652263645835061,11.230289055246292,11.287831502175116,559323053
2025-10-22,11.565951347351074,11.80570986610987,11.54677022683941,11.6139023194179,526221544
2025-10-23,11.565951347351074,11.80570986610987,11.460457013749258,11.57554099300074,694818996
2025-10-24,12.640069961547852,12.716792617780714,11.748167939583068,11.748167939583068,402642488
2025-10-27,11.997516632080078,12.553756328639263,11.939974184509119,12.515395001794015,752135244
2025-10-28,11.901613235473633,12.083830229727566,11.872842468077929,12.007107573601553,256195727
2025-10-30,11.939973831176758,12.14137101980603,11.863251179756668,11.9975162770449,505077180
2025-10-31,12.131780624389648,12.22768439726952,11.776938128103978,11.939973993236064,630031855
2025-11-03,12.400311470031738,12.649659646246796,12.218094474967653,12.237275596387539,669072881
2025-11-04,12.361949920654297,12.640069774023878,12.266046144482914,12.342768799577543,588921650
2025-11-05,12.563346862792969,12.64006951632341,12.266045894407881,12.381129874703541,621656492
2025-11-06,12.707201957702637,12.783924613335365,12.52498587922646,12.611298180858627,491290993
2025-11-07,12.3523588180542,12.716791871064277,12.227684280345,12.688020190711741,559488667
2025-11-10,12.064648628234863,12.448261893597591,12.0358778619842,12.438672247918149,447027211
2025-11-11,11.700215339660645,12.208503134961774,11.479637945049152,12.083829512115544,769415374
2025-11-12,11.853660583496094,12.035877566017227,11.709805841174058,11.81529925790314,397216643
2025-11-13,11.901613235473633,12.007107573601553,11.776938690617312,11.901613235473633,370133617
2025-11-14,11.815299987792969,11.987926420928321,11.719397125189264,11.863251876397923,313198963
2025-11-17,11.738576889038086,11.959155202457232,11.661854236006947,11.920793875941664,535763609
2025-11-18,11.767348289489746,11.930383237341529,11.642673752633321,11.700215283732504,563617911
2025-11-19,12.122191429138184,12.352359395073455,11.767348919669757,11.815299893284958,681328192
2025-11-20,12.294816970825195,12.352359419726957,12.122191453332304,12.198914108797188,414998908
2025-11-21,12.179732322692871,12.198913442815025,11.959154928924985,12.160552117176865,494298048
2025-11-24,12.323588371276855,12.419491231115751,12.103010055895659,12.122191176627144,537488137
2025-11-25,12.553756713867188,12.630479369912015,12.28522741771029,12.371539719806067,727451567
2025-11-26,12.563346862792969,12.649659162060084,12.457852528233982,12.563346862792969,460314714
2025-11-27,12.7935152053833,13.033273733476372,12.640069893740726,12.659250100392947,581065662
2025-11-28,13.014092445373535,13.100405660717472,12.716792386529072,12.764744274454168,481361635
2025-12-01,13.388115882873535,13.503199863490043,12.841466746293579,13.004502614151843,789531706
2025-12-02,13.32098388671875,13.608693383056709,13.15794801767061,13.426477307735588,713533769
2025-12-03,13.311392784118652,13.656644714426127,13.292211664020721,13.378524875249125,203713779
2025-12-04,13.1004056930542,13.378525546178842,13.052453805010739,13.359345339725174,673482964
2025-12-05,13.493609428405762,13.52238110978166,13.042864062124242,13.090815035205035,633308470
2025-12-08,13.63746452331543,13.858041917037385,13.522380546424912,13.60869284313819,633049897
2025-12-09,13.742958068847656,13.810090160677603,13.599103325038868,13.656644856719922,501117578
2025-12-10,13.4744291305542,13.781319746296061,13.330573468470567,13.762139540115284,502647365
2025-12-11,13.32098388671875,13.560742410071171,13.225080111535307,13.522381082919031,797116136
2025-12-12,13.340164184570312,13.531970821647741,13.27303209024476,13.426477399906702,453630446
2025-12-15,13.4744291305542,13.531970663702708,13.282622495715534,13.359345149651,483303194
2025-12-16,13.311392784118652,13.493608852018284,13.253850338431,13.474428646526496,431670827
2025-12-17,13.368934631347656,13.436067638671831,13.14835723264211,13.292211978353887,497439061
2025-12-18,13.436067581176758,13.493609113372772,13.292211921474394,13.397706254844026,531559528
2025-12-19,13.445658683776855,13.503200218293955,13.340164346151836,13.436068123155271,539304558
2025-12-22,13.48401927947998,13.627874022567676,13.416886273380392,13.45524759917752,658992579
2025-12-23,13.32098388671875,13.608693383056709,13.27303199912703,13.464838634887728,626616948
2025-12-24,13.157947540283203,13.52238059230952,13.157947540283203,13.340163608993286,563830564
2025-12-25,13.10999584197998,13.301802473525631,13.100405281751158,13.234670381136194,262750827
2025-12-26,12.975730895996094,13.177128090151518,12.90859880281301,13.119586557310638,415274970
2025-12-29,12.94696044921875,13.109996320636668,12.8606472332203,12.985321776928485,470038560
2025-12-30,13.023682594299316,13.148357133122072,12.831875963266679,12.98532126809279,458332350
2025-12-31,13.51279067993164,13.522381240482972,13.062044394687224,13.062044394687224,524373199
2026-01-02,13.790910720825195,13.800501281506675,13.4936097419428,13.570332398182217,598690454
2026-01-05,13.800500869750977,13.953946177651572,13.723778215800678,13.905994290281091,602360524
2026-01-06,14.04025936126709,14.145752781566308,13.752548952280097,13.829271606062472,758276839
2026-01-07,13.82927131652832,14.116981719491712,13.742958104178687,14.097800599144612,571554572
2026-01-08,13.867632865905762,13.982716846022909,13.73336776513267,13.848451745249816,607844431
2026-01-09,13.877223014831543,14.0786202027175,13.771728683563666,13.925174900443656,614424957
2026-01-12,13.85804271697998,14.03066914958353,13.781320061290891,13.915585166049896,588739040
2026-01-13,13.992307662963867,14.088210524183888,13.838862353326881,13.877223680736128,702449366
2026-01-14,14.04025936126709,14.069030127783934,13.886813139096164,14.030668800892748,571036187
2026-01-15,13.675826072692871,14.069029895486798,13.579922299745306,14.011487448797027,714805464
2026-01-16,13.599103927612305,13.781320005484469,13.531970918201552,13.714187910679913,801164277
2026-01-19,13.992307662963867,14.021078429869254,13.64705480167446,13.65664536217832,728568347
2026-01-20,13.819681167602539,14.011487803750553,13.733367952684386,13.982717036979897,788531854
2026-01-21,14.260836601257324,14.28001772178948,13.838862010217701,13.877223336675849,829649274
2026-01-22,14.069029808044434,14.35674021049278,13.829271291771839,14.337559090180019,850429338
2026-01-23,14.57731819152832,14.596499312610938,14.116982260819833,14.126571906754949,679421586
2026-01-26,14.663631439208984,14.79789654326192,14.366330464022553,14.452643679870427,813616554
2026-01-27,14.423872947692871,14.730763569577976,14.270427636750318,14.682812595863075,809348954
2026-01-28,14.836257934570312,14.989703245800024,14.385511646878388,14.443054095892629,959125440
2026-01-29,15.593894004821777,16.11177144502565,14.874618461218628,14.903389226873031,1041114608
2026-01-30,15.977507591247559,16.150134017941053,15.402086778673354,15.603484886219878,869144348
2026-02-02,16.150135040283203,16.437844550176838,15.334955656634639,15.536353776930145,838341497
2026-02-03,16.744733810424805,16.811867731166537,16.06382050581228,16.303579020824404,892534808
2026-02-04,16.3227596282959,16.81186720306196,16.3227596282959,16.773504963843177,528153752
2026-02-05,15.900785446166992,16.49538739830561,15.824062790653532,16.322760966097224,574182747
2026-02-06,15.814472198486328,16.217266596430843,15.603485353548683,15.967917509206867,501262947
2026-02-09,16.284399032592773,16.533748125043903,15.948736722400385,16.169315961746054,829457559
2026-02-10,16.236448287963867,16.437844579405024,16.111772825365808,16.284399263293917,666799472
2026-02-11,16.428253173828125,16.63924184454213,15.967917249163252,16.150134238631065,701248725
2026-02-12,17.40646743774414,17.435239117423507,16.428252279192794,16.495386198444653,136947935
2026-02-13,17.176300048828125,17.464009538167737,17.042035864364617,17.37769815473571,666228164
2026-02-16,17.042036056518555,17.339336109416607,16.840637948340145,17.300975697371218,729693058
2026-02-17,16.81186866760254,17.147529143946254,16.81186866760254,16.994083832128442,630019287
2026-02-18,16.82145881652832,17.291385301120222,16.68719280006466,16.859819228937678,950056726
2026-02-19,15.79529094696045,16.946132597077234,15.699389000461032,16.946132597077234,887535461
2026-02-20,16.130952835083008,16.130952835083008,15.584303705472708,15.83365278426575,647636743
2026-02-23,16.591289520263672,16.754325393595824,16.207676238662255,16.389893233377585,828970777
2026-02-24,16.485795974731445,16.802277140809153,16.3994827631455,16.485795974731445,595157028
2026-02-25,16.25562858581543,16.67760226912574,16.04463991494791,16.533747521214845,727630322
2026-02-26,16.495386123657227,16.610469183428403,16.083001196183957,16.255627615052976,627755791
2026-02-27,16.217266082763672,16.811868014881583,15.900784910775263,16.572109495823323,694302306
2026-03-02,15.123968124389648,15.565122930278566,14.951341694533161,15.248641751945796,481721909
2026-03-03,14.222475051879883,15.210279878649219,14.203294846254519,15.05683457522169,460743393
2026-03-04,14.193704605102539,14.577317872291996,14.069030064614422,14.222475371490205,616805359
2026-03-05,14.36633014678955,14.625269788615343,14.280017847453795,14.35674050104525,350463694
2026-03-06,13.63746452331543,14.423872156037039,13.503199426306752,14.29919761908744,475556085
2026-03-09,13.493609428405762,13.560742437010006,12.764744211067187,13.215489577348706,774852479
2026-03-10,14.145752906799316,14.299198215722523,13.723778307260499,14.011487804188418,649833663
2026-03-11,14.001897811889648,14.145752556794243,13.714187407474295,14.116981790734556,437914046
2026-03-12,13.781319618225098,14.366330077698015,13.74295829161386,13.829271505140687,617062045
2026-03-13,13.493609428405762,13.771729279462816,13.186718810578993,13.704597185464756,508833601
2026-03-16,13.531970977783203,13.60869363349942,13.349754899108735,13.54156153839928,358887825
2026-03-17,13.82927131652832,13.896403408530855,13.551151473738479,13.579922239652971,529144775
2026-03-18,13.599103927612305,13.94435587681513,13.5032001510862,13.896403988552079,525676908
2026-03-19,13.378525733947754,13.6182842629239,13.378525733947754,13.426477622664224,192390037
2026-03-23,13.10999584197998,13.378525126143892,12.381129727500344,13.023682629132896,367945013
2026-03-24,12.745562553405762,13.177127695202028,12.726382347902403,12.97573050708295,575420217
2026-03-25,12.870237350463867,13.100405308793775,12.803105257935853,12.985321329628821,502525119
2026-03-26,12.640069961547852,12.95655114715996,12.5825275120701,12.822286041449347,493014931
2026-03-27,12.640069961547852,12.793515274013576,12.419491638923716,12.697611496419395,477451695
2026-03-30,12.409900665283203,12.697611073885502,12.390720459166344,12.611297859844196,403609931
2026-03-31,12.630478858947754,12.726382632427116,12.457852432527366,12.467442992796537,483355175
2026-04-01,13.029999732971191,13.3100004196167,12.920000076293945,13.300000190734863,567524261
2026-04-02,13.180000305175781,13.199999809265137,12.720000267028809,12.75,483658588
2026-04-03,13.149999618530273,13.34000015258789,13.0600004196167,13.15999984741211,360144382
2026-04-06,13.319999694824219,13.529999732971191,13.15999984741211,13.1899995803833,583704556
2026-04-07,13.100000381469727,13.40999984741211,13.039999961853027,13.260000228881836,497131880
2026-04-08,14.09000015258789,14.390000343322754,13.890000343322754,14.0,933351335
2026-04-09,14.369999885559082,14.369999885559082,13.9399995803833,13.989999771118164,565672354
2026-04-10,14.710000038146973,14.760000228881836,14.399999618530273,14.5,680240645
2026-04-13,14.609999656677246,14.609999656677246,14.239999771118164,14.350000381469727,510098120
2026-04-14,14.550000190734863,15.119999885559082,14.279999732971191,14.800000190734863,912874850
2026-04-15,14.550000190734863,14.6899995803833,14.510000228881836,14.600000381469727,517611134
2026-04-16,14.4399995803833,14.760000228881836,14.319999694824219,14.649999618530273,452103664
2026-04-17,15.109999656677246,15.109999656677246,14.359999656677246,14.449999809265137,988687515
2026-04-20,14.979999542236328,15.1899995803833,14.770000457763672,14.800000190734863,527537176
2026-04-21,14.800000190734863,15.140000343322754,14.800000190734863,15.069999694824219,570681939
2026-04-22,14.789999961853027,15.020000457763672,14.680000305175781,14.930000305175781,465327157
2026-04-24,14.449999809265137,14.75,14.350000381469727,14.720000267028809,495303855
2026-04-27,14.3100004196167,14.619999885559082,14.270000457763672,14.460000038146973,492314251
2026-04-28,13.979999542236328,14.369999885559082,13.970000267028809,14.279999732971191,342092346
2026-04-29,14.020000457763672,14.180000305175781,13.899999618530273,14.039999961853027,401053249
2026-04-30,14.34000015258789,14.380000114440918,13.899999618530273,13.930000305175781,419305547
2026-05-04,14.079999923706055,14.40999984741211,13.899999618530273,14.34000015258789,423931644
2026-05-05,14.010000228881836,14.210000038146973,13.869999885559082,14.09000015258789,486344287
2026-05-06,14.489999771118164,14.770000457763672,14.140000343322754,14.239999771118164,95650902
2026-05-07,14.59000015258789,14.920000076293945,14.550000190734863,14.550000190734863,660026062
2026-05-08,14.550000190734863,14.699999809265137,14.369999885559082,14.510000228881836,546706307
2026-05-11,14.75,14.800000190734863,14.479999542236328,14.510000228881836,426833131
2026-05-12,14.270000457763672,14.729999542236328,14.260000228881836,14.699999809265137,400763145
2026-05-13,14.109999656677246,14.399999618530273,13.989999771118164,14.359999656677246,367364825
2026-05-14,14.220000267028809,14.300000190734863,14.079999923706055,14.1899995803833,435548929
2026-05-15,13.869999885559082,14.0600004196167,13.670000076293945,14.050000190734863,447939653
2026-05-18,13.720000267028809,13.979999542236328,13.579999923706055,13.800000190734863,500280291
2026-05-20,13.699999809265137,13.819999694824219,13.5600004196167,13.710000038146973,406734399
2026-05-21,12.699999809265137,13.720000267028809,12.699999809265137,13.6899995803833,446688172
2026-05-22,13.199999809265137,13.369999885559082,12.25,12.449999809265137,805251454
2026-05-25,13.270000457763672,13.319999694824219,13.0600004196167,13.270000457763672,486394333
2026-05-26,13.140000343322754,13.3100004196167,13.140000343322754,13.25,172707500
2026-05-27,13.140000343322754,13.140000343322754,13.140000343322754,13.140000343322754,0
2026-05-28,13.140000343322754,13.140000343322754,13.140000343322754,13.140000343322754,0
2026-05-29,13.140000343322754,13.140000343322754,13.140000343322754,13.140000343322754,0
2026-06-01,13.100000381469727,13.529999732971191,13.079999923706055,13.25,549712623
2026-06-02,13.630000114440918,13.680000305175781,13.199999809265137,13.210000038146973,596493304
2026-06-03,13.390000343322754,13.670000076293945,13.380000114440918,13.569999694824219,405449844
2026-06-04,13.720000267028809,13.720000267028809,13.369999885559082,13.479999542236328,513716946
2026-06-05,13.1899995803833,13.819999694824219,13.170000076293945,13.789999961853027,514740095
2026-06-08,13.829999923706055,13.890000343322754,13.029999732971191,13.050000190734863,494969030
2026-06-09,13.829999923706055,14.050000190734863,13.779999732971191,13.84000015258789,428599884
2026-06-10,13.729999542236328,13.930000305175781,13.489999771118164,13.8100004196167,284070145
2026-06-11,13.739999771118164,13.9399995803833,13.489999771118164,13.770000457763672,501055080
2026-06-12,14.3100004196167,14.609999656677246,14.020000457763672,14.069999694824219,763022920
2026-06-15,14.890000343322754,15.239999771118164,14.8100004196167,15.1899995803833,619943405
2026-06-16,15.010000228881836,15.0600004196167,14.779999732971191,14.859999656677246,437086042
2026-06-17,14.9399995803833,15.109999656677246,14.850000381469727,15.0600004196167,404845243
2026-06-18,15.470000267028809,15.479999542236328,14.970000267028809,15.0,618618703
2026-06-19,15.359999656677246,15.5,15.180000305175781,15.300000190734863,585714007
2026-06-22,15.420000076293945,15.539999961853027,15.319999694824219,15.420000076293945,315234838
2026-06-23,15.180000305175781,15.479999542236328,15.0,15.3100004196167,463590336
2026-06-24,15.100000381469727,15.220000267028809,14.869999885559082,15.199999809265137,409983453
2026-06-25,14.579999923706055,15.380000114440918,14.539999961853027,15.300000190734863,507269793
2026-06-26,14.739999771118164,14.779999732971191,14.5600004196167,14.579999923706055,250477565
2026-06-29,14.6899995803833,14.899999618530273,14.569999694824219,14.760000228881836,323425591
2026-06-30,14.8100004196167,14.890000343322754,14.630000114440918,14.6899995803833,422611203
2026-07-01,14.930000305175781,14.979999542236328,14.640000343322754,14.779999732971191,522144502
2026-07-02,14.819999694824219,15.109999656677246,14.6899995803833,14.9399995803833,529288042
2026-07-03,14.210000038146973,14.930000305175781,14.210000038146973,14.90999984741211,486069237
2026-07-06,14.34000015258789,14.430000305175781,14.149999618530273,14.260000228881836,338527505
2026-07-07,14.449999809265137,14.710000038146973,14.300000190734863,14.300000190734863,405806307
2026-07-08,14.079999923706055,14.479999542236328,13.859999656677246,14.380000114440918,565573464
2026-07-09,13.899999618530273,14.3100004196167,13.819999694824219,14.289999961853027,355592118
2026-07-10,13.779999732971191,14.109999656677246,13.699999809265137,13.899999618530273,451553568
2026-07-13,13.699999809265137,13.819999694824219,13.5,13.649999618530273,459074226
2026-07-14,13.890000343322754,13.970000267028809,13.630000114440918,13.6899995803833,433360987
2026-07-16,13.989999771118164,13.989999771118164,13.550000190734863,13.899999618530273,612519260
2026-07-17,13.680000305175781,13.949999809265137,13.449999809265137,13.920000076293945,471320402
2026-07-20,13.180000305175781,13.720000267028809,13.109999656677246,13.680000305175781,730589889
2026-07-21,12.930000305175781,13.260000228881836,12.90999984741211,13.25,695501135
2026-07-22,13.0600004196167,13.140000343322754,12.90999984741211,12.970000267028809,526863262
2026-07-23,13.0,13.119999885559082,12.899999618530273,13.0600004196167,659213412
2026-07-24,12.920000076293945,13.180000305175781,12.869999885559082,12.989999771118164,523092387
2026-07-27,12.890000343322754,13.1899995803833,12.850000381469727,13.0600004196167,608728010
2026-07-28,12.819999694824219,12.949999809265137,12.75,12.90999984741211,452991938
2026-07-29,12.300000190734863,12.90999984741211,12.25,12.819999694824219,625574599
2026-07-30,12.029999732971191,12.449999809265137,11.970000267028809,12.300000190734863,686429506
2026-08-03,12.680000305175781,12.869999885559082,12.600000381469727,12.600000381469727,546056391
2026-08-04,12.59000015258789,12.630000114440918,12.34000015258789,12.399999618530273,911827146
2026-08-05,12.34000015258789,12.569999694824219,12.239999771118164,12.550000190734863,674854182
2026-08-06,12.329999923706055,12.600000381469727,12.329999923706055,12.380000114440918,509496559
2026-08-07,12.359999656677246,12.510000228881836,12.260000228881836,12.359999656677246,441804826
