Price,Close,High,Low,Open,Volume
2021-08-10,1.8622369766235352,1.882153930590459,1.8522784996400732,1.8721954536069971,10318557
2021-08-11,1.852278470993042,1.8721954246519337,1.8423199941635962,1.8622369478224878,17307596
2021-08-12,1.8622369766235352,1.8622369766235352,1.8423200226566114,1.8622369766235352,10058914
2021-08-13,1.8423200845718384,1.8622370392081153,1.8423200845718384,1.8522785618899769,6651136
2021-08-16,1.8423200845718384,1.8622370392081153,1.8323616072536997,1.8522785618899769,8271433
2021-08-17,1.852278470993042,1.852278470993042,1.8323615173341503,1.852278470993042,8989279
2021-08-18,1.852278470993042,1.8721954246519337,1.8423199941635962,1.852278470993042,14075474
2021-08-19,1.852278470993042,1.852278470993042,1.8323615173341503,1.8423199941635962,4677814
2021-08-20,1.8423200845718384,1.8522785618899769,1.8323616072536997,1.8423200845718384,5838330
2021-08-23,1.8721954822540283,1.882153959389868,1.8423200508465094,1.852278527982349,22386114
2021-08-24,1.8622369766235352,1.892112407573921,1.8622369766235352,1.8721954536069971,18154892
2021-08-25,1.8622369766235352,1.902070884557383,1.8622369766235352,1.8721954536069971,28884371
2021-08-26,1.8124445676803589,1.87219542878907,1.7726105415601434,1.862236951937618,19330854
2021-08-27,1.8124445676803589,1.8323615213832627,1.8024859721144988,1.8224030445318107,5212137
2021-08-31,1.8323615789413452,1.8522785332698797,1.812444624612811,1.822403101777078,13577122
2021-09-01,1.8423200845718384,1.8423200845718384,1.8224031299355612,1.8323616072536997,6358955
2021-09-02,1.852278470993042,1.8622369478224878,1.8323615173341503,1.8423199941635962,8301733
2021-09-03,1.852278470993042,1.8622369478224878,1.8323615173341503,1.852278470993042,6866501
2021-09-06,1.8622369766235352,1.882153930590459,1.8522784996400732,1.8522784996400732,10243162
2021-09-07,1.8423200845718384,1.9020709484806697,1.8323616072536997,1.8622370392081153,16954593
2021-09-08,1.8124445676803589,1.8522784750861663,1.8124445676803589,1.8423199982347145,12252747
2021-09-09,1.8423200845718384,1.8423200845718384,1.8024860565848704,1.8024860565848704,7907871
2021-09-10,1.8323615789413452,1.8522785332698797,1.822403101777078,1.8423200561056126,7013194
2021-09-13,1.8323615789413452,1.8423200561056126,1.822403101777078,1.8323615789413452,5049832
2021-09-14,1.8124445676803589,1.8423199982347145,1.8124445676803589,1.8323615213832627,6522317
2021-09-15,1.822403073310852,1.8323615503195663,1.7925275235702993,1.8124445963021378,6725844
2021-09-16,1.8024860620498657,1.951863459703672,1.8024860620498657,1.8224031354609436,78211052
2021-09-17,1.8323615789413452,1.8323615789413452,1.7925275515698644,1.812444624612811,22023212
2021-09-20,1.8622369766235352,1.892112407573921,1.8024859960083537,1.8124445917062255,37410101
2021-09-21,1.892112374305725,1.9319464002535982,1.8622369438806259,1.8622369438806259,43256384
2021-09-22,1.9020708799362183,1.9419049064876974,1.892112402976951,1.9120293568954856,31765443
2021-09-23,1.981738805770874,2.011614236519723,1.9020708717262005,1.9020708717262005,56541926
2021-09-24,1.9916973114013672,2.021572742580929,1.9518634031619513,1.9717803572816592,22252316
2021-09-27,1.9618219137191772,2.0116142998686333,1.951863436489286,1.991697345408851,14857624
2021-09-28,2.0614066123962402,2.081323566144701,1.9618218436539356,1.9618218436539356,50998711
2021-09-29,2.0813236236572266,2.131116246833099,2.061406669358407,2.061406669358407,35105081
2021-09-30,2.0912821292877197,2.121157798571648,2.0514482201475843,2.081323652002686,25901044
2021-10-01,2.111199140548706,2.1211578555299826,2.0713652303389316,2.081323707891375,10343765
2021-10-04,2.1410746574401855,2.170950087959918,2.1012405126517257,2.1111989894916365,24336775
2021-10-05,2.0912821292877197,2.1709501849968174,2.071365174717652,2.141074753141716,20700153
2021-10-06,2.0912821292877197,2.1609917077117835,2.081323652002686,2.081323652002686,24305584
2021-10-07,2.1510331630706787,2.240659455829483,2.1012405407758568,2.1111990177490574,63789773
2021-10-08,2.1908671855926514,2.2107841405811346,2.141074798121443,2.1510332756156845,24198277
2021-10-11,2.03153133392334,2.220742646133354,2.0016559010631534,2.2008256908932298,55845250
2021-10-12,1.892112374305725,2.061406598762361,1.8721954206889924,2.0215726915288954,87415758
2021-10-13,1.8423200845718384,1.9120294257988082,1.8323616072536997,1.9020709484806697,44821817
2021-10-14,1.852278470993042,1.8821539014813793,1.8423199941635962,1.8423199941635962,19931769
2021-10-15,1.8423200845718384,1.8622370392081153,1.8224031299355612,1.8622370392081153,17589560
2021-10-18,1.852278470993042,1.8721954246519337,1.8323615173341503,1.8423199941635962,23078740
2021-10-19,1.852278470993042,1.8721954246519337,1.852278470993042,1.852278470993042,7907086
2021-10-20,1.852278470993042,1.8721954246519337,1.8423199941635962,1.852278470993042,16539070
2021-10-21,1.8721954822540283,1.9020709136615475,1.8423200508465094,1.852278527982349,34939805
2021-10-22,1.9020708799362183,1.9020708799362183,1.872195449058416,1.8821539260176834,13205780
2021-10-25,1.892112374305725,1.921987804730824,1.8821538974973586,1.892112374305725,22236707
2021-10-26,1.9020708799362183,1.9219878338547531,1.892112402976951,1.892112402976951,18580112
2021-10-27,1.9219878911972046,1.9319464871679959,1.8921124594280698,1.9120294139408263,27736424
2021-10-28,1.9120293855667114,1.921987862675308,1.9020709084581149,1.921987862675308,5730901
2021-11-01,1.9717803001403809,1.9717803001403809,1.9120293207984018,1.9219877975696638,17143190
2021-11-02,1.981738805770874,2.021572713436006,1.961821851938308,1.971780328854591,31610909
2021-11-03,2.03153133392334,2.061406766783526,1.931946557722719,1.9916974234430915,57063658
2021-11-04,2.0912821292877197,2.131116275856682,2.0414897428625505,2.0514482201475843,43494478
2021-11-05,2.1311161518096924,2.141074628515068,2.0414896240324993,2.1012404842647525,52963165
2021-11-08,2.2008254528045654,2.220742405890043,2.1311161170053934,2.1510330700908713,32049250
2021-11-09,2.170950174331665,2.21078408327611,2.170950174331665,2.21078408327611,29329860
2021-11-10,2.180908679962158,2.2107841120594554,2.151033247864861,2.1609917252306268,13931660
2021-11-11,2.2705349922180176,2.370120004004679,2.1709502178601867,2.1709502178601867,66144113
2021-11-12,2.300410270690918,2.330285701000419,2.2804933171512505,2.290451793921084,21060026
2021-11-15,2.4597461223602295,2.4796630757859144,2.3103687342387786,2.3103687342387786,58336335
2021-11-16,2.3900368213653564,2.5194970205820373,2.360161153348075,2.449787682542286,33039682
2021-11-17,2.4099538326263428,2.4497877410286257,2.3800784013246306,2.3900368784252013,22324914
2021-11-18,2.3999953269958496,2.449787711906797,2.3701198960492813,2.4199122809602285,37059492
2021-11-19,2.3900368213653564,2.4398292056794646,2.3701198676397133,2.4099537750909996,23534649
2021-11-22,2.4099538326263428,2.4597462181291965,2.399995355525772,2.4199123097269135,19031928
2021-11-23,2.360161304473877,2.43982936190657,2.300410439470981,2.3999954519046396,61403901
2021-11-24,2.37011981010437,2.3999952399676,2.3601610960544823,2.37011981010437,38050420
2021-11-25,2.429870843887329,2.459746275890596,2.370119979880795,2.3800784572152174,35777283
2021-11-26,2.37011981010437,2.4995800061783675,2.340244142812329,2.4199121932097536,32907080
2021-11-29,2.479663133621216,2.4896216105663282,2.3701198872249774,2.409953795005428,27253073
2021-11-30,2.5892064571380615,2.6190821262920774,2.4896216847207615,2.4995801619624913,45200031
2021-12-01,2.619081974029541,2.6688743573434692,2.599164783275158,2.648957404017898,41299634
2021-12-02,2.629040479660034,2.658915909977569,2.5991648119136848,2.6190820028875224,36291436
2021-12-03,2.668874502182007,2.668874502182007,2.6091234015338176,2.6290405933690972,22694494
2021-12-06,2.6987497806549072,2.6987497806549072,2.64895739746417,2.668874350740465,32970758
2021-12-07,2.6987497806549072,2.748542163845645,2.6987497806549072,2.7186667339312023,24764381
2021-12-08,2.668874502182007,2.728625365401371,2.5991649243305903,2.7186668881981437,45869927
2021-12-09,2.5792479515075684,2.7087083916539645,2.5792479515075684,2.6688744831254807,46230468
2021-12-10,2.5991649627685547,2.6190821548983814,2.5692895307170573,2.5892064854180554,18781954
2021-12-13,2.609123468399048,2.6389991382031925,2.589206513482172,2.6190821832863165,27073184
2021-12-14,2.6589159965515137,2.67883295074503,2.5991648965421414,2.6190820881644803,59321587
2021-12-15,2.7286252975463867,2.848127021013367,2.7186668205908053,2.7286252975463867,109809371
2021-12-16,2.927795171737671,2.927795171737671,2.7585008204174843,2.7684592977052116,55469127
2021-12-17,2.8381686210632324,3.2165912305003705,2.7485423260312487,2.9775875396529217,97460549
2021-12-20,2.8580856323242188,2.9178367342953577,2.728625425815884,2.7883762903581926,42582616
2021-12-21,2.5991649627685547,2.997504531646176,2.5892064854180554,2.9477121448936807,36519317
2021-12-22,2.549372434616089,2.599164818606869,2.509538527423465,2.579247865010557,32505562
2021-12-23,2.5792479515075684,2.6290405745969965,2.5095386115827214,2.5991649057718105,21594275
2021-12-24,2.7684593200683594,2.828210184277379,2.589206490012472,2.589206490012472,41979045
2021-12-27,2.8282101154327393,2.8680442613646004,2.768459252678183,2.7784177298039423,19599898
2021-12-28,2.9078781604766846,2.9377535917574806,2.8082931521118755,2.828210106299073,40150142
2021-12-29,2.9078781604766846,2.957670545944678,2.84812706048627,2.9377535917574806,27061292
2021-12-30,2.9676289558410645,3.007462863313484,2.907878094632435,2.9477120021048546,29199488
2021-12-31,3.0174214839935303,3.117006494849672,2.947712142594411,3.007463006650799,43242848
2022-01-03,2.9576704502105713,3.0572552179231907,2.9277950198967853,3.017421310838143,28640092
2022-01-04,2.8580856323242188,2.967629121413948,2.8381686774767827,2.95767064399023,30158139
2022-01-05,2.808293104171753,2.8680442031421616,2.788376150324556,2.8580854887897447,20267511
2022-01-06,2.9078781604766846,2.9377535917574806,2.788376197924678,2.798334675018277,43094720
2022-01-07,2.878002643585205,2.9277950275720466,2.868044166787837,2.9277950275720466,28014040
2022-01-10,2.8381686210632324,2.9277951535240416,2.8381686210632324,2.887961244620938,21026090
2022-01-11,2.7983345985412598,2.8680441737201465,2.788376121719821,2.8580854594698923,14778113
2022-01-12,2.7883760929107666,2.8481269532220628,2.7883760929107666,2.8182515230664147,11571099
2022-01-13,3.067213773727417,3.067213773727417,2.778417702490591,2.7883761795184534,36775849
2022-01-14,3.2165911197662354,3.326134365478643,3.027379821561441,3.087130682859118,93333123
2022-01-17,3.3062174320220947,3.365968531115626,3.2066326625809065,3.226549616469144,35527716
2022-01-18,3.0273799896240234,3.3460515049979125,3.0074630347524574,3.3062175952547803,32963110
2022-01-19,3.326134443283081,3.326134443283081,2.9875459839138836,3.017421415261564,73593502
2022-01-20,3.435678005218506,3.46555343722907,3.306217562410565,3.385885618534232,58525143
2022-01-21,3.6846401691436768,3.6846401691436768,3.4456364760795237,3.4456364760795237,62766412
2022-01-24,3.8041417598724365,3.9435606747309992,3.694598513320495,3.694598513320495,71734201
2022-01-25,4.053104400634766,4.07302135574211,3.724474166505915,3.86389308968616,76502419
2022-01-26,4.242315292358398,4.282149198636707,4.082979192387547,4.082979192387547,53452865
2022-01-27,4.471360206604004,4.481318921026841,4.122813274384555,4.242315473170411,70211096
2022-01-28,4.531111717224121,4.610779536232058,4.4414851834113644,4.491277807720153,46912208
2022-01-31,4.610779285430908,4.979243165729025,4.182564069269327,4.521152756493343,73669752
2022-02-01,4.541069984436035,4.799990872624056,4.471360404956723,4.610779563915347,49917739
2022-02-02,4.272190570831299,4.700405309391307,4.272190570831299,4.541069681063421,43323850
2022-02-03,4.381734371185303,4.431526521227679,4.272190881319813,4.272190881319813,40831437
2022-02-04,4.541069984436035,4.610779563915347,4.391692585470459,4.411609540342025,40686329
2022-02-07,4.431526184082031,4.600820526033243,4.431526184082031,4.560986619086797,20168787
2022-02-08,4.321983337402344,4.471360256552446,4.312024622868259,4.441485062665484,25727192
2022-02-09,4.401650905609131,4.401650905609131,4.312024379295672,4.33194133238115,23051486
2022-02-10,4.531111717224121,4.670530400488009,4.391692559102575,4.411609513854559,33800895
2022-02-11,4.5609869956970215,4.6406548161682535,4.501236130343598,4.531111800449143,20258940
2022-02-14,4.600820541381836,4.710364023278821,4.481318820143831,4.521152727223166,37782892
2022-02-15,5.058911323547363,5.058911323547363,4.5908626431586415,4.610779598178211,49947194
2022-02-16,5.357666015625,5.497084697949668,5.148537754709171,5.1784129492070585,83567794
2022-02-17,5.457250595092773,5.746046664233461,5.30787320333023,5.417416687270447,80781409
2022-02-18,5.556835651397705,5.666379140990689,5.417416966825146,5.596669561275579,48002179
2022-02-21,5.676337242126465,5.81575639814498,5.5468772756202025,5.606628138974859,54952909
2022-02-22,5.686295986175537,5.756005564545148,5.5170016350333775,5.586711213402989,35672597
2022-02-23,5.6464619636535645,5.815756311395334,5.6464619636535645,5.746046734425886,30916709
2022-02-24,5.188371658325195,5.427375113480044,5.088786885344009,5.27799819143709,31767749
2022-02-25,5.616586208343506,5.646461876543119,5.2381640852467655,5.2381640852467655,54390995
2022-02-28,5.47716760635376,5.606628045560683,5.457250652234052,5.497084560473468,27248936
2022-03-01,6.0248847007751465,6.0248847007751465,5.536918600905741,5.5667942702274,32354023
2022-03-02,6.622393608093262,6.622393608093262,6.13442752335832,6.214095339268276,36537226
2022-03-03,6.901230812072754,7.170109922287079,6.721978230215747,6.970940386890404,68955501
2022-03-04,7.070525169372559,7.359321233730396,6.682144337108161,6.9410647336652165,60754035
2022-03-07,7.190027236938477,7.349363348115937,6.960982022299926,7.030691600618669,29389145
2022-03-08,7.488781929016113,7.498740643580777,7.0705254144532015,7.190027140083278,30239958
2022-03-09,8.146041870117188,8.235668396271961,7.54853232889552,7.598324948949865,52703665
2022-03-10,7.966789245605469,8.136083593051808,7.478823632243802,7.956830531116793,51962306
2022-03-11,7.827370643615723,7.986706752995373,7.707868442866574,7.966789323822475,15813285
2022-03-14,7.807453632354736,8.026540603082168,7.6979101469910205,7.827370586524718,14525881
2022-03-15,7.9568305015563965,7.9568305015563965,7.747702721505214,7.827370537688072,12783285
2022-03-16,8.414920806884766,8.534422529560276,7.926955201864285,7.956830395104344,23975812
2022-03-17,8.743551254272461,8.743551254272461,8.41492126172308,8.534422990857825,18803190
2022-03-18,8.713675498962402,8.92280374892611,8.653924163380516,8.753509406111906,13984054
2022-03-21,9.002471923828125,9.072181026703209,8.663883224637207,8.713675847997395,14053295
2022-03-22,9.092098236083984,9.221558673803964,9.0024717061459,9.022389134894485,9989441
2022-03-23,9.17176628112793,9.271351527931957,8.992513216766799,9.112014943102453,13732296
2022-03-24,9.370935440063477,9.420728061420013,9.151848475923869,9.151848475923869,23820787
2022-03-25,9.400811195373535,9.490437729233955,9.341060805943467,9.370936000658501,9192969
2022-03-28,9.540229797363281,9.560147225822307,9.410769361525396,9.410769361525396,11761138
2022-03-29,10.247282981872559,10.336909515924921,9.609939478389897,9.609939478389897,23075516
2022-03-30,10.80495834350586,10.90454263970083,9.848943591685455,9.948527887880426,7871936
2022-03-31,11.183380126953125,11.253090179776196,10.854750141280356,10.854750141280356,6234452
2022-04-01,11.223215103149414,11.352674596073161,10.834833775232243,11.153505049595884,5195272
2022-04-04,11.621553421020508,11.621553421020508,11.083795206539248,11.25308954718291,5054493
2022-04-05,12.14935302734375,12.20910436268053,11.631512236524442,11.631512236524442,3280345
2022-04-06,12.946032524108887,12.946032524108887,12.248938655061465,12.248938655061465,4409906
2022-04-07,14.240635871887207,14.240635871887207,13.244787222800204,13.433998048252011,6091954
2022-04-08,15.246443748474121,15.365945476420231,14.250595065874553,14.250595065874553,6338935
2022-04-11,16.431503295898438,16.770092000616856,15.286277688494671,15.286277688494671,9318616
2022-04-12,14.788352966308594,15.236484672923794,14.788352966308594,15.186692050029817,1172900
2022-04-13,13.314496040344238,13.314496040344238,13.314496040344238,13.314496040344238,542723
2022-04-14,11.990017890930176,11.990017890930176,11.990017890930176,11.990017890930176,794535
2022-04-15,13.145201683044434,13.185035590125482,10.794999265832043,10.794999265832043,18712840
2022-04-18,12.24893856048584,13.344371503469441,11.950183776139301,13.145201963810175,6644146
2022-04-19,11.024044036865234,11.999976188708015,11.024044036865234,11.940224852997124,4856050
2022-04-20,11.153504371643066,11.362632620161417,10.107863129051317,10.506203147508545,8401174
2022-04-21,11.083795547485352,11.342716423459702,10.794999478041738,10.94437639510333,3350619
2022-04-22,11.11367130279541,11.203297837449458,10.954335663283914,11.083796107815836,2272783
2022-04-25,11.651429176330566,11.651429176330566,10.974252730763798,11.113670935875781,3731573
2022-04-26,12.268855094909668,12.268855094909668,11.382550402001108,11.751014289460832,5724888
2022-04-27,12.448108673095703,12.637319507052016,12.04976957544277,12.268855604294222,2763663
2022-04-28,12.946032524108887,13.015741626099043,12.06968559312645,12.448108196258545,6586833
2022-04-29,12.507859230041504,12.946032210045242,12.308688743960905,12.716987480653922,6072645
2022-05-05,12.40827465057373,12.7169881607359,12.129437284750532,12.507859898939673,2683134
2022-05-06,12.14935302734375,12.398315183435692,11.840640485630285,12.398315183435692,2998635
2022-05-09,11.840641021728516,12.09956095400343,11.810764877849822,12.069685759840036,2226465
2022-05-10,11.860557556152344,11.999976712418867,11.840641076523015,11.840641076523015,231473
2022-05-11,11.990017890930176,12.029851799549267,11.691263101429339,11.93026655314389,1605092
2022-05-12,12.507859230041504,12.547693137314571,11.701221420617815,11.840640570931182,2726618
2022-05-13,13.752670288085938,13.752670288085938,12.448108137410586,12.497900759903283,4602716
2022-05-16,13.981715202331543,14.55930735138179,13.593333881536255,13.69291912780642,3918831
2022-05-17,13.70287799835205,13.931922737779162,13.095409698676958,13.573417556613348,2919297
2022-05-18,13.54354190826416,13.941880985095052,13.334413655499123,13.702877538996518,8582735
2022-05-20,13.94188117980957,14.051424190039143,13.214912117011409,13.49374947468732,11843909
2022-05-23,14.250595092773438,14.399972015559207,13.772587230371414,14.081300740434733,12650075
2022-05-24,14.18088436126709,14.619058293335693,13.912005723160908,14.240635697354724,10779923
2022-05-25,13.742712020874023,14.061383295653377,13.493749850023825,14.001632906489904,9824163
2022-05-26,13.78254508972168,14.081299866466043,13.673001133410102,13.892088096318002,8455162
2022-05-27,13.712836265563965,13.941880997516984,13.493749298254135,13.762627937925735,11364744
2022-05-30,13.961798667907715,13.971756432723272,13.573417348642357,13.812420799090905,9907232
2022-05-31,14.688767433166504,14.698726147493536,13.812420516408364,13.961798382168034,28862706
2022-06-01,14.499556541442871,14.838144279534601,14.429846491196258,14.569265641974217,7414462
2022-06-02,14.360137939453125,14.658892731271552,14.210761018401563,14.499557095559137,5161028
2022-06-03,14.240635871887207,14.489598034158957,14.09125800469499,14.360137595811814,4422370
2022-06-06,14.42984676361084,14.54934848808428,14.051424161253967,14.340220232826939,5135004
2022-06-07,14.34022045135498,14.678809150713732,14.151009622150836,14.51947351565439,7224629
2022-06-08,13.981715202331543,14.390013002551688,13.553499972971249,14.25059479743181,5276801
2022-06-09,13.961798667907715,14.190843403825419,13.832338228152596,13.852254707498997,2972837
2022-06-10,14.021549224853516,14.071341848393276,13.64312661555276,13.712836668394544,4487678
2022-06-13,14.230677604675293,14.380054526846523,13.80246236820198,13.921964095882025,6902549
2022-06-14,12.816572189331055,14.927771242652664,12.816572189331055,14.250594797064977,15953009
2022-06-15,13.175077438354492,13.194994867602897,11.741055772504835,12.338565353942782,25789327
2022-06-16,13.314496040344238,13.344371233259366,12.856405633546157,13.244786940303854,7874381
2022-06-17,13.13524341583252,13.483790826939071,12.95599130272555,13.30453776411681,11829427
2022-06-20,12.64727783203125,13.28462131834321,12.597485208930813,13.155160878168187,6752854
2022-06-21,12.617402076721191,12.796655132021856,12.468025163780805,12.657235983486311,5569874
2022-06-22,12.916157722473145,12.936074202339844,12.298731651160434,12.597485497168124,6562361
2022-06-23,13.185035705566406,13.185035705566406,12.647277480406304,12.926114832414992,8245566
2022-06-24,13.20495319366455,13.31449620216152,12.926114890683642,13.31449620216152,7009582
2022-06-27,12.9559907913208,13.543541629854763,12.448107766515315,12.946032077175929,4985324
2022-06-28,12.926115036010742,13.125285526012153,12.607443771552937,12.955991179340124,6929727
2022-06-29,12.946032524108887,13.055575534338459,12.388356859041778,13.055575534338459,8723423
2022-06-30,14.170926094055176,14.180884808669854,12.876323585036545,13.354330489957523,18167538
2022-07-01,14.43980598449707,14.43980598449707,13.981715549758896,14.300386826197515,7842268
2022-07-04,14.798310279846191,14.838144187003595,14.340219872678437,14.57922426533811,10040519
2022-07-05,15.097065925598145,15.355986811851961,14.748519455378295,14.838145039344326,9060983
2022-07-06,15.435653686523438,15.505362786360145,14.97756328106381,15.19665024447022,7411728
2022-07-07,15.893744468688965,16.06303786520273,15.346027522048843,15.435654052371898,7800096
2022-07-08,15.077149391174316,15.973413775029206,15.04727324691177,15.833993667901273,4754593
2022-07-13,15.057231903076172,15.395820605678392,14.828187162913087,15.077149332507036,4526429
2022-07-14,15.704533576965332,16.182540470380946,15.007438766161318,15.077148817070883,6586201
2022-07-18,15.47548770904541,15.82403511026111,15.286276886769775,15.734408581393344,4875368
2022-07-19,16.25225067138672,16.3020442466312,15.385862406154814,15.475488942164208,6146471
2022-07-20,16.471338272094727,16.541047376603345,16.15266509523576,16.252250344289774,6239557
2022-07-21,16.630672454833984,16.690422839263135,16.431501974162853,16.471336830069266,9016064
2022-07-22,16.700382232666016,16.770091333907764,16.590838273897237,16.630673131424267,4020059
2022-07-25,17.57672882080078,17.656396639217604,16.451420648234322,16.730257062977895,13809009
2022-07-26,17.726104736328125,17.97506689217223,17.47714258048402,17.586686536873188,5608903
2022-07-27,18.25390625,18.313656639030054,17.676314090894476,17.80577358369803,7695549
2022-07-28,19.299545288085938,19.319462716213273,18.333572817075947,18.333572817075947,14386814
2022-07-29,19.80742835998535,19.80742835998535,19.060541898152657,19.40908929356068,11082719
2022-08-01,20.414897918701172,20.49456573704083,19.518634487522366,19.717803083656204,6170063
2022-08-02,20.534400939941406,21.31116170690859,18.771748292787088,20.51448351016516,26623963
2022-08-03,18.48295021057129,20.13605879958687,18.48295021057129,19.66801062298674,17155581
2022-08-04,18.124446868896484,18.453076859733052,17.58668766601994,18.31365675189619,13244672
2022-08-05,17.875484466552734,18.263864841779196,17.606604868581826,18.124446635170848,9865795
2022-08-08,17.79581642150879,18.13440321903311,17.576728500284684,18.124446403914362,6324789
2022-08-09,17.586687088012695,18.124446273215145,17.586687088012695,17.795816293179396,5408540
2022-08-10,17.32776641845703,17.636478973253613,17.28793345949808,17.586687299697278,7517138
2022-08-11,17.91531753540039,18.39332444620738,17.32776666191365,17.367601520862877,6084465
2022-08-12,17.696231842041016,18.054736082168404,17.50702005733753,17.975068262203354,4822009
2022-08-15,17.477142333984375,17.845607155186205,17.41739194926506,17.696230243672673,2753445
2022-08-16,17.497060775756836,17.576728593141777,17.058886830424356,17.497060775756836,3467260
2022-08-17,17.925275802612305,18.1642792520488,17.51697800572947,17.62652196567433,5441431
2022-08-18,17.875484466552734,18.28378227113199,17.63647911318041,18.174238309122227,7490946
2022-08-19,17.407434463500977,17.82569098490915,17.407434463500977,17.82569098490915,4047567
2022-08-22,17.497060775756836,17.765940371717488,17.39747552916801,17.427351672973835,3104762
2022-08-23,17.377559661865234,17.87548398570744,17.377559661865234,17.686272210806848,4120778
2022-08-24,17.337724685668945,17.676313375520685,17.287933013397442,17.38751635794045,4233824
2022-08-25,17.566770553588867,17.736064909466272,17.29789284672648,17.33772580723434,7050194
2022-08-26,17.606603622436523,17.746021819177248,17.188347132783875,17.636477864920693,17050243
2022-08-29,17.317808151245117,17.686273003144876,17.27797519125713,17.5966464688836,7553399
2022-08-31,18.00494384765625,18.00494384765625,16.889592503363122,17.317807734659315,17928166
2022-09-01,18.48295021057129,18.841456328478948,17.66635463038655,18.07465242047892,9603484
2022-09-02,18.522785186767578,18.522785186767578,17.905358190788753,18.522785186767578,5563928
2022-09-05,18.54270362854004,18.751830943799682,18.30369826905665,18.622371448557615,5905982
2022-09-06,18.39332389831543,18.751830020456964,18.084611348377198,18.721953877134982,5144626
2022-09-07,17.93523406982422,18.463034527978067,17.79581586932078,18.393323528295824,5675476
2022-09-08,17.59664535522461,18.164278770001125,17.58668664100022,17.935234041131746,4434588
2022-09-09,18.313655853271484,18.42319981131872,17.457227315817544,17.596645517382722,5907959
2022-09-12,19.12029457092285,19.170086242950507,18.054734934883953,18.333573236758227,4860604
2022-09-13,18.224029541015625,19.936890435195178,18.224029541015625,19.31946343624964,6937847
2022-09-14,17.178388595581055,18.134402353521537,16.96926129831801,17.78585685808313,4558794
2022-09-15,18.89124870300293,18.89124870300293,15.465529674879512,17.18834837849217,8847105
2022-09-16,17.00909423828125,17.00909423828125,17.00909423828125,17.00909423828125,6559484
2022-09-19,15.316152572631836,15.316152572631836,15.316152572631836,15.316152572631836,1582535
2022-09-20,13.79250431060791,13.79250431060791,13.79250431060791,13.79250431060791,381551
2022-09-21,12.418232917785645,12.418232917785645,12.418232917785645,12.418232917785645,1037262
2022-09-22,11.183380126953125,11.183380126953125,11.183380126953125,11.183380126953125,15831379
2022-09-23,10.068029403686523,10.068029403686523,10.068029403686523,10.068029403686523,3524035
2022-09-26,9.062223434448242,9.062223434448242,9.062223434448242,9.062223434448242,38962522
2022-09-27,8.156000137329102,8.156000137329102,8.156000137329102,8.156000137329102,2209145
2022-09-28,7.349363327026367,7.349363327026367,7.349363327026367,7.349363327026367,3663424
2022-09-29,6.622393608093262,6.622393608093262,6.622393608093262,6.622393608093262,2821613
2022-09-30,6.094593524932861,6.502891787696911,5.965133088572123,5.965133088572123,424811306
2022-10-03,6.044801712036133,6.2539299746752155,5.905382553704973,6.124469531163848,88359409
2022-10-04,6.044801712036133,6.224054305073492,5.935258223306695,6.074676906780197,82897662
2022-10-05,5.825714588165283,6.18422024008769,5.795839394172043,6.094593708392677,67595096
2022-10-06,5.855590343475342,5.975092070928066,5.666379037579701,5.925299447060604,68393455
2022-10-07,5.885465621948242,5.965133441387635,5.795839562507756,5.865548667088394,49347008
2022-10-10,5.855590343475342,5.90538249248515,5.825714674183334,5.875507298050796,25195694
2022-10-11,5.8456315994262695,5.905382462852811,5.8157564051418245,5.865548553901783,19814147
2022-10-12,5.736088275909424,5.865548235544904,5.736088275909424,5.845631282150397,20608186
2022-10-13,5.746046543121338,5.855590024752656,5.716170875455477,5.746046543121338,17068674
2022-10-14,5.75600528717041,5.835673101549356,5.746046572944227,5.795839194359884,11852604
2022-10-17,6.094593524932861,6.124469192884429,5.765963551753781,5.765963551753781,95199029
2022-10-18,5.965133190155029,6.154344490783434,5.925299282113012,6.124469297180741,59284362
2022-10-19,6.00496768951416,6.094593746918075,5.9651333058419596,5.975092020474422,53122095
2022-10-20,6.602476596832275,6.602476596832275,6.014925747307515,6.014925747307515,158927811
2022-10-21,7.25973653793335,7.25973653793335,6.79168788669467,6.871355701811242,151921907
2022-10-24,7.976747989654541,7.976747989654541,7.3493632202723,7.488781899626916,91426783
2022-10-25,8.77342700958252,8.77342700958252,8.245626542177401,8.245626542177401,121419325
2022-10-26,8.454754829406738,9.410769573525487,8.235668809713586,9.181724839378477,169612178
2022-10-27,8.195834159851074,8.614090680372655,7.897079841519696,8.584215485968343,144569428
2022-10-28,7.976747989654541,8.285460542225225,7.976747989654541,8.2356688690279,22247935
2022-10-31,7.588366508483887,8.066374348631872,7.558491315260659,8.046456920006207,56676292
2022-11-01,7.4987406730651855,7.946872383368809,7.3593215177576,7.588366730211321,85935713
2022-11-02,7.409113883972168,7.747702571030958,7.31948735507834,7.518657366524888,62660248
2022-11-03,7.4987406730651855,7.687951501961277,7.389197186711411,7.409114141061401,60769252
2022-11-04,8.156000137329102,8.245626669011063,7.508698885849835,7.5485327944067855,99567769
2022-11-07,8.205792427062988,8.614090210611922,7.996664178206796,8.245626334001535,67483925
2022-11-08,7.916996479034424,8.245626453467588,7.8273704245529645,8.225709974567383,49338223
2022-11-09,7.847287654876709,8.036498484815816,7.807453745957144,7.936913712516905,40235807
2022-11-10,7.8970794677734375,8.036498143063126,7.817411653322187,7.926955135621472,33093202
2022-11-11,8.016581535339355,8.444795793697015,7.926955008094771,7.966788914679559,86658049
2022-11-14,8.116166114807129,8.225710074087026,7.9966643908142885,8.02654053409896,30900192
2022-11-15,7.996664524078369,8.195834067385588,7.877162798094038,8.146042393845255,41261798
2022-11-16,8.12612533569336,8.454755334584242,8.05641622978176,8.08629142521311,116958645
2022-11-17,8.116166114807129,8.315336604510476,7.897079620820255,8.165958737232966,53907319
2022-11-18,8.375086784362793,8.44479588420447,8.076332006917344,8.076332006917344,58027416
2022-11-21,8.803301811218262,9.052263962215541,8.375086607594064,8.464713133907523,94703633
2022-11-22,8.753509521484375,8.912845152182454,8.634007798460814,8.912845152182454,75554360
2022-11-23,9.02238941192627,9.231517671631309,8.66388328116603,8.773427243216238,86074732
2022-11-24,9.540229797363281,9.739399333377234,9.072180675444049,9.151848489849629,107086835
2022-11-25,9.958486557006836,10.107863475475824,9.390853127166338,9.590022668363417,81985119
2022-11-28,9.90869426727295,10.237324258720978,9.769276058607312,10.147697724741459,66484146
2022-11-29,9.669690132141113,9.988361386432933,9.570104890317294,9.988361386432933,36560538
2022-11-30,9.699565887451172,9.938569342034064,9.649773263650909,9.7194833168574,54853732
2022-12-01,9.769275665283203,9.998320398706714,9.699565614041687,9.799150858835121,57613136
2022-12-02,9.430686950683594,9.848943458297626,9.331101706122052,9.789192121617646,35065018
2022-12-05,9.231517791748047,9.530271638315105,9.231517791748047,9.49043772879181,31994436
2022-12-06,9.221558570861816,9.36097677168446,9.15184852073523,9.261392478199038,25146975
2022-12-07,8.82321834564209,9.301226172453271,8.783384439217429,9.241474837958657,28591664
2022-12-08,8.77342700958252,8.942720406059028,8.494588704257644,8.833177396641222,23976373
2022-12-09,9.141890525817871,9.28130872312727,8.783384419101726,8.793343133113893,30493902
2022-12-12,9.490437507629395,9.590022753974585,9.251434056059288,9.251434056059288,34107467
2022-12-13,9.898735046386719,9.898735046386719,9.34106034080409,9.500395970970555,62335604
2022-12-14,9.580063819885254,10.227366006866518,9.570105105535864,10.068029426422095,61140593
2022-12-15,9.838984489440918,10.058071451981078,9.590022334191042,9.759316675738178,44891004
2022-12-16,9.858901023864746,9.978403694811155,9.83898454518385,9.958486266415,8742776
2022-12-19,10.964293479919434,10.964293479919434,10.14769696975067,10.257240925226798,90991189
2022-12-20,10.7750825881958,11.521969110291783,10.536079129056764,11.083796101870217,79625007
2022-12-21,11.034003257751465,11.28296542683379,10.765124608994512,10.884626336188191,73827796
2022-12-22,10.834833145141602,11.203297022125682,10.645621374705158,11.173421829320285,33766139
2022-12-23,10.605788230895996,10.854750404858017,10.46637002129507,10.834833924793024,23224045
2022-12-26,10.55599594116211,10.775081957695486,10.516162033636471,10.65558023511857,25713639
2022-12-27,10.157655715942383,10.58587092568761,10.048112709835225,10.555995733061158,25063823
2022-12-28,9.769275665283203,10.33690909134606,9.649772991644967,10.157656030603988,25125598
2022-12-29,10.745206832885742,10.745206832885742,9.769275617437039,9.77923338209539,42229493
2022-12-30,10.595829963684082,10.904542512929412,10.536078626889509,10.76512430993421,47075504
2023-01-02,11.083795547485352,11.20329727107768,10.695414233523826,10.695414233523826,67381347
2023-01-03,10.974252700805664,11.273006539353096,10.735248300366312,11.18338000790275,40577538
2023-01-04,10.725290298461914,11.37259153396012,10.695414155495335,11.37259153396012,40431139
2023-01-05,10.2771577835083,10.87466735452332,9.898735181827492,10.775082109449055,36159164
2023-01-06,10.794999122619629,10.884625649791769,9.63981488287927,9.938568707166073,59104324
2023-01-09,10.486286163330078,11.143546129448303,10.34686795822336,11.093754456033215,39472033
2023-01-10,10.2771577835083,10.685455578825275,10.157656059248353,10.555996089830126,32365096
2023-01-11,9.669690132141113,10.486285696121527,9.669690132141113,10.33690878310105,27098238
2023-01-12,10.107863426208496,10.19748995673915,9.49043737664934,9.988361702072718,32139189
2023-01-13,10.058072090148926,10.26720035181627,9.928611647239112,10.087947284754172,21510879
2023-01-16,10.625704765319824,10.635663479370828,10.038153932323947,10.137739173403508,21497433
2023-01-17,11.681303977966309,11.681303977966309,10.536078432967155,10.645621440406511,69042344
2023-01-18,12.089603424072266,12.22902163268811,11.531927740462942,11.651429469154515,66666278
2023-01-19,11.91034984588623,12.298731159780392,11.79084812231463,12.099560670779113,27829999
2023-01-20,11.950183868408203,12.119478215854542,11.79084823545054,11.950183868408203,20567896
2023-01-23,12.537734985351562,12.91615759627458,12.109519750675329,12.109519750675329,52203176
2023-01-24,12.049769401550293,12.826531105621582,11.880475050062085,12.537735026562045,42869711
2023-01-25,11.770931243896484,12.238980395389408,11.352674716982012,12.179229055952202,35218532
2023-01-26,11.790847778320312,12.069685125185723,11.52196819584223,11.760972585727831,24577298
2023-01-27,11.591678619384766,12.03981032161261,11.372591650625381,11.770930730446734,35190138
2023-01-30,12.238980293273926,12.726945920697712,11.721139471238457,11.731097236298808,61634591
2023-01-31,11.472176551818848,12.716987326119577,11.472176551818848,12.448107743007299,63284460
2023-02-01,10.386701583862305,11.631512379638123,10.326950247790348,11.631512379638123,45606283
2023-02-02,10.476327896118164,10.775081721144108,9.689606577756418,10.426535275375425,51047244
2023-02-03,11.024044036865234,11.024044036865234,10.376742806859454,10.476328049805849,37192822
2023-02-06,10.645621299743652,10.994168695641578,10.257240946862519,10.82487435474433,6540251
2023-02-07,9.590023040771484,10.555996540232945,9.590023040771484,10.555996540232945,12752309
2023-02-08,8.634007453918457,8.634007453918457,8.634007453918457,8.634007453918457,572
2023-02-15,10.546037673950195,10.546037673950195,9.560147708607479,9.590022903089448,17691419
2023-02-16,10.326950073242188,11.173421779948617,9.918652291083292,10.834833097266046,36402961
2023-02-17,9.96844482421875,10.267199597467107,9.819066962736951,10.207448262931338,17800987
2023-02-20,10.436493873596191,10.645622137652218,9.978404385365709,10.15765650475993,29437196
2023-02-21,10.30703353881836,10.884625659187101,10.147696962755218,10.356825209765642,38829512
2023-02-22,10.068029403686523,10.316991563567434,9.998320302828756,10.316991563567434,17361545
2023-02-23,10.137739181518555,10.227365708618857,9.998320033838615,10.068029132820962,16413539
2023-02-24,10.506203651428223,10.91450145390116,10.097905848955286,10.177573666524868,47686473
2023-02-27,10.55599594116211,10.775081957695486,10.356825453818649,10.526119798231429,29991903
2023-02-28,10.336909294128418,10.615746655418686,10.316991864892891,10.605787940800923,27132762
2023-03-01,10.685455322265625,10.98421010059998,10.356825351012413,10.366784065223785,37903033
2023-03-02,11.014086723327637,11.024044488257799,10.615746684946814,10.685455788034455,42392881
2023-03-03,10.725290298461914,11.103711945552538,10.406618088158636,10.944376315258534,30384769
2023-03-06,11.024044036865234,11.213255808520334,10.725290207456574,10.785040593452202,45188853
2023-03-07,10.685455322265625,11.352673978983423,10.396659258142643,11.153504443332272,49436997
2023-03-08,10.605788230895996,10.785041300057555,10.25724175717836,10.665539570521624,28653536
2023-03-09,10.745206832885742,10.894583749629025,10.466369478431151,10.615746395174435,32306153
2023-03-10,11.063878059387207,11.213255925363327,10.655580268539964,10.735248083841121,42927971
2023-03-13,10.755166053771973,11.332758218630003,10.725290858959404,11.143546435481323,49065848
2023-03-14,10.536078453063965,10.864708425724134,10.516161974271212,10.794999325376603,23552158
2023-03-15,10.068029403686523,10.595829866429048,9.918652487644085,10.555995958836714,25756747
2023-03-16,10.237323760986328,10.31699157626908,10.018237743816396,10.157655945703576,18165570
2023-03-17,10.12778091430664,10.37674307847403,10.097905720526834,10.33690917019586,15229373
2023-03-20,9.699565887451172,10.177573746332264,9.649773263650909,10.137739837235117,14625943
2023-03-21,9.599981307983398,9.888777377895712,9.490437348892856,9.779233418805168,20784413
2023-03-22,9.759317398071289,9.759317398071289,9.59002304399388,9.689607343635382,9209202
2023-03-23,9.988361358642578,10.01823750093575,9.75931663268641,9.75931663268641,11206589
2023-03-24,10.107863426208496,10.1377395695289,9.958486508467594,10.068029518163236,10769298
2023-03-27,10.077988624572754,10.227366497838782,10.03815471497821,10.107863819339832,8867053
2023-03-28,9.460561752319336,10.097905201741492,9.460561752319336,10.097905201741492,12333975
2023-03-29,9.470520973205566,9.510354881569317,9.171766185619799,9.460562258685806,13158519
2023-03-30,9.42072868347168,9.619898232333755,9.400811253727811,9.470521308116028,14063613
2023-03-31,9.042305946350098,9.4506037535536,8.992513322363383,9.420728559047696,13618568
2023-04-03,8.972596168518066,9.171765699786704,8.743550495272704,9.04230526703328,14859601
2023-04-04,9.08213996887207,9.092098683736683,8.902886900170314,8.992513434521191,13675225
2023-04-05,8.962637901306152,9.151848728014556,8.962637901306152,9.092098340513076,12740702
2023-04-06,8.853095054626465,9.042305884830302,8.853095054626465,8.982555496225007,536006
2023-04-07,9.102057456970215,9.181725276967367,8.873011762191908,8.882970477120383,13549292
2023-04-10,9.32114315032959,9.360977058888958,9.09209841354205,9.102057128110717,18484489
2023-04-11,9.540229797363281,9.60993889753935,9.321142832890303,9.42072807575491,19076800
2023-04-12,9.87881851196289,10.028195426975762,9.580063732221884,9.619897639539667,31262748
2023-04-13,10.137739181518555,10.137739181518555,9.689606546017052,9.87881831427663,23473596
2023-04-14,10.197489738464355,10.297074981303547,9.988361488274265,10.058071538147802,14536352
2023-04-17,10.068029403686523,10.396659378752103,10.068029403686523,10.237323748382764,16637063
2023-04-18,9.819067001342773,10.217407017145158,9.78919180881505,10.147696968293474,10563811
2023-04-19,9.848943710327148,9.938569293067676,9.649773216107391,9.908694098820835,10044353
2023-04-20,9.819067001342773,9.848943143585744,9.719482709678614,9.79915052289604,2640492
2023-04-24,9.560147285461426,9.888777259363355,9.540229856878149,9.819067209037154,8027028
2023-04-25,9.112014770507812,9.60993909566595,9.102057005788263,9.56014742292236,8935690
2023-04-26,8.763468742370605,9.11201521724023,8.733593547316712,9.11201521724023,11085038
2023-04-27,8.663883209228516,8.84313627312027,8.62404930055427,8.763468455771779,13286961
2023-04-28,8.195834159851074,8.743551122411745,8.116166341629373,8.663883304190044,12279061
2023-05-02,7.986706733703613,8.295419287415479,7.897079727215008,8.285460572853085,10868803
2023-05-03,7.399155139923096,7.946872075623822,7.20994384349662,7.887121214887718,16821439
2023-05-04,7.618242263793945,7.797494849758663,7.399155294979427,7.4489479173984465,13293366
2023-05-05,7.339404582977295,7.747702860527265,7.269695479995279,7.717827191493794,10936178
2023-05-08,7.767619609832764,7.767619609832764,7.219902665923127,7.399155250817985,19853664
2023-05-09,7.827370643615723,8.106208478886874,7.6481175799208225,7.767619780669972,21911683
2023-05-10,8.086291313171387,8.126125223099706,7.737744363869763,7.867204808565631,17986434
2023-05-11,8.892929077148438,8.892929077148438,8.026540833587019,8.08629122295522,24116440
2023-05-12,8.693758010864258,9.171765843092965,8.624048911259859,9.01243021558848,24018376
2023-05-15,7.827370643615723,8.24562668423598,7.827370643615723,7.827370643615723,16355165
2023-05-16,7.93691349029541,7.986706587337212,7.717826997371891,7.807453527360331,16144821
2023-05-17,8.036498069763184,8.136083311776572,7.976747684327353,7.986706398471743,12119142
2023-05-18,7.628200531005859,8.106208378359236,7.628200531005859,8.036498326833884,14392027
2023-05-22,7.658076286315918,7.7974949663735424,7.448948028800657,7.777578012079596,11098302
2023-05-23,7.837328910827637,7.916996728368009,7.6282006523553365,7.6481176067404295,13783535
2023-05-24,7.727785587310791,7.946872076706347,7.707868158871746,7.837328594579754,7848776
2023-05-25,8.066374778747559,8.07633254387609,7.677993447275234,7.787536936269299,11178160
2023-05-26,8.33525276184082,8.37508666830051,7.907038029970345,8.066374130666727,16419405
2023-05-29,8.554340362548828,8.84313644342778,8.215751657439304,8.474672543666035,24102032
2023-05-30,9.002471923828125,9.15184884419339,8.624049315892117,8.624049315892117,22238661
2023-05-31,8.863052368164062,9.092098045392573,8.823218461217616,8.982555038718658,18973125
2023-06-01,9.151848793029785,9.191682701552184,8.932762771014241,8.932762771014241,19648466
2023-06-02,9.390852928161621,9.649772851373323,9.30122639909342,9.36097678532871,19844949
2023-06-05,9.599981307983398,9.639815215912156,9.430686961857358,9.619897787090139,16062334
2023-06-06,9.360977172851562,9.599981576832752,9.341060693187059,9.599981576832752,14362984
2023-06-07,9.440645217895508,9.609939572832545,9.39085354267959,9.460562647754138,21713085
2023-06-08,9.390852928161621,9.679648994206234,9.321142877933427,9.440644600119274,26467784
2023-06-09,9.789192199707031,9.789192199707031,9.400810882477193,9.48047964859112,28890647
2023-06-12,9.90869426727295,10.287116883122414,9.888777787341565,10.058072140477256,25970690
2023-06-13,9.749358177185059,9.988361623578385,9.490437302067983,9.988361623578385,19480231
2023-06-14,9.460561752319336,10.008278675291397,9.460561752319336,9.978403483046446,20173145
2023-06-15,9.560147285461426,9.659731579232007,9.490437235135223,9.62985638607236,7654059
2023-06-16,9.520313262939453,9.709524083617282,9.460561927627095,9.580063648536555,9955759
2023-06-19,9.131932258605957,9.500396147646953,9.052264442041164,9.500396147646953,9922921
2023-06-20,9.1618070602417,9.231517109038602,9.002471433932056,9.121973153664289,12111910
2023-06-21,9.002471923828125,9.301226714273952,8.912845391722847,9.211600182168674,7141283
2023-06-22,9.619897842407227,9.759316995817217,8.902886545851295,9.042305699261284,20891874
2023-06-23,10.02819538116455,10.107863195436176,9.689606695652516,9.71948283829082,23247711
2023-06-26,10.575912475585938,10.575912475585938,10.068029439681446,10.087946868406457,24857788
2023-06-27,10.595829963684082,10.725290401976254,10.4564108109736,10.705372973139637,9549385
2023-07-03,11.014086723327637,11.073837111769814,10.755165840837398,10.86470885279159,30923442
2023-07-04,10.994169235229492,11.193338778496905,10.83483360061556,11.103712246597745,20794800
2023-07-05,11.392508506774902,11.531927664183861,10.785041152515397,11.024044608317631,34505967
2023-07-06,11.671346664428711,11.671346664428711,11.382550588461056,11.452259691369191,22931695
2023-07-07,11.880475044250488,12.009935486484926,11.57176153588909,11.671346783674137,22024590
2023-07-10,11.920309066772461,12.14935380925464,11.860557727590193,12.02985208060542,24493190
2023-07-11,11.950183868408203,12.059726878637775,11.521968642548018,12.01989297039836,26499498
2023-07-12,12.069685935974121,12.209105093630015,11.541886399380532,11.950184207861344,33356480
2023-07-13,12.348523139953613,12.497901010426016,12.069685778006548,12.08960320728899,32440489
2023-07-14,12.527775764465332,12.607443579365329,12.248938412315344,12.408274042115336,19689795
2023-07-17,12.946032524108887,12.946032524108887,12.557651206488117,12.667195166432975,24949508
2023-07-18,13.115326881408691,13.443956862059592,12.876323431792635,13.115326881408691,30841993
2023-07-19,14.380054473876953,14.419888382956906,13.085451953920861,13.204953681160717,39494143
2023-07-20,14.469680786132812,14.897896014500263,14.340220346167879,14.509514694605462,31736750
2023-07-21,14.58918285369873,14.758477206106633,14.290429008005079,14.489598555039285,23999148
2023-07-24,14.629015922546387,14.748518593615797,14.370096001136691,14.638974636754714,28562281
2023-07-25,14.399971961975098,14.838144963640753,14.180884986284616,14.688768041410833,24279216
2023-07-26,15.087106704711914,15.087106704711914,14.350178929831534,14.399971552397025,23089521
2023-07-27,15.5750732421875,15.684616251890503,15.077148916730659,15.176733211992858,29483700
2023-07-28,15.286276817321777,15.704533316994306,15.20660900307132,15.704533316994306,25306284
2023-07-31,16.232332229614258,16.401626576032935,15.24644324410215,15.355986253666766,42739741
2023-08-01,16.6406307220459,17.019054288469942,15.56511516099551,16.331918159543598,51981001
2023-08-02,16.6904239654541,17.02901266578311,16.43150308288306,16.630673576993278,26673064
2023-08-03,16.53108787536621,16.90950952445306,16.39166777355059,16.740215178943814,26521267
2023-08-04,17.09872055053711,17.17838836261841,16.48129358233417,16.590837536232385,24694757
2023-08-07,17.487102508544922,17.765940826241316,17.11863955599928,17.22818162056198,14504974
2023-08-08,17.696231842041016,17.79581709185499,17.228181737744535,17.50702005733753,18475175
2023-08-09,18.472991943359375,18.502868087051635,17.686272487102418,17.8655255503948,20611895
2023-08-10,17.975067138671875,18.771747187956528,17.795815979527603,18.512826314396307,22260049
2023-08-11,18.602453231811523,18.721954007067676,17.70618981966807,17.935234555101175,23241281
2023-08-14,18.64228630065918,18.921124610290043,18.403282849302975,18.781706405189905,13648576
2023-08-15,18.84145736694336,18.951001331103992,18.31365687531471,18.62237133805274,17804238
2023-08-16,19.409090042114258,19.488757858471754,18.58253573511877,18.86137404208529,17726243
2023-08-17,19.269672393798828,19.648094057547382,19.07050189744867,19.419049316346136,10806753
2023-08-18,18.423200607299805,19.4290080035219,18.413241892553373,19.379214429789744,19208169
2023-08-21,18.662202835083008,19.07050061567051,17.935233801298477,18.32361415370354,14456813
2023-08-22,18.174238204956055,18.801622030528364,18.10452910205142,18.73191292762373,15524890
2023-08-23,17.82569122314453,18.472992493647784,17.79581697799294,18.17423864554802,12947506
2023-08-24,17.905359268188477,18.66220451226473,17.736064912284174,18.124447199023848,22624379
2023-08-25,18.3236141204834,18.343531548629727,17.41739203356087,17.905357626562964,16431093
2023-08-28,19.70784568786621,20.05639119569159,19.04062701663818,19.80742903328457,37504668
2023-08-29,19.9368896484375,20.89290340328785,19.419047914844985,19.70784492376675,34654853
2023-08-31,18.970916748046875,20.47464849497104,18.751830720465513,20.215727608139993,35658214
2023-09-01,19.56842613220215,19.697887523953085,19.04062754878396,19.05058436405962,13558146
2023-09-04,19.219879150390625,19.797471320418293,19.219879150390625,19.747679645190132,12395043
2023-09-05,19.339380264282227,19.468839749051842,18.921123768166588,19.219877594207542,12448026
2023-09-06,19.658052444458008,20.11614381865124,19.399131563293242,19.518634238996437,18568407
2023-09-07,21.60991668701172,21.60991668701172,19.52859283515264,19.7178027130085,30708775
2023-09-08,23.243106842041016,23.760948578060507,21.729416490336583,22.526096522542836,51897043
2023-09-11,23.263025283813477,24.517794822179845,22.68543313752711,23.402443488266215,35784306
2023-09-12,22.765100479125977,24.019869991302976,21.92858747100798,23.58169605861485,24320342
2023-09-13,22.10784149169922,23.004104925269594,22.00825624365126,22.76510146961287,12801945
2023-09-14,22.307008743286133,22.466344370782924,21.49041317750746,22.307008743286133,18294282
2023-09-15,23.721115112304688,23.721115112304688,21.70950033483129,22.50618041374116,20672204
2023-09-18,22.167591094970703,23.980035327360604,22.167591094970703,23.70119702259656,18951112
2023-09-19,21.70949935913086,22.80493323125519,21.609916015744528,22.227341102234075,12330629
2023-09-20,21.032323837280273,22.187508092606883,20.93273859469753,21.908669793261296,11344918
2023-09-21,21.70949935913086,22.50617940223516,20.633982915456002,21.03232388672341,12961624
2023-09-22,21.589998245239258,22.107839980138177,20.9327383122639,21.49041300400016,18578453
2023-09-25,22.86468505859375,23.004105167098786,21.58999994835784,21.58999994835784,16431865
2023-09-26,23.96011734008789,24.61737727938336,22.64559746149696,22.864683474785277,31566386
2023-09-27,23.98003578186035,24.995801876220135,23.960118352693158,24.199121804407707,22580199
2023-09-28,24.199121475219727,25.07546935234911,24.0597032718071,24.298706720270413,19695899
2023-09-29,23.561779022216797,24.896216371694045,23.561779022216797,24.796631126321152,13227457
2023-10-02,24.139371871948242,24.398292757716913,23.502029322013435,23.561779711212168,10769943
2023-10-03,23.68128204345703,24.67713071291296,23.66136461420457,24.159288948932534,9918669
2023-10-04,22.526098251342773,23.980036430100867,22.526098251342773,23.88045118100345,8058107
2023-10-05,23.741031646728516,23.780864604485668,22.16759087699504,22.725265581608912,14205559
2023-10-06,23.18335723876953,24.617377926126405,23.083771993956553,23.502028502626615,12018005
2023-10-09,21.928586959838867,22.78501547719157,21.888752103509187,22.14767297136063,10992742
2023-10-10,24.059703826904297,24.119454215541026,22.307009931638543,22.366760320275272,20063069
2023-10-11,23.20327377319336,25.87214857273951,23.20327377319336,24.896217310048943,22284837
2023-10-12,22.98418617248535,24.099537467432267,21.988337548201876,23.62152868420901,14323629
2023-10-13,23.103689193725586,23.482110840946074,22.247258756028508,23.004103949900024,10956835
2023-10-16,21.629831314086914,23.99995209024308,21.629831314086914,23.99995209024308,10654344
2023-10-17,23.004104614257812,23.024022043484248,21.510331612025887,21.908670699401615,10851462
2023-10-18,22.087923049926758,22.904518627520787,21.809084748057597,22.406594309531204,9862438
2023-10-19,22.127756118774414,22.68543272531305,21.769251899634483,22.147673547457337,13353053
2023-10-20,21.41074562072754,21.9883377521932,21.191659605147642,21.8688350804211,11016166
2023-10-23,22.028173446655273,22.267176899854586,21.251410799184555,21.609916928698826,13135683
2023-10-24,23.302858352661133,23.42236102806468,22.0281732786531,22.227341871751563,16252556
2023-10-25,21.171743392944336,23.60161473017677,21.171743392944336,23.32277641297612,15221837
2023-10-26,21.809085845947266,22.346845048173968,21.111992905327863,21.570082389212274,16048443
2023-10-27,21.629831314086914,22.04808780991268,21.21157481826115,21.809084369359457,9196092
2023-10-30,22.486263275146484,22.904519799638855,21.331078950249584,21.45058162843196,14526472
2023-10-31,21.5501651763916,23.402444359007447,21.350996576824397,22.924437440729374,18575422
2023-11-01,21.11199188232422,21.908670032836984,20.49456489110392,21.709499545493525,12164213
2023-11-02,21.211576461791992,21.82900348896729,21.012407862280764,21.430664390514185,9284991
2023-11-03,21.311161041259766,21.570081921971713,20.79331927983587,21.251410653227957,9448843
2023-11-06,21.11199188232422,21.92858746145744,21.052239596462858,21.470496100339695,10176558
2023-11-07,21.311161041259766,21.311161041259766,20.89290452617594,21.17174283604202,9583557
2023-11-08,20.793319702148438,21.629832749305677,20.673818923657763,21.41074672245235,8465113
2023-11-09,20.89290428161621,21.211575546629792,20.61406787444461,20.673818261777015,10669190
2023-11-10,20.912822723388672,21.111993223383685,20.773404513050558,20.912822723388672,6161029
2023-11-13,20.912822723388672,21.350996683719305,20.693736692938685,20.813237473391165,8696574
2023-11-14,21.151824951171875,21.191659808621896,20.574232814160393,21.151824951171875,9059710
2023-11-15,21.27132797241211,21.570081810457214,21.072157480761653,21.41074617690908,11058678
2023-11-16,21.032323837280273,21.450580336583393,20.912821166294876,21.331077665597995,7822847
2023-11-17,21.331077575683594,21.331077575683594,20.892903649824806,21.032323748625174,7571368
2023-11-20,22.486263275146484,23.18335811577731,21.470497158603497,21.470497158603497,20358723
2023-11-21,22.486263275146484,22.86468494043452,22.16759199923432,22.406595456168443,11515486
2023-11-22,21.689584732055664,22.765101220455,21.66966730277794,22.54601329726123,11573872
2023-11-23,21.510332107543945,22.068006842716716,21.37091199917777,21.689585175849995,10100552
2023-11-24,21.331077575683594,21.90866970091224,21.311160147364895,21.49041320337215,10918469
2023-11-27,21.76925277709961,21.84892059561198,21.231493577568145,21.530249321562497,20447218
2023-11-28,22.36676025390625,22.546013318715143,21.70950028256071,21.868835918072925,18174439
2023-11-29,21.27132797241211,22.466345224023105,21.27132797241211,22.267176631803228,15596778
2023-11-30,20.713651657104492,21.60991698314845,20.474648203302973,21.27132828207198,15696749
2023-12-01,20.872987747192383,21.13190863596943,20.673819147738946,20.912822606741457,8685792
2023-12-04,20.912822723388672,21.171743613609923,20.55431658316991,20.992490543500544,8062688
2023-12-05,20.5543155670166,21.231492954204917,20.394979934670005,20.952656547313655,10920483
2023-12-06,20.016557693481445,20.67381763242118,20.016557693481445,20.554314961963723,9622117
2023-12-07,20.235645294189453,20.235645294189453,19.75763837371978,20.09622708391013,11902475
2023-12-08,19.95680809020996,20.275479358013374,19.777555027212895,20.195811541062522,5761932
2023-12-11,19.747678756713867,19.996640920514814,19.518634021880334,19.95680796201056,8440132
2023-12-12,19.70784568786621,19.787513503859234,19.448924811031244,19.747678646147442,5003742
2023-12-13,19.379213333129883,19.747678160174114,19.319462947463162,19.697886488690266,6790074
2023-12-14,19.608261108398438,19.648094068031348,19.30950536371379,19.49871714540434,8053406
2023-12-15,20.693735122680664,20.693735122680664,19.538550868999522,19.578383826317573,10472089
2023-12-18,21.11199188232422,21.390828285288418,20.39497964743219,20.39497964743219,10311695
2023-12-19,20.75348663330078,21.012407517909523,20.136059616244463,21.012407517909523,11433501
2023-12-20,21.291242599487305,22.80493295345913,20.73356790570892,20.773402762122625,15400437
2023-12-21,21.211576461791992,21.590000029895428,20.93274004259014,21.211576461791992,9356961
2023-12-22,21.490413665771484,21.94850502980551,21.171742403537667,21.41074585021303,13961634
2023-12-25,19.349340438842773,21.470497322465864,19.349340438842773,21.450581792142334,11517859
2023-12-26,17.41739273071289,18.423200099195217,17.41739273071289,17.457227588599984,3547494
2023-12-27,15.684616088867188,16.560962056813185,15.684616088867188,15.684616088867188,35762227
2023-12-28,14.121133804321289,14.121133804321289,14.121133804321289,14.121133804321289,9697471
2023-12-29,15.445612907409668,15.525280724040972,13.692919042090425,13.692919042090425,103471566
2024-01-02,15.375903129577637,15.794159649203177,15.146858390109763,15.495405806369481,52917281
2024-01-03,14.708684921264648,15.395820067447268,14.67880877816281,15.37590263871271,26129180
2024-01-04,14.887937545776367,15.19665105382321,14.559307558021992,14.778394533096677,27133365
2024-01-05,15.764284133911133,15.933578481251654,14.997481163352845,15.017397642602461,32837605
2024-01-08,16.262208938598633,16.41158586135711,16.003288052749642,16.29208508292258,22000320
2024-01-09,15.694575309753418,16.27216746394476,15.465529621179442,16.27216746394476,20066951
2024-01-10,15.87382698059082,15.913660888395096,15.545197003776723,15.704533584709102,18638134
2024-01-11,15.644782066345215,15.97341298905574,15.62486463781689,15.923619417734924,13908635
2024-01-12,15.784201622009277,15.923619826424757,15.176733332317983,15.39582030317625,22635338
2024-01-15,15.893744468688965,15.943537091059028,15.575073205065015,15.784201459247052,16742067
2024-01-16,17.068845748901367,17.168430996679668,15.863869759132719,15.893744953580086,35886393
2024-01-17,18.194154739379883,18.433158180197207,16.849758722780734,16.88959167986837,31267988
2024-01-18,17.626522064208984,19.01075109555318,17.5468542472848,18.243947170513778,28510812
2024-01-19,17.57672882080078,18.00494405707769,17.148513584523872,17.676314068679464,16420041
2024-01-22,17.57672882080078,18.064694446032654,17.536895861307677,17.57672882080078,12194310
2024-01-23,17.477142333984375,18.004942780724704,17.347682850520776,17.78585677046689,12084001
2024-01-24,17.676313400268555,17.835649031077097,17.387516382283984,17.576728156155582,10137841
2024-01-25,17.925275802612305,18.194155395514827,17.74602274067729,17.74602274067729,12724451
2024-01-26,18.59249496459961,18.622371108847695,17.93523498658669,17.93523498658669,13777383
2024-01-29,18.403282165527344,18.761788278956615,18.393323451328694,18.632326893804702,13229049
2024-01-30,18.024860382080078,18.582535076826755,18.024860382080078,18.492908549170796,10003252
2024-01-31,17.80577278137207,18.084611083332277,17.666354580107235,18.034819411289273,10203404
2024-02-01,17.79581642150879,18.263864608743823,17.79581642150879,17.805773236627534,13582894
2024-02-02,17.626522064208984,18.084611536665406,17.536895532740452,17.885441044639652,11928405
2024-02-05,17.66635513305664,17.79581652350939,17.576728601029536,17.576728601029536,9411647
2024-02-06,17.765939712524414,17.8655249554182,17.427351026343864,17.68627189809549,10970115
2024-02-07,17.61656379699707,17.8655259686358,17.507019833658227,17.795816864485857,11745657
2024-02-08,18.23398780822754,18.32361433651219,17.616562723856077,17.62652143804665,20033836
2024-02-09,18.30369758605957,18.63232756879818,18.05473542036576,18.283782056371308,19465007
2024-02-12,18.990833282470703,19.020709425499646,18.393323717905634,18.57257677721821,21990341
2024-02-13,18.09457015991211,19.150169203689103,18.074652730923912,19.02070971412697,22213740
2024-02-14,18.62236976623535,18.731911821719464,17.77589806787366,18.104528033186963,21907308
2024-02-15,18.861373901367188,19.07050120545893,18.602453025279402,18.632327269046474,20076967
2024-02-16,18.721954345703125,19.030668802798342,18.6422865276145,18.970916514658914,12558533
2024-02-19,18.373409271240234,19.040627976089198,18.243947876583952,18.891249151573387,15440385
2024-02-20,18.41324234008789,18.59249541101916,18.31365708963378,18.383366195122456,10207964
2024-02-21,18.024860382080078,18.53274340565367,17.975066811476488,18.48294983505008,9351719
2024-02-22,18.771747589111328,18.84145669128444,18.024861095375577,18.094570197548688,23067113
2024-02-23,19.060543060302734,19.3592988029097,18.582536151448323,18.781706646519634,29132131
2024-02-26,18.18419647216797,18.721953752365923,18.154320329045092,18.721953752365923,25404003
2024-02-27,17.61656379699707,18.293741207763315,17.606605082199845,18.194155959221696,13668459
2024-02-28,17.29789161682129,17.746022362682965,17.17838894493319,17.586686733119187,12383826
2024-02-29,17.238140106201172,17.566770094380722,17.148513573113057,17.30784920984068,13408313
2024-03-01,17.258056640625,17.62652146859271,17.20826496901636,17.417392269089277,8762397
2024-03-04,16.809925079345703,17.32776685486839,16.809925079345703,17.307849425171984,10931292
2024-03-05,16.46137809753418,16.969261113185556,16.46137809753418,16.80992358917,8694026
2024-03-06,15.923620223999023,16.70038288105896,15.923620223999023,16.461379424909126,11929298
2024-03-07,16.58087921142578,16.620714068116538,15.933577985645053,15.933577985645053,9981016
2024-03-08,16.630672454833984,16.81988232209804,16.311999305874075,16.610755026880778,8200296
2024-03-11,16.37175178527832,16.999135577854073,16.18254001632384,16.92942647861571,10832188
2024-03-12,16.03316307067871,16.461378278751617,15.953495257509136,16.331916895206998,8251201
2024-03-13,15.833992958068848,16.421543806211556,15.833992958068848,16.043122159670244,11762219
2024-03-14,15.833992958068848,16.112831260393865,15.68461604231387,15.863869100992058,9064324
2024-03-15,15.804118156433105,16.03316384260968,15.664699001816265,15.88378597343836,12691614
2024-03-18,15.226526260375977,15.85391104196573,15.226526260375977,15.814077132803618,8516736
2024-03-19,15.316152572631836,15.425695583819717,15.156816938280263,15.226526040880254,8346963
2024-03-20,15.226526260375977,15.525281053949474,15.17673363649451,15.326111508138911,9295477
2024-03-21,14.967604637145996,15.3858611375602,14.937729444177915,15.29623460894069,12688099
2024-03-22,15.097065925598145,15.17673374448927,14.907855093160547,15.0074393919168,7440314
2024-03-25,14.877978324890137,15.136899200286251,14.798310509339835,15.077148813481163,8564306
2024-03-26,14.240635871887207,14.94768845072759,14.170925820644726,14.897895828330185,8202099
2024-03-27,14.141050338745117,14.409929924379274,14.041466045696188,14.330262110054026,7976466
2024-03-28,14.509514808654785,14.589182626226297,14.200802252993997,14.210760967619262,6260115
2024-03-29,14.66884994506836,14.778393902791255,14.439805214766427,14.55930693706073,8688350
2024-04-01,14.370096206665039,15.326110940886906,14.300386155924977,14.94768834299541,9799914
2024-04-02,14.240635871887207,14.629016237213358,14.160968055937468,14.43980541176155,8694961
2024-04-03,14.131092071533203,14.32030384882743,14.091258163110517,14.250594746516553,4987632
2024-04-04,14.459722518920898,14.579224240186948,14.141050312496173,14.141050312496173,8691729
2024-04-05,15.375903129577637,15.594990104075611,14.6688505320883,14.6688505320883,16063292
2024-04-08,16.082956314086914,16.082956314086914,15.395821120887893,15.435655031367324,12009853
2024-04-15,15.764284133911133,16.232332318002893,15.674657602999646,16.232332318002893,13753260
2024-04-16,15.395820617675781,15.764284514996119,15.186692357065287,15.764284514996119,6407699
2024-04-17,14.98752212524414,15.585030735559876,14.887936882000552,15.405778627322787,7771345
2024-04-18,14.788352966308594,15.067190324913451,14.698726435042497,15.007438987497624,6322576
2024-04-19,14.977563858032227,15.097065583662303,14.609099966577338,14.738560406772075,7256689
2024-04-22,15.23648452758789,15.475487975540847,15.097065374757692,15.126940568322992,7818743
2024-04-24,15.6348237991333,15.804118147603708,15.236484714329574,15.24644342887849,9734727
2024-04-25,15.505363464355469,15.983370369363474,15.435654361470625,15.734409151958278,7113897
2024-04-26,15.644782066345215,15.833992888787987,15.525280344321054,15.525280344321054,12832126
2024-04-29,15.505363464355469,15.764284346092454,15.266360011851466,15.68461652859112,8204130
2024-04-30,15.565114974975586,15.794159715403488,15.346027999559322,15.50536363632922,12518759
2024-05-02,15.933578491210938,16.023205022178445,15.604948510806935,15.604948510806935,14750179
2024-05-03,15.853910446166992,16.142705564452747,15.714491294481393,16.02320479117262,12975572
2024-05-06,15.545197486877441,15.94353752701476,15.495405812861168,15.933578812325383,7585601
2024-05-07,16.431503295898438,16.531088544244554,15.126941101197824,15.555156339484682,15422739
2024-05-08,16.063037872314453,16.431502708186876,16.04312234290206,16.4215439937654,10823617
2024-05-09,15.913661003112793,16.162623166113043,15.794159278838505,16.06303792102683,7674302
2024-05-10,15.853910446166992,16.152664278797847,15.156816587169542,15.95349569018746,10618303
2024-05-13,15.286276817321777,16.023204573996132,15.276318103111654,15.853910231285097,7721763
2024-05-14,15.067190170288086,15.346027526031405,15.037314976744407,15.326111046907378,5567062
2024-05-15,15.087106704711914,15.276318480517729,14.987522409296213,15.087106704711914,5161963
2024-05-16,16.590839385986328,16.590839385986328,14.99748201699769,15.087107603295308,12873256
2024-05-17,17.815731048583984,18.243946255357745,16.53108732769319,16.630672568710654,48857962
2024-05-20,17.477142333984375,18.114486735568853,16.829841117805415,17.178388510957312,17855187
2024-05-21,17.30784797668457,18.024860190303535,17.20826463539792,17.497059744104074,18050749
2024-05-22,17.91531753540039,18.104529316547975,17.32776666191365,17.49706101358662,14568987
2024-05-23,17.86552619934082,18.273824014146406,17.69623184446309,17.915317874539294,13601194
2024-05-24,17.407434463500977,17.955152376937974,17.37756021874865,17.8754845585474,6684991
2024-05-27,17.32776641845703,17.90535856909125,17.29789217409547,17.407434235805525,9806826
2024-05-28,17.268014907836914,17.556810014666283,17.22818005203674,17.367600147906874,6340497
2024-05-29,16.610755920410156,17.457227659650354,16.541046818254596,17.287933311802313,10901082
2024-05-30,16.202457427978516,16.750173406661347,16.112830900640525,16.670505593408745,4840910
2024-05-31,16.570920944213867,16.570920944213867,16.212416721479812,16.252249679814454,5523473
2024-06-03,16.82984161376953,17.238139403673006,16.38171086602282,16.570920739781627,7068956
2024-06-04,16.541046142578125,16.909509067329395,16.531087428472617,16.829841253915838,3844118
2024-06-05,15.933578491210938,16.690423697475126,15.744367664502533,16.570921023041592,9706003
2024-06-06,15.843952178955078,16.26220869610025,15.843952178955078,16.013246528738375,6519537
2024-06-07,15.316152572631836,15.983370304050215,15.296235143480242,15.93357863060182,5596508
2024-06-10,14.91781234741211,15.296234949044477,14.907854582678183,15.296234949044477,5028811
2024-06-11,14.997481346130371,15.126940837118841,14.92777129361893,14.977563916922731,2917728
2024-06-12,15.007438659667969,15.286276961897038,14.937729558968336,14.997480895078928,5383393
2024-06-13,15.26636028289795,15.445613350316147,15.02735682615056,15.126941124937648,4661650
2024-06-14,15.664698600769043,15.814076466115994,15.236484332757756,15.365944769505674,5952653
2024-06-20,15.73440933227539,15.804118435959102,15.505363642047705,15.704534137798843,6093869
2024-06-21,15.933578491210938,16.063037980702575,15.634823704557675,15.754325429275923,8321617
2024-06-24,15.953495979309082,16.063038040229312,15.66469895635898,15.953495979309082,4927117
2024-06-25,15.933578491210938,16.023205022178445,15.764284143764598,15.963454634676964,4246975
2024-06-26,15.82403564453125,16.102873005089094,15.674657774803077,15.933578655893008,6423935
2024-06-27,16.162622451782227,16.162622451782227,15.78420081649619,15.8339924871234,6499002
2024-06-28,16.78005027770996,17.10868025907884,16.03316378374154,16.162623273613278,10738455
2024-07-01,16.431503295898438,16.92942763819839,15.724450691843892,16.92942763819839,6134098
2024-07-02,16.092914581298828,16.43150328580935,15.90370374921576,16.40162714149467,4948183
2024-07-03,16.39166831970215,16.39166831970215,16.033164087419802,16.092914476228422,6600977
2024-07-04,16.770092010498047,16.859718544119296,16.23233280877054,16.431503305580126,7092092
2024-07-05,17.138553619384766,17.27797371601525,16.780049412380404,16.780049412380404,9325966
2024-07-08,17.178388595581055,17.317806793756418,16.8497586288602,17.178388595581055,6239225
2024-07-09,17.268014907836914,17.31780657815666,16.8995500894072,17.22818005203674,7425424
2024-07-10,17.34768295288086,17.4671856224551,17.02901169992354,17.327765524713403,7596332
2024-07-11,17.487102508544922,17.62652261710844,17.347684299412045,17.467186978262113,7523601
2024-07-12,17.636478424072266,17.686271995508676,17.218223820589635,17.526936365773235,8180418
2024-07-16,17.775897979736328,17.815730936233827,17.576727498957414,17.636477883418898,5983555
2024-07-17,17.84560775756836,18.12444606138822,17.69623084101258,17.865525186290608,9397849
2024-07-18,18.064693450927734,18.3136556071949,17.736063480632296,17.925275251235885,11923128
2024-07-19,17.775897979736328,18.18419575584568,17.62652106886738,18.074651801474225,5396337
2024-07-22,17.82569122314453,18.06469468151047,17.27797520181808,17.77589954827145,10829323
2024-07-23,17.975067138671875,18.11448723946925,17.78585726522561,17.91531675229045,11730981
2024-07-24,17.86552619934082,18.09457094434285,17.706190559388915,18.09457094434285,7021502
2024-07-25,17.626522064208984,18.05473539303237,17.2779746528792,17.825690656804156,8470545
2024-07-26,17.586687088012695,17.80577310822634,17.357642353321534,17.616563231445244,3532031
2024-07-29,17.357643127441406,17.526937482248268,17.108680952691945,17.497061337483295,4275448
2024-07-30,16.809925079345703,17.526937352971157,16.730257259990726,17.477143778730145,4373605
2024-07-31,16.212417602539062,16.780051060527214,16.212417602539062,16.780051060527214,3928466
2024-08-01,16.551006317138672,16.71034195802551,16.33191838634627,16.34187710133053,4554494
2024-08-02,15.993329048156738,16.52112952506499,15.883786036766592,16.52112952506499,3773925
2024-08-05,15.336069107055664,15.62486518278219,14.579224841172033,14.579224841172033,7266884
2024-08-06,15.6348237991333,16.242291140887808,15.585031176104012,15.764284239123334,6658075
2024-08-07,15.804118156433105,15.973413454713386,15.535239511469197,15.833993350381254,3332357
2024-08-08,15.81407642364502,16.043122103342437,15.575072979390095,15.833992902475297,5390035
2024-08-09,15.116982460021973,15.943536744359236,15.116982460021973,15.923619315958213,4137985
2024-08-12,14.648933410644531,15.37590245593952,14.648933410644531,15.246442969564868,6544283
2024-08-13,14.957647323608398,14.957647323608398,14.330262554071366,14.688767729643118,8563166
2024-08-14,14.5194730758667,15.057231302761197,14.50951436154831,14.957647008723116,3381297
2024-08-15,15.246443748474121,15.475488489608672,14.509515001566804,14.619058964470556,5688371
2024-08-16,15.087106704711914,15.455571541867387,15.037315031861704,15.246443286864546,3762567
2024-08-19,15.863869667053223,15.883786146664095,15.087107018207824,15.087107018207824,6882776
2024-08-20,15.47548770904541,16.023204646792113,15.47548770904541,15.814076396005746,3450391
2024-08-21,15.23648452758789,15.754325331485965,15.23648452758789,15.624864893082627,2720942
2024-08-22,15.216567039489746,15.42569529306318,15.216567039489746,15.346027477389041,2414955
2024-08-23,15.037315368652344,15.326111446342024,14.94768883597015,15.256401393302927,2763366
2024-08-26,15.26636028289795,15.276318997691252,15.057232020815155,15.097065930273054,3245427
2024-08-27,15.425695419311523,15.565114572739953,15.067190245843786,15.28627721559838,3220314
2024-08-28,15.395820617675781,15.863869762797425,15.395820617675781,15.435654526853241,6301539
2024-08-29,15.833992958068848,15.833992958068848,15.336068639265232,15.47548779042774,5275629
2024-09-02,16.321958541870117,16.560961986661155,15.883785559753214,15.883785559753214,9648175
2024-09-03,16.361793518066406,16.66054735137071,16.202457887046705,16.321958660596206,5265158
2024-09-04,16.62071418762207,16.730256245448256,15.82403509266852,16.27216678679387,10549317
2024-09-05,16.650588989257812,17.058886789812437,16.64063027467958,16.73025680645309,7004702
2024-09-06,16.680465698242188,16.889593013180004,16.28212659876731,16.650589553495077,7676976
2024-09-09,16.730257034301758,16.869677140865193,16.54104715303025,16.730257034301758,5908191
2024-09-10,16.401626586914062,17.02901230029443,16.292084526992053,16.73025656554121,7363982
2024-09-11,15.88378620147705,16.4414618782355,15.794159668630575,16.401627019445684,5120765
2024-09-12,15.674657821655273,16.152664726897505,15.515322186574531,16.023205235680873,3339351
2024-09-13,16.82984161376953,16.929426857523424,15.58503081542222,15.624864722980723,7305696
2024-09-16,16.969261169433594,17.2580562776649,16.72029901776536,16.82984107288666,6624439
2024-09-17,17.43730926513672,17.646436560024203,16.879634579339626,17.04892891781398,11228143
2024-09-18,17.198307037353516,17.716148803140133,17.088763075513494,17.457227920246826,5497224
2024-09-19,17.61656379699707,17.686272901147014,17.277975091613946,17.277975091613946,7588062
2024-09-20,17.66635513305664,17.805773338685206,17.2978921897724,17.61656345945518,3924781
2024-09-23,18.024860382080078,18.024860382080078,17.50701864438577,17.586686457921008,7689285
2024-09-24,17.98502540588379,18.124445503215313,17.606603768967908,18.024860262101505,7041763
2024-09-25,17.34768295288086,18.004942886962954,17.297891281892714,18.004942886962954,5270700
2024-09-26,17.487102508544922,17.696231721674877,17.297892624559058,17.387517259408305,5809079
2024-09-27,17.487102508544922,17.726105966814412,17.407434689121757,17.507019938258374,3058936
2024-09-30,17.52693748474121,17.994985689541735,17.287934024879412,17.487102625048916,4518328
2024-10-01,16.79996681213379,17.72610441981536,16.441460706301907,17.526935838354685,6007626
2024-10-02,15.843952178955078,16.799967889328578,15.794159555539645,16.780050460076286,6432652
2024-10-03,16.132749557495117,16.839801216532805,15.814077330499112,15.853911240159198,5699361
2024-10-04,16.182540893554688,16.32195909958906,15.714491752559283,16.23233256730108,3707365
2024-10-07,15.73440933227539,16.302043725621637,15.704534137798843,16.182541048284833,3763806
2024-10-08,15.6348237991333,15.953496016691574,15.415736827633605,15.734409045191878,3370566
2024-10-09,15.5750732421875,15.694574966331308,15.186691926433662,15.634823629401764,3147718
2024-10-10,15.296235084533691,15.953495998274002,15.296235084533691,15.575073393289687,4337049
2024-10-11,15.336069107055664,15.734409144078136,15.23648481008652,15.296235198324947,6433645
2024-10-14,15.256401062011719,15.365945021673577,14.967604990593216,15.336068878284735,4532799
2024-10-15,15.585031509399414,15.624865418731659,15.256401519979564,15.256401519979564,3579371
2024-10-16,15.704533576965332,15.833993064978937,15.475487894917228,15.585030903896154,5512923
2024-10-17,15.684616088867188,15.81407652610621,15.614906987936665,15.704533517541778,5557604
2024-10-18,15.505363464355469,15.86386959282677,15.395820452719958,15.714491722725295,5428012
2024-10-21,15.316152572631836,15.62486512675918,15.296235143480242,15.505363400995503,2747001
2024-10-22,15.594989776611328,15.684616307465578,15.336068898524672,15.455571572807195,2286745
2024-10-23,15.306193351745605,15.714491138694331,15.226525537205136,15.594989416883626,2117713
2024-10-24,16.590839385986328,16.799968603160124,15.843952852165465,15.853911567214757,11832812
2024-10-25,16.720300674438477,16.750174919963143,16.391668778221792,16.590839279062692,5690406
2024-10-28,16.849760055541992,16.89955173069752,16.61075659582027,16.72030056047922,1522135
2024-10-30,16.86967658996582,17.07880389383575,16.69042352983128,16.849759161188526,3805525
2024-10-31,16.909509658813477,16.949344516628905,16.57092096510461,16.7501740264129,4139966
2024-11-01,17.068845748901367,17.128598037226716,16.790009334438864,16.909510112228332,4484526
2024-11-04,16.25225067138672,17.02901335032457,16.21241771062181,16.979219775080082,3619553
2024-11-05,16.28212547302246,16.551005058864185,16.033163315635054,16.252249330340984,3044526
2024-11-06,16.82984161376953,16.959303000478755,16.31199986579372,16.31199986579372,3936028
2024-11-07,16.809925079345703,16.939386472941695,16.481295087077584,16.929427758093492,3094328
2024-11-08,17.258056640625,17.268015354832833,16.730256184193017,16.75017361260868,6081815
2024-11-11,17.945192337036133,17.945192337036133,17.218223310476798,17.29789112298425,7116852
2024-11-12,17.606603622436523,18.024860112089172,17.477142240236873,17.945192299747262,5527309
2024-11-13,17.835649490356445,17.915317307812213,17.33772515640025,17.666355140834117,5821065
2024-11-14,18.96095848083496,19.0207088657038,17.84560719984388,17.84560719984388,17592262
2024-11-15,19.279630661010742,19.319463619697736,18.801621860752768,19.020709781538258,10209971
2024-11-18,19.040626525878906,19.399130738892026,18.77174694154618,19.279629967697822,9536766
2024-11-19,19.020709991455078,19.59830214452026,18.59249475911819,19.150169482904772,10563711
2024-11-20,18.522785186767578,19.349339486581304,18.323614697889106,19.15016899770283,7300169
2024-11-21,19.150169372558594,19.19000423088626,18.383365444626357,18.55265979365775,7723151
2024-11-22,19.269672393798828,19.409090601585564,18.921124974901364,19.15016971610261,6136842
2024-11-25,19.3194637298584,19.41904897628959,19.010751175409233,19.36925730278929,7167477
2024-11-26,19.887096405029297,19.897055119234782,19.190003505520007,19.319462991330276,10007728
2024-11-27,19.518634796142578,20.155977352937228,19.518634796142578,19.97672428398107,3973771
2024-11-28,19.25971221923828,19.61821832572316,19.110335308013074,19.468839515067472,3020106
2024-11-29,19.75763702392578,19.85722226707787,19.20992103573508,19.27963013611238,5570306
2024-12-02,20.016557693481445,20.07630807899492,19.548507625239463,19.648092867382257,8446881
2024-12-03,21.23149299621582,21.8887529558037,19.887096933629504,20.016558322311383,23405214
2024-12-04,20.633983612060547,22.068006218516555,20.633983612060547,21.2314931897031,12616157
2024-12-05,20.335229873657227,20.813236778366186,19.916973357179238,20.61406818445275,8974910
2024-12-06,20.076309204101562,20.633983932151438,20.016558815239588,20.57423354328946,6699802
2024-12-09,20.036476135253906,20.534400471722705,20.016558705931807,20.195811770969474,4953665
2024-12-10,19.588342666625977,20.05639083985208,19.558466523872195,20.05639083985208,4137851
2024-12-11,19.668010711669922,19.797470199592233,19.37921369329089,19.588342896156835,2977334
2024-12-12,19.84726333618164,20.076308063329996,19.668010280350575,19.707845136948816,4423099
2024-12-13,19.877138137817383,20.116143485262697,19.717802505807548,19.8074290362419,4940783
2024-12-16,19.877138137817383,20.09622605640383,19.787513506813593,20.01655824039891,4120528
2024-12-17,20.175893783569336,20.275479027994624,19.638134603331103,19.877138050293468,6745872
2024-12-18,20.076309204101562,20.53440058385835,19.907014852800454,20.136059592963537,6454268
2024-12-19,19.339380264282227,19.956807244045507,19.329421550156795,19.916972387543776,3563091
2024-12-20,19.339380264282227,19.61821856150282,19.23979502245841,19.498715891428137,3326174
2024-12-23,19.279630661010742,19.588343213699613,19.229837088363777,19.419048865561088,3164759
2024-12-24,20.494565963745117,20.69373646151273,19.349340350157934,19.349340350157934,13346927
2024-12-25,20.295394897460938,21.17174278377333,20.255561938681602,21.17174278377333,6814937
2024-12-26,19.8173885345459,20.59415119589153,19.8173885345459,20.315312879129618,10367489
2024-12-27,19.787513732910156,20.116143715114262,19.747678874737254,19.85722283528215,6794697
2024-12-30,19.339380264282227,19.867180716347118,19.339380264282227,19.847263288096254,5054407
2024-12-31,18.68212127685547,19.359298676354353,18.68212127685547,19.339381247091303,10053896
2025-01-02,18.8215389251709,18.86137378251673,18.682120723321585,18.831497639507354,4677189
2025-01-03,19.05058479309082,19.17008747282676,18.871333622632893,18.921125297854985,5667235
2025-01-06,19.45888328552246,19.608260201238675,19.10037716825912,19.14021012604919,5147278
2025-01-07,18.990833282470703,19.488757603036504,18.990833282470703,19.488757603036504,5202512
2025-01-08,19.030668258666992,19.209921319098793,18.77174738242445,18.990833401046345,6184194
2025-01-09,19.419048309326172,19.538550980825303,19.120294479724134,19.130251294537747,4283872
2025-01-10,19.12029457092285,19.57838403175501,19.07050099946466,19.419048401949865,3476584
2025-01-13,18.861373901367188,19.14021030682284,18.61241173967861,19.120294777454976,3781102
2025-01-14,18.662202835083008,19.10037675794417,18.54270206484937,18.88128884679834,3410973
2025-01-15,18.861373901367188,19.040626961691853,18.572576882081773,18.702038269840944,4860694
2025-01-16,19.45888328552246,19.54850791540776,18.94104153823775,18.94104153823775,4851983
2025-01-17,19.409090042114258,19.51863400189228,19.27963055281979,19.51863400189228,4126639
2025-01-20,19.8173885345459,20.036476461798344,19.478799828274518,19.478799828274518,7471445
2025-01-21,19.648094177246094,19.93689120877015,19.508675968610003,19.817388530345905,3414186
2025-01-22,19.578384399414062,19.7675961756473,19.458883624531385,19.578384399414062,3208313
2025-01-23,19.50867462158203,19.71780192009642,19.40908937967639,19.65805153472524,4099539
2025-01-24,19.658052444458008,20.056391531084344,19.52859295359092,19.56842591253826,10441837
2025-01-27,19.518634796142578,19.608261330620657,18.92112519943227,19.588343900863162,5878654
2025-01-28,19.717802047729492,19.867180861270132,19.329421691157073,19.668010376169626,4477127
2025-01-29,19.419048309326172,19.907013910705782,19.419048309326172,19.857222238915618,5087223
2025-01-30,19.349340438842773,19.648094287432848,19.319464294211507,19.419049543551747,2910159
2025-01-31,19.468839645385742,19.63813398575564,19.32942144723306,19.34933887537787,4157072
2025-02-03,18.970916748046875,19.468841092084123,18.941042503040244,19.468841092084123,2701006
2025-02-04,19.090417861938477,19.27962962900763,19.05058300595319,19.05058300595319,2372746
2025-02-05,18.721954345703125,19.180045724285694,18.54270317957667,19.090419191507163,3607927
2025-02-06,18.8215389251709,18.881289311759097,18.72195368123687,18.72195368123687,2650402
2025-02-07,19.419048309326172,19.618218795347882,18.74187093616899,18.911165279458285,4652441
2025-02-10,19.160127639770508,19.66801067500613,19.05058368135776,19.51863375862637,2208534
2025-02-11,18.7518310546875,19.419049763566765,18.672163234198813,19.21987926262971,3799578
2025-02-12,18.283781051635742,18.90120612494635,18.283781051635742,18.82153831227948,3006224
2025-02-13,18.68212127685547,18.970916403447287,18.383365536201527,18.443117823990672,2973838
2025-02-14,18.632328033447266,18.861374675164733,18.582536358839043,18.72195456728657,2437986
2025-02-17,17.89539909362793,18.82153861807122,17.845607422188607,18.82153861807122,6123413
2025-02-18,18.20411491394043,18.25390658915215,17.706190564100567,17.895400449449642,4579658
2025-02-19,17.835649490356445,18.08461165733454,17.626522181821528,17.985026410657184,2481452
2025-02-20,17.736064910888672,17.965111556692236,17.71614938034848,17.82569144632688,1858459
2025-02-21,17.736064910888672,17.785858485815822,16.939386706360917,17.775899770830392,2612458
2025-02-24,17.148513793945312,17.915317742715757,17.138555079092765,17.775899533641365,4527484
2025-02-25,16.979219436645508,17.22818160961351,16.83980122760123,17.22818160961351,1466140
2025-02-26,17.36760139465332,18.652245195540488,17.277974862099494,18.652245195540488,7600812
2025-02-27,17.337724685668945,17.487101601913995,17.198306483764302,17.377559543030582,4288508
2025-02-28,17.04892921447754,17.40743342615581,17.04892921447754,17.337724326646992,2533607
2025-03-03,17.50701904296875,17.536895186011094,17.208265210267488,17.228180739531837,9635263
2025-03-04,17.287933349609375,17.526936800135655,17.20826553276728,17.37755988098555,2764331
2025-03-05,17.875484466552734,18.034820102513876,17.307849126581726,17.347683985287315,7713185
2025-03-06,17.885440826416016,17.985026071213834,17.626521849144467,17.925275684107365,3432657
2025-03-07,18.084611892700195,18.263864959166245,17.835649722481932,17.925276255714955,5074123
2025-03-10,18.034820556640625,18.253906586746254,17.985026982004808,18.084612231845785,3979668
2025-03-11,18.373409271240234,18.373409271240234,17.825691346687133,18.03482056135087,4139088
2025-03-12,19.18004608154297,19.478799930082413,18.32361559656495,18.42320084588831,6495683
2025-03-13,19.498716354370117,20.016558104604265,19.199962521236095,19.199962521236095,5119066
2025-03-14,19.399131774902344,19.75763790649199,19.379214345496116,19.518634451909097,2791049
2025-03-17,19.916973114013672,20.096226175948686,19.39913135718598,19.56842570463232,5513043
2025-03-18,19.747678756713867,20.454732289612455,19.747678756713867,20.016558349482228,5965828
2025-03-19,17.775897979736328,18.801620827285458,17.775897979736328,18.64228520243452,4261940
2025-03-20,17.52693748474121,18.10452965426489,16.770092245463516,17.317808270217977,9117000
2025-03-21,16.33191680908203,17.42735065895989,15.77424211983585,17.42735065895989,5558695
2025-03-24,16.043123245239258,16.720300668542738,15.355987106954178,16.033164530257658,8487222
2025-03-25,16.511171340942383,16.710341840363856,16.082956096787676,16.24229173655259,10023548
2025-03-26,16.411584854125977,16.640629581593814,16.30204279718904,16.511170096329973,4086018
2025-03-27,16.12278938293457,16.760131879792556,16.112830668992355,16.531087157413026,3470035
2025-03-28,16.212417602539062,16.381711958380322,15.863870175874034,16.15266531264403,3309929
2025-04-02,15.744367599487305,16.23233226111867,15.70453369141238,16.21241673165413,5790991
2025-04-03,15.704533576965332,15.983369981742499,15.704533576965332,15.913660880548207,3192198
2025-04-04,15.62486457824707,15.853910256873258,15.485446377941381,15.724449821078503,2799277
2025-04-07,15.963454246520996,15.993328489830049,15.007438572590237,15.385861166520877,15431258
2025-04-08,16.202457427978516,16.351834340398334,16.023204373302534,16.12278961472591,5541785
2025-04-09,15.82403564453125,16.302043498059994,15.804118215348042,16.08295557590589,5350046
2025-04-10,15.82403564453125,16.461379132664476,15.814076929939645,16.24229121051037,4081956
2025-04-11,16.172582626342773,16.172582626342773,15.515322637667845,15.843952632005308,4889435
2025-04-14,15.903703689575195,16.222375913062855,15.883786260106769,16.182541054126002,2532136
2025-04-15,15.81407642364502,16.043122103342437,15.78420123054197,15.933578145772481,3640765
2025-04-16,15.515321731567383,15.983369908462116,15.38586129443205,15.81407651344005,3886565
2025-04-17,15.545197486877441,15.824035799888156,15.40577928008739,15.53523972190337,4577270
2025-04-18,15.256401062011719,15.604948470492625,15.256401062011719,15.555155847893168,1945157
2025-04-21,15.216567039489746,15.50536310873732,15.186691846040762,15.375902670838025,3247159
2025-04-22,15.355986595153809,15.535239659986946,15.166774815670987,15.226526153853799,3515975
2025-04-24,15.306193351745605,15.565114223859766,15.206609058427649,15.39581988053245,5712051
2025-04-25,15.067190170288086,15.445612770797373,15.027356262324755,15.375902719575084,3647422
2025-04-28,14.91781234741211,15.136899316718276,14.887937153779767,15.067190215004384,3746602
2025-04-29,14.609099388122559,14.997480693328619,14.609099388122559,14.917811929681132,3487077
2025-04-30,14.300386428833008,14.728601656935083,14.210760847111558,14.619058646132007,4488758
2025-05-02,14.738560676574707,14.778394585847261,14.20080242653757,14.310345439608266,4142519
2025-05-05,14.569266319274902,14.997481556080787,14.569266319274902,14.877978878592621,2182096
2025-05-06,15.067190170288086,15.156816700634401,14.579224560308457,14.58918232501283,5811774
2025-05-07,14.708684921264648,15.136899192189649,14.658892299143526,15.067190091049241,3201771
2025-05-08,14.748518943786621,14.808269331024707,14.599141076260842,14.648933698769437,3465843
2025-05-09,14.937729835510254,15.067190274717177,14.768435488063915,14.77839420255259,3410126
2025-05-12,15.495405197143555,15.565114297768654,14.987522164749993,14.987522164749993,6884602
2025-05-13,15.435653686523438,15.525280214722208,15.336068444143637,15.515321500541177,3411383
2025-05-14,15.445612907409668,15.724450265619229,15.375902855570812,15.435654192901934,4433740
2025-05-15,15.306193351745605,15.55515550961339,15.28627687296812,15.44561250204906,2364997
2025-05-16,15.784201622009277,15.824035530373028,15.286277292604762,15.31615248644875,2552330
2025-05-20,15.455571174621582,15.903702867632216,15.385861124800186,15.87382672497365,5229207
2025-05-21,15.306193351745605,15.634823324153862,15.306193351745605,15.465528980826546,5613962
2025-05-22,15.196650505065918,15.405778757877476,15.146857883022161,15.336068707130108,4247359
2025-05-23,15.206609725952148,15.535239712786273,15.16677486721802,15.216567490920376,2479231
2025-05-26,15.26636028289795,15.435654635522845,15.216567658646747,15.286277712484555,5217278
2025-05-27,15.226526260375977,15.435654520905894,15.08710710345093,15.276318884257444,3606727
2025-05-28,15.425695419311523,15.425695419311523,15.027356337680706,15.236484592965706,2233922
2025-05-29,15.23648452758789,15.445612781975548,15.196650619595731,15.336068822710649,1419896
2025-05-30,14.399971961975098,15.236485005779384,14.399971961975098,15.196651096537053,14058841
2025-06-02,14.609099388122559,14.728601109020902,14.439805046087757,14.439805046087757,3852433
2025-06-03,15.087106704711914,15.266359766061573,14.708685052530852,14.708685052530852,5116070
2025-06-04,15.1368989944458,15.21656680891273,15.007438558508222,15.067189894216051,4593694
2025-06-05,15.126940727233887,15.216567258586608,15.057231624944123,15.0671903394756,1860605
2025-06-10,15.62486457824707,15.634823292473266,15.196650313388544,15.196650313388544,7060078
2025-06-11,16.053081512451172,16.152664860628157,15.465529691224717,15.624865327624626,8915201
2025-06-12,15.535239219665527,16.03316354145333,15.3759026389326,16.023204827085905,5164382
2025-06-13,15.23648452758789,15.24644324201475,14.629016243563356,14.638974957990216,5379677
2025-06-16,15.455571174621582,15.604948089053373,14.97756333895238,15.236484210368396,3896981
2025-06-17,15.6348237991333,15.833993341535164,15.435654256731437,15.535239502790015,4185371
2025-06-18,15.6348237991333,15.764284239123334,15.146858182819912,15.555155982172556,3539437
2025-06-19,15.355986595153809,15.893744839937918,15.286277492036612,15.744367919053838,6236264
2025-06-20,15.704533576965332,15.794159157194303,15.385861364972982,15.475487894917228,3995309
2025-06-23,15.525280952453613,15.794159600111264,15.286277499043413,15.535239667107863,3940874
2025-06-24,16.132749557495117,16.22237609165914,15.863869955003048,15.863869955003048,8261627
2025-06-25,16.471338272094727,16.580880336566565,16.082955990727143,16.182541239781155,6342662
2025-06-26,16.53108787536621,16.72029964962491,16.37175224423169,16.471337488548404,4891600
2025-06-27,16.570920944213867,16.750174005296177,16.142705720390698,16.53108798587922,6983360
2025-06-30,17.52693748474121,17.62652273454129,16.331918286001557,16.620715320478723,9764652
2025-07-01,17.765939712524414,18.114487112937397,17.526936269237645,17.6563957553982,15058605
2025-07-02,18.333574295043945,18.79166568174947,17.855567378036078,17.855567378036078,11609986
2025-07-03,17.726104736328125,18.552659017753335,17.726104736328125,18.443116960794676,21312688
2025-07-04,17.626522064208984,17.765940268968663,17.44726900127192,17.70618988113317,7293952
2025-07-07,17.11863899230957,17.696231138965974,17.098721563251967,17.347683728180254,11126357
2025-07-08,17.04892921447754,17.716147866024144,16.859717444788963,17.208264841763548,7797863
2025-07-09,17.238140106201172,17.347684068737895,16.95930369164314,17.208265861458877,8495157
2025-07-10,17.59664535522461,17.76593969817818,17.307848341008896,17.307848341008896,8078766
2025-07-11,18.04477882385254,18.214073174552585,17.526937057072328,17.765940511102286,8673514
2025-07-14,17.965110778808594,18.233988474050225,17.905358491483266,18.1344032279386,6274781
2025-07-16,18.05473518371582,18.353490918290845,17.726105205284686,18.00494351100193,7781502
2025-07-17,18.363449096679688,18.45307562449289,18.114486941516468,18.114486941516468,7803079
2025-07-18,18.16427993774414,18.453076970526002,18.154321222879528,18.453076970526002,5976747
2025-07-21,19.170085906982422,19.269671148722978,18.46303429954244,18.52278468481457,11914208
2025-07-22,18.881290435791016,19.797471315550748,18.881290435791016,19.17008747044917,17276228
2025-07-23,18.632328033447266,19.020710313227806,18.393324576352658,19.000792883612263,9905379
2025-07-24,18.62236976623535,19.02070883033777,18.463034140594385,18.64228529486761,9360882
2025-07-25,18.224029541015625,18.76178872391308,18.194155297141695,18.67216219343017,5088611
2025-07-28,17.785858154296875,18.283782497703346,17.746023295097654,18.224030208904512,5501758
2025-07-29,17.656396865844727,17.915317753880412,17.61656390584035,17.795816974436647,5415934
2025-07-30,17.95515251159668,18.23398892833958,17.52693727224936,17.656396765818474,7777008
2025-07-31,18.214073181152344,18.253906140456465,17.905358724250007,17.99498525697254,4711843
2025-08-01,18.532743453979492,18.642285510732023,18.174237342420824,18.18419605656751,7127618
2025-08-04,18.84145736694336,19.110336970193654,18.672163012981766,18.92112518648819,7142487
2025-08-05,18.881290435791016,19.249755290453034,18.672163120567376,18.841457475504413,5097229
2025-08-06,18.54270362854004,18.990834403852414,18.51282748374695,18.980875688921387,6441743
2025-08-07,18.50286865234375,18.75183082576034,18.49290993747541,18.542703511817116,4370003
2025-08-08,18.632328033447266,18.77174814132543,18.53274468423082,18.602453788454586,4279574
2025-08-11,18.472991943359375,18.88128974333398,18.433158984533616,18.632327577523583,4374848
2025-08-12,18.472991943359375,18.622370762390084,18.27382335036941,18.55265976044148,5836870
2025-08-13,18.55265998840332,18.8613744453915,18.373408822339016,18.472992170342316,6299517
2025-08-14,18.562618255615234,18.66220350064852,18.3136560927473,18.542702726153028,4413485
2025-08-15,18.771747589111328,19.02070975368991,18.492909280988307,18.622370670250294,8303421
2025-08-18,19.22983741760254,19.419049198039392,18.572577442854115,18.75183050859107,11953674
2025-08-19,19.100378036499023,19.55846751877605,18.970916644077693,19.229837529489732,9104183
2025-08-20,19.150169372558594,19.379214109650896,19.070501555333855,19.170086801722427,6651026
2025-08-21,20.076309204101562,20.215727411256378,19.209921917595768,19.219878732880584,11938557
2025-08-22,21.211576461791992,21.709500809716033,20.33523044519516,20.375063405325147,22310624
2025-08-25,20.833154678344727,21.60991734062191,20.79331981900355,21.510332091699606,12128263
2025-08-26,20.375062942504883,21.03232481431109,19.817388217338134,20.833154319893378,8765623
2025-08-27,20.653900146484375,21.231492269984557,20.514481947531728,20.514481947531728,10029048
2025-08-28,20.61406707763672,20.83315308900745,20.235643540487597,20.7534852758335,6262499
2025-08-29,20.414897918701172,20.793319580956894,20.016558827002882,20.793319580956894,4011215
2025-09-01,21.171743392944336,21.171743392944336,20.355147770451055,20.43481558973258,9948191
2025-09-02,21.07215690612793,22.107840395378478,20.25556133160451,21.291242921424534,22227474
2025-09-03,20.39497947692871,21.052239420464637,20.036475261910358,21.03232389144122,7470835
2025-09-04,20.39497947692871,20.733568162923646,20.116143076295604,20.434814333836595,6819488
2025-09-05,19.70784568786621,20.53439999108029,19.687928259010317,20.454732175087265,6357987
2025-09-08,19.05058479309082,19.389173503006887,18.851416192771794,19.389173503006887,5112132
2025-09-09,19.269672393798828,19.299546638649915,18.821539726726282,19.0605431826881,4636228
2025-09-10,19.717802047729492,19.80742857608167,19.279630019597207,19.359297833751306,4853487
2025-09-11,19.170085906982422,20.21572619668199,19.07050066524187,19.71780188740972,7156435
2025-09-12,19.3194637298584,19.329422444444575,18.542702986442393,19.170086809926904,4515318
2025-09-15,20.155977249145508,20.215727638679663,18.81158113832785,19.51863469563281,8436485
2025-09-16,20.315311431884766,20.39497924536547,20.03647503441755,20.155975804923354,4034889
2025-09-17,20.016557693481445,20.414896762622117,19.976722836852122,20.315311520479323,3701966
2025-09-18,19.588342666625977,20.375062098170325,19.538550994800197,20.05639083985208,5261792
2025-09-19,19.84726333618164,19.996640249564024,19.43896555320222,19.538550795267312,4739879
2025-09-22,19.857223510742188,20.315312998729354,19.857223510742188,20.11614439938171,3384500
2025-09-23,19.717802047729492,19.717802047729492,19.458883076301557,19.618218704609756,3732283
2025-09-24,19.638134002685547,19.93688972682377,19.359297606139798,19.618218473954062,4480359
2025-09-25,19.538551330566406,19.797470307826558,19.419048656928172,19.68792824804128,3574577
2025-09-26,19.14021110534668,19.618219919298355,19.130252390531997,19.508675955767462,4956329
2025-09-29,18.8215389251709,19.23979543014939,18.8215389251709,19.190003757897642,3507426
2025-09-30,18.89124870300293,19.10037791270092,18.56261871584661,18.861374458353655,2983245
2025-10-01,19.090417861938477,19.259712201014988,18.403281791636115,18.88128866687668,4050015
2025-10-02,18.98087501525879,19.936890720969796,18.931083341801486,19.857222903779764,8103795
2025-10-03,18.8713321685791,19.100376896041666,18.632326827522803,19.00079165383996,7160044
2025-10-06,18.851415634155273,18.96095959571459,18.632327711036638,18.921124737172804,5053168
2025-10-07,18.851415634155273,19.379214213819772,18.433159116619493,18.83149820488438,13136288
2025-10-08,18.8215389251709,19.040626841711873,18.711996866330956,18.85141506818027,4248065
2025-10-09,18.781705856323242,19.06054225837495,18.642285755866855,18.85141495683617,3787620
2025-10-10,18.970916748046875,19.140211100996762,18.751830720465513,18.781706864902777,2721289
2025-10-13,18.951000213623047,19.269671473011325,18.522784996533602,18.821538827352477,3787735
2025-10-14,18.741870880126953,19.209920951049245,18.682120494271317,19.070500851478734,3650252
2025-10-15,19.170085906982422,19.25971243460587,18.74187069709939,18.74187069709939,3486695
2025-10-16,18.89124870300293,19.468840859199812,18.821539599580472,19.070501768621035,3270068
2025-10-17,18.353490829467773,18.891248110011407,17.736063833878585,18.891248110011407,13313465
2025-10-20,18.562618255615234,18.82153913292955,17.915317012044724,18.39332390888782,7594124
2025-10-21,18.811580657958984,19.00079243598788,18.32361504045759,18.502868103913322,3977742
2025-10-22,18.921123504638672,19.130250800068577,18.771746593698673,18.831496978188575,2182502
2025-10-23,19.12029457092285,19.239795343561443,18.811580126173663,18.93108279824279,4028515
2025-10-24,19.747678756713867,20.13605912442556,19.170086612672893,19.170086612672893,8473191
2025-10-27,19.777555465698242,19.956808532669502,19.369257657343983,19.747679321392823,4044388
2025-10-28,19.498716354370117,19.916972860416074,19.498716354370117,19.916972860416074,901364
2025-10-30,19.668010711669922,19.767595955918917,18.542702580118757,19.498716366275794,3887043
2025-10-31,19.578384399414062,19.6381347868554,18.91116572478898,18.91116572478898,5011730
2025-11-03,20.195812225341797,20.39498082475192,19.63813558835991,19.63813558835991,7418091
2025-11-04,20.195812225341797,20.31531300510174,20.03647658604144,20.195812225341797,3935747
2025-11-05,20.514482498168945,20.574232885119503,20.096225990653917,20.23564419334874,5690509
2025-11-06,20.872987747192383,20.912822606741457,20.27548004940143,20.594151328071444,4363001
2025-11-07,20.574234008789062,20.853072328838127,20.1559774784308,20.833154898956625,4047698
2025-11-10,20.653900146484375,21.01240625742604,20.594149761137597,20.892903587301983,3047129
2025-11-11,20.09622573852539,20.753485685027186,19.87713782340444,20.67381787028244,5550676
2025-11-12,20.016557693481445,20.335228948793983,19.996640265166786,20.335228948793983,3122001
2025-11-13,19.996641159057617,20.175894223041528,19.797470665868698,20.03647601746764,4637612
2025-11-14,20.335229873657227,20.41489769110872,19.598302087373266,19.956808215620285,4007543
2025-11-17,20.335229873657227,20.41489769110872,19.847264254338008,20.41489769110872,8875837
2025-11-18,19.8173885345459,20.215727630326747,19.8173885345459,20.215727630326747,6328724
2025-11-19,19.538551330566406,19.897055552619992,19.538551330566406,19.837305165516156,7351850
2025-11-20,19.3692569732666,19.658052093630236,19.3692569732666,19.578384277726762,4500657
2025-11-21,19.409090042114258,19.4588836144818,19.209921450935802,19.34933965470378,2420817
2025-11-24,19.339380264282227,19.419048077855184,19.269671164834705,19.379213221353453,3662707
2025-11-25,19.040626525878906,19.37921331054949,19.040626525878906,19.319462924952386,3903590
2025-11-26,18.901206970214844,19.160127847818814,18.781706195585667,19.140210418903763,4244610
2025-11-27,18.941041946411133,19.110336294385892,18.941041946411133,19.110336294385892,3869986
2025-11-28,18.941041946411133,19.01075104861887,18.851415415163874,18.941041946411133,4402240
2025-12-01,19.269672393798828,19.299546638649915,18.941042404422504,18.941042404422504,3386539
2025-12-02,19.130250930786133,19.359297555185055,19.130250930786133,19.299545270856388,2021434
2025-12-03,19.429006576538086,19.548507345857157,19.08045918373491,19.17008571043945,6900923
2025-12-04,19.269672393798828,19.518634564521214,19.219878819995976,19.379214457303853,6330553
2025-12-05,19.419048309326172,19.578383938371328,19.100377051235856,19.329421780559457,3414153
2025-12-08,19.787513732910156,19.916973223110922,19.389172748903473,19.518634138534818,4478150
2025-12-09,20.016557693481445,20.155975892823054,19.757636823682382,19.807428495038526,3061612
2025-12-10,20.09622573852539,20.39497956896056,19.956807537579717,20.036475352324462,2827684
2025-12-11,20.335229873657227,20.494565508560214,20.076308992082225,20.394980261888197,3161695
2025-12-12,20.673818588256836,20.673818588256836,20.27547950069931,20.394980277251268,2108464
2025-12-15,20.693735122680664,20.932738564880502,20.215726338850473,20.673817694306383,3999718
2025-12-16,20.952655792236328,21.111991418840898,20.614067110843994,20.673817495963085,3431553
2025-12-17,21.131908416748047,21.231493665156997,20.0763093422467,20.932739819360776,2776607
2025-12-18,21.41074562072754,21.530248292499635,20.932738732500205,21.13190731954633,2386156
2025-12-19,21.490413665771484,21.530248523265985,21.191659832284916,21.43066327896028,2572611
2025-12-22,21.490413665771484,21.57008148132994,20.793318855062097,21.510331094518737,2982952
2025-12-23,21.131908416748047,21.570082370089047,20.434815476746664,21.490414551248012,7070661
2025-12-24,21.09207534790039,21.231493555293113,20.793319604219477,21.012407529471606,1637244
2025-12-25,20.813236236572266,21.271327599566618,20.693735463221074,21.21157531346048,1303057
2025-12-26,20.952655792236328,21.191659232143184,20.633982639596695,20.713650452898978,1548909
2025-12-29,20.952655792236328,21.151824375776794,20.414896627873034,20.952655792236328,1509745
2025-12-30,20.952655792236328,20.952655792236328,20.514481869358516,20.912820935869938,1551533
2025-12-31,20.912822723388672,21.550165284283658,20.872987863617404,20.952657583159937,2069208
2026-01-02,21.39082908630371,21.39082908630371,20.73356911266085,20.912822178096285,2296260
2026-01-05,21.27132797241211,21.78916783172825,21.211575685258623,21.390828747857917,2111486
2026-01-06,21.470497131347656,21.908671084885952,21.111992896116895,21.271328533870708,2965505
2026-01-07,21.60991668701172,21.60991668701172,21.111992356890994,21.510331441101457,1580011
2026-01-08,21.27132797241211,21.609916668559535,21.131907868484557,21.609916668559535,2276216
2026-01-09,21.350996017456055,21.66966728795933,21.092075135314495,21.66966728795933,2721343
2026-01-12,21.450580596923828,21.729417000223062,21.35099535313244,21.450580596923828,2866579
2026-01-13,22.526098251342773,23.20327376645779,21.211576382232035,21.450581739838093,8739909
2026-01-14,22.526098251342773,22.96427030828238,22.187509544069943,22.44643043195097,2935819
2026-01-15,22.70534896850586,23.024022139161296,22.167591673171607,22.38667769728103,5855220
2026-01-16,22.506179809570312,22.824851072807395,22.307009320331858,22.68543286999881,8436354
2026-01-19,22.506179809570312,22.884601459806706,22.446429422570997,22.60576505418954,2587182
2026-01-20,22.605764389038086,22.6455973460554,22.028172266558293,22.506179147349055,2699227
2026-01-21,22.187509536743164,22.824852091667136,22.107841717377667,22.605766063269684,2264135
2026-01-22,22.98418617248535,24.398291294945103,22.048087933818344,22.187508032830777,5351147
2026-01-23,23.04393768310547,23.502029060343727,22.92443690603852,23.08377254174819,2343797
2026-01-26,23.302858352661133,23.342693210939178,22.924436696172645,23.06385490128463,2670303
2026-01-27,23.263025283813477,23.482111305015003,22.94435401681832,23.422360917311057,2001994
2026-01-28,23.32277488708496,23.44227755790411,23.103688873252118,23.263024501390642,2992109
2026-01-29,24.378374099731445,24.378374099731445,23.26302469354873,23.322775079736598,3747922
2026-01-30,23.99995231628418,24.497876630317336,23.840616687748014,24.497876630317336,2237855
2026-02-02,23.800783157348633,23.82070058688331,22.745184084608923,23.322776245100155,3527144
2026-02-03,23.940202713012695,24.37837475609513,23.721114792040893,23.96011824265784,1884890
2026-02-04,24.079620361328125,24.398291621454565,23.999952546296516,23.999952546296516,2318600
2026-02-05,23.302858352661133,24.099538423346743,23.302858352661133,24.07962099420772,1251862
2026-02-06,23.123605728149414,23.502029291250842,23.00410494990837,23.163440587183512,1195701
2026-02-09,23.581695556640625,23.66136337003074,23.123604205074578,23.382525073450083,1165827
2026-02-10,23.66136360168457,23.90036704419486,23.282940059803728,23.60161321591463,1925982
2026-02-11,22.585847854614258,23.40244344980494,22.187508771524968,22.42651222137854,5265329
2026-02-12,22.10784149169922,22.58584840301267,21.88875356610759,22.466345725468994,10663776
2026-02-13,22.10784149169922,22.30701008836451,22.087924062203502,22.127757021764314,2701853
2026-02-16,22.24725914001465,22.546012977217266,22.20742428202466,22.20742428202466,4703589
2026-02-17,22.167591094970703,22.426511970945054,22.107840708032178,22.267176339488618,2388591
2026-02-18,22.10784149169922,22.605765832508386,21.82900317705106,22.167591880755744,7103567
2026-02-19,21.311161041259766,22.207424459459222,20.753486320958196,22.167591500581548,3478432
2026-02-20,21.88875389099121,22.04808953046063,21.072158263852764,21.311161723056895,2459186
2026-02-23,21.928586959838867,22.267175640919177,21.82900171844516,22.12775554319579,1519094
2026-02-24,22.20742416381836,22.227341592707337,21.62983202205197,21.94850518598391,1754011
2026-02-25,22.20742416381836,22.227341592707337,21.550164205926624,22.20742416381836,1745200
2026-02-26,21.90867042541504,22.187508732806236,21.90867042541504,22.187508732806236,909365
2026-02-27,21.70949935913086,22.028172516030892,21.311160287293973,21.908669844764564,2487593
2026-03-02,21.629831314086914,21.709499127604655,19.916972373740233,19.916972373740233,2977733
2026-03-03,21.331077575683594,22.12775571412638,20.9128210781435,21.609915873853822,1791387
2026-03-04,21.72941780090332,21.72941780090332,21.05224039748607,21.530249205412172,1637858
2026-03-05,22.028173446655273,22.107841264388377,21.62983245855915,21.868835911758463,1237432
2026-03-06,21.490413665771484,22.087923232175168,21.151824974790415,22.028172845363965,1964968
2026-03-09,20.813236236572266,21.17174235548693,20.51448240376374,20.61406764784343,2514609
2026-03-10,21.510332107543945,21.510332107543945,20.952657372371174,21.111993010991966,3033966
2026-03-11,21.41074562072754,21.530248292499635,20.91282130396643,21.41074562072754,1280194
2026-03-12,21.311161041259766,21.948505478177864,21.111992448010213,21.111992448010213,1626253
2026-03-13,21.131908416748047,21.331078913565946,20.753486752110796,21.31116148399803,1338467
2026-03-16,20.693735122680664,21.211574964398388,20.693735122680664,21.17174200708034,992954
2026-03-17,21.11199188232422,21.41074571390887,20.713650907637298,20.713650907637298,1010245
2026-03-18,21.11199188232422,21.31116047023714,20.872986537739852,21.11199188232422,918406
2026-03-19,20.912822723388672,21.191661043495557,20.574234013055545,21.072158363612417,2687430
2026-03-23,20.793319702148438,21.510331970815,20.155977151716492,20.872987520952428,2037464
2026-03-24,20.793319702148438,21.01240762843239,20.096226762471154,20.793319702148438,1658557
2026-03-25,20.693735122680664,20.952655993254783,20.693735122680664,20.892903708131936,951873
2026-03-26,20.195812225341797,20.892905172423188,20.195812225341797,20.892905172423188,800000
2026-03-27,20.016557693481445,20.355146377108642,19.95680730796797,20.275478563280508,590450
2026-03-30,20.016557693481445,20.09622550730958,19.598301196026114,20.016557693481445,1803322
2026-03-31,19.899999618530273,20.399999618530273,19.68000030517578,20.399999618530273,1146014
2026-04-01,20.100000381469727,20.299999237060547,20.020000457763672,20.200000762939453,708094
2026-04-02,19.969999313354492,20.1200008392334,19.8799991607666,20.020000457763672,1042729
2026-04-03,19.799999237060547,20.079999923706055,19.799999237060547,19.969999313354492,747160
2026-04-06,19.899999618530273,20.059999465942383,19.799999237060547,19.799999237060547,759918
2026-04-07,19.559999465942383,19.979999542236328,19.299999237060547,19.899999618530273,1042479
2026-04-08,20.280000686645508,20.540000915527344,19.989999771118164,20.0,1490909
2026-04-09,20.100000381469727,20.360000610351562,20.0,20.280000686645508,799512
2026-04-10,20.600000381469727,20.6200008392334,20.1200008392334,20.1200008392334,1766942
2026-04-13,20.600000381469727,20.600000381469727,20.059999465942383,20.579999923706055,1676070
2026-04-14,20.799999237060547,20.979999542236328,20.5,20.559999465942383,2347932
2026-04-15,20.579999923706055,21.079999923706055,20.579999923706055,21.079999923706055,1220079
2026-04-16,20.31999969482422,20.8799991607666,20.239999771118164,20.600000381469727,1928865
2026-04-17,21.0,21.0,20.200000762939453,20.360000610351562,3837718
2026-04-20,20.739999771118164,20.8799991607666,20.479999542236328,20.65999984741211,1549656
2026-04-21,21.200000762939453,21.200000762939453,20.600000381469727,20.739999771118164,1341465
2026-04-22,20.84000015258789,21.139999389648438,20.719999313354492,20.860000610351562,1209853
2026-04-24,20.920000076293945,20.959999084472656,20.6200008392334,20.84000015258789,1395356
2026-04-27,21.0,21.059999465942383,20.65999984741211,21.040000915527344,2807519
2026-04-28,20.559999465942383,20.979999542236328,20.399999618530273,20.920000076293945,1292267
2026-04-29,20.260000228881836,20.65999984741211,20.260000228881836,20.540000915527344,1102112
2026-04-30,20.239999771118164,20.299999237060547,20.059999465942383,20.299999237060547,1064779
2026-05-04,19.950000762939453,20.420000076293945,19.950000762939453,20.360000610351562,1082300
2026-05-05,19.950000762939453,20.059999465942383,19.790000915527344,19.950000762939453,1351163
2026-05-06,20.34000015258789,20.520000457763672,20.020000457763672,20.020000457763672,2159510
2026-05-07,20.5,20.520000457763672,20.200000762939453,20.34000015258789,2017936
2026-05-08,20.299999237060547,20.579999923706055,20.15999984741211,20.5,3073759
2026-05-11,20.139999389648438,20.600000381469727,20.139999389648438,20.299999237060547,2717095
2026-05-12,19.56999969482422,20.219999313354492,19.559999465942383,20.18000030517578,4389820
2026-05-13,19.889999389648438,20.139999389648438,19.459999084472656,19.579999923706055,3493504
2026-05-14,20.799999237060547,20.8799991607666,19.920000076293945,19.920000076293945,7497107
2026-05-15,21.079999923706055,21.200000762939453,20.0,20.760000228881836,5543256
2026-05-18,21.100000381469727,21.520000457763672,20.5,21.079999923706055,4894084
2026-05-20,21.34000015258789,21.420000076293945,20.719999313354492,21.0,3632020
2026-05-21,20.399999618530273,21.760000228881836,20.399999618530273,21.420000076293945,4620179
2026-05-22,20.5,22.440000534057617,19.829999923706055,19.829999923706055,7906372
2026-05-25,20.68000030517578,20.8799991607666,20.200000762939453,20.31999969482422,2406258
2026-05-26,20.459999084472656,20.81999969482422,20.459999084472656,20.700000762939453,714961
2026-05-27,20.459999084472656,20.459999084472656,20.459999084472656,20.459999084472656,0
2026-05-28,20.459999084472656,20.459999084472656,20.459999084472656,20.459999084472656,0
2026-05-29,20.459999084472656,20.459999084472656,20.459999084472656,20.459999084472656,0
2026-06-01,20.639999389648438,20.799999237060547,20.399999618530273,20.479999542236328,2355489
2026-06-02,21.0,21.200000762939453,20.360000610351562,20.68000030517578,2661155
2026-06-03,20.860000610351562,21.3799991607666,20.81999969482422,21.100000381469727,2777369
2026-06-04,20.940000534057617,21.1200008392334,20.68000030517578,20.920000076293945,1375923
2026-06-05,20.65999984741211,21.1200008392334,20.6200008392334,21.0,1188661
2026-06-08,20.5,20.68000030517578,20.420000076293945,20.420000076293945,918500
2026-06-09,20.399999618530273,20.639999389648438,20.020000457763672,20.600000381469727,1605707
2026-06-10,20.299999237060547,20.420000076293945,20.0,20.34000015258789,1683257
2026-06-11,20.1200008392334,20.31999969482422,19.889999389648438,20.059999465942383,2027134
2026-06-12,20.260000228881836,20.6200008392334,20.1200008392334,20.5,2992221
2026-06-15,20.81999969482422,20.959999084472656,20.540000915527344,20.600000381469727,3073374
2026-06-16,20.559999465942383,20.979999542236328,20.459999084472656,20.8799991607666,2260819
2026-06-17,20.31999969482422,20.68000030517578,20.31999969482422,20.559999465942383,880040
2026-06-18,20.719999313354492,20.719999313354492,20.34000015258789,20.34000015258789,1810259
2026-06-19,22.139999389648438,22.780000686645508,20.579999923706055,20.760000228881836,11167917
2026-06-22,21.860000610351562,22.700000762939453,21.219999313354492,22.139999389648438,5004254
2026-06-23,22.260000228881836,22.639999389648438,21.639999389648438,21.860000610351562,3161873
2026-06-24,24.459999084472656,24.479999542236328,22.31999969482422,22.440000534057617,12541584
2026-06-25,24.940000534057617,26.219999313354492,23.81999969482422,24.459999084472656,14109742
2026-06-26,27.299999237060547,27.420000076293945,24.81999969482422,25.040000915527344,19219987
2026-06-29,24.6200008392334,28.059999465942383,24.6200008392334,27.399999618530273,14005880
2026-06-30,24.719999313354492,26.68000030517578,23.65999984741211,24.31999969482422,9626832
2026-07-01,24.979999542236328,26.34000015258789,24.139999389648438,24.860000610351562,7405906
2026-07-02,24.860000610351562,25.979999542236328,24.479999542236328,25.200000762939453,5449851
2026-07-03,24.65999984741211,25.1200008392334,23.6200008392334,25.1200008392334,5703458
2026-07-06,26.899999618530273,26.979999542236328,24.31999969482422,24.700000762939453,11238962
2026-07-07,26.920000076293945,28.760000228881836,26.139999389648438,27.040000915527344,12448184
2026-07-08,26.920000076293945,28.100000381469727,25.81999969482422,26.940000534057617,5783707
2026-07-09,27.079999923706055,27.68000030517578,26.280000686645508,27.0,4998868
2026-07-10,27.200000762939453,28.84000015258789,26.979999542236328,27.079999923706055,6532461
2026-07-13,26.719999313354492,27.5,26.1200008392334,27.15999984741211,6497817
2026-07-14,27.0,27.299999237060547,25.65999984741211,26.719999313354492,4387988
2026-07-16,27.940000534057617,28.0,26.6200008392334,27.0,3487254
2026-07-17,27.579999923706055,28.540000915527344,27.420000076293945,28.15999984741211,3413127
2026-07-20,27.100000381469727,27.860000610351562,26.760000228881836,27.600000381469727,3767114
2026-07-21,26.5,27.700000762939453,26.059999465942383,27.100000381469727,6116328
2026-07-22,26.559999465942383,27.059999465942383,26.020000457763672,26.579999923706055,2848522
2026-07-23,25.799999237060547,26.799999237060547,25.639999389648438,26.579999923706055,2836517
2026-07-24,25.059999465942383,26.139999389648438,24.739999771118164,25.799999237060547,3772126
2026-07-27,24.5,25.260000228881836,24.5,25.100000381469727,1374717
2026-07-28,25.100000381469727,25.100000381469727,24.100000381469727,24.5,2171434
2026-07-29,25.5,25.5,24.34000015258789,25.100000381469727,1727384
2026-07-30,25.700000762939453,26.100000381469727,25.1200008392334,25.579999923706055,2261468
2026-08-03,26.040000915527344,26.579999923706055,25.440000534057617,26.399999618530273,2418391
2026-08-04,26.31999969482422,26.479999542236328,25.739999771118164,26.440000534057617,1300295
2026-08-05,26.139999389648438,26.600000381469727,25.899999618530273,26.31999969482422,1674192
2026-08-06,26.1200008392334,26.219999313354492,25.860000610351562,26.139999389648438,1158804
2026-08-07,26.15999984741211,27.299999237060547,26.1200008392334,26.1200008392334,2982856
