Price,Close,High,Low,Open,Volume
2021-08-10,3.2922215461730957,3.38824489607581,3.275759878432776,3.347092269123931,6014764
2021-08-11,3.2812466621398926,3.3992185815698157,3.2400940367241726,3.2922214232799583,10976724
2021-08-12,3.218146324157715,3.30868253138064,3.201685368147833,3.281246813723691,15721999
2021-08-13,3.262042999267578,3.292221576827141,3.198941560505113,3.2373510906575453,10658409
2021-08-16,3.333374500274658,3.4732931034738237,3.2373511477834493,3.262043056829193,13237945
2021-08-17,3.256556272506714,3.4211667909192176,3.2400943664136985,3.336117485210535,11979992
2021-08-18,3.223633289337158,3.3196564045549946,3.2208904293977447,3.2922216355650096,4980044
2021-08-19,3.152301549911499,3.2208901269917893,3.1495577410611064,3.2208901269917893,11324551
2021-08-20,3.2099153995513916,3.240094214652836,3.0919444228116637,3.152301815722407,11443341
2021-08-23,3.135841131210327,3.2647859219366393,3.130354224863146,3.2208904338670425,12180914
2021-08-24,3.166019916534424,3.190711588092299,3.0535358459193453,3.1330970550115342,19647498
2021-08-25,3.0672526359558105,3.204428372772651,3.061765492582911,3.141327885029267,11710070
2021-08-26,2.946537971496582,3.0864577713997257,2.946537971496582,3.078226818059043,9309545
2021-08-27,2.968503713607788,2.9959894452727416,2.8585586473515097,2.9520112285838773,8984463
2021-08-31,2.9162790775299072,3.012480558920111,2.9107819790769125,2.97125148845741,15395358
2021-09-01,3.207632303237915,3.207632303237915,2.9080334582418637,2.9162787483913823,13846280
2021-09-02,3.5264720916748047,3.5264720916748047,3.3340688982021125,3.375297967156111,38863912
2021-09-03,3.372549057006836,3.683143309613931,3.2708502432855973,3.53471737781648,60874788
2021-09-06,3.498985528945923,3.608930350460188,3.2928399395383776,3.3752980802082257,25538629
2021-09-07,3.3835432529449463,3.570449110157262,3.3835432529449463,3.4989854065912427,9102292
2021-09-08,3.721623420715332,3.721623420715332,3.270850406454525,3.4330187353540627,36154539
2021-09-09,3.6721479892730713,4.040462612014675,3.669399796701628,3.848059653131397,76071256
2021-09-10,3.6831436157226562,3.834316563942552,3.6061813811064782,3.677645328356476,30183489
2021-09-13,3.6336681842803955,3.7491101060984815,3.5979362118032823,3.6776452102125377,16058961
2021-09-14,3.6858911514282227,3.878294338751205,3.5649519032253867,3.6226734537545564,59169753
2021-09-15,3.5841927528381348,3.7106288675321433,3.573198318418348,3.7106288675321433,15088325
2021-09-16,3.509979724884033,3.721623363602932,3.4962373353971823,3.6089303495000573,22857444
2021-09-17,3.413778305053711,3.540214661843145,3.3917896731883728,3.5209751735766823,7966213
2021-09-20,3.2516098022460938,3.3972865904612086,3.2516098022460938,3.3972865904612086,9619244
2021-09-21,3.4275214672088623,3.5457115757108193,3.229621175665506,3.262605191543845,37399723
2021-09-22,3.4385156631469727,3.5292200426673297,3.3807952994996255,3.463253437318813,14852123
2021-09-23,3.435767889022827,3.498985591973251,3.3533097468676587,3.435767889022827,11638078
2021-09-24,3.3698008060455322,3.4357676479674994,3.364303707896234,3.4275214064112696,6234750
2021-09-27,3.3175766468048096,3.430270607900834,3.3175766468048096,3.3725490556260813,6157588
2021-09-28,3.3835432529449463,3.5402144754844427,3.3093313568564366,3.320325553343901,24902198
2021-09-29,3.3533096313476562,3.402783754191021,3.3093314181852884,3.3862924591542067,8070909
2021-09-30,3.3285717964172363,3.380795299552398,3.306582214768636,3.3725490578510993,6934340
2021-10-01,3.3010852336883545,3.3533096896087926,3.295588135247242,3.3230748161174333,4120361
2021-10-04,3.287341833114624,3.3643038249444404,3.287341833114624,3.2983369807274068,5775751
2021-10-05,3.2378673553466797,3.312079250055158,3.21587777411608,3.287341714086086,7128134
2021-10-06,3.3230748176574707,3.5154768291794634,3.1664035894198803,3.2351183897637985,32943704
2021-10-07,3.3780460357666016,3.4852428948724765,3.2378673015583153,3.3285716778490775,22349996
2021-10-08,3.314828634262085,3.4027838750460773,3.2955881950368107,3.386292579423549,8534044
2021-10-11,3.3010852336883545,3.3533096896087926,3.290091036806129,3.2983370410671866,6400954
2021-10-12,3.2598562240600586,3.317576828565492,3.25710803138768,3.287341954510726,5700602
2021-10-13,3.2433645725250244,3.3038343184313517,3.2158778921441096,3.2790965438214497,5681774
2021-10-14,3.257107734680176,3.3258225300131032,3.2131297616733363,3.229621055801698,9048856
2021-10-15,3.4440131187438965,3.581443670193028,3.243364627739969,3.276347693826884,69306748
2021-10-18,3.5237228870391846,3.6474100917537755,3.353309515929997,3.463253380921304,37689179
2021-10-19,3.5402145385742188,3.6446622598614846,3.5017343747165093,3.573198317288997,15009730
2021-10-20,3.5429635047912598,3.5896899112910186,3.466002700296963,3.545711697409612,11509185
2021-10-21,3.6281707286834717,3.6281707286834717,3.4605053065955493,3.5649520769966143,15420136
2021-10-22,3.8810434341430664,3.9662497660201517,3.6006840488323797,3.6831433768010027,42111605
2021-10-25,3.900282859802246,3.9992334812339387,3.8040813818316446,3.8480595942898974,21498114
2021-10-26,4.067948341369629,4.169647156883684,3.870048284148895,3.9277695997319135,30381527
2021-10-27,4.0761942863464355,4.235613207870804,4.040462082014665,4.117423350565895,20247235
2021-10-28,4.026719093322754,4.08993797991198,4.0157248971268285,4.076194640334795,4592783
2021-11-01,3.903032064437866,4.0487090931405145,3.8315681218386324,4.029468416872155,13216813
2021-11-02,4.067948341369629,4.1146756980025,3.870048284148895,3.9030320628627067,22777688
2021-11-03,4.0844407081604,4.139412165468277,3.8563057845253232,4.056954028574803,20566022
2021-11-04,4.109177589416504,4.202631355808316,4.051456984526026,4.172396481551858,14810495
2021-11-05,4.326318740844727,4.507727518078903,4.230117253430417,4.257603936081228,63555829
2021-11-08,4.219121932983398,4.362049808041313,4.197133541168437,4.342810559535483,19037603
2021-11-09,4.048709392547607,4.260351617026492,4.040462912356916,4.221871688041664,17727338
2021-11-10,4.0624518394470215,4.136664456607096,3.9525077233127526,4.034966107579632,15914215
2021-11-11,4.010227680206299,4.089938101185879,3.979993045438716,4.0569540852226025,8937484
2021-11-12,4.051456928253174,4.073445797734492,3.9799932213053517,4.021222529882521,8705436
2021-11-15,4.01297664642334,4.106428976862495,3.9992333070456594,4.0954347808261655,8810151
2021-11-16,3.8453102111816406,4.012976571113759,3.842562256556396,4.012976571113759,9143793
2021-11-17,3.8618030548095703,3.9470103389246693,3.8398134724282196,3.8453105708574005,7896325
2021-11-18,3.8618030548095703,3.8947858831175832,3.7765957706944717,3.864551009691848,10268627
2021-11-19,3.8782944679260254,3.9442610734342827,3.8480595954350525,3.870048226204887,9376839
2021-11-22,3.952507257461548,3.9799929860894085,3.8782944113154207,3.8782944113154207,8235354
2021-11-23,3.848059892654419,3.9772442079199783,3.7710988469504096,3.947010521758382,12353485
2021-11-24,3.8727972507476807,3.9387640960126573,3.842562615062055,3.8590539103456805,13610840
2021-11-25,3.88379168510437,3.930517853803755,3.8480597132600787,3.8755454431307372,11951750
2021-11-26,3.903032064437866,4.001981736488784,3.8068305849594424,3.8837916259024285,21038516
2021-11-29,3.8755455017089844,3.9497583523324438,3.864551066954787,3.911277474093359,10124043
2021-11-30,3.8975353240966797,3.9992339112602355,3.8837919826426193,3.9030324229453606,16741501
2021-12-01,3.903032064437866,3.944261134081236,3.8892887242461813,3.911277355354113,8464790
2021-12-02,4.065200328826904,4.1064294002794774,3.914026432879652,3.914026432879652,29309767
2021-12-03,4.029469013214111,4.122921363018852,4.023971676323858,4.100932966389665,12268778
2021-12-06,3.985490322113037,4.065200271195055,3.944261251244964,4.065200271195055,13734709
2021-12-07,4.048709392547607,4.155905076640791,3.9964846959571227,4.010228037165145,27128121
2021-12-08,4.0212225914001465,4.1036807343500925,4.004731057903331,4.059703470180537,14409358
2021-12-09,3.966249704360962,4.062451420096914,3.966249704360962,4.023971019082035,7465313
2021-12-10,3.9552552700042725,4.056954083996975,3.9167753444562488,4.012976822456732,8790144
2021-12-13,3.985490322113037,3.990987658353009,3.933267054230878,3.971746981513108,8576325
2021-12-14,3.925020694732666,4.056954145483375,3.9195235963900523,3.9799931045563324,16488322
2021-12-15,3.8205740451812744,3.9689990333865306,3.806830704557818,3.9415121144066885,10161228
2021-12-16,3.900282859802246,3.9140261997785237,3.793087185316458,3.8343162543136198,8631376
2021-12-17,3.512728691101074,3.952507241641088,3.512728691101074,3.90303193183073,19056485
2021-12-20,3.5649521350860596,3.7930873068067825,3.2763476919304266,3.4000358538152415,17035547
2021-12-21,3.6254217624664307,3.782092747521123,3.5622040627652694,3.7381145351041174,11355913
2021-12-22,3.562204122543335,3.7930872454114772,3.5594549790386885,3.625421823305365,7784300
2021-12-23,3.5264720916748047,3.630918860323073,3.466002584507078,3.573198258880642,7454557
2021-12-24,3.680394172668457,3.8370651577776442,3.5264720932858213,3.5402144823223187,14165702
2021-12-27,3.724372386932373,3.8095784797148253,3.6913883709925486,3.7381145382427117,7652069
2021-12-28,3.614427328109741,3.749109920150253,3.6116784223842364,3.7298694819350606,6145199
2021-12-29,3.5731985569000244,3.683143621634587,3.5402147759734244,3.600684288184556,5375829
2021-12-30,3.5429635047912598,3.633668125172425,3.509979725513742,3.5951870097265,6052202
2021-12-31,3.5731985569000244,3.6474104592875474,3.5044828022910712,3.54296368192799,7694931
2022-01-03,3.7326173782348633,3.804081318524709,3.592438641070513,3.592438641070513,14766980
2022-01-04,3.806830406188965,3.848059473896199,3.7243722707744973,3.732617323570631,13602714
2022-01-05,3.9195237159729004,4.0652002736240505,3.7930873597072905,3.8205740409235727,20938227
2022-01-06,4.125669956207275,4.249357166931882,3.856305952399411,3.9167754614555315,26731228
2022-01-07,4.0981831550598145,4.241111989065753,4.023971020991031,4.14491051101708,14588296
2022-01-10,4.087188720703125,4.172395997269497,4.051456514280889,4.098182916587485,7275456
2022-01-11,4.199881553649902,4.337312087134527,4.08993769742115,4.08993769742115,27239383
2022-01-12,4.122920513153076,4.285089065191945,4.122920513153076,4.243859997945501,10205595
2022-01-13,4.177893161773682,4.25210624786097,4.037713469178166,4.122920751950572,13702404
2022-01-14,4.147658348083496,4.238362968227311,4.122920810856247,4.1778932214647675,8195413
2022-01-17,4.428016662597656,4.559950349277757,4.133914892167001,4.172396244169708,40600109
2022-01-18,4.485738277435303,4.799079777287431,4.397782326605062,4.474744080747675,50418027
2022-01-19,4.661649227142334,4.719370780469563,4.326318383056763,4.480241415842408,51288665
2022-01-20,4.521470546722412,4.719370844395415,4.471994996838312,4.672644438052162,18205800
2022-01-21,4.9420084953308105,4.972243367564556,4.480241309769877,4.521470378428547,43238216
2022-01-24,5.076689720153809,5.307574018056902,4.746856231490056,4.911773451287747,71283754
2022-01-25,5.120668411254883,5.318568713211146,4.870544841140925,5.161897482340485,50358532
2022-01-26,5.629161834716797,5.629161834716797,5.387283326523774,5.387283326523774,12944987
2022-01-27,6.189879417419434,6.189879417419434,5.920515190082399,5.986481794083563,30920989
2022-01-28,6.602171421051025,6.745099308840286,6.079934469083324,6.321812981648825,75915536
2022-01-31,6.393277168273926,6.915514140069146,6.156895982910176,6.651647223711953,67867916
2022-02-01,6.283332347869873,6.552696600845023,6.22286259851392,6.448249586768359,30227294
2022-02-02,6.17338752746582,6.387779843132667,6.063443652366781,6.294326550820156,27598493
2022-02-03,6.690126419067383,6.750595686280417,6.112917097590169,6.134906440721256,55258639
2022-02-04,7.146397113800049,7.2728334746655685,6.486729578187919,6.70112142028204,50228877
2022-02-07,7.102419853210449,7.531203537673913,6.992475026138254,7.173883800621027,41368228
2022-02-08,6.95949125289917,7.327805650672143,6.646149742311212,7.228855024298147,40898418
2022-02-09,7.201368808746338,7.476230373358766,6.800071371350071,6.899021040126084,45614617
2022-02-10,6.981480121612549,7.267335882302826,6.975982785722545,7.195871942130256,22324257
2022-02-11,6.668137550354004,6.981479984332922,6.6406518223761015,6.8990208985359445,16354803
2022-02-14,6.486729145050049,6.651646850006324,6.316316005880962,6.541701554880193,22960888
2022-02-15,6.547198295593262,6.761590103876302,6.442750346041186,6.541700960016974,20267677
2022-02-16,6.481232166290283,6.646149392774363,6.409768225000183,6.563690304066489,12478551
2022-02-17,6.261343479156494,6.530707732191008,6.2063710661782165,6.530707732191008,15759565
2022-02-18,6.26684045791626,6.662641048027219,6.01946508909691,6.26684045791626,49253125
2022-02-21,6.3328070640563965,6.49222648202692,6.0304592854145005,6.052448629722283,22438857
2022-02-22,6.261343479156494,6.420762906234454,6.107420437537796,6.18438267154595,11043710
2022-02-23,6.673635482788086,6.8770326457109014,6.376784554149302,6.3822828413544155,39955171
2022-02-24,6.008471488952637,6.486729790376988,6.008471488952637,6.178884645075136,21143992
2022-02-25,6.387779712677002,6.464740994233617,6.090929259015427,6.11841594042764,21404337
2022-02-28,6.624159336090088,6.734104625273117,6.239353439011478,6.294325845870085,23174689
2022-03-01,7.12440824508667,7.223357917154381,6.6846294417974415,6.6846294417974415,27725227
2022-03-02,7.338799476623535,7.421257614566617,7.008965973919538,7.179380536724467,30786219
2022-03-03,7.503717422485352,7.6356506376633,7.223358032701122,7.426755191633588,26097699
2022-03-04,7.591672420501709,7.685125233411891,7.366286867936832,7.498220083057378,21284440
2022-03-07,7.959987640380859,8.350291393308657,7.624655825128105,7.641148309815774,56776392
2022-03-08,7.657639026641846,8.108411530096909,7.569683555372317,7.959986791196036,31439846
2022-03-09,7.652142524719238,7.943495173916388,7.641148327345356,7.817058813588575,19296950
2022-03-10,7.4927215576171875,7.778578274349414,7.459738968085011,7.6851249889461535,13568341
2022-03-11,7.679627895355225,7.795070052889551,7.481727597257351,7.531203147247671,16873043
2022-03-14,7.679627895355225,7.679627895355225,7.679627895355225,7.679627895355225,0
2022-03-15,7.327805519104004,7.503717423633213,7.327805519104004,7.503717423633213,10363329
2022-03-16,7.1299052238464355,7.531203156708074,7.1189110269748825,7.3223086614900526,10636080
2022-03-17,7.052944183349609,7.2618386715778165,7.052944183349609,7.135402321257607,9873312
2022-03-18,7.6191582679748535,7.71261203325904,7.0694360543560135,7.102419596378121,28075957
2022-03-21,7.795070648193359,7.992970485938847,7.646645413284828,7.696120967053559,23278388
2022-03-22,7.718108654022217,7.9160089490688135,7.696120260645754,7.811561465468478,11315681
2022-03-23,7.970981597900391,8.168881898880606,7.6631364739463415,7.69612049139752,30917361
2022-03-24,7.8665337562561035,8.174378866321186,7.806064011255521,7.992969631319439,16304287
2022-03-25,7.94349479675293,8.053439618066717,7.822555778587274,7.899517533879605,12020967
2022-03-28,7.630153656005859,7.937997819874276,7.575181246153578,7.937997819874276,13914009
2022-03-29,7.476230621337891,7.789572596675019,7.4432475558071465,7.7510917196013605,10707981
2022-03-30,7.531203269958496,7.580678345289094,7.366286986144313,7.4817277191620395,7811762
2022-03-31,7.531203269958496,7.586175681540462,7.421257971328705,7.542197466995375,4012581
2022-04-01,7.61366081237793,7.806063762299448,7.50371694880252,7.542196873134675,9942348
2022-04-04,7.454241752624512,7.690621973818415,7.448744892013187,7.663136244364266,7823625
2022-04-05,7.421257972717285,7.5861756829599,7.3113141004644975,7.476230859775395,11828462
2022-04-06,7.206866264343262,7.454241629056637,7.14639651942851,7.454241629056637,11803902
2022-04-07,7.5366997718811035,7.55868864037371,7.146396524072129,7.2123631295499475,16187075
2022-04-08,7.635650634765625,7.970981484214635,7.476230738820456,7.558688879408918,14851833
2022-04-11,7.520208835601807,7.806064624134991,7.520208835601807,7.679628263678891,10701306
2022-04-12,7.382777690887451,7.575181122222694,7.360788346933613,7.542197106291936,10628734
2022-04-13,7.4597392082214355,7.54219734883671,7.272833106864057,7.388275264470801,13034429
2022-04-14,7.624655246734619,7.696120139141997,7.476230503258795,7.4817273637832065,14227391
2022-04-15,7.591672420501709,7.685125233411891,7.553191542825496,7.62465548654892,7399869
2022-04-18,7.712612152099609,7.7730814253617195,7.5696842602445855,7.597169990976358,9409579
2022-04-19,8.12490463256836,8.245843184130171,7.751092402896008,7.795070619923622,46794882
2022-04-20,8.135897636413574,8.45473742324936,8.135897636413574,8.201864718397593,26073919
2022-04-21,8.399764060974121,8.504211532717383,8.108410987556216,8.223853130205415,23693727
2022-04-22,8.245841979980469,8.47672532719633,8.058936367904218,8.39976452843492,12971198
2022-04-25,8.570178985595703,8.57567632129138,8.190869479115314,8.394267096128893,21806289
2022-04-26,8.746089935302734,8.949487552576123,8.416256449662127,8.685621144436285,109553970
2022-04-27,8.740593910217285,8.96048356757035,8.559185608553241,8.806560046677793,18533838
2022-04-28,8.823052406311035,8.905510546736876,8.658135174527654,8.773576380937492,17301605
2022-04-29,8.465730667114258,8.823051786335986,8.449239610746897,8.823051786335986,11478694
2022-05-05,8.284323692321777,8.520703434694823,8.284323692321777,8.394267559509588,12686275
2022-05-06,8.465730667114258,8.493217345945913,8.300814397850854,8.410758260382579,11734050
2022-05-09,8.531698226928711,8.592167972839782,8.350290891058867,8.465731144941024,8635947
2022-05-10,8.4987154006958,8.575677157003698,8.48222434293331,8.537195803383893,897573
2022-05-11,8.548192024230957,8.960483712016599,8.465731974996626,8.954986375400978,15238441
2022-05-12,8.372279167175293,8.537195443437238,8.284323693044701,8.438245297307402,11205652
2022-05-13,8.399764060974121,8.53719459450362,8.383272054615214,8.471227519999566,5925377
2022-05-16,8.35578727722168,8.509709834590574,8.350290892076082,8.40526235098555,6830587
2022-05-17,8.493218421936035,8.504213094861592,8.218356353455874,8.355787863161831,10161645
2022-05-18,8.322805404663086,8.542694124614401,8.300816057202043,8.482225320960179,5315609
2022-05-20,8.295318603515625,8.377776744017082,8.19087016745184,8.300814988741582,9135159
2022-05-23,8.30081558227539,8.372280006503159,7.959987848118168,8.333798650648024,10547871
2022-05-24,8.284323692321777,8.416256903506154,8.212858324332938,8.333797814450705,7672330
2022-05-25,8.256836891174316,8.344792364006672,8.19086981108422,8.306311963508973,6163737
2022-05-26,8.223854064941406,8.37777662232489,8.218355777931915,8.361284614091474,6810689
2022-05-27,8.07542896270752,8.245843550904544,7.998468149284227,8.245843550904544,5865791
2022-05-30,8.245841979980469,8.311809058155701,8.036947975800228,8.097417718216555,6264878
2022-05-31,8.080924987792969,8.30081462062089,8.020455243672124,8.30081462062089,5029417
2022-06-01,8.196367263793945,8.229351279774816,8.075427773727428,8.086422445721052,7647680
2022-06-02,8.15788745880127,8.245842939313354,8.053439969093766,8.17987680439516,6298018
2022-06-03,8.586671829223633,8.691119327320914,8.108413033457612,8.108413033457612,21310705
2022-06-06,9.103410720825195,9.290316343748039,8.674626114200219,8.685621737287763,23589919
2022-06-07,9.136393547058105,9.213356258143696,8.94399152400293,9.108907815459299,13032633
2022-06-08,9.070426940917969,9.334293373950189,8.740593424161839,9.169377091037978,18093667
2022-06-09,9.18037223815918,9.790564228161905,9.18037223815918,9.405759231159525,37641729
2022-06-10,8.801061630249023,9.240840890993663,8.801061630249023,9.18037114754811,16569710
2022-06-13,8.438244819641113,8.806558703313092,8.361284021866306,8.80106136762466,10586144
2022-06-14,8.509709358215332,8.575676436518203,8.245841995935479,8.471228007828538,10810592
2022-06-15,8.537195205688477,8.63614534906269,8.438245062314262,8.509709477387482,6678349
2022-06-16,8.443742752075195,8.608659030656822,8.295318481724406,8.548191186605477,8118396
2022-06-17,8.520703315734863,8.608658788629809,8.432748793771577,8.465730907442607,6328037
2022-06-20,8.795565605163574,8.889018416615563,8.570179580649661,8.570179580649661,13748984
2022-06-21,8.68562126159668,8.823051803223098,8.641642575381857,8.663630967557634,9896766
2022-06-22,8.63064956665039,8.971476805474994,8.63064956665039,8.718604093539977,10141384
2022-06-23,8.63064956665039,8.740593438461158,8.581173540577733,8.674626354629329,5396399
2022-06-24,8.520703315734863,8.669128532844457,8.465730907442607,8.636145468241768,5835101
2022-06-27,8.311808586120605,8.311808586120605,8.311808586120605,8.311808586120605,79828
2022-06-28,8.311808586120605,8.416256057744876,8.135896704620729,8.35578631876268,7311207
2022-06-29,8.35578727722168,8.548191187131561,8.289821146157644,8.498715162436005,6800441
2022-06-30,8.24034595489502,8.454737304193667,8.24034595489502,8.372279166073547,6595673
2022-07-01,8.377775192260742,8.520702102159682,8.174377595828133,8.251338385917029,7997575
2022-07-04,8.322805404663086,8.498716380624138,8.306313394067303,8.416258229508873,7661265
2022-07-05,8.25561237335205,8.409717302678075,8.239101776963876,8.360184561455172,3407548
2022-07-06,8.28863525390625,8.40971804914515,8.24460635825742,8.283131403935531,2928179
2022-07-07,8.420724868774414,8.43173352086811,8.283131474509494,8.29414012660319,2554668
2022-07-08,8.503281593322754,8.662890386275558,8.33816895040001,8.420724795832152,3575748
2022-07-13,8.861024856567383,9.004122094436342,8.552814981745732,8.558319783575092,11053795
2022-07-14,8.519792556762695,8.932572707567655,8.508784857580547,8.87203131412424,5807802
2022-07-18,8.464755058288574,8.585837845824509,8.437236762244082,8.536303199239297,3781404
2022-07-19,8.453747749328613,8.596844989894782,8.393206352765652,8.55831994488896,4855358
2022-07-20,8.409716606140137,8.508783984497404,8.398708908087485,8.47576089033945,3797330
2022-07-21,8.398710250854492,8.503281494956703,8.393206400948223,8.398710250854492,2851924
2022-07-22,8.32716178894043,8.481265772211081,8.310650239850682,8.404213780575756,3442592
2022-07-25,8.321657180786133,8.448242856094936,8.288634085616449,8.32716102998108,3202164
2022-07-26,8.272124290466309,8.580334162854493,8.255612741283878,8.332665685410134,8686118
2022-07-27,8.294139862060547,8.327162009054511,8.255612913166077,8.305147561744683,3075066
2022-07-28,8.310650825500488,8.530800068585586,8.288635425162736,8.321658525669363,8937121
2022-07-29,8.32716178894043,8.387703183544422,8.305147342212514,8.38219933384784,3603972
2022-08-01,8.437237739562988,8.4427415898211,8.31615493800155,8.338169386975485,4716398
2022-08-02,8.475761413574219,8.695912532042959,8.442740221494363,8.530798955176815,16311506
2022-08-03,8.514288902282715,8.585837996547875,8.475761954262326,8.552814898244685,4949190
2022-08-04,8.640875816345215,8.695913363208362,8.503281473158122,8.53079977056047,7965378
2022-08-05,9.504962921142578,9.504962921142578,8.53079959893894,8.640875642509188,61544667
2022-08-08,9.279309272766113,9.609533608923865,9.213264024711174,9.466436364853557,26219373
2022-08-09,9.339850425720215,9.637052606080712,9.301324428723508,9.356361975315279,13754117
2022-08-10,10.044327735900879,10.26998174536125,9.224271340356681,9.339849317634556,48712557
2022-08-11,10.099366188049316,10.319516368179682,9.945262204428161,10.236960526660004,21881329
2022-08-12,10.016810417175293,10.3085087414644,9.945262274569208,10.099366259277215,12052492
2022-08-15,10.341531753540039,10.726792664149311,9.95626989087235,10.016810333476736,24294189
2022-08-16,10.170915603637695,10.479125484737107,9.829683575298505,10.341532093836513,11633852
2022-08-17,10.18742561340332,10.479124880080716,10.148900570561889,10.225952560361538,10259104
2022-08-18,10.561680793762207,10.732297275316805,10.126884291498628,10.280990176299065,21440142
2022-08-19,10.336028099060059,10.556177331003203,10.258975153836133,10.539666733643989,10619737
2022-08-22,10.391063690185547,10.528657065878512,10.220448170902605,10.336027101555034,6521631
2022-08-23,10.561680793762207,10.6497404833124,10.34703541949091,10.391064312207607,11946163
2022-08-24,10.363546371459961,10.61121485184532,10.280990528684319,10.605711002052486,10239859
2022-08-25,10.380057334899902,10.638733523994818,10.319516889160244,10.402073686906219,11080187
2022-08-26,10.67175579071045,11.062521492807717,10.512147009725517,10.638732693366979,28627499
2022-08-29,11.733978271484375,11.733978271484375,10.803845748836263,10.897409290872604,37633748
2022-08-31,12.587059020996094,12.90627564903138,12.053196056275079,12.053196056275079,48471530
2022-09-01,13.592164039611816,13.840870245740598,12.608901011855215,13.11788378939656,43763527
2022-09-02,13.430213928222656,14.372988754287524,13.042692858948852,13.592163813340202,41143717
2022-09-05,13.025341033935547,13.800383195714128,12.92123154645313,13.447566546730144,26220381
2022-09-06,12.400680541992188,13.135235483578995,12.394895835189876,13.042693503559553,23784659
2022-09-07,12.70144271850586,13.441782382365812,12.261866876140125,12.40068080112847,39552486
2022-09-08,12.510575294494629,12.944367392216106,12.50479153949358,12.903880155150327,15602768
2022-09-09,12.70144271850586,13.21042647542418,12.522142509464064,12.522142509464064,16754971
2022-09-12,12.713010787963867,13.013773648117976,12.533709632396983,12.747714268139987,17945582
2022-09-13,12.209811210632324,12.753498450240107,12.209811210632324,12.724578723781077,11945261
2022-09-14,12.545279502868652,12.632037737024131,11.856995480843741,12.204029369524147,13142323
2022-09-15,12.383330345153809,12.655173505958404,12.325490888612332,12.574199028447119,7744558
2022-09-16,12.64360523223877,12.678308716270234,12.354409849329402,12.383330530090527,7096405
2022-09-19,12.475871086120605,13.013773598721139,12.475871086120605,12.666739750335582,10569502
2022-09-20,12.793985366821289,12.979070278653236,12.446951514158286,12.481654994630425,14496287
2022-09-21,12.770851135253906,12.955936058497095,12.63782095989912,12.793986155622774,10063833
2022-09-22,13.366592407226562,13.806168242691509,12.79976920644204,12.805552961216021,29273820
2022-09-23,14.112714767456055,14.448181110620917,13.29140064977858,13.441782081126334,34607536
2022-09-26,15.283955574035645,15.471931893129925,13.892926814092595,14.124283675217097,38223667
2022-09-27,16.802228927612305,16.802228927612305,15.529772301547839,15.558691077915862,37523861
2022-09-28,16.29613494873047,18.07468464096584,16.194917819128726,17.756571486084173,44800599
2022-09-29,16.91790771484375,17.496296566699066,15.92018470805592,16.368436687081797,41395075
2022-09-30,16.860065460205078,17.35169694995171,16.41181355557432,17.149260790194266,28499795
2022-10-03,18.537397384643555,18.537397384643555,16.614250876378467,17.062502812334227,38772092
2022-10-04,19.62187957763672,20.142430829977553,18.710915838098646,19.057948736914685,49008171
2022-10-05,21.02447509765625,21.053394823592726,19.997832443378563,19.997832443378563,34222992
2022-10-06,20.995555877685547,21.97881896675389,20.605143376368286,21.6896236045367,36655983
2022-10-07,21.68962287902832,21.747462330360424,20.822038725513902,21.400427526484588,22393297
2022-10-10,23.858583450317383,23.858583450317383,20.966633941188004,21.819760074604158,51678668
2022-10-11,26.244441986083984,26.244441986083984,24.465894192691987,24.567111322593835,33667704
2022-10-12,26.114307403564453,27.96515657207074,25.73835476702916,27.126490215321247,74189092
2022-10-13,25.145503997802734,26.577019025413055,24.812929049362396,26.02754803376965,36175317
2022-10-14,26.663776397705078,27.18432956905909,25.44915931297409,25.50699686168735,27462171
2022-10-17,27.32892417907715,28.16759046776795,26.750533503834063,26.83729267635553,29675317
2022-10-18,26.89513397216797,27.907314867196483,25.463618951931057,27.878397045152937,24079206
2022-10-19,26.114307403564453,27.03973103575918,25.882951495515773,26.95297185619711,20011706
2022-10-20,26.57701873779297,28.109750886781647,25.203343177667385,26.128766793083223,82474122
2022-10-21,26.114307403564453,26.692698125744574,25.969708770961002,26.605938946182505,16270205
2022-10-24,25.405778884887695,26.736074831375277,25.27564012031494,26.12876630905271,23136226
2022-10-25,25.76727294921875,26.099847904733554,24.364677618082027,25.405780170896318,28623788
2022-10-26,25.5937557220459,26.302283298036123,25.434697228744938,26.027547804633087,15114636
2022-10-27,25.868492126464844,26.46134081911466,25.405780301527518,25.738355258752353,21586547
2022-10-28,25.810651779174805,26.099847135782625,25.53591818972002,25.86849123131973,5382479
2022-10-31,28.384489059448242,28.384489059448242,25.85403200678284,25.85403200678284,31897410
2022-11-01,31.204139709472656,31.204139709472656,28.8327411436673,28.919498420293387,42599352
2022-11-02,33.08390808105469,34.12500680799179,31.233058918071457,32.245239822691,40086033
2022-11-03,35.628822326660156,36.1493736113219,31.464415857600038,33.11282508550072,44941269
2022-11-04,35.22394943237305,37.30615454033086,33.98041259792997,35.42638752107095,33566581
2022-11-07,35.97585678100586,36.40964885609573,34.7323161986125,35.36854635258663,24133993
2022-11-08,39.56187438964844,39.56187438964844,35.166110145439305,36.0047784229363,30699340
2022-11-09,43.49492645263672,43.49492645263672,39.995666160515945,40.082425341088424,32564005
2022-11-10,42.59842300415039,47.83285173224743,42.59842300415039,44.82522295545378,36821096
2022-11-11,46.849586486816406,46.849586486816406,42.91653423637368,43.95763675069482,29757216
2022-11-14,51.534549713134766,51.534549713134766,48.324482873515805,48.584756607635164,14225051
2022-11-15,56.68221664428711,56.68221664428711,52.25753289912135,54.65785108409229,37530889
2022-11-16,62.35043716430664,62.35043716430664,59.14037427865103,59.8055203513342,53560717
2022-11-17,56.13274383544922,66.48592148729094,56.13274383544922,65.9364543349685,75342600
2022-11-18,50.522361755371094,53.905946867920406,50.522361755371094,53.79026796323832,11464150
2022-11-21,55.55435562133789,55.55435562133789,45.69280904205357,46.56039320437141,61506463
2022-11-22,61.106903076171875,61.106903076171875,57.202770412207855,57.46304414596305,18880657
2022-11-23,61.0201416015625,65.61833992150157,57.549801163141055,64.7507557639546,60862241
2022-11-24,55.81463623046875,61.94556896467257,55.46759949983233,61.07798475454915,60377647
2022-11-25,50.46452331542969,54.94704634941735,50.23316551888319,53.211874300018856,12355502
2022-11-28,52.05509567260742,54.484333622991784,45.43253171328866,50.43560624450693,17103718
2022-11-29,50.6091194152832,52.08401398102261,48.00636698743732,49.45234182787398,7330027
2022-11-30,47.341217041015625,49.452341751940274,45.114417237291136,46.32903427344081,12630168
2022-12-01,47.717166900634766,50.49344132365626,47.052020874639645,48.006364136487676,9525691
2022-12-02,45.05657958984375,48.00636883483753,43.95763760251658,47.71717157068108,9524324
2022-12-05,40.57405471801758,44.44926744366108,40.57405471801758,44.3914279930415,13647332
2022-12-06,44.62278747558594,44.62278747558594,36.52532501570872,37.8845445399769,18993414
2022-12-07,45.95308303833008,48.61367880111931,41.55731894067706,43.726279359256786,12641850
2022-12-08,49.16314697265625,49.16314697265625,45.98200369183668,45.98200369183668,7304098
2022-12-09,55.03380584716797,55.03380584716797,54.62893348104469,55.03380584716797,6580753
2022-12-12,56.6243782043457,59.34280961141071,55.236242774680576,59.28497015914546,11201773
2022-12-13,52.77808380126953,56.45085846424402,50.78263797995051,54.65785072089271,8704150
2022-12-14,48.440162658691406,53.15404015102662,48.12204565671959,52.80700722983663,8783746
2022-12-15,48.35340118408203,50.493445681142084,46.03984213876956,48.44016036232505,6554880
2022-12-16,46.936344146728516,48.52691759263539,46.357953456559336,48.3533992431146,1664396
2022-12-19,49.97289276123047,51.15859006649555,44.854139497128706,46.99418392315697,7556993
2022-12-20,50.2331657409668,52.05509316389165,50.2331657409668,51.76589972516341,5695846
2022-12-21,50.37776565551758,52.14185367425974,48.179881755215675,50.233167028330996,4866565
2022-12-22,50.00181579589844,51.303192087784154,49.04747242020216,50.78264080938312,3997137
2022-12-23,48.41123962402344,49.77045529671035,48.06420672654101,48.758272521505866,3627719
2022-12-26,44.275753021240234,46.99418435840091,44.275753021240234,46.67607118735592,7824210
2022-12-27,42.85869598388672,44.102236613989824,42.10679070707892,44.102236613989824,6641595
2022-12-28,44.33359146118164,46.097683396519464,42.80086115178763,43.95763881563658,7508368
2022-12-29,44.39142990112305,45.31685353434682,43.6684443537692,44.7095430849707,3391449
2022-12-30,45.77956771850586,45.77956771850586,43.4949282438463,44.47819138102645,3587120
2023-01-02,47.65933609008789,49.01855181159951,44.420349569791725,45.77956529130334,5785498
2023-01-03,45.54821014404297,48.00636779495758,45.54821014404297,47.74609026285473,4280295
2023-01-04,43.37924575805664,45.548209950076256,43.09005230962969,45.519290224410206,4713261
2023-01-05,40.54513931274414,43.95764060526249,39.18592350306181,43.437089302455696,4521356
2023-01-06,43.11897659301758,43.147896321740475,37.59535029751773,39.330522596189695,5458420
2023-01-09,42.56950378417969,44.4492708400142,41.38380257234639,43.118974798817035,4003046
2023-01-10,40.77649688720703,42.4827456187767,40.48729960508749,42.4827456187767,2975989
2023-01-11,38.17374038696289,41.6440811145475,37.59534963099314,40.77649688470982,4388336
2023-01-12,38.8678092956543,39.6197145979466,36.554246317020535,38.46293310862971,4049752
2023-01-13,41.93327331542969,42.74302187249902,38.17373922810688,38.75212996651819,3984316
2023-01-16,45.98200225830078,45.98200225830078,41.9332711105413,41.9332711105413,5584808
2023-01-17,48.150962829589844,48.873948303884305,46.18443685565296,46.44471056009365,5687109
2023-01-18,46.73390579223633,48.38231867810541,46.300113729267295,48.150964688364205,4573219
2023-01-19,47.601497650146484,49.71261868951536,44.73846751361439,46.6471504630687,6041997
2023-01-20,46.704994201660156,47.74609296427503,46.44471665483109,47.13878249657434,2990657
2023-01-23,43.6106071472168,46.15552036556379,42.222471625872835,46.15552036556379,5768362
2023-01-24,43.66844177246094,45.0565771402418,41.759755165733075,43.350324799183994,3763625
2023-01-25,43.957637786865234,44.449269329759325,41.81759706430098,43.523845697045,3837571
2023-01-26,42.222469329833984,43.09005350746589,41.99111151807419,42.367064153950196,3456258
2023-01-27,41.354881286621094,42.65625743142491,40.45837365808516,41.354881286621094,3090655
2023-01-30,41.64407730102539,43.17681133110451,40.54513534614096,41.35488385364012,2856107
2023-01-31,41.354881286621094,41.672994439822034,39.90890271475021,41.49947609722153,3400466
2023-02-01,39.56187438964844,41.21028740931452,39.18592174565806,41.036769046749534,2214640
2023-02-02,39.764312744140625,40.8343350372836,37.595348430567896,39.59079438042,3733624
2023-02-03,41.7019157409668,41.991109181339745,39.185918719258325,39.70646995851641,2698437
2023-02-06,39.56187438964844,41.12352822803202,38.75212964747935,39.90890730654465,2062230
2023-02-07,35.628822326660156,39.5329550575063,35.628822326660156,39.5329550575063,3824691
2023-02-08,32.10064697265625,32.10064697265625,32.10064697265625,32.10064697265625,20
2023-02-15,39.185916900634766,39.185916900634766,37.306150104867164,37.306150104867164,3178281
2023-02-16,39.619712829589844,42.80085987910941,38.665369476380704,42.80085987910941,10628127
2023-02-17,38.723209381103516,40.45837774965338,37.855625196828576,38.98348311309252,6057251
2023-02-20,39.73539352416992,40.60297773738227,38.23157911075941,39.21484223459576,9964594
2023-02-21,39.27267837524414,42.077868871711544,38.69428767917488,39.6197112695923,15900901
2023-02-22,41.49947738647461,42.56949958261983,38.83888556667758,39.15699872976126,27695403
2023-02-23,45.634971618652344,45.634971618652344,40.689736342093234,41.3259665332497,23817367
2023-02-24,44.82522201538086,48.122044186549545,43.95763783479442,45.9820034616519,26031839
2023-02-27,44.88306427001953,46.44471817749032,43.75520628815222,44.8252248132724,13921823
2023-02-28,46.560394287109375,48.00636919400904,44.27575492434867,44.27575492434867,19568740
2023-03-01,48.00636672973633,48.44015879871536,46.56039189706175,47.13877878354479,20780653
2023-03-02,48.902870178222656,49.74153458392266,47.42797563290535,48.208800588800734,17861953
2023-03-03,46.96526336669922,50.00181160126471,46.155514885875036,48.584752711880746,16568511
2023-03-06,48.0352897644043,48.75827532643688,47.34122012127796,48.4980015904106,11295271
2023-03-07,47.22554016113281,48.81611369371397,46.84958752491797,48.20880324553082,13778077
2023-03-08,45.05657958984375,47.19662030343314,45.05657958984375,47.19662030343314,11600850
2023-03-09,45.606048583984375,46.70499052313023,44.998738164116034,45.05657761441145,9285555
2023-03-10,45.20117950439453,46.329037441903886,44.96982168650516,45.403613786813956,8459633
2023-03-13,43.957637786865234,46.06876259112623,43.66844432972963,45.027660052264196,10250946
2023-03-14,42.80086135864258,44.680628403686505,42.80086135864258,44.073317937496284,8043986
2023-03-15,42.135711669921875,43.784124713454496,41.2102880059774,42.91653669630197,10842991
2023-03-16,45.634971618652344,45.953084810113694,42.22247046137748,42.36706528936877,19591158
2023-03-17,49.16314697265625,49.16314697265625,45.95308396512345,46.068762871976375,32977208
2023-03-20,46.53147506713867,51.76590375395819,46.53147506713867,48.989632816457295,28601667
2023-03-21,45.11442184448242,47.37014160382468,44.94090347521229,46.53147710215349,15532354
2023-03-22,43.784122467041016,46.0109223301141,43.639523836895485,45.40361189173649,12855820
2023-03-23,44.044395446777344,45.11441767525648,43.5527639208464,44.246833525550954,9212549
2023-03-24,44.188995361328125,45.259013812734395,44.04439672942174,44.53602826966979,8965485
2023-03-27,44.507110595703125,45.60605263240128,43.23465400094946,44.246836854502945,14398736
2023-03-28,41.93327331542969,45.37469421033147,41.49948121367965,44.99874156324595,11611416
2023-03-29,42.280311584472656,42.511665603329426,40.805416861471265,41.93327484383662,10787714
2023-03-30,42.6562614440918,43.78412316062617,42.28030880799156,42.48274308516846,9119023
2023-03-31,41.0656852722168,42.33814173115775,40.74757210953991,42.07786801773729,6674313
2023-04-03,39.50403594970703,41.21028846736864,39.04132411255426,41.094609556021986,8840708
2023-04-04,39.82215118408203,40.08242491479766,38.60753028545263,39.879990637181876,8171635
2023-04-05,39.93782424926758,41.09460563591855,39.47511245625389,40.05350314957937,9630567
2023-04-06,39.47511672973633,40.37162449597305,39.38836135334404,39.966748301050835,6190092
2023-04-07,39.50403594970703,41.29704384264478,39.15700302390091,39.475116221870366,10921838
2023-04-10,42.19355010986328,43.350327757847445,39.79323182520985,40.082425285147465,22029271
2023-04-11,41.55731964111328,42.85869591419542,41.18136700332071,42.33814464331583,12575689
2023-04-12,42.0200309753418,42.309228238188794,41.29704162645795,41.64407834187435,7720715
2023-04-13,41.991111755371094,43.350327482439994,41.81759720380436,42.0489512086379,8979279
2023-04-14,41.12352752685547,41.96219198181907,40.89216971404692,41.933272255218,7875711
2023-04-17,40.66081237792969,42.309225234426854,40.66081237792969,41.49947676417735,7503038
2023-04-18,39.99566650390625,41.181367698776135,39.90890732258888,40.77649532752883,4953010
2023-04-19,40.08242416381836,40.48729651969796,39.677551807938755,40.024584711802184,5095326
2023-04-20,40.34270477294922,40.45837987756511,39.56187591944706,40.284865316524325,1993770
2023-04-24,40.25594711303711,41.152451105110934,40.1981076544215,40.5451405978811,7805165
2023-04-25,38.75212860107422,40.80541393638096,38.75212860107422,40.42945749430861,6112276
2023-04-26,37.9134635925293,39.128080654982966,37.9134635925293,38.86780693025489,6498619
2023-04-27,41.7019157409668,41.7019157409668,37.56642555176281,37.88454252522986,23427155
2023-04-28,38.260498046875,43.61060566197883,37.73994676807009,41.64407945499001,37142827
2023-05-02,36.14937210083008,38.89672704625671,36.03369319613135,38.607529784509886,8780978
2023-05-03,34.298526763916016,36.46749111457164,32.99715043846295,36.293972747884354,11936679
2023-05-04,34.41419982910156,35.7155759334899,33.95148807143683,34.24068149188984,11483564
2023-05-05,32.76578903198242,34.8479939715232,32.73686930736472,34.558800533579614,7402888
2023-05-08,33.112823486328125,33.48877992415154,31.782529419770587,32.91038921265682,8730561
2023-05-09,31.927125930786133,34.03825068065686,31.927125930786133,33.69121397115466,7132375
2023-05-10,31.927125930786133,32.85254953965817,31.52225167381702,31.927125930786133,7859759
2023-05-11,32.332000732421875,33.633377066918925,30.567912558443613,31.233060589683234,17191893
2023-05-12,32.303077697753906,32.823628939913576,31.927125080703444,32.33199742277575,9580713
2023-05-15,30.654666900634766,34.067169721992975,30.04735838355794,30.77034580147802,15911440
2023-05-16,31.66684913635254,31.898205030048736,30.596828842051405,30.654666387387913,13195940
2023-05-17,33.112823486328125,34.26960490931758,31.695770241811335,31.695770241811335,21220761
2023-05-18,32.2163200378418,33.69121465862048,32.07172521416568,33.25742257112483,10027552
2023-05-22,32.245235443115234,33.054983865063804,31.78252559536112,32.418753778154176,9101988
2023-05-23,32.476600646972656,33.488783549607746,32.04280851844819,32.245242814034796,10467505
2023-05-24,32.476600646972656,33.72013757431159,31.898209872862026,32.968232233731584,12686312
2023-05-25,32.8525505065918,33.69121496277231,32.41875841518003,32.70795187337664,12531130
2023-05-26,34.32744216918945,35.42638407002922,33.257419992489325,33.315259440768614,23996213
2023-05-29,36.61208724975586,36.872364809060635,34.732320109935074,34.76123983874671,12196409
2023-05-30,37.624263763427734,38.05805581382962,36.3518073361311,36.90127828216904,11719737
2023-05-31,41.354881286621094,41.354881286621094,36.98803727194164,37.88454109224427,19580008
2023-06-01,41.875431060791016,44.30466895310201,40.71865346954939,41.788675692828875,33567381
2023-06-02,42.3670654296875,43.09005480497352,41.21028776075716,42.13571141919494,12917134
2023-06-05,44.30466842651367,45.46144981223976,42.54058043110319,43.09005139891141,22103152
2023-06-06,42.82977294921875,44.53602526593482,42.106787454915946,44.304667470488546,12879687
2023-06-07,43.234649658203125,44.65170474919376,43.03221158453298,43.523843098069875,14891936
2023-06-08,43.321407318115234,44.21791121822567,42.338144238981144,43.23465194732523,11944367
2023-06-09,44.62278747558594,45.60605055667196,43.29249148595004,43.46600603610815,23347969
2023-06-12,43.697364807128906,46.24227793670632,43.43708726382415,45.403613469191804,13817123
2023-06-13,41.49947738647461,43.69736122809543,41.21028394805612,43.69736122809543,11598513
2023-06-14,40.28486251831055,41.87543222657746,40.169183613495896,41.49947959416348,9044211
2023-06-15,41.55731964111328,41.61515909434809,40.34270254788335,40.34270254788335,7173070
2023-06-16,42.07787322998047,42.8297785469866,41.35488764118487,41.7019205714774,10793786
2023-06-19,39.41727828979492,42.3959834266878,39.157000754350705,42.13570969947721,8614843
2023-06-20,39.01240158081055,39.87998954532115,38.31833577908235,39.35943828990822,7665314
2023-06-21,38.75212860107422,40.19810349203618,38.405095693548766,39.18592068753944,7088876
2023-06-22,40.313777923583984,41.065683107820895,38.37617170855054,38.781044023772964,10514511
2023-06-23,41.49947738647461,41.90434972355386,40.1691814765761,40.978926150734594,9639138
2023-06-26,42.54058074951172,43.20573062251777,41.35488343808955,41.61515715729761,9543797
2023-06-27,43.0322151184082,43.23465320870289,41.991112556217345,42.569503291682686,4381494
2023-07-03,45.230098724365234,45.721730273632616,43.37924762670931,43.37924762670931,19444561
2023-07-04,47.977447509765625,49.71261580395212,45.95308196105902,46.03984113741505,35476909
2023-07-05,46.99418640136719,48.295562675744016,46.12660221844931,48.006369217515946,19282554
2023-07-06,46.18444061279297,47.94852866482669,46.01092225689447,47.31229850143244,17512768
2023-07-07,47.22554016113281,48.35340187801101,46.27119680323085,46.56039406819125,18469066
2023-07-10,50.6091194152832,51.76590081092594,47.34121711370772,47.832848635620856,33346528
2023-07-11,50.34885025024414,53.41431856022981,50.03073705137162,52.05509896451569,24594979
2023-07-12,48.69453048706055,50.54625296482801,48.54986728788367,50.40158976565113,16361987
2023-07-13,48.607730865478516,50.83558759395967,48.31840065361444,48.6945310720481,18879335
2023-07-14,49.90972900390625,50.922390514452395,47.45040873687057,48.66560407353984,21613538
2023-07-17,52.71624755859375,53.468508453431966,50.92239172472198,51.038121532365295,32069386
2023-07-18,49.620399475097656,54.07610561217922,49.18639841301038,53.497441339430964,26455311
2023-07-19,52.774112701416016,53.49744016900011,51.32745395621315,53.49744016900011,37108784
2023-07-20,56.47755813598633,57.085155802442905,52.19544868721726,53.41064402013042,47762995
2023-07-21,58.73434829711914,60.87540111346658,55.320233342369185,56.47755805633045,46576640
2023-07-24,64.60778045654297,64.60778045654297,59.89167371443838,59.89167371443838,44873005
2023-07-25,58.15568161010742,64.43417658937148,58.15568161010742,64.43417658937148,46362256
2023-07-26,56.1303596496582,59.833804739767984,55.40702838735166,58.15568261207497,52386082
2023-07-27,54.394371032714844,57.085154657274714,53.90250699069517,56.41969019688293,29608396
2023-07-28,55.23343276977539,56.85369193074983,54.97303594910103,56.13036065548162,22390963
2023-07-31,60.73073959350586,60.73073959350586,57.22982433064295,57.22982433064295,31491250
2023-08-01,60.20994186401367,65.24431610852353,58.50288244155132,60.470338692506,56748108
2023-08-02,66.22804260253906,66.22804260253906,61.19366848204598,62.466726808935924,57667645
2023-08-03,72.8248062133789,72.8248062133789,68.48482610256087,68.48482610256087,70992760
2023-08-04,71.4649429321289,75.80492298731272,70.07615480092007,73.63493295972081,65745755
2023-08-07,70.48121643066406,74.21359509560368,68.28229294958955,71.52281136274833,44509194
2023-08-08,77.51197814941406,77.51197814941406,68.62949188092534,70.51014786291152,58536897
2023-08-09,78.49571228027344,84.19554747126917,77.5409175141672,79.5951740745882,72441782
2023-08-10,76.73078918457031,82.63315816954264,74.64759923457186,79.71090708247506,49428609
2023-08-11,79.13223266601562,79.53730030958556,76.06531479633686,76.73078306791605,35270996
2023-08-14,83.76154327392578,87.03099512973009,81.67836100534755,82.748889354238,57514545
2023-08-15,78.87184143066406,84.774210077776,77.28051184380176,83.76154094609215,29738951
2023-08-16,76.55718994140625,81.24436359168499,74.76333401772537,78.69824673550407,44416176
2023-08-17,77.04904174804688,80.144892975272,75.22625261894918,76.58611492513546,24248068
2023-08-18,74.93692779541016,78.98756615672558,71.52280906650296,78.20637188776008,29294294
2023-08-21,73.49026489257812,76.78864999222625,72.07254337804177,74.87906062402716,36772923
2023-08-22,77.94598388671875,80.0291661977958,72.15934095571636,73.895337645052,60823827
2023-08-23,75.51559448242188,81.73623098510325,75.51559448242188,78.98757268480313,33555227
2023-08-24,71.9568099975586,78.09063814606809,71.9568099975586,75.92065576252791,25393312
2023-08-25,79.13223266601562,79.13223266601562,71.46494180185337,72.47760329070891,32897590
2023-08-28,83.47221374511719,85.93153018163075,82.19915161158944,83.32754672766296,35393940
2023-08-29,80.72356414794922,85.35287065627371,80.14489607186523,85.06353661823171,26820849
2023-08-31,79.56623840332031,83.0092830963634,78.46677664031242,80.72356697596386,30543202
2023-09-01,78.11957550048828,80.60783306569982,78.03277528634813,79.73983854436804,17401354
2023-09-04,78.9875717163086,81.01289484955444,77.91705095908739,78.26424420302648,26917495
2023-09-05,84.28234100341797,85.90259635070436,78.72717328123377,79.01649969463318,58771579
2023-09-06,81.09969329833984,85.35287330949045,81.01289308422903,85.15033947656524,32120776
2023-09-07,81.67835998535156,83.90620924894094,80.17383058675227,81.64942658114639,28191458
2023-09-08,80.08702850341797,81.93875108915613,80.00022829282999,81.67835807746158,13878210
2023-09-11,81.21542358398438,83.61688083568546,79.56623482370301,80.86823036186006,32654803
2023-09-12,79.9712905883789,82.54634812386153,79.7976977966083,81.33115286105338,27651866
2023-09-13,78.55357360839844,82.02555156277364,78.09063915044472,81.33115749591248,30224287
2023-09-14,81.5626220703125,81.5626220703125,76.26784748014026,78.69823806515777,29055293
2023-09-15,80.72356414794922,81.64942544961411,79.04543434737514,81.56262523820152,16187067
2023-09-18,76.00745391845703,80.14489237105788,76.00745391845703,80.14489237105788,14334246
2023-09-19,80.4052963256836,81.27329081563337,74.30039387229839,75.42878899525392,30175241
2023-09-20,76.44145202636719,80.9839583922807,76.41251862212349,80.40529792747621,16209349
2023-09-21,84.0798110961914,84.0798110961914,75.22625784029768,76.23891938453593,31638626
2023-09-22,92.4704360961914,92.4704360961914,87.11779440914309,87.46499526021745,13687145
2023-09-25,97.3890609741211,101.55544035913236,95.30587890168442,97.50479458149019,61502289
2023-09-26,92.73082733154297,99.90625810863439,92.73082733154297,97.38906722688117,42097871
2023-09-27,94.64041900634766,98.37279769291081,92.03643547108561,92.8754965784455,40319310
2023-09-28,95.19015502929688,96.31855019647611,92.58616383732334,94.32216050532894,28042890
2023-09-29,96.34747314453125,98.05452860239639,93.6856154318509,97.50479397083612,36545887
2023-10-02,92.73082733154297,96.72360656185269,92.58616031304342,96.34747993382332,17941944
2023-10-03,89.54817962646484,94.03281891038021,89.25884560167381,93.10695765111804,20909016
2023-10-04,87.08885955810547,91.39990624038218,86.79952552035013,89.54818363888694,17480568
2023-10-05,92.15216827392578,92.15216827392578,86.88632682110021,87.40712809558988,34474416
2023-10-06,88.96951293945312,91.92069717731174,88.70911231315316,90.82123548633665,17041219
2023-10-09,83.2407455444336,87.58072553706533,83.12501193182268,86.53913064363648,16137344
2023-10-10,91.54456329345703,91.54456329345703,84.7452745409869,84.7452745409869,8701367
2023-10-11,88.8537826538086,93.74348983035274,88.8537826538086,92.64402809822174,32375311
2023-10-12,87.00205993652344,93.04909564618316,84.71633626290138,92.09430093518792,28997010
2023-10-13,84.86100006103516,88.04365151688066,84.48487344375265,87.23352385649999,15327577
2023-10-16,81.15755462646484,88.072584543105,80.57889419154455,87.46499070543521,21030455
2023-10-17,84.42700958251953,85.75793092096657,79.33476859958135,81.59155886226215,26769883
2023-10-18,80.95502471923828,83.12501479017175,80.89715791094301,81.76516003537206,14109947
2023-10-19,78.9875717163086,82.45955749618857,78.35104441902871,81.70729657757236,14930201
2023-10-20,73.66386413574219,77.80131024082407,73.66386413574219,77.51197621387591,20085148
2023-10-23,81.01288604736328,81.01288604736328,73.95319687345429,76.52824680819413,29619677
2023-10-24,83.67475128173828,88.07259070710738,80.37636599765916,82.86461594805343,43315625
2023-10-25,75.86279296875,86.88632874924275,75.66025913528725,83.67475129889812,32877210
2023-10-26,80.3763656616211,82.54635577049375,74.87906449787545,76.93331336806442,38002959
2023-10-27,79.56623840332031,81.996621547809,77.45411509175803,80.86823400005302,24732103
2023-10-30,79.56623840332031,82.02555495262683,78.40890983067675,78.98757030696366,20125616
2023-10-31,75.94959259033203,80.34743198227947,75.94959259033203,80.00023112762455,12434515
2023-11-01,74.64759826660156,77.91705017629654,71.6096135972538,77.30944867038511,21988596
2023-11-02,74.93692779541016,76.81758376961461,74.12679250307774,75.80492227426842,13348502
2023-11-03,74.93692779541016,75.97852269405394,73.14306441102913,74.93692779541016,14178563
2023-11-06,82.38721466064453,82.38721466064453,77.61324120027673,78.91523673312953,16512961
2023-11-07,79.42156982421875,83.97854670349146,79.27690280296206,83.32754891787114,23874985
2023-11-08,82.96588134765625,83.90620551234444,80.2172309307795,80.86822868637014,25629630
2023-11-09,84.0508804321289,85.13587933351667,81.30222975673449,81.7362308413036,25885477
2023-11-10,80.72356414794922,82.82121687357997,80.72356414794922,81.30222460396372,17859409
2023-11-13,78.48123931884766,83.54453893613703,77.97490097504284,83.0382082124012,13625529
2023-11-14,78.48123931884766,79.78322716554767,76.88990983278133,78.84290303293483,13972309
2023-11-15,77.61324310302734,80.14489691226811,76.52825187909681,79.63856615041996,9519737
2023-11-16,76.67291259765625,78.84290248722883,76.67291259765625,77.6132367237607,12023663
2023-11-17,77.83024597167969,79.85556136069312,77.17924820160742,78.69824045841956,12297867
2023-11-20,78.33657836914062,80.14489707946395,78.19191134830085,78.19191134830085,11670839
2023-11-21,81.73622131347656,82.74888277269059,78.26423590185601,78.98756333841773,26856028
2023-11-22,79.8555679321289,82.31489219699792,79.71090852249253,82.0978954624733,11707476
2023-11-23,77.54090881347656,80.21722948485528,77.3962418015008,79.85555814488134,11953163
2023-11-24,77.17925262451172,77.97490983791276,75.51559325455887,77.54091637970672,12739787
2023-11-27,76.09425354003906,77.97490963418119,76.02192383721699,77.68558320282305,10926671
2023-11-28,75.22625732421875,77.25158039880084,74.9369308993282,76.45592320526477,14061015
2023-11-29,73.200927734375,76.16658238108428,72.9839310300035,75.80491866710881,9415244
2023-11-30,73.70726776123047,75.37092715155869,72.766943510221,73.2009369737423,11507604
2023-12-01,72.04361724853516,75.22626143681279,71.75428318775715,74.64760093532688,8511700
2023-12-04,74.71992492675781,79.20457204560172,71.95681152786466,73.34559967326018,30110927
2023-12-05,71.63854217529297,76.02191845370236,71.52280856291749,74.79226025231685,25518151
2023-12-06,67.55896759033203,71.81214766521218,66.546306030602,71.72534744980076,25616485
2023-12-07,68.36908721923828,69.58428247104982,66.2859051562214,67.5589595913869,20118781
2023-12-08,66.54630279541016,68.54269241267733,66.34376896929649,68.34015858656366,11405110
2023-12-11,63.68191909790039,66.54630322552752,63.62405610010008,66.54630322552752,16951691
2023-12-12,64.52098083496094,66.05444363781514,63.47938971364539,64.23165441296943,18864602
2023-12-13,61.569801330566406,65.38898408093289,61.569801330566406,65.38898408093289,11878119
2023-12-14,61.859130859375,63.30578964778859,60.38353866659105,62.40886173237704,14575711
2023-12-15,62.206329345703125,63.47938765947177,61.30939765437297,61.85912850646513,13252287
2023-12-18,59.0526123046875,62.17739705345701,59.0526123046875,62.14846364967017,10653627
2023-12-19,59.86273956298828,61.04900148970425,58.32928060334543,58.99474507565375,17116004
2023-12-20,58.15568161010742,60.2388713424201,57.77955118900501,59.80487030649282,11450504
2023-12-21,59.081546783447266,59.60234425105129,56.88262329577811,58.011018443925956,14398505
2023-12-22,57.80848693847656,62.09059637650544,57.51915290277783,59.86273954176403,17455869
2023-12-25,52.80304718017578,57.20089031235205,52.050786293766905,57.20089031235205,11183173
2023-12-26,54.394371032714844,56.9115542389026,52.31118125238808,54.394371032714844,20267090
2023-12-27,55.98569107055664,58.90794182093901,53.237040732684534,53.989301566826654,26718244
2023-12-28,59.515541076660156,60.75966597011949,55.69636237762684,55.84102939199465,20518849
2023-12-29,62.78499221801758,64.52098124117445,61.13580340802551,63.07432626190027,21601815
2024-01-02,69.06349182128906,69.06349182128906,63.479386961951576,64.92604567944313,15478665
2024-01-03,71.4938735961914,75.94958709491986,68.74522322259703,70.6258791424284,58960995
2024-01-04,69.58428192138672,74.57525938687496,67.99296007996563,72.33293220205447,28811105
2024-01-05,68.16656494140625,70.07615432387078,67.41429645371406,69.58428646653358,14831971
2024-01-08,69.43962097167969,71.98574528415244,68.07976622349199,69.15029455167969,24239166
2024-01-09,68.77416229248047,69.6132234129263,66.19911212145223,69.20816336516094,17019127
2024-01-10,69.58428192138672,72.18826519464002,68.02189348144852,68.80308770141761,25880816
2024-01-11,67.87723541259766,70.94415351345104,67.87723541259766,70.16295919060865,14263331
2024-01-12,67.50109100341797,68.77415302499608,66.22803660190858,66.54629639225156,14143667
2024-01-15,67.44322967529297,68.71629180019423,67.12496985911966,67.53002988517733,11783178
2024-01-16,66.4305648803711,67.53002653089226,65.880837865145,67.53002653089226,9041543
2024-01-17,64.7235107421875,66.9513674909116,64.7235107421875,66.25697345211454,8953941
2024-01-18,65.53363800048828,68.48482217288543,64.46310973618125,65.09964458635083,26674870
2024-01-19,66.86457061767578,67.32749745993408,64.66564716175773,65.53364165855285,15474032
2024-01-22,65.7940444946289,66.69097242532456,65.62044406544851,66.69097242532456,9444459
2024-01-23,67.26963806152344,69.38175367907034,66.1991097408128,66.54630296640174,25265464
2024-01-24,68.34015655517578,69.75788567576043,66.1991076029674,67.26963588910621,21301096
2024-01-25,69.75788116455078,71.4649365833766,69.29494674856073,70.88627618345778,19246301
2024-01-26,71.75428009033203,72.62227461512713,69.49748975382295,69.78682380211123,20003567
2024-01-29,71.9568099975586,74.57526394150806,71.75427617480877,72.40527393789854,19725714
2024-01-30,70.5969467163086,72.1014760450225,70.16295329345961,71.98574243357764,12257886
2024-01-31,70.16295623779297,71.29134375659375,69.12136131114877,70.30761563810033,15558251
2024-02-01,70.5680160522461,71.78321139951052,70.30761541638881,70.74161647615094,11354876
2024-02-02,70.42334747314453,71.52280918013018,69.5553529929073,70.85734852329783,17760495
2024-02-05,71.37814331054688,72.04361159814349,70.01828857168407,70.42334860493426,17367249
2024-02-06,72.83927154541016,73.92427041949658,70.42335128560778,71.8700139110331,28431134
2024-02-07,76.8899154663086,79.27690225022752,72.62227265930413,73.49026716072288,44319323
2024-02-08,75.4432601928711,79.3492392431836,74.64759539482259,78.11957338618059,23173128
2024-02-09,76.09425354003906,77.46857885421716,75.44326335443087,75.58792276007503,13677448
2024-02-12,75.4432601928711,78.04724368638959,74.9369294341256,76.6729184298046,15925597
2024-02-13,71.78321075439453,76.3112541469063,71.66747713949806,76.16658712828571,15664210
2024-02-14,72.21720886230469,73.27327435652276,70.07615970841246,71.78321539843503,15760605
2024-02-15,74.71992492675781,76.31125451927996,72.3329381580441,72.4776051773706,19328280
2024-02-16,75.73258209228516,76.88991056035678,73.6349294827028,74.71992063523112,19734682
2024-02-19,75.22625732421875,78.7705727047374,75.00926060053342,77.25158039880084,20865500
2024-02-20,76.74524688720703,78.33657645754283,74.3582601517727,75.51558867017982,23611637
2024-02-21,84.41253662109375,84.41253662109375,78.9875654609635,80.43422799303056,76161556
2024-02-22,86.9441909790039,90.99483695461149,83.90620649729823,85.06353500748173,69601104
2024-02-23,85.93153381347656,89.83751296954685,85.64220738640931,86.94419535838625,35319314
2024-02-26,84.19554901123047,88.46319213112328,84.12321930583826,86.22087220305352,33493784
2024-02-27,80.00022888183594,84.6295430003343,80.00022888183594,84.19554194419902,22671809
2024-02-28,77.1069107055664,80.94055999825903,77.1069107055664,79.56623476240512,19504799
2024-02-29,83.03821563720703,83.03821563720703,77.17925075300911,78.04724526844326,24681327
2024-03-01,82.74888610839844,90.85017048861415,82.67654878978482,83.90620700552256,60133410
2024-03-04,79.05989837646484,84.12320552666527,78.98756106285121,82.74888038876357,25784505
2024-03-05,78.40890502929688,82.53188067305318,77.68557757321386,79.27689950061034,30452179
2024-03-06,75.29859161376953,79.71090133144764,74.86459056380328,78.40890580161825,21566228
2024-03-07,77.03458404541016,78.6982433818238,76.09425220480429,76.88991702223466,19203876
2024-03-08,77.97490692138672,78.91523874577798,75.87725417168714,77.61324317971918,23344462
2024-03-11,74.93692779541016,80.21723198683834,74.86459047713151,79.63856392088661,12327986
2024-03-12,72.98394012451172,75.00926327120453,72.24614209362908,74.93693356742403,11441287
2024-03-13,71.87001037597656,73.99659648207994,71.87001037597656,73.12860199754653,13096156
2024-03-14,72.83927154541016,73.77960339494707,71.60961326684398,72.33294076952176,13055640
2024-03-15,71.4360122680664,72.83927096490855,71.23347843531121,72.33294019305542,9806620
2024-03-18,66.95137023925781,71.60961012502639,66.95137023925781,71.55174331774545,16192086
2024-03-19,68.19549560546875,68.83202283403213,66.80669991943067,66.92243352827293,11302302
2024-03-20,68.6294937133789,70.45228293720015,67.81936601613275,68.19550027060076,13522666
2024-03-21,69.43962097167969,71.69641124408291,68.77416029958931,69.03456093565188,15940955
2024-03-22,67.7904281616211,70.10508510471662,67.24070113817217,69.29494984058483,12289406
2024-03-25,66.25697326660156,69.29495003535858,66.25697326660156,67.79042835216595,11629788
2024-03-26,65.18644714355469,67.38536293594464,64.66564588372884,66.5463018596279,11398645
2024-03-27,64.7235107421875,66.54629985657299,64.2605839230125,65.24431198633714,11499751
2024-03-28,66.0255126953125,67.70363496169497,64.95498431984234,65.09965134626667,11892190
2024-03-29,67.84829711914062,68.25335714399067,65.27324709378979,66.02550795714214,19638782
2024-04-01,66.89350128173828,71.29134039337758,66.86456787902785,67.9929629646654,24016162
2024-04-02,65.67830657958984,69.49748529149234,65.67830657958984,67.41429551771475,11967081
2024-04-03,67.2985610961914,68.86095721776273,65.24431237016789,65.82297280255816,16303544
2024-04-04,66.4016342163086,68.31123119757781,66.02550759672029,67.9929637640214,10844606
2024-04-05,68.74523162841797,69.0634990944059,66.63310823063821,66.83564207263052,14427281
2024-04-08,72.13040924072266,72.13040924072266,69.41068461971814,69.873619064168,13458196
2024-04-09,72.13040924072266,72.13040924072266,72.13040924072266,72.13040924072266,0
2024-04-15,70.91521453857422,73.12860081948132,70.91521453857422,72.18826903134459,12830437
2024-04-16,68.05083465576172,71.05988589347211,67.93510103661096,70.88628546474598,9640447
2024-04-17,66.80670166015625,69.58428548453651,66.40163401865382,68.83202462752983,10040632
2024-04-18,68.13763427734375,68.5716277253137,66.51737124339883,67.26963976133418,8561478
2024-04-19,67.55896759033203,68.28229509869068,66.19911278902615,66.546306030602,11218253
2024-04-22,67.55896759033203,69.67109092520354,67.55896759033203,68.39802871923924,11814160
2024-04-24,67.53003692626953,69.03456643440047,67.03817663904316,68.36909808923461,8543541
2024-04-25,67.90616607666016,68.88989419684283,67.2407054018532,67.90616607666016,10870752
2024-04-26,69.84468841552734,70.04722224296053,67.21177151910437,68.6294930709977,18770003
2024-04-29,69.61322021484375,71.40707599270583,69.00562636107414,71.08881617409766,14205786
2024-04-30,68.28229522705078,69.64215765098282,68.10870241597145,69.61322424579129,9869060
2024-05-02,75.08158874511719,75.08158874511719,68.91882705572137,69.15029428689066,22869637
2024-05-03,77.83024597167969,78.84290747622111,73.99659667018162,75.22625489139065,39068890
2024-05-06,70.0472183227539,73.70725942336314,70.0472183227539,70.0472183227539,58215114
2024-05-07,69.84468841552734,71.17560975566359,67.99296580484861,70.0182888390415,26944006
2024-05-08,69.72895050048828,71.72534000766832,69.72895050048828,70.88627896582105,16526251
2024-05-09,68.16656494140625,70.2208137206653,68.13763153803347,69.84468709688856,10032026
2024-05-10,67.12496948242188,69.52641908220446,67.12496948242188,68.4848241895068,16727618
2024-05-13,62.929656982421875,67.67469703152636,61.33833122825872,67.64576362817606,15569674
2024-05-14,61.193668365478516,62.958590739628555,61.193668365478516,62.524593496969274,14876485
2024-05-15,63.16112518310547,66.17017631772646,62.61139432100791,63.21898818066361,24485153
2024-05-16,64.54991149902344,65.09964615560327,63.36365340703399,63.36365340703399,11063309
2024-05-17,64.60778045654297,65.8519092059547,63.45045572899027,63.45045572899027,15209290
2024-05-20,64.694580078125,65.7651083941212,63.681918569483706,64.60777986709265,14356680
2024-05-21,64.52098083496094,65.56257576631128,63.76871994567169,65.44684214948684,17176262
2024-05-22,65.09964752197266,67.18283733996579,64.75244667895066,64.83924688970616,15032554
2024-05-23,63.79764938354492,66.98030078814108,63.76871598113762,66.74883356888263,12555815
2024-05-24,61.22260284423828,63.19005526749832,61.22260284423828,62.78499142123788,13171790
2024-05-27,58.47394943237305,61.42513382874592,57.866351748405734,61.25153340188817,14663292
2024-05-28,60.78860092163086,61.19366857218015,57.14302254696492,58.73434831544729,22588974
2024-05-29,59.0526123046875,61.974863226949175,59.0526123046875,61.85912961180185,13130024
2024-05-30,60.4703369140625,61.25153118659923,58.50288072097106,59.05261157610363,14891166
2024-05-31,58.73434829711914,61.10686834227966,58.560747875509335,60.26780344786696,15922173
2024-06-03,61.07793426513672,63.566187897264385,60.18100638344639,61.04900086185415,33396282
2024-06-04,58.35821533203125,61.1936698970936,58.21355212088052,61.04900287590807,13327790
2024-06-05,58.09782028198242,59.02368162583566,57.60595620493321,58.99474822071306,17184074
2024-06-06,57.95315170288086,59.718077937943946,57.95315170288086,58.50288257543921,18086169
2024-06-07,54.394371032714844,58.300349965810206,53.96036998678457,58.24248315968617,27213401
2024-06-10,53.32384490966797,55.464901583255674,53.32384490966797,54.394373246461825,12966799
2024-06-11,52.94771194458008,54.56796726474095,52.71624472168018,53.38170917748278,8926094
2024-06-12,52.0797119140625,54.51009862245346,52.0797119140625,54.307568619274335,10691541
2024-06-13,50.7777214050293,53.2370415708029,50.34372417695567,52.571577122404896,20356373
2024-06-14,50.690921783447266,51.61678305537953,49.24426306979878,50.806655394947455,24137887
2024-06-20,50.7487907409668,51.8771858808688,50.025463258490475,51.50105543757972,11343240
2024-06-21,51.44318771362305,51.73251793945618,50.199058979460744,50.777723241161716,15817943
2024-06-24,52.31118392944336,53.613175703760454,51.58785262591064,51.58785262591064,22243003
2024-06-25,51.12491989135742,54.10503757827354,50.92238987780114,52.31118180946371,40493571
2024-06-26,48.40520477294922,51.15385534296203,48.173741346754845,51.12492193843338,15876358
2024-06-27,48.89706802368164,48.95493483177299,48.173740542609266,48.578804389213964,8289200
2024-06-28,47.7108039855957,49.388929916549046,47.50827397619237,49.186396097111114,10911275
2024-07-01,44.81748962402344,48.17374171477799,44.41242576756268,47.739740643532684,13363125
2024-07-02,45.51188659667969,45.71442042578309,44.00736101058737,44.84642211108902,8119603
2024-07-03,45.54081726074219,46.3798783107593,44.96215302244141,45.569750663158956,9863195
2024-07-04,47.73973846435547,48.26053591604212,45.54081885392769,45.627619064214585,22488196
2024-07-05,47.73973846435547,48.17373951578992,46.72708077444582,47.07427780555869,11258803
2024-07-08,48.23160171508789,49.64932702956048,47.797604480864415,48.029071704468734,10963214
2024-07-09,49.475730895996094,50.11226195697295,48.405202596636954,48.607732609196866,13166591
2024-07-10,49.44679641723633,50.141190459530144,48.63666876454869,49.85186024358015,11057147
2024-07-11,51.385318756103516,51.58784876270092,49.76505965315148,50.054393676911424,13556651
2024-07-12,50.661991119384766,53.15024485098195,50.633057714945565,52.86091461662476,16247629
2024-07-16,49.186397552490234,51.09599076216142,49.186397552490234,50.661989707667026,10271468
2024-07-17,48.52093505859375,49.38892951476881,48.31840124080344,49.12853270193012,9930744
2024-07-18,48.81026840209961,49.47573289316685,48.43413795498979,48.75240159330813,12332470
2024-07-19,55.68185806274414,57.03020646491332,52.03631784942058,52.635586769300495,19361109
2024-07-22,53.33473587036133,56.38100738843598,53.33473587036133,56.131312939248964,11923526
2024-07-23,51.636810302734375,53.98393648511718,51.28723580512253,53.53448573677895,11898037
2024-07-24,49.87895584106445,52.13619552575804,49.87895584106445,51.636806687024794,11600761
2024-07-25,48.78030776977539,51.486994685896974,48.360819113714946,50.438278760798255,10035621
2024-07-26,53.63436508178711,53.63436508178711,48.14108754437946,49.13986527845358,26601521
2024-07-29,58.97782516479492,58.97782516479492,52.98515868620371,53.63436574539832,21443388
2024-07-30,61.42483139038086,64.87061156669151,60.72568620604438,60.92544251728833,63639929
2024-07-31,64.37122344970703,66.81823352864483,59.4772147219358,61.62458842547073,51889668
2024-08-01,63.07281494140625,67.61724902414115,62.92299675844371,65.36999913991102,24763890
2024-08-02,59.42727279663086,62.77317654772147,58.52837134796212,61.924217031783414,18908868
2024-08-05,53.48454666137695,56.73057428277747,53.48454666137695,53.93399740173165,38503547
2024-08-06,52.08626174926758,56.231187170529594,51.88650543510241,55.4321657239037,25665016
2024-08-07,51.73668670654297,53.38467151864775,51.23729783136392,52.53570814482251,15363202
2024-08-08,51.287235260009766,52.43583118132895,50.93766457614812,51.93644231293534,12799196
2024-08-09,49.93888854980469,52.48577110383776,49.51940371480305,51.63681152250501,14062332
2024-08-12,48.26094055175781,51.337177849080426,48.101136264236814,50.53815260144069,11491389
2024-08-13,48.94010925292969,50.58809404770549,48.18103984705463,48.260940085025034,19672536
2024-08-14,47.94132995605469,50.48821234796318,47.92135394470218,49.55934877526185,10497492
2024-08-15,48.60052490234375,48.820257225378214,47.082382273269204,48.240964304663635,11785517
2024-08-16,47.00248336791992,49.0799391544944,46.9026033046013,49.039987129166946,11438482
2024-08-19,51.68674850463867,51.68674850463867,47.042430448323906,47.94133194633152,25404511
2024-08-20,50.68796920776367,53.68430236290241,50.33839853034467,52.43583021492794,38086924
2024-08-21,48.82025909423828,51.33717956431317,48.680430814239934,50.68797248142384,14405383
2024-08-22,48.26094055175781,50.93766522526056,48.24096453956334,49.13986603814067,14608869
2024-08-23,47.14230728149414,49.439495184631745,47.14230728149414,48.26093721684181,15742019
2024-08-26,48.94010925292969,51.83656622252513,48.7403529429516,49.9388869927854,38036516
2024-08-27,49.61927795410156,51.287234935154665,48.66045224726739,49.03998504161758,23497233
2024-08-28,48.7403564453125,49.98882870984425,48.48067589070529,49.61928198635265,12668856
2024-08-29,49.15983963012695,49.21976385372545,48.10113389615021,48.8602032719962,10613103
2024-09-02,50.08870315551758,50.188579401456906,49.27969184728464,49.6392524287215,11476851
2024-09-03,49.57932662963867,51.68674828023547,49.45947436710292,50.23851978863738,12530015
2024-09-04,49.988826751708984,50.737910081085346,48.20101362452237,49.3396234856037,16648922
2024-09-05,50.0626106262207,50.762089003474486,49.56298375844664,50.41235172077285,17106331
2024-09-06,49.22323989868164,50.21250282559422,49.1832726441852,50.21250282559422,8246395
2024-09-09,47.8642578125,49.20325803648964,47.8642578125,48.94344991782785,6466832
2024-09-10,46.245460510253906,48.22398239996866,46.245460510253906,47.86425426607994,8122422
2024-09-11,43.9671630859375,46.60519226119769,43.9671630859375,46.24546031696214,10780169
2024-09-12,44.147029876708984,45.10631253789227,42.748073136928845,44.7265950550633,11172801
2024-09-13,45.42607498168945,45.42607498168945,43.72734282855588,44.14703138961268,11148153
2024-09-16,44.78655242919922,46.065595999672745,44.54673366566069,45.86574830067415,7382269
2024-09-17,45.34613800048828,45.34613800048828,44.586702986407,44.94643496025069,7666655
2024-09-18,43.707359313964844,44.98640285354721,43.5674605914539,44.886475194610824,11007192
2024-09-19,44.30691146850586,44.52674851350162,43.78729906060259,44.067088891069524,9293258
2024-09-20,44.68663024902344,45.1662716058686,43.90720970878073,44.346883811443455,12423334
2024-09-23,44.38684844970703,46.005642221988566,44.14702969134339,45.066341284821405,9577838
2024-09-24,43.84725570678711,44.64665794604815,43.66738972647205,44.4667919657331,8437322
2024-09-25,43.167762756347656,44.54673399847343,43.167762756347656,43.86724114362018,11850667
2024-09-26,41.928688049316406,43.74732963938199,41.928688049316406,43.42756873201996,8858554
2024-09-27,43.86724090576172,45.266193860870764,41.848747884566,41.96865726658094,23063042
2024-09-30,44.06708908081055,45.46604586286985,42.06858157035473,43.88722309992148,18860293
2024-10-01,42.50825500488281,44.20698712487082,41.58893958212733,43.76731303978539,11483314
2024-10-02,40.86948013305664,42.48827014997986,40.66962861954561,42.34837523407732,8987091
2024-10-03,40.03010559082031,41.82876153322799,40.03010559082031,40.92943165609893,8745780
2024-10-04,40.46977615356445,40.46977615356445,39.21071812822333,40.269924644757,9266243
2024-10-07,41.32913589477539,43.487523851956574,40.56970090674187,40.9094473357357,20672605
2024-10-08,40.86948013305664,41.828762823688876,40.32988219013204,41.009375048959186,10864437
2024-10-09,40.86948013305664,40.92943291881455,40.03010682579079,40.86948013305664,5549209
2024-10-10,40.34986877441406,41.86873498009731,40.34986877441406,40.78953906611816,12168092
2024-10-11,39.07081985473633,40.56970047031727,39.07081985473633,40.42980555609247,5933139
2024-10-14,37.77178955078125,39.3705977770725,37.73181848745762,39.31064118208707,5650583
2024-10-15,39.950164794921875,40.76955257168774,37.83174789488213,37.83174789488213,16424616
2024-10-16,41.06932830810547,43.02786858886808,39.4905093380562,39.710346386637354,29686494
2024-10-17,40.94941711425781,41.46902950767971,40.46977578460309,41.06932649370888,10709993
2024-10-18,40.18998718261719,41.50900183219249,40.18998718261719,41.029360487969704,7680877
2024-10-21,40.5697021484375,42.16851049163373,40.38983616217979,40.66962981405327,11586828
2024-10-22,42.088565826416016,43.42756597028613,40.68961289863484,40.68961289863484,25676727
2024-10-23,41.209224700927734,43.00788061757522,40.88946000664447,42.02861243864326,16413225
2024-10-24,42.568206787109375,42.78804382447444,41.62890966610936,41.74881904474012,11118204
2024-10-25,43.30765914916992,43.88722436170262,42.16851044535506,43.00788377635296,14549002
2024-10-28,44.007137298583984,44.82652509160747,42.98789798758755,43.307658891604,8787484
2024-10-30,44.466793060302734,44.986405481575545,43.62741973545446,44.2669415426054,12101257
2024-10-31,43.00788116455078,45.06634139491064,42.568207086726,44.90646095166084,10193744
2024-11-01,42.94792556762695,43.56746182314571,42.60817914133914,42.94792556762695,12455402
2024-11-04,41.40907287597656,42.94792452301888,40.68961278804609,42.94792452301888,9034542
2024-11-05,41.10929870605469,41.7887915616796,40.469776915313716,41.449045133867145,6633236
2024-11-06,44.74658203125,45.206241656605684,40.84949466496453,41.4290598620252,29439114
2024-11-07,46.145538330078125,47.564476820781486,44.96641860395959,45.665896989057956,28201667
2024-11-08,50.46231460571289,50.612204193638405,45.76582119687049,46.20549528846502,35919375
2024-11-11,49.50303268432617,50.91198034765694,48.86351088137471,48.98342026646545,28700637
2024-11-12,48.263954162597656,50.26246161290688,48.14404478289723,49.56298324292856,14681478
2024-11-13,47.7843132019043,48.64367202208672,47.22472973921911,48.14404515564117,13739833
2024-11-14,48.36388397216797,49.12331515983066,47.90422434115702,48.2639563081001,12344011
2024-11-15,49.96268844604492,51.31167950934789,48.96343467712403,48.98342020992452,23356696
2024-11-18,49.20325469970703,50.76208805856079,49.12331257266303,50.212499276609776,12963276
2024-11-19,48.06410217285156,49.523015493942786,47.42458040506658,49.283192925098206,9975336
2024-11-20,46.964927673339844,48.463808343765585,46.50527184925345,48.18401850507833,7924798
2024-11-21,49.02339172363281,49.02339172363281,46.904970969624245,47.464554457601146,11026395
2024-11-22,47.90422439575195,49.50303271600436,47.84427160909353,49.26321013381878,13143103
2024-11-25,48.164031982421875,48.36388349674242,47.60444850469448,48.044122598569786,8866455
2024-11-26,49.3431510925293,49.72286477184422,47.724357277911004,48.16403136616066,18674008
2024-11-27,49.48304748535156,50.712129173413196,48.92346399806836,49.88274670896759,19456010
2024-11-28,47.94419479370117,49.42308989633876,47.764328812529655,49.42308989633876,11288699
2024-11-29,47.98416519165039,48.164031170321074,47.144791895137395,47.96417965937026,11397278
2024-12-02,46.34539031982422,47.66440497419717,46.34539031982422,47.66440497419717,9073770
2024-12-03,45.685882568359375,47.38461089010738,45.685882568359375,46.66515078376312,12033090
2024-12-04,44.926448822021484,46.125554114735,44.88647775616588,45.78580767866368,11563289
2024-12-05,45.28617858886719,46.02562802383565,44.96641770127284,44.96641770127284,11975841
2024-12-06,45.386104583740234,45.96567360232745,45.28618073108412,45.88573147072205,8655485
2024-12-09,46.42532730102539,47.164776737166484,45.406088040758156,45.52600123268404,24690410
2024-12-10,45.12630081176758,46.405344437728886,44.82652543841423,46.365377183305604,15007156
2024-12-11,44.926448822021484,46.0655975159516,44.326898081590045,45.2661952580928,15129802
2024-12-12,45.00638961791992,45.72584972271357,44.806538106424256,45.34613604390739,10267920
2024-12-13,46.5252571105957,46.84501801347122,44.706615546047196,44.96641985018957,18545623
2024-12-16,47.064849853515625,48.14404572754605,46.74508896014006,46.86500215404379,16673460
2024-12-17,46.34539031982422,47.304673011758986,45.406089348602166,47.1248070305399,11599075
2024-12-18,45.1662712097168,46.50527141527588,45.06634354551052,46.345390964396465,8294728
2024-12-19,42.068580627441406,45.06634182593416,40.68961322066709,45.06634182593416,16939597
2024-12-20,39.970149993896484,41.76880598125172,39.33062820389023,41.76880598125172,20428321
2024-12-23,38.97089767456055,40.24994130152314,38.8709738206481,40.11004638130544,10989055
2024-12-24,39.8702278137207,40.76955393914367,38.89095574342239,39.130778330645605,14557698
2024-12-25,40.2099723815918,40.56970052788725,39.81026935879614,40.36985282833995,5883692
2024-12-26,39.73032760620117,40.469777061829085,39.67037482050875,40.38983493177177,8261867
2024-12-27,39.950164794921875,41.1292845345314,39.910193729750226,40.13003077634371,41129391
2024-12-30,39.170745849609375,40.13002848792217,39.07081819237865,39.97014804820337,7773838
2024-12-31,38.551212310791016,39.39058181896564,38.171494810533,39.17074858142732,8668372
2025-01-02,38.63114929199219,38.91093911835757,37.67186662001045,38.61116375984459,18981417
2025-01-03,39.39057922363281,39.71034391615319,38.171492295522334,38.79102852533916,30888634
2025-01-06,39.4305534362793,40.18998844741983,39.05083974255971,39.59043388938509,15854833
2025-01-07,39.07081985473633,39.99013528112158,38.99088153740095,39.47052287696479,13956549
2025-01-08,38.63114929199219,39.79028347359941,38.491254378809494,39.070819563687856,18132911
2025-01-09,39.450538635253906,39.61041908700552,38.65113637649585,38.751060229396614,14509854
2025-01-10,38.531227111816406,39.590433678557794,38.35136112654887,39.45053875931653,15159237
2025-01-13,37.29214859008789,38.73107257711572,36.892445576654936,38.53122488224969,13285254
2025-01-14,37.012359619140625,37.59192480891388,36.452776149833234,37.47201542686606,12560119
2025-01-15,37.372093200683594,37.65188304156688,36.53271986618303,37.07231401476499,12857199
2025-01-16,37.39207458496094,37.81176315435344,36.81250937523401,37.73182102233557,11405262
2025-01-17,37.0922966003418,37.43204301378037,36.97238722261359,37.2721625728593,7778252
2025-01-20,37.21221160888672,38.151508768730395,36.83249411369435,37.272164394756174,17759978
2025-01-21,36.61265563964844,37.17223909433121,36.532717324322576,37.15225356253714,9980377
2025-01-22,36.71258544921875,36.9324186881304,36.27291134769416,36.71258544921875,8306258
2025-01-23,36.83249282836914,37.23219203033617,36.53271747393126,36.81250729649322,11353980
2025-01-24,36.992374420166016,37.47201576452993,36.33286709518431,36.912432290180085,17848332
2025-01-27,36.15299987792969,37.15225359747036,36.15299987792969,36.83249271216538,12683580
2025-01-28,37.012359619140625,37.87171844949284,36.23293910620345,36.25292463851984,32891218
2025-01-29,36.272911071777344,37.21221205472534,36.252925538964554,37.01236053844807,12060542
2025-01-30,36.37283706665039,37.21221034701465,36.21295662333579,36.51273197806936,15631504
2025-01-31,35.8332405090332,36.63264275612515,35.8332405090332,36.492747839365386,9979947
2025-02-03,34.01459884643555,35.5134794838441,33.99461331384803,35.49349395125658,13227350
2025-02-04,34.41429901123047,34.81400205029707,34.03458531715295,34.174480237271055,12332814
2025-02-05,34.4742546081543,34.59416399164711,33.574924702331785,34.51422567326876,11301899
2025-02-06,35.313629150390625,35.75329944646289,34.69409286686818,34.8140022545514,12157789
2025-02-07,36.63264083862305,36.952401720722236,35.1537458059517,35.1537458059517,14450867
2025-02-10,34.57417678833008,36.972387213398804,34.51422400540611,36.672611863227814,24480430
2025-02-11,34.2744026184082,34.75404395756846,33.97462725791436,34.57417797890205,10979773
2025-02-12,33.13525390625,34.514225136446285,32.79550748176253,34.45426853970714,23051358
2025-02-13,33.395057678222656,33.73480409738398,33.095282322927474,33.23517723460853,11431336
2025-02-14,33.275150299072266,33.61489673866012,33.17522644524965,33.355092431610906,10555290
2025-02-17,33.415042877197266,33.7947603564411,33.335104562111965,33.375075625579825,11946314
2025-02-18,32.815494537353516,33.27515036480669,32.435777030746216,33.27515036480669,15026683
2025-02-19,32.55569076538086,33.0752993890541,32.155987719023706,32.89543339937846,14153878
2025-02-20,33.37507629394531,33.71482271652501,32.5556885356973,32.63562685238344,17318172
2025-02-21,32.07604217529297,33.814745286714526,31.75628320286366,33.415042282846244,24360419
2025-02-24,31.67634391784668,32.39580400944588,31.496477941984267,32.39580400944588,10291232
2025-02-25,31.11676025390625,31.896178842215495,31.036820032484165,31.676343709786064,11656682
2025-02-26,31.17671775817871,31.696328259605647,30.697074509739984,31.116761160920575,13871611
2025-02-27,30.577165603637695,31.176718244086533,28.878433440020206,30.29737386318149,36663150
2025-02-28,29.977611541748047,30.81698481739101,29.697819814558656,30.71705906440014,17629810
2025-03-03,30.21743392944336,31.236673237438104,30.117508170751172,30.137493703674675,15082905
2025-03-04,29.737791061401367,30.177463233715798,29.278133357180547,30.177463233715798,10537940
2025-03-05,30.976865768432617,31.11676068136172,29.617880079663365,29.857700747224072,16526654
2025-03-06,34.07455062866211,34.07455062866211,31.116760506143443,31.136746038142274,31544189
2025-03-07,33.57492446899414,35.15374722338777,32.97537374384624,34.973881243473286,36311444
2025-03-10,34.77402877807617,35.77328250050279,33.53495629690342,33.574923548794146,31847064
2025-03-11,34.034584045410156,34.933910131929586,32.4157902283442,32.99535923214942,32080032
2025-03-12,34.33435821533203,34.79401400882613,32.95538702299932,34.17447777360146,20297487
2025-03-13,35.493492126464844,36.27290879805373,34.354343510496356,34.654118860195894,26379517
2025-03-14,35.37358474731445,36.0530776113402,35.193718764963485,35.49349413159823,16261331
2025-03-17,35.19371795654297,35.85322527273038,34.8140004678743,35.85322527273038,14385641
2025-03-18,34.39431381225586,35.23368715297025,34.09453843596874,35.19371989815583,15117826
2025-03-19,30.956880569458008,32.95538805989571,30.956880569458008,32.21594242307006,16611694
2025-03-20,30.297372817993164,31.716313192204332,29.73779126231031,30.497224326556804,27460112
2025-03-21,27.319597244262695,30.29737291462155,27.27962618005239,30.29737291462155,21295177
2025-03-24,26.340330123901367,28.059045931094847,24.921389686894724,27.319598366165373,41853066
2025-03-25,28.059045791625977,28.818478885706526,26.480224910910586,26.680076427325318,40659500
2025-03-26,28.558671951293945,29.83771743082241,27.479477983103614,28.05904507887388,66414357
2025-03-27,27.67932891845703,29.438013795564604,27.57940316486734,28.938386933541373,28582799
2025-03-28,29.338090896606445,29.338090896606445,26.680076057164612,28.138985626605116,34324860
2025-04-02,30.61713409423828,32.25590962385853,28.73853789486326,29.438014371833365,76091827
2025-04-03,29.69782066345215,31.156732124600396,29.53794021646676,30.617134186580763,23499499
2025-04-04,28.49871826171875,29.977613398629035,28.478732728697583,29.83771847933154,20167589
2025-04-07,28.13898468017578,28.478731098384916,27.199685647131393,27.739283572260685,23702535
2025-04-08,28.75852394104004,29.29811998114894,28.37880644436591,28.75852394104004,20574039
2025-04-09,27.859193801879883,29.4180310292092,27.799239110344224,28.678583480518498,25269116
2025-04-10,28.238910675048828,29.19819334224591,28.218925143000913,28.81847776296171,17675853
2025-04-11,28.718551635742188,29.258149558477896,27.83920920222963,28.338836061388523,25965756
2025-04-14,28.698566436767578,29.378059278051705,28.618626214612107,29.078283921449994,13567594
2025-04-15,28.538686752319336,29.178210452516115,28.318851612019834,28.79849295772345,12472955
2025-04-16,27.799238204956055,28.758522767910204,27.619372230281822,28.538685729563827,10789041
2025-04-17,27.879179000854492,28.099016043730842,27.0997623024391,27.859193468606595,17673279
2025-04-18,27.299612045288086,28.07903065357287,27.219671821817233,27.99909043010202,8462335
2025-04-21,27.75926971435547,28.71855239443911,27.479477979701773,27.979104852059987,23900373
2025-04-22,27.139732360839844,28.019076749649784,26.999837442316803,28.019076749649784,10430021
2025-04-24,27.279626846313477,27.439507295209026,26.839956564813356,27.37955260335452,10858151
2025-04-25,27.859193801879883,27.89916486685384,27.29961223372143,27.31959776620841,14953168
2025-04-28,27.2596435546875,28.318852018120335,27.179703329257197,28.099016874668333,13674423
2025-04-29,27.49946403503418,28.17895689931276,27.15971760289489,27.279626987223285,20439557
2025-04-30,27.19968605041504,27.959119119676274,26.89991069151532,27.57940353800828,19429340
2025-05-02,27.21967124938965,27.47947744668754,26.999836115949233,27.199685717460913,10441045
2025-05-05,26.480224609375,27.69931350903199,26.440253544177086,27.47947836821934,9667358
2025-05-06,26.480224609375,27.039806180668748,26.380298852305508,26.480224609375,9758544
2025-05-07,25.141223907470703,26.48022406949663,25.141223907470703,26.48022406949663,20926894
2025-05-08,24.98134422302246,25.421016415006743,24.581643096639166,24.661583321915824,9517715
2025-05-09,26.24040412902832,26.540179496517116,25.201179297339927,25.460985505262023,18113389
2025-05-12,27.839210510253906,28.258897167903346,26.460239246866326,26.460239246866326,28883114
2025-05-13,28.079030990600586,28.27888059871385,27.079777232258397,27.559418578840578,19196807
2025-05-14,27.619373321533203,28.478732165185782,27.35956711517486,28.079031042298055,18747496
2025-05-15,27.059791564941406,27.77925358123255,26.3802987077038,27.63935866565726,13934915
2025-05-16,27.01982307434082,27.219672686403204,26.440254053361528,26.60013641130689,15453078
2025-05-20,28.079030990600586,29.09827028153169,27.939134168403484,28.9783589919235,46080993
2025-05-21,28.099016189575195,28.798492668554804,27.459492495799942,28.178956413056444,23597908
2025-05-22,27.71929931640625,28.73853861795304,27.479478640617355,28.678583925487143,13596038
2025-05-23,26.640104293823242,27.679329088042792,26.580149603672186,27.65934355601736,10589843
2025-05-26,26.040552139282227,26.779999684092935,25.98059744806116,26.760016057636093,8303180
2025-05-27,25.181194305419922,26.08052226505809,25.16120877375736,25.880670760282854,9515590
2025-05-28,24.861433029174805,25.760762949453795,24.801478336464644,25.181195837454734,11380615
2025-05-29,24.861433029174805,25.381045448463706,24.801478336464644,25.14122477169775,7968102
2025-05-30,25.24114990234375,26.76001605667483,24.561657048778514,24.961358166780045,25071954
2025-06-02,24.181941986083984,25.001329772187397,24.002076002612444,25.001329772187397,9758933
2025-06-03,24.20192527770996,24.701552155576252,24.20192527770996,24.36180572615315,10335671
2025-06-04,24.44174575805664,24.56165704640816,24.082015704852616,24.241896152037796,15468153
2025-06-05,24.401777267456055,24.5616577190195,24.28186597582081,24.501703026164538,4902129
2025-06-10,24.561656951904297,24.84144868636447,24.421762037636842,24.521687793224423,13254394
2025-06-11,24.301851272583008,24.82146368807729,24.281865739850463,24.581643013062692,16966150
2025-06-12,23.422508239746094,24.361805384703533,23.422508239746094,24.14197024765663,17956907
2025-06-13,22.443239212036133,23.06277740053936,21.623851409057124,21.983583383409023,20952516
2025-06-16,22.623104095458984,22.78298454160938,22.00356784310751,22.443238117058474,10544462
2025-06-17,22.26337432861328,22.98283634546877,22.183434104518227,22.643089916583467,9143597
2025-06-18,21.54391098022461,22.243389389149407,21.16419538213065,22.203418323073553,11268940
2025-06-19,20.964344024658203,21.723777132605708,20.82444910416865,21.52392751846711,11215129
2025-06-20,21.30409049987793,21.503942020267075,20.944358525547607,21.084255352190148,11560528
2025-06-23,21.02429962158203,21.184180067638337,20.44473062222135,20.82444811104902,11128173
2025-06-24,21.923627853393555,22.063522768782917,21.463970136374495,21.763747405541345,14028497
2025-06-25,20.524673461914062,21.424001478604506,20.24488171866412,20.704537540511893,45022780
2025-06-26,20.08500099182129,20.784477481472347,20.08500099182129,20.524673180638576,15701630
2025-06-27,20.02504539489746,20.264866058163122,19.875155812671863,20.065014552479134,12724860
2025-06-30,20.32482147216797,20.58462767645031,19.855172894768316,20.04502973541961,24303040
2025-07-01,22.34331512451172,22.34331512451172,20.264867338924024,20.344807565064887,48779921
2025-07-02,21.863670349121094,23.062775564200216,21.823701191778564,23.00282087522382,38875992
2025-07-03,22.083507537841797,22.62310355420841,22.02355284845111,22.163447759004452,23548609
2025-07-04,22.063522338867188,22.20341725153065,21.723775917320005,22.123477029162206,11646184
2025-07-07,21.284103393554688,21.703790030612748,21.06426826211483,21.48395489917289,12071739
2025-07-08,21.059999465942383,22.079999923706055,21.040000915527344,21.34000015258789,21853423
2025-07-09,21.520000457763672,21.860000610351562,21.059999465942383,21.079999923706055,18793782
2025-07-10,21.719999313354492,22.139999389648438,21.520000457763672,21.520000457763672,14870864
2025-07-11,21.760000228881836,22.299999237060547,21.520000457763672,21.739999771118164,14587617
2025-07-14,21.280000686645508,22.0,21.219999313354492,21.700000762939453,12189679
2025-07-16,21.15999984741211,22.139999389648438,20.799999237060547,21.280000686645508,26048101
2025-07-17,22.260000228881836,22.540000915527344,21.31999969482422,21.31999969482422,30547468
2025-07-18,22.399999618530273,22.5,21.959999084472656,22.1200008392334,14275251
2025-07-21,22.639999389648438,22.799999237060547,22.420000076293945,22.459999084472656,11571149
2025-07-22,22.639999389648438,23.15999984741211,22.459999084472656,22.739999771118164,15445548
2025-07-23,23.200000762939453,23.920000076293945,22.579999923706055,22.639999389648438,32188262
2025-07-24,23.360000610351562,23.540000915527344,22.81999969482422,23.100000381469727,23039079
2025-07-25,23.6200008392334,24.020000457763672,23.020000457763672,23.299999237060547,19432277
2025-07-28,24.459999084472656,25.0,23.780000686645508,23.780000686645508,29212513
2025-07-29,24.360000610351562,24.68000030517578,24.040000915527344,24.440000534057617,12339036
2025-07-30,24.15999984741211,24.479999542236328,23.959999084472656,24.260000228881836,14079611
2025-07-31,25.420000076293945,25.5,24.040000915527344,24.100000381469727,32198886
2025-08-01,25.219999313354492,25.68000030517578,25.020000457763672,25.360000610351562,14535526
2025-08-04,25.540000915527344,25.860000610351562,25.1200008392334,25.200000762939453,15113888
2025-08-05,25.31999969482422,25.860000610351562,25.299999237060547,25.5,11822442
2025-08-06,25.219999313354492,25.540000915527344,24.600000381469727,25.200000762939453,17893769
2025-08-07,25.139999389648438,25.799999237060547,25.139999389648438,25.280000686645508,16235944
2025-08-08,24.719999313354492,25.3799991607666,24.639999389648438,25.0,15494222
2025-08-11,25.65999984741211,26.059999465942383,24.81999969482422,24.899999618530273,26539144
2025-08-12,24.3799991607666,24.899999618530273,23.920000076293945,24.639999389648438,24839780
2025-08-13,23.799999237060547,24.540000915527344,23.799999237060547,24.3799991607666,12917255
2025-08-14,23.639999389648438,24.5,23.639999389648438,23.84000015258789,14426263
2025-08-15,25.100000381469727,25.760000228881836,23.639999389648438,23.700000762939453,37829776
2025-08-18,27.600000381469727,27.600000381469727,25.100000381469727,25.15999984741211,48462804
2025-08-19,27.239999771118164,29.219999313354492,26.979999542236328,28.399999618530273,46578831
2025-08-20,26.8799991607666,28.579999923706055,26.799999237060547,27.200000762939453,27282388
2025-08-21,28.0,28.5,26.899999618530273,27.040000915527344,33310249
2025-08-22,27.65999984741211,28.479999542236328,27.280000686645508,28.059999465942383,23642306
2025-08-25,30.420000076293945,30.420000076293945,28.15999984741211,28.15999984741211,26388073
2025-08-26,30.459999084472656,33.29999923706055,30.459999084472656,31.6200008392334,74240517
2025-08-27,29.34000015258789,30.719999313354492,29.200000762939453,30.440000534057617,30021576
2025-08-28,28.200000762939453,29.959999084472656,27.780000686645508,29.65999984741211,27627465
2025-08-29,27.579999923706055,28.5,27.520000457763672,28.200000762939453,16117957
2025-09-01,27.079999923706055,27.860000610351562,27.040000915527344,27.700000762939453,17035967
2025-09-02,26.200000762939453,27.6200008392334,25.079999923706055,27.200000762939453,29689658
2025-09-03,26.399999618530273,26.780000686645508,25.600000381469727,26.200000762939453,20452488
2025-09-04,26.899999618530273,27.059999465942383,26.139999389648438,26.540000915527344,16849287
2025-09-05,26.020000457763672,27.219999313354492,25.940000534057617,27.100000381469727,16146604
2025-09-08,24.799999237060547,25.559999465942383,24.520000457763672,25.459999084472656,16068221
2025-09-09,24.860000610351562,25.760000228881836,24.700000762939453,24.920000076293945,18059619
2025-09-10,24.940000534057617,25.34000015258789,24.520000457763672,25.040000915527344,9182223
2025-09-11,24.139999389648438,25.299999237060547,24.020000457763672,24.940000534057617,13048677
2025-09-12,24.020000457763672,24.31999969482422,23.579999923706055,24.139999389648438,10448876
2025-09-15,25.5,25.65999984741211,23.579999923706055,24.020000457763672,18107299
2025-09-16,26.780000686645508,27.520000457763672,25.6200008392334,25.6200008392334,27721819
2025-09-17,29.440000534057617,29.440000534057617,26.399999618530273,26.780000686645508,67251457
2025-09-18,32.380001068115234,32.380001068115234,30.65999984741211,30.979999542236328,96046674
2025-09-19,34.0,35.220001220703125,31.260000228881836,32.68000030517578,241535758
2025-09-22,37.400001525878906,37.400001525878906,34.939998626708984,35.0,96845580
2025-09-23,36.70000076293945,39.900001525878906,35.7599983215332,36.939998626708984,229340569
2025-09-24,37.86000061035156,38.79999923706055,36.63999938964844,37.400001525878906,116462097
2025-09-25,36.099998474121094,38.599998474121094,35.599998474121094,38.400001525878906,64925709
2025-09-26,36.79999923706055,37.97999954223633,36.20000076293945,36.20000076293945,89549517
2025-09-29,36.52000045776367,38.34000015258789,35.97999954223633,37.08000183105469,71809187
2025-09-30,36.36000061035156,37.2400016784668,35.720001220703125,36.70000076293945,42475489
2025-10-01,33.5,36.599998474121094,32.779998779296875,36.5,74857732
2025-10-02,34.439998626708984,36.119998931884766,32.65999984741211,33.400001525878906,98606082
2025-10-03,32.599998474121094,35.20000076293945,32.560001373291016,34.619998931884766,47469650
2025-10-06,32.20000076293945,33.13999938964844,31.399999618530273,33.0,36494515
2025-10-07,30.219999313354492,32.599998474121094,30.200000762939453,32.2400016784668,36755146
2025-10-08,29.959999084472656,31.479999542236328,29.799999237060547,30.280000686645508,59268448
2025-10-09,30.0,31.139999389648438,29.540000915527344,30.520000457763672,33870843
2025-10-10,29.399999618530273,31.079999923706055,29.399999618530273,30.079999923706055,44715244
2025-10-13,32.34000015258789,32.34000015258789,29.600000381469727,29.600000381469727,86608131
2025-10-14,32.34000015258789,34.70000076293945,32.220001220703125,33.900001525878906,139033925
2025-10-15,31.299999237060547,33.380001068115234,31.299999237060547,32.540000915527344,48637973
2025-10-16,30.459999084472656,31.68000030517578,30.34000015258789,31.639999389648438,36890414
2025-10-17,29.440000534057617,30.360000610351562,28.920000076293945,30.34000015258789,31096720
2025-10-20,29.84000015258789,30.299999237060547,29.059999465942383,29.760000228881836,28216583
2025-10-21,29.18000030517578,30.420000076293945,29.079999923706055,30.399999618530273,24897942
2025-10-22,28.600000381469727,29.440000534057617,28.579999923706055,29.360000610351562,26637922
2025-10-23,29.0,30.100000381469727,28.260000228881836,28.639999389648438,49061874
2025-10-24,29.760000228881836,30.280000686645508,29.040000915527344,29.100000381469727,33092840
2025-10-27,28.979999542236328,30.399999618530273,28.559999465942383,29.979999542236328,27280965
2025-10-28,28.360000610351562,28.920000076293945,28.360000610351562,28.920000076293945,7840566
2025-10-30,28.639999389648438,29.100000381469727,28.420000076293945,28.459999084472656,34433834
2025-10-31,31.5,31.5,28.459999084472656,28.719999313354492,78368579
2025-11-03,31.799999237060547,34.20000076293945,31.280000686645508,31.440000534057617,99286657
2025-11-04,31.780000686645508,32.86000061035156,31.239999771118164,32.779998779296875,48476552
2025-11-05,32.0,32.439998626708984,31.360000610351562,32.02000045776367,58775050
2025-11-06,31.0,32.439998626708984,30.81999969482422,32.2599983215332,29872291
2025-11-07,29.899999618530273,31.34000015258789,29.559999465942383,31.100000381469727,24379103
2025-11-10,29.799999237060547,30.6200008392334,29.719999313354492,29.979999542236328,24462218
2025-11-11,27.600000381469727,28.600000381469727,26.920000076293945,28.399999618530273,37329290
2025-11-12,27.459999084472656,28.34000015258789,27.100000381469727,27.979999542236328,24147754
2025-11-13,27.239999771118164,28.020000457763672,26.940000534057617,27.700000762939453,19598820
2025-11-14,26.540000915527344,27.299999237060547,26.5,27.280000686645508,13475485
2025-11-17,27.440000534057617,27.8799991607666,26.739999771118164,26.739999771118164,24539454
2025-11-18,27.0,27.559999465942383,26.799999237060547,27.34000015258789,14091330
2025-11-19,26.979999542236328,27.639999389648438,26.920000076293945,27.1200008392334,16250807
2025-11-20,27.639999389648438,28.219999313354492,27.239999771118164,27.280000686645508,28378168
2025-11-21,30.399999618530273,30.399999618530273,27.540000915527344,27.639999389648438,50765773
2025-11-24,33.439998626708984,33.439998626708984,33.439998626708984,33.439998626708984,3970594
2025-11-25,34.20000076293945,36.779998779296875,32.15999984741211,36.779998779296875,209359179
2025-11-26,32.119998931884766,35.08000183105469,32.08000183105469,34.29999923706055,58906653
2025-11-27,34.400001525878906,35.31999969482422,31.65999984741211,32.20000076293945,166858690
2025-11-28,33.400001525878906,34.5,32.900001525878906,33.79999923706055,66850244
2025-12-01,17.181392669677734,17.708301544189453,17.109071731567383,17.408687591552734,109853972
2025-12-02,16.664813995361328,17.35702896118164,16.530502319335938,17.181392669677734,69777513
2025-12-03,15.869282722473145,16.92310333251953,15.796961784362793,16.69580841064453,97431192
2025-12-04,15.68331527709961,16.179229736328125,15.65231990814209,16.168899536132812,82179313
2025-12-05,16.034587860107422,16.726802825927734,15.456021308898926,15.703977584838867,166820631
2025-12-08,15.579999923706055,16.199893951416016,15.404362678527832,16.12757110595703,72926066
2025-12-09,14.3100004196167,17.1299991607666,14.25,16.020000457763672,357196927
2025-12-10,14.329999923706055,14.800000190734863,13.890000343322754,14.300000190734863,177372472
2025-12-11,14.119999885559082,14.600000381469727,14.100000381469727,14.569999694824219,66915842
2025-12-12,13.420000076293945,14.15999984741211,13.329999923706055,14.079999923706055,78880992
2025-12-15,13.210000038146973,13.569999694824219,12.789999961853027,13.449999809265137,119674006
2025-12-16,13.420000076293945,13.949999809265137,12.949999809265137,13.199999809265137,181004427
2025-12-17,13.34000015258789,13.729999542236328,13.239999771118164,13.449999809265137,63627023
2025-12-18,13.069999694824219,13.430000305175781,12.819999694824219,13.430000305175781,163166214
2025-12-19,12.850000381469727,13.100000381469727,12.789999961853027,13.069999694824219,67121005
2025-12-22,12.619999885559082,13.180000305175781,11.920000076293945,12.850000381469727,571775216
2025-12-23,12.229999542236328,12.739999771118164,12.170000076293945,12.630000114440918,246392631
2025-12-24,11.84000015258789,12.390000343322754,11.84000015258789,12.229999542236328,181440449
2025-12-25,11.399999618530273,11.9399995803833,11.399999618530273,11.920000076293945,150614994
2025-12-26,11.449999809265137,11.729999542236328,11.210000038146973,11.430000305175781,224172724
2025-12-29,11.329999923706055,11.59000015258789,10.930000305175781,11.479999542236328,171396919
2025-12-30,10.800000190734863,11.279999732971191,10.800000190734863,11.279999732971191,122758651
2025-12-31,11.520000457763672,11.600000381469727,10.859999656677246,10.949999809265137,214797083
2026-01-02,11.710000038146973,11.779999732971191,11.399999618530273,11.529999732971191,164726790
2026-01-05,11.359999656677246,11.890000343322754,11.300000190734863,11.789999961853027,137173891
2026-01-06,10.550000190734863,11.4399995803833,10.449999809265137,11.420000076293945,246223888
2026-01-07,10.579999923706055,10.899999618530273,10.579999923706055,10.630000114440918,134132011
2026-01-08,10.489999771118164,10.630000114440918,10.289999961853027,10.609999656677246,80775850
2026-01-09,10.329999923706055,10.569999694824219,10.300000190734863,10.539999961853027,73960620
2026-01-12,10.149999618530273,10.489999771118164,10.140000343322754,10.350000381469727,78008187
2026-01-13,10.140000343322754,10.289999961853027,10.069999694824219,10.149999618530273,68311084
2026-01-14,9.960000038146973,10.329999923706055,9.960000038146973,10.180000305175781,86033531
2026-01-15,10.100000381469727,10.300000190734863,9.979999542236328,10.0,80531483
2026-01-16,10.09000015258789,10.180000305175781,10.029999732971191,10.149999618530273,48907050
2026-01-19,10.09000015258789,10.260000228881836,10.050000190734863,10.149999618530273,54783135
2026-01-20,9.949999809265137,10.100000381469727,9.819999694824219,10.09000015258789,50274117
2026-01-21,9.649999618530273,9.979999542236328,9.630000114440918,9.960000038146973,54012444
2026-01-22,9.699999809265137,9.779999732971191,9.579999923706055,9.6899995803833,46131656
2026-01-23,9.6899995803833,9.859999656677246,9.65999984741211,9.770000457763672,65876410
2026-01-26,9.59000015258789,9.739999771118164,9.510000228881836,9.710000038146973,62280655
2026-01-27,9.670000076293945,9.989999771118164,9.609999656677246,9.609999656677246,108346972
2026-01-28,9.630000114440918,9.729999542236328,9.619999885559082,9.720000267028809,56682480
2026-01-29,10.020000457763672,10.300000190734863,9.670000076293945,9.760000228881836,178886011
2026-01-30,9.779999732971191,10.069999694824219,9.739999771118164,10.050000190734863,74352874
2026-02-02,9.59000015258789,9.6899995803833,9.489999771118164,9.649999618530273,50057600
2026-02-03,9.609999656677246,9.729999542236328,9.579999923706055,9.630000114440918,51274531
2026-02-04,10.300000190734863,10.569999694824219,9.800000190734863,9.850000381469727,407758056
2026-02-05,10.399999618530273,10.720000267028809,10.0600004196167,10.300000190734863,204583700
2026-02-06,9.84000015258789,10.40999984741211,9.760000228881836,10.390000343322754,115082085
2026-02-09,10.069999694824219,10.130000114440918,9.829999923706055,9.899999618530273,112215422
2026-02-10,10.109999656677246,10.399999618530273,9.989999771118164,10.149999618530273,97154796
2026-02-11,10.489999771118164,10.710000038146973,9.960000038146973,10.109999656677246,190046617
2026-02-12,11.050000190734863,11.3100004196167,10.520000457763672,10.550000190734863,195325539
2026-02-13,10.960000038146973,11.260000228881836,10.779999732971191,11.260000228881836,108878492
2026-02-16,10.949999809265137,11.119999885559082,10.850000381469727,11.0,93444556
2026-02-17,11.079999923706055,11.4399995803833,10.989999771118164,11.0,135842538
2026-02-18,10.25,10.609999656677246,10.15999984741211,10.420000076293945,123481364
2026-02-19,10.050000190734863,10.329999923706055,9.739999771118164,10.25,81737651
2026-02-20,10.029999732971191,10.09000015258789,9.819999694824219,10.039999961853027,44526302
2026-02-23,10.010000228881836,10.15999984741211,9.880000114440918,10.069999694824219,50078482
2026-02-24,9.859999656677246,10.0600004196167,9.850000381469727,10.0600004196167,31533177
2026-02-25,9.619999885559082,9.90999984741211,9.619999885559082,9.899999618530273,46300033
2026-02-26,9.640000343322754,9.760000228881836,9.550000190734863,9.59000015258789,51805629
2026-02-27,9.399999618530273,9.720000267028809,9.369999885559082,9.670000076293945,64224544
2026-03-02,8.75,9.010000228881836,8.600000381469727,8.600000381469727,51463991
2026-03-03,8.569999694824219,8.890000343322754,8.569999694824219,8.75,43362020
2026-03-04,8.579999923706055,8.75,8.539999961853027,8.649999618530273,42840962
2026-03-05,8.739999771118164,8.880000114440918,8.630000114440918,8.630000114440918,38558321
2026-03-06,8.5,8.789999961853027,8.5,8.779999732971191,31137970
2026-03-09,8.270000457763672,8.319999694824219,8.039999961853027,8.25,40443270
2026-03-10,8.670000076293945,8.739999771118164,8.380000114440918,8.460000038146973,35835007
2026-03-11,8.800000190734863,9.029999732971191,8.609999656677246,8.670000076293945,37795013
2026-03-12,9.010000228881836,9.329999923706055,8.680000305175781,8.800000190734863,72545768
2026-03-13,8.770000457763672,9.039999961853027,8.670000076293945,9.010000228881836,34623857
2026-03-16,8.729999542236328,8.90999984741211,8.640000343322754,8.789999961853027,21007346
2026-03-17,8.90999984741211,9.010000228881836,8.75,8.770000457763672,36101699
2026-03-18,9.0,9.020000457763672,8.84000015258789,8.920000076293945,23521518
2026-03-19,9.239999771118164,9.239999771118164,8.789999961853027,8.9399995803833,17981955
2026-03-23,9.270000457763672,9.350000381469727,8.84000015258789,9.220000267028809,47685227
2026-03-24,9.079999923706055,9.390000343322754,9.0600004196167,9.270000457763672,25502985
2026-03-25,9.069999694824219,9.390000343322754,9.050000190734863,9.149999618530273,48586781
2026-03-26,8.779999732971191,9.119999885559082,8.779999732971191,9.079999923706055,31209484
2026-03-27,8.640000343322754,8.869999885559082,8.529999732971191,8.779999732971191,30770060
2026-03-30,8.579999923706055,8.779999732971191,8.569999694824219,8.640000343322754,34660441
2026-03-31,8.619999885559082,8.789999961853027,8.579999923706055,8.600000381469727,38199474
2026-04-01,8.640000343322754,8.869999885559082,8.5,8.800000190734863,41378211
2026-04-02,8.09000015258789,8.220000267028809,8.020000457763672,8.0600004196167,87558483
2026-04-03,7.769999980926514,8.119999885559082,7.769999980926514,8.09000015258789,59654109
2026-04-06,7.710000038146973,7.829999923706055,7.610000133514404,7.760000228881836,55958386
2026-04-07,7.78000020980835,8.119999885559082,7.730000019073486,7.739999771118164,84189443
2026-04-08,8.0,8.119999885559082,7.929999828338623,7.96999979019165,62844410
2026-04-09,8.800000190734863,8.800000190734863,7.960000038146973,8.050000190734863,82543509
2026-04-10,9.680000305175781,9.680000305175781,9.479999542236328,9.680000305175781,33328291
2026-04-13,10.130000114440918,10.5,9.899999618530273,10.119999885559082,279961679
2026-04-14,9.869999885559082,10.319999694824219,9.65999984741211,10.140000343322754,151061191
2026-04-15,10.850000381469727,10.850000381469727,9.960000038146973,10.020000457763672,183088120
2026-04-16,11.930000305175781,11.930000305175781,11.300000190734863,11.420000076293945,335377576
2026-04-17,13.119999885559082,13.119999885559082,11.640000343322754,11.890000343322754,491355143
2026-04-20,14.430000305175781,14.430000305175781,13.170000076293945,13.859999656677246,422780738
2026-04-21,12.989999771118164,15.869999885559082,12.989999771118164,15.199999809265137,478354950
2026-04-22,11.699999809265137,12.399999618530273,11.699999809265137,11.699999809265137,218891975
2026-04-24,10.529999732971191,11.550000190734863,10.529999732971191,10.979999542236328,194619212
2026-04-27,10.640000343322754,11.579999923706055,9.479999542236328,9.899999618530273,1053871130
2026-04-28,10.300000190734863,10.739999771118164,10.020000457763672,10.619999885559082,225351983
2026-04-29,10.430000305175781,10.649999618530273,10.020000457763672,10.350000381469727,199995608
2026-04-30,10.40999984741211,11.460000038146973,10.300000190734863,10.739999771118164,557657416
2026-05-04,9.8100004196167,10.489999771118164,9.770000457763672,10.40999984741211,192365783
2026-05-05,9.600000381469727,9.960000038146973,9.430000305175781,9.779999732971191,184372326
2026-05-06,9.75,9.989999771118164,9.59000015258789,9.619999885559082,143123288
2026-05-07,10.220000267028809,10.489999771118164,9.800000190734863,9.859999656677246,209210515
2026-05-08,10.390000343322754,10.59000015258789,10.0,10.25,176540140
2026-05-11,10.390000343322754,10.59000015258789,10.229999542236328,10.300000190734863,122553332
2026-05-12,10.020000457763672,10.470000267028809,9.920000076293945,10.329999923706055,125324317
2026-05-13,9.319999694824219,10.140000343322754,9.15999984741211,10.100000381469727,126820175
2026-05-14,9.399999618530273,9.84000015258789,9.289999961853027,9.329999923706055,130226530
2026-05-15,8.460000038146973,9.359999656677246,8.460000038146973,9.359999656677246,397107499
2026-05-18,7.989999771118164,8.350000381469727,7.730000019073486,7.75,283662047
2026-05-20,8.779999732971191,8.779999732971191,7.789999961853027,7.989999771118164,234003255
2026-05-21,8.020000457763672,9.210000038146973,7.989999771118164,8.850000381469727,314246768
2026-05-22,8.0,8.819999694824219,7.880000114440918,7.900000095367432,359236314
2026-05-25,7.849999904632568,8.09000015258789,7.760000228881836,8.0,133862066
2026-05-26,7.849999904632568,8.229999542236328,7.699999809265137,7.849999904632568,103311939
2026-05-27,7.849999904632568,7.849999904632568,7.849999904632568,7.849999904632568,0
2026-05-28,7.849999904632568,7.849999904632568,7.849999904632568,7.849999904632568,0
2026-05-29,7.849999904632568,7.849999904632568,7.849999904632568,7.849999904632568,0
2026-06-01,7.940000057220459,8.119999885559082,7.900000095367432,7.900000095367432,92857017
2026-06-02,8.0,8.0600004196167,7.920000076293945,7.940000057220459,100710638
2026-06-03,7.75,8.029999732971191,7.75,7.989999771118164,109645049
2026-06-04,7.849999904632568,7.96999979019165,7.75,7.800000190734863,90914266
2026-06-05,7.210000038146973,7.869999885559082,7.159999847412109,7.829999923706055,114851213
2026-06-08,6.949999809265137,7.03000020980835,6.550000190734863,6.639999866485596,137913470
2026-06-09,6.599999904632568,6.96999979019165,6.539999961853027,6.949999809265137,90328725
2026-06-10,6.199999809265137,6.679999828338623,6.199999809265137,6.599999904632568,112098493
2026-06-11,6.150000095367432,6.260000228881836,5.949999809265137,6.099999904632568,114050128
2026-06-12,6.070000171661377,6.329999923706055,5.989999771118164,6.210000038146973,89061704
2026-06-15,6.210000038146973,6.309999942779541,6.110000133514404,6.110000133514404,93748111
2026-06-16,6.829999923706055,6.829999923706055,6.21999979019165,6.239999771118164,131214996
2026-06-17,6.829999923706055,6.829999923706055,6.829999923706055,6.829999923706055,0
2026-06-18,6.150000095367432,6.150000095367432,6.150000095367432,6.150000095367432,3848864
2026-06-19,5.539999961853027,5.539999961853027,5.539999961853027,5.539999961853027,5856576
2026-06-22,4.989999771118164,4.989999771118164,4.989999771118164,4.989999771118164,5847118
2026-06-23,4.5,4.5,4.5,4.5,6426814
2026-06-24,4.050000190734863,4.050000190734863,4.050000190734863,4.050000190734863,6710091
2026-06-25,3.6500000953674316,3.6500000953674316,3.6500000953674316,3.6500000953674316,34555248
2026-06-26,3.5299999713897705,3.5299999713897705,3.4200000762939453,3.4200000762939453,19272707
2026-06-29,3.450000047683716,3.5299999713897705,3.450000047683716,3.5299999713897705,14249227
2026-06-30,3.1600000858306885,3.2799999713897705,3.119999885559082,3.2799999713897705,17814501
2026-07-01,3.049999952316284,3.0999999046325684,3.049999952316284,3.0999999046325684,8803698
2026-07-02,3.1700000762939453,3.1700000762939453,3.049999952316284,3.049999952316284,9630473
2026-07-03,3.4800000190734863,3.4800000190734863,3.25,3.25,12537213
2026-07-06,3.7200000286102295,3.7200000286102295,3.490000009536743,3.490000009536743,13987512
2026-07-07,4.090000152587891,4.090000152587891,3.819999933242798,3.819999933242798,7311632
2026-07-08,4.489999771118164,4.489999771118164,4.489999771118164,4.489999771118164,7926313
2026-07-09,4.929999828338623,4.929999828338623,4.929999828338623,4.929999828338623,16862311
2026-07-10,5.420000076293945,5.420000076293945,5.380000114440918,5.380000114440918,16637907
2026-07-13,5.960000038146973,5.960000038146973,5.940000057220459,5.940000057220459,11817132
2026-07-14,6.550000190734863,6.550000190734863,6.489999771118164,6.489999771118164,22761613
2026-07-16,5.900000095367432,6.599999904632568,5.900000095367432,6.599999904632568,10045190
2026-07-17,5.309999942779541,5.309999942779541,5.309999942779541,5.309999942779541,2509207
2026-07-20,4.78000020980835,4.78000020980835,4.78000020980835,4.78000020980835,3059258
2026-07-21,5.25,5.25,4.309999942779541,4.309999942779541,20456438
2026-07-22,4.730000019073486,4.940000057220459,4.730000019073486,4.940000057220459,15546591
2026-07-23,5.199999809265137,5.199999809265137,4.659999847412109,4.659999847412109,6411600
2026-07-24,5.0,5.199999809265137,5.0,5.199999809265137,5524349
2026-07-27,4.71999979019165,4.800000190734863,4.71999979019165,4.800000190734863,4924316
2026-07-28,4.25,4.5,4.25,4.5,5868570
2026-07-29,4.659999847412109,4.659999847412109,3.8299999237060547,3.8299999237060547,8413786
2026-07-30,4.849999904632568,5.099999904632568,4.579999923706055,4.579999923706055,6387791
2026-08-03,4.190000057220459,4.5,4.179999828338623,4.5,5743734
2026-08-04,4.239999771118164,4.239999771118164,4.190000057220459,4.190000057220459,4508181
2026-08-05,4.03000020980835,4.239999771118164,4.019999980926514,4.239999771118164,5072565
2026-08-06,4.199999809265137,4.199999809265137,4.150000095367432,4.150000095367432,3008493
2026-08-07,4.059999942779541,4.199999809265137,4.059999942779541,4.199999809265137,3667145
