Price,Close,High,Low,Open,Volume
2021-08-10,23.81663703918457,24.594959639005385,23.408018184585977,24.517127564589607,3462144
2021-08-11,23.018856048583984,24.264170999471627,22.64915418735486,24.147421968962863,4514454
2021-08-12,23.66097068786621,23.69988764928302,22.882650016158582,23.349642419183162,3113775
2021-08-13,23.466392517089844,23.816635907486777,23.232894449274635,23.6025981769296,2443075
2021-08-16,23.05777359008789,23.641513190312548,22.960483038162803,23.544224494050393,1891097
2021-08-17,23.44693374633789,23.524765816095456,22.80481870692223,23.057773397550054,1705495
2021-08-18,22.96048355102539,23.660972200339383,22.843734514974905,23.54422501995187,1285186
2021-08-19,23.07723045349121,23.116147416927017,22.649154989675065,22.941024792791797,1288183
2021-08-20,22.96048355102539,23.096689213365146,22.688070370682908,23.096689213365146,957295
2021-08-23,22.999399185180664,23.349644445678,22.921567111254923,22.999399185180664,1252585
2021-08-24,22.804819107055664,23.19397946267171,22.78536062535912,23.01885683872875,884165
2021-08-25,22.649154663085938,23.077230120729457,22.551864111562256,22.746443358946692,1620226
2021-08-26,22.435115814208984,22.882651623626657,22.415659187796642,22.668612032123995,953060
2021-08-27,22.902109146118164,22.902109146118164,22.24053562858032,22.512946943569144,1046650
2021-08-31,22.804819107055664,23.13560587324504,22.707528554235914,23.05777380212183,1152180
2021-09-01,22.70752716064453,23.03831390653308,22.668610199639836,22.863191293337632,892768
2021-09-02,22.941024780273438,23.252353064938188,22.76590215623378,22.76590215623378,1419649
2021-09-03,23.038314819335938,23.310726134510677,22.7853601297716,23.018856338062626,1886861
2021-09-06,23.738801956176758,24.41983391274993,23.17451902426231,23.252351088813864,4001855
2021-09-07,23.894468307495117,24.011217343011648,23.3496438049649,23.660972092125025,2347333
2021-09-08,22.96048355102539,23.952843862634108,22.96048355102539,23.913926898729624,2899310
2021-09-09,23.505308151245117,23.505308151245117,22.86319308952428,22.921566679954452,1555458
2021-09-10,24.011215209960938,24.322543469464026,23.48584738030237,23.5442228207063,3710884
2021-09-13,24.322546005249023,24.731164852363726,24.050132821951557,24.10850826844151,4165270
2021-09-14,24.08905029296875,24.63387481536056,24.05013332782353,24.400378591478354,3195362
2021-09-15,24.78953742980957,25.314905292764468,24.050131838796887,24.089048801532623,8681029
2021-09-16,24.828454971313477,25.93756245585509,24.575500274623415,24.828454971313477,6290821
2021-09-17,24.517126083374023,25.29544678050914,24.419835532316405,24.945201538966877,3668282
2021-09-20,23.855552673339844,24.47820923392851,23.54422439304551,24.26417150514189,2970449
2021-09-21,23.232894897460938,24.127964655809585,23.21343827115345,24.089049547531634,2247295
2021-09-22,23.64151382446289,23.73880437899766,22.843734617471146,23.44693457105633,1920348
2021-09-23,23.758262634277344,23.836094706029698,23.193979650157036,23.797177742322038,1878315
2021-09-24,24.67279052734375,24.711705634849388,23.641513271331753,23.87501133901733,3820334
2021-09-27,25.003578186035156,25.4900291090657,24.478210298443926,24.808997074557734,3850335
2021-09-28,24.41983413696289,25.19815478962463,24.205794565733804,25.042490659092284,3045792
2021-09-29,24.49766731262207,24.92574461882067,24.322544693919784,24.71170503788992,2207499
2021-09-30,24.61441421508789,24.88682738067826,24.40037649219302,24.594957589852264,1968545
2021-10-01,24.750621795654297,25.061950068258536,24.419835042096576,24.497667110247637,2862931
2021-10-04,24.40037727355957,25.120324388892847,24.36146216617928,24.808996107198773,2320928
2021-10-05,24.536582946777344,24.67279046184282,24.127964112906785,24.517126320907646,2007607
2021-10-06,23.34964370727539,24.594958706368743,23.34964370727539,24.575500224586904,2524246
2021-10-07,23.758262634277344,23.875011669737358,23.4274758654141,23.777721116131172,1469495
2021-10-08,23.44693374633789,23.933384646238416,23.36910167658032,23.797177132415484,1396203
2021-10-11,23.388559341430664,23.73880271528111,23.310725418727394,23.46639140847108,1390818
2021-10-12,23.427474975585938,23.641512700859533,23.17452028808283,23.21343725031234,1328071
2021-10-13,23.680431365966797,24.05013325541817,23.466393625301585,23.466393625301585,2496075
2021-10-14,23.369102478027344,23.836094912588326,23.369102478027344,23.622057177330287,1490764
2021-10-15,23.155061721801758,23.62205598852371,22.94102399731541,23.62205598852371,1337956
2021-10-18,23.524765014648438,23.602597081754404,23.21343674622457,23.40801598615806,1471754
2021-10-19,24.12796401977539,24.419835674649445,23.563681047147735,23.641513117314897,2551913
2021-10-20,24.361461639404297,24.497667295784506,23.913925852399064,24.303086196101727,2029187
2021-10-21,24.984119415283203,25.15924204245828,24.069591170959466,24.380919461198275,3543133
2021-10-22,25.003578186035156,25.256531033027592,24.82845555683808,25.217615924129912,1707336
2021-10-25,25.217615127563477,25.781898106227985,24.711705738233103,24.789537809232932,3271568
2021-10-26,26.19051742553711,26.34618157040538,25.295447664713052,25.373279737147186,4623288
2021-10-27,26.171058654785156,26.52130390470624,25.859730368483287,26.307266171789447,2843769
2021-10-28,26.85209083557129,26.89100594376341,26.07376825943615,26.07376825943615,1645795
2021-11-01,26.38509750366211,27.2801672295183,26.34618054113393,27.007754058809756,3404569
2021-11-02,26.36564064025879,27.00775571607229,26.209976491919942,26.443472714428214,2716333
2021-11-03,26.09322738647461,26.793717907880975,25.081410424845334,26.385099055614933,3132165
2021-11-04,26.346179962158203,26.968836503622533,26.11268375910908,26.268347894475163,3333965
2021-11-05,25.89864730834961,26.540762362174043,25.89864730834961,26.404554845294676,1764175
2021-11-08,26.69642448425293,26.793715030183844,26.112683064330266,26.112683064330266,2494040
2021-11-09,26.307266235351562,26.92992280945973,26.307266235351562,26.676968112312544,1826176
2021-11-10,26.968835830688477,27.066126376780375,26.229430278318006,26.268347239019896,2747617
2021-11-11,27.883365631103516,28.447648604753578,26.910463824419757,26.949380787405314,5677338
2021-11-12,27.824993133544922,28.4476497204301,27.416374284485773,28.175236535836333,2351699
2021-11-15,28.428190231323242,28.797893958439644,27.922282700228436,28.155778912040564,3610693
2021-11-16,27.883365631103516,28.642229708355504,27.82499204228811,28.4281901232608,2802088
2021-11-17,28.311443328857422,28.42819050806854,27.786075455418537,27.883366008536438,1986904
2021-11-18,29.517839431762695,29.537297912245908,28.233609410475974,28.311441476745994,5220721
2021-11-19,30.004291534423828,30.21832926148614,29.303802909404794,29.576214224636296,2035280
2021-11-22,30.237789154052734,30.43237026458228,29.75133823339187,30.35453819150306,1931650
2021-11-23,32.65058517456055,33.059202141996735,30.15995527392674,30.257245823362307,6934416
2021-11-24,31.950096130371094,33.99318848146885,31.599850879022693,33.17595079876456,4490251
2021-11-25,32.125221252441406,32.942458998651844,32.00847406336169,32.00847406336169,2213755
2021-11-26,31.463645935058594,32.49492323074641,30.84098934570973,32.10576100674036,3185701
2021-11-29,31.697141647338867,32.02792468834604,31.230145528835894,31.46364358808738,2134530
2021-11-30,34.05156326293945,34.47963872216767,32.31979923319138,32.339257714700736,6125537
2021-12-01,34.28506088256836,35.102298538673246,33.56511192141551,34.44072502128711,3627301
2021-12-02,34.38235092163086,34.63530376519034,33.954275451250986,34.46018113836995,1508077
2021-12-03,35.45254135131836,35.763869640031565,34.49909800321842,34.557473449099376,2707618
2021-12-06,34.92717742919922,36.01682644735466,34.75205480165135,35.76386989141841,3884075
2021-12-07,35.86116409301758,35.86116409301758,34.86880372445742,35.005009394614,2875416
2021-12-08,36.77568817138672,36.93135231463168,35.471999579962954,36.153031598406876,4382430
2021-12-09,36.367069244384766,37.12593143824974,36.191946628673506,36.77568620682722,2218296
2021-12-10,36.28923797607422,37.26213981838895,35.841704019327686,36.71731716194134,3195734
2021-12-13,37.61238098144531,38.04045640939177,36.56164903600378,36.56164903600378,2685546
2021-12-14,39.85005569458008,39.92788961778459,37.943169111978314,38.196121939741516,2761836
2021-12-15,39.110652923583984,40.472713210565765,38.62420202580638,40.27813582051538,2835036
2021-12-16,40.141929626464844,40.29759377761218,38.6631220462282,39.499814539066314,3174296
2021-12-17,36.77568817138672,42.10718971668402,36.13357311658552,40.47271435694897,4628972
2021-12-20,35.31633758544922,37.94317340994114,33.09812248141549,34.382352669153555,3206427
2021-12-21,31.794431686401367,36.34761248829024,31.794431686401367,35.60820502879668,2595725
2021-12-22,29.109220504760742,32.67004262559873,28.62276962858203,31.28852020736184,3486264
2021-12-23,27.72770118713379,30.159955677233246,26.735340909814113,29.770795329949916,3819743
2021-12-24,29.5567569732666,29.654047528038955,27.688785373156737,27.941740073299666,3106696
2021-12-27,29.65404510498047,30.996650568674905,29.089762160204458,29.965373370282705,3668508
2021-12-28,28.817352294921875,30.412910662103172,28.272525947773637,29.965374866635898,2502940
2021-12-29,29.790252685546875,30.101580951609392,28.05848688599557,28.85626603169648,2693378
2021-12-30,29.284345626831055,30.549117271024596,28.992473962712015,30.33507953520102,1899213
2021-12-31,30.646408081054688,30.646408081054688,29.478925126177877,29.67350623721168,2179454
2022-01-03,33.07866287231445,33.07866287231445,30.665866731692994,30.665866731692994,3205120
2022-01-04,33.37053298950195,34.22668766377398,32.41708961395344,33.37053298950195,3474446
2022-01-05,33.27323913574219,33.389986301460446,32.76732980252909,33.370527821953154,1300221
2022-01-06,34.30451583862305,35.121753499162,32.689498998906295,32.86462161983077,3739529
2022-01-07,34.98554992675781,35.1606725581229,33.79861218357075,34.53801596274751,2906010
2022-01-10,34.88825988769531,36.15303151246995,34.82988444236999,35.35525231632014,2738155
2022-01-11,34.05156326293945,35.316334870440606,33.97372933690203,35.21904617421969,2296994
2022-01-12,35.99736785888672,36.52273573997789,34.129398118997166,34.53801510785077,6122494
2022-01-13,36.63948059082031,37.048101265013855,35.452539241169696,35.66657881866754,3989933
2022-01-14,36.230865478515625,36.89243530295082,35.80278630165495,36.63948246225436,1868073
2022-01-17,37.08701705932617,37.65130190731901,36.2697793662053,36.561652886933174,2691377
2022-01-18,35.12175369262695,37.28159688837558,35.12175369262695,36.970268607533995,2175035
2022-01-19,35.45254135131836,35.686039423516235,33.623488582959766,34.927177183693544,5154982
2022-01-20,34.071022033691406,35.822244559815665,33.565112644130906,35.80278607814112,2967221
2022-01-21,33.4483642578125,34.1293962465305,33.17594923552984,34.10993776555847,1981587
2022-01-24,31.560932159423828,33.818063974403174,31.522018909136804,33.1759489530957,3008707
2022-01-25,31.52202033996582,31.969554284849465,30.607490257183006,31.52202033996582,2733643
2022-01-26,32.631126403808594,32.70895661587053,31.697141591110945,31.75551332232596,2263651
2022-01-27,32.806251525878906,33.03974589122498,31.911179895182904,32.00847230684879,2344831
2022-01-28,32.59220886230469,33.29269931502918,32.417086249123564,33.13703518234882,1775642
2022-01-31,33.13703536987305,33.44836363699561,32.611667527356595,32.88407883325741,1821232
2022-02-01,33.059200286865234,33.642943550721625,32.884077678840875,33.428903982841724,1650425
2022-02-02,32.35871124267578,33.31215824340327,32.12521689617879,33.21486583959142,1627186
2022-02-03,31.34689712524414,32.456004581366415,31.17177450466422,32.24196499814077,1488026
2022-02-04,31.969552993774414,31.969552993774414,31.132856871539666,31.4247266624452,1531415
2022-02-07,33.020286560058594,33.020286560058594,31.69714319735007,32.00847148402571,1794237
2022-02-08,34.40180969238281,34.51855687413428,32.63112863862717,32.689500373839905,3407289
2022-02-09,35.31633758544922,35.58875263619673,34.460182889848454,34.61585075389055,3077547
2022-02-10,34.57693099975586,35.510915840739294,34.49909707401098,35.35525170057539,1528402
2022-02-11,34.34343338012695,34.71313710956758,33.35107308193952,34.28506164638563,1588268
2022-02-14,32.9619140625,33.81806497536692,32.88408013697073,33.66240083563422,1984759
2022-02-15,33.62348937988281,34.207229007224015,32.942457340434046,32.981374305277065,1852448
2022-02-16,33.642948150634766,34.49909911656254,33.5261972551051,33.74023685225008,1581294
2022-02-17,32.88408279418945,34.10994124105081,32.76733560778756,33.70132052165498,1944968
2022-02-18,32.9619140625,33.27324234196539,32.61166882026997,33.17594993505381,1403188
2022-02-21,33.37053298950195,34.265604628815,32.76733487667046,33.13703862190798,3336571
2022-02-22,34.05156326293945,34.576931129714445,32.027925721876926,32.203048344135254,5465906
2022-02-23,33.07866287231445,35.12175527107405,32.84516479552643,34.44072694570487,3904668
2022-02-24,29.770795822143555,31.502561715763896,29.770795822143555,29.926459963630446,3080478
2022-02-25,31.619308471679688,31.872261306469756,29.945918045217134,30.49074253314354,3469943
2022-02-28,31.09394073486328,31.2301463934786,30.23778796466812,31.113399216283447,2833010
2022-03-01,30.996652603149414,31.71659787216753,30.35453754990243,31.42472806820543,2014840
2022-03-02,30.70478057861328,31.230146590633936,30.276705118644728,31.230146590633936,1446891
2022-03-03,30.97719383239746,31.288522115229526,30.704780657087934,30.97719383239746,2123614
2022-03-04,30.58803367614746,31.113399692899396,30.529658230992727,30.899361960987562,1208079
2022-03-07,30.19887351989746,30.510201806797358,29.206513213656816,30.451826361256405,2145520
2022-03-08,30.179414749145508,30.685324138346296,29.86808646522593,29.88754309122369,2001689
2022-03-09,30.78261375427246,31.17177597645248,30.335079796693645,30.646408089907258,2491482
2022-03-10,30.10158348083496,31.288523058844252,30.062666516475808,30.860445729208525,2347704
2022-03-11,30.354536056518555,30.685322807755117,30.062664411253014,30.1015813728869,2060092
2022-03-14,31.619308471679688,31.619308471679688,30.451825570460194,30.529657640163965,2699354
2022-03-15,31.638765335083008,31.95009359797744,31.13285598004815,31.52201816432901,2624654
2022-03-16,31.132858276367188,31.872262027447505,31.03556772312095,31.833348775209743,2058984
2022-03-17,31.405269622802734,31.872262051948113,31.26906396155107,31.28852244334787,2616717
2022-03-18,31.638765335083008,31.716595545143793,31.346895552535184,31.44418424294258,1579046
2022-03-21,33.75969314575195,33.75969314575195,31.833348030335724,31.85280651166225,7630017
2022-03-22,33.8375244140625,34.44072622000228,33.42890742745098,33.77915267958997,5881770
2022-03-23,34.0321044921875,34.32397428969546,32.981372478893675,33.99318752949955,6589052
2022-03-24,33.779151916503906,34.53801413811137,33.759693435010654,34.14885193089808,4867249
2022-03-25,34.38235092163086,34.38235092163086,33.623488679626455,33.85698304116968,4294151
2022-03-28,34.557472229003906,35.60820423848206,34.557472229003906,35.02446464558596,4499960
2022-03-29,34.557472229003906,35.02446464558596,34.42126657141654,34.86880050672527,3048573
2022-03-30,34.30451583862305,34.790966738674186,34.30451583862305,34.71313652455544,2603880
2022-03-31,34.713138580322266,34.90771969413129,34.09048198519423,34.34343483521773,3203937
2022-04-01,34.713138580322266,35.1995895091818,34.63530465026823,35.00500839537277,2884373
2022-04-04,35.81106948852539,36.109826268236176,34.83512864872426,35.25339117943821,4195984
2022-04-05,35.57206344604492,36.24924746542908,35.43264387715377,36.14965934557945,3564219
2022-04-06,35.21355438232422,36.22933042784108,35.21355438232422,35.55214639749651,4518700
2022-04-07,35.23347091674805,35.67164724092943,35.15380042204328,35.313137612554534,2949178
2022-04-08,35.61189651489258,35.71148463927197,35.19363778919464,35.35297498930316,3196595
2022-04-11,37.98204040527344,38.3405500525496,35.8309863205149,35.8309863205149,8641325
2022-04-12,38.57955551147461,39.17706902299366,37.284936571686224,37.84261863496273,5657803
2022-04-13,37.683284759521484,39.11731959262873,37.34469272684217,38.67914323223727,3983847
2022-04-14,39.6152458190918,39.81441825828191,37.743034767840314,37.82270146417738,6807605
2022-04-15,41.78622055053711,41.905726302318755,39.635166404149174,40.013593686993865,6336808
2022-04-18,42.62274169921875,44.7339605891037,42.005310512336074,42.005310512336074,8172792
2022-04-19,43.917354583740234,45.03271874379276,42.72232752480996,43.04100191371115,7863627
2022-04-20,43.817771911621094,44.57462266403375,43.220258359658395,43.917356237315374,5587087
2022-04-21,44.136444091796875,45.39122780624205,43.75801683518185,43.81776970693106,3695748
2022-04-22,42.602821350097656,46.725674538958934,42.602821350097656,44.83354584880481,6579509
2022-04-25,44.813629150390625,45.670068004199614,41.40779515843217,42.62273985436962,6319161
2022-04-26,42.722328186035156,45.431060533619046,42.722328186035156,44.953048942868946,4387907
2022-04-27,43.93727111816406,44.21611405071044,41.90572288903062,42.96133035149744,3943319
2022-04-28,43.080833435058594,44.6144563085169,43.080833435058594,43.8974408317416,1979852
2022-04-29,45.331478118896484,45.41114482126013,43.00116914155638,43.220259221128934,3755582
2022-05-05,46.00865936279297,47.2036902161574,45.49081253303844,45.80948692074917,3159874
2022-05-06,47.024436950683594,47.06426840128867,45.01280243753554,45.74973555885901,3143188
2022-05-09,46.36716842651367,48.27921472918311,46.18791361077612,47.920705097708016,2779527
2022-05-10,46.6460075378418,47.303273928897916,46.50658796987509,47.22360343354648,560390
2022-05-11,45.4111442565918,47.821123705227066,44.375454345351244,46.705763293714945,4302516
2022-05-12,42.88166427612305,45.291639792145986,42.48331939466386,44.714043892818324,4557193
2022-05-13,44.574623107910156,45.11238758937078,43.31984311673392,43.31984311673392,2940507
2022-05-16,43.71818542480469,44.71404382811324,43.18042097528247,44.53478901160583,1986484
2022-05-17,43.69826889038086,44.295782427704204,43.439343571681896,43.87752371135755,1666997
2022-05-18,42.722328186035156,43.91735526346119,42.602822439173806,43.67835136753535,2313358
2022-05-20,41.726470947265625,42.98125093395814,41.68663569717417,42.72232940616076,1554633
2022-05-23,42.00531005859375,42.72232936393713,40.790361524294916,41.8260552322579,2467224
2022-05-24,43.06092071533203,43.319842238807276,41.92563890006788,42.543073869483074,2043644
2022-05-25,45.21197509765625,45.2318889236027,43.220258199942734,43.220258199942734,3056561
2022-05-26,45.31155776977539,45.749734103681895,44.53478942365529,45.21197344808248,2038557
2022-05-27,45.271724700927734,45.769653931159404,44.51487394249096,45.41114427756884,1741945
2022-05-30,47.24352264404297,47.48253033922597,46.0086603158097,46.0086603158097,2688438
2022-05-31,47.44269561767578,49.25515768006132,46.506590048839904,47.30327604347666,3353110
2022-06-01,48.697479248046875,48.996236020343794,47.50244835996074,47.50244835996074,2513309
2022-06-02,49.095821380615234,50.04188767859728,48.87673510238781,49.53400153486717,2239051
2022-06-03,53.975528717041016,53.975528717041016,49.135656045152864,49.135656045152864,6051497
2022-06-06,53.37800979614258,56.06682829010874,53.27842547369503,55.07096987003967,4636897
2022-06-07,55.71828079223633,57.46103307207188,53.52739145209194,53.52739145209194,5525785
2022-06-08,53.42780685424805,57.75978955101477,53.02946195847476,57.510824940881086,4591426
2022-06-09,53.228633880615234,54.124904188904836,51.23691701921821,53.378010365880954,4497388
2022-06-10,54.42366409301758,55.66848711619823,51.784637764315235,52.28256697358749,4591372
2022-06-13,51.685054779052734,54.47345766333048,51.685054779052734,54.373869539560765,2606790
2022-06-14,51.934017181396484,53.029459903985206,51.08753526039764,52.18298178188468,2528098
2022-06-15,55.56890106201172,56.21621057770311,51.98381214145555,51.98381214145555,5173649
2022-06-16,54.772212982177734,56.96310226124452,53.97552700767119,55.76807140003551,3170529
2022-06-17,55.668487548828125,56.36558540810811,53.776355019329394,54.87179776868229,2682812
2022-06-20,55.96724319458008,59.30336733616988,55.718278593001784,56.365584277766345,3978498
2022-06-21,55.91745376586914,57.75979038799581,55.120763962777964,56.46517515632043,2872752
2022-06-22,55.2701416015625,56.26600000879786,54.57303995671808,55.81786296576228,1754333
2022-06-23,54.27428436279297,55.76807200580562,53.97552759397012,55.66848768249748,1675561
2022-06-24,53.7763557434082,54.97138663081919,52.78049730371546,54.67262985869106,1890265
2022-06-27,52.531532287597656,52.531532287597656,52.531532287597656,52.531532287597656,25355
2022-06-28,51.386295318603516,54.67263129504674,50.78878175864942,53.12904763385129,2621247
2022-06-29,49.494163513183594,51.8842214070472,49.494163513183594,51.485880324185764,2092909
2022-06-30,49.17549133300781,50.29085173350485,48.0003780578972,49.394577608793874,2825505
2022-07-01,52.332359313964844,52.88008068626051,49.35474475970197,49.69333677512267,2959076
2022-07-04,50.14147186279297,53.57718430418372,49.89250724818347,52.33236123113624,2243599
2022-07-05,49.39457702636719,51.18712525465264,49.01615355497222,50.5398157501164,2210007
2022-07-06,49.99209213256836,50.39043321078148,48.37880259817387,49.63358250294774,2821144
2022-07-07,50.788780212402344,51.08753698328385,49.75308652770793,50.5896077655152,1252707
2022-07-08,50.53981399536133,51.784637000173184,50.29084939439896,50.589606155774135,790841
2022-07-13,50.49002456665039,50.738989181082694,49.474248483898776,50.63940105597065,1553053
2022-07-14,49.095821380615234,50.78878152454649,49.07590375552209,50.49002474594652,2105290
2022-07-18,49.84271240234375,50.49002188504754,49.514081104174466,49.99209268262872,1543453
2022-07-19,50.73898696899414,51.336500498022204,49.71325021900152,49.753085467309624,2941769
2022-07-20,50.53981399536133,51.585464559623624,50.19126507357334,51.03774319728607,2014948
2022-07-21,49.75308609008789,51.336501140620676,49.6933370157762,50.589607320537255,1837229
2022-07-22,49.45433044433594,50.29085169377245,48.99623646935603,49.79292246908164,1995239
2022-07-25,49.05598449707031,49.77300378095536,49.05598449707031,49.45432938787276,1454272
2022-07-26,47.741451263427734,49.27507414119981,47.60203169252089,49.195407443066635,2629654
2022-07-27,46.227745056152344,47.96054034185426,45.869239223602094,47.80120314997694,5317080
2022-07-28,46.964683532714844,47.88087526619753,46.48667194090153,46.80534633544374,4115944
2022-07-29,48.08004379272461,48.08004379272461,46.307417002678186,47.163855860443945,2725610
2022-08-01,49.51408386230469,50.44023253430569,48.59789210339143,48.69748022876165,3103374
2022-08-02,49.095821380615234,50.29085229391369,48.717394101642704,49.573832986154905,3006914
2022-08-03,50.29085159301758,51.03774542855744,49.37466364489329,49.47424797007254,2846857
2022-08-04,52.38215255737305,53.278426675206944,50.63940028295039,50.938160854827345,4596034
2022-08-05,51.88422393798828,53.228635130334865,51.137330097428574,52.58132561562371,2242438
2022-08-08,52.88008117675781,53.82614744617029,52.33235979938167,52.88008117675781,2964331
2022-08-09,52.97966766357422,54.3738671448614,50.938158702436986,52.97966766357422,2888981
2022-08-10,50.93815994262695,51.78463808405698,50.34064260847186,51.137328588446906,4352281
2022-08-11,49.35474395751953,51.286707897108165,49.07590102065331,50.93815897464832,3849097
2022-08-12,48.856815338134766,49.84271304423773,48.597890022159376,49.35474454696611,2984087
2022-08-15,49.13565444946289,50.390434383437245,48.777144811499255,49.09581920104507,3415531
2022-08-16,48.75722885131836,49.63358535192758,47.363029299197585,49.63358535192758,2762327
2022-08-17,48.51822280883789,49.19540682956769,48.33896799165069,49.09581870952016,2053230
2022-08-18,51.28670883178711,51.386293154619565,48.61780795177447,48.79706277199162,6476628
2022-08-19,52.1829833984375,52.58132449221964,50.0916784102121,51.585466059416625,5535343
2022-08-22,55.07096862792969,56.763928663642545,53.129043992814886,53.129043992814886,9367308
2022-08-23,54.82200622558594,56.31579388186293,54.57304161620644,55.270143282248725,3010345
2022-08-24,55.369728088378906,56.76393143259862,54.82200670275633,55.27014376331971,6567357
2022-08-25,55.91745376586914,57.411241448317305,55.02117963684083,55.86765780400205,5126101
2022-08-26,56.71413803100586,57.909168900100234,55.070970111138806,56.31579314167494,5298358
2022-08-29,55.96724319458008,57.75978756616413,55.618690473031464,56.76392915985095,3258173
2022-08-31,57.062686920166016,58.30750994983324,56.36558526377269,56.963102597352,3508558
2022-09-01,56.315792083740234,57.112478048537334,55.41952179793038,57.06268588803095,3330787
2022-09-02,56.46517562866211,57.01289702369519,55.81786610796029,56.514967792047194,3350639
2022-09-05,56.56475830078125,57.2618599644763,56.16641720645439,56.46517397692415,2909658
2022-09-06,55.91745376586914,57.51082577425444,54.77221502309947,57.31165332348165,4709649
2022-09-07,55.81786346435547,56.36558483344777,54.72242072617087,55.967243746334454,2902191
2022-09-08,55.17055892944336,57.21206796551677,54.772214035083366,56.21620952851526,2633984
2022-09-09,55.41952133178711,55.768070251298404,54.67262753377865,55.56889781204982,3370599
2022-09-12,55.86765670776367,56.61455053433216,55.27014316606826,55.668488059797504,3574453
2022-09-13,52.680912017822266,56.76393002648366,52.680912017822266,56.266000815725036,3831939
2022-09-14,54.772212982177734,54.921593264415755,51.685053406377975,52.48173938088452,2418005
2022-09-15,56.066829681396484,57.11248028863695,54.72242230050139,54.77221446296075,3306690
2022-09-16,57.11248016357422,57.11248016357422,55.817864947973376,56.116621720973804,2263909
2022-09-19,55.76807403564453,59.303370826338714,55.76807403564453,58.407100487247845,3418474
2022-09-20,56.2660026550293,56.96310433265892,54.5232503604045,56.166418329181575,2178467
2022-09-21,55.91745376586914,56.514967319289,54.67263069716233,56.266002705547635,2265254
2022-09-22,58.55647659301758,59.50254288825915,55.71828150619141,55.76807366933075,4932602
2022-09-23,60.69757080078125,61.49425676836501,58.00875233614999,58.75564614305321,4619960
2022-09-26,58.95481872558594,62.340735045634446,58.60626600219233,61.544049076146464,5021617
2022-09-27,57.958961486816406,59.950678350288456,57.56061659456262,59.35316101190778,1891985
2022-09-28,55.2701416015625,58.05854438204184,55.2701416015625,57.7597876196509,2268261
2022-09-29,54.27428436279297,56.26600122014317,52.53153211261154,55.46931523698277,1731019
2022-09-30,56.91331100463867,57.26185993686893,53.47759864864685,54.2742846358149,2015565
2022-10-03,57.66020584106445,58.307511554971946,56.51496710268414,57.01289632825845,3469627
2022-10-04,60.24943542480469,60.94653709032592,57.85937365698859,58.00875394206402,5247235
2022-10-05,58.755645751953125,60.448605796111096,58.058544110370626,60.29922551616544,3188860
2022-10-06,59.20378494262695,60.19964338136282,58.257718666048184,59.402957390153816,3313024
2022-10-07,60.99633026123047,61.69343193828138,58.80544090431269,59.30337013093498,4676966
2022-10-10,60.597984313964844,62.53990902403824,60.0502629339181,61.49425842596747,3084129
2022-10-11,58.606266021728516,60.84694744854071,58.25771709711707,60.597982845561575,2739198
2022-10-12,56.56475830078125,58.95482006233616,56.5149661388527,58.75564761572351,2735463
2022-10-13,57.11248016357422,57.70999750847355,56.36558633162391,56.71413906587314,1968870
2022-10-14,56.963104248046875,58.307511639486776,56.763931797748754,57.759790250340835,2433171
2022-10-17,58.80543899536133,59.402956327250486,56.465173225766044,57.2120670414537,4884271
2022-10-18,57.70999526977539,59.4527474767209,57.311650388628514,59.054402595574025,4648268
2022-10-19,56.71413803100586,58.90502732452914,56.26600098023317,58.20792566764922,4566184
2022-10-20,57.66020584106445,58.50668400498137,56.465174939906404,57.261860941045605,5372285
2022-10-21,60.00046920776367,60.29922597101021,57.56061534326996,57.759787785067104,5556841
2022-10-24,65.97562408447266,65.97562408447266,60.84695140966741,60.99633170073887,11214774
2022-10-25,63.83452224731445,67.66857558738795,62.3407346396653,67.22044234421186,7244428
2022-10-26,63.08763122558594,65.12914408518695,62.78887445066093,64.2328699615134,3728907
2022-10-27,61.743221282958984,64.53162786388872,60.99632747711674,63.18721673403366,3117265
2022-10-28,62.83866500854492,63.38639018063444,61.145708727572085,61.74322226216269,1603896
2022-10-31,63.83452224731445,65.5274860946615,63.18721656333882,64.43203577081478,3588314
2022-11-01,64.9797592163086,66.52334274255789,63.834520561136195,64.0834851558347,4479146
2022-11-02,63.037837982177734,64.53162942898985,62.639496888739814,64.53162942898985,4635793
2022-11-03,63.68514633178711,64.43203634335013,62.19135871086434,63.03783684316123,3716591
2022-11-04,64.92996978759766,65.82624393820073,63.983907271726046,63.983907271726046,4104204
2022-11-07,64.9797592163086,66.52334274255789,64.73079462161009,65.22872381100709,4391557
2022-11-08,65.02955627441406,67.22044170570354,64.48183111769339,65.12914059441874,5957282
2022-11-09,64.33245086669922,66.87189281580174,63.83452166866316,65.27852090164569,4818328
2022-11-10,64.5814208984375,65.975624289781,63.73494271012806,64.18307598693976,3706200
2022-11-11,66.7225112915039,68.2162988577316,65.57727263783671,66.12499778457212,8920230
2022-11-14,69.71009063720703,69.71009063720703,66.72251532418387,66.77231128518636,6639135
2022-11-15,68.46526336669922,71.65200713155791,67.81795390258205,70.25781148305502,5093770
2022-11-16,67.81795501708984,69.1623623275522,67.32002582078552,68.66443313124789,5303344
2022-11-17,65.57727813720703,67.96733996316341,64.88018025362676,67.86775563662295,3199512
2022-11-18,66.52334594726562,67.12085948376746,65.47769156003979,65.57727588315728,2724104
2022-11-21,68.56484985351562,68.56484985351562,66.37396439560068,66.82209763996615,3287171
2022-11-22,71.00470733642578,71.30346029933533,68.61464564416607,69.6105040494579,4767959
2022-11-23,71.40304565429688,72.64786867893801,70.15822262965574,71.6520102592251,3660253
2022-11-24,74.19145202636719,74.68938123459785,71.90097462938749,71.95077058932925,5418753
2022-11-25,76.68109893798828,76.73089489849532,73.44455904774851,73.69352365469004,3702389
2022-11-28,77.0794448852539,78.47364822279744,76.03379048264702,77.67695843054486,3635566
2022-11-29,76.28275299072266,77.7267522496606,74.78896536976413,77.67695628984329,1923681
2022-11-30,81.26204681396484,81.26204681396484,75.43627648608407,75.68524109494903,6308768
2022-12-01,89.3782958984375,89.3782958984375,81.9591534841484,81.9591534841484,7638736
2022-12-02,90.17498016357422,95.10447615003324,88.43222798281445,91.61897178851369,8433004
2022-12-05,86.2911376953125,91.91773955408722,85.84299682643123,90.22477560130876,4468806
2022-12-06,87.3865737915039,90.47373328338234,85.8429902466664,86.39071540071754,3317277
2022-12-07,83.8014907836914,89.12933201592172,82.00894251967135,87.63554432850404,3360718
2022-12-08,84.94672393798828,85.64382177377246,81.56080388318681,84.10023822594049,2745217
2022-12-09,86.73926544189453,87.5359552039657,85.19568947485205,85.94258327762002,2407714
2022-12-12,89.12932586669922,91.46959156263425,87.73512260173902,87.73512260173902,2386697
2022-12-13,90.47373962402344,92.46545654518101,88.83057164450902,89.62726145209088,3192911
2022-12-14,86.58988952636719,92.0671110227464,86.58988952636719,91.71856208344532,2153464
2022-12-15,86.09195709228516,89.07953234265197,84.39900082286266,87.13761146903225,3138661
2022-12-16,84.49858856201172,87.13761499278108,84.49858856201172,86.6396857642509,730475
2022-12-19,85.6438217163086,86.68947606707982,84.34920276752484,85.6438217163086,3121733
2022-12-20,85.59403228759766,86.88865133514852,85.14589901610543,86.68948268066246,3189073
2022-12-21,88.2330551147461,89.82642707842476,85.6936206845136,85.99237365394262,5216938
2022-12-22,87.83470916748047,90.97166469441835,87.23719563801534,88.93015950226275,4731390
2022-12-23,92.81400299072266,93.9094533461364,87.18740891800948,87.88450678254833,7180975
2022-12-26,100.48211669921875,101.87632001512621,94.70613478951503,94.70613478951503,7795326
2022-12-27,97.99246978759766,102.47383266570917,95.95095699289482,101.47797424835106,5103599
2022-12-28,93.95924377441406,97.79329730924573,91.66877388501452,97.49454433121817,3909136
2022-12-29,96.5982666015625,97.69370934243324,92.61483292727127,93.85965595048728,2685696
2022-12-30,96.29950714111328,98.9385335001516,95.65220523985593,97.24557720828386,2617724
2023-01-02,97.59412384033203,99.33687605176654,96.49868111270398,96.49868111270398,2709385
2023-01-03,93.90945434570312,98.29122542280989,93.76007405948427,97.59412755085117,2699903
2023-01-04,91.96752166748047,95.40323770417997,91.12104354752725,94.00903442542351,2167172
2023-01-05,88.4322280883789,93.46130840018256,84.24961829088461,92.56503432944831,2244592
2023-01-06,88.97994995117188,89.37829484608989,80.41556890052098,84.64796726370629,3624094
2023-01-09,83.75169372558594,90.57332255595811,82.60645499399423,89.12933084947095,3155588
2023-01-10,80.66453552246094,83.85127956571093,79.61888109693982,83.80149120122718,2121772
2023-01-11,75.53585815429688,81.51100855697501,75.53585815429688,80.76411475664025,2471302
2023-01-12,79.17074584960938,79.17074584960938,71.85118784722374,77.37819762144284,2761606
2023-01-13,78.57323455810547,80.26619091271954,77.57737609120375,78.67281888523621,1649327
2023-01-16,85.6438217163086,85.6438217163086,74.93834400177002,78.87198161124928,2146538
2023-01-17,85.79320526123047,87.13761262212677,83.90107272473348,85.64382497717602,2178198
2023-01-18,86.93844604492188,87.88450853679404,84.69776452415375,85.94258759124716,1748391
2023-01-19,87.78491973876953,89.47787598464981,85.14589345141772,86.93844161582939,1919437
2023-01-20,87.13761138916016,88.43223036891781,86.6396821812221,87.88450520106724,1376731
2023-01-23,83.15418243408203,87.63554555927207,83.15418243408203,87.48616526887298,2239492
2023-01-24,80.86370086669922,82.95500963215609,79.61887783859243,82.95500963215609,2124940
2023-01-25,78.72261047363281,81.56080542704457,77.2288228562796,81.26204486445523,1647728
2023-01-26,78.77239990234375,80.66453242950888,77.87612580023429,79.46950535856081,1447838
2023-01-27,76.88026428222656,78.57322809539005,75.5856529404155,77.77653834827822,1808252
2023-01-30,77.52758026123047,80.41557133974032,76.48193342787499,76.8802707370787,1837846
2023-01-31,75.48606872558594,77.52757385895629,74.93834357396658,77.52757385895629,1586271
2023-02-01,70.50678253173828,76.53172170088976,70.35740224206737,76.03379246718482,1576176
2023-02-02,70.70594787597656,72.14993954700103,66.77231015298109,71.70180629676496,2144869
2023-02-03,74.68938446044922,74.7391804225417,69.7598881251784,70.70595062255859,1577845
2023-02-06,72.69766235351562,74.24124589466095,69.95905178540373,72.69766235351562,424604
2023-02-07,66.57313537597656,72.10015277216677,66.37396672655223,71.70180787552114,915176
2023-02-08,61.14570999145508,61.14570999145508,61.14570999145508,61.14570999145508,3
2023-02-15,73.19559478759766,73.19559478759766,69.41132970503848,69.66029431315955,926666
2023-02-16,72.44869995117188,78.67281506725193,70.70594771866946,77.67695664867912,1469487
2023-02-17,70.95491027832031,72.14993730704708,69.4113267349014,71.75160002933586,902329
2023-02-20,76.88026428222656,77.07944051790277,71.40304316477321,72.050352634577,1565080
2023-02-21,78.97157287597656,81.85955611081486,75.28689229716782,76.4819269164287,2147764
2023-02-22,80.51515197753906,81.16246147202872,76.13337339691313,78.92178002034694,2340335
2023-02-23,81.46121978759766,85.19568877056582,80.51514975323443,80.91349463097701,3729504
2023-02-24,82.45708465576172,83.55252745719632,77.07944737859513,78.67281941684521,6000723
2023-02-27,83.40314483642578,89.82642877276903,83.30356051140437,87.63554323111008,6506437
2023-02-28,81.46121978759766,83.35334466073091,81.11266327095001,83.35334466073091,2860316
2023-03-01,80.66453552246094,82.40728783313139,80.41557090665087,81.8595626392304,1808367
2023-03-02,77.47779083251953,80.96329542476764,77.32841054472092,80.7641191751038,1556221
2023-03-03,76.63130187988281,79.17074387343236,74.0420715243362,77.27861136821865,1632586
2023-03-06,77.22882080078125,77.925918631207,76.93006024614364,77.67695403494115,1365839
2023-03-07,78.92178344726562,80.2164024924595,77.52758007501002,77.7765446915629,3102968
2023-03-08,77.27861022949219,79.27032702714816,77.0296456297852,78.92177810711769,1549661
2023-03-09,77.3781967163086,79.27032924661843,77.27861239319688,77.27861239319688,1616975
2023-03-10,75.68524169921875,77.37819801389828,75.68524169921875,77.22882532562423,1528171
2023-03-13,73.94248962402344,76.48193170073496,73.49435636239058,75.88441055482849,1286869
2023-03-14,73.09600830078125,74.58979590530214,72.79724774075841,73.94248642378375,1115553
2023-03-15,71.25367736816406,73.39476702448178,69.85947397494056,73.09601403880355,1494650
2023-03-16,72.49849700927734,73.5939397667396,71.40304665401821,71.50263857562132,1137560
2023-03-17,72.10015106201172,74.39062086725134,71.6022218524644,73.14579784338304,1769353
2023-03-20,69.3117446899414,72.64786888592555,68.96319576160816,72.24953159514287,1328952
2023-03-21,69.7598876953125,71.30346373930523,68.26610001530835,69.41133115840724,1432535
2023-03-22,72.69766235351562,73.69352074191995,69.95905178540373,70.00884774394257,1719452
2023-03-23,73.59394073486328,74.44041889504689,72.64787065176644,72.74746257467967,2104619
2023-03-24,74.04207611083984,75.18731487686814,73.4445625452851,73.74332312696107,1361451
2023-03-27,73.4445571899414,75.88440723713266,73.39476123069397,74.98814075305205,1443144
2023-03-28,70.45698547363281,73.69352544238626,70.40718951191779,73.49435679112024,1457937
2023-03-29,74.19999694824219,74.94999694824219,69.5,70.75,2014147
2023-03-30,76.19999694824219,78.4000015258789,74.19999694824219,75.5,2166688
2023-03-31,77.75,78.75,74.3499984741211,75.8499984741211,2045245
2023-04-03,78.0,79.30000305175781,75.1500015258789,78.0999984741211,2014112
2023-04-04,77.0999984741211,78.0999984741211,75.75,77.5,1467966
2023-04-05,76.19999694824219,77.8499984741211,76.0,77.6500015258789,1174432
2023-04-06,74.1500015258789,77.44999694824219,73.69999694824219,76.5999984741211,1176491
2023-04-07,72.6500015258789,74.55000305175781,72.6500015258789,74.1500015258789,860153
2023-04-10,73.44999694824219,73.9000015258789,72.5999984741211,73.05000305175781,1229553
2023-04-11,72.94999694824219,74.5999984741211,72.5,73.5,1608807
2023-04-12,74.05000305175781,74.5999984741211,72.94999694824219,73.0,1953112
2023-04-13,73.30000305175781,75.3499984741211,73.19999694824219,74.1500015258789,1774126
2023-04-14,72.3499984741211,74.05000305175781,71.75,73.44999694824219,976231
2023-04-17,70.55000305175781,72.69999694824219,70.55000305175781,72.30000305175781,909287
2023-04-18,70.80000305175781,71.6500015258789,70.3499984741211,70.5999984741211,650553
2023-04-19,71.3499984741211,72.1500015258789,70.0,70.80000305175781,935481
2023-04-20,70.8499984741211,71.80000305175781,70.5,71.80000305175781,453763
2023-04-24,70.80000305175781,71.75,70.5999984741211,70.8499984741211,977916
2023-04-25,69.9000015258789,71.0,69.30000305175781,70.80000305175781,727307
2023-04-26,68.8499984741211,70.4000015258789,68.6500015258789,70.0,914944
2023-04-27,67.80000305175781,69.5,67.75,68.8499984741211,968465
2023-04-28,64.30000305175781,68.3499984741211,62.849998474121094,68.0,1499400
2023-05-02,61.5,65.0,61.5,64.3499984741211,969537
2023-05-03,61.400001525878906,61.900001525878906,57.349998474121094,61.5,2066349
2023-05-04,61.25,63.0,60.04999923706055,61.29999923706055,1020018
2023-05-05,60.849998474121094,61.0,59.70000076293945,61.0,640890
2023-05-08,61.0,61.400001525878906,57.5,57.849998474121094,1522360
2023-05-09,60.0,61.45000076293945,59.599998474121094,60.95000076293945,1086610
2023-05-10,58.849998474121094,60.150001525878906,58.0,60.0,787648
2023-05-11,61.849998474121094,62.79999923706055,58.849998474121094,58.849998474121094,2562873
2023-05-12,62.349998474121094,63.95000076293945,61.79999923706055,63.95000076293945,1800285
2023-05-15,60.5,63.54999923706055,56.79999923706055,57.5,1475020
2023-05-16,60.29999923706055,62.25,59.849998474121094,60.29999923706055,1320523
2023-05-17,62.150001525878906,62.29999923706055,60.20000076293945,60.29999923706055,1348736
2023-05-18,59.45000076293945,62.5,59.45000076293945,62.150001525878906,1154023
2023-05-22,57.650001525878906,60.400001525878906,57.400001525878906,60.400001525878906,811050
2023-05-23,59.0,59.54999923706055,57.400001525878906,57.54999923706055,878483
2023-05-24,58.150001525878906,59.70000076293945,58.0,59.29999923706055,835907
2023-05-25,58.5,59.150001525878906,57.599998474121094,58.0,397083
2023-05-26,61.5,61.599998474121094,58.29999923706055,58.599998474121094,967916
2023-05-29,65.9000015258789,65.9000015258789,61.400001525878906,62.70000076293945,1390033
2023-05-30,67.5,68.0999984741211,65.5,66.5,2014123
2023-05-31,65.80000305175781,68.19999694824219,65.80000305175781,67.5,1043113
2023-06-01,66.8499984741211,68.1500015258789,66.0,66.0999984741211,1342254
2023-06-02,68.5,70.05000305175781,67.80000305175781,68.0,1689431
2023-06-05,71.9000015258789,71.9000015258789,68.75,69.3499984741211,1887099
2023-06-06,72.69999694824219,73.5,70.19999694824219,72.44999694824219,1974795
2023-06-07,77.80000305175781,78.4000015258789,74.80000305175781,74.80000305175781,3150558
2023-06-08,76.6500015258789,78.44999694824219,75.0999984741211,77.8499984741211,1978021
2023-06-09,77.25,77.80000305175781,75.8499984741211,77.44999694824219,1219213
2023-06-12,81.5,83.0,76.75,78.05000305175781,7148153
2023-06-13,78.94999694824219,81.30000305175781,77.69999694824219,81.25,2766475
2023-06-14,77.19999694824219,80.6500015258789,76.19999694824219,79.0,2825072
2023-06-15,79.5,79.5,77.05000305175781,78.75,1457069
2023-06-16,79.19999694824219,81.5,78.69999694824219,81.0,2001714
2023-06-19,73.3499984741211,78.9000015258789,73.3499984741211,78.9000015258789,1808165
2023-06-20,72.69999694824219,74.5999984741211,72.4000015258789,73.3499984741211,1321968
2023-06-21,71.5,73.75,71.05000305175781,72.80000305175781,927764
2023-06-22,72.94999694824219,74.0999984741211,70.55000305175781,71.5,3829639
2023-06-23,74.1500015258789,75.3499984741211,73.19999694824219,75.0,2930987
2023-06-26,75.69999694824219,75.94999694824219,74.44999694824219,74.44999694824219,2157216
2023-06-27,77.94999694824219,78.55000305175781,74.94999694824219,75.69999694824219,1675925
2023-07-03,82.19999694824219,82.25,79.0,79.0,2730219
2023-07-04,80.0,82.44999694824219,79.5,82.25,2015334
2023-07-05,81.5999984741211,81.8499984741211,78.44999694824219,80.0,2638665
2023-07-06,83.69999694824219,84.75,81.80000305175781,82.05000305175781,3424272
2023-07-07,83.80000305175781,84.5,82.0,84.30000305175781,2170227
2023-07-10,86.05000305175781,87.1500015258789,82.8499984741211,84.1500015258789,3943063
2023-07-11,84.6500015258789,87.0,83.19999694824219,86.6500015258789,2473257
2023-07-12,83.0,84.80000305175781,81.94999694824219,84.69999694824219,2844952
2023-07-13,81.44999694824219,84.94999694824219,81.3499984741211,83.0,3919504
2023-07-14,83.6500015258789,83.9000015258789,80.8499984741211,81.55000305175781,2400936
2023-07-17,84.4000015258789,85.8499984741211,84.0,85.0,3228430
2023-07-18,81.8499984741211,85.3499984741211,81.4000015258789,84.55000305175781,2828815
2023-07-19,83.5,83.8499984741211,80.30000305175781,81.8499984741211,2162905
2023-07-20,83.5,84.5,81.69999694824219,84.0999984741211,2946429
2023-07-21,90.75,91.80000305175781,82.44999694824219,83.5,8901579
2023-07-24,87.0999984741211,92.5,86.4000015258789,90.9000015258789,7192749
2023-07-25,85.4000015258789,89.55000305175781,84.6500015258789,87.5,4485658
2023-07-26,86.05000305175781,87.0999984741211,84.5,85.5999984741211,2435467
2023-07-27,85.94999694824219,87.80000305175781,85.25,87.0,2290055
2023-07-28,86.6500015258789,88.55000305175781,86.05000305175781,86.75,3109196
2023-07-31,90.19999694824219,90.75,86.4000015258789,87.0,5243901
2023-08-01,88.3499984741211,90.19999694824219,87.0,90.19999694824219,2420541
2023-08-02,88.30000305175781,91.30000305175781,86.5999984741211,88.44999694824219,2667219
2023-08-03,87.3499984741211,89.69999694824219,86.75,89.19999694824219,2270526
2023-08-04,90.0,90.0,86.44999694824219,87.3499984741211,2652546
2023-08-07,91.6500015258789,93.80000305175781,90.6500015258789,92.30000305175781,4073063
2023-08-08,84.19999694824219,87.0,83.9000015258789,86.30000305175781,6529950
2023-08-09,82.0,84.1500015258789,81.25,84.0999984741211,3222692
2023-08-10,80.25,85.0,79.9000015258789,82.05000305175781,4434400
2023-08-11,81.69999694824219,81.94999694824219,79.30000305175781,80.19999694824219,2179311
2023-08-14,80.8499984741211,83.30000305175781,80.5,81.8499984741211,3004723
2023-08-15,80.0,81.0999984741211,79.0,80.80000305175781,1740378
2023-08-16,81.0999984741211,82.5,79.30000305175781,80.25,2246393
2023-08-17,81.69999694824219,82.1500015258789,80.4000015258789,81.0999984741211,1922292
2023-08-18,79.3499984741211,82.0,78.69999694824219,81.8499984741211,1763777
2023-08-21,82.5,82.55000305175781,78.4000015258789,79.0,2323332
2023-08-22,83.0999984741211,84.25,81.5,82.94999694824219,2395805
2023-08-23,81.5,84.44999694824219,81.30000305175781,84.0999984741211,2385323
2023-08-24,78.25,82.1500015258789,78.25,82.0,2306369
2023-08-25,79.44999694824219,79.80000305175781,76.8499984741211,78.30000305175781,1471286
2023-08-28,82.30000305175781,82.3499984741211,79.9000015258789,80.0,2229307
2023-08-29,82.0,83.1500015258789,80.75,82.6500015258789,1577935
2023-08-31,81.8499984741211,84.19999694824219,81.5999984741211,82.0999984741211,2488552
2023-09-01,88.0,88.5,81.6500015258789,81.8499984741211,5875840
2023-09-04,86.0999984741211,89.9000015258789,85.9000015258789,89.30000305175781,3701978
2023-09-05,85.75,86.44999694824219,84.1500015258789,86.0999984741211,1487093
2023-09-06,88.4000015258789,89.9000015258789,86.0,86.19999694824219,4018309
2023-09-07,92.1500015258789,92.19999694824219,86.80000305175781,88.4000015258789,5381568
2023-09-08,89.0,93.1500015258789,88.5999984741211,92.1500015258789,3388828
2023-09-11,87.8499984741211,90.5999984741211,87.1500015258789,89.55000305175781,2499120
2023-09-12,87.94999694824219,88.94999694824219,86.3499984741211,88.19999694824219,1616453
2023-09-13,89.1500015258789,92.0,87.94999694824219,87.94999694824219,3210704
2023-09-14,89.30000305175781,90.1500015258789,85.5,90.0,2430583
2023-09-15,86.6500015258789,89.5,86.4000015258789,89.4000015258789,1494754
2023-09-18,82.0999984741211,86.69999694824219,82.0,86.6500015258789,1556520
2023-09-19,82.44999694824219,83.5,80.55000305175781,82.0999984741211,1353477
2023-09-20,82.1500015258789,84.0,81.9000015258789,82.9000015258789,1381169
2023-09-21,87.44999694824219,87.69999694824219,80.80000305175781,82.44999694824219,2005719
2023-09-22,91.3499984741211,91.5,87.44999694824219,89.0999984741211,2751544
2023-09-25,95.9000015258789,96.30000305175781,92.94999694824219,93.55000305175781,6345497
2023-09-26,95.25,99.5,94.5,97.0999984741211,5193806
2023-09-27,104.69999694824219,104.69999694824219,94.1500015258789,95.25,7504583
2023-09-28,100.69999694824219,104.69999694824219,97.9000015258789,102.0,5608429
2023-09-29,99.30000305175781,103.30000305175781,99.0,100.80000305175781,3346281
2023-10-02,97.75,101.5999984741211,97.5,99.5999984741211,2575114
2023-10-03,98.3499984741211,101.0,97.25,97.94999694824219,3271970
2023-10-04,95.6500015258789,100.4000015258789,94.80000305175781,98.69999694824219,2848718
2023-10-05,96.30000305175781,97.4000015258789,92.30000305175781,95.9000015258789,2514106
2023-10-06,94.69999694824219,96.69999694824219,93.9000015258789,95.0999984741211,1849421
2023-10-09,91.5,94.55000305175781,90.5,92.05000305175781,1683654
2023-10-10,95.4000015258789,96.0,91.80000305175781,91.80000305175781,1962912
2023-10-11,93.5,97.0999984741211,93.0999984741211,95.4000015258789,1312910
2023-10-12,92.8499984741211,97.25,89.19999694824219,94.4000015258789,2637481
2023-10-13,92.4000015258789,93.30000305175781,89.55000305175781,91.0,1579113
2023-10-16,94.30000305175781,96.5999984741211,91.30000305175781,93.5,3407678
2023-10-17,96.80000305175781,97.0,92.1500015258789,94.19999694824219,2241229
2023-10-18,90.94999694824219,95.94999694824219,90.94999694824219,93.9000015258789,1769357
2023-10-19,91.5,94.25,90.5,90.94999694824219,1688092
2023-10-20,88.4000015258789,90.94999694824219,87.0999984741211,90.0,1497595
2023-10-23,90.8499984741211,91.5,87.94999694824219,90.0,1290827
2023-10-24,93.44999694824219,93.6500015258789,90.55000305175781,90.8499984741211,2017516
2023-10-25,85.6500015258789,93.94999694824219,85.6500015258789,93.5,1631697
2023-10-26,86.6500015258789,89.0999984741211,83.5,85.80000305175781,1637197
2023-10-27,85.4000015258789,86.8499984741211,82.94999694824219,86.0999984741211,1175197
2023-10-30,86.6500015258789,87.80000305175781,84.6500015258789,84.6500015258789,964630
2023-10-31,83.5,87.3499984741211,83.4000015258789,86.75,916036
2023-11-01,84.5,84.94999694824219,81.5,84.30000305175781,824955
2023-11-02,84.4000015258789,86.44999694824219,84.0999984741211,85.3499984741211,678637
2023-11-03,85.30000305175781,85.55000305175781,83.80000305175781,84.69999694824219,848133
2023-11-06,89.30000305175781,89.44999694824219,85.75,85.75,1528629
2023-11-07,89.0,89.55000305175781,87.30000305175781,89.44999694824219,901342
2023-11-08,89.4000015258789,91.80000305175781,88.1500015258789,89.05000305175781,1175361
2023-11-09,86.80000305175781,88.80000305175781,86.5999984741211,88.80000305175781,895256
2023-11-10,86.1500015258789,87.44999694824219,85.55000305175781,86.80000305175781,748581
2023-11-13,84.30000305175781,86.5,83.19999694824219,86.19999694824219,928490
2023-11-14,83.69999694824219,84.9000015258789,82.80000305175781,84.19999694824219,724567
2023-11-15,84.1500015258789,85.1500015258789,82.5,84.4000015258789,762565
2023-11-16,85.0,86.0,84.05000305175781,84.1500015258789,551642
2023-11-17,89.0,89.0,85.0,85.5,1697771
2023-11-20,88.9000015258789,90.3499984741211,88.9000015258789,89.5,1420462
2023-11-21,90.55000305175781,91.44999694824219,88.0999984741211,89.44999694824219,1317153
2023-11-22,86.75,91.0,86.75,90.9000015258789,1650672
2023-11-23,84.80000305175781,87.30000305175781,84.75,86.75,1163667
2023-11-24,84.69999694824219,85.19999694824219,83.6500015258789,84.44999694824219,987225
2023-11-27,84.75,85.5,82.69999694824219,84.8499984741211,980467
2023-11-28,84.9000015258789,86.5999984741211,84.5,85.0,846302
2023-11-29,83.5,85.75,83.1500015258789,85.05000305175781,866771
2023-11-30,83.8499984741211,84.44999694824219,83.4000015258789,83.5,591256
2023-12-01,85.44999694824219,85.94999694824219,83.6500015258789,84.75,950010
2023-12-04,83.8499984741211,85.75,83.6500015258789,85.30000305175781,646538
2023-12-05,83.4000015258789,84.6500015258789,83.0,84.0,845158
2023-12-06,79.44999694824219,83.44999694824219,79.44999694824219,83.4000015258789,1410197
2023-12-07,79.94999694824219,80.0999984741211,78.55000305175781,79.55000305175781,976132
2023-12-08,79.5,81.30000305175781,79.44999694824219,80.30000305175781,607237
2023-12-11,77.9000015258789,80.0,77.19999694824219,79.69999694824219,619608
2023-12-12,78.55000305175781,80.1500015258789,77.44999694824219,77.9000015258789,638581
2023-12-13,76.0,79.19999694824219,75.9000015258789,79.19999694824219,589231
2023-12-14,77.55000305175781,77.80000305175781,75.8499984741211,76.75,623088
2023-12-15,79.0999984741211,79.80000305175781,77.30000305175781,77.69999694824219,736905
2023-12-18,76.44999694824219,79.0999984741211,76.05000305175781,78.75,527317
2023-12-19,76.6500015258789,80.19999694824219,76.1500015258789,79.0999984741211,1088171
2023-12-20,75.5,76.94999694824219,75.5,76.69999694824219,548731
2023-12-21,77.69999694824219,77.69999694824219,74.94999694824219,75.44999694824219,466741
2023-12-22,75.4000015258789,78.5,75.4000015258789,77.6500015258789,386598
2023-12-25,72.3499984741211,75.05000305175781,71.30000305175781,75.0,514989
2023-12-26,73.0,74.3499984741211,71.5,72.6500015258789,406743
2023-12-27,73.8499984741211,74.55000305175781,71.69999694824219,73.0,666345
2023-12-28,75.5,76.55000305175781,73.8499984741211,73.8499984741211,363395
2023-12-29,77.5,78.0,75.55000305175781,75.5999984741211,526852
2024-01-02,79.0,79.19999694824219,77.0999984741211,77.5,616513
2024-01-03,77.25,79.19999694824219,76.25,79.0,626935
2024-01-04,79.0,79.0,75.6500015258789,77.25,686450
2024-01-05,78.5,79.80000305175781,77.75,79.0,413497
2024-01-08,79.94999694824219,80.5,78.6500015258789,78.6500015258789,933958
2024-01-09,77.69999694824219,80.5,77.4000015258789,80.0999984741211,674932
2024-01-10,79.0,79.3499984741211,77.25,77.69999694824219,457354
2024-01-11,78.75,80.25,78.5,79.0,678084
2024-01-12,79.5,80.1500015258789,77.55000305175781,78.4000015258789,928506
2024-01-15,80.5999984741211,81.30000305175781,79.3499984741211,79.5,1734195
2024-01-16,80.1500015258789,81.0999984741211,80.05000305175781,80.80000305175781,808267
2024-01-17,80.3499984741211,80.69999694824219,79.4000015258789,79.9000015258789,678819
2024-01-18,80.6500015258789,81.44999694824219,80.55000305175781,80.69999694824219,823329
2024-01-19,79.1500015258789,80.75,79.1500015258789,80.69999694824219,646615
2024-01-22,78.4000015258789,79.5,78.25,79.0,954214
2024-01-23,78.19999694824219,79.6500015258789,77.8499984741211,78.9000015258789,963341
2024-01-24,79.3499984741211,79.5,77.69999694824219,78.30000305175781,645057
2024-01-25,81.6500015258789,81.6500015258789,79.25,79.3499984741211,1087691
2024-01-26,82.44999694824219,83.25,81.3499984741211,82.0999984741211,1734960
2024-01-29,82.5,83.44999694824219,82.5,83.0999984741211,1262461
2024-01-30,82.05000305175781,83.05000305175781,81.6500015258789,82.6500015258789,895178
2024-01-31,83.19999694824219,83.69999694824219,81.9000015258789,82.0999984741211,1339064
2024-02-01,85.1500015258789,85.8499984741211,83.44999694824219,83.6500015258789,1435880
2024-02-02,84.55000305175781,86.69999694824219,84.3499984741211,85.5999984741211,1313090
2024-02-05,86.1500015258789,86.19999694824219,84.4000015258789,84.5999984741211,974422
2024-02-06,85.75,87.19999694824219,84.8499984741211,86.55000305175781,1143875
2024-02-07,86.0,87.1500015258789,85.05000305175781,86.0,1535051
2024-02-08,87.30000305175781,87.5,85.9000015258789,86.0999984741211,1387369
2024-02-09,88.05000305175781,88.69999694824219,86.94999694824219,87.5,1595367
2024-02-12,89.30000305175781,91.0,88.9000015258789,89.5,1727127
2024-02-13,87.94999694824219,90.4000015258789,87.94999694824219,89.55000305175781,2032204
2024-02-14,91.5999984741211,92.0,88.30000305175781,88.4000015258789,2214021
2024-02-15,93.25,95.75,91.1500015258789,91.9000015258789,2250573
2024-02-16,95.5999984741211,96.3499984741211,92.80000305175781,93.5,1845213
2024-02-19,91.5,97.25,91.5,97.0999984741211,2131370
2024-02-20,91.19999694824219,93.0,90.5999984741211,91.5,1479118
2024-02-21,90.3499984741211,91.5999984741211,89.5,91.30000305175781,1376337
2024-02-22,92.4000015258789,92.55000305175781,90.3499984741211,90.69999694824219,1281300
2024-02-23,95.75,96.0999984741211,92.5999984741211,92.75,2709253
2024-02-26,95.4000015258789,97.5999984741211,94.5999984741211,95.80000305175781,1647710
2024-02-27,95.3499984741211,97.55000305175781,92.69999694824219,95.4000015258789,2386443
2024-02-28,94.0,97.94999694824219,94.0,95.3499984741211,1544126
2024-02-29,96.05000305175781,96.55000305175781,93.0999984741211,94.0,1168299
2024-03-01,103.0,105.5999984741211,96.5999984741211,97.5,7856651
2024-03-04,110.0,113.30000305175781,103.4000015258789,104.0,5735333
2024-03-05,106.19999694824219,112.0,104.9000015258789,110.4000015258789,3161231
2024-03-06,100.80000305175781,107.5,100.69999694824219,107.0999984741211,1935144
2024-03-07,110.80000305175781,110.80000305175781,101.0,101.0,3255633
2024-03-08,110.0,115.0999984741211,107.4000015258789,113.0,2661384
2024-03-11,114.9000015258789,116.69999694824219,110.5999984741211,112.0,2160025
2024-03-12,108.4000015258789,115.30000305175781,105.80000305175781,115.0,1900334
2024-03-13,105.0,109.0,103.9000015258789,108.69999694824219,2049730
2024-03-14,107.4000015258789,108.4000015258789,103.4000015258789,105.0,1699411
2024-03-15,108.30000305175781,112.0,105.5999984741211,107.4000015258789,2246823
2024-03-18,102.0,108.30000305175781,102.0,107.9000015258789,1647518
2024-03-19,104.0,105.0,100.5,101.69999694824219,1921468
2024-03-20,105.5999984741211,106.4000015258789,103.0,104.0,1407588
2024-03-21,96.0,101.5,95.0999984741211,99.69999694824219,5108390
2024-03-22,91.80000305175781,95.9000015258789,91.1500015258789,95.9000015258789,2784908
2024-03-25,88.5999984741211,93.05000305175781,88.30000305175781,92.0,1688304
2024-03-26,85.19999694824219,89.80000305175781,85.19999694824219,88.5999984741211,1516054
2024-03-27,84.80000305175781,86.3499984741211,83.8499984741211,85.19999694824219,1507858
2024-03-28,86.05000305175781,87.19999694824219,85.05000305175781,85.0999984741211,918572
2024-03-29,88.44999694824219,88.44999694824219,85.75,86.30000305175781,922615
2024-04-01,89.0,90.0,85.19999694824219,89.0,1201921
2024-04-02,85.5999984741211,89.55000305175781,85.0,89.0,847305
2024-04-03,84.19999694824219,86.25,84.19999694824219,85.55000305175781,758277
2024-04-04,85.4000015258789,87.5,84.5999984741211,84.80000305175781,698920
2024-04-05,90.25,90.3499984741211,85.75,85.80000305175781,702021
2024-04-08,94.9000015258789,95.5,91.4000015258789,92.4000015258789,1251656
2024-04-15,94.5,95.0,92.1500015258789,94.25,1042841
2024-04-16,94.4000015258789,95.19999694824219,92.19999694824219,94.0,949671
2024-04-17,96.5999984741211,97.55000305175781,93.94999694824219,95.05000305175781,1539972
2024-04-18,94.75,97.0,94.19999694824219,96.5999984741211,837843
2024-04-19,96.0,96.69999694824219,93.19999694824219,93.94999694824219,864072
2024-04-22,94.94999694824219,97.0,94.0999984741211,96.0,1026453
2024-04-24,94.94999694824219,95.6500015258789,94.0999984741211,95.30000305175781,688030
2024-04-25,94.5999984741211,95.4000015258789,93.69999694824219,94.94999694824219,714483
2024-04-26,100.69999694824219,101.9000015258789,94.69999694824219,94.69999694824219,2918362
2024-04-29,100.0999984741211,104.5,99.5999984741211,104.0,2109574
2024-04-30,100.0999984741211,100.9000015258789,98.44999694824219,100.0,990818
2024-05-02,102.4000015258789,103.0,100.0999984741211,101.80000305175781,2102559
2024-05-03,100.4000015258789,103.0,99.5999984741211,102.4000015258789,1206347
2024-05-06,99.94999694824219,101.5999984741211,99.19999694824219,100.5,1297629
2024-05-07,99.5999984741211,100.30000305175781,97.0999984741211,99.80000305175781,987030
2024-05-08,98.5,100.4000015258789,97.8499984741211,99.94999694824219,859386
2024-05-09,100.0,100.0999984741211,97.25,98.5,913944
2024-05-10,101.0,101.9000015258789,99.4000015258789,100.0999984741211,1849392
2024-05-13,97.3499984741211,101.80000305175781,96.94999694824219,101.5,1264942
2024-05-14,98.4000015258789,98.4000015258789,93.5,97.30000305175781,702666
2024-05-15,97.9000015258789,98.69999694824219,96.8499984741211,98.0,614996
2024-05-16,98.0,98.75,95.80000305175781,97.9000015258789,946623
2024-05-17,99.0,99.5,97.6500015258789,98.4000015258789,1250226
2024-05-20,101.0999984741211,102.19999694824219,98.19999694824219,99.0,2054668
2024-05-21,101.9000015258789,103.69999694824219,99.9000015258789,101.5999984741211,2132130
2024-05-22,106.0,106.19999694824219,99.5999984741211,101.0999984741211,2390466
2024-05-23,103.5,106.80000305175781,102.69999694824219,106.30000305175781,1420988
2024-05-24,102.80000305175781,104.5,101.4000015258789,103.5,901017
2024-05-27,101.4000015258789,104.30000305175781,101.0999984741211,102.9000015258789,992742
2024-05-28,101.30000305175781,102.19999694824219,99.0999984741211,101.4000015258789,835158
2024-05-29,97.6500015258789,101.5,96.6500015258789,101.0,1187522
2024-05-30,92.5,95.44999694824219,91.69999694824219,95.0999984741211,1757708
2024-05-31,90.3499984741211,93.8499984741211,89.6500015258789,92.69999694824219,1035303
2024-06-03,92.8499984741211,92.8499984741211,89.5999984741211,90.5999984741211,671273
2024-06-04,92.5999984741211,94.9000015258789,92.0,93.0,1225807
2024-06-05,92.0999984741211,92.9000015258789,90.3499984741211,92.5999984741211,928294
2024-06-06,91.69999694824219,93.0999984741211,91.0,92.5,616728
2024-06-07,89.9000015258789,92.75,89.0999984741211,92.0,597273
2024-06-10,87.55000305175781,90.19999694824219,87.5,89.9000015258789,483756
2024-06-11,88.5,90.0999984741211,87.5999984741211,87.5999984741211,437475
2024-06-12,89.0,89.94999694824219,88.05000305175781,88.30000305175781,401662
2024-06-13,91.6500015258789,91.9000015258789,89.80000305175781,89.80000305175781,335156
2024-06-14,92.5,93.9000015258789,91.25,92.5,925471
2024-06-20,97.0,97.25,92.80000305175781,93.0,902521
2024-06-21,95.30000305175781,97.0,94.80000305175781,97.0,579412
2024-06-24,92.94999694824219,95.44999694824219,92.0,95.30000305175781,876509
2024-06-25,91.8499984741211,92.94999694824219,91.69999694824219,92.94999694824219,368444
2024-06-26,91.0,93.1500015258789,90.75,91.5,723233
2024-06-27,93.05000305175781,93.1500015258789,90.9000015258789,91.19999694824219,408334
2024-06-28,93.1500015258789,94.55000305175781,92.5,93.0999984741211,710363
2024-07-01,88.5,93.94999694824219,87.05000305175781,93.25,773479
2024-07-02,89.5999984741211,89.94999694824219,86.8499984741211,88.5,759958
2024-07-03,90.5,90.80000305175781,88.25,90.25,400679
2024-07-04,91.1500015258789,91.6500015258789,90.19999694824219,90.5,1156252
2024-07-05,96.0,96.3499984741211,90.8499984741211,91.1500015258789,1524444
2024-07-08,96.0,97.5,94.55000305175781,96.0,952840
2024-07-09,96.3499984741211,97.0,94.80000305175781,96.0999984741211,645341
2024-07-10,94.05000305175781,98.0,93.69999694824219,96.3499984741211,866529
2024-07-11,95.80000305175781,96.0,94.1500015258789,94.1500015258789,853058
2024-07-12,96.5999984741211,97.3499984741211,95.55000305175781,96.94999694824219,674023
2024-07-16,97.5,98.1500015258789,96.05000305175781,96.6500015258789,697780
2024-07-17,95.5999984741211,97.94999694824219,95.3499984741211,97.69999694824219,596080
2024-07-18,96.05000305175781,97.5,95.25,95.5999984741211,1222481
2024-07-19,96.1500015258789,97.5,95.1500015258789,96.0999984741211,783396
2024-07-22,96.94999694824219,98.1500015258789,95.6500015258789,96.4000015258789,999741
2024-07-23,97.25,98.4000015258789,96.5999984741211,97.80000305175781,905169
2024-07-24,96.75,98.44999694824219,95.8499984741211,97.25,748734
2024-07-25,98.69999694824219,99.75,96.05000305175781,96.75,1142415
2024-07-26,97.19999694824219,99.5,97.19999694824219,99.0999984741211,857665
2024-07-29,96.44999694824219,98.05000305175781,94.75,96.69999694824219,964284
2024-07-30,97.5,97.8499984741211,95.05000305175781,96.55000305175781,828352
2024-07-31,97.94999694824219,102.4000015258789,95.0999984741211,97.44999694824219,1509992
2024-08-01,100.0,101.19999694824219,98.1500015258789,98.5,1104564
2024-08-02,97.4000015258789,100.0,96.5,99.69999694824219,627182
2024-08-05,89.0,93.3499984741211,88.0,90.0,918085
2024-08-06,87.0999984741211,93.0,86.94999694824219,90.0,900343
2024-08-07,89.05000305175781,89.3499984741211,87.30000305175781,87.75,619809
2024-08-08,90.19999694824219,90.5,89.0,89.05000305175781,440157
2024-08-09,89.9000015258789,91.19999694824219,88.6500015258789,90.25,503269
2024-08-12,86.5,91.19999694824219,86.30000305175781,90.1500015258789,1129262
2024-08-13,86.0,87.44999694824219,84.94999694824219,87.3499984741211,625209
2024-08-14,85.3499984741211,88.0,85.0999984741211,86.4000015258789,676444
2024-08-15,87.80000305175781,88.0,83.8499984741211,85.3499984741211,727297
2024-08-16,86.8499984741211,88.4000015258789,86.5999984741211,87.8499984741211,328252
2024-08-19,87.9000015258789,88.1500015258789,86.1500015258789,86.9000015258789,563379
2024-08-20,88.30000305175781,88.9000015258789,87.05000305175781,88.0,726732
2024-08-21,86.44999694824219,89.75,85.8499984741211,88.30000305175781,1181188
2024-08-22,83.19999694824219,86.0,82.94999694824219,85.0999984741211,1284387
2024-08-23,78.1500015258789,83.4000015258789,77.75,83.19999694824219,1392195
2024-08-26,75.0,79.19999694824219,74.75,79.0,872496
2024-08-27,74.69999694824219,75.6500015258789,74.25,75.0,530919
2024-08-28,75.0999984741211,77.44999694824219,74.6500015258789,74.80000305175781,473222
2024-08-29,77.3499984741211,77.94999694824219,74.94999694824219,75.25,494045
2024-09-02,79.0999984741211,79.25,77.30000305175781,77.5999984741211,688238
2024-09-03,78.9000015258789,81.05000305175781,78.9000015258789,79.3499984741211,573772
2024-09-04,77.69999694824219,78.8499984741211,76.8499984741211,78.3499984741211,353262
2024-09-05,77.8499984741211,78.94999694824219,77.80000305175781,78.1500015258789,261894
2024-09-06,76.94999694824219,78.4000015258789,76.8499984741211,77.9000015258789,300620
2024-09-09,75.0,77.5,74.94999694824219,76.30000305175781,428735
2024-09-10,74.25,75.6500015258789,74.25,75.05000305175781,385013
2024-09-11,72.19999694824219,74.8499984741211,72.0999984741211,74.5,400685
2024-09-12,72.55000305175781,73.55000305175781,71.05000305175781,73.05000305175781,364813
2024-09-13,75.69999694824219,75.80000305175781,72.69999694824219,72.69999694824219,647388
2024-09-16,74.6500015258789,76.4000015258789,74.6500015258789,75.69999694824219,336278
2024-09-17,76.5,76.55000305175781,74.6500015258789,75.05000305175781,426606
2024-09-18,75.30000305175781,76.9000015258789,75.30000305175781,76.5,290542
2024-09-19,76.4000015258789,77.0999984741211,75.9000015258789,76.0999984741211,612409
2024-09-20,75.80000305175781,77.19999694824219,75.55000305175781,76.5999984741211,500011
2024-09-23,74.9000015258789,76.4000015258789,74.5999984741211,75.80000305175781,344894
2024-09-24,76.80000305175781,78.25,74.9000015258789,75.1500015258789,1010769
2024-09-25,76.25,77.5999984741211,75.94999694824219,77.0,412254
2024-09-26,77.6500015258789,78.25,76.25,77.0,544935
2024-09-27,77.0,78.55000305175781,76.30000305175781,77.69999694824219,381149
2024-09-30,77.1500015258789,78.30000305175781,76.30000305175781,77.0,251548
2024-10-01,74.19999694824219,77.30000305175781,73.80000305175781,77.19999694824219,381008
2024-10-02,72.3499984741211,75.0999984741211,72.3499984741211,74.1500015258789,391424
2024-10-03,70.75,73.5999984741211,70.75,72.3499984741211,498068
2024-10-04,71.55000305175781,72.5,70.75,72.5,253541
2024-10-07,71.94999694824219,73.25,71.30000305175781,71.5999984741211,271628
2024-10-08,71.0,72.3499984741211,71.0,71.94999694824219,283825
2024-10-09,72.05000305175781,72.44999694824219,70.5999984741211,71.05000305175781,479987
2024-10-10,71.6500015258789,74.05000305175781,71.5,73.0,564748
2024-10-11,73.0,73.44999694824219,71.3499984741211,71.94999694824219,434634
2024-10-14,70.6500015258789,73.80000305175781,70.6500015258789,73.19999694824219,412606
2024-10-15,72.25,73.0,71.25,71.5,330602
2024-10-16,72.6500015258789,72.94999694824219,71.75,71.9000015258789,367205
2024-10-17,74.30000305175781,74.5,72.5,73.05000305175781,477181
2024-10-18,73.0,74.69999694824219,72.0999984741211,74.4000015258789,269176
2024-10-21,71.4000015258789,73.30000305175781,71.4000015258789,73.05000305175781,268003
2024-10-22,72.0,72.30000305175781,71.19999694824219,71.5999984741211,255292
2024-10-23,70.5999984741211,72.69999694824219,70.55000305175781,72.0,413176
2024-10-24,70.9000015258789,72.0999984741211,70.75,70.75,391449
2024-10-25,74.5,74.80000305175781,70.75,71.1500015258789,869114
2024-10-28,74.05000305175781,74.9000015258789,73.80000305175781,74.5999984741211,160235
2024-10-30,75.0,75.5,73.5,74.05000305175781,428388
2024-10-31,72.55000305175781,73.55000305175781,71.6500015258789,73.44999694824219,853186
2024-11-01,71.69999694824219,72.80000305175781,71.25,72.5,312090
2024-11-04,69.0999984741211,71.69999694824219,69.0999984741211,71.0,347385
2024-11-05,68.69999694824219,69.8499984741211,68.6500015258789,69.4000015258789,334097
2024-11-06,71.9000015258789,71.9000015258789,68.5,68.5,450857
2024-11-07,70.0,71.9000015258789,69.6500015258789,71.55000305175781,520334
2024-11-08,70.94999694824219,71.3499984741211,70.0999984741211,70.6500015258789,554993
2024-11-11,71.0999984741211,71.9000015258789,71.0,71.5,721334
2024-11-12,71.5,72.75,70.80000305175781,71.19999694824219,647778
2024-11-13,70.9000015258789,71.80000305175781,70.6500015258789,71.5,474334
2024-11-14,71.4000015258789,71.9000015258789,70.8499984741211,71.0999984741211,630902
2024-11-15,70.94999694824219,72.75,70.75,71.5,867066
2024-11-18,72.0999984741211,72.55000305175781,70.6500015258789,71.19999694824219,847487
2024-11-19,71.30000305175781,73.0,71.05000305175781,72.0999984741211,558863
2024-11-20,69.5999984741211,72.19999694824219,69.5,71.30000305175781,631840
2024-11-21,71.9000015258789,72.0,69.5999984741211,70.0,782883
2024-11-22,72.25,72.69999694824219,70.9000015258789,72.1500015258789,837854
2024-11-25,72.05000305175781,73.55000305175781,72.05000305175781,72.5,2278317
2024-11-26,71.8499984741211,72.69999694824219,71.30000305175781,72.25,1124374
2024-11-27,71.5999984741211,72.6500015258789,71.30000305175781,72.0999984741211,641426
2024-11-28,71.94999694824219,72.30000305175781,71.05000305175781,71.80000305175781,660423
2024-11-29,71.75,72.19999694824219,71.0,72.1500015258789,633330
2024-12-02,72.5,72.80000305175781,71.25,71.75,1048131
2024-12-03,72.69999694824219,73.5,72.44999694824219,72.5,1287753
2024-12-04,73.3499984741211,73.80000305175781,72.5,72.55000305175781,1254572
2024-12-05,73.0,74.19999694824219,72.80000305175781,73.5,1267258
2024-12-06,74.19999694824219,74.5,73.0,73.3499984741211,1206058
2024-12-09,75.0,75.5999984741211,74.25,74.25,1420277
2024-12-10,73.94999694824219,76.19999694824219,73.69999694824219,75.0,1597197
2024-12-11,72.9000015258789,74.69999694824219,72.9000015258789,73.94999694824219,1070291
2024-12-12,73.5999984741211,74.1500015258789,73.0,73.0,1174005
2024-12-13,74.4000015258789,74.44999694824219,72.9000015258789,73.6500015258789,727584
2024-12-16,74.44999694824219,75.6500015258789,74.44999694824219,74.5,1030019
2024-12-17,75.4000015258789,75.75,73.80000305175781,74.5999984741211,932930
2024-12-18,74.0,75.80000305175781,73.94999694824219,75.4000015258789,946711
2024-12-19,73.0,74.05000305175781,73.0,73.80000305175781,659647
2024-12-20,72.25,73.75,72.0,73.5,505725
2024-12-23,71.5,72.94999694824219,71.0999984741211,72.30000305175781,596499
2024-12-24,70.5999984741211,71.75,70.19999694824219,71.5,513502
2024-12-25,71.0,72.3499984741211,71.0,71.0999984741211,649488
2024-12-26,71.5,72.6500015258789,70.94999694824219,71.44999694824219,665744
2024-12-27,72.8499984741211,73.0999984741211,71.44999694824219,71.5999984741211,797227
2024-12-30,72.0999984741211,73.5,72.05000305175781,72.9000015258789,686438
2024-12-31,71.5999984741211,72.94999694824219,70.80000305175781,72.1500015258789,967299
2025-01-02,74.0,74.19999694824219,71.6500015258789,71.6500015258789,1181838
2025-01-03,74.5999984741211,75.05000305175781,73.5999984741211,74.0999984741211,1021797
2025-01-06,76.55000305175781,77.94999694824219,74.94999694824219,75.0,1723293
2025-01-07,75.25,76.6500015258789,75.25,76.5999984741211,786562
2025-01-08,73.5999984741211,76.0999984741211,73.4000015258789,75.25,684588
2025-01-09,74.8499984741211,75.0999984741211,73.5999984741211,73.6500015258789,494509
2025-01-10,74.3499984741211,75.5999984741211,73.69999694824219,74.9000015258789,704939
2025-01-13,71.94999694824219,74.5,71.25,74.3499984741211,799282
2025-01-14,71.69999694824219,73.9000015258789,71.69999694824219,72.1500015258789,977516
2025-01-15,72.0,72.5,71.25,71.69999694824219,571620
2025-01-16,72.6500015258789,72.8499984741211,71.0,72.5,819704
2025-01-17,71.55000305175781,72.6500015258789,71.19999694824219,72.6500015258789,916775
2025-01-20,71.0,72.30000305175781,70.69999694824219,71.94999694824219,855074
2025-01-21,70.05000305175781,71.05000305175781,69.9000015258789,70.9000015258789,862819
2025-01-22,70.3499984741211,70.44999694824219,69.5999984741211,70.05000305175781,642848
2025-01-23,70.5999984741211,71.3499984741211,70.44999694824219,70.5,738964
2025-01-24,71.44999694824219,71.5999984741211,70.44999694824219,70.8499984741211,556764
2025-01-27,69.5999984741211,71.25,69.5999984741211,71.25,652467
2025-01-28,69.4000015258789,70.0999984741211,69.25,69.5999984741211,692815
2025-01-29,68.94999694824219,70.05000305175781,68.94999694824219,69.5,507938
2025-01-30,68.94999694824219,69.69999694824219,68.69999694824219,69.0,588458
2025-01-31,68.0,69.1500015258789,67.9000015258789,69.05000305175781,553098
2025-02-03,65.4000015258789,67.75,65.0999984741211,67.44999694824219,786292
2025-02-04,65.69999694824219,66.3499984741211,65.5999984741211,66.25,417996
2025-02-05,64.9000015258789,66.1500015258789,64.0,65.94999694824219,413600
2025-02-06,65.6500015258789,66.30000305175781,65.1500015258789,65.3499984741211,436686
2025-02-07,67.0,67.0,65.55000305175781,65.69999694824219,469890
2025-02-10,67.0,67.69999694824219,66.3499984741211,67.69999694824219,516476
2025-02-11,66.0,67.1500015258789,65.9000015258789,67.0999984741211,536434
2025-02-12,65.0999984741211,66.30000305175781,65.0999984741211,65.94999694824219,545193
2025-02-13,65.1500015258789,65.80000305175781,64.8499984741211,65.25,440787
2025-02-14,64.6500015258789,65.94999694824219,64.25,65.1500015258789,616270
2025-02-17,63.79999923706055,65.19999694824219,63.79999923706055,64.30000305175781,706985
2025-02-18,64.4000015258789,65.0,63.45000076293945,63.79999923706055,687973
2025-02-19,62.75,65.25,62.75,64.55000305175781,628419
2025-02-20,64.1500015258789,64.25,62.79999923706055,63.0,411092
2025-02-21,63.20000076293945,64.8499984741211,62.650001525878906,64.0999984741211,475885
2025-02-24,63.349998474121094,64.4000015258789,63.25,63.54999923706055,444968
2025-02-25,62.04999923706055,63.95000076293945,61.95000076293945,63.349998474121094,1243677
2025-02-26,62.29999923706055,62.75,62.04999923706055,62.150001525878906,267060
2025-02-27,62.79999923706055,63.349998474121094,62.099998474121094,62.25,430946
2025-02-28,62.650001525878906,63.25,62.5,62.79999923706055,363631
2025-03-03,60.349998474121094,61.400001525878906,60.29999923706055,60.70000076293945,1732264
2025-03-04,58.0,60.54999923706055,58.0,60.349998474121094,795251
2025-03-05,58.5,58.95000076293945,58.0,58.04999923706055,860199
2025-03-06,61.54999923706055,61.54999923706055,58.650001525878906,58.650001525878906,1428886
2025-03-07,62.349998474121094,62.95000076293945,61.20000076293945,61.95000076293945,675436
2025-03-10,63.29999923706055,63.599998474121094,62.5,62.5,873126
2025-03-11,63.0,63.70000076293945,62.04999923706055,63.70000076293945,525747
2025-03-12,63.79999923706055,64.19999694824219,62.20000076293945,63.04999923706055,892611
2025-03-13,64.55000305175781,65.25,63.900001525878906,64.0999984741211,1228571
2025-03-14,64.5999984741211,65.55000305175781,64.5,64.80000305175781,624382
2025-03-17,64.6500015258789,65.1500015258789,64.4000015258789,64.75,710303
2025-03-18,64.05000305175781,65.4000015258789,63.400001525878906,64.69999694824219,1247385
2025-03-19,58.5,62.54999923706055,58.0,59.79999923706055,1409361
2025-03-20,58.400001525878906,60.849998474121094,57.25,58.349998474121094,992102
2025-03-21,54.400001525878906,58.5,54.0,58.5,898064
2025-03-24,54.70000076293945,56.099998474121094,52.54999923706055,54.650001525878906,989128
2025-03-25,56.650001525878906,57.5,54.900001525878906,55.25,874828
2025-03-26,56.04999923706055,56.95000076293945,55.45000076293945,56.75,599514
2025-03-27,55.75,57.099998474121094,55.75,55.75,471411
2025-03-28,57.0,57.45000076293945,55.0,55.849998474121094,487360
2025-04-02,56.5,57.849998474121094,56.5,57.04999923706055,411500
2025-04-03,58.79999923706055,61.0,57.25,57.25,1613269
2025-04-04,58.400001525878906,60.150001525878906,57.5,59.95000076293945,755309
2025-04-07,58.5,59.20000076293945,55.650001525878906,56.5,1357302
2025-04-08,58.54999923706055,60.95000076293945,57.95000076293945,60.95000076293945,1359151
2025-04-09,58.650001525878906,60.70000076293945,57.95000076293945,58.54999923706055,1885944
2025-04-10,60.45000076293945,62.0,59.25,60.0,2159670
2025-04-11,60.25,61.5,59.79999923706055,60.20000076293945,1010151
2025-04-14,60.20000076293945,61.20000076293945,59.650001525878906,60.95000076293945,656727
2025-04-15,59.150001525878906,60.70000076293945,59.0,60.5,837551
2025-04-16,57.150001525878906,59.25,56.900001525878906,59.20000076293945,734366
2025-04-17,56.400001525878906,57.849998474121094,55.650001525878906,57.099998474121094,1584971
2025-04-18,55.70000076293945,57.04999923706055,55.29999923706055,56.650001525878906,549747
2025-04-21,56.0,57.0,55.70000076293945,55.900001525878906,545215
2025-04-22,59.70000076293945,59.70000076293945,55.5,56.79999923706055,1412466
2025-04-24,58.70000076293945,60.54999923706055,57.79999923706055,60.29999923706055,1032685
2025-04-25,58.95000076293945,59.95000076293945,58.849998474121094,59.79999923706055,664969
2025-04-28,57.650001525878906,59.5,57.650001525878906,59.0,482260
2025-04-29,56.5,57.849998474121094,54.900001525878906,57.75,461312
2025-04-30,55.0,56.599998474121094,54.79999923706055,56.5,647477
2025-05-02,55.150001525878906,56.150001525878906,55.04999923706055,55.400001525878906,416792
2025-05-05,54.900001525878906,55.900001525878906,54.900001525878906,55.25,480973
2025-05-06,55.25,56.29999923706055,55.0,55.099998474121094,439933
2025-05-07,54.29999923706055,56.099998474121094,53.79999923706055,55.349998474121094,700294
2025-05-08,55.04999923706055,55.150001525878906,53.099998474121094,54.29999923706055,271932
2025-05-09,55.900001525878906,56.150001525878906,54.54999923706055,55.099998474121094,554765
2025-05-12,57.54999923706055,57.70000076293945,56.5,56.5,776694
2025-05-13,58.150001525878906,58.400001525878906,56.099998474121094,57.900001525878906,729482
2025-05-14,57.95000076293945,59.0,57.849998474121094,58.25,767972
2025-05-15,56.79999923706055,58.849998474121094,56.400001525878906,58.0,488967
2025-05-16,58.79999923706055,58.849998474121094,56.70000076293945,56.79999923706055,801018
2025-05-20,58.650001525878906,60.0,58.099998474121094,59.0,893908
2025-05-21,56.95000076293945,59.099998474121094,56.95000076293945,59.0,646121
2025-05-22,57.25,57.849998474121094,56.349998474121094,57.0,431479
2025-05-23,57.349998474121094,58.150001525878906,56.599998474121094,57.25,523463
2025-05-26,56.25,57.79999923706055,56.04999923706055,57.400001525878906,442137
2025-05-27,55.25,56.599998474121094,55.25,56.20000076293945,404010
2025-05-28,54.70000076293945,55.79999923706055,54.5,55.45000076293945,529065
2025-05-29,55.70000076293945,56.5,54.900001525878906,55.400001525878906,652281
2025-05-30,54.650001525878906,55.70000076293945,54.650001525878906,55.54999923706055,295907
2025-06-02,53.54999923706055,54.650001525878906,53.5,54.599998474121094,418916
2025-06-03,54.70000076293945,55.5,53.75,53.75,383967
2025-06-04,56.79999923706055,56.95000076293945,54.70000076293945,54.70000076293945,713643
2025-06-05,56.400001525878906,56.95000076293945,56.29999923706055,56.79999923706055,97746
2025-06-10,57.349998474121094,57.650001525878906,56.45000076293945,56.45000076293945,458850
2025-06-11,57.70000076293945,58.25,57.349998474121094,57.349998474121094,342239
2025-06-12,56.04999923706055,57.45000076293945,55.95000076293945,57.45000076293945,384812
2025-06-13,53.79999923706055,54.0,52.650001525878906,53.79999923706055,685681
2025-06-16,54.150001525878906,54.849998474121094,53.150001525878906,53.900001525878906,360687
2025-06-17,53.54999923706055,54.650001525878906,53.54999923706055,54.20000076293945,402405
2025-06-18,52.45000076293945,53.29999923706055,52.099998474121094,53.150001525878906,413284
2025-06-19,53.099998474121094,53.599998474121094,52.45000076293945,52.45000076293945,442299
2025-06-20,53.54999923706055,53.95000076293945,52.45000076293945,53.45000076293945,452273
2025-06-23,51.95000076293945,52.650001525878906,51.70000076293945,52.599998474121094,489404
2025-06-24,53.79999923706055,53.849998474121094,52.400001525878906,52.95000076293945,585031
2025-06-25,53.20000076293945,53.849998474121094,52.75,53.79999923706055,678769
2025-06-26,53.25,53.599998474121094,53.0,53.20000076293945,427007
2025-06-27,53.45000076293945,54.04999923706055,52.75,53.29999923706055,362299
2025-06-30,55.599998474121094,55.70000076293945,53.5,53.5,761941
2025-07-01,57.599998474121094,57.95000076293945,55.400001525878906,55.79999923706055,662500
2025-07-02,57.0,58.400001525878906,56.0,57.599998474121094,1020322
2025-07-03,57.70000076293945,59.099998474121094,57.5,59.0,460136
2025-07-04,58.5,58.599998474121094,57.099998474121094,57.95000076293945,486903
2025-07-07,56.54999923706055,58.04999923706055,56.5,58.0,550338
2025-07-08,55.45000076293945,57.04999923706055,55.45000076293945,56.75,405631
2025-07-09,56.400001525878906,56.599998474121094,55.45000076293945,55.599998474121094,274210
2025-07-10,57.04999923706055,57.54999923706055,56.79999923706055,56.849998474121094,432496
2025-07-11,57.25,58.0,56.25,57.25,458351
2025-07-14,56.70000076293945,57.54999923706055,56.349998474121094,57.45000076293945,271306
2025-07-16,55.79999923706055,57.04999923706055,55.0,56.70000076293945,666114
2025-07-17,57.04999923706055,57.099998474121094,55.79999923706055,55.79999923706055,629299
2025-07-18,57.099998474121094,57.70000076293945,56.400001525878906,57.5,468414
2025-07-21,57.900001525878906,58.849998474121094,57.25,57.349998474121094,778413
2025-07-22,57.650001525878906,58.400001525878906,57.45000076293945,58.099998474121094,660862
2025-07-23,60.900001525878906,61.599998474121094,57.54999923706055,57.75,3300612
2025-07-24,61.45000076293945,61.70000076293945,59.70000076293945,61.0,1584664
2025-07-25,60.150001525878906,61.75,59.79999923706055,61.45000076293945,632520
2025-07-28,58.79999923706055,60.650001525878906,58.5,60.349998474121094,981717
2025-07-29,58.95000076293945,60.54999923706055,58.54999923706055,58.95000076293945,745825
2025-07-30,59.599998474121094,61.0,58.849998474121094,59.20000076293945,873295
2025-07-31,61.5,61.599998474121094,59.650001525878906,59.650001525878906,1187221
2025-08-01,61.29999923706055,62.5,60.900001525878906,61.599998474121094,816760
2025-08-04,62.95000076293945,63.5,61.5,61.5,2562328
2025-08-05,62.599998474121094,63.349998474121094,62.400001525878906,63.25,1000547
2025-08-06,63.70000076293945,64.4000015258789,62.650001525878906,62.79999923706055,1180056
2025-08-07,62.099998474121094,62.849998474121094,61.099998474121094,62.70000076293945,1517761
2025-08-08,61.5,62.25,61.45000076293945,62.04999923706055,763868
2025-08-11,61.599998474121094,62.150001525878906,61.349998474121094,61.75,660898
2025-08-12,60.54999923706055,61.900001525878906,60.349998474121094,61.900001525878906,482511
2025-08-13,60.95000076293945,61.29999923706055,60.5,60.70000076293945,546797
2025-08-14,61.400001525878906,62.650001525878906,60.45000076293945,60.95000076293945,1050293
2025-08-15,62.400001525878906,63.099998474121094,61.45000076293945,61.650001525878906,717260
2025-08-18,64.8499984741211,65.05000305175781,62.54999923706055,63.0,1322593
2025-08-19,63.75,66.5,63.25,64.94999694824219,1484477
2025-08-20,64.4000015258789,64.5,63.20000076293945,63.75,752643
2025-08-21,65.69999694824219,65.75,64.55000305175781,64.69999694824219,930118
2025-08-22,66.4000015258789,66.80000305175781,65.1500015258789,66.0,746441
2025-08-25,67.5999984741211,68.1500015258789,66.75,66.75,703753
2025-08-26,66.9000015258789,67.9000015258789,66.6500015258789,67.9000015258789,503040
2025-08-27,70.75,72.0,66.4000015258789,66.9000015258789,2875236
2025-08-28,69.19999694824219,71.5,68.44999694824219,70.80000305175781,793353
2025-08-29,68.55000305175781,70.8499984741211,68.0999984741211,69.19999694824219,458857
2025-09-01,70.0,70.9000015258789,68.4000015258789,68.55000305175781,859383
2025-09-02,68.1500015258789,71.5999984741211,67.4000015258789,70.25,1624000
2025-09-03,67.0999984741211,68.44999694824219,66.0,68.0,909244
2025-09-04,67.6500015258789,68.0,66.0,67.4000015258789,768054
2025-09-05,66.69999694824219,68.4000015258789,65.80000305175781,67.9000015258789,709791
2025-09-08,63.400001525878906,66.0,63.400001525878906,65.9000015258789,666984
2025-09-09,64.80000305175781,65.44999694824219,63.45000076293945,63.45000076293945,483907
2025-09-10,63.900001525878906,65.94999694824219,63.650001525878906,65.0999984741211,301359
2025-09-11,62.75,65.25,62.599998474121094,63.900001525878906,392883
2025-09-12,62.45000076293945,63.150001525878906,61.5,63.0,407330
2025-09-15,60.0,61.349998474121094,56.25,59.79999923706055,16508533
2025-09-16,64.44999694824219,64.6500015258789,59.45000076293945,60.25,4214623
2025-09-17,66.4000015258789,67.9000015258789,64.55000305175781,64.55000305175781,1838507
2025-09-18,64.44999694824219,67.94999694824219,64.44999694824219,66.69999694824219,1288788
2025-09-19,65.3499984741211,65.8499984741211,64.3499984741211,64.44999694824219,1136148
2025-09-22,65.19999694824219,67.3499984741211,64.80000305175781,66.19999694824219,1130111
2025-09-23,68.5999984741211,69.5,64.0,64.5,2292343
2025-09-24,69.69999694824219,71.1500015258789,67.05000305175781,68.5999984741211,1349149
2025-09-25,69.05000305175781,70.75,68.3499984741211,70.0,688797
2025-09-26,67.0,69.0999984741211,65.69999694824219,69.0999984741211,652882
2025-09-29,65.1500015258789,67.19999694824219,64.8499984741211,66.3499984741211,563533
2025-09-30,63.04999923706055,65.1500015258789,63.0,65.1500015258789,748164
2025-10-01,63.099998474121094,64.4000015258789,61.70000076293945,63.099998474121094,674345
2025-10-02,59.5,64.69999694824219,59.5,63.5,1986160
2025-10-03,58.599998474121094,59.75,57.95000076293945,59.5,1465093
2025-10-06,57.54999923706055,60.04999923706055,57.349998474121094,58.849998474121094,1182452
2025-10-07,58.54999923706055,60.04999923706055,58.0,58.0,1714485
2025-10-08,57.5,59.70000076293945,57.20000076293945,58.54999923706055,1012178
2025-10-09,56.70000076293945,58.45000076293945,56.5,57.650001525878906,676772
2025-10-10,56.650001525878906,57.70000076293945,56.150001525878906,57.0,670428
2025-10-13,55.150001525878906,56.54999923706055,54.599998474121094,55.95000076293945,2292054
2025-10-14,53.5,55.5,53.5,55.150001525878906,652186
2025-10-15,54.5,54.900001525878906,53.650001525878906,53.650001525878906,707343
2025-10-16,53.400001525878906,55.150001525878906,53.150001525878906,54.599998474121094,582577
2025-10-17,54.45000076293945,58.70000076293945,52.20000076293945,53.45000076293945,1433432
2025-10-20,54.75,55.150001525878906,52.150001525878906,54.849998474121094,841037
2025-10-21,54.849998474121094,55.54999923706055,54.25,54.900001525878906,680512
2025-10-22,54.650001525878906,55.5,54.29999923706055,54.849998474121094,599195
2025-10-23,54.400001525878906,55.5,54.400001525878906,54.650001525878906,547145
2025-10-24,57.04999923706055,57.25,54.5,54.70000076293945,1219664
2025-10-27,56.650001525878906,57.5,56.150001525878906,57.04999923706055,498524
2025-10-28,55.45000076293945,56.54999923706055,55.45000076293945,56.150001525878906,296265
2025-10-30,56.04999923706055,57.20000076293945,55.45000076293945,55.45000076293945,528342
2025-10-31,56.0,57.099998474121094,55.0,56.25,836948
2025-11-03,56.150001525878906,57.400001525878906,55.900001525878906,56.0,832079
2025-11-04,54.95000076293945,56.20000076293945,54.70000076293945,56.150001525878906,703486
2025-11-05,54.650001525878906,55.45000076293945,54.54999923706055,55.45000076293945,652374
2025-11-06,54.849998474121094,55.25,54.45000076293945,54.79999923706055,462218
2025-11-07,53.75,55.04999923706055,53.45000076293945,54.849998474121094,660789
2025-11-10,52.95000076293945,54.04999923706055,52.650001525878906,53.95000076293945,772398
2025-11-11,51.849998474121094,53.25,50.54999923706055,52.5,840187
2025-11-12,51.29999923706055,52.29999923706055,51.04999923706055,52.099998474121094,587072
2025-11-13,50.95000076293945,51.849998474121094,50.95000076293945,51.29999923706055,560867
2025-11-14,50.650001525878906,51.150001525878906,50.25,51.150001525878906,405643
2025-11-17,51.650001525878906,52.04999923706055,50.849998474121094,50.849998474121094,496952
2025-11-18,50.79999923706055,51.95000076293945,50.75,51.650001525878906,476525
2025-11-19,51.349998474121094,51.45000076293945,50.95000076293945,51.0,504936
2025-11-20,50.70000076293945,52.400001525878906,50.29999923706055,51.849998474121094,849628
2025-11-21,50.099998474121094,51.20000076293945,49.79999923706055,50.650001525878906,474728
2025-11-24,50.25,50.54999923706055,49.900001525878906,50.04999923706055,456562
2025-11-25,49.84000015258789,50.650001525878906,49.79999923706055,50.400001525878906,517251
2025-11-26,49.41999816894531,50.150001525878906,48.13999938964844,49.86000061035156,455910
2025-11-27,49.41999816894531,50.0,49.41999816894531,49.439998626708984,356624
2025-11-28,49.20000076293945,49.540000915527344,49.13999938964844,49.41999816894531,212509
2025-12-01,51.0,51.0,49.13999938964844,49.20000076293945,429587
2025-12-02,51.45000076293945,51.54999923706055,50.45000076293945,51.25,561788
2025-12-03,51.0,51.900001525878906,51.0,51.45000076293945,312853
2025-12-04,49.900001525878906,51.20000076293945,49.900001525878906,51.0,459109
2025-12-05,50.79999923706055,50.79999923706055,49.779998779296875,49.91999816894531,426364
2025-12-08,50.650001525878906,51.95000076293945,50.150001525878906,50.79999923706055,718354
2025-12-09,50.599998474121094,50.95000076293945,50.29999923706055,50.79999923706055,341709
2025-12-10,50.150001525878906,51.45000076293945,50.04999923706055,50.599998474121094,379328
2025-12-11,50.29999923706055,50.75,50.099998474121094,50.099998474121094,352677
2025-12-12,51.45000076293945,51.45000076293945,49.959999084472656,50.349998474121094,614042
2025-12-15,51.70000076293945,52.79999923706055,51.20000076293945,51.75,1135141
2025-12-16,50.900001525878906,52.0,50.75,51.95000076293945,431095
2025-12-17,50.150001525878906,51.099998474121094,50.150001525878906,50.900001525878906,391002
2025-12-18,50.349998474121094,50.70000076293945,50.0,50.29999923706055,277018
2025-12-19,49.880001068115234,50.45000076293945,49.720001220703125,50.400001525878906,380142
2025-12-22,49.2599983215332,50.20000076293945,49.220001220703125,49.91999816894531,398153
2025-12-23,48.41999816894531,49.540000915527344,48.29999923706055,49.279998779296875,652542
2025-12-24,49.70000076293945,49.720001220703125,48.34000015258789,48.619998931884766,563395
2025-12-25,49.34000015258789,50.599998474121094,49.29999923706055,49.79999923706055,427700
2025-12-26,48.70000076293945,49.47999954223633,48.560001373291016,49.34000015258789,315823
2025-12-29,47.70000076293945,48.84000015258789,47.5,48.70000076293945,412315
2025-12-30,48.400001525878906,48.5,47.439998626708984,47.70000076293945,297944
2025-12-31,48.459999084472656,48.79999923706055,48.31999969482422,48.400001525878906,237911
2026-01-02,49.18000030517578,49.380001068115234,48.459999084472656,48.459999084472656,396855
2026-01-05,49.400001525878906,49.540000915527344,48.91999816894531,49.20000076293945,495764
2026-01-06,50.20000076293945,50.45000076293945,49.380001068115234,49.400001525878906,446932
2026-01-07,49.58000183105469,50.54999923706055,49.36000061035156,50.25,508995
2026-01-08,48.91999816894531,49.720001220703125,48.459999084472656,49.58000183105469,623380
2026-01-09,49.08000183105469,49.2599983215332,48.84000015258789,48.959999084472656,446123
2026-01-12,49.91999816894531,50.29999923706055,49.119998931884766,49.15999984741211,538412
2026-01-13,51.0,51.75,49.84000015258789,49.91999816894531,1014645
2026-01-14,51.0,51.79999923706055,50.599998474121094,51.04999923706055,577625
2026-01-15,51.849998474121094,52.04999923706055,50.599998474121094,51.04999923706055,480416
2026-01-16,51.75,52.20000076293945,51.349998474121094,52.150001525878906,519234
2026-01-19,51.45000076293945,52.75,51.45000076293945,52.0,1027364
2026-01-20,51.20000076293945,51.79999923706055,50.75,51.45000076293945,532695
2026-01-21,51.20000076293945,51.5,50.75,51.20000076293945,608051
2026-01-22,52.29999923706055,52.349998474121094,51.04999923706055,51.54999923706055,1018783
2026-01-23,52.900001525878906,53.70000076293945,52.25,52.400001525878906,1206894
2026-01-26,53.849998474121094,54.75,52.29999923706055,52.79999923706055,1033199
2026-01-27,53.650001525878906,54.5,52.849998474121094,53.849998474121094,1215104
2026-01-28,55.400001525878906,55.400001525878906,53.650001525878906,53.79999923706055,1212708
2026-01-29,54.349998474121094,55.5,53.849998474121094,55.400001525878906,1592616
2026-01-30,53.650001525878906,54.54999923706055,52.849998474121094,54.400001525878906,707603
2026-02-02,54.099998474121094,54.400001525878906,52.400001525878906,52.849998474121094,920071
2026-02-03,54.29999923706055,54.95000076293945,53.79999923706055,54.29999923706055,641995
2026-02-04,55.0,55.349998474121094,54.0,54.0,700638
2026-02-05,53.650001525878906,54.900001525878906,53.650001525878906,54.79999923706055,532771
2026-02-06,53.75,54.900001525878906,52.900001525878906,53.29999923706055,489770
2026-02-09,55.099998474121094,55.400001525878906,54.04999923706055,54.04999923706055,873235
2026-02-10,55.0,55.75,54.45000076293945,55.150001525878906,648554
2026-02-11,54.70000076293945,55.599998474121094,53.95000076293945,54.650001525878906,658878
2026-02-12,56.95000076293945,57.79999923706055,54.75,55.0,1635424
2026-02-13,56.5,58.0,55.650001525878906,56.95000076293945,787404
2026-02-16,57.650001525878906,58.349998474121094,56.5,56.5,1054536
2026-02-17,57.150001525878906,58.04999923706055,56.95000076293945,57.79999923706055,760337
2026-02-18,55.45000076293945,57.54999923706055,55.400001525878906,56.79999923706055,868740
2026-02-19,52.20000076293945,55.900001525878906,52.150001525878906,55.29999923706055,922840
2026-02-20,52.849998474121094,53.150001525878906,52.150001525878906,52.29999923706055,640923
2026-02-23,54.20000076293945,55.849998474121094,53.04999923706055,53.04999923706055,1129272
2026-02-24,53.25,54.54999923706055,53.0,54.20000076293945,492205
2026-02-25,51.900001525878906,53.599998474121094,51.900001525878906,53.349998474121094,645226
2026-02-26,51.54999923706055,52.599998474121094,51.150001525878906,51.849998474121094,532425
2026-02-27,52.150001525878906,52.400001525878906,50.5,50.5,946140
2026-03-02,50.79999923706055,50.79999923706055,48.5,48.5,719943
2026-03-03,48.599998474121094,50.75,48.599998474121094,50.75,556247
2026-03-04,47.91999816894531,49.060001373291016,47.900001525878906,48.58000183105469,572048
2026-03-05,52.70000076293945,52.70000076293945,48.29999923706055,48.29999923706055,2505667
2026-03-06,51.0,55.25,50.45000076293945,54.5,1822877
2026-03-09,50.95000076293945,52.54999923706055,49.70000076293945,50.5,1130861
2026-03-10,54.099998474121094,54.70000076293945,51.45000076293945,51.900001525878906,1354605
2026-03-11,53.0,54.650001525878906,52.29999923706055,53.25,977771
2026-03-12,56.849998474121094,57.0,52.25,52.70000076293945,2155430
2026-03-13,58.04999923706055,58.04999923706055,55.70000076293945,56.900001525878906,1327954
2026-03-16,58.20000076293945,58.75,56.0,58.099998474121094,1236541
2026-03-17,57.20000076293945,58.20000076293945,56.650001525878906,58.150001525878906,779791
2026-03-18,57.29999923706055,58.099998474121094,56.54999923706055,57.29999923706055,711560
2026-03-19,57.54999923706055,57.849998474121094,56.349998474121094,57.150001525878906,562424
2026-03-23,57.900001525878906,58.599998474121094,56.599998474121094,57.150001525878906,1387457
2026-03-24,57.349998474121094,58.5,57.04999923706055,58.0,598621
2026-03-25,58.29999923706055,60.25,57.54999923706055,57.54999923706055,1602827
2026-03-26,55.04999923706055,59.599998474121094,54.650001525878906,58.150001525878906,1690548
2026-03-27,56.75,56.75,53.45000076293945,55.20000076293945,1960361
2026-03-30,56.54999923706055,57.25,55.54999923706055,57.0,638467
2026-03-31,55.95000076293945,56.849998474121094,55.54999923706055,56.400001525878906,546282
2026-04-01,56.0,57.25,55.849998474121094,56.75,555856
2026-04-02,59.349998474121094,59.349998474121094,54.900001525878906,55.79999923706055,1402754
2026-04-03,56.599998474121094,59.650001525878906,56.599998474121094,59.400001525878906,1199696
2026-04-06,59.25,59.599998474121094,56.599998474121094,56.79999923706055,880347
2026-04-07,56.20000076293945,59.5,56.20000076293945,59.5,475774
2026-04-08,57.599998474121094,59.099998474121094,57.150001525878906,57.599998474121094,865123
2026-04-09,59.45000076293945,59.45000076293945,57.150001525878906,57.599998474121094,1289228
2026-04-10,60.900001525878906,61.75,58.349998474121094,59.75,3143800
2026-04-13,62.5,62.5,59.0,59.79999923706055,1431853
2026-04-14,64.5999984741211,64.5999984741211,61.400001525878906,63.0,1998536
2026-04-15,62.650001525878906,66.0999984741211,62.650001525878906,65.80000305175781,2177052
2026-04-16,64.9000015258789,64.9000015258789,60.900001525878906,62.75,1984335
2026-04-17,65.0,67.25,63.650001525878906,64.3499984741211,2377186
2026-04-20,62.54999923706055,65.25,62.54999923706055,65.25,2220357
2026-04-21,65.0999984741211,65.0999984741211,60.900001525878906,62.400001525878906,4920784
2026-04-22,64.75,66.9000015258789,64.05000305175781,65.0999984741211,3115139
2026-04-24,65.55000305175781,65.55000305175781,63.54999923706055,64.55000305175781,2279025
2026-04-27,65.75,67.30000305175781,65.0,65.5999984741211,2888731
2026-04-28,63.900001525878906,65.5999984741211,63.75,65.44999694824219,1754398
2026-04-29,64.3499984741211,65.44999694824219,62.70000076293945,64.1500015258789,4229802
2026-04-30,65.5999984741211,65.5999984741211,62.29999923706055,63.20000076293945,2530465
2026-05-04,64.4000015258789,67.0,64.4000015258789,65.5,1503597
2026-05-05,63.29999923706055,65.25,63.29999923706055,64.44999694824219,1079635
2026-05-06,65.69999694824219,65.94999694824219,63.54999923706055,63.849998474121094,2419658
2026-05-07,65.75,66.80000305175781,64.75,66.0,1733360
2026-05-08,65.3499984741211,66.1500015258789,64.6500015258789,65.80000305175781,1209938
2026-05-11,71.8499984741211,71.8499984741211,65.8499984741211,65.94999694824219,5847620
2026-05-12,79.0,79.0,72.19999694824219,73.0,7206080
2026-05-13,86.9000015258789,86.9000015258789,78.19999694824219,81.0,9633500
2026-05-14,89.94999694824219,94.30000305175781,86.75,91.0,8429997
2026-05-15,91.0,94.55000305175781,89.0999984741211,90.5,5171471
2026-05-18,87.25,91.25,84.3499984741211,90.80000305175781,3491913
2026-05-20,85.4000015258789,88.75,83.30000305175781,87.5,2194459
2026-05-21,79.19999694824219,87.19999694824219,79.19999694824219,85.8499984741211,1808555
2026-05-22,82.5999984741211,83.9000015258789,77.30000305175781,77.30000305175781,2020107
2026-05-25,84.8499984741211,86.05000305175781,83.0,83.3499984741211,2008092
2026-05-26,85.0999984741211,87.44999694824219,84.0,84.5999984741211,800127
2026-05-27,85.0999984741211,85.0999984741211,85.0999984741211,85.0999984741211,0
2026-05-28,85.0999984741211,85.0999984741211,85.0999984741211,85.0999984741211,0
2026-05-29,85.0999984741211,85.0999984741211,85.0999984741211,85.0999984741211,0
2026-06-01,77.5,87.0,77.44999694824219,85.0999984741211,2736730
2026-06-02,80.5999984741211,82.19999694824219,75.6500015258789,77.75,3382524
2026-06-03,79.25,83.5999984741211,78.5999984741211,80.5,2088889
2026-06-04,76.69999694824219,79.8499984741211,76.3499984741211,79.3499984741211,1450909
2026-06-05,75.80000305175781,80.0999984741211,74.75,76.9000015258789,1600814
2026-06-08,75.3499984741211,78.0,74.30000305175781,74.9000015258789,1786886
2026-06-09,76.80000305175781,77.80000305175781,75.55000305175781,76.0999984741211,2150924
2026-06-10,84.44999694824219,84.44999694824219,76.4000015258789,76.80000305175781,4785506
2026-06-11,82.30000305175781,86.4000015258789,80.9000015258789,86.19999694824219,3989225
2026-06-12,83.1500015258789,84.19999694824219,80.44999694824219,83.0,2135829
2026-06-15,80.75,84.5,79.4000015258789,84.05000305175781,3411663
2026-06-16,76.19999694824219,81.5999984741211,76.0,81.4000015258789,1962291
2026-06-17,76.80000305175781,78.6500015258789,76.19999694824219,76.69999694824219,1422052
2026-06-18,73.6500015258789,77.94999694824219,72.5999984741211,77.4000015258789,2356788
2026-06-19,77.75,81.0,73.44999694824219,73.5999984741211,10627262
2026-06-22,78.5,80.3499984741211,76.5999984741211,77.75,2684960
2026-06-23,74.0,79.4000015258789,74.0,79.4000015258789,2800553
2026-06-24,72.75,74.3499984741211,72.19999694824219,74.1500015258789,2118334
2026-06-25,73.0,74.4000015258789,72.3499984741211,73.0,2530243
2026-06-26,69.0,73.30000305175781,69.0,72.5999984741211,2877931
2026-06-29,70.5,72.5,68.55000305175781,69.25,2411988
2026-06-30,72.4000015258789,74.5,70.5,70.5,2252627
2026-07-01,70.4000015258789,73.30000305175781,70.05000305175781,72.9000015258789,1728529
2026-07-02,69.80000305175781,71.5,69.75,70.44999694824219,1234986
2026-07-03,70.75,71.9000015258789,69.8499984741211,70.44999694824219,1310627
2026-07-06,69.44999694824219,72.69999694824219,69.30000305175781,70.8499984741211,1502735
2026-07-07,76.3499984741211,76.3499984741211,70.05000305175781,70.05000305175781,3129892
2026-07-08,83.94999694824219,83.94999694824219,76.94999694824219,76.94999694824219,6203170
2026-07-09,79.5999984741211,85.94999694824219,77.05000305175781,85.05000305175781,6566091
2026-07-10,80.19999694824219,81.30000305175781,79.0,81.0999984741211,1788516
2026-07-13,78.5,81.94999694824219,76.9000015258789,80.4000015258789,2072637
2026-07-14,78.69999694824219,79.8499984741211,77.1500015258789,78.80000305175781,1642425
2026-07-16,77.30000305175781,79.94999694824219,76.30000305175781,78.69999694824219,1547000
2026-07-17,79.9000015258789,82.05000305175781,76.55000305175781,77.3499984741211,2876154
2026-07-20,78.05000305175781,80.69999694824219,77.05000305175781,79.9000015258789,1419775
2026-07-21,73.30000305175781,79.0,73.0,78.3499984741211,1889927
2026-07-22,72.19999694824219,75.05000305175781,71.55000305175781,73.30000305175781,1320768
2026-07-23,71.55000305175781,73.3499984741211,71.55000305175781,72.30000305175781,982412
2026-07-24,70.0,72.25,70.0,71.55000305175781,1779980
2026-07-27,71.5,75.55000305175781,71.5,75.55000305175781,5145944
2026-07-28,67.0,71.80000305175781,66.30000305175781,71.5,5451228
2026-07-29,67.25,67.8499984741211,66.0999984741211,67.1500015258789,1805175
2026-07-30,68.94999694824219,70.69999694824219,67.25,67.25,2848874
2026-08-03,65.25,67.69999694824219,65.1500015258789,67.19999694824219,1038360
2026-08-04,69.5999984741211,69.80000305175781,67.05000305175781,68.5,3823638
2026-08-05,71.8499984741211,72.69999694824219,68.80000305175781,69.6500015258789,2748336
2026-08-06,69.25,71.80000305175781,69.25,71.80000305175781,1993265
2026-08-07,68.4000015258789,69.5999984741211,67.75,69.25,1584012
