Price,Close,High,Low,Open,Volume
2021-08-10,7.422333240509033,7.450131993177678,7.181408360830347,7.38526750052883,127381632
2021-08-11,7.301870822906494,7.5983932088254855,7.283338173786557,7.552061365099038,255895178
2021-08-12,7.52426290512085,7.533529450967991,7.357469056551334,7.376001706392391,158723703
2021-08-13,7.755921840667725,7.783720596623135,7.524263479057435,7.533530025611411,125344248
2021-08-16,7.635458946228027,7.792986693734495,7.589127099836748,7.783720147714946,66816966
2021-08-17,7.5891265869140625,7.746654323773777,7.561327834440703,7.607659677700574,104264984
2021-08-18,7.376000881195068,7.635457949942856,7.348201688616931,7.598392654407458,102762384
2021-08-19,7.116543769836426,7.31113680324064,7.098011121029034,7.292604154433247,103564930
2021-08-20,7.051680088043213,7.1628759866921206,6.996082138718759,7.135076791103281,81897595
2021-08-23,7.107277870178223,7.135076623259908,7.023880727226739,7.088745220839361,63635905
2021-08-24,7.125810146331787,7.246272581652264,7.116543601221047,7.153608897957627,92984580
2021-08-25,7.0702128410339355,7.19994139135153,7.0702128410339355,7.144343441215418,86166697
2021-08-26,7.005348205566406,7.10727799971451,6.9775494519780645,7.079478804272947,58419457
2021-08-27,7.172142028808594,7.172142028808594,6.996082078392574,7.005348182273471,86912940
2021-08-31,7.209207534790039,7.292604234411313,7.1906748857794,7.209207534790039,69949277
2021-09-01,7.162876129150391,7.237006729724003,7.13507693300867,7.237006729724003,47940350
2021-09-02,7.135076522827148,7.24627285914834,7.11654387374915,7.172141820983143,32229286
2021-09-03,7.04241418838501,7.18140929537584,7.014615432098802,7.144343992425387,69656475
2021-09-06,7.005348205566406,7.079478804272947,6.9868155558897715,7.060946154596312,38792576
2021-09-07,6.90341854095459,7.079478937112846,6.884885890930207,7.0146148829541195,67268168
2021-09-08,6.727358341217041,6.921950938447177,6.718091795616303,6.903418289098916,62914730
2021-09-09,6.792222499847412,6.810755149487182,6.681026602008792,6.699559251648562,79031466
2021-09-10,6.755156993865967,6.810754941084028,6.7088251502576455,6.801488837474288,71582263
2021-09-13,6.690292835235596,6.8292879311474675,6.681026731163193,6.718092031159262,51647895
2021-09-14,6.551298141479492,6.727358536320598,6.542031595610011,6.699559340565381,51833267
2021-09-15,6.458633899688721,6.634694279523124,6.384503306464381,6.523498389686614,103098398
2021-09-16,6.365970611572266,6.514232238789161,6.365970611572266,6.486433045606872,72693014
2021-09-17,6.236242771148682,6.421569273559678,6.217710120907582,6.384503973077479,72000006
2021-09-20,6.0231170654296875,6.180644813222059,6.01385051939332,6.125046862563558,66061130
2021-09-21,5.8470563888549805,6.097247375825367,5.828523739518404,6.069448622747109,90678908
2021-09-22,6.013850212097168,6.013850212097168,5.82852371937199,5.893388212752408,119426963
2021-09-23,5.976784706115723,6.023116548615583,5.865588814339895,6.023116548615583,104284552
2021-09-24,5.791458606719971,5.976785105393719,5.735860657117846,5.93971980565897,59263678
2021-09-27,5.902654647827148,5.94898649453604,5.809991396262601,5.847056696888419,77036880
2021-09-28,5.884121417999268,5.921186714974602,5.809990824048598,5.8933879631696975,67995143
2021-09-29,5.8470563888549805,5.9397196355378625,5.837790285113299,5.921186986201286,42576389
2021-09-30,5.976784706115723,5.995317354745028,5.865588814339895,5.865588814339895,107127267
2021-10-01,5.995317459106445,6.060181951364717,5.893388110797568,5.9304534087013785,68267303
2021-10-04,5.921187400817871,6.078715152135869,5.921187400817871,5.995318003354989,49209914
2021-10-05,5.884121417999268,5.930453260145032,5.837790017706696,5.911920611657365,51976426
2021-10-06,5.66172981262207,5.967518743126547,5.652463267162804,5.92118689953663,127154535
2021-10-07,5.948986530303955,5.9582526345895035,5.717328179073136,5.717328179073136,90360403
2021-10-08,5.958252429962158,6.041649574934138,5.865589181022861,5.930453676206981,77309057
2021-10-11,6.310372829437256,6.310372829437256,5.976784711931948,5.976784711931948,141932030
2021-10-12,6.301106929779053,6.393770176011907,6.226975890939558,6.2547750857360205,113429134
2021-10-13,6.245508670806885,6.4030364136239335,6.162111968379734,6.328905815087256,133193564
2021-10-14,6.254775524139404,6.356705323066509,6.2269763273944685,6.254775524139404,82812287
2021-10-15,6.430835247039795,6.477166647590827,6.291840161680307,6.3103728102713585,144444591
2021-10-18,6.671760082244873,6.671760082244873,6.430835635989604,6.477167039342852,141071593
2021-10-19,6.671760082244873,6.736624577163288,6.616162133109041,6.6995592777394,101375499
2021-10-20,6.634694576263428,6.745890912926444,6.60689582348758,6.690292523668331,84436093
2021-10-21,6.71809196472168,6.755157264351197,6.412303021851554,6.643961365462647,161822983
2021-10-22,6.968282699584961,6.977549245075112,6.727358260932757,6.727358260932757,125395715
2021-10-25,6.959016799926758,7.0238808528462355,6.894152305154058,6.940483708403225,120331657
2021-10-26,7.005348205566406,7.135076753302853,6.968282906213136,7.0331474010079695,98165079
2021-10-27,6.9497504234313965,7.051680220027295,6.875619822944645,7.042413674039835,101741345
2021-10-28,6.912684917449951,6.968282866160287,6.894152267879839,6.94048367087851,27191977
2021-11-01,7.005348205566406,7.051680050684605,6.7922225133584915,6.931217606859866,88193894
2021-11-02,6.912684917449951,7.00534816530051,6.875619618309728,7.00534816530051,87481557
2021-11-03,6.71809196472168,6.921951112684022,6.542031570554863,6.884885813054505,133761722
2021-11-04,6.727358341217041,6.847820341054132,6.708825250015566,6.773689743661087,115645285
2021-11-05,6.542031764984131,6.745891360858408,6.523499114618582,6.727358710492859,107806991
2021-11-08,6.810755252838135,6.838554448646244,6.5420316080570675,6.551298153944179,134635993
2021-11-09,6.857087135314941,6.986815685457146,6.755157339276595,6.8292879393578545,147385164
2021-11-10,6.7736897468566895,6.857086889889816,6.681026500071668,6.838554240532812,85731573
2021-11-11,6.875619888305664,7.033147636764117,6.810755391336525,6.810755391336525,164852573
2021-11-12,6.959016799926758,7.042413502516547,6.857087005813436,6.921951058732914,109856588
2021-11-15,7.172142028808594,7.237006523387752,6.97754942877756,7.005348182273471,196114837
2021-11-16,6.959016799926758,7.181408595970491,6.921951058732914,7.172142050208725,97621073
2021-11-17,7.125810146331787,7.172141546325916,6.940483220795701,6.949749765906441,188138219
2021-11-18,7.264805793762207,7.431600083873073,7.070212749868346,7.153609453070554,253616255
2021-11-19,7.579861164093018,7.737388905916939,7.348202382346555,7.348202382346555,285654640
2021-11-22,7.70958948135376,7.83005192746322,7.63545888124124,7.7373891191758,153634061
2021-11-23,8.070976257324219,8.135840306976554,7.737388580061124,7.737388580061124,451090772
2021-11-24,8.135841369628906,8.506495276484557,8.04317855569488,8.274836916089718,278832299
2021-11-25,8.228503227233887,8.247035432393965,7.90418124172251,8.135839550314547,186332132
2021-11-26,7.987578392028809,8.182171407028505,7.839317215592148,8.126573907717917,145771255
2021-11-29,8.108041763305664,8.1358405161992,7.950514024064926,8.098775217772346,135011507
2021-11-30,7.922715187072754,8.098775131804855,7.894916434474299,8.061709833771443,137893027
2021-12-01,8.302634239196777,8.339699535115704,8.043177167764291,8.052442828964253,215036770
2021-12-02,8.664022445678711,8.710353407655774,8.348966955478547,8.395298801162063,248658179
2021-12-03,8.645488739013672,8.803016472909619,8.626956532282238,8.756684630521447,152865268
2021-12-06,8.617691040039062,8.74741915412945,8.525027343940357,8.728886945133608,136952201
2021-12-07,8.988343238830566,9.09953913380318,8.654755553912725,8.710353059545822,347356166
2021-12-08,9.15513801574707,9.173670224053113,8.895680913517204,9.025409022778904,276690921
2021-12-09,9.729650497436523,10.063238196357165,9.331197860945913,9.340464406842546,389554297
2021-12-10,10.091036796569824,10.211499229721715,9.627720153850102,9.877910681391443,349924851
2021-12-13,10.619218826293945,10.804545330022906,10.248565818836024,10.304163328101474,288844533
2021-12-14,10.832344055175781,11.073268951221001,10.656284098039029,11.064002405133152,215172155
2021-12-15,10.75821304321289,11.064001982787227,10.60995184629278,10.952806085097144,295460964
2021-12-16,11.43465518951416,11.43465518951416,10.711881454979949,10.86014264322221,348298701
2021-12-17,10.8416109085083,12.34275695272885,10.30416359207279,11.721912486552224,258139952
2021-12-20,10.628485679626465,11.406857901493652,9.757449761363088,10.40609298501691,185433503
2021-12-21,9.572121620178223,10.6099507778101,9.572121620178223,10.6099507778101,108836147
2021-12-22,8.617691040039062,9.368263620353872,8.617691040039062,9.081007753119588,183292766
2021-12-23,8.256302833557129,8.784483549168563,7.92271515270355,8.691820746340216,217592312
2021-12-24,8.738153457641602,8.793750968120294,8.256303653724958,8.413831406258746,171705171
2021-12-27,8.691821098327637,9.099539391437576,8.626957045350395,8.775218242844918,178787790
2021-12-28,8.33043384552002,8.858615471227665,8.200705738337383,8.821550171503134,113214073
2021-12-29,8.682554244995117,8.691820790436887,8.12657477408514,8.321166926123823,113617802
2021-12-30,8.432364463806152,8.923479928288277,8.367499523575557,8.84008277921072,93061888
2021-12-31,8.543559074401855,8.59915657623105,8.35823259546061,8.432363187037108,52743945
2022-01-03,8.765952110290527,8.765952110290527,8.450896608910135,8.617690905807162,84765038
2022-01-04,9.118073463439941,9.238535920284127,8.80301794303308,8.923480399877265,132971219
2022-01-05,9.544322967529297,9.553589512425413,9.062473237407547,9.13660382916376,117112687
2022-01-06,9.813047409057617,9.887178007049787,9.368262937398166,9.451660081065965,183619934
2022-01-07,10.748947143554688,10.776745896436042,9.83157946140579,9.859379097993566,253686665
2022-01-10,10.702615737915039,11.128867128946409,10.702615737915039,10.88794223755771,174261406
2022-01-11,11.712645530700684,11.731177737648935,10.962072149608888,10.999137447211792,508629409
2022-01-12,12.092565536499023,12.277892031937931,11.712645999922653,11.87943940396445,554942743
2022-01-13,12.370555877685547,12.704143573687036,11.851640800199004,11.999901998421889,538259029
2022-01-14,12.240826606750488,12.546615542001192,12.12036416502954,12.379821255971198,303271255
2022-01-17,11.82384204864502,12.333490580410253,11.82384204864502,12.277892189213167,188647963
2022-01-18,10.980606079101562,12.018435374971828,10.887942386162274,11.814575780729276,224481062
2022-01-19,11.397590637207031,11.573650588822414,10.711882154927094,10.980605797102013,319592941
2022-01-20,11.721911430358887,11.916504467652336,11.267861304576307,11.462454341869758,358463212
2022-01-21,11.60145092010498,11.694113732500297,11.165932962356845,11.675581523503833,244977502
2022-01-24,10.748947143554688,11.545851501236067,10.62848470279359,11.443922151533487,204924517
2022-01-25,10.470956802368164,10.915740376445806,10.304162520235845,10.841609780766198,209091993
2022-01-26,10.563620567321777,10.869409523280122,10.498756511120458,10.498756511120458,158784514
2022-01-27,10.75821304321289,10.767479588947008,10.304162906718446,10.331961660214356,145145527
2022-01-28,10.887941360473633,11.10106659696767,10.748946717865035,10.841609518368639,177460074
2022-01-31,11.06400203704834,11.156665727431077,10.971339230372045,11.05473637497522,127218589
2022-02-01,11.202997207641602,11.304926556776715,11.147398818482001,11.15666536395967,131601925
2022-02-02,10.8416109085083,11.332726376898027,10.832344362157844,11.295661075202698,114165081
2022-02-03,10.406091690063477,10.943539825091227,10.396826028542096,10.78601209104465,117042257
2022-02-04,10.248565673828125,10.526554983635032,10.118836681200161,10.498756229395635,128127397
2022-02-07,11.045469284057617,11.110333333900368,9.961308225136902,10.267097151119012,205022422
2022-02-08,10.823078155517578,11.101067462406819,10.75821321803116,11.054736500396249,153017791
2022-02-09,11.193730354309082,11.286394039124467,10.906474522052894,10.925006728792138,261299149
2022-02-10,10.952805519104004,11.267860988131766,10.915740221789349,11.212263484012981,171792080
2022-02-11,11.110333442687988,11.202997129404727,10.74894700864681,10.86014290248305,182729565
2022-02-14,10.665550231933594,10.962072625633207,10.582153087778968,10.850876727995852,162889345
2022-02-15,11.045469284057617,11.110333333900368,10.711881605815243,10.711881605815243,189180696
2022-02-16,10.999136924743652,11.21226303861648,10.915739788171953,11.110332812270466,122586988
2022-02-17,10.665550231933594,11.165932213154909,10.65628368620387,11.03620322405811,191443286
2022-02-18,10.87867546081543,10.88794200652755,10.656283665963135,10.776746109101405,107685142
2022-02-21,10.869409561157227,11.02693731280065,10.721148355776709,10.980606348899105,123884797
2022-02-22,10.711881637573242,10.897208126035117,10.535820810754657,10.628484496838796,154169044
2022-02-23,10.860142707824707,11.24006222588208,10.813810865296794,10.832343072084123,338510080
2022-02-24,9.775981903076172,10.341227921725206,9.775981903076172,9.868644706751232,126867744
2022-02-25,10.489489555358887,10.591419792503096,9.989107566626025,10.091037803770234,163113403
2022-02-28,10.869409561157227,11.045470405326459,10.220766345764215,10.24856598455293,219005967
2022-03-01,11.360525131225586,11.44392227447198,10.962072506251234,11.045469649497626,249025901
2022-03-02,11.916504859924316,12.25935910192633,11.32346006671281,11.675580854535365,499993621
2022-03-03,12.611478805541992,12.657810646955113,12.06476590472757,12.06476590472757,336458682
2022-03-04,12.528083801269531,12.972867402312575,12.314957662989894,12.592947855495026,333013143
2022-03-07,13.389851570129395,13.42691686833649,12.407620725788178,12.491016983974328,375670921
2022-03-08,13.519580841064453,14.158957469558727,13.241590656790512,13.389851852748231,402228831
2022-03-09,13.278656005859375,14.010696326441275,13.167460108471719,13.68637517998722,248286360
2022-03-10,14.242354393005371,14.242354393005371,13.250856997588196,13.34351980177586,368941796
2022-03-11,13.843902587890625,14.529611974552651,13.751239778243548,14.242355232121826,288413319
2022-03-14,13.695640563964844,14.066294431439106,13.649308720067259,14.038494794876701,104522236
2022-03-15,13.371319770812988,14.01069640531816,13.343520133529742,13.695640919092895,164085073
2022-03-16,13.334254264831543,13.649308862467903,13.297188966068063,13.48251545988546,141515753
2022-03-17,13.890233039855957,13.918032675294558,13.57517757453622,13.57517757453622,235743719
2022-03-18,13.667842864990234,14.019963668573745,13.649309772519608,13.98289836733898,125505912
2022-03-21,13.955099105834961,13.955099105834961,13.649309277113776,13.788304814479126,139206899
2022-03-22,14.140425682067871,14.251621582340094,13.843902397635482,13.973631389806306,207178114
2022-03-23,14.205288887023926,14.270152937378151,14.019962397650135,14.251620730293977,120646947
2022-03-24,14.242354393005371,14.918797193736783,14.047761355392929,14.205289094589022,307097990
2022-03-25,14.177490234375,14.362816725053767,14.121891845318164,14.316484881457471,122786350
2022-03-28,14.038496017456055,14.307219675016851,14.038496017456055,14.223823409186119,86132734
2022-03-29,14.00143051147461,14.214556655370615,13.936566455539797,14.103360752179585,115360599
2022-03-30,13.853168487548828,14.084826826416556,13.834636279966753,14.038494981901723,93614513
2022-03-31,14.177490234375,14.233087739725423,13.871701303828434,13.871701303828434,157096574
2022-04-01,14.455479621887207,14.455479621887207,14.149690708059772,14.177489459215076,159154838
2022-04-04,14.687139511108398,14.733470473410188,14.390616226879471,14.538877427140704,191046022
2022-04-05,14.650074005126953,14.937330739375362,14.53887722278751,14.752003357947254,225638554
2022-04-06,14.335018157958984,14.714937689695477,14.335018157958984,14.659339299918866,114795021
2022-04-07,14.659339904785156,14.705671750892982,14.39061625780752,14.399882803770378,138330730
2022-04-08,14.603741645812988,14.696404449559465,14.501811412873522,14.696404449559465,85281184
2022-04-11,15.00219440460205,15.11338941665241,14.55740993786849,14.63154053503968,236025587
2022-04-12,14.890997886657715,15.178253734814316,14.88173134092197,15.029992537868143,148570924
2022-04-13,14.946596145629883,15.187521044641684,14.724205222728468,14.992928876639636,188869668
2022-04-14,14.853933334350586,15.141189179862097,14.83540024304975,15.085591673372452,93007225
2022-04-15,14.890997886657715,14.965128485130803,14.761269781183035,14.853933471127613,65540057
2022-04-18,14.955862045288086,15.011461320096226,14.863200122100308,14.955862045288086,94173310
2022-04-19,15.196785926818848,15.280183066091572,14.928063186038893,15.029991648273398,177141715
2022-04-20,15.011460304260254,15.280183044663364,15.011460304260254,15.243118631379007,99571869
2022-04-21,15.03925895690918,15.233852880894771,14.992927996033636,15.029992411251497,144946563
2022-04-22,14.214555740356445,15.067058493650505,14.214555740356445,14.99292789629506,84226558
2022-04-25,13.955099105834961,14.20528965916226,13.686375460709701,14.047761913705404,119568234
2022-04-26,13.575178146362305,14.483279283694968,13.482515342116228,14.140425052200994,209772736
2022-04-27,14.149691581726074,14.214555632995571,13.399118184538139,13.575178131000957,193438449
2022-04-28,13.899500846862793,14.205289794797258,13.834636792363503,14.17749104054134,74786352
2022-04-29,14.047762870788574,14.121893475618078,13.825371056300066,14.001431021843507,67679017
2022-05-05,14.511076927185059,14.622272814002963,14.149690515953457,14.205288017509233,82492810
2022-05-06,14.344284057617188,14.511078346005531,14.112625716502906,14.335018395589511,73107679
2022-05-09,15.131922721862793,15.150455813270982,14.57594235150725,14.585208897211343,204163966
2022-05-10,15.224587440490723,15.252385312068935,15.057793141369473,15.141190290930098,37928368
2022-05-11,15.446977615356445,15.511841665391403,15.020725366335164,15.382113565321486,154828112
2022-05-12,14.613008499145508,15.289450427200121,14.344283976612296,15.270917335836547,198254509
2022-05-13,14.520344734191895,14.863199852982673,14.362816993246867,14.835400216081952,93253854
2022-05-16,13.816102981567383,14.501811442247172,13.76977113774709,14.474012689437565,109334232
2022-05-17,13.602978706359863,13.992164808248548,13.602978706359863,13.880968021674796,95528538
2022-05-18,13.3064546585083,13.806836634816522,13.250857152088738,13.593711387364145,68228456
2022-05-20,12.954333305358887,13.389851210370557,12.935801098606472,13.324987161177514,68488296
2022-05-23,13.176726341247559,13.380585039763618,12.843137773300521,13.269389145016746,86151858
2022-05-24,13.13966178894043,13.32498829070625,13.028465887880937,13.250857689999922,92464115
2022-05-25,13.463983535766602,13.510315384163802,13.111862725136984,13.167461119954925,80955292
2022-05-26,13.575178146362305,13.695640587217985,13.269389213308047,13.436183498139977,102533613
2022-05-27,13.371319770812988,13.918033598826664,13.32498792571402,13.602978112601397,129183158
2022-05-30,13.741972923278809,13.862435368448114,13.454717071011311,13.565912970312256,149733089
2022-05-31,13.62151050567627,13.862435396502457,13.575178659947165,13.834636642547576,95265689
2022-06-01,13.992164611816406,14.019963366216345,13.658576024191275,13.658576024191275,127134796
2022-06-02,14.112625122070312,14.149691303445529,13.89023333605743,14.029228865095284,115210673
2022-06-03,13.880967140197754,14.260887555501439,13.880967140197754,14.168223867143189,100719299
2022-06-06,14.057028770446777,14.12189282576107,13.918034113714302,13.955099414423394,76574741
2022-06-07,14.010696411132812,14.205289453664093,13.853168667954803,14.121892309192624,82460380
2022-06-08,13.547379493713379,14.464746299664915,13.389851753252236,14.084826766919718,171412026
2022-06-09,13.408385276794434,13.686375467966062,13.139661631526698,13.602978322243928,102279972
2022-06-10,12.963600158691406,13.399118074053936,12.945067951498539,13.213791583593204,89492520
2022-06-13,12.185229301452637,12.898737469685003,12.148163999447481,12.870938714107762,120247442
2022-06-14,12.0740327835083,12.398354822396191,11.944304674918314,12.250093621889656,92335342
2022-06-15,12.231559753417969,12.324223439704769,12.036966719180816,12.083298562324215,64867129
2022-06-16,12.009167671203613,12.435419026960314,11.981368919484328,12.222292907228772,101847281
2022-06-17,12.19449520111084,12.259359255252985,11.972103400875092,12.046234000953675,54530737
2022-06-20,11.768242835998535,12.213027283408936,11.638514738438058,12.1759619864336,79181886
2022-06-21,12.08329963684082,12.148163692785822,11.833109075548327,11.907239677687324,105559462
2022-06-22,11.768242835998535,12.036966459996306,11.758976290828105,12.036966459996306,68590116
2022-06-23,11.629247665405273,11.935036572498337,11.629247665405273,11.814574141869805,64407805
2022-06-24,11.73117733001709,11.823841012657697,11.32345907055244,11.666313282392489,105242062
2022-06-27,11.453187942504883,11.453187942504883,11.453187942504883,11.453187942504883,537944
2022-06-28,11.336552619934082,11.980238297687714,11.29812366527201,11.980238297687714,91990026
2022-06-29,10.721688270568848,11.355766471225506,10.692866784053146,11.336552452287883,92596897
2022-06-30,10.836976051330566,11.038728306476925,10.52954439252416,10.567973349874961,120503242
2022-07-01,10.846582412719727,10.942655254400833,10.66404511298785,10.76972450586225,59157248
2022-07-04,10.250933647155762,10.933048289000322,10.250933647155762,10.836975442907852,84701748
2022-07-05,10.164466857910156,10.606400239394008,10.097216424712103,10.347005056902637,90298011
2022-07-06,10.356612205505371,10.356612205505371,10.07800207388013,10.279754301347959,82252296
2022-07-07,10.14525318145752,10.404648372651453,10.078001829784785,10.38543435518672,61485721
2022-07-08,10.366219520568848,10.395041005150615,10.116430877610929,10.145253278411172,38689540
2022-07-13,9.962715148925781,10.375827068086279,9.87624977829047,10.36621960107825,46366286
2022-07-14,9.837821006774902,10.049180703732764,9.760963101739044,9.962715331512799,53321469
2022-07-18,10.231719017028809,10.31818439785068,9.962716322641887,9.991537810842981,60546143
2022-07-19,10.356612205505371,10.375827139653968,10.029965654727127,10.16446744511184,77929558
2022-07-20,10.452685356140137,10.62561610377077,10.39504146819042,10.452685356140137,66537204
2022-07-21,10.289362907409668,10.510329177267604,10.212504994744423,10.433471264602357,54374341
2022-07-22,10.279755592346191,10.471900376870506,10.12603976472674,10.337399485812787,52726318
2022-07-25,10.347005844116211,10.44307776796293,10.241325536800764,10.241325536800764,38926184
2022-07-26,10.289362907409668,10.539151581681013,10.212504994744423,10.375828288212718,54460177
2022-07-27,10.058788299560547,10.36621992363578,10.029965897639611,10.327790970626376,46453634
2022-07-28,10.039573669433594,10.279754862081376,10.020359650455411,10.154860531958304,48482462
2022-07-29,10.250933647155762,10.26054111500872,9.972323492949874,10.039573935483466,44486758
2022-08-01,10.673651695251465,10.673651695251465,10.30857617850648,10.30857617850648,72545350
2022-08-02,10.750509262084961,10.93304747278948,10.625615854194704,10.692866291707688,84631034
2022-08-03,10.827369689941406,10.904227605997288,10.692867878734296,10.856191179407704,47706714
2022-08-04,10.846582412719727,11.029119712451603,10.788938524467358,10.923440319577203,81868940
2022-08-05,10.587187767028809,10.836975519439848,10.433471028951578,10.836975519439848,112348486
2022-08-08,10.769723892211914,10.827367777179779,10.616008087255567,10.616008087255567,92080008
2022-08-09,10.664044380187988,10.846581667376471,10.625615429399968,10.76011629904881,64605816
2022-08-10,10.673651695251465,10.692866630131027,10.529543348528836,10.625616190489604,64340323
2022-08-11,10.673651695251465,10.817760958192617,10.664045144030206,10.73129558367163,105700491
2022-08-12,10.51032829284668,10.70247397455975,10.443077853978213,10.673651572571682,67521779
2022-08-15,10.41425609588623,10.587186838418623,10.395041161729969,10.529542952168327,55658396
2022-08-16,10.395041465759277,10.471899372195248,9.953108045643196,10.423863867836653,56619057
2022-08-17,10.500720977783203,10.67365079603799,10.414255610546586,10.414255610546586,86710620
2022-08-18,11.2885160446167,11.49026828291391,10.519936045569303,10.56797246730074,402923614
2022-08-19,11.682413101196289,11.884165340315109,11.336552512514828,11.355766531554528,214131276
2022-08-22,11.58634090423584,11.999451924281281,11.519089548613797,11.768878203853333,142613109
2022-08-23,11.663198471069336,11.93220113706066,11.567125632248901,11.643983536817851,138604547
2022-08-24,11.18283748626709,11.79770079852242,11.18283748626709,11.768879309815103,98123580
2022-08-25,11.451839447021484,11.66319915509114,11.240479738951828,11.240479738951828,105850845
2022-08-26,11.643983840942383,12.018666822666079,11.288515793972039,11.480660560412966,233773280
2022-08-29,11.595947265625,11.807306964000423,11.461446389019418,11.653591152897754,74725553
2022-08-31,11.355766296386719,11.672805391833762,11.355766296386719,11.634376438331651,78959344
2022-09-01,11.125192642211914,11.3941953183428,11.077156220991052,11.33655234585259,65804076
2022-09-02,11.250086784362793,11.36537364365019,11.115584990418238,11.163621410842616,69446451
2022-09-05,12.37413501739502,12.37413501739502,11.230872040037482,11.278908461275943,222860050
2022-09-06,13.152320861816406,13.594254264562892,12.835281781174196,13.14271431105337,399003306
2022-09-07,12.575887680053711,13.238787383723238,12.499029769953433,13.2003584286731,233248673
2022-09-08,12.460599899291992,13.219572392926455,12.422170947065633,12.768031517102866,205296865
2022-09-09,13.699934959411621,13.699934959411621,12.566279477397531,12.623923364711175,274583544
2022-09-12,14.708697319030762,14.929663586669472,13.901688327932101,14.314799375304164,292860543
2022-09-13,13.882472038269043,15.832742965788132,13.882472038269043,14.881625711680735,443325176
2022-09-14,12.969783782958984,13.776792698271391,12.499028887766245,13.642290906979825,625459262
2022-09-15,12.662352561950684,13.536611942258018,12.537458233875562,13.065857032279995,338836783
2022-09-16,12.777639389038086,12.94096267022918,12.489421780099772,12.662352528706464,184782091
2022-09-19,11.893773078918457,12.88331936179902,11.893773078918457,12.844890406625558,101638794
2022-09-20,12.210811614990234,12.470206821180696,11.692020286390793,12.018666848142018,123526698
2022-09-21,12.095524787902832,12.393348948276016,11.884165085683511,12.11473880653085,88095741
2022-09-22,12.70078182220459,12.777639731150153,12.047488679948762,12.105132569767207,147092712
2022-09-23,12.35491943359375,12.8833182070309,12.306883931096403,12.70078091537293,97077933
2022-09-26,12.009058952331543,12.335705502429919,11.96102253327852,12.326098035375617,75649468
2022-09-27,11.999451637268066,12.441385048960347,11.97063015195858,12.057095524105538,117758723
2022-09-28,11.701627731323242,12.105132199039113,11.672805329187453,11.961022937015722,65962416
2022-09-29,11.615161895751953,11.951414994673053,11.18283595929998,11.768877702826568,81599583
2022-09-30,11.480661392211914,11.720842596719354,11.413410948139779,11.55751930435681,49780409
2022-10-03,12.40295696258545,12.47020740507658,11.49026859015748,11.49026859015748,89399628
2022-10-04,12.556672096252441,12.748817777803264,12.201204051333042,12.489421657440761,131044656
2022-10-05,12.34531307220459,12.796853032892026,12.085916956891024,12.623923205568143,98872337
2022-10-06,12.191596984863281,12.412564159424573,12.153168030533301,12.383742672731723,90624777
2022-10-07,12.201204299926758,12.518243398239216,12.143561327261873,12.201204299926758,109026188
2022-10-10,12.393349647521973,12.575887873989009,12.181990849596085,12.220419805238844,120072331
2022-10-11,12.249239921569824,12.479813629612824,12.220418437119067,12.431777211382581,95708922
2022-10-12,11.845736503601074,12.335706362927287,11.845736503601074,12.268455921292981,67046001
2022-10-13,11.749663352966309,11.999452009990016,11.643983959403291,11.855343662747853,80715549
2022-10-14,11.788093566894531,11.999452360188982,11.730449676584238,11.922594450587628,62963604
2022-10-17,12.191596984863281,12.316491315490351,11.701628046210672,11.816914909200612,166552873
2022-10-18,11.96102237701416,12.335705341270527,11.884164474020825,12.316490407412955,137866446
2022-10-19,11.816915512084961,12.06670418608301,11.797700575830378,11.96102386911998,90908538
2022-10-20,12.028274536132812,12.105132444281642,11.701627968391017,11.8265222981875,201100261
2022-10-21,11.836129188537598,12.105132790981497,11.816915169059355,12.0282748806314,103380850
2022-10-24,12.085917472839355,12.508636882606964,11.922594189458943,11.922594189458943,217007905
2022-10-25,11.92259407043457,12.345313475982133,11.864951098180782,12.124346305759879,109536789
2022-10-26,12.057095527648926,12.143560899821294,11.88416478330419,11.989844173615696,112146131
2022-10-27,11.85534381866455,12.11473903035561,11.788093377896228,12.095525011372606,90734955
2022-10-28,11.605554580688477,11.826521743414872,11.605554580688477,11.75927038977545,34097477
2022-10-31,11.499876022338867,11.663199310355283,11.374981689372282,11.605555419671258,85118275
2022-11-01,11.451839447021484,11.768878551016696,11.394195557104833,11.499875869248935,106099701
2022-11-02,11.864952087402344,11.951416552991864,11.490269071640018,11.490269071640018,129941519
2022-11-03,11.634376525878906,11.845736229840233,11.519089664505055,11.807307276048949,90386418
2022-11-04,12.489421844482422,12.671959145227168,11.922594091099409,12.009059465848484,448173606
2022-11-07,13.306037902832031,13.450146246124536,12.5086364486807,12.5278504668844,544210781
2022-11-08,12.450992584228516,13.536611643153527,12.374134678837232,13.430931336076636,352841996
2022-11-09,12.105132102966309,12.633529977536213,12.009059262379864,12.46060014718653,145243204
2022-11-10,12.40295696258545,13.238787424675392,11.970630987879419,12.114739340708574,349467811
2022-11-11,12.306883811950684,12.78724616202151,12.201203508555281,12.662351841056878,241382744
2022-11-14,12.508636474609375,12.710387789149683,12.393348700274192,12.393348700274192,153321284
2022-11-15,12.595101356506348,12.787247042743495,12.25884823802841,12.604708824061913,290396214
2022-11-16,12.441385269165039,12.854497202859655,12.441385269165039,12.633530034993285,275338177
2022-11-17,12.326098442077637,12.614316049687087,12.124346208372874,12.499029189887011,224841559
2022-11-18,12.34531307220459,12.527850366662713,12.230025299030675,12.354919623120336,126868374
2022-11-21,12.633529663085938,12.662352064275582,12.37413446590854,12.383741932971754,193217034
2022-11-22,13.09467887878418,13.45975440561657,12.700781865054601,12.700781865054601,493390580
2022-11-23,13.354073524475098,13.373288459067123,12.921747574558143,13.104285788308342,251305610
2022-11-24,13.844042778015137,14.218725740789104,13.363680428098062,13.478967282131944,459903377
2022-11-25,14.237939834594727,14.43008550856525,13.920900755249226,13.930508222191447,330641594
2022-11-28,14.16724967956543,14.949368923327045,14.107847799714804,14.662261883064195,309631520
2022-11-29,14.573159217834473,14.751362965181773,14.226650305271072,14.236550775723929,290404928
2022-11-30,14.583059310913086,14.800864948537074,14.493957905856826,14.632560720940473,302151476
2022-12-01,15.18697452545166,15.563183912692725,14.810765138210595,14.880066544436817,407273689
2022-12-02,14.612760543823242,15.27607697521929,14.484057256998248,15.23647603651628,215591488
2022-12-05,16.068096160888672,16.068096160888672,14.751363735082402,14.751363735082402,505344381
2022-12-06,17.523433685302734,17.67193697653646,16.315602636405693,16.988819570875165,849729232
2022-12-07,16.61260986328125,17.9590417430807,16.563107511028765,17.404628616104457,862478295
2022-12-08,15.919591903686523,16.80071299479084,15.711686746788494,16.70171206776644,362265744
2022-12-09,16.335403442382812,16.751213787358154,15.879993101292657,15.939394039625768,373703753
2022-12-12,16.909616470336914,17.11752257372979,16.681911314309872,16.681911314309872,274316660
2022-12-13,18.632259368896484,18.632259368896484,17.008619916810563,17.107622736935205,625680818
2022-12-14,17.632333755493164,19.107469861488198,17.622433285051653,18.543156264573778,863543542
2022-12-15,17.899642944335938,18.582760380350884,17.434332107575493,18.463956609091895,295948583
2022-12-16,17.929344177246094,18.305552653824208,17.85014229331797,17.909543234183598,72765409
2022-12-19,18.07784652709961,18.513457810058643,17.74123806594787,17.850141358768067,246253583
2022-12-20,18.028345108032227,18.493657828188123,17.949143224138734,18.097648408720662,214502391
2022-12-21,18.770862579345703,19.11737151291771,18.06794612947035,18.107548013682816,434262742
2022-12-22,18.325353622436523,18.958968694744907,18.147148911269326,18.92926916843162,204577388
2022-12-23,18.13724708557129,18.681761649963697,17.978843329320846,18.374852719946954,220328440
2022-12-26,18.06794548034668,18.53325627319541,18.038244068254404,18.35505346560688,137896373
2022-12-27,17.58283233642578,18.335251054210666,17.58283233642578,18.107545911390933,189386418
2022-12-28,17.374927520751953,17.988743481594692,17.167023302475314,17.612535039241955,263598413
2022-12-29,17.909542083740234,18.196648186416333,17.325427519171015,17.384828456220944,195869342
2022-12-30,17.81053924560547,18.384753338715086,17.731337366842823,17.988743944901856,153095704
2023-01-02,18.33525276184082,18.454054635106203,17.998644307052682,18.06794571451111,211080411
2023-01-03,18.622360229492188,19.32527860314406,18.31545316465246,18.46395646129608,483405041
2023-01-04,19.59258460998535,19.661886018781175,18.741162985758354,18.810464394554177,494969214
2023-01-05,18.830265045166016,19.721286651348773,18.414454710504497,19.661885714489053,383222639
2023-01-06,19.06787109375,19.45398002418013,17.087822197887967,17.820440062758305,384869462
2023-01-09,18.60256004333496,19.67178635779122,18.038244529094868,19.3450783697163,442817982
2023-01-10,17.959041595458984,18.99856832435649,17.632333626564716,18.553056599354466,285755758
2023-01-11,17.01852035522461,18.275849936949893,17.01852035522461,18.058045243748115,247711827
2023-01-12,18.711462020874023,18.711462020874023,17.058121087904162,17.424430971012278,477189176
2023-01-13,18.483755111694336,18.889664953388444,18.17684808492305,18.721360734516136,282817449
2023-01-16,18.74116325378418,18.978768896620146,18.39465431652772,18.64216043052208,241963151
2023-01-17,19.404478073120117,20.236098696848238,18.661959793957266,18.770861190842442,562849169
2023-01-18,19.226276397705078,19.503483945173897,18.90946885106753,19.42428205851451,223867156
2023-01-19,19.12727165222168,19.651985279005455,18.988668836525555,19.20647353095114,298109766
2023-01-20,19.10746955871582,19.453978465391312,18.939165340520386,19.226273313809735,163004209
2023-01-23,18.315452575683594,19.295576567999937,18.315452575683594,19.285676096765815,190503344
2023-01-24,18.01844596862793,18.493657257319907,17.642235615505427,18.3649530197647,151100803
2023-01-25,17.681835174560547,18.434253893512224,16.840314114659225,18.117444521068183,168200514
2023-01-26,17.58283233642578,18.12734496287672,17.52343140532532,17.69173561704459,152143392
2023-01-27,17.02842140197754,17.850141625091094,16.276002588666536,17.612535982201585,164334373
2023-01-30,16.711610794067383,17.473930023994157,16.70171221193681,17.226423927653386,115281116
2023-01-31,16.305702209472656,16.889816793123003,16.176999860273234,16.612611152286775,177342409
2023-02-01,15.14737319946289,16.365103677555656,15.14737319946289,16.345302736762864,122277189
2023-02-02,15.325577735900879,15.662186193445518,14.305852836521025,15.078071628195806,178633091
2023-02-03,16.186899185180664,16.186899185180664,15.256275728067395,15.32557713336872,99572229
2023-02-06,17.48383140563965,17.543232343127126,15.642386292792828,15.889891457871835,40033402
2023-02-07,15.741388320922852,18.41445508167203,15.741388320922852,17.493732044340163,186351331
2023-02-08,14.187049865722656,14.187049865722656,14.187049865722656,14.187049865722656,1935
2023-02-15,17.315526962280273,17.315526962280273,16.632409580472633,17.315526962280273,22896796
2023-02-16,19.038169860839844,19.038169860839844,18.246151050321984,19.038169860839844,158919610
2023-02-17,20.533105850219727,20.75091053864475,18.562957518820813,18.810463619071758,269409176
2023-02-20,22.572555541992188,22.572555541992188,20.889515196676186,21.02811800827399,206749175
2023-02-21,24.82981300354004,24.82981300354004,23.067568811752583,23.245773513973106,192466835
2023-02-22,22.354751586914062,24.75061078658872,22.354751586914062,24.75061078658872,205308335
2023-02-23,21.523130416870117,21.958741685394408,20.216298499618944,21.859738866867747,339067942
2023-02-24,22.255748748779297,22.94876660559303,21.721136538132434,21.820139358866072,290897340
2023-02-27,21.740936279296875,22.31515228005033,21.443929696023254,22.07754474744527,203281277
2023-02-28,22.315153121948242,22.909166310906194,21.85974087031569,21.91914181154711,308155861
2023-03-01,22.414154052734375,23.02797007296607,21.99834368762823,22.37455405470239,311978104
2023-03-02,21.245922088623047,22.631957718247005,21.245922088623047,22.33494927404689,125658167
2023-03-03,20.810314178466797,21.5429320373439,19.998494439936003,21.028118875434014,188150666
2023-03-06,20.86971664428711,21.067722302080952,20.17669873033055,20.651911931371398,210752113
2023-03-07,20.354902267456055,21.483531430291734,20.31530227118069,20.968718260459443,137145202
2023-03-08,19.612382888793945,20.493505891257357,19.562882423987528,20.29550025538831,91534908
2023-03-09,20.691511154174805,21.226125277181396,20.176697973869604,20.335103627158908,207450846
2023-03-10,20.493507385253906,21.22612527006324,20.1370979700357,20.176697967103372,156857364
2023-03-13,19.97869300842285,20.92911554097985,19.919292072218468,20.671708966331902,101558316
2023-03-14,20.17669677734375,20.75091086337904,19.741087393676782,20.05789490482429,143768445
2023-03-15,19.65198516845703,20.632109120341283,19.275774830367077,20.236099728921644,130937567
2023-03-16,19.879690170288086,20.196497680839016,19.42427984595155,19.800488292650353,99906982
2023-03-17,19.2559757232666,20.07769591628841,19.2559757232666,20.038094033096165,71241719
2023-03-20,18.701560974121094,19.47378071326788,18.582759099373437,19.285675541875378,110020930
2023-03-21,18.157047271728516,18.929266967561222,17.9689421108869,18.810463211155557,83269497
2023-03-22,19.33517837524414,19.38467884289404,17.929343567118508,18.21644967846716,148323319
2023-03-23,19.67178726196289,20.335103739551016,19.117372193190658,19.20647454751756,166078171
2023-03-24,19.33517837524414,19.978693896301817,19.33517837524414,19.721287310214386,67643662
2023-03-27,19.206472396850586,19.661884588895195,19.107469582204224,19.49358037049287,65754175
2023-03-28,18.67186164855957,19.226274809373805,18.562958355278965,19.206473867264283,92885741
2023-03-29,19.077770233154297,19.087670703541146,18.26595054464929,18.463954287421295,98091865
2023-03-30,19.008468627929688,19.4539784607008,18.949065806236238,19.117370024391093,84586226
2023-03-31,18.79066276550293,19.275774497658965,18.414454322228224,18.88966558372944,64701239
2023-04-03,18.47385597229004,18.859964901151873,17.95904280825975,18.59265973642079,65204920
2023-04-04,18.850067138671875,18.85996572181854,18.265952540282406,18.513458662029745,94936328
2023-04-05,18.434255599975586,19.11737109273027,18.355053721613228,18.859964515972177,87598730
2023-04-06,18.157047271728516,18.711460395537777,18.087745867292565,18.43425477779397,50623243
2023-04-07,18.117446899414062,18.513458194874627,18.067946431642394,18.226350194497897,44047515
2023-04-10,18.632259368896484,18.731262189021127,18.226349505875003,18.23624997671964,69317561
2023-04-11,18.830265045166016,19.13717208864993,18.562957996814667,18.75106316657914,111663845
2023-04-12,18.78076171875,19.12727062775281,18.770861248398877,18.92926688569523,100623319
2023-04-13,18.958967208862305,19.127271435293842,18.790662982430764,18.869864860261977,89132773
2023-04-14,18.632259368896484,19.305476279757983,18.562957961305752,19.057970173607238,83185999
2023-04-17,18.157047271728516,18.731261336325662,18.13724633094063,18.711460395537777,60551855
2023-04-18,18.038244247436523,18.3253522355487,17.959042369392083,18.18674942105136,58910293
2023-04-19,17.830341339111328,18.157049346150867,17.780838981486028,18.06794699074719,44663299
2023-04-20,17.454130172729492,17.830340520113943,17.444231589980966,17.830340520113943,15316665
2023-04-24,17.06801986694336,17.642233924487893,17.03831845612633,17.503631117318335,45527063
2023-04-25,16.790813446044922,17.652135532013933,16.711611567085153,17.097722379295554,145451900
2023-04-26,15.870092391967773,16.80071400239742,15.751288628763055,16.771014477837557,93193352
2023-04-27,15.52358341217041,15.909692336792347,15.493881999383435,15.860191870469137,66235533
2023-04-28,14.830565452575684,15.790889410438705,14.652361697873491,15.681987063445094,82973499
2023-05-02,13.969244956970215,14.919668487649012,13.969244956970215,14.84046660543919,68107162
2023-05-03,13.573235511779785,14.038547276712766,12.989120923830898,13.94944492341061,83199940
2023-05-04,13.543534278869629,14.038546485621755,13.375230053041037,13.464332401322157,67869803
2023-05-05,13.286128044128418,13.60293556241054,13.19702569357135,13.503933685027818,43248506
2023-05-08,14.286052703857422,14.444456460225927,13.503933448667272,13.741539083220033,182736688
2023-05-09,13.959344863891602,14.226650969472725,13.75143969547923,14.226650969472725,77282113
2023-05-10,13.781140327453613,14.246452080209664,13.662337507546706,13.909843618392985,64861369
2023-05-11,15.028571128845215,15.147373946982384,13.692037772520555,13.741539182784592,148131269
2023-05-12,15.196874618530273,15.553283055616856,14.375154458237816,15.03846992455319,109194051
2023-05-15,15.048371315002441,16.28590281046551,14.206851106613481,15.018670846136235,166914706
2023-05-16,16.533409118652344,16.533409118652344,15.147374318104726,15.147374318104726,116282129
2023-05-17,16.632410049438477,16.790813810799087,16.09779782692686,16.533409114829432,96144253
2023-05-18,16.226499557495117,16.63240941657708,15.99879439524362,16.533408485735013,69144641
2023-05-22,16.42450523376465,16.790813210698616,16.03839631528784,16.345303355915004,130619022
2023-05-23,16.097797393798828,16.43440584971377,16.038396456967288,16.2958011460112,60800380
2023-05-24,15.691887855529785,16.24630101686938,15.662186442337356,16.08789725648664,40869540
2023-05-25,15.662186622619629,15.939394150641158,15.355279569385582,15.830490856003808,37972427
2023-05-26,16.355205535888672,16.672013080395256,15.602786673524578,15.681988559651224,88544259
2023-05-29,17.66203498840332,17.75113733315517,16.681911084454594,17.226423734985563,138148013
2023-05-30,17.968942642211914,18.107547343503878,17.47393043780761,17.761038422756524,132057456
2023-05-31,17.394729614257812,18.29565172977797,17.394729614257812,17.988744673187604,99133393
2023-06-01,17.73133659362793,18.14714691107991,17.543231431648742,17.671935659226694,75445815
2023-06-02,17.998645782470703,18.315453321577294,17.810540598005456,18.216450493526015,93718869
2023-06-05,18.681760787963867,18.80056265550917,18.256050004562983,18.513456568673323,126841825
2023-06-06,18.721363067626953,19.057971547320705,18.473856943635777,18.652061655040924,126992417
2023-06-07,20.05789566040039,20.35490224120892,19.156973558516498,19.156973558516498,145069206
2023-06-08,20.968719482421875,21.186524195433538,19.642086484255596,19.919294027624726,214188792
2023-06-09,21.938941955566406,22.255749481689534,20.57270902707997,20.96871843473388,255552594
2023-06-12,21.146921157836914,22.513153958245628,21.146921157836914,21.899339906004624,128562298
2023-06-13,21.364727020263672,22.018142989829336,20.632109172214946,21.127121384814497,179018716
2023-06-14,20.9885196685791,21.978544145619214,20.59250836710559,21.42412907888503,144985511
2023-06-15,21.404329299926758,21.424128353672764,20.909317078162996,21.087519891807663,72591439
2023-06-16,21.008317947387695,21.740935806751185,20.94891700968843,21.443929229933094,62537139
2023-06-19,19.4539794921875,20.988518477509814,19.4539794921875,20.869714716145342,56670138
2023-06-20,19.275775909423828,19.840091448149106,19.02826978989096,19.453980617618985,71252811
2023-06-21,19.066343307495117,19.99228092878879,19.046430221248357,19.40485817762434,61081530
2023-06-22,20.669309616088867,20.9082609418278,18.946867622835544,19.066342336196843,101348098
2023-06-23,21.107389450073242,21.505641687071208,20.748961487266843,21.306514619063996,62697103
2023-06-26,22.10301971435547,22.381795314630487,21.10738822990732,21.445903086540998,96398955
2023-06-27,22.003456115722656,22.282231715105926,21.84415523064183,21.98354303033347,27474349
2023-07-03,23.178302764892578,23.476991465095878,22.361883312905093,22.441535658576846,115316705
2023-07-04,22.561010360717773,23.45707835961595,22.5211860869307,23.45707835961595,80174034
2023-07-05,23.357515335083008,23.417254595588712,21.963631539896735,22.561010851838418,118119606
2023-07-06,23.058826446533203,23.855330923488086,23.019002172193694,23.457078685010647,105935042
2023-07-07,24.21375846862793,24.293408914945136,22.93935132755263,22.999088687536425,122220336
2023-07-10,24.173933029174805,24.59209832692797,23.954892888103508,24.39297127122976,81837757
2023-07-11,23.775680541992188,24.612011194631677,23.696030094074928,24.49253647226402,135800050
2023-07-12,22.83978843688965,23.75576954479241,22.83978843688965,23.69603028411301,108571937
2023-07-13,23.098651885986328,23.735855447304658,22.52118568378749,22.879611737520847,160814799
2023-07-14,23.078739166259766,23.71594273769215,22.959262547107976,23.397340951975956,86963089
2023-07-17,22.999088287353516,23.556641401872568,22.999088287353516,23.178302263203026,84031201
2023-07-18,21.445903778076172,23.138476216806165,21.425990691981177,23.098651943632582,115301605
2023-07-19,21.605205535888672,21.68485598444887,20.709135615815857,21.44590463876828,136173304
2023-07-20,22.142845153808594,22.162758240311472,21.3065145108522,21.9038938128234,130494174
2023-07-21,21.605205535888672,22.162758675810046,21.485728913540132,22.023370865583825,57210258
2023-07-24,22.7601375579834,23.078739346183436,21.406078059116794,21.625116313750205,237164304
2023-07-25,22.899524688720703,23.297776912199524,22.26232113115459,22.78004807216886,231433339
2023-07-26,23.21812629699707,23.61637851755125,22.640660102439416,22.839787162224695,167362055
2023-07-27,23.496904373168945,24.114194855308163,23.317690394800646,23.417253927118193,131245462
2023-07-28,23.63629150390625,23.954893279009383,23.47699061635468,23.65620458960429,129590561
2023-07-31,25.209388732910156,25.56781667287149,23.815505042750793,23.855329314404084,260470068
2023-08-01,24.532360076904297,25.58773085676369,24.49253580354123,25.109826283291934,132671616
2023-08-02,23.895156860351562,25.070002376494813,23.815506413444382,24.392972628275555,130558479
2023-08-03,23.178302764892578,24.313322104484858,23.019001871581956,23.95489414502774,102376029
2023-08-04,23.656204223632812,23.81550510871993,23.198212754745096,23.29777628267863,83715554
2023-08-07,23.735855102539062,23.895155990554784,23.49690377051548,23.815505546546923,55817189
2023-08-08,23.496904373168945,24.35314619346042,23.417253927118193,23.835419243638746,103639488
2023-08-09,24.094284057617188,24.51244938089869,23.138476790538125,23.377428132553774,184321628
2023-08-10,22.859699249267578,24.472623179803836,22.78004880201989,24.27349611217639,144370583
2023-08-11,23.417253494262695,23.556641297520894,22.08310712331127,22.919437740893247,177662609
2023-08-14,24.9903507232666,25.547903824702956,24.19384439362688,24.41288453631057,210374306
2023-08-15,25.249216079711914,25.98598318027236,24.552273252659813,25.01026474161256,175327369
2023-08-16,26.005895614624023,26.62318608115246,25.07000147293338,25.129738831206627,192481564
2023-08-17,26.623186111450195,26.762573913918523,25.766942412821585,26.065633002560496,157917294
2023-08-18,24.89078712463379,27.160827594046278,24.13410696816296,26.782486566302687,125691464
2023-08-21,26.304584503173828,26.702836726356367,24.99035121716326,25.089914747712992,182413681
2023-08-22,25.64746856689453,26.882051442288006,25.149652799444752,26.30458522800692,108047774
2023-08-23,24.97043800354004,26.384234812869554,24.8907875593109,25.806768617454196,125730581
2023-08-24,23.696029663085938,25.448341384410718,23.437167136325442,25.070002238439162,111461968
2023-08-25,25.328866958618164,25.647468748195575,23.49690476953159,23.775680385903595,147647532
2023-08-28,25.687292098999023,26.224934023846544,25.22930251769904,25.587730467597385,109431255
2023-08-29,25.089914321899414,26.065632726891323,24.950524621888885,25.707204782601902,70018220
2023-08-31,24.89078712463379,25.806768166780966,24.811136681795617,25.42842903805373,91307600
2023-09-01,25.707204818725586,26.10545703570881,25.03017510034593,25.050088185949182,130112976
2023-09-04,25.62755584716797,26.404149139148746,25.38860450325461,26.205022069712708,100478535
2023-09-05,26.90196418762207,26.981614633443375,25.308953372179516,25.627555155464744,140029223
2023-09-06,26.722749710083008,27.479429880744515,26.404147932755297,27.35995326473843,174405557
2023-09-07,27.101089477539062,27.61881832727127,26.70283724659753,26.742663419199896,186475469
2023-09-08,26.583362579345703,27.28030351011627,26.503712133000025,27.20065306377059,84603496
2023-09-11,26.085546493530273,27.22056581472567,25.926245602801668,26.822313587904162,114413075
2023-09-12,26.40414810180664,26.702836795209613,25.60764175437138,26.205021040193724,78547890
2023-09-13,25.64746856689453,26.86213835582607,25.488167673231917,26.60327392887021,62410720
2023-09-14,26.424060821533203,26.424060821533203,24.890787405807597,25.647467570826112,68637270
2023-09-15,25.8067684173584,26.862137269965668,25.647467530135277,26.44397196625088,123017678
2023-09-18,25.010265350341797,25.786856743312182,24.850962555381834,25.60764276062164,62213850
2023-09-19,25.9660701751709,26.065633707777604,24.79122466824793,25.030176007094163,89441903
2023-09-20,25.48816680908203,26.224933892046405,25.16956503255867,25.886419029736235,78141202
2023-09-21,26.344409942626953,26.344409942626953,25.129740133375346,25.388604564661716,103496713
2023-09-22,27.3997802734375,27.798032507263187,26.1851085864986,26.284672119709132,190482938
2023-09-25,30.127809524536133,30.127809524536133,27.379866346926292,27.51925414973449,169873200
2023-09-26,29.132179260253906,31.183179713036683,28.972878364834845,30.98405454327109,162526543
2023-09-27,29.789295196533203,30.386674489182194,28.35558527397891,29.191915903884215,112893198
2023-09-28,29.311391830444336,30.207459798767683,29.191915215126915,29.769381407958974,87629627
2023-09-29,29.41095542907715,29.92868236595759,29.172002197881397,29.33130308600098,65566381
2023-10-02,30.10789680480957,30.625625648701803,29.510517515627487,29.669818406207188,115175479
2023-10-03,31.8801212310791,32.07924829159331,30.426498246964716,30.48623750452881,140615272
2023-10-04,31.083614349365234,32.71645127984236,30.86457610580861,31.880120678602367,137991052
2023-10-05,32.457584381103516,32.995226286072175,31.44204172563436,32.158895699909586,169145575
2023-10-06,32.158897399902344,32.87575331108853,31.800471343325672,31.979683422105797,88776564
2023-10-09,30.4464111328125,31.900034107377827,30.4464111328125,31.760644406326996,76307152
2023-10-10,30.964139938354492,31.203091269766816,30.127809328903183,31.06370346786372,105505077
2023-10-11,29.749469757080078,31.282743249353526,29.689732396048367,30.94422837181306,77850477
2023-10-12,29.11226463317871,30.24728392773729,28.15645931123809,30.14772229763075,82768081
2023-10-13,28.25602149963379,29.032614763316932,28.21619722660759,29.032614763316932,62572479
2023-10-16,27.877681732177734,28.87331322261265,27.678554674484204,28.793662779338515,96071292
2023-10-17,28.793663024902344,28.793663024902344,27.698467996280403,27.977245499625596,75776800
2023-10-18,27.26038932800293,28.455147874179385,27.26038932800293,28.11663301606327,57639687
2023-10-19,26.682924270629883,27.81794550727709,26.424061743709817,27.359954015538214,58274304
2023-10-20,24.950525283813477,26.364322113886825,24.71157394762006,26.28467166848902,79526112
2023-10-23,25.46825408935547,25.607641893833794,24.77131126893103,25.56781762070416,81318415
2023-10-24,26.603273391723633,27.001527516855468,25.24921582293119,25.428429799437236,127568791
2023-10-25,24.333234786987305,26.941788295910797,24.333234786987305,26.603273428490738,74457012
2023-10-26,25.209388732910156,25.56781667287149,24.0942825403892,24.47262166666901,62781034
2023-10-27,25.289039611816406,25.408516226871576,24.39297164545993,25.109825638741835,47276124
2023-10-30,25.05008888244629,26.00589612879782,24.870874905066852,25.289040219280068,56877947
2023-10-31,24.850961685180664,25.388603614425794,24.612010349632744,25.249215810110275,41296327
2023-11-01,25.089914321899414,25.169564765184134,24.074369745756968,24.990350793039426,44026293
2023-11-02,25.687292098999023,26.025806963010485,25.169565159054777,25.22930251769904,40628059
2023-11-03,25.46825408935547,25.985982933155544,25.070001862977108,25.687292339109465,37765207
2023-11-06,25.9660701751709,26.244847686666386,25.667381476367215,25.766943109957488,38672968
2023-11-07,25.269126892089844,25.687292202314328,25.089914815436263,25.627554843429802,40459151
2023-11-08,24.89078712463379,25.547903752802814,24.6717488815829,25.46825330996464,40443369
2023-11-09,25.1496524810791,25.368690732338308,24.6916609933344,24.6916609933344,46463150
2023-11-10,25.1496524810791,25.468254264371193,24.95052541701333,24.990351589433054,44532328
2023-11-13,23.775680541992188,25.40851757282077,23.596468458440704,25.20939050351938,79125457
2023-11-14,23.895156860351562,23.954894220777838,22.99908885789167,23.875243773870658,63212536
2023-11-15,23.934982299804688,24.293408350394493,23.855329956322073,24.193844820057617,45236924
2023-11-16,23.954893112182617,24.293407970626305,23.875242668961537,23.93498192563962,33878567
2023-11-17,23.954893112182617,24.19384444184586,23.895155754520896,23.974806197741977,34858318
2023-11-20,24.392972946166992,24.651837376742986,24.114195428850582,24.134108515591,66417244
2023-11-21,25.328866958618164,25.36869123280711,24.49253631146923,24.552273672260878,89707514
2023-11-22,25.209388732910156,25.40851578822564,24.91070004895327,25.328865345902717,32472921
2023-11-23,24.273494720458984,25.36868973158419,24.273494720458984,25.209388846222307,49952029
2023-11-24,24.572185516357422,24.691660231899416,23.895155798231578,24.2336706572945,55285210
2023-11-27,24.9903507232666,25.050088080809264,24.65183586549758,24.65183586549758,42659158
2023-11-28,24.780000686645508,25.34000015258789,24.68000030517578,25.1200008392334,58904218
2023-11-29,24.579999923706055,25.0,24.459999084472656,24.799999237060547,45269865
2023-11-30,24.700000762939453,25.040000915527344,24.540000915527344,24.540000915527344,39022448
2023-12-01,24.440000534057617,25.15999984741211,24.34000015258789,24.920000076293945,40409880
2023-12-04,24.239999771118164,24.65999984741211,24.100000381469727,24.5,43306534
2023-12-05,24.239999771118164,24.459999084472656,23.920000076293945,24.239999771118164,45858538
2023-12-06,23.200000762939453,24.399999618530273,23.200000762939453,24.239999771118164,33789681
2023-12-07,23.780000686645508,23.780000686645508,22.8799991607666,23.299999237060547,39812566
2023-12-08,23.34000015258789,23.979999542236328,23.239999771118164,23.780000686645508,28536525
2023-12-11,22.520000457763672,23.420000076293945,22.520000457763672,23.3799991607666,36043306
2023-12-12,22.079999923706055,22.579999923706055,21.940000534057617,22.520000457763672,38063261
2023-12-13,21.3799991607666,21.979999542236328,21.260000228881836,21.920000076293945,31186713
2023-12-14,22.299999237060547,22.579999923706055,21.520000457763672,21.520000457763672,46066997
2023-12-15,23.639999389648438,23.639999389648438,22.200000762939453,22.200000762939453,81980009
2023-12-18,23.299999237060547,24.200000762939453,23.299999237060547,23.399999618530273,61725908
2023-12-19,23.860000610351562,24.139999389648438,22.84000015258789,23.219999313354492,88120971
2023-12-20,23.280000686645508,23.860000610351562,23.0,23.760000228881836,29829269
2023-12-21,23.739999771118164,23.860000610351562,23.200000762939453,23.299999237060547,31952339
2023-12-22,23.299999237060547,24.280000686645508,23.239999771118164,23.8799991607666,66129781
2023-12-25,22.399999618530273,23.31999969482422,22.18000030517578,23.280000686645508,21506570
2023-12-26,22.3799991607666,22.860000610351562,22.040000915527344,22.579999923706055,28235048
2023-12-27,23.020000457763672,23.5,22.219999313354492,22.299999237060547,55243707
2023-12-28,24.0,24.0,23.100000381469727,23.100000381469727,41167647
2023-12-29,23.760000228881836,24.1200008392334,23.540000915527344,23.959999084472656,30986955
2024-01-02,25.200000762939453,25.540000915527344,24.0,24.200000762939453,100474773
2024-01-03,24.18000030517578,25.059999465942383,23.979999542236328,25.040000915527344,34729615
2024-01-04,24.84000015258789,24.84000015258789,23.81999969482422,24.219999313354492,43513897
2024-01-05,24.899999618530273,25.559999465942383,24.520000457763672,24.780000686645508,57953557
2024-01-08,25.540000915527344,25.739999771118164,25.0,25.0,53757895
2024-01-09,24.719999313354492,25.739999771118164,24.440000534057617,25.700000762939453,44437910
2024-01-10,25.420000076293945,25.780000686645508,24.459999084472656,24.5,76817060
2024-01-11,25.860000610351562,26.139999389648438,25.3799991607666,25.440000534057617,63202692
2024-01-12,26.1200008392334,26.600000381469727,25.239999771118164,25.600000381469727,56591230
2024-01-15,26.0,26.639999389648438,25.739999771118164,26.139999389648438,46056824
2024-01-16,25.780000686645508,26.219999313354492,25.600000381469727,26.079999923706055,46650017
2024-01-17,25.34000015258789,25.65999984741211,25.200000762939453,25.540000915527344,29194171
2024-01-18,25.299999237060547,25.860000610351562,25.219999313354492,25.5,35322305
2024-01-19,25.059999465942383,25.420000076293945,24.899999618530273,25.280000686645508,19914303
2024-01-22,24.959999084472656,25.399999618530273,24.8799991607666,24.959999084472656,29269567
2024-01-23,24.84000015258789,25.639999389648438,24.559999465942383,25.280000686645508,56483371
2024-01-24,25.139999389648438,25.260000228881836,24.360000610351562,24.8799991607666,39876255
2024-01-25,25.700000762939453,25.780000686645508,25.239999771118164,25.399999618530273,49555315
2024-01-26,25.979999542236328,26.079999923706055,25.420000076293945,25.6200008392334,61897883
2024-01-29,26.459999084472656,26.8799991607666,26.139999389648438,26.200000762939453,86312377
2024-01-30,26.799999237060547,27.239999771118164,26.459999084472656,27.200000762939453,74837488
2024-01-31,26.84000015258789,27.219999313354492,26.420000076293945,26.760000228881836,56489276
2024-02-01,27.940000534057617,28.040000915527344,26.81999969482422,26.899999618530273,95766043
2024-02-02,28.100000381469727,28.34000015258789,27.420000076293945,27.979999542236328,66640536
2024-02-05,27.84000015258789,28.3799991607666,27.780000686645508,28.100000381469727,41645591
2024-02-06,28.1200008392334,28.459999084472656,27.639999389648438,28.0,53175969
2024-02-07,28.139999389648438,28.84000015258789,28.139999389648438,28.34000015258789,58993489
2024-02-08,28.440000534057617,28.6200008392334,27.940000534057617,28.219999313354492,52490186
2024-02-09,28.799999237060547,29.040000915527344,28.559999465942383,28.600000381469727,62923492
2024-02-12,28.780000686645508,29.280000686645508,28.520000457763672,29.200000762939453,71299684
2024-02-13,28.1200008392334,29.239999771118164,28.040000915527344,28.979999542236328,65722918
2024-02-14,28.84000015258789,29.100000381469727,27.520000457763672,28.18000030517578,65554719
2024-02-15,29.639999389648438,29.979999542236328,28.780000686645508,29.100000381469727,121831106
2024-02-16,29.360000610351562,30.360000610351562,28.8799991607666,29.739999771118164,236321714
2024-02-19,28.65999984741211,29.81999969482422,28.6200008392334,29.6200008392334,65186172
2024-02-20,29.299999237060547,29.3799991607666,28.3799991607666,28.799999237060547,49788878
2024-02-21,28.719999313354492,29.920000076293945,28.399999618530273,29.719999313354492,91967918
2024-02-22,29.100000381469727,29.299999237060547,28.520000457763672,28.860000610351562,62398956
2024-02-23,28.68000030517578,29.139999389648438,28.459999084472656,29.040000915527344,43916898
2024-02-26,27.959999084472656,28.81999969482422,27.860000610351562,28.739999771118164,38220856
2024-02-27,27.559999465942383,28.239999771118164,27.459999084472656,27.959999084472656,54607341
2024-02-28,27.18000030517578,28.139999389648438,27.0,27.559999465942383,81149307
2024-02-29,26.860000610351562,27.479999542236328,26.780000686645508,27.260000228881836,40359260
2024-03-01,27.139999389648438,27.68000030517578,26.8799991607666,26.959999084472656,52265079
2024-03-04,26.579999923706055,27.200000762939453,26.459999084472656,27.15999984741211,51469620
2024-03-05,25.700000762939453,26.700000762939453,25.700000762939453,26.600000381469727,44656143
2024-03-06,24.920000076293945,25.739999771118164,24.81999969482422,25.65999984741211,50977540
2024-03-07,26.15999984741211,26.15999984741211,25.020000457763672,25.020000457763672,44938561
2024-03-08,25.920000076293945,26.260000228881836,25.700000762939453,26.239999771118164,58629564
2024-03-11,25.399999618530273,26.600000381469727,25.399999618530273,26.399999618530273,44588468
2024-03-12,24.700000762939453,25.68000030517578,24.6200008392334,25.520000457763672,35061416
2024-03-13,24.219999313354492,24.799999237060547,24.219999313354492,24.799999237060547,30865599
2024-03-14,23.8799991607666,24.559999465942383,23.780000686645508,24.299999237060547,63759037
2024-03-15,23.860000610351562,24.34000015258789,23.700000762939453,24.0,33507782
2024-03-18,23.399999618530273,24.15999984741211,23.299999237060547,23.959999084472656,50226854
2024-03-19,23.639999389648438,23.760000228881836,23.219999313354492,23.399999618530273,32164844
2024-03-20,23.600000381469727,24.020000457763672,23.479999542236328,23.6200008392334,34182706
2024-03-21,24.139999389648438,24.399999618530273,23.5,23.940000534057617,55111127
2024-03-22,24.059999465942383,24.719999313354492,23.760000228881836,24.139999389648438,42131533
2024-03-25,23.780000686645508,24.81999969482422,23.559999465942383,24.020000457763672,63122318
2024-03-26,22.799999237060547,23.84000015258789,22.68000030517578,23.81999969482422,43404856
2024-03-27,22.540000915527344,23.100000381469727,22.280000686645508,22.81999969482422,34407992
2024-03-28,22.84000015258789,23.079999923706055,22.68000030517578,22.68000030517578,28800850
2024-03-29,23.200000762939453,23.239999771118164,22.799999237060547,22.860000610351562,33342599
2024-04-01,22.260000228881836,23.360000610351562,22.079999923706055,23.100000381469727,42545133
2024-04-02,21.239999771118164,22.559999465942383,21.020000457763672,22.399999618530273,40239105
2024-04-03,21.079999923706055,21.540000915527344,21.020000457763672,21.079999923706055,30713266
2024-04-04,21.639999389648438,22.200000762939453,21.100000381469727,21.1200008392334,44227433
2024-04-05,23.799999237060547,23.799999237060547,21.860000610351562,21.860000610351562,61607997
2024-04-08,24.399999618530273,24.440000534057617,23.360000610351562,23.799999237060547,98284671
2024-04-15,23.899999618530273,24.459999084472656,23.700000762939453,24.440000534057617,47633740
2024-04-16,23.479999542236328,23.799999237060547,23.260000228881836,23.799999237060547,33792520
2024-04-17,23.15999984741211,23.940000534057617,23.0,23.700000762939453,31657678
2024-04-18,24.100000381469727,24.239999771118164,23.079999923706055,23.260000228881836,58314180
2024-04-19,24.399999618530273,24.760000228881836,23.700000762939453,23.719999313354492,68012318
2024-04-22,25.040000915527344,25.5,24.739999771118164,24.739999771118164,81543806
2024-04-24,25.260000228881836,25.459999084472656,24.799999237060547,25.280000686645508,57668504
2024-04-25,25.020000457763672,25.799999237060547,24.8799991607666,25.31999969482422,56438824
2024-04-26,25.899999618530273,26.020000457763672,25.079999923706055,25.100000381469727,62483943
2024-04-29,26.459999084472656,26.459999084472656,25.700000762939453,26.200000762939453,68683040
2024-04-30,26.020000457763672,26.440000534057617,25.860000610351562,26.440000534057617,41637265
2024-05-02,27.440000534057617,28.040000915527344,25.899999618530273,26.100000381469727,128929983
2024-05-03,28.100000381469727,28.139999389648438,27.040000915527344,27.360000610351562,65213371
2024-05-06,27.600000381469727,28.239999771118164,27.3799991607666,28.18000030517578,48240156
2024-05-07,27.520000457763672,28.1200008392334,26.540000915527344,27.68000030517578,83307825
2024-05-08,27.0,27.700000762939453,27.0,27.579999923706055,48868109
2024-05-09,27.479999542236328,27.65999984741211,26.780000686645508,27.18000030517578,58463497
2024-05-10,27.799999237060547,28.420000076293945,27.600000381469727,27.719999313354492,89047605
2024-05-13,27.079999923706055,28.219999313354492,26.799999237060547,27.899999618530273,46616547
2024-05-14,27.0,27.600000381469727,26.559999465942383,27.079999923706055,40991056
2024-05-15,26.399999618530273,27.0,26.34000015258789,27.0,28319159
2024-05-16,28.0,28.059999465942383,25.959999084472656,26.479999542236328,61865811
2024-05-17,28.440000534057617,28.700000762939453,27.920000076293945,28.0,55695438
2024-05-20,29.200000762939453,29.399999618530273,28.8799991607666,28.899999618530273,52342188
2024-05-21,29.239999771118164,29.860000610351562,28.399999618530273,29.0,118276140
2024-05-22,29.65999984741211,30.18000030517578,29.34000015258789,29.34000015258789,61636519
2024-05-23,29.520000457763672,30.399999618530273,29.479999542236328,29.600000381469727,63741486
2024-05-24,29.860000610351562,30.139999389648438,28.920000076293945,29.420000076293945,59050543
2024-05-27,29.899999618530273,30.639999389648438,29.600000381469727,30.1200008392334,64779247
2024-05-28,29.540000915527344,30.059999465942383,29.200000762939453,29.940000534057617,53234478
2024-05-29,29.0,29.899999618530273,28.959999084472656,29.700000762939453,29527259
2024-05-30,28.780000686645508,29.420000076293945,28.440000534057617,28.979999542236328,35868956
2024-05-31,29.079999923706055,29.579999923706055,28.299999237060547,28.920000076293945,52847334
2024-06-03,30.479999542236328,30.5,28.959999084472656,29.200000762939453,72751259
2024-06-04,30.799999237060547,31.579999923706055,30.280000686645508,30.600000381469727,77790115
2024-06-05,31.100000381469727,31.260000228881836,29.860000610351562,30.8799991607666,64183898
2024-06-06,30.34000015258789,31.639999389648438,30.260000228881836,31.15999984741211,46531180
2024-06-07,29.1200008392334,30.5,29.059999465942383,30.459999084472656,41800953
2024-06-10,27.979999542236328,29.1200008392334,27.899999618530273,29.1200008392334,38110923
2024-06-11,28.0,28.479999542236328,27.760000228881836,27.899999618530273,45742653
2024-06-12,28.65999984741211,28.8799991607666,27.760000228881836,27.920000076293945,43314486
2024-06-13,29.299999237060547,30.18000030517578,29.100000381469727,29.139999389648438,56164510
2024-06-14,30.100000381469727,30.219999313354492,29.3799991607666,29.5,68451781
2024-06-20,30.299999237060547,30.68000030517578,29.799999237060547,30.219999313354492,89110398
2024-06-21,30.8799991607666,30.8799991607666,29.940000534057617,30.360000610351562,73276185
2024-06-24,31.020000457763672,31.239999771118164,30.360000610351562,30.899999618530273,76132280
2024-06-25,31.040000915527344,31.219999313354492,30.299999237060547,30.979999542236328,54126455
2024-06-26,29.799999237060547,31.459999084472656,29.799999237060547,31.0,56579885
2024-06-27,30.65999984741211,31.040000915527344,29.81999969482422,29.81999969482422,49943838
2024-06-28,31.5,31.81999969482422,30.65999984741211,30.780000686645508,81820967
2024-07-01,30.059999465942383,32.02000045776367,29.719999313354492,31.700000762939453,69497110
2024-07-02,30.6200008392334,31.0,29.940000534057617,30.15999984741211,46451795
2024-07-03,31.739999771118164,32.060001373291016,30.579999923706055,30.579999923706055,82260277
2024-07-04,32.040000915527344,32.5,31.65999984741211,31.979999542236328,67549616
2024-07-05,32.34000015258789,32.70000076293945,32.040000915527344,32.08000183105469,51137211
2024-07-08,31.700000762939453,33.08000183105469,31.540000915527344,32.400001525878906,60990947
2024-07-09,30.81999969482422,31.979999542236328,30.579999923706055,31.799999237060547,46238751
2024-07-10,31.219999313354492,31.399999618530273,30.479999542236328,30.81999969482422,48414106
2024-07-11,31.81999969482422,31.860000610351562,31.280000686645508,31.399999618530273,43571921
2024-07-12,31.440000534057617,32.060001373291016,31.399999618530273,31.81999969482422,34775310
2024-07-16,32.13999938964844,32.15999984741211,31.360000610351562,31.459999084472656,43618585
2024-07-17,32.900001525878906,33.880001068115234,32.2599983215332,32.47999954223633,83841361
2024-07-18,32.119998931884766,33.31999969482422,32.0,32.91999816894531,54229214
2024-07-19,31.739999771118164,32.41999816894531,31.479999542236328,32.220001220703125,62840722
2024-07-22,31.799999237060547,32.36000061035156,31.700000762939453,31.760000228881836,47793959
2024-07-23,30.899999618530273,32.02000045776367,30.8799991607666,31.81999969482422,33626019
2024-07-24,30.68000030517578,31.420000076293945,30.520000457763672,30.899999618530273,36205123
2024-07-25,30.260000228881836,31.0,30.040000915527344,30.5,28526074
2024-07-26,30.559999465942383,30.899999618530273,30.239999771118164,30.360000610351562,27220914
2024-07-29,29.940000534057617,30.479999542236328,29.81999969482422,30.399999618530273,22480456
2024-07-30,30.139999389648438,30.739999771118164,29.940000534057617,30.020000457763672,39465982
2024-07-31,30.239999771118164,30.3799991607666,29.520000457763672,29.979999542236328,33963552
2024-08-01,30.780000686645508,31.200000762939453,30.399999618530273,30.399999618530273,33844472
2024-08-02,29.34000015258789,30.399999618530273,29.059999465942383,30.15999984741211,27842785
2024-08-05,26.84000015258789,28.8799991607666,26.420000076293945,28.8799991607666,41748524
2024-08-06,25.940000534057617,27.899999618530273,25.920000076293945,27.899999618530273,35801826
2024-08-07,27.0,27.139999389648438,26.1200008392334,26.239999771118164,37612207
2024-08-08,27.600000381469727,27.719999313354492,26.84000015258789,26.8799991607666,26965992
2024-08-09,26.920000076293945,28.059999465942383,26.81999969482422,27.920000076293945,23284828
2024-08-12,25.959999084472656,27.31999969482422,25.899999618530273,27.239999771118164,28461402
2024-08-13,25.760000228881836,26.200000762939453,25.15999984741211,25.84000015258789,35693375
2024-08-14,24.940000534057617,26.18000030517578,24.860000610351562,25.899999618530273,53091945
2024-08-15,25.440000534057617,25.719999313354492,24.780000686645508,25.059999465942383,42729154
2024-08-16,24.420000076293945,25.799999237060547,24.399999618530273,25.600000381469727,49920154
2024-08-19,24.84000015258789,24.8799991607666,24.31999969482422,24.600000381469727,46063582
2024-08-20,24.719999313354492,25.34000015258789,24.459999084472656,24.81999969482422,51832886
2024-08-21,24.65999984741211,25.280000686645508,24.639999389648438,24.81999969482422,55393483
2024-08-22,25.360000610351562,25.5,24.799999237060547,24.81999969482422,48370425
2024-08-23,24.559999465942383,25.579999923706055,24.440000534057617,25.440000534057617,34370513
2024-08-26,22.860000610351562,23.979999542236328,22.84000015258789,23.979999542236328,67196248
2024-08-27,23.020000457763672,23.020000457763672,22.6200008392334,22.84000015258789,39175826
2024-08-28,22.8799991607666,23.280000686645508,22.81999969482422,23.1200008392334,33616007
2024-08-29,22.979999542236328,23.299999237060547,22.739999771118164,22.860000610351562,74926895
2024-09-02,23.440000534057617,23.579999923706055,23.100000381469727,23.200000762939453,36611473
2024-09-03,23.059999465942383,23.639999389648438,22.959999084472656,23.5,30577827
2024-09-04,22.700000762939453,23.0,22.459999084472656,22.700000762939453,36771066
2024-09-05,23.079999923706055,23.299999237060547,22.739999771118164,22.899999618530273,33493862
2024-09-06,22.579999923706055,23.1200008392334,22.579999923706055,23.040000915527344,19971327
2024-09-09,22.31999969482422,22.6200008392334,22.139999389648438,22.479999542236328,28544442
2024-09-10,22.31999969482422,23.579999923706055,22.239999771118164,22.31999969482422,83758857
2024-09-11,22.299999237060547,22.440000534057617,21.8799991607666,22.219999313354492,38765670
2024-09-12,22.81999969482422,22.84000015258789,22.059999465942383,22.700000762939453,37320560
2024-09-13,23.979999542236328,24.040000915527344,22.719999313354492,22.940000534057617,48365730
2024-09-16,23.68000030517578,24.299999237060547,23.65999984741211,23.979999542236328,32153775
2024-09-17,24.299999237060547,24.360000610351562,23.65999984741211,23.799999237060547,37642917
2024-09-18,24.200000762939453,24.34000015258789,23.719999313354492,24.139999389648438,26957608
2024-09-19,24.959999084472656,25.18000030517578,24.299999237060547,24.5,42011435
2024-09-20,25.559999465942383,25.860000610351562,24.899999618530273,24.899999618530273,50871892
2024-09-23,25.059999465942383,25.899999618530273,24.860000610351562,25.68000030517578,28193046
2024-09-24,25.780000686645508,26.239999771118164,25.459999084472656,25.700000762939453,51491827
2024-09-25,26.219999313354492,26.6200008392334,26.0,26.059999465942383,59568862
2024-09-26,26.219999313354492,27.020000457763672,26.040000915527344,26.280000686645508,59237396
2024-09-27,26.760000228881836,26.8799991607666,26.239999771118164,26.299999237060547,40421527
2024-09-30,26.899999618530273,27.68000030517578,26.780000686645508,26.780000686645508,59464914
2024-10-01,25.899999618530273,26.799999237060547,25.459999084472656,26.799999237060547,47937270
2024-10-02,25.479999542236328,26.34000015258789,25.34000015258789,25.68000030517578,43638729
2024-10-03,25.440000534057617,26.100000381469727,25.200000762939453,25.600000381469727,39831599
2024-10-04,25.739999771118164,25.739999771118164,24.719999313354492,25.520000457763672,33412655
2024-10-07,25.979999542236328,26.579999923706055,25.68000030517578,26.059999465942383,45213992
2024-10-08,24.639999389648438,25.579999923706055,24.31999969482422,25.520000457763672,54678349
2024-10-09,25.100000381469727,25.139999389648438,24.479999542236328,24.579999923706055,30001021
2024-10-10,25.639999389648438,26.18000030517578,25.139999389648438,25.139999389648438,45965975
2024-10-11,26.520000457763672,26.520000457763672,25.18000030517578,26.0,75798957
2024-10-14,26.68000030517578,27.139999389648438,25.6200008392334,26.600000381469727,66587594
2024-10-15,26.860000610351562,27.059999465942383,26.059999465942383,26.760000228881836,57413737
2024-10-16,27.299999237060547,27.31999969482422,26.5,26.799999237060547,56154791
2024-10-17,26.719999313354492,27.219999313354492,26.520000457763672,27.219999313354492,56255905
2024-10-18,26.040000915527344,27.219999313354492,25.979999542236328,26.799999237060547,50839272
2024-10-21,25.200000762939453,26.139999389648438,25.15999984741211,26.059999465942383,36955644
2024-10-22,24.8799991607666,25.360000610351562,24.5,25.200000762939453,66566127
2024-10-23,24.020000457763672,25.200000762939453,24.0,25.0,54767168
2024-10-24,24.6200008392334,24.860000610351562,24.200000762939453,24.200000762939453,31215237
2024-10-25,24.440000534057617,24.639999389648438,24.0,24.5,36709314
2024-10-28,24.520000457763672,24.719999313354492,24.3799991607666,24.6200008392334,14532142
2024-10-30,24.940000534057617,25.079999923706055,24.68000030517578,24.68000030517578,34648983
2024-10-31,24.65999984741211,25.559999465942383,24.579999923706055,24.860000610351562,54863284
2024-11-01,25.479999542236328,25.639999389648438,24.600000381469727,24.719999313354492,57319545
2024-11-04,24.639999389648438,25.579999923706055,24.360000610351562,25.31999969482422,41786861
2024-11-05,25.239999771118164,25.440000534057617,24.299999237060547,24.719999313354492,43583501
2024-11-06,26.3799991607666,26.639999389648438,24.65999984741211,25.200000762939453,58389130
2024-11-07,26.700000762939453,26.81999969482422,26.15999984741211,26.360000610351562,49868079
2024-11-08,27.059999465942383,27.260000228881836,26.559999465942383,26.600000381469727,43835964
2024-11-11,26.5,26.84000015258789,26.200000762939453,26.559999465942383,44869351
2024-11-12,26.299999237060547,26.739999771118164,26.100000381469727,26.360000610351562,35198497
2024-11-13,25.920000076293945,26.399999618530273,25.5,26.020000457763672,50152189
2024-11-14,26.31999969482422,26.5,25.68000030517578,26.200000762939453,63618150
2024-11-15,25.81999969482422,26.520000457763672,25.760000228881836,26.3799991607666,37501328
2024-11-18,26.280000686645508,26.979999542236328,25.639999389648438,25.899999618530273,156497192
2024-11-19,25.899999618530273,26.5,25.65999984741211,26.420000076293945,67893165
2024-11-20,25.059999465942383,26.399999618530273,25.059999465942383,25.959999084472656,58367535
2024-11-21,26.31999969482422,26.760000228881836,25.15999984741211,25.15999984741211,67368124
2024-11-22,26.8799991607666,27.079999923706055,26.34000015258789,26.360000610351562,60216293
2024-11-25,27.399999618530273,27.760000228881836,26.760000228881836,27.059999465942383,89871798
2024-11-26,27.0,27.360000610351562,26.799999237060547,27.200000762939453,40291592
2024-11-27,26.65999984741211,27.399999618530273,26.479999542236328,27.280000686645508,54690543
2024-11-28,26.979999542236328,27.059999465942383,26.579999923706055,26.65999984741211,38775437
2024-11-29,27.440000534057617,27.479999542236328,26.920000076293945,27.059999465942383,59876417
2024-12-02,27.559999465942383,27.81999969482422,27.260000228881836,27.360000610351562,43188575
2024-12-03,27.700000762939453,28.18000030517578,27.420000076293945,27.65999984741211,58346312
2024-12-04,27.6200008392334,28.360000610351562,27.6200008392334,27.81999969482422,48838164
2024-12-05,27.3799991607666,27.920000076293945,27.200000762939453,27.719999313354492,32025389
2024-12-06,27.5,27.860000610351562,27.360000610351562,27.6200008392334,33519717
2024-12-09,29.360000610351562,30.200000762939453,28.5,28.600000381469727,114378868
2024-12-10,28.260000228881836,29.68000030517578,28.040000915527344,29.299999237060547,73244204
2024-12-11,28.760000228881836,28.920000076293945,27.899999618530273,28.280000686645508,54099902
2024-12-12,29.299999237060547,29.399999618530273,28.920000076293945,29.0,39629614
2024-12-13,30.479999542236328,30.719999313354492,28.84000015258789,28.84000015258789,72400860
2024-12-16,29.81999969482422,30.579999923706055,29.780000686645508,30.479999542236328,43258740
2024-12-17,29.920000076293945,30.200000762939453,29.31999969482422,29.860000610351562,34998066
2024-12-18,28.700000762939453,30.0,28.520000457763672,29.8799991607666,42414231
2024-12-19,28.059999465942383,28.8799991607666,27.979999542236328,28.280000686645508,34305939
2024-12-20,27.959999084472656,28.700000762939453,27.760000228881836,28.079999923706055,35913763
2024-12-23,28.15999984741211,28.6200008392334,27.959999084472656,28.079999923706055,38774864
2024-12-24,28.459999084472656,28.68000030517578,27.8799991607666,28.15999984741211,37828672
2024-12-25,28.719999313354492,29.219999313354492,28.559999465942383,28.899999618530273,48553344
2024-12-26,27.959999084472656,29.040000915527344,27.81999969482422,28.799999237060547,39497607
2024-12-27,27.860000610351562,28.3799991607666,27.860000610351562,28.020000457763672,36082653
2024-12-30,27.219999313354492,28.020000457763672,27.18000030517578,27.8799991607666,33682435
2024-12-31,27.100000381469727,27.700000762939453,27.079999923706055,27.299999237060547,32004925
2025-01-02,27.799999237060547,27.81999969482422,27.100000381469727,27.260000228881836,41505135
2025-01-03,28.360000610351562,28.600000381469727,27.739999771118164,27.81999969482422,37869948
2025-01-06,28.5,28.979999542236328,28.34000015258789,28.440000534057617,42043974
2025-01-07,28.0,28.5,27.860000610351562,28.479999542236328,47019173
2025-01-08,27.520000457763672,28.139999389648438,27.5,27.940000534057617,30598846
2025-01-09,27.739999771118164,27.979999542236328,27.34000015258789,27.6200008392334,46303040
2025-01-10,27.200000762939453,27.940000534057617,27.079999923706055,27.84000015258789,43829433
2025-01-13,26.139999389648438,27.260000228881836,25.959999084472656,27.100000381469727,58182136
2025-01-14,25.739999771118164,26.5,25.479999542236328,26.34000015258789,47076094
2025-01-15,25.360000610351562,25.860000610351562,25.079999923706055,25.739999771118164,52442937
2025-01-16,25.899999618530273,26.020000457763672,25.059999465942383,25.700000762939453,61663268
2025-01-17,26.219999313354492,26.459999084472656,25.81999969482422,25.920000076293945,44257231
2025-01-20,25.84000015258789,26.5,25.3799991607666,26.420000076293945,67692725
2025-01-21,26.0,26.399999618530273,25.540000915527344,25.700000762939453,73175281
2025-01-22,26.100000381469727,26.239999771118164,25.5,25.979999542236328,61699524
2025-01-23,26.360000610351562,26.559999465942383,26.18000030517578,26.18000030517578,50435544
2025-01-24,26.979999542236328,27.079999923706055,26.299999237060547,26.420000076293945,53788055
2025-01-27,26.5,26.979999542236328,26.299999237060547,26.68000030517578,43222274
2025-01-28,27.079999923706055,27.219999313354492,26.31999969482422,26.600000381469727,54829722
2025-01-29,27.459999084472656,27.700000762939453,27.0,27.139999389648438,57759762
2025-01-30,27.479999542236328,27.719999313354492,27.079999923706055,27.459999084472656,52714530
2025-01-31,27.299999237060547,27.68000030517578,27.139999389648438,27.5,61701347
2025-02-03,26.700000762939453,27.0,26.360000610351562,27.0,39840592
2025-02-04,27.040000915527344,27.260000228881836,26.6200008392334,26.799999237060547,63185235
2025-02-05,26.299999237060547,27.040000915527344,25.8799991607666,26.979999542236328,65680954
2025-02-06,27.139999389648438,27.420000076293945,26.399999618530273,26.420000076293945,54320406
2025-02-07,28.860000610351562,28.959999084472656,27.1200008392334,27.18000030517578,111774479
2025-02-10,28.399999618530273,28.65999984741211,28.139999389648438,28.600000381469727,44466931
2025-02-11,28.100000381469727,28.399999618530273,27.600000381469727,28.31999969482422,46046228
2025-02-12,27.940000534057617,28.139999389648438,27.559999465942383,28.100000381469727,64126414
2025-02-13,28.219999313354492,28.479999542236328,27.979999542236328,28.200000762939453,43954627
2025-02-14,28.079999923706055,28.739999771118164,27.979999542236328,28.260000228881836,51963483
2025-02-17,27.899999618530273,28.3799991607666,27.860000610351562,27.959999084472656,39171632
2025-02-18,28.479999542236328,28.719999313354492,27.81999969482422,28.0,59528468
2025-02-19,28.34000015258789,28.920000076293945,28.139999389648438,28.579999923706055,36968593
2025-02-20,28.459999084472656,29.34000015258789,28.299999237060547,28.299999237060547,56987678
2025-02-21,27.31999969482422,28.65999984741211,27.1200008392334,28.540000915527344,42628310
2025-02-24,27.219999313354492,27.860000610351562,27.0,27.700000762939453,33543612
2025-02-25,26.420000076293945,27.260000228881836,26.3799991607666,27.100000381469727,33365412
2025-02-26,26.219999313354492,26.639999389648438,26.18000030517578,26.440000534057617,30981353
2025-02-27,27.34000015258789,28.079999923706055,26.200000762939453,26.200000762939453,63142898
2025-02-28,27.700000762939453,27.799999237060547,26.979999542236328,27.1200008392334,39715938
2025-03-03,28.3799991607666,28.6200008392334,27.799999237060547,28.059999465942383,33044494
2025-03-04,28.139999389648438,28.6200008392334,27.81999969482422,28.3799991607666,31288408
2025-03-05,30.65999984741211,30.799999237060547,28.34000015258789,28.459999084472656,110498991
2025-03-06,31.780000686645508,31.899999618530273,30.739999771118164,31.899999618530273,79938890
2025-03-07,31.6200008392334,32.0,31.139999389648438,31.600000381469727,37272579
2025-03-10,31.959999084472656,32.31999969482422,30.84000015258789,31.020000457763672,73779136
2025-03-11,32.0,32.880001068115234,31.600000381469727,31.600000381469727,59712160
2025-03-12,32.70000076293945,33.02000045776367,32.060001373291016,32.060001373291016,48886403
2025-03-13,33.34000015258789,33.7400016784668,32.619998931884766,32.68000030517578,76253235
2025-03-14,33.459999084472656,34.060001373291016,33.15999984741211,33.34000015258789,49335325
2025-03-17,33.599998474121094,33.779998779296875,33.2400016784668,33.63999938964844,32131798
2025-03-18,33.86000061035156,33.939998626708984,33.0,33.13999938964844,32612543
2025-03-19,30.479999542236328,33.08000183105469,30.479999542236328,32.0,50284584
2025-03-20,31.920000076293945,32.959999084472656,30.280000686645508,30.600000381469727,67746937
2025-03-21,28.739999771118164,31.700000762939453,28.739999771118164,31.479999542236328,50824828
2025-03-24,28.540000915527344,29.760000228881836,26.479999542236328,29.520000457763672,90310587
2025-03-25,29.579999923706055,30.18000030517578,28.760000228881836,29.139999389648438,69734305
2025-03-26,28.899999618530273,29.459999084472656,28.600000381469727,28.959999084472656,60881617
2025-03-27,29.31999969482422,29.920000076293945,28.920000076293945,29.31999969482422,69232857
2025-03-28,29.31999969482422,29.479999542236328,28.639999389648438,29.34000015258789,40245089
2025-04-02,29.399999618530273,29.8799991607666,29.1200008392334,29.1200008392334,37512055
2025-04-03,28.31999969482422,29.940000534057617,28.31999969482422,29.600000381469727,42152306
2025-04-04,26.760000228881836,28.5,26.700000762939453,28.31999969482422,57739872
2025-04-07,25.6200008392334,26.200000762939453,24.780000686645508,25.420000076293945,135544364
2025-04-08,26.139999389648438,26.559999465942383,25.860000610351562,26.139999389648438,59233179
2025-04-09,25.0,26.6200008392334,25.0,25.639999389648438,81617999
2025-04-10,25.559999465942383,26.579999923706055,25.3799991607666,26.200000762939453,68220647
2025-04-11,25.65999984741211,25.780000686645508,25.239999771118164,25.3799991607666,53386462
2025-04-14,25.860000610351562,26.280000686645508,25.559999465942383,25.899999618530273,44713297
2025-04-15,25.700000762939453,26.15999984741211,25.600000381469727,25.799999237060547,33487402
2025-04-16,24.799999237060547,25.559999465942383,24.780000686645508,25.5,55212141
2025-04-17,24.399999618530273,25.1200008392334,24.040000915527344,24.739999771118164,75866109
2025-04-18,24.100000381469727,24.5,23.959999084472656,24.440000534057617,26028347
2025-04-21,23.739999771118164,24.299999237060547,23.479999542236328,24.100000381469727,60948117
2025-04-22,23.760000228881836,23.979999542236328,23.540000915527344,23.84000015258789,38515244
2025-04-24,24.459999084472656,24.540000915527344,23.8799991607666,24.299999237060547,60648227
2025-04-25,24.719999313354492,24.979999542236328,24.360000610351562,24.540000915527344,55096798
2025-04-28,24.440000534057617,24.84000015258789,24.31999969482422,24.68000030517578,48784855
2025-04-29,24.239999771118164,24.719999313354492,23.979999542236328,24.299999237060547,53333838
2025-04-30,23.219999313354492,24.420000076293945,23.219999313354492,24.040000915527344,51364949
2025-05-02,23.81999969482422,24.040000915527344,23.34000015258789,23.459999084472656,38507360
2025-05-05,23.31999969482422,24.040000915527344,23.31999969482422,23.979999542236328,50508367
2025-05-06,23.3799991607666,23.700000762939453,23.18000030517578,23.239999771118164,38213311
2025-05-07,22.84000015258789,23.540000915527344,22.700000762939453,23.260000228881836,32282813
2025-05-08,23.420000076293945,23.479999542236328,22.760000228881836,22.959999084472656,32721321
2025-05-09,23.979999542236328,24.239999771118164,23.65999984741211,23.700000762939453,44894225
2025-05-12,24.8799991607666,24.8799991607666,24.200000762939453,24.700000762939453,59644243
2025-05-13,24.6200008392334,24.979999542236328,24.479999542236328,24.860000610351562,52927453
2025-05-14,25.040000915527344,25.399999618530273,24.65999984741211,24.68000030517578,67636987
2025-05-15,24.059999465942383,25.100000381469727,24.040000915527344,24.959999084472656,62016724
2025-05-16,24.299999237060547,24.420000076293945,23.860000610351562,24.1200008392334,58285557
2025-05-20,24.139999389648438,24.479999542236328,23.959999084472656,24.399999618530273,45234012
2025-05-21,23.540000915527344,24.020000457763672,23.540000915527344,24.020000457763672,53431802
2025-05-22,23.200000762939453,23.739999771118164,22.899999618530273,23.68000030517578,56341117
2025-05-23,22.979999542236328,23.579999923706055,22.920000076293945,23.079999923706055,50155429
2025-05-26,23.520000457763672,23.739999771118164,23.100000381469727,23.100000381469727,57561863
2025-05-27,23.139999389648438,23.700000762939453,23.079999923706055,23.3799991607666,41598580
2025-05-28,22.540000915527344,23.280000686645508,22.420000076293945,23.200000762939453,53360356
2025-05-29,22.559999465942383,23.200000762939453,22.440000534057617,22.920000076293945,50699905
2025-05-30,22.040000915527344,22.520000457763672,21.979999542236328,22.459999084472656,37154370
2025-06-02,22.079999923706055,22.420000076293945,21.579999923706055,21.899999618530273,57200189
2025-06-03,23.020000457763672,23.059999465942383,22.239999771118164,22.239999771118164,40820874
2025-06-04,23.700000762939453,23.799999237060547,23.15999984741211,23.18000030517578,34955749
2025-06-05,23.540000915527344,23.700000762939453,23.34000015258789,23.600000381469727,9953667
2025-06-10,23.899999618530273,24.020000457763672,23.579999923706055,23.719999313354492,31502467
2025-06-11,23.65999984741211,24.100000381469727,23.6200008392334,23.959999084472656,37628663
2025-06-12,23.15999984741211,23.6200008392334,22.920000076293945,23.3799991607666,43940290
2025-06-13,21.799999237060547,22.399999618530273,21.15999984741211,21.81999969482422,101584162
2025-06-16,22.139999389648438,22.360000610351562,21.739999771118164,21.84000015258789,64640891
2025-06-17,22.31999969482422,22.959999084472656,22.31999969482422,22.559999465942383,77332068
2025-06-18,21.760000228881836,22.31999969482422,21.739999771118164,22.299999237060547,36671976
2025-06-19,21.739999771118164,22.68000030517578,21.6200008392334,21.81999969482422,66786700
2025-06-20,22.860000610351562,23.0,22.139999389648438,22.280000686645508,71760977
2025-06-23,22.200000762939453,22.899999618530273,22.079999923706055,22.639999389648438,57388605
2025-06-24,22.940000534057617,23.200000762939453,22.6200008392334,22.899999618530273,62745816
2025-06-25,22.860000610351562,23.18000030517578,22.799999237060547,23.0,44627707
2025-06-26,22.899999618530273,23.440000534057617,22.81999969482422,22.920000076293945,55595857
2025-06-27,22.719999313354492,23.0,22.299999237060547,22.81999969482422,56759577
2025-06-30,24.1200008392334,24.1200008392334,22.799999237060547,22.799999237060547,89650710
2025-07-01,24.459999084472656,24.6200008392334,24.020000457763672,24.15999984741211,73231289
2025-07-02,25.860000610351562,26.5,24.5,24.579999923706055,156434798
2025-07-03,25.81999969482422,26.459999084472656,25.559999465942383,26.219999313354492,55715778
2025-07-04,26.18000030517578,26.399999618530273,25.719999313354492,25.81999969482422,62656006
2025-07-07,25.719999313354492,26.020000457763672,25.540000915527344,25.719999313354492,40378975
2025-07-08,24.639999389648438,26.0,24.6200008392334,25.899999618530273,64143382
2025-07-09,25.100000381469727,25.34000015258789,24.520000457763672,24.65999984741211,54980620
2025-07-10,26.139999389648438,26.299999237060547,25.479999542236328,25.559999465942383,64634895
2025-07-11,25.6200008392334,26.360000610351562,25.559999465942383,26.299999237060547,44352538
2025-07-14,24.8799991607666,25.639999389648438,24.81999969482422,25.520000457763672,33557000
2025-07-16,24.84000015258789,25.299999237060547,24.239999771118164,24.84000015258789,46460838
2025-07-17,25.899999618530273,25.899999618530273,24.920000076293945,25.100000381469727,58165953
2025-07-18,25.65999984741211,26.0,25.299999237060547,26.0,34252627
2025-07-21,26.440000534057617,26.65999984741211,26.0,26.0,58443737
2025-07-22,27.239999771118164,27.420000076293945,26.799999237060547,27.200000762939453,84912987
2025-07-23,27.15999984741211,27.399999618530273,26.780000686645508,27.200000762939453,48420467
2025-07-24,26.920000076293945,27.5,26.739999771118164,27.15999984741211,61672448
2025-07-25,26.81999969482422,27.299999237060547,26.65999984741211,26.860000610351562,41243080
2025-07-28,26.3799991607666,26.920000076293945,26.280000686645508,26.899999618530273,26720562
2025-07-29,25.959999084472656,26.479999542236328,25.899999618530273,26.280000686645508,22291798
2025-07-30,26.8799991607666,27.079999923706055,25.899999618530273,25.979999542236328,55464386
2025-07-31,27.719999313354492,27.780000686645508,26.459999084472656,26.8799991607666,68434744
2025-08-01,28.31999969482422,28.3799991607666,27.600000381469727,27.639999389648438,65976138
2025-08-04,28.579999923706055,28.68000030517578,28.0,28.399999618530273,45733474
2025-08-05,28.219999313354492,28.799999237060547,28.200000762939453,28.6200008392334,29527242
2025-08-06,28.280000686645508,28.299999237060547,27.739999771118164,28.219999313354492,51519086
2025-08-07,28.040000915527344,28.540000915527344,27.899999618530273,28.299999237060547,43387457
2025-08-08,28.299999237060547,28.719999313354492,27.799999237060547,27.920000076293945,42978004
2025-08-11,28.34000015258789,28.81999969482422,28.280000686645508,28.600000381469727,62565498
2025-08-12,27.860000610351562,28.5,27.799999237060547,28.34000015258789,35051169
2025-08-13,28.34000015258789,28.440000534057617,27.81999969482422,27.920000076293945,44763932
2025-08-14,27.719999313354492,28.520000457763672,27.68000030517578,28.299999237060547,49518246
2025-08-15,27.3799991607666,27.760000228881836,27.280000686645508,27.719999313354492,29474757
2025-08-18,28.399999618530273,28.399999618530273,27.34000015258789,27.440000534057617,63335840
2025-08-19,28.540000915527344,29.079999923706055,28.1200008392334,28.3799991607666,60430521
2025-08-20,29.440000534057617,29.65999984741211,28.3799991607666,28.399999618530273,68493802
2025-08-21,30.299999237060547,30.34000015258789,29.3799991607666,29.440000534057617,50399259
2025-08-22,30.81999969482422,31.15999984741211,30.239999771118164,30.299999237060547,51777895
2025-08-25,31.18000030517578,31.579999923706055,30.81999969482422,31.079999923706055,38354043
2025-08-26,30.479999542236328,31.559999465942383,30.479999542236328,31.0,41504324
2025-08-27,29.68000030517578,30.719999313354492,29.459999084472656,30.579999923706055,33712028
2025-08-28,29.81999969482422,30.299999237060547,29.65999984741211,29.65999984741211,33977282
2025-08-29,29.399999618530273,29.899999618530273,29.260000228881836,29.84000015258789,37126072
2025-09-01,28.719999313354492,29.5,28.65999984741211,29.440000534057617,35367163
2025-09-02,27.139999389648438,28.899999618530273,26.0,28.799999237060547,96335481
2025-09-03,26.899999618530273,27.239999771118164,26.420000076293945,27.15999984741211,44578987
2025-09-04,27.3799991607666,27.639999389648438,26.920000076293945,26.920000076293945,40732568
2025-09-05,26.739999771118164,27.559999465942383,26.579999923706055,27.520000457763672,30927384
2025-09-08,25.760000228881836,26.31999969482422,25.739999771118164,26.15999984741211,31310239
2025-09-09,25.8799991607666,26.420000076293945,25.68000030517578,25.760000228881836,56973587
2025-09-10,26.0,26.31999969482422,25.719999313354492,26.100000381469727,30923461
2025-09-11,25.65999984741211,26.639999389648438,25.559999465942383,26.040000915527344,43759028
2025-09-12,25.579999923706055,25.940000534057617,25.059999465942383,25.65999984741211,40381365
2025-09-15,27.139999389648438,27.15999984741211,25.020000457763672,25.579999923706055,101035228
2025-09-16,27.6200008392334,27.6200008392334,26.719999313354492,27.280000686645508,54588559
2025-09-17,27.760000228881836,28.860000610351562,27.65999984741211,28.299999237060547,94995665
2025-09-18,28.1200008392334,28.920000076293945,27.84000015258789,27.899999618530273,92983936
2025-09-19,30.0,30.0,28.200000762939453,28.360000610351562,131643009
2025-09-22,29.5,30.579999923706055,29.5,30.520000457763672,120579570
2025-09-23,29.799999237060547,30.8799991607666,29.100000381469727,29.100000381469727,223973703
2025-09-24,29.979999542236328,30.299999237060547,29.299999237060547,29.920000076293945,97340596
2025-09-25,30.200000762939453,30.579999923706055,29.979999542236328,30.100000381469727,79525115
2025-09-26,28.780000686645508,30.100000381469727,28.280000686645508,30.100000381469727,75632485
2025-09-29,28.420000076293945,28.899999618530273,28.280000686645508,28.5,39413360
2025-09-30,28.399999618530273,28.84000015258789,28.219999313354492,28.600000381469727,49605642
2025-10-01,28.700000762939453,28.899999618530273,27.84000015258789,28.5,74355632
2025-10-02,27.6200008392334,28.780000686645508,27.540000915527344,28.700000762939453,53398048
2025-10-03,27.799999237060547,28.15999984741211,27.3799991607666,27.719999313354492,66630735
2025-10-06,27.8799991607666,28.100000381469727,27.459999084472656,27.899999618530273,50384507
2025-10-07,27.8799991607666,28.200000762939453,27.420000076293945,27.8799991607666,56152392
2025-10-08,26.700000762939453,27.299999237060547,26.239999771118164,27.299999237060547,113543295
2025-10-09,26.639999389648438,27.100000381469727,26.520000457763672,26.899999618530273,58989769
2025-10-10,26.479999542236328,26.84000015258789,26.299999237060547,26.719999313354492,50792374
2025-10-13,25.600000381469727,26.579999923706055,25.600000381469727,26.059999465942383,45411307
2025-10-14,24.260000228881836,25.639999389648438,24.1200008392334,25.579999923706055,59470634
2025-10-15,25.34000015258789,25.479999542236328,24.1200008392334,24.34000015258789,66827197
2025-10-16,24.899999618530273,25.559999465942383,24.559999465942383,25.100000381469727,40592534
2025-10-17,24.399999618530273,24.760000228881836,23.719999313354492,24.760000228881836,48193358
2025-10-20,25.15999984741211,25.200000762939453,24.18000030517578,24.399999618530273,68177546
2025-10-21,25.799999237060547,26.200000762939453,24.979999542236328,25.0,54977921
2025-10-22,26.399999618530273,26.600000381469727,25.579999923706055,25.8799991607666,55586180
2025-10-23,26.6200008392334,26.84000015258789,26.219999313354492,26.3799991607666,46806246
2025-10-24,28.440000534057617,28.81999969482422,26.84000015258789,26.899999618530273,105966149
2025-10-27,28.18000030517578,28.700000762939453,27.940000534057617,28.200000762939453,61471488
2025-10-28,28.020000457763672,28.700000762939453,27.6200008392334,28.1200008392334,31012851
2025-10-30,27.3799991607666,28.1200008392334,27.260000228881836,28.059999465942383,36502753
2025-10-31,27.420000076293945,27.780000686645508,27.059999465942383,27.420000076293945,40100285
2025-11-03,28.440000534057617,29.0,27.459999084472656,27.5,98555037
2025-11-04,28.6200008392334,28.639999389648438,27.8799991607666,28.299999237060547,59282074
2025-11-05,27.700000762939453,28.31999969482422,27.34000015258789,28.219999313354492,54754392
2025-11-06,28.0,28.18000030517578,27.440000534057617,27.760000228881836,45581465
2025-11-07,25.940000534057617,27.18000030517578,25.84000015258789,27.020000457763672,78106554
2025-11-10,25.479999542236328,26.0,25.280000686645508,25.899999618530273,60332735
2025-11-11,24.579999923706055,25.559999465942383,24.0,25.459999084472656,63868732
2025-11-12,23.84000015258789,24.739999771118164,23.5,24.719999313354492,97370827
2025-11-13,23.940000534057617,24.31999969482422,23.5,23.899999618530273,100251856
2025-11-14,23.81999969482422,24.239999771118164,23.600000381469727,23.860000610351562,44201953
2025-11-17,24.219999313354492,24.639999389648438,23.899999618530273,23.959999084472656,68944697
2025-11-18,24.15999984741211,24.420000076293945,23.84000015258789,24.040000915527344,46733513
2025-11-19,25.420000076293945,26.079999923706055,24.34000015258789,24.3799991607666,103687448
2025-11-20,25.440000534057617,25.65999984741211,25.020000457763672,25.479999542236328,40536544
2025-11-21,25.31999969482422,25.520000457763672,24.81999969482422,25.18000030517578,36446332
2025-11-24,25.040000915527344,25.3799991607666,24.940000534057617,25.260000228881836,26123111
2025-11-25,25.0,25.459999084472656,24.719999313354492,25.15999984741211,46285571
2025-11-26,25.399999618530273,25.860000610351562,25.100000381469727,25.1200008392334,55037563
2025-11-27,24.920000076293945,25.68000030517578,24.799999237060547,25.559999465942383,50631407
2025-11-28,25.079999923706055,25.15999984741211,24.700000762939453,24.920000076293945,40732667
2025-12-01,25.6200008392334,25.799999237060547,25.0,25.040000915527344,37755979
2025-12-02,25.739999771118164,25.899999618530273,25.399999618530273,25.559999465942383,29035231
2025-12-03,25.780000686645508,26.68000030517578,25.739999771118164,25.979999542236328,58805495
2025-12-04,25.34000015258789,26.059999465942383,25.100000381469727,25.84000015258789,32182369
2025-12-05,25.579999923706055,25.979999542236328,25.280000686645508,25.280000686645508,30405153
2025-12-08,25.84000015258789,26.219999313354492,25.65999984741211,25.760000228881836,36283024
2025-12-09,26.020000457763672,26.239999771118164,25.479999542236328,25.860000610351562,43963613
2025-12-10,26.020000457763672,26.719999313354492,25.940000534057617,26.1200008392334,44404209
2025-12-11,26.219999313354492,26.3799991607666,25.8799991607666,26.139999389648438,28785042
2025-12-12,26.940000534057617,28.139999389648438,26.219999313354492,26.280000686645508,86015504
2025-12-15,27.200000762939453,27.84000015258789,26.8799991607666,27.139999389648438,58983927
2025-12-16,28.360000610351562,28.459999084472656,27.6200008392334,28.100000381469727,99782416
2025-12-17,28.239999771118164,29.0,27.959999084472656,28.200000762939453,43822482
2025-12-18,28.0,28.479999542236328,27.979999542236328,28.299999237060547,29255769
2025-12-19,27.760000228881836,28.100000381469727,27.399999618530273,28.079999923706055,25104505
2025-12-22,27.239999771118164,27.979999542236328,26.979999542236328,27.799999237060547,22825955
2025-12-23,26.799999237060547,27.239999771118164,26.579999923706055,27.200000762939453,33529517
2025-12-24,26.760000228881836,27.100000381469727,26.639999389648438,26.799999237060547,26432465
2025-12-25,27.0,27.280000686645508,26.940000534057617,26.979999542236328,14858765
2025-12-26,26.059999465942383,27.020000457763672,25.700000762939453,27.0,44907025
2025-12-29,25.440000534057617,26.059999465942383,25.420000076293945,26.020000457763672,22129069
2025-12-30,25.459999084472656,25.540000915527344,25.139999389648438,25.459999084472656,21248728
2025-12-31,25.260000228881836,25.979999542236328,25.1200008392334,25.6200008392334,33774863
2026-01-02,26.079999923706055,26.079999923706055,25.3799991607666,25.399999618530273,31219797
2026-01-05,26.84000015258789,26.920000076293945,26.059999465942383,26.299999237060547,49416886
2026-01-06,27.34000015258789,27.559999465942383,26.899999618530273,27.0,54890549
2026-01-07,26.6200008392334,27.559999465942383,26.5,27.479999542236328,44922373
2026-01-08,27.079999923706055,27.3799991607666,26.440000534057617,26.6200008392334,54102675
2026-01-09,26.799999237060547,27.31999969482422,26.65999984741211,27.100000381469727,37552131
2026-01-12,27.559999465942383,27.639999389648438,26.899999618530273,26.920000076293945,45714818
2026-01-13,27.5,27.8799991607666,27.34000015258789,27.559999465942383,54334187
2026-01-14,27.600000381469727,28.31999969482422,27.559999465942383,27.6200008392334,63227002
2026-01-15,27.700000762939453,27.84000015258789,27.100000381469727,27.459999084472656,34371076
2026-01-16,28.639999389648438,28.979999542236328,27.600000381469727,27.81999969482422,65793927
2026-01-19,29.100000381469727,29.700000762939453,28.81999969482422,29.059999465942383,63877328
2026-01-20,28.280000686645508,29.239999771118164,28.18000030517578,28.899999618530273,58845579
2026-01-21,28.799999237060547,28.81999969482422,28.280000686645508,28.360000610351562,42441299
2026-01-22,29.200000762939453,29.200000762939453,28.65999984741211,29.040000915527344,48045417
2026-01-23,29.3799991607666,29.65999984741211,29.059999465942383,29.459999084472656,56867385
2026-01-26,29.600000381469727,29.65999984741211,28.68000030517578,29.0,46160472
2026-01-27,29.459999084472656,30.15999984741211,29.1200008392334,29.65999984741211,82053763
2026-01-28,29.81999969482422,30.020000457763672,29.440000534057617,29.5,60084154
2026-01-29,29.959999084472656,30.5,29.860000610351562,29.979999542236328,71720644
2026-01-30,29.059999465942383,29.959999084472656,28.799999237060547,29.920000076293945,58323273
2026-02-02,29.239999771118164,29.520000457763672,27.700000762939453,28.459999084472656,57192982
2026-02-03,30.280000686645508,30.700000762939453,29.280000686645508,29.31999969482422,78242151
2026-02-04,30.0,30.600000381469727,29.700000762939453,30.520000457763672,75889133
2026-02-05,29.639999389648438,30.360000610351562,29.3799991607666,29.899999618530273,74816050
2026-02-06,29.420000076293945,29.639999389648438,28.739999771118164,29.440000534057617,54266814
2026-02-09,30.200000762939453,30.31999969482422,29.920000076293945,30.0,50759919
2026-02-10,30.360000610351562,30.420000076293945,29.920000076293945,30.200000762939453,50145855
2026-02-11,31.079999923706055,31.360000610351562,29.81999969482422,30.040000915527344,69691525
2026-02-12,31.420000076293945,31.600000381469727,30.799999237060547,31.100000381469727,66969135
2026-02-13,31.5,32.0,31.020000457763672,31.559999465942383,71917239
2026-02-16,31.979999542236328,32.65999984741211,31.84000015258789,32.0,60524936
2026-02-17,31.780000686645508,32.040000915527344,31.399999618530273,31.799999237060547,35494645
2026-02-18,31.739999771118164,33.279998779296875,31.5,31.700000762939453,117500114
2026-02-19,30.540000915527344,32.02000045776367,30.299999237060547,31.959999084472656,34199861
2026-02-20,30.600000381469727,31.139999389648438,30.18000030517578,30.459999084472656,45559186
2026-02-23,32.060001373291016,32.2400016784668,31.1200008392334,31.399999618530273,51030692
2026-02-24,32.52000045776367,32.63999938964844,30.600000381469727,31.84000015258789,112309685
2026-02-25,31.260000228881836,32.86000061035156,31.059999465942383,32.70000076293945,80907933
2026-02-26,31.739999771118164,32.08000183105469,31.040000915527344,31.079999923706055,48343715
2026-02-27,32.52000045776367,32.97999954223633,31.719999313354492,31.979999542236328,93143240
2026-03-02,32.41999816894531,32.7400016784668,30.200000762939453,30.200000762939453,41123787
2026-03-03,29.540000915527344,32.31999969482422,29.5,32.220001220703125,40445958
2026-03-04,30.059999465942383,30.639999389648438,29.0,29.540000915527344,43067670
2026-03-05,30.639999389648438,31.219999313354492,30.31999969482422,30.34000015258789,30544110
2026-03-06,29.479999542236328,30.899999618530273,29.280000686645508,30.139999389648438,22821149
2026-03-09,29.700000762939453,30.459999084472656,28.5,28.6200008392334,43021625
2026-03-10,31.440000534057617,31.739999771118164,30.31999969482422,30.5,36939447
2026-03-11,30.920000076293945,31.81999969482422,30.200000762939453,31.639999389648438,32088806
2026-03-12,30.299999237060547,31.260000228881836,30.1200008392334,30.68000030517578,41393432
2026-03-13,29.5,30.239999771118164,29.0,30.139999389648438,31718128
2026-03-16,30.020000457763672,30.15999984741211,29.3799991607666,29.780000686645508,29485350
2026-03-17,31.219999313354492,31.739999771118164,30.040000915527344,30.040000915527344,43022709
2026-03-18,30.139999389648438,31.559999465942383,29.940000534057617,31.280000686645508,42330419
2026-03-19,29.399999618530273,29.959999084472656,29.399999618530273,29.700000762939453,15594438
2026-03-23,30.299999237060547,30.420000076293945,28.260000228881836,29.0,57634234
2026-03-24,29.280000686645508,30.34000015258789,29.219999313354492,30.139999389648438,27019404
2026-03-25,29.440000534057617,29.940000534057617,29.299999237060547,29.739999771118164,31083484
2026-03-26,28.920000076293945,30.020000457763672,28.84000015258789,29.299999237060547,54795355
2026-03-27,29.399999618530273,29.399999618530273,28.440000534057617,29.0,43317250
2026-03-30,29.1200008392334,29.739999771118164,28.979999542236328,29.34000015258789,32065153
2026-03-31,30.899999618530273,31.219999313354492,29.059999465942383,29.1200008392334,92692137
2026-04-01,32.08000183105469,32.400001525878906,31.280000686645508,31.520000457763672,47005436
2026-04-02,31.68000030517578,32.20000076293945,30.84000015258789,31.360000610351562,34080204
2026-04-03,31.899999618530273,32.439998626708984,31.100000381469727,31.799999237060547,60009252
2026-04-06,34.13999938964844,34.5,32.29999923706055,32.5,80695562
2026-04-07,33.439998626708984,34.459999084472656,33.380001068115234,33.959999084472656,47649413
2026-04-08,34.380001068115234,35.18000030517578,34.0,34.91999816894531,56594889
2026-04-09,36.68000030517578,37.79999923706055,34.34000015258789,34.380001068115234,130463538
2026-04-10,36.099998474121094,39.2400016784668,35.84000015258789,36.720001220703125,182921956
2026-04-13,36.099998474121094,36.63999938964844,35.68000030517578,35.84000015258789,67966409
2026-04-14,35.400001525878906,36.84000015258789,35.220001220703125,36.400001525878906,69429886
2026-04-15,36.459999084472656,36.84000015258789,35.36000061035156,35.52000045776367,71802721
2026-04-16,35.720001220703125,37.02000045776367,35.540000915527344,36.84000015258789,66090294
2026-04-17,36.900001525878906,37.13999938964844,35.79999923706055,35.900001525878906,93132003
2026-04-20,36.70000076293945,37.47999954223633,36.439998626708984,36.68000030517578,72974001
2026-04-21,36.099998474121094,37.52000045776367,36.040000915527344,36.97999954223633,55582449
2026-04-22,36.15999984741211,36.619998931884766,35.5,36.459999084472656,58169974
2026-04-24,36.86000061035156,36.880001068115234,35.7400016784668,36.20000076293945,47938268
2026-04-27,36.900001525878906,37.79999923706055,36.619998931884766,37.5,51904780
2026-04-28,36.84000015258789,37.36000061035156,36.52000045776367,36.86000061035156,46549065
2026-04-29,37.70000076293945,38.08000183105469,37.0,37.0,78487108
2026-04-30,38.52000045776367,39.2599983215332,37.400001525878906,37.70000076293945,74492569
2026-05-04,39.08000183105469,39.2599983215332,37.040000915527344,38.70000076293945,83032013
2026-05-05,40.279998779296875,40.58000183105469,39.060001373291016,39.08000183105469,71284911
2026-05-06,39.900001525878906,40.900001525878906,39.380001068115234,40.599998474121094,92854592
2026-05-07,39.79999923706055,40.619998931884766,39.560001373291016,40.29999923706055,38812067
2026-05-08,40.52000045776367,40.7400016784668,39.560001373291016,39.81999969482422,56741705
2026-05-11,44.15999984741211,44.560001373291016,40.91999816894531,41.0,146772620
2026-05-12,44.91999816894531,47.0,43.119998931884766,43.880001068115234,146778647
2026-05-13,42.7599983215332,45.599998474121094,40.70000076293945,45.34000015258789,97818795
2026-05-14,42.79999923706055,44.220001220703125,42.279998779296875,42.5,77540234
2026-05-15,41.97999954223633,43.220001220703125,41.47999954223633,42.68000030517578,61252248
2026-05-18,39.20000076293945,41.97999954223633,39.18000030517578,41.380001068115234,70664464
2026-05-20,40.20000076293945,40.52000045776367,38.15999984741211,39.08000183105469,65602803
2026-05-21,37.47999954223633,40.34000015258789,37.47999954223633,40.0,51488021
2026-05-22,40.880001068115234,41.099998474121094,36.5,36.5,73312497
2026-05-25,40.02000045776367,42.7400016784668,39.86000061035156,40.599998474121094,70005547
2026-05-26,39.7400016784668,40.63999938964844,39.7400016784668,40.220001220703125,23925012
2026-05-27,39.7400016784668,39.7400016784668,39.7400016784668,39.7400016784668,0
2026-05-28,39.7400016784668,39.7400016784668,39.7400016784668,39.7400016784668,0
2026-05-29,39.7400016784668,39.7400016784668,39.7400016784668,39.7400016784668,0
2026-06-01,40.58000183105469,41.41999816894531,39.720001220703125,39.939998626708984,57257800
2026-06-02,41.02000045776367,41.459999084472656,40.52000045776367,40.939998626708984,59568437
2026-06-03,40.47999954223633,42.20000076293945,40.36000061035156,41.02000045776367,64049568
2026-06-04,39.599998474121094,41.459999084472656,38.79999923706055,40.68000030517578,61141769
2026-06-05,39.0,39.7599983215332,38.720001220703125,39.619998931884766,34997890
2026-06-08,39.0,39.2599983215332,38.2599983215332,38.560001373291016,37458438
2026-06-09,39.08000183105469,40.70000076293945,38.459999084472656,39.18000030517578,85896515
2026-06-10,38.08000183105469,39.5,38.040000915527344,39.040000915527344,45728395
2026-06-11,38.560001373291016,39.34000015258789,37.900001525878906,38.20000076293945,52718579
2026-06-12,39.34000015258789,40.91999816894531,38.70000076293945,39.20000076293945,81689232
2026-06-15,41.040000915527344,41.5,39.939998626708984,40.58000183105469,49620185
2026-06-16,40.84000015258789,41.900001525878906,40.63999938964844,41.099998474121094,42828661
2026-06-17,39.41999816894531,41.31999969482422,39.119998931884766,41.15999984741211,63480136
2026-06-18,40.41999816894531,40.79999923706055,39.68000030517578,39.70000076293945,47208983
2026-06-19,40.779998779296875,41.439998626708984,39.959999084472656,40.20000076293945,50530519
2026-06-22,41.31999969482422,41.7400016784668,40.63999938964844,40.939998626708984,43943466
2026-06-23,40.0,41.13999938964844,39.720001220703125,40.959999084472656,33932217
2026-06-24,40.599998474121094,41.18000030517578,40.18000030517578,40.380001068115234,51786544
2026-06-25,39.400001525878906,41.29999923706055,39.29999923706055,40.900001525878906,50920533
2026-06-26,40.560001373291016,40.560001373291016,39.220001220703125,39.540000915527344,64467943
2026-06-29,40.119998931884766,41.5,40.08000183105469,41.20000076293945,48435170
2026-06-30,39.79999923706055,41.2400016784668,39.41999816894531,40.119998931884766,68369043
2026-07-01,39.58000183105469,40.20000076293945,38.720001220703125,39.560001373291016,126713854
2026-07-02,39.13999938964844,39.7400016784668,38.52000045776367,39.70000076293945,121650171
2026-07-03,38.7400016784668,39.720001220703125,38.279998779296875,39.13999938964844,66403787
2026-07-06,39.13999938964844,39.599998474121094,38.720001220703125,39.0,60053552
2026-07-07,37.540000915527344,39.41999816894531,37.439998626708984,38.97999954223633,65217324
2026-07-08,36.29999923706055,37.439998626708984,35.7400016784668,37.439998626708984,66346969
2026-07-09,36.52000045776367,37.08000183105469,36.15999984741211,36.599998474121094,39281802
2026-07-10,37.779998779296875,37.81999969482422,36.36000061035156,36.36000061035156,44960647
2026-07-13,38.2400016784668,38.2599983215332,37.099998474121094,37.5,52873474
2026-07-14,40.84000015258789,41.08000183105469,37.939998626708984,38.29999923706055,69171346
2026-07-16,42.47999954223633,42.540000915527344,40.779998779296875,41.0,53797102
2026-07-17,42.7599983215332,43.0,41.08000183105469,42.29999923706055,51976724
2026-07-20,44.79999923706055,45.099998474121094,42.65999984741211,42.81999969482422,79304177
2026-07-21,43.7400016784668,45.02000045776367,43.540000915527344,44.79999923706055,51960288
2026-07-22,41.959999084472656,44.02000045776367,41.400001525878906,43.79999923706055,60969807
2026-07-23,42.15999984741211,43.880001068115234,41.70000076293945,41.959999084472656,110256994
2026-07-24,42.20000076293945,43.34000015258789,41.7400016784668,42.2400016784668,58165696
2026-07-27,42.34000015258789,43.18000030517578,42.13999938964844,43.0,33325932
2026-07-28,42.400001525878906,43.08000183105469,41.959999084472656,42.34000015258789,55334627
2026-07-29,41.84000015258789,42.939998626708984,41.459999084472656,42.36000061035156,52737171
2026-07-30,40.880001068115234,41.939998626708984,40.5,41.900001525878906,40246444
2026-08-03,40.220001220703125,41.779998779296875,39.959999084472656,41.560001373291016,58675227
2026-08-04,41.779998779296875,41.779998779296875,39.880001068115234,40.0,47134613
2026-08-05,42.599998474121094,42.65999984741211,41.84000015258789,42.0,44837824
2026-08-06,41.20000076293945,42.81999969482422,41.060001373291016,42.79999923706055,38529285
2026-08-07,39.58000183105469,41.0,38.70000076293945,40.91999816894531,54862973
