Price,Close,High,Low,Open,Volume
2021-08-10,14.39356803894043,14.731157302856445,14.240118980407715,14.669777870178223,11627696
2021-08-11,14.148049354553223,14.454948425292969,14.045748710632324,14.321958541870117,7238539
2021-08-12,14.39356803894043,14.680007934570312,14.209428787231445,14.209428787231445,12592548
2021-08-13,14.485637664794922,14.628857612609863,14.178738594055176,14.41402816772461,7273437
2021-08-16,14.669777870178223,15.027827262878418,14.58793830871582,14.58793830871582,13427208
2021-08-17,14.454948425292969,14.649317741394043,14.4242582321167,14.6083984375,6286059
2021-08-18,14.117359161376953,14.700467109680176,14.086668968200684,14.485637664794922,11344724
2021-08-19,14.178738594055176,14.281039237976074,13.933219909667969,14.025288581848145,8470996
2021-08-20,14.199198722839355,14.281039237976074,14.045748710632324,14.117359161376953,6750801
2021-08-23,14.454948425292969,14.56747817993164,14.321958541870117,14.41402816772461,11947741
2021-08-24,14.833456993103027,14.91529655456543,14.516327857971191,14.526557922363281,11779173
2021-08-25,14.690237998962402,15.048286437988281,14.56747817993164,14.792536735534668,16213633
2021-08-26,14.741387367248535,14.93575668334961,14.649317741394043,14.93575668334961,10891912
2021-08-27,14.454948425292969,14.680007934570312,14.36287784576416,14.628857612609863,9821846
2021-08-31,14.444718360900879,14.6083984375,14.39356803894043,14.536787986755371,5825407
2021-09-01,14.628857612609863,14.833456993103027,14.506097793579102,14.516327857971191,10454506
2021-09-02,14.58793830871582,14.751617431640625,14.485637664794922,14.639087677001953,5080933
2021-09-03,14.506097793579102,14.843687057495117,14.495867729187012,14.59816837310791,9445129
2021-09-06,14.710697174072266,14.731157302856445,14.506097793579102,14.58793830871582,5340504
2021-09-07,14.35264778137207,14.812996864318848,14.321958541870117,14.720927238464355,7377147
2021-09-08,14.332188606262207,14.37310791015625,14.096899032592773,14.37310791015625,5715910
2021-09-09,14.301499366760254,14.37310791015625,14.158279418945312,14.229888916015625,7928805
2021-09-10,13.943449974060059,14.485637664794922,13.943449974060059,14.342418670654297,10109457
2021-09-13,13.9025297164917,14.127589225769043,13.87183952331543,13.994600296020508,11779671
2021-09-14,13.912759780883789,14.076438903808594,13.9025297164917,13.953680038452148,8122315
2021-09-15,13.636550903320312,13.922989845275879,13.636550903320312,13.912759780883789,8676842
2021-09-16,13.912759780883789,13.912759780883789,13.626320838928223,13.708160400390625,9343843
2021-09-17,14.4242582321167,14.618627548217773,13.943449974060059,13.943449974060059,23514422
2021-09-20,14.137819290161133,14.547018051147461,14.015059471130371,14.4242582321167,21318570
2021-09-21,14.240118980407715,14.465177536010742,14.240118980407715,14.281039237976074,15221280
2021-09-22,14.700467109680176,14.710697174072266,14.168508529663086,14.321958541870117,18687179
2021-09-23,14.58793830871582,14.884607315063477,14.465177536010742,14.700467109680176,16680213
2021-09-24,14.680007934570312,14.976676940917969,14.465177536010742,14.485637664794922,18831407
2021-09-27,15.365415573120117,15.42679500579834,14.761846542358398,14.894837379455566,26933332
2021-09-28,15.713234901428223,15.784844398498535,15.201736450195312,15.344956398010254,20255703
2021-09-29,15.65185546875,15.876914024353027,15.580245018005371,15.784844398498535,9758742
2021-09-30,15.928064346313477,16.030363082885742,15.63139533996582,15.63139533996582,12298133
2021-10-01,15.95875358581543,16.061054229736328,15.692774772644043,15.805303573608398,8451099
2021-10-04,15.508634567260742,16.234962463378906,15.498405456542969,16.142892837524414,11710287
2021-10-05,15.784844398498535,15.897374153137207,15.44725513458252,15.4677152633667,7659547
2021-10-06,15.293806076049805,15.784844398498535,15.171046257019043,15.784844398498535,9050934
2021-10-07,15.375645637512207,15.508634567260742,15.304036140441895,15.44725513458252,8056635
2021-10-08,15.43702507019043,15.662084579467773,15.355186462402344,15.477945327758789,8614198
2021-10-11,15.846223831176758,15.95875358581543,15.40633487701416,15.498405456542969,8015800
2021-10-12,15.784844398498535,16.061054229736328,15.662084579467773,15.815533638000488,8332931
2021-10-13,15.938294410705566,16.122432708740234,15.805303573608398,15.887144088745117,9053540
2021-10-14,16.163352966308594,16.224733352661133,15.784844398498535,15.876914024353027,9470892
2021-10-15,16.61347198486328,16.746461868286133,16.204273223876953,16.204273223876953,15501798
2021-10-18,16.398643493652344,16.705541610717773,16.204273223876953,16.644161224365234,11709442
2021-10-19,16.71577262878418,16.858991622924805,16.347492218017578,16.449792861938477,14737617
2021-10-20,16.02013397216797,16.899911880493164,16.009904861450195,16.787382125854492,15769175
2021-10-21,16.081514358520508,16.204273223876953,15.672314643859863,16.101972579956055,9358971
2021-10-22,16.09174346923828,16.245193481445312,15.938294410705566,16.194042205810547,7364190
2021-10-25,16.04059410095215,16.15312385559082,15.917834281921387,16.009904861450195,6256313
2021-10-26,16.204273223876953,16.316802978515625,16.101972579956055,16.122432708740234,8766867
2021-10-27,16.265653610229492,16.511171340942383,16.061054229736328,16.265653610229492,10129574
2021-10-28,16.296342849731445,16.429332733154297,16.245193481445312,16.30657386779785,3765885
2021-11-01,16.470251083374023,16.777151107788086,16.378183364868164,16.378183364868164,7888013
2021-11-02,16.6953125,16.787382125854492,16.470251083374023,16.50094223022461,8440610
2021-11-03,17.15566062927246,17.15566062927246,15.907604217529297,16.73623275756836,16395325
2021-11-04,18.188888549804688,18.280956268310547,17.513708114624023,17.534168243408203,31292318
2021-11-05,18.91521453857422,19.10958480834961,18.08658790588379,18.24003791809082,28024909
2021-11-08,19.058435440063477,19.355104446411133,18.526477813720703,18.945905685424805,33594563
2021-11-09,19.662002563476562,19.876832962036133,18.986825942993164,19.10958480834961,23192148
2021-11-10,19.702922821044922,20.07120132446289,19.211885452270508,19.508554458618164,27672376
2021-11-11,19.78476333618164,20.142812728881836,19.641542434692383,19.682462692260742,18139313
2021-11-12,20.26557159423828,20.449710845947266,19.82568359375,19.835912704467773,15421134
2021-11-15,20.746379852294922,20.91006088256836,20.122352600097656,20.326950073242188,17688075
2021-11-16,20.347410202026367,21.482938766479492,20.224651336669922,20.78730010986328,13825826
2021-11-17,20.725919723510742,20.80776023864746,20.337181091308594,20.347410202026367,6472701
2021-11-18,20.664539337158203,20.930519104003906,20.03028106689453,20.7668399810791,11910449
2021-11-19,18.966365814208984,20.88960075378418,18.904985427856445,20.84868049621582,25712805
2021-11-22,19.232345581054688,19.406253814697266,18.91521453857422,19.02774429321289,15314667
2021-11-23,19.518783569335938,19.968902587890625,18.70038604736328,19.22211456298828,30270863
2021-11-24,21.462478637695312,21.462478637695312,19.641542434692383,19.74384307861328,48674156
2021-11-25,20.03028106689453,21.748916625976562,19.989362716674805,21.626157760620117,25050555
2021-11-26,18.06612777709961,19.232345581054688,18.035438537597656,19.191425323486328,36411203
2021-11-29,18.383256912231445,18.516246795654297,17.442100524902344,18.055898666381836,24619850
2021-11-30,18.00474739074707,18.321876525878906,17.748998641967773,18.00474739074707,22915041
2021-12-01,18.9356746673584,19.477863311767578,18.1581974029541,18.229806900024414,43609195
2021-12-02,18.62877655029297,19.252803802490234,18.516246795654297,19.02774429321289,17081358
2021-12-03,19.017515182495117,19.897293090820312,18.945905685424805,19.078895568847656,28362011
2021-12-06,19.324413299560547,19.375564575195312,18.925445556640625,19.15050506591797,14147997
2021-12-07,19.754072189331055,20.183731079101562,19.702922821044922,19.897293090820312,18410785
2021-12-08,20.5008602142334,20.80776023864746,19.856372833251953,19.95867156982422,44473968
2021-12-09,21.462478637695312,22.30133628845215,20.582700729370117,20.7668399810791,45043203
2021-12-10,21.421558380126953,22.15811538696289,20.950979232788086,21.605697631835938,27772625
2021-12-13,21.25787925720215,21.93305778503418,21.11465835571289,21.442018508911133,21255378
2021-12-14,20.971439361572266,21.462478637695312,20.746379852294922,21.278339385986328,22883970
2021-12-15,21.360177993774414,22.11719512939453,21.11465835571289,21.17603874206543,29848482
2021-12-16,22.096736907958984,22.17857551574707,21.21695899963379,21.687538146972656,21854857
2021-12-17,19.897293090820312,23.22203254699707,19.897293090820312,22.608234405517578,22749605
2021-12-20,19.232345581054688,20.705459594726562,17.943368911743164,19.43694305419922,11670761
2021-12-21,17.902448654174805,20.28603172302246,17.442100524902344,20.05074119567871,8361793
2021-12-22,17.02267074584961,18.280956268310547,17.012441635131836,17.902448654174805,12701639
2021-12-23,16.899911880493164,17.8922176361084,16.408872604370117,17.595548629760742,9760707
2021-12-24,18.39348793029785,18.39348793029785,16.98175048828125,17.278419494628906,11989017
2021-12-27,17.98428726196289,18.82314682006836,17.943368911743164,18.39348793029785,11333805
2021-12-28,17.65692901611328,18.280956268310547,17.298879623413086,18.209346771240234,6547003
2021-12-29,18.04566764831543,18.270727157592773,17.17612075805664,17.54439926147461,9833464
2021-12-30,17.421640396118164,18.352567672729492,17.237499237060547,18.17865753173828,7712250
2021-12-31,17.380720138549805,17.96382713317871,17.227270126342773,17.595548629760742,6632047
2022-01-03,18.373027801513672,18.475326538085938,17.329570770263672,17.56485939025879,9580931
2022-01-04,19.498323440551758,19.917753219604492,18.76176643371582,18.7822265625,17896400
2022-01-05,20.296260833740234,20.541780471801758,19.28349494934082,19.477863311767578,12819352
2022-01-06,20.869140625,21.11465835571289,20.060972213745117,20.183731079101562,9740325
2022-01-07,20.664539337158203,21.360177993774414,20.21442222595215,21.25787925720215,9323545
2022-01-10,21.646617889404297,22.362716674804688,20.82822036743164,20.82822036743164,13957684
2022-01-11,21.605697631835938,22.26041603088379,21.15557861328125,22.055816650390625,11779872
2022-01-12,21.339719772338867,21.994436264038086,21.319259643554688,21.91259765625,8795900
2022-01-13,21.687538146972656,22.21949577331543,21.15557861328125,21.298799514770508,20328826
2022-01-14,21.564777374267578,22.096736907958984,21.278339385986328,21.707996368408203,10746110
2022-01-17,21.605697631835938,22.13765525817871,21.52385711669922,21.728456497192383,7981572
2022-01-18,20.03028106689453,21.585237503051758,19.641542434692383,21.564777374267578,9255168
2022-01-19,20.26557159423828,20.562240600585938,19.559703826904297,20.05074119567871,14522333
2022-01-20,20.234882354736328,20.84868049621582,19.621082305908203,20.644081115722656,12276951
2022-01-21,20.03028106689453,20.439481735229492,19.856372833251953,20.09166145324707,7120968
2022-01-24,18.485557556152344,20.316720962524414,18.454866409301758,20.09166145324707,13560058
2022-01-25,18.690156936645508,18.894756317138672,18.12750816345215,18.62877655029297,7584459
2022-01-26,19.907522201538086,20.204191207885742,18.70038604736328,18.70038604736328,12936752
2022-01-27,21.89213752746582,21.89213752746582,19.426713943481445,19.43694305419922,31668267
2022-01-28,21.87167739868164,23.140193939208984,21.646617889404297,22.014896392822266,30643587
2022-01-31,22.055816650390625,22.812833786010742,21.728456497192383,22.56731414794922,17999665
2022-02-01,21.646617889404297,22.403635025024414,21.380638122558594,22.342256546020508,8860709
2022-02-02,21.13511848449707,21.85121726989746,21.07373809814453,21.728456497192383,6829530
2022-02-03,20.684999465942383,21.462478637695312,20.48040008544922,21.07373809814453,7362098
2022-02-04,20.7668399810791,20.950979232788086,20.449710845947266,20.7668399810791,7302586
2022-02-07,21.421558380126953,21.482938766479492,20.2451114654541,20.746379852294922,12597352
2022-02-08,21.278339385986328,21.585237503051758,21.13511848449707,21.421558380126953,8876672
2022-02-09,22.076276779174805,22.403635025024414,21.442018508911133,21.503398895263672,13078776
2022-02-10,21.85121726989746,22.26041603088379,21.687538146972656,22.055816650390625,6923983
2022-02-11,22.014896392822266,22.17857551574707,21.17603874206543,21.748916625976562,9723913
2022-02-14,21.25787925720215,21.707996368408203,20.88960075378418,21.442018508911133,9745257
2022-02-15,22.096736907958984,22.096736907958984,21.19649887084961,21.360177993774414,10071011
2022-02-16,22.710535049438477,22.771913528442383,21.93305778503418,22.055816650390625,11090896
2022-02-17,22.096736907958984,23.099273681640625,22.076276779174805,22.751453399658203,18000950
2022-02-18,22.56731414794922,22.56731414794922,22.055816650390625,22.26041603088379,9097606
2022-02-21,22.505935668945312,23.32433319091797,22.26041603088379,22.730995178222656,13643303
2022-02-22,22.19903564453125,22.710535049438477,21.5443172454834,21.85121726989746,10042423
2022-02-23,21.89213752746582,22.792373657226562,21.89213752746582,22.424095153808594,14425505
2022-02-24,19.702922821044922,20.224651336669922,19.702922821044922,19.76430320739746,7702162
2022-02-25,20.562240600585938,21.09419822692871,18.884525299072266,19.84614372253418,21561405
2022-02-28,19.13004493713379,20.275802612304688,19.13004493713379,20.275802612304688,12513975
2022-03-01,18.434406280517578,19.917753219604492,18.076358795166016,19.43694305419922,24633081
2022-03-02,18.536706924438477,18.864065170288086,18.137737274169922,18.454866409301758,22787298
2022-03-03,18.58785629272461,18.864065170288086,18.373027801513672,18.80268669128418,13691480
2022-03-04,18.168428421020508,18.58785629272461,18.168428421020508,18.58785629272461,6911442
2022-03-07,17.452329635620117,17.881988525390625,17.04313087463379,17.881988525390625,23568205
2022-03-08,17.094280242919922,17.6364688873291,17.04313087463379,17.165889739990234,20990343
2022-03-09,17.67738914489746,18.06612777709961,17.390949249267578,17.390949249267578,22264516
2022-03-10,17.554628372192383,18.17865753173828,17.493249893188477,18.00474739074707,17199052
2022-03-11,18.270727157592773,18.4139461517334,17.50347900390625,17.595548629760742,19351194
2022-03-14,18.731075286865234,19.078895568847656,18.39348793029785,18.39348793029785,12633594
2022-03-15,19.017515182495117,19.181194305419922,18.434406280517578,18.731075286865234,17879342
2022-03-16,19.396024703979492,19.559703826904297,19.08912467956543,19.334644317626953,17762157
2022-03-17,19.518783569335938,19.774532318115234,19.426713943481445,19.641542434692383,8756843
2022-03-18,19.396024703979492,19.682462692260742,19.314184188842773,19.518783569335938,9243120
2022-03-21,19.43694305419922,19.63131332397461,19.334644317626953,19.549474716186523,7695222
2022-03-22,19.63131332397461,19.641542434692383,19.375564575195312,19.43694305419922,10746443
2022-03-23,19.74384307861328,20.05074119567871,19.477863311767578,19.74384307861328,15439501
2022-03-24,19.488094329833984,19.86660385131836,19.447174072265625,19.74384307861328,8286602
2022-03-25,19.529014587402344,19.65177345275879,19.467634201049805,19.498323440551758,6318405
2022-03-28,19.876832962036133,20.05074119567871,19.69269371032715,19.69269371032715,16101131
2022-03-29,21.13511848449707,21.626157760620117,19.999591827392578,19.999591827392578,34630920
2022-03-30,21.89213752746582,21.91259765625,20.78730010986328,21.21695899963379,16774109
2022-03-31,22.035356521606445,22.465015411376953,21.564777374267578,21.789836883544922,17990857
2022-04-01,21.89213752746582,22.505935668945312,21.707996368408203,22.096736907958984,9863816
2022-04-04,22.035356521606445,22.15811538696289,21.687538146972656,21.93305778503418,11198467
2022-04-05,22.21949577331543,22.690074920654297,21.93305778503418,22.13765525817871,20100458
2022-04-06,22.014896392822266,22.424095153808594,21.89213752746582,22.28087615966797,9167435
2022-04-07,22.19903564453125,22.26041603088379,21.95351791381836,22.13765525817871,7719024
2022-04-08,22.383176803588867,22.730995178222656,22.26041603088379,22.342256546020508,10981678
2022-04-11,24.01997184753418,24.34733009338379,22.23995590209961,22.383176803588867,28894750
2022-04-12,25.124807357788086,25.28848648071289,23.876750946044922,24.01997184753418,29893096
2022-04-13,24.9406681060791,25.67722511291504,24.429170608520508,25.165727615356445,19505945
2022-04-14,24.9406681060791,25.574926376342773,24.858827590942383,25.43170738220215,12774699
2022-04-15,25.06342887878418,25.554466247558594,24.817909240722656,24.98158836364746,8801921
2022-04-18,25.165727615356445,25.554466247558594,24.9406681060791,25.32940673828125,10159427
2022-04-19,25.881826400756836,26.188724517822266,25.24756622314453,25.26802635192871,26804133
2022-04-20,25.574926376342773,26.04550552368164,25.165727615356445,25.902284622192383,13092525
2022-04-21,26.39332389831543,26.495624542236328,25.41124725341797,25.615846633911133,13833030
2022-04-22,27.661840438842773,28.37793731689453,26.02504539489746,26.29102325439453,28191713
2022-04-25,26.659303665161133,27.845979690551758,26.41378402709961,27.702760696411133,20145458
2022-04-26,26.147804260253906,28.11195945739746,25.759065628051758,27.007122039794922,22983051
2022-04-27,27.211721420288086,27.293561935424805,25.738605499267578,26.45470428466797,17437640
2022-04-28,27.620920181274414,28.296098709106445,27.211721420288086,27.45724105834961,13217173
2022-04-29,27.35494041442871,28.09149932861328,27.15034294128418,27.620920181274414,13333816
2022-05-05,27.580001831054688,28.0710391998291,27.45724105834961,27.702760696411133,10924522
2022-05-06,27.273101806640625,27.600460052490234,26.843442916870117,27.580001831054688,9465569
2022-05-09,27.35494041442871,27.8050594329834,27.007122039794922,27.273101806640625,9939422
2022-05-10,27.15034294128418,27.600460052490234,26.925283432006836,27.49816131591797,2811523
2022-05-11,25.452167510986328,26.597923278808594,25.206647872924805,26.597923278808594,13720176
2022-05-12,25.452167510986328,25.493087768554688,24.36779022216797,25.452167510986328,14061227
2022-05-13,25.861366271972656,26.35240364074707,25.493087768554688,25.861366271972656,11324093
2022-05-16,25.922744750976562,26.37286376953125,25.67722511291504,25.861366271972656,7986239
2022-05-17,26.597923278808594,26.74114227294922,25.820446014404297,26.00458526611328,9413775
2022-05-18,27.170801162719727,27.41632080078125,26.127344131469727,26.597923278808594,10398035
2022-05-20,26.945741653442383,27.41632080078125,26.945741653442383,27.191261291503906,5580406
2022-05-23,26.986661911010742,27.37540054321289,26.536544799804688,27.191261291503906,6200687
2022-05-24,26.47516441345215,27.252641677856445,26.37286376953125,26.986661911010742,4415310
2022-05-25,26.7616024017334,26.863903045654297,26.250104904174805,26.577463150024414,4542490
2022-05-26,27.191261291503906,27.33448028564453,26.74114227294922,26.7616024017334,8086044
2022-05-27,27.41632080078125,27.825519561767578,27.191261291503906,27.273101806640625,8884341
2022-05-30,29.58507537841797,30.076114654541016,27.78459930419922,27.825519561767578,23028193
2022-05-31,29.19633674621582,29.932893753051758,28.664377212524414,29.769214630126953,11070960
2022-06-01,28.950817108154297,29.56461524963379,28.82805633544922,29.216796875,6615937
2022-06-02,29.278175354003906,29.60553550720215,28.80759620666504,29.032657623291016,7617763
2022-06-03,28.643917083740234,29.52369499206543,28.643917083740234,29.360015869140625,5143675
2022-06-06,29.789674758911133,29.973814010620117,28.950817108154297,28.950817108154297,12027517
2022-06-07,32.30624771118164,32.38808822631836,29.666915893554688,30.1579532623291,17289428
2022-06-08,31.876588821411133,34.47500228881836,31.712909698486328,32.96096420288086,19993170
2022-06-09,35.04787826538086,35.04787826538086,32.01980972290039,32.490386962890625,18937815
2022-06-10,34.249942779541016,36.43915557861328,34.249942779541016,35.04787826538086,37532042
2022-06-13,33.902122497558594,35.45707702636719,33.75890350341797,34.290863037109375,17462039
2022-06-14,34.12718200683594,34.72052001953125,33.452003479003906,34.37269973754883,11368639
2022-06-15,35.232017517089844,35.41615676879883,33.145103454589844,34.1681022644043,20626789
2022-06-16,35.41615676879883,36.09133529663086,34.84328079223633,35.293399810791016,16380129
2022-06-17,35.334320068359375,35.661678314208984,34.51592254638672,35.579837799072266,14210299
2022-06-20,38.17824935913086,38.4033088684082,35.45707702636719,36.009498596191406,21232675
2022-06-21,38.15779113769531,39.89688491821289,37.789512634277344,38.19871139526367,20028214
2022-06-22,38.362388610839844,39.20124816894531,38.05549240112305,38.26008987426758,14082669
2022-06-23,37.15525436401367,38.710208892822266,37.15525436401367,38.44422912597656,9926338
2022-06-24,37.564453125,37.93273162841797,35.64121627807617,37.44169235229492,17660812
2022-06-27,37.339393615722656,37.339393615722656,37.339393615722656,37.339393615722656,47507
2022-06-28,36.11179733276367,38.54652786254883,36.09133529663086,38.464691162109375,9863473
2022-06-29,34.39316177368164,36.295936584472656,34.39316177368164,36.21409606933594,10680338
2022-06-30,34.98649978637695,35.55937957763672,33.779361724853516,34.41361999511719,11605473
2022-07-01,37.64629364013672,37.707672119140625,35.15018081665039,35.37523651123047,13346758
2022-07-04,36.93019485473633,38.60791015625,36.52099609375,38.26008987426758,9248618
2022-07-05,36.3163948059082,37.23709487915039,35.60029983520508,37.01203536987305,10556882
2022-07-06,37.564453125,38.096412658691406,36.336856842041016,36.52099609375,11219352
2022-07-07,37.01203536987305,37.994110107421875,36.88927459716797,37.625831604003906,7592255
2022-07-08,36.72559356689453,37.50307083129883,36.705135345458984,37.13479232788086,3555870
2022-07-13,36.72559356689453,37.89181137084961,36.35731506347656,37.032493591308594,9461366
2022-07-14,36.13225555419922,37.11433410644531,35.825355529785156,36.746055603027344,7180118
2022-07-18,37.032493591308594,37.21663284301758,36.35731506347656,36.68467330932617,7782583
2022-07-19,37.912269592285156,38.01457214355469,36.868812561035156,37.032493591308594,10348270
2022-07-20,37.64629364013672,38.56698989868164,37.380313873291016,38.19871139526367,7962515
2022-07-21,36.35731506347656,37.666751861572266,36.0504150390625,37.64629364013672,14971347
2022-07-22,34.781898498535156,36.705135345458984,34.72052001953125,36.60283660888672,15069089
2022-07-25,34.51592254638672,35.39569854736328,33.47246551513672,34.822818756103516,15977885
2022-07-26,33.9635009765625,34.92512130737305,33.820281982421875,34.88420104980469,8243420
2022-07-27,34.06580352783203,34.495460510253906,33.88166427612305,34.04534149169922,6643885
2022-07-28,34.2294807434082,35.02742004394531,33.9635009765625,34.33177947998047,7357406
2022-07-29,34.35224151611328,34.41361999511719,34.00442123413086,34.39316177368164,6009484
2022-08-01,34.966041564941406,35.06834030151367,34.41361999511719,34.55684280395508,7248583
2022-08-02,35.06834030151367,35.72305679321289,34.67959976196289,35.232017517089844,11597203
2022-08-03,35.49799728393555,36.275474548339844,35.17063903808594,35.252479553222656,11991163
2022-08-04,35.55937957763672,35.989036560058594,35.45707702636719,35.80489730834961,8650767
2022-08-05,35.866275787353516,36.295936584472656,35.45707702636719,35.702598571777344,10620592
2022-08-08,36.009498596191406,36.275474548339844,35.4775390625,36.07087707519531,7314282
2022-08-09,36.72559356689453,37.68721389770508,36.07087707519531,36.15271759033203,18199397
2022-08-10,36.52099609375,37.01203536987305,35.948116302490234,36.7869758605957,9230627
2022-08-11,37.15525436401367,37.40077209472656,36.623294830322266,37.11433410644531,11126718
2022-08-12,36.60283660888672,37.48261260986328,36.50053405761719,37.23709487915039,9561689
2022-08-15,37.40077209472656,37.40077209472656,36.52099609375,36.84835433959961,9749553
2022-08-16,40.510684967041016,40.71528244018555,38.26008987426758,38.464691162109375,39626740
2022-08-17,43.313697814941406,43.6205940246582,40.121944427490234,40.919883728027344,21285520
2022-08-18,44.47991180419922,44.47991180419922,42.37253952026367,43.313697814941406,18648489
2022-08-19,43.66151428222656,46.137168884277344,43.66151428222656,45.011871337890625,13775611
2022-08-22,43.15001678466797,44.336692810058594,42.843116760253906,43.43645477294922,8080218
2022-08-23,42.37253952026367,43.78427505493164,42.29069900512695,43.170475006103516,9228032
2022-08-24,41.492759704589844,43.84565353393555,41.492759704589844,42.39299774169922,21077645
2022-08-25,42.43391799926758,42.72035598754883,41.43138122558594,41.86103820800781,8863827
2022-08-26,41.69736099243164,42.76127624511719,40.94034194946289,42.65897750854492,10005390
2022-08-29,41.90195846557617,41.90195846557617,41.083560943603516,41.73828125,6432584
2022-08-31,42.69989776611328,43.600135803222656,42.249778747558594,42.65897750854492,14682739
2022-09-01,42.14748001098633,43.681976318359375,41.124481201171875,42.65897750854492,11974105
2022-09-02,42.43391799926758,43.06817626953125,42.0451774597168,42.35207748413086,8089949
2022-09-05,44.52083206176758,45.400611877441406,42.76127624511719,42.76127624511719,16596367
2022-09-06,44.88911056518555,45.93256759643555,43.170475006103516,44.70497131347656,15394633
2022-09-07,47.7944221496582,48.899261474609375,44.6026725769043,44.88911056518555,24487279
2022-09-08,49.758575439453125,51.845489501953125,48.08086013793945,48.36730194091797,22962890
2022-09-09,49.3493766784668,51.272613525390625,49.3493766784668,49.77903747558594,13835225
2022-09-12,51.66135025024414,53.66642761230469,49.8199577331543,49.8199577331543,14838190
2022-09-13,49.103858947753906,54.46436309814453,49.103858947753906,52.070552825927734,20282360
2022-09-14,51.49767303466797,51.62043380737305,46.710044860839844,49.16523742675781,12198720
2022-09-15,52.4388313293457,52.80710983276367,51.04755401611328,51.76365280151367,12348691
2022-09-16,52.58205032348633,54.321144104003906,52.13193130493164,52.4388313293457,12077923
2022-09-19,49.513057708740234,53.318607330322266,49.49259948730469,53.19584655761719,5908003
2022-09-20,50.37237548828125,52.54113006591797,49.6153564453125,49.6153564453125,11565248
2022-09-21,48.715118408203125,50.78157424926758,46.54636764526367,50.433753967285156,17188059
2022-09-22,49.63581848144531,50.433753967285156,47.773963928222656,48.715118408203125,11049855
2022-09-23,52.00917053222656,53.727806091308594,50.61789321899414,50.61789321899414,15953095
2022-09-26,50.53605651855469,52.070552825927734,49.942718505859375,52.00917053222656,8804507
2022-09-27,49.73811721801758,52.05009078979492,49.49259948730469,51.231693267822266,11207045
2022-09-28,49.20615768432617,50.20869445800781,48.12178039550781,49.41075897216797,8964810
2022-09-29,48.53097915649414,50.433753967285156,46.95556640625,49.41075897216797,10929860
2022-09-30,48.73558044433594,49.16523742675781,47.24200439453125,48.940181732177734,7638946
2022-10-03,51.927330017089844,52.47975158691406,49.226619720458984,49.41075897216797,16797242
2022-10-04,55.95793914794922,56.28529739379883,52.029632568359375,52.47975158691406,23610512
2022-10-05,57.205997467041016,57.778873443603516,55.95793914794922,56.67403793334961,14910091
2022-10-06,56.0806999206543,57.63565444946289,55.63058090209961,57.615196228027344,12688266
2022-10-07,55.42597961425781,56.67403793334961,54.85310363769531,56.30575942993164,9238579
2022-10-10,55.160003662109375,56.162540435791016,54.38252258300781,55.85564041137695,12339028
2022-10-11,53.91194534301758,56.03977966308594,53.87102508544922,55.54874038696289,9597280
2022-10-12,54.34160232543945,55.487361907958984,53.4822883605957,53.932403564453125,17498622
2022-10-13,56.019317626953125,56.3466796875,54.402984619140625,54.42344284057617,18996227
2022-10-14,59.08831024169922,59.84532928466797,57.103694915771484,57.88117218017578,24160127
2022-10-17,64.53065490722656,64.81709289550781,59.620269775390625,59.7430305480957,22285796
2022-10-18,63.425819396972656,66.39250946044922,62.89385986328125,66.18791198730469,16452065
2022-10-19,65.53319549560547,65.90147399902344,63.63041687011719,63.9577751159668,12847773
2022-10-20,67.57918548583984,68.70448303222656,65.10353088378906,65.63549041748047,15305615
2022-10-21,67.21090698242188,69.62518310546875,67.02677154541016,67.72240447998047,12166471
2022-10-24,66.55619049072266,68.54080200195312,65.92192840576172,68.09068298339844,14263486
2022-10-25,65.47180938720703,67.33366394042969,65.47180938720703,66.78125,14296311
2022-10-26,66.41297149658203,67.927001953125,65.75825500488281,65.88101196289062,12764068
2022-10-27,66.29020690917969,66.92446899414062,64.796630859375,66.55619049072266,10871521
2022-10-28,64.81709289550781,66.33113098144531,63.67133712768555,66.2697525024414,4954603
2022-10-31,65.51273345947266,66.65848541259766,64.24421691894531,65.06261444091797,14680863
2022-11-01,67.19044494628906,67.43596649169922,66.08560943603516,66.29020690917969,12410729
2022-11-02,65.69686889648438,67.33366394042969,65.61502838134766,67.19044494628906,9289464
2022-11-03,71.71209716796875,72.26451110839844,66.14698791503906,66.29020690917969,22145038
2022-11-04,71.40519714355469,72.69417572021484,70.30036163330078,71.75301361083984,20768334
2022-11-07,73.51256561279297,73.81946563720703,71.79393768310547,72.6327896118164,15472932
2022-11-08,77.7477798461914,79.67101287841797,73.06245422363281,74.06498718261719,24195289
2022-11-09,79.99836730957031,81.65562438964844,77.39995574951172,77.7477798461914,20447707
2022-11-10,79.03675079345703,80.95999145507812,78.40249633789062,80.59170532226562,22763217
2022-11-11,77.82962036132812,80.95999145507812,77.52272033691406,79.99836730957031,21992848
2022-11-14,76.8066177368164,77.7477798461914,74.92430877685547,76.66339874267578,18917805
2022-11-15,77.7477798461914,80.01882934570312,77.44087982177734,77.7886962890625,17716033
2022-11-16,75.1902847290039,78.58663177490234,74.88338470458984,77.7477798461914,14169405
2022-11-17,76.2337417602539,78.27973937988281,71.44611358642578,75.1902847290039,11835913
2022-11-18,70.85277557373047,75.57902526855469,68.29528045654297,73.0419921875,65345284
2022-11-21,69.60472106933594,72.6327896118164,68.84770202636719,70.85277557373047,30076170
2022-11-22,70.68909454345703,70.75048065185547,68.74539947509766,70.13668060302734,45571772
2022-11-23,74.98568725585938,75.45626068115234,72.5304946899414,72.6327896118164,47144118
2022-11-24,75.86546325683594,77.2567367553711,75.1698226928711,76.1109848022461,22063337
2022-11-25,77.91145324707031,78.15697479248047,74.37188720703125,75.96776580810547,22447747
2022-11-28,77.29766082763672,79.302734375,76.94983673095703,79.03675079345703,23608615
2022-11-29,79.07767486572266,79.32319641113281,77.03167724609375,78.15697479248047,21141819
2022-11-30,80.20297241210938,81.41011047363281,78.8935317993164,79.8142318725586,21233462
2022-12-01,83.4765625,84.25403594970703,80.93952941894531,81.24642944335938,30077422
2022-12-02,84.60186004638672,85.33841705322266,82.86276245117188,84.09036254882812,23496425
2022-12-05,88.36648559570312,91.45594024658203,82.4740219116211,85.46117401123047,36238588
2022-12-06,86.5455551147461,88.7552261352539,85.48163604736328,88.36648559570312,16636098
2022-12-07,85.68623352050781,89.2667236328125,83.27196502685547,86.709228515625,20061161
2022-12-08,85.27703857421875,87.1388931274414,84.1108169555664,85.70669555664062,16015343
2022-12-09,90.02374267578125,90.02374267578125,84.92921447753906,85.54301452636719,16503683
2022-12-12,96.95966339111328,98.39186096191406,90.43293762207031,90.43293762207031,18482711
2022-12-13,96.5709228515625,100.82659149169922,96.44816589355469,98.20771789550781,21311502
2022-12-14,96.16172790527344,99.43531799316406,94.11573028564453,96.9801254272461,20148439
2022-12-15,95.20010375976562,99.35347747802734,93.3996353149414,98.20771789550781,20447761
2022-12-16,94.70906829833984,96.69367980957031,94.5249252319336,96.34586334228516,3351456
2022-12-19,99.41485595703125,99.98773193359375,96.12080383300781,96.12080383300781,19047165
2022-12-20,104.18202209472656,105.3277816772461,99.61945343017578,99.61945343017578,26953263
2022-12-21,103.73190307617188,105.9620361328125,102.91350555419922,104.93904113769531,16129591
2022-12-22,101.68590545654297,105.57329559326172,100.49922943115234,104.59122467041016,16009014
2022-12-23,101.95188903808594,102.95442199707031,101.03118896484375,102.50431060791016,10440479
2022-12-26,103.01580810546875,104.07971954345703,102.42247009277344,103.01580810546875,8080414
2022-12-27,103.17948150634766,105.08226013183594,101.93142700195312,103.3636245727539,13382447
2022-12-28,99.43531799316406,103.38408660888672,97.79852294921875,103.3636245727539,17897812
2022-12-29,98.33048248291016,99.92635345458984,96.77552032470703,99.53761291503906,17247361
2022-12-30,98.20771789550781,100.7856674194336,97.90081787109375,99.21025848388672,16579719
2023-01-02,103.09764862060547,103.17948150634766,98.82151794433594,99.0670394897461,15829654
2023-01-03,100.8061294555664,104.05926513671875,100.76521301269531,103.65006256103516,19450031
2023-01-04,98.88289642333984,102.1974105834961,98.6169204711914,101.13349151611328,16245188
2023-01-05,97.69622039794922,100.96981048583984,96.01850128173828,99.43531799316406,19243994
2023-01-06,97.88036346435547,99.04657745361328,90.00328063964844,93.09273529052734,19543281
2023-01-09,95.89574432373047,100.25371551513672,94.4430923461914,98.94427490234375,16012284
2023-01-10,93.05181121826172,96.100341796875,91.57869720458984,95.85482788085938,13990020
2023-01-11,87.56855010986328,95.87528228759766,87.56855010986328,93.62469482421875,17146344
2023-01-12,91.94697570800781,92.47893524169922,85.93175506591797,90.45339965820312,20795391
2023-01-13,95.5888442993164,97.59391784667969,91.08766174316406,91.94697570800781,18071175
2023-01-16,100.6833724975586,101.05165100097656,95.056884765625,96.12080383300781,15755484
2023-01-17,102.99534606933594,103.2408676147461,99.53761291503906,100.7447509765625,15503578
2023-01-18,105.57329559326172,106.39169311523438,103.26132202148438,103.42500305175781,18628430
2023-01-19,107.82389068603516,108.92872619628906,104.65260314941406,105.36869812011719,21834935
2023-01-20,106.80089569091797,108.47860717773438,105.53237915039062,107.9875717163086,10350958
2023-01-23,106.9441146850586,110.25862121582031,105.4505386352539,108.02848815917969,13353386
2023-01-24,105.67559814453125,108.23309326171875,103.13856506347656,106.90319061279297,14798869
2023-01-25,109.35839080810547,109.46068572998047,102.81120300292969,106.80089569091797,25833700
2023-01-26,112.36599731445312,114.06417083740234,106.59629821777344,109.37884521484375,24314668
2023-01-27,111.22024536132812,112.26370239257812,108.02848815917969,111.50668334960938,21196868
2023-01-30,104.16156005859375,111.67035675048828,104.16156005859375,111.36346435546875,15429936
2023-01-31,101.09256744384766,105.02088165283203,99.6399154663086,103.73190307617188,18163424
2023-02-01,98.88289642333984,103.69098663330078,98.78059387207031,101.50177001953125,17429067
2023-02-02,99.61945343017578,102.58614349365234,90.73983764648438,98.90335845947266,27161739
2023-02-03,107.5169906616211,108.35585021972656,98.73967742919922,99.6603775024414,17961840
2023-02-06,104.26386260986328,106.28939819335938,100.76521301269531,102.2997055053711,3949546
2023-02-07,93.8497543334961,103.91604614257812,93.8497543334961,103.91604614257812,12771058
2023-02-08,85.89083099365234,85.89083099365234,85.89083099365234,85.89083099365234,2443
2023-02-15,103.22040557861328,103.22040557861328,99.84451293945312,102.70890808105469,13116137
2023-02-16,98.33048248291016,109.80850219726562,95.77298736572266,108.5809097290039,32876037
2023-02-17,96.95966339111328,100.19232940673828,95.26148986816406,98.33048248291016,13312388
2023-02-20,99.45577239990234,100.39693450927734,95.34333038330078,96.9801254272461,13737688
2023-02-21,96.16172790527344,99.6399154663086,96.16172790527344,98.86243438720703,10420694
2023-02-22,96.36632537841797,98.10541534423828,95.85482788085938,96.22310638427734,9045411
2023-02-23,96.30494689941406,98.92382049560547,95.95712280273438,96.36632537841797,7950008
2023-02-24,97.43024444580078,98.0849609375,96.14126586914062,96.5095443725586,7507308
2023-02-27,101.46085357666016,101.7882080078125,95.24102783203125,97.63484191894531,14123075
2023-02-28,103.91604614257812,104.36615753173828,101.89051055908203,101.95188903808594,30244905
2023-03-01,102.70890808105469,104.63214111328125,102.07464599609375,103.11810302734375,11207510
2023-03-02,100.99027252197266,103.05672454833984,100.7038345336914,102.64752960205078,6812443
2023-03-03,98.73967742919922,101.70636749267578,95.9366683959961,100.96981048583984,10985192
2023-03-06,101.80867004394531,102.56568908691406,98.82151794433594,99.53761291503906,9685404
2023-03-07,106.51445770263672,108.4581527709961,103.8137435913086,105.24594116210938,25663196
2023-03-08,104.95950317382812,108.33538818359375,104.46846008300781,106.28939819335938,12998253
2023-03-09,105.57329559326172,107.5169906616211,105.16410064697266,105.57329559326172,10153313
2023-03-10,103.52730560302734,106.51445770263672,103.52730560302734,105.55284118652344,7775779
2023-03-13,103.09764862060547,104.26386260986328,101.7882080078125,103.73190307617188,6938470
2023-03-14,98.94427490234375,103.58868408203125,98.94427490234375,103.2408676147461,6771876
2023-03-15,100.82659149169922,101.52223205566406,98.6987533569336,99.08749389648438,8189397
2023-03-16,101.56314849853516,101.7882080078125,99.31255340576172,100.88796997070312,7308755
2023-03-17,102.81120300292969,103.8137435913086,100.96981048583984,102.40200805664062,9666963
2023-03-20,98.49415588378906,103.52730560302734,98.39186096191406,102.2997055053711,8084808
2023-03-21,97.36885833740234,99.98773193359375,95.75252532958984,98.51461791992188,8066372
2023-03-22,98.45323944091797,98.90335845947266,97.00057983398438,97.63484191894531,5877739
2023-03-23,99.25117492675781,99.96727752685547,97.88036346435547,98.7192153930664,5336183
2023-03-24,99.04657745361328,100.54015350341797,97.5734634399414,99.43531799316406,5900662
2023-03-27,96.6118392944336,100.04911041259766,96.6118392944336,99.6399154663086,4334132
2023-03-28,92.68353271484375,96.83690643310547,92.47893524169922,96.67322540283203,7235372
2023-03-29,94.9955062866211,95.28194427490234,90.45339965820312,92.68353271484375,7781038
2023-03-30,94.62722778320312,95.44562530517578,93.29733276367188,95.056884765625,6328410
2023-03-31,92.68353271484375,94.11573028564453,92.11065673828125,94.11573028564453,4546533
2023-04-03,93.42008972167969,94.64768981933594,89.2667236328125,92.70399475097656,8333850
2023-04-04,97.83943939208984,98.41231536865234,93.01089477539062,93.56330871582031,8531857
2023-04-05,99.1693344116211,101.56314849853516,98.57599639892578,99.230712890625,11448238
2023-04-06,99.72175598144531,101.35855102539062,98.6169204711914,99.14887237548828,6890728
2023-04-07,99.86497497558594,100.51969146728516,99.27163696289062,99.72175598144531,3373905
2023-04-10,102.97488403320312,103.32270050048828,100.33555603027344,100.56061553955078,7990917
2023-04-11,103.05672454833984,104.12064361572266,102.42247009277344,103.75236511230469,6428723
2023-04-12,103.2408676147461,104.59122467041016,102.68844604492188,103.32270050048828,7123353
2023-04-13,103.60914611816406,105.88019561767578,103.11810302734375,103.9365005493164,9542475
2023-04-14,101.66545104980469,103.91604614257812,101.33808898925781,103.91604614257812,5735568
2023-04-17,99.92635345458984,102.361083984375,99.230712890625,102.2997055053711,5657953
2023-04-18,99.6399154663086,101.03118896484375,98.90335845947266,99.92635345458984,4268658
2023-04-19,98.5964584350586,100.04911041259766,97.88036346435547,99.6399154663086,4748493
2023-04-20,98.6169204711914,99.1693344116211,97.63484191894531,98.55553436279297,1600884
2023-04-24,98.67829895019531,99.7422103881836,98.43277740478516,98.82151794433594,4077020
2023-04-25,96.36632537841797,98.88289642333984,95.67068481445312,98.80105590820312,4436601
2023-04-26,94.17710876464844,97.18472290039062,93.09273529052734,96.36632537841797,7170514
2023-04-27,92.47893524169922,94.64768981933594,91.80375671386719,94.17710876464844,7683330
2023-04-28,90.78076171875,93.15411376953125,89.40994262695312,92.3357162475586,6275477
2023-05-02,88.61200714111328,91.45594024658203,87.97774505615234,90.883056640625,5940437
2023-05-03,86.48416900634766,89.59408569335938,85.0519790649414,89.00074768066406,7028729
2023-05-04,88.81660461425781,90.51477813720703,86.27957153320312,86.48416900634766,6110227
2023-05-05,89.59408569335938,90.43293762207031,87.60946655273438,88.83706665039062,4330681
2023-05-08,91.64007568359375,92.31525421142578,86.34095001220703,90.8421401977539,5136114
2023-05-09,87.97774505615234,93.07227325439453,87.93682861328125,91.64007568359375,7500490
2023-05-10,86.81153106689453,89.00074768066406,86.709228515625,88.796142578125,4571728
2023-05-11,92.70399475097656,94.19757080078125,85.82945251464844,86.17727661132812,15276246
2023-05-12,88.7552261352539,93.78836822509766,87.62992858886719,92.88813018798828,10708476
2023-05-15,82.98551940917969,89.3281021118164,82.45356750488281,83.88575744628906,7882867
2023-05-16,88.85752868652344,89.71684265136719,83.4765625,83.4765625,13238107
2023-05-17,90.3101806640625,91.45594024658203,88.81660461425781,89.08258819580078,9122225
2023-05-18,86.5455551147461,90.73983764648438,86.17727661132812,90.22834014892578,6773113
2023-05-22,85.29749298095703,88.34602355957031,84.49955749511719,87.34349060058594,8842195
2023-05-23,84.49955749511719,86.01359558105469,84.49955749511719,85.31795501708984,4140764
2023-05-24,83.16966247558594,85.35887908935547,83.16966247558594,84.60186004638672,4000397
2023-05-25,83.16966247558594,84.90876007080078,82.65816497802734,83.33334350585938,4603468
2023-05-26,88.48925018310547,89.71684265136719,83.37425994873047,83.37425994873047,9578248
2023-05-29,93.05181121826172,94.50447082519531,90.8216781616211,90.8216781616211,9176746
2023-05-30,95.13872528076172,96.73460388183594,93.27687072753906,94.5249252319336,9616288
2023-05-31,93.87020874023438,96.44816589355469,92.58123779296875,95.09780883789062,10488392
2023-06-01,94.85228729248047,96.12080383300781,94.15664672851562,94.29987335205078,8003400
2023-06-02,98.0235824584961,98.5964584350586,95.9366683959961,96.93920135498047,10045781
2023-06-05,106.90319061279297,107.74205017089844,100.82659149169922,100.82659149169922,19305675
2023-06-06,107.80342864990234,108.64228820800781,105.22547912597656,106.90319061279297,13378420
2023-06-07,111.81358337402344,114.75981140136719,110.32000732421875,110.34046173095703,12368349
2023-06-08,110.77012634277344,112.59105682373047,108.94918823242188,111.7112808227539,8122701
2023-06-09,118.70858001708984,119.19961547851562,110.0949478149414,112.2227783203125,17633628
2023-06-12,121.92079162597656,127.85417175292969,118.97456359863281,119.11778259277344,22039461
2023-06-13,117.03086853027344,121.92079162597656,116.00786590576172,121.90032958984375,12629899
2023-06-14,117.17408752441406,120.01802062988281,115.3122329711914,117.03086853027344,13400033
2023-06-15,120.099853515625,121.041015625,117.17408752441406,117.70603942871094,13841310
2023-06-16,120.5704345703125,122.98471069335938,119.69065856933594,120.48859405517578,9091912
2023-06-19,116.04878997802734,123.84402465820312,116.04878997802734,120.5704345703125,14124273
2023-06-20,113.14347839355469,116.41706848144531,112.44783782958984,115.80326843261719,10121050
2023-06-21,113.08209228515625,115.47590637207031,111.83403778076172,113.6754379272461,7360387
2023-06-22,121.71619415283203,121.85941314697266,112.6319808959961,113.2253189086914,15427742
2023-06-23,123.45528411865234,125.317138671875,120.5090560913086,124.273681640625,10985212
2023-06-26,125.13300323486328,126.40151977539062,123.53712463378906,123.53712463378906,10656310
2023-06-27,126.23783874511719,126.23783874511719,123.90540313720703,125.11254119873047,3221402
2023-07-03,134.52410888671875,136.6724090576172,130.94361877441406,130.96408081054688,14396878
2023-07-04,132.1712188720703,134.97422790527344,131.06639099121094,134.52410888671875,12084863
2023-07-05,136.48826599121094,136.5701141357422,130.329833984375,132.9896240234375,13259871
2023-07-06,137.49081420898438,140.8462371826172,136.7747039794922,136.95884704589844,10628148
2023-07-07,139.65956115722656,140.33473205566406,136.07907104492188,137.44989013671875,9281316
2023-07-10,138.4319610595703,141.19406127929688,137.3885040283203,141.17359924316406,10178543
2023-07-11,138.84115600585938,141.15313720703125,137.32713317871094,141.0917510986328,6721534
2023-07-12,136.01768493652344,139.1276092529297,135.89492797851562,138.92300415039062,6840997
2023-07-13,141.84877014160156,142.2579803466797,137.90000915527344,138.51380920410156,15717390
2023-07-14,145.67478942871094,148.00721740722656,143.894775390625,144.24258422851562,14877598
2023-07-17,146.49317932128906,147.90492248535156,144.6722412109375,145.7156982421875,8802332
2023-07-18,143.71063232421875,147.7207794189453,143.5060272216797,146.69778442382812,10928608
2023-07-19,149.7053985595703,151.13758850097656,142.4011993408203,143.6492462158203,14494274
2023-07-20,151.403564453125,153.08128356933594,149.35757446289062,150.17596435546875,11345271
2023-07-21,152.9380645751953,153.06082153320312,149.6849365234375,151.403564453125,8216484
2023-07-24,154.9840545654297,157.39833068847656,151.3217315673828,152.97898864746094,9899353
2023-07-25,154.67715454101562,156.86636352539062,152.4265594482422,154.96359252929688,8847561
2023-07-26,159.751220703125,160.38548278808594,153.0403594970703,153.44955444335938,8935137
2023-07-27,166.74851989746094,166.74851989746094,159.1988067626953,160.5696258544922,10144031
2023-07-28,174.97341918945312,179.04495239257812,166.953125,166.953125,11575116
2023-07-31,172.3954620361328,177.30584716796875,172.02719116210938,174.99388122558594,10604732
2023-08-01,168.16026306152344,173.6639862060547,166.5643768310547,172.3954620361328,11379108
2023-08-02,167.9761199951172,170.84051513671875,166.72805786132812,168.16026306152344,10508988
2023-08-03,167.5055389404297,171.6179962158203,166.89173889160156,168.5489959716797,10519790
2023-08-04,171.86351013183594,172.47731018066406,167.09634399414062,167.77151489257812,12000953
2023-08-07,188.23146057128906,188.25192260742188,173.316162109375,173.316162109375,14989339
2023-08-08,188.8452606201172,193.44874572753906,185.6125946044922,188.64065551757812,12320665
2023-08-09,187.822265625,191.27999877929688,183.48475646972656,188.8452606201172,11748010
2023-08-10,190.42066955566406,199.3207550048828,188.43606567382812,188.43606567382812,16000695
2023-08-11,195.5970458984375,197.02923583984375,189.68411254882812,190.4820556640625,10588241
2023-08-14,192.32345581054688,200.40512084960938,192.32345581054688,198.46142578125,14027557
2023-08-15,188.5178985595703,199.8936309814453,185.46937561035156,199.48443603515625,16145813
2023-08-16,184.8146514892578,189.68411254882812,183.44383239746094,188.64065551757812,10166539
2023-08-17,193.7147216796875,194.98324584960938,184.36453247070312,184.97833251953125,11898939
2023-08-18,184.1190185546875,195.7811737060547,183.01417541503906,194.7786407470703,10215122
2023-08-21,187.71995544433594,188.57928466796875,180.0474853515625,183.5256805419922,10586770
2023-08-22,184.65097045898438,190.4820556640625,182.91188049316406,188.23146057128906,9162396
2023-08-23,173.7049102783203,185.98086547851562,173.7049102783203,185.837646484375,12435157
2023-08-24,169.2650909423828,180.6408233642578,168.5899200439453,174.68698120117188,14978376
2023-08-25,174.2368621826172,176.97850036621094,163.3521728515625,170.02210998535156,19148901
2023-08-28,182.502685546875,183.70980834960938,175.34170532226562,175.34170532226562,12174169
2023-08-29,178.6562042236328,183.5256805419922,177.06033325195312,182.64590454101562,6583972
2023-08-31,179.0040283203125,182.91188049316406,175.68951416015625,182.91188049316406,7058920
2023-09-01,182.42083740234375,183.50521850585938,175.198486328125,179.0244903564453,9669631
2023-09-04,182.7277374267578,187.4539794921875,180.66128540039062,184.05763244628906,10003097
2023-09-05,179.67919921875,185.44891357421875,177.67413330078125,182.7277374267578,9626889
2023-09-06,177.9810333251953,180.1293182373047,177.10125732421875,179.65875244140625,8539472
2023-09-07,176.75343322753906,178.533447265625,174.54376220703125,177.9810333251953,7481370
2023-09-08,173.50030517578125,180.70220947265625,173.50030517578125,177.67413330078125,10389555
2023-09-11,169.8379669189453,174.7279052734375,169.8379669189453,174.1345672607422,7174311
2023-09-12,171.2497100830078,175.9554901123047,169.5310821533203,170.43130493164062,9656503
2023-09-13,171.7816619873047,175.3212432861328,169.34693908691406,172.47731018066406,8788412
2023-09-14,174.31869506835938,174.31869506835938,167.26002502441406,172.92742919921875,8902967
2023-09-15,164.3137969970703,172.55914306640625,164.3137969970703,172.55914306640625,13645899
2023-09-18,155.16819763183594,164.43655395507812,155.16819763183594,164.12965393066406,10561217
2023-09-19,154.14520263671875,158.66683959960938,152.01736450195312,155.7001495361328,10836565
2023-09-20,154.47256469726562,161.42893981933594,154.24749755859375,159.58753967285156,13786818
2023-09-21,158.1144256591797,158.74868774414062,151.13758850097656,154.26795959472656,11742394
2023-09-22,156.9686737060547,159.6284637451172,155.1068115234375,159.546630859375,6616754
2023-09-25,163.67953491210938,164.90713500976562,155.72061157226562,157.5415496826172,11080789
2023-09-26,162.63607788085938,167.93519592285156,162.4110107421875,165.11172485351562,9102191
2023-09-27,163.9455108642578,171.1474151611328,161.44940185546875,164.70252990722656,14213632
2023-09-28,169.6333770751953,172.88650512695312,163.82275390625,164.23194885253906,17558139
2023-09-29,168.63084411621094,173.15248107910156,167.93519592285156,170.59498596191406,10357287
2023-10-02,172.47731018066406,174.66651916503906,168.4876251220703,169.34693908691406,13244514
2023-10-03,169.57199096679688,173.02972412109375,169.4901580810547,172.6205291748047,8595694
2023-10-04,163.720458984375,170.43130493164062,163.4544677734375,169.6947479248047,10016993
2023-10-05,164.5183868408203,166.6053009033203,158.3599395751953,165.11172485351562,14343833
2023-10-06,163.06573486328125,165.50047302246094,161.6130828857422,162.71791076660156,7141354
2023-10-09,153.30633544921875,161.1629638671875,152.52886962890625,161.1629638671875,12622655
2023-10-10,157.0095977783203,158.17581176757812,154.71807861328125,156.2730255126953,9167118
2023-10-11,153.20404052734375,156.45716857910156,152.9380645751953,156.10935974121094,6664456
2023-10-12,148.8460693359375,156.29348754882812,145.2655792236328,155.0249786376953,12047233
2023-10-13,148.7642364501953,151.73092651367188,147.53663635253906,149.07113647460938,11677970
2023-10-16,148.53916931152344,154.1861114501953,147.12744140625,154.0633544921875,13724550
2023-10-17,150.78976440429688,152.9380645751953,148.35504150390625,148.6619415283203,9869588
2023-10-18,145.34742736816406,149.316650390625,144.9177703857422,149.316650390625,9317147
2023-10-19,145.1223602294922,148.8256072998047,144.85638427734375,145.47018432617188,8913593
2023-10-20,139.55726623535156,143.3014373779297,138.10459899902344,142.4625701904297,9090079
2023-10-23,146.94329833984375,149.05067443847656,142.29888916015625,142.70809936523438,14038524
2023-10-24,149.95091247558594,151.23988342285156,146.71824645996094,148.33457946777344,10950554
2023-10-25,139.8232421875,154.59532165527344,139.8232421875,151.403564453125,12591785
2023-10-26,146.12490844726562,147.27066040039062,137.90000915527344,141.11221313476562,16096453
2023-10-27,145.4906463623047,146.22720336914062,140.9485321044922,146.12490844726562,8332506
2023-10-30,145.47018432617188,149.21435546875,144.1198272705078,145.18374633789062,8032720
2023-10-31,144.24258422851562,148.49826049804688,144.03799438476562,146.28857421875,8905929
2023-11-01,143.73109436035156,146.51364135742188,140.10968017578125,145.57247924804688,7945648
2023-11-02,145.67478942871094,148.94837951660156,145.2451171875,146.24766540527344,10080801
2023-11-03,146.1658172607422,147.04559326171875,143.5060272216797,145.87937927246094,7707734
2023-11-06,148.7437744140625,150.17596435546875,147.7207794189453,149.5621795654297,5207844
2023-11-07,153.24496459960938,154.0633544921875,147.6184844970703,148.7437744140625,8947347
2023-11-08,156.72314453125,158.87144470214844,155.18865966796875,155.18865966796875,10102819
2023-11-09,151.30126953125,155.0863494873047,150.17596435546875,154.8817596435547,13250404
2023-11-10,147.92538452148438,151.91506958007812,147.51617431640625,151.91506958007812,7101525
2023-11-13,143.21958923339844,150.07366943359375,143.01498413085938,148.94837951660156,15287756
2023-11-14,144.24258422851562,145.57247924804688,142.6057891845703,144.03799438476562,8819428
2023-11-15,143.21958923339844,145.981689453125,142.91268920898438,145.57247924804688,6679149
2023-11-16,146.186279296875,146.80007934570312,143.21958923339844,143.32188415527344,8734917
2023-11-17,150.58517456054688,150.78976440429688,145.981689453125,146.28857421875,11104088
2023-11-20,151.30126953125,154.67715454101562,150.99436950683594,153.0403594970703,8436534
2023-11-21,154.47256469726562,155.39324951171875,150.78976440429688,152.8357696533203,15018996
2023-11-22,150.99436950683594,155.7001495361328,150.78976440429688,154.47256469726562,8925074
2023-11-23,148.33457946777344,152.9380645751953,148.33457946777344,150.99436950683594,10489849
2023-11-24,148.6414794921875,150.4828643798828,147.6184844970703,148.23226928710938,8288337
2023-11-27,148.94837951660156,150.3805694580078,147.51617431640625,149.25527954101562,7664000
2023-11-28,149.35757446289062,151.91506958007812,148.12997436523438,149.5621795654297,8704355
2023-11-29,146.28857421875,150.07366943359375,146.186279296875,149.8690643310547,6414573
2023-11-30,144.24258422851562,147.51617431640625,144.24258422851562,146.28857421875,7943507
2023-12-01,146.186279296875,148.33457946777344,144.95867919921875,146.90237426757812,8092750
2023-12-04,147.0046844482422,148.23226928710938,145.1632843017578,147.0046844482422,7739235
2023-12-05,145.2655792236328,147.7207794189453,144.6517791748047,147.1069793701172,5962881
2023-12-06,141.17359924316406,145.57247924804688,141.17359924316406,145.2655792236328,6706773
2023-12-07,145.77708435058594,145.77708435058594,140.55979919433594,141.37818908691406,8002554
2023-12-08,146.186279296875,146.59547424316406,144.14028930664062,146.186279296875,5957827
2023-12-11,138.3092041015625,146.49317932128906,138.3092041015625,146.28857421875,12702030
2023-12-12,137.79769897460938,139.63909912109375,136.5701141357422,138.51380920410156,9607197
2023-12-13,133.0919189453125,138.3092041015625,133.0919189453125,137.49081420898438,8523514
2023-12-14,138.61610412597656,138.92300415039062,133.9103240966797,135.6494140625,8420742
2023-12-15,143.83338928222656,144.14028930664062,138.71839904785156,139.02529907226562,7965467
2023-12-18,138.10459899902344,143.11729431152344,137.90000915527344,143.01498413085938,6141273
2023-12-19,136.36550903320312,138.92300415039062,135.13790893554688,137.90000915527344,7349986
2023-12-20,135.44480895996094,137.3885040283203,135.24021911621094,136.36550903320312,5379350
2023-12-21,140.35519409179688,141.17359924316406,135.44480895996094,135.44480895996094,7874235
2023-12-22,136.36550903320312,140.968994140625,135.751708984375,140.764404296875,6003169
2023-12-25,131.9666290283203,136.6724090576172,131.5574188232422,136.26321411132812,5307630
2023-12-26,131.25051879882812,135.6494140625,131.14822387695312,132.68272399902344,7553682
2023-12-27,130.73902893066406,132.9896240234375,130.534423828125,131.25051879882812,6933827
2023-12-28,132.58041381835938,133.9103240966797,131.3528289794922,131.65972900390625,7520705
2023-12-29,132.88731384277344,135.34251403808594,132.1712188720703,133.0919189453125,7567988
2024-01-02,136.97930908203125,137.1839141845703,133.1942138671875,133.1942138671875,9948180
2024-01-03,132.88731384277344,137.49081420898438,132.58041381835938,137.3885040283203,7469913
2024-01-04,138.10459899902344,138.61610412597656,132.58041381835938,133.29652404785156,11700663
2024-01-05,144.95867919921875,145.0609893798828,137.59310913085938,138.51380920410156,15721789
2024-01-08,145.981689453125,148.23226928710938,143.93568420410156,145.2655792236328,10812108
2024-01-09,142.29888916015625,149.25527954101562,141.68508911132812,147.31158447265625,13717937
2024-01-10,145.47018432617188,146.186279296875,142.19659423828125,142.29888916015625,9112152
2024-01-11,145.57247924804688,149.05067443847656,144.75408935546875,147.41387939453125,9979094
2024-01-12,146.28857421875,148.43687438964844,142.81039428710938,145.47018432617188,12678565
2024-01-15,149.7667694091797,150.07366943359375,146.39088439941406,146.49317932128906,13690899
2024-01-16,147.92538452148438,150.2782745361328,146.80007934570312,150.17596435546875,9699138
2024-01-17,146.90237426757812,148.53916931152344,146.28857421875,147.2092742919922,10140571
2024-01-18,145.981689453125,148.8460693359375,145.981689453125,148.53916931152344,9118374
2024-01-19,145.87937927246094,147.41387939453125,144.5494842529297,146.90237426757812,8394105
2024-01-22,146.59547424316406,148.8460693359375,145.1632843017578,145.981689453125,11655380
2024-01-23,145.2655792236328,148.94837951660156,144.5494842529297,148.33457946777344,11599265
2024-01-24,147.6184844970703,149.25527954101562,145.1632843017578,145.77708435058594,13361128
2024-01-25,149.25527954101562,150.07366943359375,147.8230743408203,148.53916931152344,9704582
2024-01-26,152.52886962890625,152.52886962890625,148.94837951660156,149.5621795654297,17325943
2024-01-29,155.5978546142578,157.95074462890625,152.8357696533203,153.1426544189453,24557435
2024-01-30,154.47256469726562,157.23464965820312,154.0633544921875,156.31394958496094,11912135
2024-01-31,153.9610595703125,155.5978546142578,152.4265594482422,154.67715454101562,10482644
2024-02-01,155.90475463867188,157.4392547607422,154.0633544921875,154.37025451660156,15324159
2024-02-02,157.03004455566406,160.40594482421875,155.80245971679688,157.33694458007812,18953001
2024-02-05,160.8151397705078,161.01974487304688,157.4392547607422,157.5415496826172,15630841
2024-02-06,161.22433471679688,162.8611297607422,159.38294982910156,161.42893981933594,13453146
2024-02-07,158.97373962402344,162.34963989257812,158.97373962402344,162.34963989257812,8294681
2024-02-08,161.42893981933594,162.14503479003906,158.97373962402344,158.97373962402344,14405505
2024-02-09,164.08872985839844,164.70252990722656,161.73583984375,162.6565399169922,11476171
2024-02-12,164.4979248046875,166.44161987304688,163.3726348876953,165.5209197998047,13486226
2024-02-13,159.1783447265625,165.72552490234375,159.0760498046875,165.72552490234375,10675788
2024-02-14,166.33932495117188,166.74851989746094,160.40594482421875,160.61053466796875,19571703
2024-02-15,174.62559509277344,177.89918518066406,166.23703002929688,166.44161987304688,29165024
2024-02-16,172.068115234375,176.05780029296875,170.5336151123047,174.7279052734375,13483836
2024-02-19,168.0784149169922,174.31869506835938,167.8738250732422,173.9095001220703,11287348
2024-02-20,169.6129150390625,171.3520050048828,167.66921997070312,168.5899200439453,12395035
2024-02-21,169.6129150390625,173.2957000732422,167.26002502441406,171.2497100830078,12542401
2024-02-22,171.3520050048828,173.0911102294922,169.91981506347656,170.02210998535156,15065096
2024-02-23,174.31869506835938,175.7509002685547,171.45431518554688,171.86351013183594,17269961
2024-02-26,174.9324951171875,177.59228515625,174.0117950439453,175.44400024414062,16864236
2024-02-27,169.5106201171875,175.13710021972656,169.5106201171875,175.03480529785156,10586491
2024-02-28,175.03480529785156,177.3876953125,167.8738250732422,169.5106201171875,26855345
2024-02-29,175.44400024414062,180.9681854248047,174.52330017089844,175.9554901123047,35899081
2024-03-01,170.5336151123047,176.87619018554688,170.5336151123047,176.05780029296875,11465242
2024-03-04,171.04510498046875,173.50030517578125,168.38531494140625,171.04510498046875,12600016
2024-03-05,163.67953491210938,172.272705078125,163.16802978515625,171.45431518554688,21226746
2024-03-06,159.89443969726562,164.3956298828125,159.58753967285156,163.16802978515625,13068678
2024-03-07,165.5209197998047,165.72552490234375,162.34963989257812,162.8611297607422,12167625
2024-03-08,166.33932495117188,166.74851989746094,163.06573486328125,166.1347198486328,13948236
2024-03-11,164.70252990722656,170.32901000976562,164.4979248046875,169.20372009277344,9207553
2024-03-12,163.3726348876953,166.54393005371094,162.04273986816406,164.70252990722656,8635352
2024-03-13,162.8611297607422,166.54393005371094,162.8611297607422,164.4979248046875,12851346
2024-03-14,162.7588348388672,164.60023498535156,162.14503479003906,163.67953491210938,8382384
2024-03-15,162.14503479003906,164.4979248046875,161.01974487304688,163.3726348876953,8729404
2024-03-18,158.56454467773438,162.7588348388672,158.56454467773438,162.6565399169922,8171196
2024-03-19,161.73583984375,162.04273986816406,158.0530548095703,158.56454467773438,10464731
2024-03-20,161.53123474121094,164.19102478027344,160.8151397705078,162.24732971191406,9007757
2024-03-21,165.3163299560547,166.0324249267578,162.24732971191406,163.16802978515625,13802703
2024-03-22,166.44161987304688,169.10140991210938,165.00942993164062,165.72552490234375,13434222
2024-03-25,163.67953491210938,169.30601501464844,163.67953491210938,166.23703002929688,11928514
2024-03-26,160.8151397705078,165.9301300048828,159.58753967285156,163.98643493652344,10023689
2024-03-27,161.9404296875,163.3726348876953,159.89443969726562,161.633544921875,8316465
2024-03-28,167.055419921875,167.15771484375,162.24732971191406,162.24732971191406,11932238
2024-03-29,166.33932495117188,167.8738250732422,164.4979248046875,167.46461486816406,9272993
2024-04-01,168.28302001953125,169.91981506347656,164.60023498535156,167.77151489257812,14705452
2024-04-02,164.4979248046875,170.84051513671875,163.88412475585938,169.20372009277344,11356117
2024-04-03,165.11172485351562,166.850830078125,163.67953491210938,164.4979248046875,9878752
2024-04-04,162.34963989257812,166.33932495117188,162.24732971191406,165.5209197998047,13468689
2024-04-05,173.60260009765625,173.60260009765625,164.2933349609375,164.70252990722656,15865548
2024-04-08,179.0244903564453,179.0244903564453,174.52330017089844,174.9324951171875,10237639
2024-04-09,179.0244903564453,179.0244903564453,179.0244903564453,179.0244903564453,0
2024-04-15,173.0911102294922,178.00149536132812,172.88650512695312,177.08079528808594,14101970
2024-04-16,171.45431518554688,173.50030517578125,170.32901000976562,172.272705078125,11857120
2024-04-17,171.76121520996094,175.44400024414062,171.65890502929688,172.98880004882812,13248483
2024-04-18,178.81988525390625,180.8658905029297,173.60260009765625,173.8072052001953,22794654
2024-04-19,181.0704803466797,182.09347534179688,174.8302001953125,176.16009521484375,14676811
2024-04-22,188.53836059570312,194.1648406982422,184.95787048339844,184.95787048339844,18573616
2024-04-24,198.05223083496094,199.2798309326172,188.02685546875,191.70965576171875,22278191
2024-04-25,197.13153076171875,201.12123107910156,194.98324584960938,197.3361358642578,15950187
2024-04-26,199.2798309326172,200.8143310546875,195.90394592285156,198.15452575683594,13383899
2024-04-29,208.69140625,209.10060119628906,200.40512084960938,200.60972595214844,14057259
2024-04-30,211.55580139160156,213.19259643554688,206.64541625976562,209.50979614257812,14753820
2024-05-02,211.76039123535156,214.8293914794922,206.85000610351562,213.806396484375,16153633
2024-05-03,212.57879638671875,220.55816650390625,207.6684112548828,213.806396484375,22333387
2024-05-06,210.3282012939453,214.010986328125,208.89599609375,212.3741912841797,11022494
2024-05-07,213.39718627929688,214.42018127441406,208.89599609375,210.73739624023438,14747686
2024-05-08,211.3511962890625,216.26158142089844,210.73739624023438,213.60179138183594,9956299
2024-05-09,202.5534210205078,203.88331604003906,197.13153076171875,201.73501586914062,28388795
2024-05-10,204.80401611328125,209.91900634765625,202.4511260986328,203.98561096191406,16258125
2024-05-13,201.12123107910156,207.46380615234375,201.12123107910156,207.0546112060547,12319218
2024-05-14,204.0,206.89999389648438,199.3000030517578,202.0,9311145
2024-05-15,201.60000610351562,205.1999969482422,201.5,204.10000610351562,6950661
2024-05-16,202.1999969482422,203.10000610351562,195.5,201.89999389648438,13072010
2024-05-17,212.0,212.6999969482422,202.6999969482422,203.10000610351562,14863817
2024-05-20,216.5,220.1999969482422,210.0,212.0,12662247
2024-05-21,217.5,225.0,214.5,218.60000610351562,18060889
2024-05-22,218.0,220.0,215.39999389648438,220.0,6211101
2024-05-23,215.89999389648438,220.39999389648438,215.0,217.0,6882594
2024-05-24,212.1999969482422,216.8000030517578,211.5,215.0,5650862
2024-05-27,210.5,214.3000030517578,207.5,213.0,6490918
2024-05-28,209.89999389648438,211.5,206.8000030517578,210.60000610351562,6018738
2024-05-29,204.60000610351562,212.5,204.60000610351562,209.5,5519275
2024-05-30,206.3000030517578,208.8000030517578,203.3000030517578,205.1999969482422,6313396
2024-05-31,201.8000030517578,210.5,199.8000030517578,207.0,9333091
2024-06-03,210.39999389648438,210.60000610351562,202.8000030517578,204.10000610351562,9238356
2024-06-04,209.3000030517578,215.5,208.3000030517578,212.0,9793367
2024-06-05,210.0,210.89999389648438,202.3000030517578,209.39999389648438,8554552
2024-06-06,205.3000030517578,212.39999389648438,204.5,212.3000030517578,5480105
2024-06-07,205.6999969482422,206.8000030517578,202.89999389648438,206.0,5137212
2024-06-10,198.39999389648438,204.6999969482422,198.10000610351562,204.6999969482422,5709521
2024-06-11,210.0,214.5,200.6999969482422,200.6999969482422,17745594
2024-06-12,226.0,229.0,208.0,209.60000610351562,22744238
2024-06-13,228.8000030517578,230.89999389648438,224.3000030517578,229.89999389648438,13625501
2024-06-14,230.3000030517578,237.89999389648438,229.89999389648438,232.5,13552384
2024-06-20,233.1999969482422,236.6999969482422,230.10000610351562,234.89999389648438,7064080
2024-06-21,238.0,239.89999389648438,230.60000610351562,233.1999969482422,10660824
2024-06-24,236.89999389648438,239.0,232.60000610351562,238.1999969482422,6510431
2024-06-25,235.39999389648438,238.5,231.39999389648438,237.0,7130631
2024-06-26,226.5,236.5,226.5,235.5,8160944
2024-06-27,227.6999969482422,230.39999389648438,225.1999969482422,227.10000610351562,6846744
2024-06-28,227.89999389648438,229.6999969482422,223.39999389648438,228.8000030517578,8109373
2024-07-01,219.1999969482422,230.10000610351562,217.10000610351562,230.10000610351562,7162998
2024-07-02,219.60000610351562,220.3000030517578,215.89999389648438,218.89999389648438,5440810
2024-07-03,224.3000030517578,226.60000610351562,218.3000030517578,220.0,7255767
2024-07-04,229.8000030517578,230.0,223.39999389648438,224.89999389648438,8101925
2024-07-05,232.5,233.60000610351562,228.8000030517578,231.0,7918697
2024-07-08,232.3000030517578,235.0,228.60000610351562,232.6999969482422,7509416
2024-07-09,238.89999389648438,242.1999969482422,234.10000610351562,234.39999389648438,11717620
2024-07-10,245.60000610351562,248.1999969482422,239.39999389648438,241.1999969482422,12081753
2024-07-11,252.0,252.0,243.39999389648438,247.10000610351562,9641347
2024-07-12,251.75,254.5,248.8000030517578,251.75,5362305
2024-07-16,257.0,258.5,249.6999969482422,251.75,7578039
2024-07-17,255.25,260.0,253.5,257.25,7557813
2024-07-18,248.10000610351562,259.0,248.10000610351562,256.75,9270964
2024-07-19,247.60000610351562,249.6999969482422,243.5,248.0,6126067
2024-07-22,241.89999389648438,247.60000610351562,240.6999969482422,247.60000610351562,6110824
2024-07-23,236.0,242.60000610351562,233.1999969482422,241.5,8757238
2024-07-24,234.5,240.5,232.5,235.6999969482422,8829669
2024-07-25,232.5,236.39999389648438,230.5,234.1999969482422,5165997
2024-07-26,234.6999969482422,236.1999969482422,231.5,235.89999389648438,4030382
2024-07-29,229.0,233.5,227.1999969482422,231.10000610351562,4907608
2024-07-30,226.10000610351562,232.8000030517578,226.10000610351562,229.10000610351562,5270956
2024-07-31,224.0,224.3000030517578,219.1999969482422,223.89999389648438,6670725
2024-08-01,234.0,236.10000610351562,227.3000030517578,229.0,8434894
2024-08-02,232.0,233.5,227.5,231.10000610351562,6643428
2024-08-05,218.0,224.5,213.0,213.0,7289787
2024-08-06,215.8000030517578,227.0,215.8000030517578,227.0,6896790
2024-08-07,223.6999969482422,225.5,218.1999969482422,218.89999389648438,7455595
2024-08-08,228.39999389648438,228.39999389648438,221.6999969482422,223.6999969482422,8858079
2024-08-09,232.0,234.0,226.39999389648438,231.0,9636661
2024-08-12,230.6999969482422,238.1999969482422,225.0,238.1999969482422,13392460
2024-08-13,235.5,236.5,227.1999969482422,231.1999969482422,13578702
2024-08-14,228.0,237.60000610351562,228.0,236.10000610351562,7750272
2024-08-15,225.5,227.60000610351562,217.6999969482422,227.60000610351562,11699641
2024-08-16,218.10000610351562,230.39999389648438,218.10000610351562,229.3000030517578,8818450
2024-08-19,221.5,222.1999969482422,216.1999969482422,220.0,6169496
2024-08-20,220.1999969482422,225.6999969482422,219.5,221.0,6661978
2024-08-21,218.5,222.39999389648438,217.8000030517578,220.3000030517578,4193423
2024-08-22,216.1999969482422,222.39999389648438,215.1999969482422,219.60000610351562,5952981
2024-08-23,211.8000030517578,217.6999969482422,211.8000030517578,216.5,5831608
2024-08-26,208.60000610351562,214.60000610351562,208.1999969482422,213.0,6234986
2024-08-27,221.0,222.1999969482422,207.3000030517578,208.1999969482422,9996710
2024-08-28,226.1999969482422,227.8000030517578,220.10000610351562,221.0,7296103
2024-08-29,227.3000030517578,228.3000030517578,222.89999389648438,226.1999969482422,6684189
2024-09-02,237.0,239.0,229.0,229.3000030517578,8155512
2024-09-03,233.3000030517578,238.6999969482422,232.10000610351562,237.3000030517578,5521960
2024-09-04,234.3000030517578,234.3000030517578,227.8000030517578,232.3000030517578,4416565
2024-09-05,228.5,238.0,226.8000030517578,236.3000030517578,7092881
2024-09-06,228.10000610351562,231.8000030517578,227.10000610351562,228.60000610351562,4440260
2024-09-09,233.6999969482422,236.5,225.10000610351562,226.89999389648438,8685721
2024-09-10,232.1999969482422,237.10000610351562,228.5,233.6999969482422,8070209
2024-09-11,225.89999389648438,234.39999389648438,225.6999969482422,232.0,7268184
2024-09-12,237.89999389648438,241.39999389648438,231.0,231.0,14429388
2024-09-13,245.1999969482422,245.1999969482422,235.1999969482422,239.10000610351562,8412751
2024-09-16,239.0,246.1999969482422,238.1999969482422,245.1999969482422,5369345
2024-09-17,244.0,248.0,240.5,240.5,8345568
2024-09-18,249.1999969482422,249.5,241.39999389648438,243.89999389648438,7129772
2024-09-19,253.25,254.0,248.3000030517578,250.5,6604472
2024-09-20,253.25,255.5,251.25,252.75,4017875
2024-09-23,245.6999969482422,257.25,244.60000610351562,255.75,5858682
2024-09-24,244.8000030517578,249.89999389648438,242.1999969482422,246.0,10713483
2024-09-25,241.10000610351562,248.5,240.60000610351562,245.6999969482422,5282040
2024-09-26,242.6999969482422,248.1999969482422,240.0,243.5,8601435
2024-09-27,244.6999969482422,247.0,241.3000030517578,243.89999389648438,6469006
2024-09-30,239.3000030517578,244.1999969482422,235.6999969482422,243.1999969482422,5835171
2024-10-01,232.8000030517578,241.3000030517578,227.89999389648438,239.10000610351562,8272446
2024-10-02,225.10000610351562,232.3000030517578,225.0,231.0,4727834
2024-10-03,225.5,233.10000610351562,221.1999969482422,223.5,6984782
2024-10-04,235.0,235.0,224.39999389648438,227.0,5661177
2024-10-07,227.0,235.6999969482422,227.0,235.3000030517578,4966423
2024-10-08,230.39999389648438,233.6999969482422,225.39999389648438,227.10000610351562,5750378
2024-10-09,232.6999969482422,232.6999969482422,226.39999389648438,229.8000030517578,3985145
2024-10-10,224.5,233.60000610351562,224.5,232.6999969482422,4492787
2024-10-11,225.10000610351562,230.39999389648438,224.0,226.0,6639192
2024-10-14,223.1999969482422,225.89999389648438,219.5,225.6999969482422,4923482
2024-10-15,233.5,234.39999389648438,223.10000610351562,223.5,7113358
2024-10-16,234.5,235.0,228.60000610351562,233.10000610351562,4871270
2024-10-17,240.89999389648438,241.60000610351562,233.60000610351562,234.39999389648438,8251893
2024-10-18,236.60000610351562,242.39999389648438,236.10000610351562,240.89999389648438,5246839
2024-10-21,239.5,246.39999389648438,236.5,236.60000610351562,6921418
2024-10-22,243.6999969482422,245.0,237.60000610351562,240.0,7369843
2024-10-23,237.5,244.8000030517578,235.89999389648438,244.10000610351562,6039000
2024-10-24,238.0,242.39999389648438,235.60000610351562,239.6999969482422,5453562
2024-10-25,236.3000030517578,238.6999969482422,234.8000030517578,237.89999389648438,4444053
2024-10-28,238.5,240.5,237.39999389648438,239.5,2171624
2024-10-30,236.0,239.39999389648438,235.3000030517578,239.10000610351562,4953118
2024-10-31,231.60000610351562,238.10000610351562,231.10000610351562,235.89999389648438,5401216
2024-11-01,228.8000030517578,234.39999389648438,228.39999389648438,232.3000030517578,4222696
2024-11-04,228.0,229.0,221.10000610351562,227.6999969482422,5108229
2024-11-05,229.10000610351562,231.0,226.6999969482422,229.1999969482422,4526136
2024-11-06,231.6999969482422,234.60000610351562,225.3000030517578,229.60000610351562,8664301
2024-11-07,232.60000610351562,234.39999389648438,228.39999389648438,232.39999389648438,5894729
2024-11-08,240.10000610351562,240.60000610351562,232.10000610351562,232.60000610351562,8788865
2024-11-11,244.0,244.3000030517578,238.5,241.60000610351562,8201368
2024-11-12,242.0,247.1999969482422,240.39999389648438,244.60000610351562,9927858
2024-11-13,238.0,244.3000030517578,238.0,241.39999389648438,10959267
2024-11-14,234.8000030517578,241.3000030517578,233.89999389648438,238.6999969482422,12851397
2024-11-15,235.5,240.6999969482422,235.39999389648438,236.0,11844176
2024-11-18,239.8000030517578,241.89999389648438,235.8000030517578,236.60000610351562,9610387
2024-11-19,233.89999389648438,242.0,232.60000610351562,240.39999389648438,7685103
2024-11-20,219.6999969482422,234.60000610351562,219.60000610351562,230.0,17666335
2024-11-21,221.5,223.8000030517578,219.0,221.5,11447781
2024-11-22,221.0,224.60000610351562,220.0,222.0,10471903
2024-11-25,228.8000030517578,235.39999389648438,222.0,223.89999389648438,25282896
2024-11-26,227.3000030517578,230.5,226.0,228.8000030517578,10036904
2024-11-27,225.0,232.89999389648438,225.0,232.6999969482422,9230403
2024-11-28,218.60000610351562,224.5,218.0,223.89999389648438,10229823
2024-11-29,217.8000030517578,219.5,215.89999389648438,219.1999969482422,11033128
2024-12-02,218.89999389648438,220.1999969482422,216.60000610351562,217.60000610351562,11067766
2024-12-03,220.39999389648438,222.0,217.3000030517578,219.8000030517578,10882766
2024-12-04,220.39999389648438,222.60000610351562,220.0,221.0,8643563
2024-12-05,221.60000610351562,223.6999969482422,220.39999389648438,221.1999969482422,10126523
2024-12-06,223.1999969482422,224.1999969482422,221.8000030517578,222.8000030517578,11345549
2024-12-09,224.6999969482422,226.0,224.0,225.0,9168592
2024-12-10,220.3000030517578,226.10000610351562,219.8000030517578,224.6999969482422,12402797
2024-12-11,220.0,221.3000030517578,218.1999969482422,220.60000610351562,8389981
2024-12-12,224.60000610351562,225.3000030517578,222.0,223.1999969482422,14696742
2024-12-13,226.0,226.0,221.6999969482422,223.6999969482422,7266454
2024-12-16,224.6999969482422,227.8000030517578,223.60000610351562,227.60000610351562,6151672
2024-12-17,225.5,226.3000030517578,222.0,225.39999389648438,8359494
2024-12-18,221.39999389648438,226.1999969482422,221.39999389648438,225.5,7221578
2024-12-19,222.1999969482422,225.5,219.5,219.89999389648438,8871006
2024-12-20,221.3000030517578,226.10000610351562,221.3000030517578,224.0,11269880
2024-12-23,217.3000030517578,222.39999389648438,216.6999969482422,222.39999389648438,6294380
2024-12-24,216.89999389648438,218.5,215.39999389648438,217.3000030517578,4577296
2024-12-25,218.6999969482422,219.8000030517578,217.89999389648438,219.1999969482422,3768172
2024-12-26,218.39999389648438,221.60000610351562,216.3000030517578,219.39999389648438,7333574
2024-12-27,219.3000030517578,220.3000030517578,218.1999969482422,218.8000030517578,5181721
2024-12-30,214.1999969482422,220.3000030517578,214.1999969482422,219.60000610351562,5392834
2024-12-31,213.0,214.60000610351562,211.6999969482422,213.8000030517578,7435422
2025-01-02,215.60000610351562,215.60000610351562,212.8000030517578,214.10000610351562,5864562
2025-01-03,223.6999969482422,225.0,216.1999969482422,216.89999389648438,13989064
2025-01-06,222.0,225.0,222.0,224.10000610351562,6615557
2025-01-07,218.60000610351562,222.89999389648438,218.60000610351562,221.60000610351562,7081388
2025-01-08,218.8000030517578,223.0,217.5,218.5,6376797
2025-01-09,219.5,222.6999969482422,218.3000030517578,219.8000030517578,6751182
2025-01-10,216.1999969482422,221.39999389648438,215.8000030517578,220.6999969482422,8460061
2025-01-13,210.3000030517578,217.3000030517578,208.0,216.10000610351562,8656964
2025-01-14,211.5,213.8000030517578,210.10000610351562,210.5,7431997
2025-01-15,212.89999389648438,216.8000030517578,211.8000030517578,213.0,8702787
2025-01-16,215.0,216.6999969482422,213.1999969482422,216.10000610351562,6167523
2025-01-17,223.0,223.5,214.1999969482422,215.1999969482422,12171237
2025-01-20,223.60000610351562,225.8000030517578,222.5,224.1999969482422,7812535
2025-01-21,220.5,224.1999969482422,219.6999969482422,222.6999969482422,6775351
2025-01-22,228.0,228.0,220.3000030517578,220.3000030517578,9620169
2025-01-23,231.1999969482422,231.8000030517578,226.3000030517578,231.0,11793357
2025-01-24,230.1999969482422,231.1999969482422,227.5,231.0,6855681
2025-01-27,231.1999969482422,232.8000030517578,226.3000030517578,228.0,9832893
2025-01-28,233.3000030517578,233.8000030517578,227.5,231.5,14727149
2025-01-29,233.3000030517578,235.6999969482422,228.6999969482422,234.6999969482422,14944466
2025-01-30,232.5,238.0,232.1999969482422,233.3000030517578,9982494
2025-01-31,234.5,235.1999969482422,232.5,232.60000610351562,8054187
2025-02-03,232.5,236.6999969482422,231.0,233.0,10085373
2025-02-04,222.1999969482422,234.8000030517578,222.10000610351562,233.0,16080755
2025-02-05,223.10000610351562,226.0,219.8000030517578,222.5,12497955
2025-02-06,230.5,232.1999969482422,224.5,224.5,12614414
2025-02-07,238.8000030517578,239.3000030517578,228.39999389648438,229.6999969482422,12124286
2025-02-10,235.89999389648438,239.10000610351562,234.1999969482422,238.8000030517578,6582999
2025-02-11,237.8000030517578,238.10000610351562,230.0,237.10000610351562,7930480
2025-02-12,238.0,239.3000030517578,233.3000030517578,237.8000030517578,9812498
2025-02-13,245.5,246.39999389648438,239.1999969482422,239.89999389648438,12256203
2025-02-14,242.0,246.6999969482422,240.8000030517578,245.39999389648438,5703900
2025-02-17,243.60000610351562,244.3000030517578,238.60000610351562,242.0,7898931
2025-02-18,247.10000610351562,249.10000610351562,242.6999969482422,243.60000610351562,10214766
2025-02-19,242.39999389648438,248.1999969482422,242.10000610351562,246.39999389648438,7041926
2025-02-20,243.3000030517578,247.1999969482422,242.1999969482422,243.10000610351562,5910177
2025-02-21,240.0,245.39999389648438,236.1999969482422,243.8000030517578,6278828
2025-02-24,238.5,242.60000610351562,238.3000030517578,242.0,4956387
2025-02-25,232.10000610351562,241.5,231.5,238.5,8616214
2025-02-26,232.5,234.0,230.8000030517578,232.10000610351562,8032628
2025-02-27,238.6999969482422,242.1999969482422,231.5,232.5,8980739
2025-02-28,239.0,241.3000030517578,235.60000610351562,237.89999389648438,9649354
2025-03-03,247.1999969482422,249.6999969482422,238.10000610351562,241.39999389648438,13155136
2025-03-04,251.75,252.75,246.39999389648438,246.39999389648438,7814336
2025-03-05,268.0,268.0,254.5,255.75,13373152
2025-03-06,275.75,275.75,267.0,269.5,9073050
2025-03-07,274.0,279.25,271.5,275.75,7641954
2025-03-10,276.75,277.75,272.75,273.75,5527783
2025-03-11,272.0,278.25,271.25,276.25,6095913
2025-03-12,273.25,277.75,272.25,273.75,5526915
2025-03-13,278.75,281.75,274.25,274.75,8794091
2025-03-14,282.75,287.25,277.5,281.0,8406468
2025-03-17,281.25,285.0,281.25,283.5,4615792
2025-03-18,281.5,284.0,278.0,279.5,5741499
2025-03-19,262.75,277.0,256.75,262.25,12899184
2025-03-20,266.0,274.75,261.5,264.0,9780488
2025-03-21,239.39999389648438,264.25,239.39999389648438,264.0,14832447
2025-03-24,257.25,258.25,240.0,243.60000610351562,13439898
2025-03-25,258.5,268.25,255.25,265.0,11444747
2025-03-26,253.5,259.25,250.0,257.0,8577313
2025-03-27,254.25,261.0,252.5,258.0,8212728
2025-03-28,257.75,257.75,248.5,256.0,6451207
2025-04-02,246.3000030517578,256.25,246.3000030517578,256.25,10790119
2025-04-03,246.8000030517578,251.75,246.1999969482422,246.3000030517578,9502174
2025-04-04,254.75,256.0,249.60000610351562,249.60000610351562,8926158
2025-04-07,260.0,263.5,242.8000030517578,246.1999969482422,11396108
2025-04-08,264.75,267.75,259.75,264.75,8163167
2025-04-09,266.5,271.0,261.0,262.25,10248641
2025-04-10,260.5,278.5,260.5,276.0,11470492
2025-04-11,266.75,268.25,259.0,261.0,6967735
2025-04-14,264.75,270.0,264.5,269.0,5008671
2025-04-15,262.75,268.75,260.5,266.75,9754743
2025-04-16,251.0,263.25,250.0,261.0,13630771
2025-04-17,249.3000030517578,255.0,247.5,251.0,11931559
2025-04-18,248.0,253.75,247.3000030517578,250.75,8572544
2025-04-21,249.6999969482422,252.5,246.1999969482422,249.39999389648438,10560726
2025-04-22,244.6999969482422,253.0,244.6999969482422,250.75,9991725
2025-04-24,244.6999969482422,246.39999389648438,241.5,245.0,10033754
2025-04-25,243.0,249.39999389648438,241.60000610351562,245.6999969482422,8802598
2025-04-28,237.8000030517578,244.89999389648438,237.6999969482422,243.60000610351562,7239498
2025-04-29,227.89999389648438,235.89999389648438,227.89999389648438,234.5,8072480
2025-04-30,222.89999389648438,230.10000610351562,222.5,228.60000610351562,9094416
2025-05-02,232.89999389648438,235.6999969482422,224.10000610351562,224.10000610351562,9217232
2025-05-05,234.6999969482422,236.0,228.89999389648438,235.0,6342440
2025-05-06,232.89999389648438,238.60000610351562,231.10000610351562,234.39999389648438,5070793
2025-05-07,226.8000030517578,232.8000030517578,222.1999969482422,231.0,7234026
2025-05-08,232.39999389648438,232.8000030517578,225.60000610351562,228.0,4774340
2025-05-09,244.89999389648438,246.0,234.60000610351562,234.6999969482422,10943208
2025-05-12,254.25,255.0,248.60000610351562,253.75,10253728
2025-05-13,250.0,254.0,250.0,253.75,6055003
2025-05-14,251.25,253.5,246.89999389648438,250.25,6718509
2025-05-15,245.6999969482422,252.5,244.10000610351562,251.25,4693365
2025-05-16,250.5,255.5,246.60000610351562,248.5,7463295
2025-05-20,250.5,252.75,245.10000610351562,250.5,7156868
2025-05-21,241.6999969482422,250.75,241.5,249.89999389648438,6271695
2025-05-22,244.10000610351562,246.5,239.89999389648438,243.39999389648438,7794345
2025-05-23,242.8000030517578,246.6999969482422,241.3000030517578,243.5,5723226
2025-05-26,240.5,245.89999389648438,239.6999969482422,245.0,4916095
2025-05-27,235.6999969482422,241.8000030517578,235.6999969482422,240.6999969482422,4810823
2025-05-28,240.1999969482422,241.3000030517578,234.5,235.5,5643655
2025-05-29,240.89999389648438,245.10000610351562,240.1999969482422,242.39999389648438,5199314
2025-05-30,241.1999969482422,244.3000030517578,240.0,240.60000610351562,7813091
2025-06-02,247.0,248.3000030517578,240.0,241.1999969482422,6618305
2025-06-03,252.25,253.0,247.10000610351562,249.10000610351562,9251797
2025-06-04,258.0,258.0,249.3000030517578,251.5,6486788
2025-06-05,257.25,258.0,253.5,256.0,2373433
2025-06-10,262.75,266.5,258.75,259.5,7154419
2025-06-11,264.25,266.5,260.5,262.75,7204953
2025-06-12,256.5,260.75,253.75,258.0,7261029
2025-06-13,242.5,244.5,236.0,237.0,11693892
2025-06-16,243.0,245.89999389648438,236.6999969482422,242.5,13310882
2025-06-17,236.8000030517578,242.89999389648438,236.0,242.8000030517578,6711042
2025-06-18,225.5,236.39999389648438,224.39999389648438,235.0,14234085
2025-06-19,218.10000610351562,227.5,218.10000610351562,227.39999389648438,12213983
2025-06-20,222.39999389648438,226.6999969482422,218.5,223.8000030517578,12075478
2025-06-23,214.5,219.10000610351562,213.60000610351562,218.0,13600115
2025-06-24,235.89999389648438,235.89999389648438,228.3000030517578,232.0,22446911
2025-06-25,239.89999389648438,242.89999389648438,234.6999969482422,237.60000610351562,14374723
2025-06-26,234.3000030517578,241.60000610351562,234.10000610351562,240.3000030517578,8305024
2025-06-27,240.0,240.0,233.5,233.6999969482422,7877082
2025-06-30,257.0,258.5,240.10000610351562,241.5,15778858
2025-07-01,257.75,260.75,254.25,257.0,12304736
2025-07-02,256.25,261.5,252.5,259.0,14032242
2025-07-03,255.75,260.75,255.0,258.75,6508655
2025-07-04,259.5,261.0,255.75,256.25,7659874
2025-07-07,257.5,259.25,254.75,255.0,5543422
2025-07-08,252.75,260.0,251.5,259.75,5923783
2025-07-09,256.25,257.5,251.5,253.25,6407390
2025-07-10,262.75,266.0,258.25,258.5,13255656
2025-07-11,262.25,269.25,261.0,269.0,11148509
2025-07-14,264.0,267.5,260.5,262.25,8306342
2025-07-16,255.0,267.0,251.5,264.5,13590831
2025-07-17,260.75,263.25,255.0,260.0,14434243
2025-07-18,260.25,263.25,258.5,262.0,9074492
2025-07-21,265.5,266.75,262.25,263.0,13793854
2025-07-22,264.75,268.0,262.25,266.5,13503880
2025-07-23,263.0,266.75,262.5,265.75,9129918
2025-07-24,263.75,265.75,259.75,263.75,14193765
2025-07-25,254.75,264.25,254.75,264.0,13532555
2025-07-28,253.25,258.75,252.5,255.25,10024702
2025-07-29,250.75,255.25,250.75,253.75,6936057
2025-07-30,245.8000030517578,254.25,245.8000030517578,251.0,13305497
2025-07-31,252.0,252.0,246.60000610351562,247.3000030517578,11794872
2025-08-01,249.89999389648438,253.0,248.3000030517578,253.0,8794613
2025-08-04,253.5,256.25,251.0,251.5,10583660
2025-08-05,252.75,255.25,252.0,254.75,8039682
2025-08-06,258.25,260.0,254.25,254.25,22869997
2025-08-07,261.75,262.5,257.25,260.0,16710747
2025-08-08,263.75,264.5,255.75,257.25,23601614
2025-08-11,274.0,274.5,263.25,266.0,21646274
2025-08-12,268.0,274.0,263.75,274.0,23276089
2025-08-13,257.0,262.25,257.0,260.0,26143758
2025-08-14,252.75,260.75,252.75,258.0,16814742
2025-08-15,257.75,259.0,252.75,253.0,18943474
2025-08-18,256.5,259.25,254.75,258.5,14844224
2025-08-19,256.75,260.0,256.25,257.5,15900087
2025-08-20,258.75,261.25,256.5,257.5,17034018
2025-08-21,261.75,262.5,259.0,260.5,13984538
2025-08-22,260.5,262.75,259.5,262.75,9908470
2025-08-25,261.25,264.75,261.0,261.75,17832634
2025-08-26,258.0,263.5,258.0,261.0,36110232
2025-08-27,255.0,260.5,255.0,259.75,19374501
2025-08-28,252.75,258.5,252.5,255.75,11953689
2025-08-29,249.0,253.75,248.0,253.25,16232522
2025-09-01,246.0,250.25,245.6999969482422,249.1999969482422,17764134
2025-09-02,235.60000610351562,247.60000610351562,225.0,246.6999969482422,32470967
2025-09-03,231.0,236.1999969482422,228.60000610351562,236.1999969482422,17593735
2025-09-04,231.10000610351562,233.1999969482422,229.6999969482422,231.60000610351562,13153609
2025-09-05,225.89999389648438,233.3000030517578,225.8000030517578,232.0,18469453
2025-09-08,220.1999969482422,227.0,219.5,221.39999389648438,15821324
2025-09-09,220.8000030517578,225.0,217.10000610351562,221.60000610351562,28898098
2025-09-10,222.8000030517578,223.10000610351562,218.10000610351562,223.0,25141322
2025-09-11,220.89999389648438,227.1999969482422,219.5,225.89999389648438,22032855
2025-09-12,222.60000610351562,223.10000610351562,218.8000030517578,220.89999389648438,12074295
2025-09-15,233.8000030517578,234.1999969482422,218.0,222.1999969482422,33720702
2025-09-16,232.5,234.5,229.5,234.39999389648438,22676863
2025-09-17,230.1999969482422,233.39999389648438,230.10000610351562,232.6999969482422,16183124
2025-09-18,229.8000030517578,236.1999969482422,229.5,232.5,24889016
2025-09-19,232.60000610351562,234.10000610351562,227.89999389648438,230.5,17665299
2025-09-22,233.8000030517578,238.60000610351562,233.6999969482422,238.3000030517578,16182609
2025-09-23,227.39999389648438,232.1999969482422,227.10000610351562,230.5,16767701
2025-09-24,224.6999969482422,228.1999969482422,221.6999969482422,227.60000610351562,20650469
2025-09-25,223.89999389648438,228.60000610351562,223.10000610351562,226.0,13213749
2025-09-26,219.0,224.60000610351562,218.3000030517578,223.89999389648438,20189320
2025-09-29,215.1999969482422,220.0,214.3000030517578,218.1999969482422,19113933
2025-09-30,216.5,218.8000030517578,215.1999969482422,216.8000030517578,20133418
2025-10-01,220.3000030517578,221.6999969482422,216.0,216.60000610351562,19061770
2025-10-02,224.0,226.3000030517578,221.1999969482422,221.5,20012930
2025-10-03,222.3000030517578,226.5,221.89999389648438,225.60000610351562,20262522
2025-10-06,220.8000030517578,227.6999969482422,220.1999969482422,224.0,20771386
2025-10-07,224.10000610351562,226.1999969482422,220.8000030517578,221.1999969482422,18983048
2025-10-08,216.5,225.1999969482422,215.60000610351562,223.89999389648438,27539897
2025-10-09,216.39999389648438,220.3000030517578,215.1999969482422,220.0,17757958
2025-10-10,215.60000610351562,218.5,215.1999969482422,216.8000030517578,13624453
2025-10-13,211.1999969482422,214.60000610351562,210.8000030517578,212.5,19636325
2025-10-14,208.6999969482422,215.1999969482422,208.10000610351562,212.6999969482422,24197277
2025-10-15,209.10000610351562,210.39999389648438,206.10000610351562,209.5,24226563
2025-10-16,207.8000030517578,212.5,207.10000610351562,209.10000610351562,19364471
2025-10-17,205.8000030517578,207.89999389648438,200.89999389648438,206.89999389648438,20701509
2025-10-20,212.0,212.60000610351562,203.5,206.8000030517578,23568309
2025-10-21,210.3000030517578,212.5,208.1999969482422,212.3000030517578,17454393
2025-10-22,206.1999969482422,212.5,206.1999969482422,211.0,21142020
2025-10-23,203.1999969482422,206.89999389648438,202.5,206.6999969482422,22035902
2025-10-24,208.39999389648438,214.60000610351562,204.3000030517578,204.3000030517578,35975893
2025-10-27,205.8000030517578,208.6999969482422,204.8000030517578,208.0,16074380
2025-10-28,205.1999969482422,206.3000030517578,205.10000610351562,205.3000030517578,5558619
2025-10-30,206.39999389648438,208.10000610351562,205.89999389648438,205.89999389648438,12607372
2025-10-31,210.0,210.3000030517578,206.39999389648438,206.5,21249813
2025-11-03,213.5,213.5,210.3000030517578,210.60000610351562,25888697
2025-11-04,213.8000030517578,215.3000030517578,212.0,213.0,20511952
2025-11-05,212.6999969482422,215.0,211.1999969482422,214.0,16877867
2025-11-06,213.60000610351562,215.10000610351562,211.0,214.0,19075869
2025-11-07,211.5,215.89999389648438,210.0,215.0,16447372
2025-11-10,205.5,213.5,205.39999389648438,213.10000610351562,22673532
2025-11-11,201.8000030517578,208.89999389648438,196.89999389648438,205.6999969482422,25622743
2025-11-12,201.39999389648438,203.89999389648438,201.0,203.3000030517578,10867144
2025-11-13,204.60000610351562,206.6999969482422,202.5,202.5,16489513
2025-11-14,204.0,206.0,201.8000030517578,203.8000030517578,14214505
2025-11-17,204.0,208.3000030517578,203.0,207.0,18695692
2025-11-18,202.6999969482422,205.6999969482422,202.3000030517578,203.5,13101614
2025-11-19,205.89999389648438,207.10000610351562,202.89999389648438,203.5,24533195
2025-11-20,206.89999389648438,209.10000610351562,205.39999389648438,207.0,14554676
2025-11-21,205.60000610351562,206.39999389648438,204.39999389648438,206.0,10465408
2025-11-24,205.0,208.39999389648438,202.8000030517578,205.1999969482422,22126235
2025-11-25,204.5,209.39999389648438,203.5,205.10000610351562,26059519
2025-11-26,203.89999389648438,205.89999389648438,203.8000030517578,205.0,12810633
2025-11-27,203.0,206.3000030517578,202.8000030517578,205.10000610351562,16237467
2025-11-28,201.0,204.3000030517578,200.60000610351562,202.89999389648438,18693914
2025-12-01,204.39999389648438,204.5,200.10000610351562,200.39999389648438,15747088
2025-12-02,205.60000610351562,206.60000610351562,204.1999969482422,205.0,15844919
2025-12-03,201.6999969482422,207.6999969482422,201.6999969482422,206.5,26926688
2025-12-04,197.3000030517578,204.3000030517578,197.0,202.39999389648438,20870031
2025-12-05,195.8000030517578,198.89999389648438,195.0,197.60000610351562,16803389
2025-12-08,203.3000030517578,204.3000030517578,199.1999969482422,200.0,30029771
2025-12-09,202.6999969482422,203.89999389648438,202.0,203.5,12600989
2025-12-10,202.8000030517578,205.6999969482422,202.5,202.6999969482422,20951393
2025-12-11,202.6999969482422,205.0,201.89999389648438,203.1999969482422,14975340
2025-12-12,205.10000610351562,206.1999969482422,203.3000030517578,203.3000030517578,14853912
2025-12-15,207.0,207.6999969482422,203.6999969482422,205.60000610351562,16480703
2025-12-16,207.60000610351562,209.1999969482422,206.5,208.0,17885257
2025-12-17,209.10000610351562,210.5,205.5,207.1999969482422,18442682
2025-12-18,211.3000030517578,214.39999389648438,209.1999969482422,209.6999969482422,21959142
2025-12-19,214.1999969482422,214.1999969482422,210.6999969482422,211.5,13980944
2025-12-22,209.39999389648438,215.6999969482422,209.1999969482422,215.5,14826807
2025-12-23,207.0,209.3000030517578,206.10000610351562,209.0,11074599
2025-12-24,206.1999969482422,207.6999969482422,205.10000610351562,207.10000610351562,10897833
2025-12-25,206.5,208.3000030517578,206.3000030517578,207.3000030517578,5556206
2025-12-26,204.5,206.60000610351562,203.5,206.60000610351562,7540648
2025-12-29,195.39999389648438,203.39999389648438,195.3000030517578,203.39999389648438,19540273
2025-12-30,192.1999969482422,196.3000030517578,191.60000610351562,195.6999969482422,17912229
2025-12-31,191.6999969482422,195.5,191.6999969482422,193.0,13745143
2026-01-02,195.0,196.0,192.5,192.60000610351562,13826375
2026-01-05,198.60000610351562,198.8000030517578,194.10000610351562,195.5,18017761
2026-01-06,206.8000030517578,207.1999969482422,199.0,199.0,23999979
2026-01-07,205.10000610351562,209.3000030517578,204.0,207.6999969482422,24231189
2026-01-08,206.39999389648438,207.1999969482422,201.1999969482422,205.1999969482422,17519493
2026-01-09,204.6999969482422,210.1999969482422,203.39999389648438,209.6999969482422,21269977
2026-01-12,204.39999389648438,206.1999969482422,203.10000610351562,204.6999969482422,19823648
2026-01-13,201.3000030517578,204.8000030517578,200.10000610351562,204.5,20361904
2026-01-14,197.10000610351562,202.3000030517578,195.89999389648438,201.89999389648438,16921211
2026-01-15,199.10000610351562,200.39999389648438,195.6999969482422,197.1999969482422,22073894
2026-01-16,201.5,204.10000610351562,200.39999389648438,201.5,25537485
2026-01-19,203.1999969482422,205.6999969482422,202.10000610351562,203.5,25862347
2026-01-20,199.5,203.1999969482422,198.60000610351562,203.10000610351562,20340766
2026-01-21,200.1999969482422,200.8000030517578,197.8000030517578,199.8000030517578,20389836
2026-01-22,202.8000030517578,203.5,199.0,201.6999969482422,24096745
2026-01-23,203.1999969482422,205.60000610351562,202.60000610351562,203.5,23195434
2026-01-26,201.10000610351562,204.0,200.0,202.1999969482422,22601633
2026-01-27,197.1999969482422,202.1999969482422,197.1999969482422,201.39999389648438,24096313
2026-01-28,198.89999389648438,201.60000610351562,197.5,197.5,33373278
2026-01-29,201.6999969482422,205.0,199.6999969482422,200.5,42987312
2026-01-30,203.5,204.3000030517578,199.39999389648438,202.0,37468402
2026-02-02,202.6999969482422,205.8000030517578,198.8000030517578,202.0,41128727
2026-02-03,209.39999389648438,209.6999969482422,203.89999389648438,204.0,40984654
2026-02-04,207.5,211.39999389648438,205.89999389648438,211.0,39403586
2026-02-05,205.1999969482422,208.1999969482422,204.89999389648438,207.3000030517578,28770714
2026-02-06,207.0,207.6999969482422,200.89999389648438,205.0,32983462
2026-02-09,209.1999969482422,210.39999389648438,207.6999969482422,209.0,31649936
2026-02-10,207.8000030517578,211.5,207.1999969482422,209.5,28685406
2026-02-11,207.0,209.3000030517578,205.1999969482422,206.3000030517578,29992256
2026-02-12,217.5,221.10000610351562,208.1999969482422,208.1999969482422,59896686
2026-02-13,218.10000610351562,221.5,216.6999969482422,217.5,49699900
2026-02-16,224.0,226.10000610351562,219.89999389648438,220.3000030517578,47308951
2026-02-17,223.0,224.89999389648438,219.60000610351562,223.6999969482422,44930319
2026-02-18,211.0,224.10000610351562,210.89999389648438,223.3000030517578,56037000
2026-02-19,202.0,212.8000030517578,201.89999389648438,212.3000030517578,40688280
2026-02-20,204.1999969482422,204.89999389648438,200.60000610351562,202.89999389648438,32137310
2026-02-23,203.3000030517578,208.39999389648438,202.3000030517578,208.0,22981091
2026-02-24,199.6999969482422,203.1999969482422,199.5,203.0,21929017
2026-02-25,198.3000030517578,201.6999969482422,198.3000030517578,200.6999969482422,20084626
2026-02-26,202.1999969482422,205.3000030517578,197.1999969482422,198.6999969482422,25662235
2026-02-27,196.5,204.1999969482422,196.5,203.89999389648438,28260028
2026-03-02,185.10000610351562,186.60000610351562,178.1999969482422,178.1999969482422,20724671
2026-03-03,181.39999389648438,188.89999389648438,181.3000030517578,183.3000030517578,22148228
2026-03-04,181.8000030517578,183.6999969482422,178.89999389648438,181.0,19770456
2026-03-05,180.6999969482422,184.6999969482422,180.6999969482422,183.39999389648438,12212759
2026-03-06,177.1999969482422,182.3000030517578,175.60000610351562,180.6999969482422,16142232
2026-03-09,173.60000610351562,174.60000610351562,167.3000030517578,173.0,27347010
2026-03-10,179.39999389648438,182.60000610351562,178.0,182.0,25306922
2026-03-11,180.0,180.3000030517578,176.5,179.5,13373576
2026-03-12,179.0,181.39999389648438,177.5,178.5,15562808
2026-03-13,177.3000030517578,178.6999969482422,174.6999969482422,178.6999969482422,11289915
2026-03-16,176.89999389648438,177.89999389648438,174.60000610351562,177.3000030517578,7860643
2026-03-17,179.89999389648438,180.1999969482422,176.8000030517578,177.5,9212884
2026-03-18,178.5,181.60000610351562,176.89999389648438,181.1999969482422,7090342
2026-03-19,177.5,177.8000030517578,176.5,176.6999969482422,3243073
2026-03-23,181.5,181.5,169.10000610351562,173.8000030517578,25873107
2026-03-24,179.0,181.6999969482422,178.10000610351562,180.0,10504753
2026-03-25,180.0,183.1999969482422,178.5,181.8000030517578,18272536
2026-03-26,177.60000610351562,180.39999389648438,177.39999389648438,179.39999389648438,9288261
2026-03-27,177.0,178.39999389648438,174.6999969482422,178.0,7664200
2026-03-30,174.60000610351562,176.0,174.0,175.89999389648438,7566692
2026-03-31,175.5,176.8000030517578,174.1999969482422,174.5,14540516
2026-04-01,179.39999389648438,182.5,178.10000610351562,182.0,14789687
2026-04-02,178.89999389648438,179.39999389648438,175.1999969482422,176.8000030517578,11688355
2026-04-03,176.60000610351562,179.10000610351562,176.3000030517578,178.5,7770031
2026-04-06,178.39999389648438,180.10000610351562,176.60000610351562,177.0,13171659
2026-04-07,175.0,179.10000610351562,174.1999969482422,178.0,9918002
2026-04-08,186.0,190.60000610351562,184.10000610351562,185.1999969482422,32599541
2026-04-09,185.3000030517578,186.60000610351562,183.5,185.0,16750455
2026-04-10,188.39999389648438,188.60000610351562,186.5,187.0,16415393
2026-04-13,183.6999969482422,184.8000030517578,182.60000610351562,184.8000030517578,13856574
2026-04-14,187.10000610351562,188.8000030517578,185.5,185.89999389648438,20505621
2026-04-15,188.3000030517578,190.5,187.89999389648438,188.8000030517578,18342364
2026-04-16,186.0,191.39999389648438,184.89999389648438,190.10000610351562,15848055
2026-04-17,196.89999389648438,198.0,185.5,186.5,32820718
2026-04-20,193.5,195.3000030517578,190.6999969482422,191.0,21385265
2026-04-21,190.1999969482422,195.10000610351562,190.10000610351562,193.89999389648438,16887087
2026-04-22,190.1999969482422,192.5,187.5,191.60000610351562,9994246
2026-04-24,189.10000610351562,190.39999389648438,186.60000610351562,189.8000030517578,13563866
2026-04-27,186.0,189.8000030517578,185.60000610351562,188.39999389648438,12094925
2026-04-28,180.5,185.89999389648438,180.5,185.8000030517578,10088006
2026-04-29,179.10000610351562,182.1999969482422,178.60000610351562,181.10000610351562,7175887
2026-04-30,180.60000610351562,181.39999389648438,177.89999389648438,178.3000030517578,11425201
2026-05-04,178.89999389648438,182.0,178.1999969482422,181.3000030517578,8698729
2026-05-05,178.6999969482422,180.3000030517578,177.6999969482422,178.5,8597670
2026-05-06,184.3000030517578,187.60000610351562,180.39999389648438,181.8000030517578,24157695
2026-05-07,187.5,188.1999969482422,185.39999389648438,185.39999389648438,13130496
2026-05-08,186.6999969482422,188.10000610351562,184.1999969482422,186.1999969482422,14732353
2026-05-11,185.0,185.89999389648438,184.3000030517578,185.89999389648438,11466985
2026-05-12,179.89999389648438,184.6999969482422,179.89999389648438,183.0,12343770
2026-05-13,177.0,181.6999969482422,177.0,180.5,10415991
2026-05-14,178.39999389648438,180.3000030517578,177.89999389648438,177.89999389648438,8516620
2026-05-15,176.60000610351562,178.10000610351562,175.60000610351562,178.0,6353847
2026-05-18,171.60000610351562,176.5,171.60000610351562,176.5,11004387
2026-05-20,173.39999389648438,174.10000610351562,169.10000610351562,171.1999969482422,9423514
2026-05-21,162.89999389648438,173.60000610351562,162.89999389648438,173.39999389648438,8895783
2026-05-22,168.10000610351562,169.39999389648438,161.5,162.89999389648438,24388212
2026-05-25,172.6999969482422,173.8000030517578,171.10000610351562,173.10000610351562,14689420
2026-05-26,170.10000610351562,172.6999969482422,170.10000610351562,172.5,3951093
2026-05-27,170.10000610351562,170.10000610351562,170.10000610351562,170.10000610351562,0
2026-05-28,170.10000610351562,170.10000610351562,170.10000610351562,170.10000610351562,0
2026-05-29,170.10000610351562,170.10000610351562,170.10000610351562,170.10000610351562,0
2026-06-01,168.39999389648438,172.5,168.10000610351562,171.5,10232891
2026-06-02,172.1999969482422,173.0,169.39999389648438,169.39999389648438,10896492
2026-06-03,170.0,173.1999969482422,169.8000030517578,171.1999969482422,10401590
2026-06-04,171.1999969482422,172.39999389648438,169.5,171.0,9564254
2026-06-05,168.60000610351562,171.8000030517578,167.6999969482422,171.5,7843804
2026-06-08,170.0,170.60000610351562,165.6999969482422,166.8000030517578,8090083
2026-06-09,168.89999389648438,170.8000030517578,168.0,170.39999389648438,9226231
2026-06-10,166.8000030517578,169.39999389648438,165.89999389648438,168.39999389648438,7656082
2026-06-11,165.5,167.8000030517578,163.60000610351562,166.8000030517578,8415745
2026-06-12,172.0,174.39999389648438,168.5,170.10000610351562,23502373
2026-06-15,181.1999969482422,183.3000030517578,179.89999389648438,183.3000030517578,17444149
2026-06-16,184.0,187.1999969482422,180.1999969482422,181.1999969482422,19521068
2026-06-17,180.0,185.60000610351562,180.0,185.1999969482422,8482928
2026-06-18,184.6999969482422,184.89999389648438,182.0,182.0,11247775
2026-06-19,183.6999969482422,186.3000030517578,181.39999389648438,182.0,16012710
2026-06-22,182.5,185.0,182.3000030517578,184.5,7505492
2026-06-23,178.10000610351562,182.0,177.3000030517578,181.6999969482422,9602331
2026-06-24,177.0,178.8000030517578,175.0,178.5,8464150
2026-06-25,180.6999969482422,183.3000030517578,178.5,178.8000030517578,13507357
2026-06-26,180.10000610351562,181.3000030517578,177.3000030517578,180.1999969482422,8847827
2026-06-29,177.10000610351562,180.1999969482422,176.8000030517578,180.10000610351562,8149690
2026-06-30,175.10000610351562,177.89999389648438,174.60000610351562,177.3000030517578,10255470
2026-07-01,176.60000610351562,177.8000030517578,173.89999389648438,175.10000610351562,11108592
2026-07-02,177.0,179.10000610351562,176.8000030517578,177.39999389648438,10340427
2026-07-03,174.10000610351562,177.6999969482422,173.89999389648438,177.60000610351562,9272893
2026-07-06,174.8000030517578,178.39999389648438,174.39999389648438,175.0,15068826
2026-07-07,174.10000610351562,177.8000030517578,173.3000030517578,174.1999969482422,16229751
2026-07-08,166.0,172.5,165.89999389648438,172.5,16635812
2026-07-09,167.3000030517578,167.3000030517578,165.0,167.0,10396523
2026-07-10,170.1999969482422,170.5,166.89999389648438,167.1999969482422,11446888
2026-07-13,165.39999389648438,168.6999969482422,164.3000030517578,168.6999969482422,11047153
2026-07-14,166.0,166.39999389648438,162.89999389648438,164.60000610351562,9838711
2026-07-16,167.6999969482422,169.39999389648438,165.60000610351562,166.10000610351562,10215552
2026-07-17,166.5,168.6999969482422,165.8000030517578,167.3000030517578,7511853
2026-07-20,164.6999969482422,166.39999389648438,163.39999389648438,166.39999389648438,11259998
2026-07-21,163.3000030517578,166.0,162.1999969482422,165.60000610351562,8295816
2026-07-22,163.0,163.6999969482422,162.5,163.3000030517578,7409350
2026-07-23,160.39999389648438,163.3000030517578,160.10000610351562,162.89999389648438,10705377
2026-07-24,161.60000610351562,163.0,159.89999389648438,160.1999969482422,9746993
2026-07-27,161.60000610351562,167.0,161.60000610351562,164.60000610351562,12284279
2026-07-28,159.6999969482422,164.10000610351562,158.6999969482422,162.3000030517578,10302297
2026-07-29,153.60000610351562,160.0,153.60000610351562,159.6999969482422,13982956
2026-07-30,148.6999969482422,154.0,148.39999389648438,153.3000030517578,12530607
2026-08-03,156.60000610351562,158.39999389648438,154.89999389648438,156.10000610351562,11903353
2026-08-04,158.89999389648438,159.6999969482422,154.3000030517578,156.5,14473115
2026-08-05,156.5,158.1999969482422,154.10000610351562,158.1999969482422,10401730
2026-08-06,154.6999969482422,157.3000030517578,154.3000030517578,156.8000030517578,7129238
2026-08-07,153.5,155.0,152.10000610351562,154.6999969482422,7435201
