Price,Close,High,Low,Open,Volume
2021-08-10,8.28857421875,8.313793582495753,8.128855590111726,8.179292714235967,11605869
2021-08-11,8.229730606079102,8.288574184542409,8.145667663974123,8.288574184542409,12549931
2021-08-12,8.355825424194336,8.389450445555298,8.162481751789748,8.26335681587263,19463784
2021-08-13,8.313794136047363,8.381044173813104,8.254949751739577,8.372637718671465,11996321
2021-08-16,8.465106964111328,8.465106964111328,8.33060687834855,8.339013334129662,16115205
2021-08-17,8.448294639587402,8.507138225192644,8.39785670786596,8.439888184019875,19901732
2021-08-18,8.389450073242188,8.515544499012691,8.347419399669064,8.490325934532073,12321431
2021-08-19,8.372637748718262,8.406262767721802,8.31379416588299,8.339012729714723,10358239
2021-08-20,8.41466999053955,8.431482100733195,8.313794924326391,8.381044968468498,9917802
2021-08-23,8.64163875579834,8.658451667805517,8.439888621814822,8.456701533822,25478930
2021-08-24,8.692075729370117,8.75091931152351,8.616419237067936,8.675262819221329,13071055
2021-08-25,8.549169540405273,8.708888184762907,8.532356629586726,8.675263164809525,11800503
2021-08-26,8.650044441223145,8.717294479893427,8.549169383217718,8.549169383217718,14278055
2021-08-27,8.742512702941895,8.767732067722255,8.59120052267806,8.650044103798237,11252447
2021-08-31,8.834982872009277,8.85179498164107,8.658451311614897,8.809763505035983,27096199
2021-09-01,8.742512702941895,8.927450702912877,8.7172941398452,8.8686071217927,14206264
2021-09-02,8.80135726928711,8.843388743113893,8.73410723183773,8.750919340358234,10092775
2021-09-03,8.633233070373535,8.801358181420722,8.599607246480332,8.801358181420722,14976371
2021-09-06,8.616419792175293,8.666857724187405,8.56598186016318,8.658451268571431,8754528
2021-09-07,8.549169540405273,8.641638144856143,8.523950975861165,8.608013124902762,7290648
2021-09-08,8.372637748718262,8.549169298907767,8.355824838374648,8.54076284373596,14883779
2021-09-09,8.347418785095215,8.347418785095215,8.212918715522802,8.322199420787648,22283553
2021-09-10,8.246543884277344,8.439887537415505,8.246543884277344,8.381043956318441,12959973
2021-09-13,8.229730606079102,8.305387093636856,8.20451204412106,8.263355622584367,8693858
2021-09-14,8.229730606079102,8.322199201047674,8.187699135026612,8.263355622584367,13983454
2021-09-15,8.187699317932129,8.28857436970138,8.170887210145745,8.238137244658578,13433758
2021-09-16,8.112042427062988,8.271761852386112,8.070011758836111,8.229730382475626,12298335
2021-09-17,8.128856658935547,8.170888135688019,8.06160661680509,8.162481680000775,11099836
2021-09-20,8.095231056213379,8.137262529945813,7.994356000265747,8.061606037564168,9476520
2021-09-21,8.19610595703125,8.204512411955362,8.112043011157464,8.154074484094357,13832894
2021-09-22,8.271761894226074,8.271761894226074,8.128855376817743,8.254948985503395,8576506
2021-09-23,8.086823463439941,8.313792908653806,8.00276132948499,8.313792908653806,22720428
2021-09-24,7.910292625427246,8.086824164218958,7.834636137133136,8.036387039811977,19729310
2021-09-27,8.17088794708252,8.17088794708252,7.87666841829032,7.95232491436167,27742150
2021-09-28,7.9691362380981445,8.196105703938434,7.935511221123691,8.170887141628503,31523757
2021-09-29,8.02798080444336,8.086824385086521,7.9775428769751775,8.019574349584719,20208103
2021-09-30,8.229730606079102,8.296980639089632,7.935511110395307,8.036386961594733,34829740
2021-10-01,8.221324920654297,8.26335639563892,8.112043406367759,8.170887792019714,23788561
2021-10-04,8.137262344360352,8.296980978880502,8.112042979685857,8.21291883501651,21953763
2021-10-05,8.179293632507324,8.187700088033017,8.019574985937789,8.120450047194925,16298583
2021-10-06,8.061606407165527,8.137262903015804,7.960731346593065,8.12885644754717,15437960
2021-10-07,8.28857421875,8.372637161201913,8.179292714235967,8.330605689975956,33497226
2021-10-08,8.305387496948242,8.364231078269006,8.280168933765582,8.280168933765582,15932304
2021-10-11,8.48192024230957,8.540763831953397,8.305388671694306,8.305388671694306,20379989
2021-10-12,8.456700325012207,8.582793940307006,8.423075307488016,8.456700325012207,20287197
2021-10-13,8.490326881408691,8.658451999502331,8.423076834171235,8.515545448701788,26268705
2021-10-14,8.498732566833496,8.599607638055057,8.448295432064619,8.456701888420698,21954399
2021-10-15,8.423075675964355,8.540762841605543,8.280169144814037,8.523950732949812,22307891
2021-10-18,8.431480407714844,8.490324785786218,8.372636831327073,8.397855392395602,12853333
2021-10-19,8.490326881408691,8.557576928646148,8.465107512431796,8.473513968757429,13186728
2021-10-20,8.650044441223145,8.700482371067706,8.498731453373157,8.498731453373157,20339234
2021-10-21,8.650044441223145,8.734107390402848,8.490325799802145,8.633232332397423,37962899
2021-10-22,8.87701416015625,8.944264200623184,8.608013196604793,8.64163821683826,31604514
2021-10-25,9.011513710021973,9.011513710021973,8.767732127274986,8.809762798827071,26841103
2021-10-26,9.213263511657715,9.230075619380012,9.011513408888279,9.053544880719489,24524157
2021-10-27,9.322546005249023,9.322546005249023,9.137607990612068,9.238483052682117,25776222
2021-10-28,9.347764015197754,9.347764015197754,9.255295414212695,9.305732541410478,4435821
2021-11-01,9.490671157836914,9.524296178701023,9.255296011788147,9.364577530017437,16697268
2021-11-02,9.465452194213867,9.541108688394706,9.364577135867316,9.507483668945856,16287068
2021-11-03,9.742857933044434,9.742857933044434,9.339356934090256,9.465451347000023,30956629
2021-11-04,9.868953704833984,9.986641688977917,9.759672177061148,9.8437351374045,17416039
2021-11-05,10.179984092712402,10.205203458648002,9.910983936202308,10.003452539581728,31574481
2021-11-08,10.423766136169434,10.448985503196667,10.171578879366997,10.196797444710494,20814239
2021-11-09,10.608704566955566,10.642329589288082,10.331297932291376,10.440579455292992,32164624
2021-11-10,10.760016441345215,10.936547990522858,10.642328474665558,10.886110061464809,43686960
2021-11-11,10.68436050415039,10.835673497508612,10.64232902803047,10.73479843583104,26229434
2021-11-12,10.751609802246094,10.785234820481525,10.717984784010662,10.734797693970215,11605060
2021-11-15,11.819206237792969,11.819206237792969,11.096267100167392,11.155111486845296,57687658
2021-11-16,11.836017608642578,12.046174172434787,11.718329644312819,11.852830518554116,55513745
2021-11-17,11.701519012451172,11.962112735489447,11.440924487729127,11.852832014011312,39835712
2021-11-18,11.709924697875977,12.00414342393452,11.424111625596916,11.793986847456825,54997694
2021-11-19,11.634268760681152,11.911675390816386,11.583830827163949,11.85283180311611,21251819
2021-11-22,11.609049797058105,11.785581355795014,11.533393300216039,11.718330512848055,19102237
2021-11-23,11.331643104553223,11.852832160435847,11.28120597119928,11.609050544735036,65022720
2021-11-24,11.306424140930176,11.5502057480723,11.171924054463316,11.449330683222154,68679409
2021-11-25,11.390486717224121,11.533393254766262,11.29801730958878,11.348455241179305,48619539
2021-11-26,10.928142547607422,11.30642424468785,10.75161098207872,11.30642424468785,44035353
2021-11-29,11.012205123901367,11.054235798597237,10.72639204654056,10.9617671919091,42420129
2021-11-30,10.877703666687012,10.978579525362735,10.818860083862582,10.94495450636539,34868426
2021-12-01,11.155111312866211,11.323236411430118,10.978579758953181,10.978579758953181,45353550
2021-12-02,11.239173889160156,11.3064239311458,11.15511173751997,11.222361779505615,28983749
2021-12-03,11.659486770629883,11.701518246276043,11.314830113362069,11.323236568828044,42924364
2021-12-06,11.693111419677734,11.793986477016572,11.508173413714685,11.73514289398984,29399371
2021-12-07,11.953705787658691,12.012549370038556,11.701517746242054,11.802392802471973,39816398
2021-12-08,12.138643264770508,12.273144144473031,11.861236653435762,12.046174661553493,52712520
2021-12-09,12.289957046508789,12.525332198231526,12.113425482295797,12.197488437324367,59540255
2021-12-10,12.071393013000488,12.39923754865582,11.86964289952814,12.315174600533831,60398691
2021-12-13,12.525331497192383,12.727082417632257,12.172268388527238,12.189081299265439,51912328
2021-12-14,13.012895584106445,13.029708496006272,12.668238906997617,12.743895407179313,48912757
2021-12-15,13.02130126953125,13.323927252350385,12.895207644479086,13.181020716393286,50773047
2021-12-16,14.080489158630371,14.156145646558066,13.080144311444595,13.28189441146269,66526403
2021-12-17,12.676644325256348,14.845460078404734,12.676644325256348,14.458772756567512,82701623
2021-12-20,12.348800659179688,12.987676873984034,11.42411216040011,12.231113483920403,55505456
2021-12-21,11.121484756469727,12.60098712942173,11.121484756469727,12.365612006987801,57197505
2021-12-22,10.558267593383789,11.062642935971112,10.31448597737897,10.928142844614493,51303129
2021-12-23,10.844078063964844,10.995391042149727,10.289264879531803,10.835672410930743,34302827
2021-12-24,11.323237419128418,11.34004952963913,10.919736344982226,10.961767823784673,24934327
2021-12-27,11.239173889160156,11.642674942757754,11.13829882618169,11.424111905462544,31584839
2021-12-28,10.944955825805664,11.348456102416709,10.785236365050954,11.348456102416709,23887421
2021-12-29,11.21395492553711,11.281204965134155,10.751610302044654,10.894516836609299,23086645
2021-12-30,10.995391845703125,11.348454952814265,10.978579736722631,11.281204913524878,18156613
2021-12-31,11.121484756469727,11.222360610625065,10.94495401590702,11.012204050888144,15889680
2022-01-03,11.516579627990723,11.516579627990723,11.188735898918807,11.272798044100773,19340250
2022-01-04,11.676300048828125,11.819206589509818,11.39048696746474,11.625862116129516,40596327
2022-01-05,11.936894416809082,12.01255091915899,11.50817477128213,11.651081319791114,26531844
2022-01-06,12.273144721984863,12.331988308466054,11.82761219047839,11.928487253739176,38563971
2022-01-07,12.449675559997559,12.550550617399216,12.155456041313286,12.323581136982716,35680073
2022-01-10,12.550551414489746,12.752301542106293,12.550551414489746,12.609395001290304,20027151
2022-01-11,12.609395027160645,12.735488656758752,12.31517548918673,12.668238614081929,33845957
2022-01-12,12.643020629882812,12.769114265279281,12.558957671829312,12.735489242394637,33246109
2022-01-13,12.735487937927246,12.785925867929858,12.491706346562633,12.567362840724703,34148297
2022-01-14,12.937238693237305,13.02970729511262,12.668237739419103,12.769112796469544,33489883
2022-01-17,12.912018775939941,13.113769683103053,12.886800213175924,13.029706738311452,22828957
2022-01-18,12.323582649230957,13.054927506400343,12.315176192994992,12.912020957124094,27914651
2022-01-19,13.012895584106445,13.012895584106445,12.256332185657005,12.399238730070484,33483036
2022-01-20,13.096957206726074,13.365957356264026,12.79433203849588,13.029707169341586,45697142
2022-01-21,12.970864295959473,13.105364378079402,12.785926282202706,13.07173935754942,31818617
2022-01-24,12.323582649230957,13.113771898368311,12.222707579450745,12.90361530257192,48078482
2022-01-25,12.55895709991455,12.718676552606079,12.130238278079455,12.424457014500893,28614800
2022-01-26,12.752301216125488,12.853176277355143,12.567363203029263,12.609394678962548,21827773
2022-01-27,12.844769477844238,12.853175933142513,12.449675699029777,12.483300718539173,28958920
2022-01-28,12.701863288879395,12.937239233510336,12.69345763503693,12.878394846510739,26589669
2022-01-31,12.769112586975098,12.844769078942605,12.668237531579647,12.836363425589076,16176954
2022-02-01,12.735487937927246,12.954050965132403,12.727082284329894,12.82795734265142,22982102
2022-02-02,12.886799812316895,12.996081316473184,12.743893291626641,12.827956233803366,25666809
2022-02-03,12.600988388061523,12.94564505218645,12.516926236780465,12.853176445272165,18309645
2022-02-04,12.424455642700195,12.68505013067938,12.331987044608823,12.67664367584826,21341160
2022-02-07,12.718676567077637,12.811145175483801,12.180675423127113,12.416051374552575,23424429
2022-02-08,12.676644325256348,12.89520735196028,12.58417572242793,12.73548790872137,25569022
2022-02-09,12.903613090515137,12.962456670711802,12.735487201352687,12.7775186736433,34151185
2022-02-10,13.012895584106445,13.096958540238056,12.886801951592792,12.90361486349262,31120976
2022-02-11,13.046520233154297,13.054925886663574,12.685050676693555,12.886800791222656,23312154
2022-02-14,12.912018775939941,13.080144665523143,12.516925019796924,12.811143723200214,27893295
2022-02-15,13.357552528381348,13.407989658695005,12.920426456683094,12.928832912296613,22526017
2022-02-16,13.534083366394043,13.592926949184482,13.34073890600823,13.450020418107396,21674923
2022-02-17,13.27348804473877,13.609739015345056,13.181019448705953,13.542488981560526,21091956
2022-02-18,13.391178131103516,13.399583785398596,13.147396519503335,13.340740196914203,16605140
2022-02-21,13.46683406829834,13.643364826368156,13.273489597290293,13.576114784717635,20237976
2022-02-22,13.391178131103516,13.500458852093452,13.096958585314024,13.181021541734955,20666255
2022-02-23,13.382771492004395,13.534084490818106,13.357552926096695,13.45842799141125,21781085
2022-02-24,12.138643264770508,12.617800794817189,12.046174661553493,12.247924778581726,30881815
2022-02-25,13.080145835876465,13.11377085646499,12.2899566495205,12.51692613975585,35005481
2022-02-28,13.063332557678223,13.265082675540475,12.760707380884845,12.785925945196702,28113420
2022-03-01,12.970864295959473,13.29030239183617,12.802738391625834,13.189426528562496,20272994
2022-03-02,13.105363845825195,13.21464535853027,12.90361373083907,12.987675877908108,20133955
2022-03-03,13.365958213806152,13.52567766410446,13.239864586041158,13.239864586041158,21223858
2022-03-04,13.012895584106445,13.34074015099921,13.012895584106445,13.298708672933405,26988920
2022-03-07,12.85317611694336,13.054926236884759,12.643019541583472,12.920426156923826,24370975
2022-03-08,12.777519226074219,12.996082250087966,12.643019150276126,12.693457079542256,27124463
2022-03-09,13.147395133972168,13.164207242474358,12.844769164095904,12.90361354806278,29027229
2022-03-10,12.979269027709961,13.349145028945454,12.886800428242923,13.206238501424968,29191541
2022-03-11,13.323927879333496,13.48364733371144,12.954051838856815,13.01289542642566,30114456
2022-03-14,13.91236400604248,13.945989826166095,13.382770166034367,13.416395184474306,33745981
2022-03-15,13.794677734375,14.088897266012875,13.64336474076881,13.887147142327107,27444555
2022-03-16,14.004834175109863,14.021647086092575,13.811490508911012,13.878740549474415,25218923
2022-03-17,14.257020950317383,14.475583975692151,14.038459528310002,14.08889665620652,30497165
2022-03-18,14.307458877563477,14.425146037164303,14.147739444271425,14.290645968086986,21031507
2022-03-21,14.652116775512695,14.67733453854682,14.366303703098083,14.44196019893533,14482295
2022-03-22,14.668929100036621,14.752990444613152,14.584866152092719,14.668929100036621,17859020
2022-03-23,14.458773612976074,14.719367328056725,14.408334878417891,14.710960872297028,20335020
2022-03-24,14.526021957397461,14.837052767305089,14.458771922549813,14.500802593066854,26302366
2022-03-25,14.416741371154785,14.652117322927547,14.399928459592267,14.551241456919936,14856308
2022-03-28,14.391523361206055,14.517616989034819,14.299053952560143,14.458773402939228,15510195
2022-03-29,14.73617935180664,14.786616479958788,14.450366286665481,14.45877274191874,29315030
2022-03-30,15.047210693359375,15.131273645396176,14.744586310741317,14.752991162914292,27142427
2022-03-31,14.752991676330566,15.148087083642947,14.752991676330566,15.131274171976994,21859178
2022-04-01,15.007657051086426,15.14816160443621,14.84080726587866,14.928623030458873,22983681
2022-04-04,15.350135803222656,15.358917546667705,14.990092696707146,15.095471943101433,31170521
2022-04-05,15.27988338470459,15.481858457173205,15.130597097456857,15.376480886731441,39263917
2022-04-06,15.077908515930176,15.455515110831364,15.077908515930176,15.262320104167703,29027023
2022-04-07,15.235976219177246,15.358917275343506,15.10425341972107,15.12181523135463,26567632
2022-04-08,16.45660972595215,16.45660972595215,15.464296203726324,15.578455514268814,57448004
2022-04-11,18.089977264404297,18.089977264404297,16.597114420639116,16.605896163831414,93987276
2022-04-12,19.143760681152344,19.24913992097893,17.49283154014124,18.33585875896916,88462387
2022-04-13,18.88031578063965,19.688217732204404,18.318297614315036,19.319392891817316,77639725
2022-04-14,19.073511123657227,19.38964721312027,18.722249732557415,19.38964721312027,45671335
2022-04-15,19.03838348388672,19.372081345712974,18.93300424202535,19.14376105080186,49263906
2022-04-18,18.212919235229492,19.03838471241358,18.16023044837197,19.03838471241358,58393233
2022-04-19,18.28316879272461,18.52905255310196,18.107538970980293,18.353421056411555,86893931
2022-04-20,17.931907653808594,18.406110019706247,17.914344168974505,18.388548209818264,44243833
2022-04-21,18.248044967651367,18.406111317464624,17.94947240420485,17.984597701403498,40562840
2022-04-22,17.77384376525879,18.52905703893816,17.721154973474285,18.177795635463973,50044738
2022-04-25,18.17779541015625,18.42367755206731,17.545523216793026,17.82653233608936,57310615
2022-04-26,17.721153259277344,18.37098721158168,17.48405120676261,18.353423724370295,59221601
2022-04-27,17.98459815979004,18.17779316161849,17.633336804119583,18.17779316161849,45246023
2022-04-28,17.756277084350586,18.423674468448567,17.7035883020378,18.037287831559887,50947363
2022-04-29,17.59821319580078,17.896784120579664,17.422581663628335,17.86165881911303,57623433
2022-05-05,17.791406631469727,18.125104534354154,17.70359086493811,17.984599977882137,48019385
2022-05-06,17.308420181274414,17.7387172555708,17.141572072816867,17.72115376785536,59452096
2022-05-09,17.299638748168945,17.43136154575475,16.948375721345137,17.255730032342846,51919531
2022-05-10,17.65089988708496,17.721152156612867,17.431361335441977,17.431361335441977,12081716
2022-05-11,17.703590393066406,18.634433473619406,17.47527007614843,18.616871660738322,85293194
2022-05-12,16.641023635864258,17.73871644364036,16.48295560355309,17.4050168921065,145379787
2022-05-13,16.93959617614746,17.04497374749121,16.623460112223622,17.001066705255695,155127004
2022-05-16,16.886903762817383,17.264510312185042,16.878122020396496,16.922030732500936,94476255
2022-05-17,17.053756713867188,17.141572479581853,16.66736834969051,16.96594094815252,81867289
2022-05-18,17.0976619720459,17.361109241651956,16.99228440416047,17.018627958658705,71257832
2022-05-20,17.33476448059082,17.369891454132585,17.00984835006093,17.071318878812733,69696761
2022-05-23,17.211824417114258,17.519178753570053,17.09766342145672,17.466488290214397,83718729
2022-05-24,17.299638748168945,17.42257980258953,17.229386477793433,17.290857005003726,65847470
2022-05-25,17.6684627532959,17.738715020358963,17.290856189727105,17.343544971287862,69677018
2022-05-26,18.037290573120117,18.12510466533991,17.554304691179016,17.703590992877693,78850748
2022-05-27,17.844093322753906,18.335859212569027,17.73871575526664,18.089977105134583,72616198
2022-05-30,18.651994705200195,18.845188023093517,18.08997656227695,18.107540047979846,124896641
2022-05-31,18.63443374633789,18.827628765374758,18.423676914162918,18.792501789205723,179683142
2022-06-01,18.23048210144043,18.73981149023541,18.17779331637785,18.63443224516398,76507159
2022-06-02,18.423675537109375,18.54661826956539,18.107541149949174,18.335859778196873,60099976
2022-06-03,18.054851531982422,18.493928672083772,18.002162744155243,18.406112909074228,54039933
2022-06-06,18.3885498046875,18.599306616137532,18.14266602052267,18.19535480464862,65893761
2022-06-07,18.599306106567383,18.757374129560837,18.423674597697723,18.6519948892498,99074583
2022-06-08,17.440143585205078,18.933004774783026,17.03619176747359,18.757374933333647,110715005
2022-06-09,17.56308364868164,17.59821061995317,17.001065507906606,17.440142599123647,102500542
2022-06-10,17.124008178710938,17.826530921192337,17.018628929865557,17.343546745104668,73520780
2022-06-13,17.299638748168945,17.39623457309387,17.00106618033646,17.07131845071197,53419783
2022-06-14,17.229385375976562,17.44892391622886,17.036190388589013,17.405015203210716,46802167
2022-06-15,17.5279598236084,17.5279598236084,16.98350507074169,17.290859424751726,48033648
2022-06-16,17.036191940307617,17.510396034418967,16.878123908937166,17.501614291015464,44505244
2022-06-17,17.19426155090332,17.22060678353353,16.957159482070754,17.08888229532892,54695179
2022-06-20,17.50161361694336,17.5806476295846,17.282075065150185,17.282075065150185,51892810
2022-06-21,17.6684627532959,17.79140380191972,17.545520029725907,17.59821048623283,42427390
2022-06-22,17.931907653808594,18.054848697755006,17.440141803076852,17.53673761977213,56838542
2022-06-23,17.545522689819336,17.98459984426895,17.45770692394013,17.967036356103822,44878946
2022-06-24,18.107540130615234,18.160228913018194,17.510395013561066,17.686024846552993,60182003
2022-06-27,17.86166000366211,17.967037589996867,17.563087384136075,17.650903156046063,47904436
2022-06-28,17.68602752685547,18.195356967129023,17.484052434579812,17.861659061410396,70629378
2022-06-29,16.851781845092773,17.738717907986754,16.851781845092773,17.738717907986754,56752115
2022-06-30,16.60589599609375,17.04497310159585,16.447827970121597,16.684930009079828,64709880
2022-07-01,16.728837966918945,16.860562445749213,16.570771607226007,16.605896906620107,44162172
2022-07-04,16.482955932617188,16.983503594964567,16.474174188986105,16.825435559497745,36465248
2022-07-05,15.929716110229492,16.597113480524097,15.894590814396174,16.553206441995908,40542008
2022-07-06,16.228290557861328,16.289761088960248,15.912156158645981,16.061442452006077,40485140
2022-07-07,16.333667755126953,16.412701763736212,16.245852003900424,16.289759042040618,30579382
2022-07-08,16.40392303466797,16.412704778898522,16.263418476872022,16.28976203461723,8870266
2022-07-13,16.1141300201416,16.50051833988769,15.877027982460168,16.439046138493588,35324351
2022-07-14,15.885810852050781,16.210726993444034,15.850683877334568,16.079004188150922,31811831
2022-07-18,16.28976058959961,16.31610581995426,16.06144195964452,16.06144195964452,33412975
2022-07-19,16.869342803955078,16.992285541310586,16.228290585755403,16.245854073227097,44994745
2022-07-20,16.965940475463867,17.053756238731896,16.76396539240986,16.957158731642426,31090569
2022-07-21,16.895687103271484,17.132789146222805,16.81665308895438,16.974721117588594,32091043
2022-07-22,17.32598304748535,17.56308509829951,16.957158193423208,16.957158193423208,48768686
2022-07-25,17.50161361694336,17.53673891425823,17.19425930944367,17.343545591660877,34779861
2022-07-26,17.33476448059082,17.75627811341427,17.22060516647266,17.545521297002544,34978196
2022-07-27,17.387453079223633,17.440143538970407,17.1942597516576,17.43136179567928,26032901
2022-07-28,17.141572952270508,17.519179582793797,17.141572952270508,17.49283434986899,38004382
2022-07-29,17.448925018310547,17.492832059155738,17.03619146460227,17.211822977875524,52657447
2022-08-01,18.142667770385742,18.21292004764493,17.51039727505306,17.51039727505306,48033685
2022-08-02,18.300735473632812,18.634433365690096,17.91434711839829,18.1602309217196,55900865
2022-08-03,18.73981285095215,18.73981285095215,18.33586100295097,18.476367231563938,33615845
2022-08-04,18.96813201904297,19.1086365641884,18.84518928583099,18.89787974647025,32922629
2022-08-05,19.37208366394043,19.547715196411524,18.827628928183604,19.03838576218106,41896854
2022-08-08,20.23267364501953,20.425866966736375,19.495023980360724,19.512585791465003,49978075
2022-08-09,20.07460594177246,20.443430780005293,19.74090640125663,20.285362752913187,45461071
2022-08-10,20.5312442779541,20.900069105699203,19.86384856579268,20.02191491344384,54572798
2022-08-11,21.19864273071289,21.216206217428,20.460993038141197,20.777129099228002,56039411
2022-08-12,20.79469108581543,21.304020439186584,20.46099156208658,20.864943352661584,79959838
2022-08-15,20.5312442779541,20.917632591531397,20.35561444447075,20.84738032314882,41925705
2022-08-16,21.30402183532715,21.30402183532715,19.776033675078306,20.61906093247921,72095347
2022-08-17,21.918729782104492,21.971420244282395,21.181081736023636,21.391838559896215,49363846
2022-08-18,21.743099212646484,22.217301631912402,21.075701788355023,21.93629254272574,77784675
2022-08-19,21.602596282958984,21.918730694453515,21.374275962190126,21.707973861808355,42908692
2022-08-22,22.392932891845703,22.463185163332074,21.198642601631125,21.620157905495624,64198183
2022-08-23,22.83201026916504,22.972514813748813,22.287553902693197,22.42806012222326,52507876
2022-08-24,22.041671752929688,23.095455835672215,21.93629250718229,23.077894023836222,46781832
2022-08-25,22.83201026916504,22.972514813748813,21.988983001662394,22.041671787144736,52386957
2022-08-26,22.34024429321289,23.358903075730726,22.076797016732996,22.97251474186132,64556397
2022-08-29,22.6563777923584,22.79688233099735,22.0943596378026,22.322679931827448,41371544
2022-08-31,22.35780906677246,22.90226550366499,22.35780906677246,22.69150865952977,40826151
2022-09-01,22.059236526489258,22.44562320856073,21.743100445752248,22.217302891911377,36100328
2022-09-02,23.00764274597168,23.165709109004478,22.00654573041914,22.182177255939617,68828461
2022-09-05,24.465377807617188,24.658571138583383,23.306214471927426,23.534533101730066,88342026
2022-09-06,24.27218246459961,25.16790018426378,23.358902933234273,24.58831852446844,79454993
2022-09-07,24.395126342773438,24.623446655082557,23.65747661837363,24.41268815530002,52478008
2022-09-08,24.51806640625,25.361093671247204,24.324873076758045,24.693697923930895,59206120
2022-09-09,25.08008575439453,25.220590305123636,24.46537876369128,24.728824377571765,55651241
2022-09-12,26.344629287719727,26.520260819616425,24.9747090337433,25.536727255898466,69837032
2022-09-13,24.3775634765625,27.134967432124554,24.307311199826728,27.134967432124554,78573985
2022-09-14,24.324872970581055,24.58831857100618,23.165707973850175,24.149241453666786,61454758
2022-09-15,23.446720123291016,24.74638806553244,23.446720123291016,24.44781547407882,49128091
2022-09-16,23.499406814575195,24.149240727709092,23.37646576139874,23.44671803106332,43054895
2022-09-19,22.726633071899414,24.09655501749943,22.621255491435686,23.53453511355592,48056963
2022-09-20,23.56966209411621,23.74529362817914,22.18217833484766,22.990080376633554,58589755
2022-09-21,23.235960006713867,23.58722303693071,23.007641381997683,23.306213952714245,48007599
2022-09-22,23.938486099243164,24.026301863059476,23.14814757478913,23.16570938759529,53039165
2022-09-23,23.78041648864746,24.605881934083914,23.727727703816363,24.272182388612336,69250316
2022-09-26,23.341341018676758,23.78041816475792,22.972516148970726,23.67503891272203,46018715
2022-09-27,23.604785919189453,24.07899002652417,23.20083576104181,23.464281370707983,50842276
2022-09-28,22.972515106201172,23.74529178619608,22.972515106201172,23.411592232351726,41505945
2022-09-29,22.42806053161621,23.253524327377,21.76066309518773,23.113019780228512,42937026
2022-09-30,22.638818740844727,22.796885109871713,22.269993863222243,22.41049841898829,39079538
2022-10-03,24.658571243286133,24.658571243286133,22.744194712601736,22.744194712601736,43505704
2022-10-04,24.76395034790039,25.15033700925415,24.395125498465404,24.834202620414374,65509737
2022-10-05,24.623445510864258,25.009832167635878,24.166804907465494,24.869327624274145,40696242
2022-10-06,25.905550003051758,26.098743332297246,24.799075462944806,24.85176424820334,60499716
2022-10-07,25.606977462768555,26.01092928348382,25.41378413326334,25.923113524637344,52622262
2022-10-10,25.466472625732422,25.870422766856038,25.29084111005921,25.677229439572518,49444691
2022-10-11,25.097646713256836,25.712355316971433,24.992267473354318,25.64210304868515,53531287
2022-10-12,24.149240493774414,25.115210448514635,24.09655171077294,25.09764696253207,48858017
2022-10-13,24.658571243286133,24.90445503597049,24.149241845897777,24.25462109274716,52532121
2022-10-14,25.00983238220215,25.37865723042751,24.88689132444246,25.150336926769306,38194764
2022-10-17,27.5037899017334,27.5037899017334,25.132774512759358,25.150336324199774,72425475
2022-10-18,27.819927215576172,28.768332074117836,27.43353887231919,28.20631388388683,89825955
2022-10-19,28.856149673461914,29.06690482104591,27.468666002260836,27.872616160040714,55045080
2022-10-20,28.80345916748047,30.208507998755532,28.750772055611545,28.979090690126437,60890943
2022-10-21,29.488422393798828,29.628926944905444,28.46976021090995,28.803459775997936,37502787
2022-10-24,29.523544311523438,29.927497803746558,29.347912795325456,29.64648536789426,35690093
2022-10-25,29.85724449157715,30.120690096524307,29.242535846772036,29.62892586059431,45865168
2022-10-26,29.365476608276367,30.401698880478317,29.242535550539287,30.10312630459144,38151465
2022-10-27,28.57513999938965,29.505981357214388,28.46975907783422,29.383040298625655,34086939
2022-10-28,27.83749008178711,28.733207808696765,27.78479962141857,28.575139777483734,21541416
2022-10-31,29.453292846679688,29.453292846679688,27.48622595305914,28.065807594501297,54162594
2022-11-01,29.33035659790039,30.261198063951504,29.172288547081713,29.59380223263386,38544388
2022-11-02,29.27766227722168,29.945058020691025,29.084467273897044,29.45329379389021,36926550
2022-11-03,29.541109085083008,29.699177121558126,28.891276801701014,29.365477561233686,42206605
2022-11-04,30.05044174194336,30.173382810104183,29.383042586366212,29.59380109599396,74305506
2022-11-07,32.210697174072266,32.66733777211068,30.296320699558066,30.401698268369234,83526112
2022-11-08,32.122886657714844,32.82540944426478,31.648682520583804,32.42145591084229,72836305
2022-11-09,31.578426361083984,32.70246609093742,31.490612275109292,32.158008038237845,35337679
2022-11-10,32.403892517089844,32.56196054692092,31.05153419515399,31.367670254816144,52525311
2022-11-11,31.789188385009766,33.194234015882664,31.613556843677397,32.84297428311095,49232031
2022-11-14,32.31607437133789,32.614646937780535,31.631115157101668,31.789183183447328,36586945
2022-11-15,32.667335510253906,32.94834457422188,31.824308318349978,32.49170400780085,55708167
2022-11-16,32.263389587402344,34.12507571531461,32.22826261237371,32.77271732574667,71919375
2022-11-17,31.490610122680664,32.28094689211019,30.665143031412757,32.245823270056654,43974279
2022-11-18,31.96481704711914,32.4565812986826,31.40279549550091,31.437922470581935,45723338
2022-11-21,33.80894088745117,33.80894088745117,32.08775924624612,32.1404463608406,47741459
2022-11-22,34.862728118896484,35.03835965763537,33.791378747492956,34.248019408256866,56568986
2022-11-23,35.19642639160156,35.2491135063283,34.07238659563361,34.985667883016056,68645431
2022-11-24,34.739784240722656,35.740879575812315,34.38852119161733,35.1964248646025,85570270
2022-11-25,35.30179977416992,35.58280885228154,34.26557754242365,34.810032212528355,87448465
2022-11-28,35.88138198852539,36.33802258520956,35.512555473941354,35.60037290593398,57002781
2022-11-29,35.670623779296875,36.10970089300031,35.02079152695561,35.98675983714615,43888727
2022-11-30,36.82978820800781,36.82978820800781,35.424742741518735,35.82869289439777,49149123
2022-12-01,36.496089935302734,37.303990195280115,36.17995388578378,37.216176114810374,49285972
2022-12-02,35.108604431152344,36.54877677977057,34.75734476191681,36.53121329382493,76921734
2022-12-05,35.44230651855469,35.95163424811426,34.96810241352522,35.56524757914173,55097736
2022-12-06,35.47743225097656,36.05701390909157,35.213983301921296,35.45986876438004,53909040
2022-12-07,34.6519660949707,35.74087884501803,34.248015941684045,35.582810811141925,51239825
2022-12-08,35.0559196472168,35.372055745621005,34.142641679473826,34.757350387493894,56388171
2022-12-09,35.213985443115234,35.37205348220274,34.77490830118166,35.28423939377312,63224018
2022-12-12,35.9340705871582,36.23264316852283,35.12617027869665,35.354488911555414,206894421
2022-12-13,35.86381530761719,36.16238785001227,35.319360677329286,35.86381530761719,108949284
2022-12-14,34.16020202636719,36.26777023872939,34.16020202636719,36.0043246309207,107172180
2022-12-15,34.687095642089844,35.53012298536634,33.87919527558975,34.932977779738934,109352669
2022-12-16,34.739784240722656,35.372053039262454,34.66953029094451,34.86272530294171,19669683
2022-12-19,36.51365661621094,36.794665718172475,35.10860775651051,35.10860775651051,119070260
2022-12-20,36.373146057128906,36.68928211120509,36.109700462029586,36.51365394773387,78893331
2022-12-21,36.97029113769531,37.971389757413164,36.864913569790666,36.88247705609019,107691511
2022-12-22,38.375343322753906,38.480720900077586,36.987857930105484,37.303994011969316,87804062
2022-12-23,37.953826904296875,38.39290401943259,37.62012735882382,38.375340532840056,53814719
2022-12-26,38.88467025756836,39.27106028282298,38.28752508207732,38.322652057080965,55314146
2022-12-27,38.46315002441406,39.06029509770651,38.28751852934708,38.88466360263953,44111744
2022-12-28,38.129451751708984,39.39399587716712,37.40936561355299,38.60365579875578,81082077
2022-12-29,38.67391586303711,38.90223450523679,37.86601217163015,38.094334163722614,57991906
2022-12-30,39.587196350097656,40.46535062565553,38.79685616213848,38.83198313713505,71248839
2023-01-02,40.21946716308594,40.76392190320545,40.11408958271603,40.39509869696436,38154537
2023-01-03,39.69257354736328,40.535600839899864,39.56963248593828,40.37753280381267,52706622
2023-01-04,39.39399719238281,40.289714861189516,39.00760720786285,39.85063776961127,54953792
2023-01-05,38.07676696777344,39.65744387107039,37.60256289181662,39.569629790289845,50726258
2023-01-06,37.9011344909668,38.55097006182566,35.740875999820304,36.88247577035275,85542657
2023-01-09,36.44340133666992,38.23483680875997,36.179955731925524,38.182146347854044,57454245
2023-01-10,35.284236907958984,36.90004081043504,34.880286769813104,36.42583672658073,55210086
2023-01-11,33.70356369018555,36.02189055560574,33.70356369018555,35.47743581597351,63950846
2023-01-12,34.82759475708008,35.020789749268445,32.49170476474543,34.68709022182282,77471929
2023-01-13,34.72222137451172,35.24911260770389,34.37095831912176,34.65196742347662,61393044
2023-01-16,36.109703063964844,36.109703063964844,34.792471643660804,34.89785256920789,46258436
2023-01-17,36.72441101074219,36.82978858433245,35.951634321330694,36.16239281840389,48800579
2023-01-18,36.54877853393555,37.32155520317113,35.98676035627061,36.90004156992242,57608314
2023-01-19,37.62013244628906,37.62013244628906,36.250210455846315,36.42584199563021,75617034
2023-01-20,38.269962310791016,38.269962310791016,37.35668112290318,37.77819474426084,68603533
2023-01-23,37.65525817871094,39.09543072749522,37.286431622375055,38.46315854514392,57707615
2023-01-24,37.02298355102539,37.95382827468415,36.58390642003605,37.65525569161569,60123557
2023-01-25,36.162391662597656,37.30399149803411,34.65196530654455,37.12835998106868,61196714
2023-01-26,35.161293029785156,36.162388226505314,35.12616605975127,36.144824741488364,60069208
2023-01-27,35.03835678100586,35.3193658799602,33.79137597323987,34.84516176926499,61409118
2023-01-30,34.47633361816406,35.2491102790342,34.441209994859655,35.09104224954047,36602119
2023-01-31,34.26557922363281,35.143733473290574,33.84406558578421,34.24801573665255,51922374
2023-02-01,32.649776458740234,34.59928003590931,32.649776458740234,34.38852153436695,47726942
2023-02-02,33.70356369018555,34.96810470317123,31.87700109931335,32.755155418026625,115520759
2023-02-03,35.44230651855469,35.494993630296186,33.44011587495384,33.70356148333932,64152404
2023-02-06,35.12616729736328,35.31936228946434,33.791372538076395,34.599276127859774,13472852
2023-02-07,32.61465072631836,35.07348213858113,31.877000967650243,35.038358511896256,38492641
2023-02-08,30.770524978637695,30.770524978637695,30.770524978637695,30.770524978637695,500
2023-02-15,35.86381530761719,35.86381530761719,34.458770019812206,34.458770019812206,27700051
2023-02-16,35.161293029785156,38.49827813548308,34.950534559474065,38.19970558997951,59519464
2023-02-17,35.03835678100586,35.65306209128554,34.47633523320448,34.54658918288942,29258557
2023-02-20,35.74087905883789,36.250206787791456,34.77490736271691,35.17886086831285,32740823
2023-02-21,35.40718078613281,36.58390767143126,35.3369301847157,35.38961729830534,40264968
2023-02-22,35.86381530761719,36.14482436517818,35.301797192495194,35.40717475160752,27821362
2023-02-23,36.03944778442383,36.47852486751898,35.75843871923432,35.881379766518194,27557137
2023-02-24,35.65306091308594,36.16239198179213,35.65306091308594,36.057014410639766,19593547
2023-02-27,37.532310485839844,37.672815018243355,34.63439906144244,35.7057482147019,48307906
2023-02-28,38.269962310791016,38.269962310791016,36.9702911242393,37.76063125796771,41199422
2023-03-01,39.025177001953125,39.14812142137865,37.8133264452234,38.269967096268054,39095314
2023-03-02,39.341312408447266,39.745262586974675,38.6914800951454,39.13055725003855,46227762
2023-03-03,38.586097717285156,39.78038806973625,37.479624802451184,39.1832428935107,50500725
2023-03-06,40.27215576171875,40.482910912690656,38.410469628634196,38.77929281778139,45754519
2023-03-07,39.411563873291016,41.13274540784685,39.411563873291016,40.482909785673556,44087142
2023-03-08,40.939552307128906,40.992242770806016,39.35887524563647,39.42912919720594,42226946
2023-03-09,40.14921188354492,41.202994264302305,40.07895793821844,40.921985182781334,29978935
2023-03-10,39.28862380981445,40.096524136353935,39.253496834775504,39.86820549838622,29314324
2023-03-13,39.25349807739258,39.63988476537438,38.60366241817158,39.5345071868144,35048737
2023-03-14,38.129451751708984,39.39399587716712,38.129451751708984,39.34130542197561,25838949
2023-03-15,37.16348648071289,38.26996267856592,36.26776877051033,38.1294547868706,71343202
2023-03-16,38.375343322753906,38.375343322753906,37.16348945890681,37.19861643464563,25748466
2023-03-17,37.00542068481445,38.638788175488386,37.00542068481445,38.51584711273103,26957166
2023-03-20,36.21508026123047,37.00541702211342,36.004321781726254,36.95272991465666,24699299
2023-03-21,35.86381530761719,36.90003746358294,35.54767928038802,36.35558283329503,26613679
2023-03-22,36.601470947265625,36.61903443499137,35.65306270943188,36.12726682834875,21542818
2023-03-23,36.82978820800781,36.91760564334628,36.26777002141218,36.3907110809934,19089677
2023-03-24,36.32046127319336,37.286429633694006,36.32046127319336,36.952733421822266,27422185
2023-03-27,35.75844192504883,36.671719793845746,35.75844192504883,36.531215248654476,23263451
2023-03-28,34.66952896118164,35.75844169172832,34.634401987639876,35.75844169172832,26787715
2023-03-29,36.40827560424805,36.40827560424805,34.2304533942624,34.61684007107038,25802395
2023-03-30,35.77600860595703,37.00542264866748,35.688191163689424,36.1448318138023,33887499
2023-03-31,34.739784240722656,35.617938513593266,34.739784240722656,35.600375026148726,25589738
2023-04-03,35.00623321533203,35.42888333115838,33.756669779440664,34.91435473642243,30578452
2023-04-04,36.40280532836914,36.47631091040623,34.840846759471724,35.0062308141161,25260332
2023-04-05,35.85152816772461,36.549813685721055,35.81477537600397,36.34768034113581,25941070
2023-04-06,35.86990737915039,36.36605959150647,34.914355749043736,35.906660173755895,22244989
2023-04-07,35.96178436279297,36.36605807673531,35.83315309197105,35.906658678120294,13694887
2023-04-10,37.523738861083984,37.57886804458708,36.07203523995229,36.14554081795642,27494000
2023-04-11,37.76262664794922,38.01989267738997,37.30322727994527,37.56049330938602,30137398
2023-04-12,37.799381256103516,38.14852577395756,37.52374232303525,37.74425557245338,28605779
2023-04-13,38.46091842651367,38.62630249132903,37.79938216725224,37.817758563891644,46790893
2023-04-14,37.72588348388672,38.8835685369363,37.72588348388672,38.38741629779808,24357405
2023-04-17,37.17459487915039,37.89126025464583,37.101092805089195,37.85450746514577,15877753
2023-04-18,36.99083709716797,37.431863593011805,36.917335017820115,37.21135034508988,15136484
2023-04-19,37.17459487915039,37.59724144358429,36.62331705640521,37.08271641033917,15702546
2023-04-20,37.22972869873047,37.358359973057134,36.91733695896313,37.101097424403804,9162893
2023-04-24,37.19297790527344,37.762632224335945,37.15622510922049,37.33998558454569,24324047
2023-04-25,36.82545852661133,37.52374409026692,36.696823747177994,37.39511281577295,26038394
2023-04-26,37.08272171020508,37.08272171020508,36.38443262966013,36.78870636206176,32872569
2023-04-27,36.62331771850586,37.08271708074514,36.329302407067836,36.93570942502613,23079343
2023-04-28,35.098114013671875,36.770327508907236,34.91435355712025,36.75195111275816,20990147
2023-05-02,34.51008605957031,35.57589258511924,34.47333326439358,35.13486955781687,15489690
2023-05-03,35.355377197265625,35.52076126069649,33.49940321149428,34.52846038505058,20536981
2023-05-04,34.78572082519531,35.83315082704167,34.54683119024917,35.318622271336864,12138592
2023-05-05,34.454952239990234,34.84084602270741,34.197689718178786,34.7673439471637,11904501
2023-05-08,36.01691436767578,36.23742412123641,34.47333207299401,34.82247660522757,21464994
2023-05-09,36.23741912841797,36.825453235085,34.91435027452957,35.63101213226843,66505980
2023-05-10,36.384429931640625,36.8622057131798,35.502383952617144,36.1271673973269,25951176
2023-05-11,39.949371337890625,40.022876924140924,36.47631300116698,36.51306579429213,65733297
2023-05-12,38.88356399536133,40.92329840361908,38.58954866686606,40.02287602198491,52767117
2023-05-15,35.00623321533203,36.751952354128875,35.00623321533203,35.00623321533203,72692863
2023-05-16,34.951107025146484,35.37375362992905,33.86692416596391,34.63871529445084,61933704
2023-05-17,35.22674560546875,35.575890125631155,34.675467735687455,35.11649073250033,32165272
2023-05-18,34.12418746948242,35.631016967110206,34.013932592932406,35.31862522943571,29588054
2023-05-22,32.911373138427734,34.307947752113996,32.911373138427734,34.234442164843465,27914500
2023-05-23,32.96649932861328,33.46264797777783,32.635731225877585,32.94812293346808,18468042
2023-05-24,31.716934204101562,33.24214003379463,31.606679332239427,33.07675597353183,30398209
2023-05-25,31.625051498413086,32.17633285496371,31.34941257260732,31.974196007067906,18103468
2023-05-26,32.654109954833984,32.948125288292744,31.53317430543544,31.716934765081977,21243937
2023-05-29,33.3891487121582,33.86692451132603,32.28658944522778,33.04000418489339,33984023
2023-05-30,36.09041213989258,36.641693467827515,33.977175811822626,33.99555220658101,64676634
2023-05-31,35.46562957763672,36.29254983664991,35.04298300300287,35.998534523431665,52944464
2023-06-01,36.2006721496582,36.586565942262744,35.66776719232156,35.66776719232156,31327318
2023-06-02,37.33998107910156,38.0382701000938,36.56818997981175,37.48698874063586,60360415
2023-06-05,39.37971878051758,39.96774947639142,37.35836063474668,38.25878307592093,83927322
2023-06-06,38.699806213378906,39.72886343917018,38.42416726198245,38.86519028520467,55648303
2023-06-07,39.98612594604492,41.290818616756304,39.61860500798963,39.61860500798963,81961723
2023-06-08,39.89423751831055,40.408766047531685,39.21432844909786,39.857488234389564,35983158
2023-06-09,40.05962371826172,40.51902308890664,39.453216689207984,40.50065019842721,38219978
2023-06-12,39.23270797729492,40.81303947017163,39.23270797729492,40.20663242530215,35954297
2023-06-13,38.4976692199707,39.618601317231544,38.00151705129804,39.25108391835257,34005134
2023-06-14,37.946388244628906,39.47159405236654,37.633996524733774,38.44254041827515,50410004
2023-06-15,38.791683197021484,38.82843248217875,37.94638654950282,37.94638654950282,26138233
2023-06-16,40.40877151489258,40.79466884025557,39.0121968937101,39.067326084458905,61590660
2023-06-19,38.93869400024414,40.55577834087397,38.93869400024414,40.53740194434032,39699861
2023-06-20,39.85749053955078,39.85749053955078,38.88356260807107,39.085699453551904,42307404
2023-06-21,38.681427001953125,40.0963779557763,38.58954852648478,40.05962516361329,38532584
2023-06-22,39.820735931396484,40.077998446676574,38.05664059892743,38.77330597068309,56753595
2023-06-23,42.724143981933594,42.85277525248677,40.390394200659756,40.5925310572086,70859424
2023-06-26,42.907901763916016,43.936955369052995,42.88952536856405,43.55106158147876,47047386
2023-06-27,42.28312301635742,42.98140859223669,42.28312301635742,42.81602452072381,15732293
2023-07-03,43.62456512451172,43.90020405417956,42.76089554356871,42.76089554356871,51683294
2023-07-04,43.27541732788086,44.37797646784587,43.18353885994164,43.7348166774547,43791989
2023-07-05,43.71644973754883,44.01046508089594,41.73184091254676,43.34892880589525,64144170
2023-07-06,43.29379653930664,44.67199467769871,43.29379653930664,44.04721124123251,50693964
2023-07-07,42.907901763916016,43.936955369052995,42.76089410603931,43.23866987037338,42014461
2023-07-10,43.27541732788086,43.56943263121301,43.091660392002424,43.36729930075896,33839041
2023-07-11,44.910884857177734,45.02113972819034,43.36730264324465,43.90020410725487,79605095
2023-07-12,45.939937591552734,46.67497589202976,44.21259495672741,44.6352450463234,90981564
2023-07-13,46.44527816772461,46.99655954509423,45.93993953384021,46.169639231509414,55076579
2023-07-14,48.2369384765625,48.971976838074625,46.44528006073087,46.858740234375,47596880
2023-07-17,49.56919479370117,49.707012507492195,47.63971525617421,48.78821372912864,44404837
2023-07-18,46.44527816772461,50.212355312463046,46.215578470055405,49.98265561479384,50170991
2023-07-19,48.09911346435547,48.374755895047905,46.03181626379683,46.491215641698744,44424304
2023-07-20,48.466636657714844,48.83415757936991,46.85873875911767,48.32881543585938,84306346
2023-07-21,48.145057678222656,48.880096004353085,47.455958590299275,48.282875392843806,38319784
2023-07-24,48.00723648071289,49.29355618073639,47.22625891601669,48.37475739641652,41697650
2023-07-25,47.77753448486328,48.466633539933426,46.67497529576325,48.0991126419204,35236703
2023-07-26,48.69633483886719,48.788213313945995,47.18031546549283,47.86941454340133,28988117
2023-07-27,50.39611053466797,50.39611053466797,48.83415544814899,49.109794374891216,50511569
2023-07-28,53.060630798339844,53.93349036094541,49.293557113333854,51.13115471673956,107850322
2023-07-31,52.92280960083008,53.93349038613889,52.27965324328907,53.749729924724626,57339686
2023-08-01,52.23371124267578,53.6119094654898,51.86619381955564,52.92281035408279,33479384
2023-08-02,52.37152862548828,52.968749213544044,51.544608350478626,52.23370741134032,34962989
2023-08-03,50.8095703125,52.83092826899728,50.763631075862605,52.46340736601992,36738759
2023-08-04,52.4174690246582,52.78498993391271,50.62581072568598,50.90145316009644,37614614
2023-08-07,53.74972915649414,54.30100702791839,52.64716990870642,53.382208238918494,39708528
2023-08-08,52.92280960083008,54.20912932579065,51.95807155957928,54.11725084755316,35849506
2023-08-09,54.94416809082031,55.49544947932043,52.14183242366411,53.152509711838704,66654111
2023-08-10,54.48476791381836,57.70056370052699,53.611908356438164,56.0467265683504,91280539
2023-08-11,56.82770538330078,57.195226311777894,53.84160923047703,54.3469513833679,61608156
2023-08-14,56.46018600463867,57.97620189599612,55.54138722020171,57.746502199886876,43036920
2023-08-15,55.72514724731445,57.103345413316234,54.392888319191556,56.460185568194234,35628086
2023-08-16,55.63326644897461,56.23048706891027,54.85228887361806,55.862966148189976,27659438
2023-08-17,56.04672622680664,56.87364654032538,55.3576271338541,55.63326607004727,29433479
2023-08-18,53.74972915649414,56.41424704656954,52.83093036749424,56.13860460591819,36190587
2023-08-21,54.80634689331055,55.35762474187642,52.14182911371762,52.55528925261157,52989790
2023-08-22,53.88754653930664,55.31168385985104,53.15250475650013,55.12792341414941,35393263
2023-08-23,52.78499221801758,54.66852907333801,52.78499221801758,53.97942996737156,35634963
2023-08-24,53.97943115234375,56.460188689269124,52.647172150574626,52.92281109802425,88007127
2023-08-25,54.66852951049805,55.265750142420394,53.014692343941434,54.25506934262406,45606333
2023-08-28,56.78176498413086,57.1492859051041,55.31168831011644,56.04672664712365,45949737
2023-08-29,56.55206298828125,57.930261128555884,56.41424527721726,57.10334434735458,38933178
2023-08-31,54.94416809082031,57.05740465105584,54.668529149039905,56.78176570927543,31840409
2023-09-01,56.46018600463867,56.735824938981914,55.12792706621725,55.21980554268526,26236531
2023-09-04,55.72514724731445,57.70056251562016,55.679204504496376,56.96552419474038,34645133
2023-09-05,56.46018600463867,56.50612524287268,55.31168752409248,55.72514767807695,24944373
2023-09-06,56.13860321044922,56.68988457310918,55.03604749500757,56.64394533578897,27340312
2023-09-07,58.297786712646484,58.665304143247276,56.13860734999178,56.276428577054205,45691413
2023-09-08,59.1706428527832,59.76786346194871,58.25184407249116,58.89500041474423,37118909
2023-09-11,57.10334396362305,59.85974022564947,56.781762296756504,59.76786175222423,27740732
2023-09-12,56.000789642333984,57.60868760209372,55.9089076559555,57.057406198641026,28487134
2023-09-13,54.30100631713867,56.50612478384995,54.07130662289538,56.04672539536337,29572484
2023-09-14,55.44950485229492,55.4954475951479,53.6578500390826,54.43882759843468,32667124
2023-09-15,53.841609954833984,55.67920761206298,53.74973147394828,55.541389890734436,31759385
2023-09-18,51.26897048950195,54.25506648177958,51.177092014792144,53.88754907800121,41236233
2023-09-19,51.40679168701172,52.09589076189139,50.35017170355389,51.82025183292735,153318510
2023-09-20,51.03927230834961,52.647170197932695,51.03927230834961,51.49867170537335,47459094
2023-09-21,52.325592041015625,52.417470518478076,50.763633389579184,50.94739384944334,59566631
2023-09-22,51.912132263183594,52.830931064301886,51.5905540847679,52.73905258616577,41179184
2023-09-25,53.38220977783203,53.42815252255786,52.04995429932702,52.14183277890001,55521911
2023-09-26,53.52002716064453,54.30100469577702,53.19844900028153,53.7956660845184,70175477
2023-09-27,53.33626937866211,53.979429236510505,53.01469120220753,53.520029838752976,39265136
2023-09-28,53.611907958984375,54.025368115198134,53.198451307709846,53.38220826163665,37134112
2023-09-29,54.85228729248047,55.219804697667676,53.79566730457153,53.93348852210371,60124679
2023-10-02,56.09266662597656,56.41424831230522,54.80635039547987,55.127928576869216,59778775
2023-10-03,55.403564453125,56.68988411738518,54.66852614709308,56.23048473799785,48884081
2023-10-04,54.209129333496094,55.49544905863951,54.11725085524554,55.40356707544968,42988585
2023-10-05,54.80634689331055,55.1738642907081,53.382206025460384,54.852286129867856,57688886
2023-10-06,54.66852951049805,55.17386815792655,54.20913010284681,54.30100858240132,36563608
2023-10-09,52.8309326171875,54.0713096331805,52.693111390993,53.565970978699625,36402486
2023-10-10,54.16318893432617,54.438827868113584,53.1984509136006,53.520029085529394,33386413
2023-10-11,53.01469039916992,54.66852750505778,52.96875116107788,54.117249638074895,35270716
2023-10-12,53.01469039916992,54.071306895043655,51.77430994104963,53.56596826615281,40036325
2023-10-13,52.4174690246582,52.83092917133474,51.91213040313762,52.83092917133474,28596758
2023-10-16,51.912132263183594,53.19845198672491,51.498672101692506,52.968752286445344,30425075
2023-10-17,53.29032897949219,53.47408943558172,52.004009291804635,52.095891272318994,29193731
2023-10-18,51.54460906982422,53.15250690094097,51.49866983278014,52.463407830462366,31612624
2023-10-19,51.13115310668945,52.18776959241276,50.39611128452121,51.59055249307502,26559851
2023-10-20,49.431373596191406,50.94739298311775,48.92603496886236,50.94739298311775,27431187
2023-10-23,50.442054748535156,50.90145414149107,49.063856569667415,49.84483413571678,25945863
2023-10-24,51.63649368286133,52.09589308661465,50.30423471098883,50.579873652252964,25601456
2023-10-25,48.42070007324219,52.32559518390786,48.14506111935956,51.682435288222095,36159687
2023-10-26,49.93671417236328,50.25829586044222,48.00723806364698,48.69633717460842,41822137
2023-10-27,50.21235656738281,50.71769521389676,48.788215602289895,50.074535343361134,29207489
2023-10-30,50.763633728027344,51.131154650205964,49.752956449445044,50.442055549825504,19834837
2023-10-31,49.15573501586914,51.22303228289168,49.01791379609195,51.131153806333025,21316015
2023-11-01,49.431373596191406,49.844833747620335,47.823475733364944,49.61513405293084,19522387
2023-11-02,50.6717529296875,50.6717529296875,49.75295417125211,49.79889340818605,13786109
2023-11-03,51.13115310668945,51.26897081964162,49.93671189813564,50.717692957954604,16205440
2023-11-06,52.463409423828125,52.69310912096387,51.63649261710299,51.912131552678034,18721661
2023-11-07,53.33626937866211,53.61190831632878,52.141831645480366,52.371531344359134,31040819
2023-11-08,53.74972915649414,54.438828248244064,52.46340944991859,54.39288900978192,25585243
2023-11-09,53.65785217285156,54.16319081987708,52.50935365463932,52.83093183776302,29107650
2023-11-10,52.4174690246582,53.749727939531866,52.279651312392126,53.657849464687814,23869871
2023-11-13,50.90145492553711,52.46341008169498,50.90145492553711,52.46341008169498,22255350
2023-11-14,51.2230339050293,51.54461208810756,50.67175601834103,51.17709466529516,20616473
2023-11-15,53.106571197509766,53.56597060839643,51.039273848519805,51.452734019305666,38329194
2023-11-16,53.74972915649414,54.944166881206165,53.611907936168464,54.48476748670622,62813490
2023-11-17,53.79566955566406,54.255068960076116,53.611909092911375,53.65785183730402,23209670
2023-11-20,55.9548454284668,56.04672390173992,54.16318716012828,54.20912639676484,27928035
2023-11-21,55.67920684814453,56.50612718452799,55.03605048088999,56.092667016336264,25998827
2023-11-22,56.36830520629883,56.64394765136651,55.17386746244957,55.77108808684384,31525857
2023-11-23,55.63326644897461,57.103346626916526,55.495448732408946,56.36830478547594,39697902
2023-11-24,56.13860321044922,56.27642442734899,54.85228704078758,55.58732535272839,22681950
2023-11-27,57.470863342285156,58.022144716646984,56.50612531832597,56.68988577644658,33859333
2023-11-28,57.19522476196289,57.60868491906132,56.41424719128528,57.4708636983821,19849005
2023-11-29,57.28710174560547,57.60868341716003,56.27642450343776,57.37898372530927,22160136
2023-11-30,56.000789642333984,58.15996550060701,56.000789642333984,57.28710590717813,40439760
2023-12-01,56.96552658081055,57.74650417228141,56.23048822914279,57.05740506041677,30043292
2023-12-04,57.28710174560547,57.51680143745624,56.13860328635164,57.01146281637238,29050095
2023-12-05,56.91958236694336,57.6546206543779,56.598000706545164,57.333042498918736,19132662
2023-12-06,56.36830520629883,58.84906618227228,56.184548249506086,57.10334705322694,33914959
2023-12-07,57.60868453979492,57.60868453979492,55.44950529135777,56.368304076665694,23450663
2023-12-08,56.82770538330078,57.9302646637928,56.46018795976299,57.60868648007982,20999366
2023-12-11,55.541385650634766,56.919583788343125,55.21980398220602,56.87364455140734,26013400
2023-12-12,55.9548454284668,56.18454511658868,54.484765321523284,55.40356407401082,25096379
2023-12-13,56.04672622680664,56.689886081216855,54.85228850001008,55.81702652915579,23344518
2023-12-14,59.124698638916016,59.630040759456115,56.68988403467881,56.7358232715627,37516335
2023-12-15,61.46763610839844,61.46763610839844,58.71123993322253,59.262517766282116,44892952
2023-12-18,60.8244743347168,61.55951613732265,60.08943954198909,60.45696044329202,29249640
2023-12-19,58.3896598815918,60.87041720843272,57.65462158232684,60.824474466965654,33232311
2023-12-20,59.1706428527832,59.44627828094378,57.976201634452195,58.29778331051792,25379885
2023-12-21,60.36507797241211,60.64072041461175,58.849065569949616,59.26252222337057,27219068
2023-12-22,58.3896598815918,60.64071752085373,58.34372064506381,60.31913936021877,24942078
2023-12-25,55.72514724731445,58.11402266640854,55.40356557228386,58.02214419065076,14870463
2023-12-26,56.689884185791016,57.74650065669341,55.58732497294316,56.230484805849336,25488835
2023-12-27,55.8170280456543,56.552066397119496,54.622590286405945,56.41424867774814,35403791
2023-12-28,56.36830520629883,57.42492523255353,56.04672702697224,56.138605505368616,21722550
2023-12-29,55.541385650634766,56.87364455140734,55.40356443488828,56.46018440910701,29323192
2024-01-02,55.77108383178711,56.00078351519238,55.03604554587805,55.908901538866864,25123167
2024-01-03,54.16318893432617,55.77108680384851,54.16318893432617,55.77108680384851,23024624
2024-01-04,54.99010467529297,55.219804366509635,53.93348819865981,54.392887581093134,26476425
2024-01-05,55.1279296875,55.311690154112874,54.346952085569505,55.17386892791838,25338549
2024-01-08,57.149288177490234,57.33304864528359,55.63326869936932,55.86296840787616,36708297
2024-01-09,57.149288177490234,58.343725960737935,56.78176724190353,57.33304864528359,37939376
2024-01-10,60.640724182128906,60.82448114842621,57.149289248388165,57.19522848996249,41865246
2024-01-11,62.79989242553711,63.121470582297846,60.089438948710544,60.64071679028295,42625477
2024-01-12,63.39711380004883,64.17809133618974,61.421695084013706,62.11079414705771,45799745
2024-01-15,64.13215637207031,64.95906964971653,62.61613701325518,63.305236084545854,54088085
2024-01-16,63.167415618896484,64.7293707284306,62.93771592573686,64.26997134211135,23257465
2024-01-17,64.08621215820312,64.31591184335797,62.84583526034255,63.0295922045152,23890732
2024-01-18,64.31591796875,65.00501708984375,63.62681884765625,64.7753173828125,20448502
2024-01-19,63.30523681640625,64.63749223235222,62.248616826236166,64.63749223235222,23248505
2024-01-22,63.1214714050293,63.94839168310511,62.20267265380687,63.30523536120068,13699782
2024-01-23,62.294559478759766,64.22403549591533,61.88109582587608,63.85651458553372,23314897
2024-01-24,63.44306564331055,64.04027930905795,61.60546787823136,62.753966481405854,24256290
2024-01-25,63.21336364746094,64.13216249693055,62.662078729876036,63.8565200381381,22735359
2024-01-26,65.55628967285156,65.64816814624359,63.259292788660005,63.35117126205203,38305058
2024-01-29,67.6695327758789,67.89923247504355,65.60223548339714,65.92381366025194,32741975
2024-01-30,67.62358856201172,68.26675191161796,66.84261100380547,68.03705221744681,24874457
2024-01-31,66.70478820800781,67.99110786692528,66.70478820800781,67.57765123114525,21218740
2024-02-01,67.43982696533203,68.81802503542788,66.7047851906631,66.75072793028411,33904504
2024-02-02,71.11503601074219,73.963311188704,70.33405835047706,71.06909326195277,82649933
2024-02-05,70.33405303955078,71.98788672289955,69.82871088054273,71.85006549681746,40771125
2024-02-06,71.06908416748047,71.52848355706972,69.82870721756518,70.3799850830966,37563943
2024-02-07,74.05518341064453,74.56052556505433,70.70156631926353,71.11502999374756,64946254
2024-02-08,73.77954864501953,74.83616168863867,73.27420648599222,74.14706256808076,29356753
2024-02-09,75.34149932861328,75.47932054643397,73.82547995234235,74.05517964541738,25988275
2024-02-12,74.51457977294922,76.71969825038506,73.50390251533898,76.2602988596642,31042649
2024-02-13,72.53915405273438,74.6064511132479,72.53915405273438,74.6064511132479,26041164
2024-02-14,73.32014465332031,73.41202312834888,71.89600375580355,72.72292405081721,16228156
2024-02-15,74.51457977294922,74.97397916367008,73.320145563002,73.59578099150748,20774987
2024-02-16,73.41202545166016,74.6983451724038,73.13638300797275,74.65240242849639,17253447
2024-02-19,71.85006713867188,74.42270671806264,71.85006713867188,73.59578635255282,27639767
2024-02-20,73.50389862060547,73.73359830379486,71.94194357886882,71.94194357886882,27213825
2024-02-21,74.14705657958984,74.3308205361575,72.67697997643951,73.73359994459943,23965249
2024-02-22,74.23894500732422,75.38744349438134,73.22826073081117,74.46864470473564,32407551
2024-02-23,75.38744354248047,76.39812080975989,73.59578169560115,74.37675926532259,31696071
2024-02-26,75.24961853027344,75.61713942982317,74.00924162793646,75.52525394752715,23490770
2024-02-27,75.34149932861328,76.94939718013856,74.10112238798372,75.15774237810457,36466586
2024-02-28,73.32014465332031,75.47932036094386,73.22825916841344,75.34149914346186,17390859
2024-02-29,73.04450225830078,74.05517950392425,72.35540318039229,73.50390164357312,29479770
2024-03-01,71.43660736083984,73.4579619355874,71.20690765871495,73.32014772221537,17006187
2024-03-04,70.65562438964844,71.98787975646607,70.28810349228831,71.62035885910595,18369504
2024-03-05,70.51780700683594,71.16096335473844,69.4152512647521,70.60968548369652,30347676
2024-03-06,70.33405303955078,71.02315216008246,69.50713269293703,70.15028906814842,21414823
2024-03-07,72.58511352539062,72.6310562746116,70.37999475049149,70.37999475049149,25610069
2024-03-08,72.35540771484375,72.860749874264,71.71225133910775,72.81480712890625,31106319
2024-03-11,73.82548522949219,74.97398377696369,72.86075065554343,74.97398377696369,35045553
2024-03-12,73.32014465332031,74.42270037341964,72.63104557578865,73.77954403834143,19783280
2024-03-13,71.7581787109375,73.50389768288152,71.48254330055346,73.3201407426255,18006306
2024-03-14,71.7581787109375,72.53915622184253,71.5284790306785,72.03382113119947,14809261
2024-03-15,71.02314758300781,72.21758177569369,70.33404850688501,71.94194635117155,19111940
2024-03-18,68.95585632324219,71.02315373054937,68.86397083056985,70.9772109842132,21494403
2024-03-19,70.33405303955078,70.9312666694419,68.72615509164355,68.95585479848744,22245523
2024-03-20,70.93125915527344,71.98787909679707,69.5071253296355,70.15028163671353,23326099
2024-03-21,73.73360443115234,74.42270353798554,71.66630711065274,72.12570651520821,35474688
2024-03-22,72.72293090820312,75.47932747824332,72.3094672167697,75.29556350097992,28954677
2024-03-25,74.00923919677734,77.36284889407449,71.85005661155485,72.58509838650862,44250443
2024-03-26,70.83938598632812,75.43337998038156,70.6556290305174,73.77954634844944,38649091
2024-03-27,72.21759033203125,72.72293251834554,70.19623560653233,70.74751353077029,37659490
2024-03-28,76.16841888427734,76.71969674031594,72.35540261436982,72.40134535648897,42262272
2024-03-29,75.8009033203125,76.53594518676401,74.97398297302425,76.21435998901725,19785152
2024-04-01,77.63849639892578,79.10857303527297,74.42270069009454,77.2709754873694,35518188
2024-04-02,78.46541595458984,79.33827197762898,76.99533933216055,77.54661718933676,54705148
2024-04-03,74.92804718017578,76.07654571445268,73.50390619372094,74.51458350190886,51131375
2024-04-04,79.01669311523438,79.20045006271387,75.06585565552136,75.34149808661881,38605422
2024-04-05,82.23249053955078,82.69188992803988,78.8329378686827,81.31369176257256,43544825
2024-04-08,80.85428619384766,82.9675260233198,80.39488684047352,82.23248425397006,21956207
2024-04-15,78.2357177734375,79.88955137688956,77.59255441941858,78.92481686067879,34060362
2024-04-16,76.94939422607422,78.60323475667539,76.71969454181728,77.50067206631526,28124526
2024-04-17,76.71969604492188,79.52203505171163,76.62781757139462,77.45473785289636,31384668
2024-04-18,78.55729675292969,79.29233859082662,76.85752038890632,77.13315582070881,25652538
2024-04-19,81.12993621826172,81.12993621826172,77.63849800123695,77.63849800123695,27675693
2024-04-22,78.74105072021484,82.37031001856249,78.649172246433,81.81903216599322,25573900
2024-04-24,81.03804779052734,81.17586900643917,79.56797117718365,79.7517351350255,22976297
2024-04-25,81.81903076171875,82.50812981807277,80.71646806562545,81.03804622328171,26769548
2024-04-26,83.8863296508789,84.62136445346832,81.22181184303152,82.18654633578228,27861395
2024-04-29,85.81580352783203,85.90768199965284,83.61068515474234,84.9429405208392,32825759
2024-04-30,84.80513000488281,86.18332817174519,84.80513000488281,85.90768573442136,28235371
2024-05-02,87.97782897949219,88.26254977830312,85.6051797919034,86.31697454818004,33030227
2024-05-03,88.59471893310547,88.78453521195598,86.8389599880545,87.93038005900532,23940437
2024-05-06,88.97434997558594,89.97086559161296,86.98132598428305,88.73708504231772,33309792
2024-05-07,90.39793395996094,90.9199196770274,87.83547573613633,89.06924896804234,35294932
2024-05-08,90.73011016845703,91.29954456727295,89.9708667169529,90.58774975856525,18059432
2024-05-09,91.44189453125,91.44189453125,88.73707601529743,91.10972510661554,24393055
2024-05-10,91.7740707397461,93.38747658555424,90.87246691469957,91.44190129055795,25794747
2024-05-13,90.06576538085938,92.91294443036546,90.06576538085938,91.77406846611257,16345702
2024-05-14,93.67218780517578,94.33653392765089,89.59123551318908,90.06576535463526,23263363
2024-05-15,94.05181121826172,95.00087088189856,92.39095680689722,93.67218590465686,16641412
2024-05-16,94.24163055419922,94.47889547780923,91.53680463244434,94.14671879215454,17402868
2024-05-17,97.08880615234375,97.84804953619091,95.85502569756008,96.80408535793195,19691638
2024-05-20,97.7531509399414,98.79711518144107,96.70918669844175,97.08881203373737,18613418
2024-05-21,100.97994995117188,104.77618861669902,96.6142769339658,98.03786643353848,55118789
2024-05-22,98.51240539550781,101.45448918577318,98.51240539550781,101.26467289045688,22997952
2024-05-23,98.32258605957031,100.12580098517873,97.75315167273374,98.98693221150556,21354957
2024-05-24,96.80409240722656,99.1767417309331,96.4244670672833,98.60730734139375,12071439
2024-05-27,96.993896484375,98.03786792588697,95.57030696313221,96.80408744450959,10896265
2024-05-28,95.9499282836914,97.2786132296118,95.19068491513006,97.2786132296118,14741025
2024-05-29,94.76361083984375,97.08881147979345,94.76361083984375,95.94993548040452,16096734
2024-05-30,94.33653259277344,96.04483565335647,93.76709823924575,95.00087146509728,19665198
2024-05-31,92.72312927246094,97.94295759311792,92.10624626352943,94.66870454282433,27940178
2024-06-03,95.47540283203125,95.57030735235045,91.20463425090982,92.96039321944292,25023776
2024-06-04,92.72312927246094,96.61427981318772,92.39095982747838,95.66522011852283,26159387
2024-06-05,90.87246704101562,93.52983711971646,90.01831185566529,93.00785138401599,19171675
2024-06-06,89.92340087890625,91.2995344604363,88.97434123902333,89.44887105896478,16747114
2024-06-07,88.21509552001953,90.73010515325035,87.12368266626443,90.20812666683506,15813565
2024-06-10,85.08320617675781,87.97783400656542,84.7035808369016,87.64566454947288,14843135
2024-06-11,85.74754333496094,87.12368425866454,84.60867457946571,85.08320443438055,22783950
2024-06-12,88.31001281738281,88.73708680947011,85.79500302650426,85.79500302650426,17703112
2024-06-13,90.25557708740234,91.5842621312389,88.73708299762527,89.21161285322754,19218735
2024-06-14,89.06925201416016,93.29257205288116,88.4523617567345,93.0078512446075,22060380
2024-06-20,91.10973358154297,91.10973358154297,88.83198879385418,90.11321797419441,18603425
2024-06-21,90.44538879394531,91.44189709579639,89.40141737188618,91.44189709579639,17127521
2024-06-24,88.31001281738281,90.96737577845627,87.31349718151071,90.35048549152361,20580125
2024-06-25,86.50679016113281,88.73707893213255,86.26952524420199,88.45235813551528,20805404
2024-06-26,85.74754333496094,87.3134933043301,85.65263881212816,86.50679399912507,16551181
2024-06-27,87.31349182128906,88.12019111279211,86.12716720415197,86.1746230851378,21613669
2024-06-28,91.58426666259766,92.5333264207593,87.64566721807661,87.74057174574251,43634007
2024-07-01,87.59821319580078,92.96039470755736,85.41537298976206,92.24859993264268,29137453
2024-07-02,89.21161651611328,89.44888145365613,86.4118931494081,87.69312236398926,22086920
2024-07-03,95.0008773803711,95.38050271994398,89.25907036705398,89.25907036705398,22728020
2024-07-04,96.993896484375,98.41748600561779,94.00436428236574,95.00087260278525,19786300
2024-07-05,97.7531509399414,98.22768079887317,95.76012698057825,97.46843012828195,17089726
2024-07-08,97.46842193603516,101.07485145709553,95.47539814418617,98.22767254281115,27825651
2024-07-09,96.70918273925781,98.41748581702517,95.5703067799955,97.94295597752023,15305350
2024-07-10,95.85502624511719,97.56333653984527,94.71615754246555,96.32955607801381,14426043
2024-07-11,100.97994995117188,100.97994995117188,96.80408597094191,96.80408597094191,25068700
2024-07-12,102.6882553100586,102.6882553100586,100.12579704963831,100.50542237285818,14724290
2024-07-16,102.49844360351562,104.01693761615833,101.45447942237068,103.0678779531628,17835575
2024-07-17,101.644287109375,102.78316303430178,100.22069763377941,102.49844224288245,16399132
2024-07-18,101.07485961914062,103.54241342929808,100.79013880842011,102.49844919124119,11059059
2024-07-19,101.07485961914062,102.97297904860805,100.41052071512742,100.97995509581744,12584312
2024-07-22,104.01693725585938,104.30165805007204,101.16975827673502,101.83410438298105,14647534
2024-07-23,104.11184692382812,105.34562743878088,102.21372751051675,104.20675868709444,17788636
2024-07-24,101.644287109375,104.39656154367657,101.54938259248539,103.63731092705872,12266889
2024-07-25,100.69523620605469,101.73920046402722,99.84108099834947,101.35958236349258,8966840
2024-07-26,100.31560516357422,101.92901096215697,98.89201564522216,100.88504676351562,9981517
2024-07-29,98.41748809814453,102.02391785827218,97.75314920373985,99.74617312770476,8708133
2024-07-30,95.09577178955078,98.98692205532458,94.66869785342942,98.32257597155207,20001619
2024-07-31,94.28907775878906,95.47540235877572,93.76709927924537,95.00087251878105,16004316
2024-08-01,94.8585205078125,96.51937509467791,94.81107186406716,95.57031533075481,16039158
2024-08-02,90.30303192138672,93.43492458756867,90.25557604007678,93.43492458756867,20728253
2024-08-05,86.74405670166016,88.8319851134312,85.41537169382822,85.41537169382822,21117719
2024-08-06,85.7000961303711,89.59123955774346,84.94084545348089,89.40142326814538,21146671
2024-08-07,87.93038177490234,88.64217654279294,85.17810722424186,86.26952731649094,23008766
2024-08-08,89.8759536743164,89.97086544006473,86.83896542989908,87.69312063637616,14689575
2024-08-09,85.55773162841797,91.34699423018056,85.41537122822078,90.54029495006418,24392529
2024-08-12,85.60517883300781,86.98131969084505,84.7984795664139,85.88989962862948,17868259
2024-08-13,87.02877044677734,87.50330029052367,85.0357465511929,85.32046735374101,14749338
2024-08-14,86.69660186767578,88.35745633732762,86.07971161651207,87.31349211883949,9123594
2024-08-15,89.40142059326172,90.44539205293798,86.17462341490156,86.93386682832418,11602902
2024-08-16,86.45933532714844,89.68613968458526,86.17462176783829,89.40141888452438,16573477
2024-08-19,88.31001281738281,88.40491734442985,85.93736343745046,86.7440627784772,13767550
2024-08-20,87.88292694091797,89.7335977039288,87.74056653749392,88.07274322573366,16997496
2024-08-21,86.50679016113281,89.21160876599421,86.41188564251061,87.45584982885616,16768301
2024-08-22,86.93386840820312,88.12019305143939,85.93736005233526,87.02877293151182,12419824
2024-08-23,82.85291290283203,87.3134904994378,82.85291290283203,87.12368145986974,19546929
2024-08-26,83.46979522705078,83.8494205438688,81.04969740874343,83.51725110693454,23724215
2024-08-27,83.1850814819336,83.51725091811689,81.71403609787104,83.51725091811689,22154781
2024-08-28,81.5716781616211,84.08668780992824,81.5716781616211,83.27998851463184,14258620
2024-08-29,83.51725006103516,84.56121423864798,81.09714503228447,81.61913074146617,24606901
2024-09-02,87.50330352783203,88.1676496781058,83.89688092638566,83.89688092638566,23066460
2024-09-03,88.2625503540039,88.92688923456171,87.0762257524716,87.50329971272294,12200252
2024-09-04,89.44888305664062,89.44888305664062,86.8389686968978,87.0762336386926,14323104
2024-09-05,88.83198547363281,89.87594968375147,88.40491150973226,89.49633160061799,10470804
2024-09-06,89.02179718017578,90.58773979448796,87.97782578296709,88.8319809076149,13262389
2024-09-09,88.2625503540039,89.21161003522975,87.64566011305696,87.97782955333587,10775044
2024-09-10,88.54727172851562,90.63520014444333,87.31349123862603,88.35745544658988,18279515
2024-09-11,84.08668518066406,88.35745368889954,84.08668518066406,88.26254917019999,19472365
2024-09-12,85.98480987548828,85.98480987548828,81.76149698381751,85.32047096244493,14531411
2024-09-13,86.45933532714844,86.55423984691849,83.42234725000246,86.36443080737838,17405906
2024-09-16,86.36443328857422,87.78802284827599,85.74754303121993,86.26952876607761,11525981
2024-09-17,88.83198547363281,89.54378024063428,86.69660117262842,86.69660117262842,8569538
2024-09-18,91.2995376586914,92.01133241353801,87.78801976441508,88.5472703992184,17032032
2024-09-19,94.33653259277344,94.33653259277344,91.4893535843844,92.20114833648167,15860246
2024-09-20,94.90596771240234,95.7601228699641,93.15020875787303,94.28907747412158,13664096
2024-09-23,93.9569091796875,95.85502855705492,93.1502098924565,95.47540323343128,9804512
2024-09-24,95.85502624511719,97.75314557670367,93.529832960224,94.28907634840822,18624262
2024-09-25,94.71615600585938,96.80408434043122,94.14671442302114,95.38049486483665,14639214
2024-09-26,94.668701171875,96.89898992677156,93.67218563166028,95.19068688165424,16187718
2024-09-27,95.85502624511719,96.13974704115542,94.09926731154982,95.94993076354639,15695242
2024-09-30,92.39096069335938,95.57030925213326,91.96388672305801,95.19069116331022,17792364
2024-10-01,89.92340087890625,93.43491865017286,88.31000238740546,92.72312392026068,16327042
2024-10-02,84.13414001464844,90.30302778320161,83.80197058295337,89.78104207571613,21981108
2024-10-03,82.66310119628906,85.70009668267092,81.7614973473287,84.13414667696243,19508684
2024-10-04,86.0797119140625,86.22207231724636,82.23602447260377,83.1376282915167,14856859
2024-10-07,85.27301025390625,87.93038023719326,84.27650194073664,86.1746212885843,19578879
2024-10-08,86.45933532714844,87.97782936572143,84.18159064891358,85.08320168860588,15784813
2024-10-09,89.30651092529297,89.30651092529297,83.80196934236842,86.79150142411818,16729662
2024-10-10,85.7000961303711,89.82850448917777,84.75103640463388,89.11670969487486,24596376
2024-10-11,83.8019790649414,87.93038754129385,83.09018425037198,85.98481215183689,22150080
2024-10-14,82.9003677368164,84.32395736220221,81.99876387037257,83.84942748707361,12976241
2024-10-15,83.42234802246094,84.75103303379693,82.33092793312241,83.13762721976366,21708765
2024-10-16,83.99178314208984,85.65263761100123,82.18856827055016,83.23253248857286,44661533
2024-10-17,83.042724609375,85.32046936109663,83.042724609375,84.03924020098789,27811371
2024-10-18,78.48722839355469,83.51724732173184,77.72798503508005,83.46979144399891,32647421
2024-10-21,74.97571563720703,78.67704988263704,74.78590659518532,78.48723359986451,22376256
2024-10-22,77.44326782226562,78.53468789371206,74.12155896875514,75.40278807838762,34759655
2024-10-23,76.73147583007812,78.91431605154764,75.64005571934337,77.44327061002458,24155270
2024-10-24,78.96176147460938,79.53120306796164,77.7279882507643,77.7279882507643,17713573
2024-10-25,80.76498413085938,81.04970495517053,77.91780485075327,78.34488608722,18394156
2024-10-28,81.42932891845703,81.42932891845703,80.29045288138872,80.8124386368056,4142171
2024-10-30,81.2869644165039,82.37838451513402,80.43280924189118,81.76149426453865,15066533
2024-10-31,79.00922393798828,81.85640317899687,78.58214994813748,81.38187330549543,14016930
2024-11-01,78.48722839355469,80.90733334292773,78.29741936412361,79.19902311504671,16305471
2024-11-04,76.6365737915039,78.20252380629168,75.7349699373161,78.1076192807063,17560062
2024-11-05,76.87384033203125,77.63309103408024,75.97223645900549,77.39582609478384,11034625
2024-11-06,78.77195739746094,79.81592164975899,75.54515287519786,76.87383794210044,16906758
2024-11-07,75.92477416992188,77.77543764401344,75.07061901236011,77.25345916604564,21417085
2024-11-08,78.77195739746094,79.15158273668325,75.59260875788232,75.92477821442019,25331810
2024-11-11,80.81243133544922,81.19205664683972,78.77195162238198,79.00921653690723,24000163
2024-11-12,79.91082763671875,80.76498285541196,79.05667965877677,80.10064393017903,17333041
2024-11-13,81.00224304199219,82.61564885841973,78.01270357223747,79.24648406475555,35863900
2024-11-14,82.52074432373047,82.75800926685879,80.8124410776574,81.61914043614341,21703048
2024-11-15,81.61913299560547,83.5172523675963,80.62261742900998,82.9478180041492,15662979
2024-11-18,81.52423095703125,82.56819519525787,80.29045043137643,82.14112121985866,16046867
2024-11-19,78.43978118896484,81.9987548614156,77.72798645447469,81.76148994991888,23374111
2024-11-20,76.82637786865234,79.81591729592046,76.49420843023381,78.91431350010579,17543469
2024-11-21,82.28347778320312,83.51725835981915,77.01620049246077,77.25346543098297,32278378
2024-11-22,87.02877044677734,87.07622632745229,81.90385392691756,82.283472009314,27408220
2024-11-25,86.12716674804688,88.31000692831974,86.03226222732867,87.59821216180696,22263375
2024-11-26,84.84593963623047,86.98132398660161,83.56471047415798,86.12716879830296,18109414
2024-11-27,86.55424499511719,87.40840020535379,84.98830222389313,86.36443594428735,18486006
2024-11-28,86.55424499511719,87.83548143084765,86.03226648495955,86.50679635278532,11536899
2024-11-29,85.88990020751953,88.26254938452284,84.98829641655854,86.55423908078019,19560074
2024-12-02,85.41537475585938,85.55773516193601,84.0866897003958,84.9408448961046,15292209
2024-12-03,88.64217376708984,89.21160811542113,84.65611884726961,85.84244342327254,18283285
2024-12-04,89.40142059326172,90.1606712474352,88.40491225550375,88.926890744591,14864649
2024-12-05,88.83198547363281,89.82850104373519,88.35745562896517,89.54378024063428,14627743
2024-12-06,91.20463562011719,91.7266213508353,89.7810460717051,90.73010577064649,21321524
2024-12-09,95.66522216796875,96.1397520254671,92.9129475463281,93.00785206967757,21234817
2024-12-10,93.76710510253906,95.57031281390425,92.96039853184801,95.57031281390425,12536396
2024-12-11,92.62822723388672,94.28908174406668,92.29605778000094,93.76710324246075,9828330
2024-12-12,92.39096069335938,94.14671969679412,91.96388672305801,93.00785094882319,10508284
2024-12-13,93.9569091796875,94.43143902402936,91.15718599437088,91.91642940086736,9875697
2024-12-16,92.4858627319336,94.38398208808,92.39095821227642,94.09926852910847,7699487
2024-12-17,93.81454467773438,94.43143489656555,92.01132989990111,92.53331560216222,11732822
2024-12-18,92.81803894042969,94.7161582869354,91.774067507251,93.67218685375671,15960686
2024-12-19,89.78104400634766,92.53331851811348,89.06924924851602,92.34350947899199,13932532
2024-12-20,89.21161651611328,90.39794120382756,88.73708664102757,90.01831585560873,10100692
2024-12-23,87.31349182128906,90.30303130462467,87.12368277884747,89.92340597899063,9564490
2024-12-24,89.63868713378906,90.06576834974354,86.36443401522648,87.36094961170257,11138784
2024-12-25,93.90945434570312,94.19417515178216,91.25209153221925,91.82152590362645,10979469
2024-12-26,94.28907775878906,96.13974847921868,92.72312783865654,93.90945243864319,15005522
2024-12-27,95.09577178955078,95.47539708874217,93.00784350512365,94.33652843191834,9882139
2024-12-30,92.96038818359375,95.85502296140157,92.77057915323766,95.28558862958293,10385337
2024-12-31,91.10973358154297,94.90597248077393,91.10973358154297,92.96039714861763,25834149
2025-01-02,94.62125396728516,94.62125396728516,91.01483126979383,91.58426567037128,20687940
2025-01-03,96.89899444580078,97.46842882072964,94.85851463161735,94.85851463161735,16496247
2025-01-06,99.17674255371094,100.12580229106702,96.13975429047193,97.18371855341339,22403118
2025-01-07,97.56333923339844,99.55636313843802,97.56333923339844,98.89201700959094,13146005
2025-01-08,96.32955932617188,97.65824435123477,94.81106525785037,97.27861902396667,19498511
2025-01-09,98.98692321777344,99.55635755287248,95.7601189978783,97.08880394027635,16103665
2025-01-10,96.13975524902344,98.89202272219634,95.095783734922,98.70221366913313,11604489
2025-01-13,92.10624694824219,96.61428053141296,91.91643066344761,95.9499343957583,22616286
2025-01-14,90.11321258544922,93.10275198797018,89.92340354813864,92.58077351499074,36128286
2025-01-15,91.10973358154297,91.82152837514877,90.01831344986385,90.3030342636066,19919170
2025-01-16,92.72312927246094,93.38747540317688,90.2081268741996,92.62822475114461,29400774
2025-01-17,94.5263442993164,94.76360922338132,91.77406973201309,92.58077626643453,16940727
2025-01-20,95.28559875488281,95.76012862194821,93.19766299534436,95.38050328014566,16676141
2025-01-21,94.668701171875,96.32955557839912,94.47889213600105,94.85851020774895,15809163
2025-01-22,96.89899444580078,97.08881073127769,94.66870558689138,94.90597051317431,16857415
2025-01-23,97.37352752685547,98.22768273794435,96.04484244746733,97.27862300134585,26578895
2025-01-24,96.80409240722656,97.84805666150721,96.04484172734003,97.5633430871131,13710914
2025-01-27,96.80409240722656,97.18371774716984,94.76361254068873,95.66522362814787,15113790
2025-01-28,97.7531509399414,98.70221065780493,96.23465683951,97.08881203373737,18264686
2025-01-29,97.1837158203125,98.5124008633946,96.70918596497968,98.03787100806177,13080908
2025-01-30,97.56333923339844,99.55636313843802,96.89899310455135,97.46842747159826,14553264
2025-01-31,94.81106567382812,98.22767915272941,94.81106567382812,98.22767915272941,14356533
2025-02-03,91.25209045410156,94.00436499759502,89.78104504132465,93.86200459623745,29293359
2025-02-04,91.06227111816406,92.48586060249649,89.82849790952629,91.72661722196952,32628693
2025-02-05,90.77755737304688,92.62822080245026,90.01830675338108,91.2046313211398,24044766
2025-02-06,92.05878448486328,93.38746942042376,91.34698975946486,91.34698975946486,22786535
2025-02-07,93.29257202148438,94.2416317277426,91.06227591917678,91.91643110295938,28260122
2025-02-10,91.82152557373047,93.2925709986022,91.39445160689718,93.2925709986022,12703907
2025-02-11,92.15369415283203,92.29605455402181,90.96736954416852,91.91642923109933,13688861
2025-02-12,93.3874740600586,93.8145480202152,91.86898001858422,92.24859809838976,27015822
2025-02-13,96.4244613647461,97.18371199973059,93.81454726301908,94.00436354214054,24309433
2025-02-14,95.38050079345703,96.89899488032705,95.09577998434037,96.42446502563324,10019830
2025-02-17,94.57379913330078,95.94993278134035,94.28907833127498,95.57030745888953,10832051
2025-02-18,96.04483795166016,96.61427955956493,93.71964460213536,94.4314393712655,18006096
2025-02-19,94.24163055419922,96.51936802825472,93.90945386854452,95.66522009585933,13658729
2025-02-20,96.23464965820312,96.32955417475722,92.43841107003536,94.38397900202105,26899859
2025-02-21,95.28559875488281,97.56334356494696,91.58426434362245,96.23465848901361,34018448
2025-02-24,91.7740707397461,96.80409008145543,91.58426169471028,96.51936927315077,21207072
2025-02-25,88.07274627685547,91.8689852156725,87.9303858684996,91.82152933263681,26425051
2025-02-26,89.59123992919922,90.20813020163632,88.31001074229206,88.31001074229206,21196813
2025-02-27,92.58077239990234,93.34001578075065,89.06924732594582,89.49632851587664,24168117
2025-02-28,91.86898040771484,93.67218801668125,90.91992072267958,92.2960543696804,20101925
2025-03-03,95.28559875488281,98.70221234960347,93.19766299534436,93.24511887835135,24132406
2025-03-04,96.89899444580078,98.03787043640943,92.34351220561898,93.4823809554767,29912372
2025-03-05,101.45448303222656,101.83410835908235,98.03786957202617,98.03786957202617,25366671
2025-03-06,102.21372985839844,103.2577013523008,97.84805655565158,102.97298053746358,27623460
2025-03-07,101.26466369628906,102.49844416119632,100.12579499079825,101.73919353036868,15906732
2025-03-10,100.60032653808594,102.59335042701106,99.55636233348237,101.35957718184349,14983219
2025-03-11,100.88504791259766,102.3086374471644,100.03089274370744,100.69523163020493,14664415
2025-03-12,102.49844360351562,104.30165841135722,101.35957490422125,101.5493839405201,20652847
2025-03-13,103.06788635253906,103.82713704110982,102.02392208631768,102.59335648237015,21062265
2025-03-14,101.92901611328125,103.73223104247197,101.73919982345791,103.25770117904025,13909162
2025-03-17,102.4035415649414,104.0169401348,101.4544818789656,102.21372528329579,27668324
2025-03-18,100.12579345703125,102.8780679006827,99.93598442260723,101.92900824706155,19885519
2025-03-19,90.11321258544922,95.8550264734776,90.11321258544922,93.86200261871383,33346217
2025-03-20,84.46631622314453,89.59124022865409,82.2360272991106,88.73708502094397,93129931
2025-03-21,76.01968383789062,84.41886110111943,76.01968383789062,83.5172572430911,84944917
2025-03-24,76.82637786865234,78.91431350010579,73.26740408398807,77.11109866772576,71832433
2025-03-25,81.61913299560547,82.75800172249966,77.58562933012497,79.00921885911809,55627432
2025-03-26,80.19554138183594,81.0496965251772,79.00921680518155,80.19554138183594,39432163
2025-03-27,77.96525573730469,81.76149453409857,77.72799081250507,81.1446042814694,39016113
2025-03-28,79.76847076416016,79.81591940475892,76.92129166120263,77.87035136218847,43592353
2025-04-02,78.48902130126953,79.62083941112786,78.24297421255082,79.57162698987962,26766852
2025-04-03,78.3906021118164,80.45739610637473,78.34138969173316,78.73506652611594,20821975
2025-04-04,78.43981170654297,79.27637784534065,77.20957621861876,78.43981170654297,26108727
2025-04-07,78.83348846435547,79.86688927640455,74.35543579925294,76.2746001544738,44019849
2025-04-08,79.52242279052734,80.50661115422812,78.489022005137,80.06372188530598,26462561
2025-04-09,76.42222595214844,79.03032654976093,76.42222595214844,78.73506704483833,30076615
2025-04-10,77.01274108886719,79.81767648300335,77.01274108886719,79.37479471347292,31251214
2025-04-11,76.56986236572266,77.35720859940871,75.19199707081985,77.30800368348183,26569184
2025-04-14,76.17618560791016,77.99693269267449,75.97934341762425,77.5048384801024,28621343
2025-04-15,75.68408966064453,77.06195492601778,75.58567232213822,76.37301853895035,17279146
2025-04-16,75.29041290283203,76.27460130679061,73.46966585726096,75.33962532653462,25948142
2025-04-17,76.27459716796875,77.01273843088457,74.50305513346628,75.29040881741432,32217986
2025-04-18,75.38882446289062,76.66827229347123,74.94594271856099,76.47143012251057,16515454
2025-04-21,75.63487243652344,78.09534328682518,73.61729084453269,75.29040801923342,35881095
2025-04-22,75.48724365234375,76.56985684737664,75.14277923063385,76.27459733804744,21354672
2025-04-24,77.2587890625,77.94771793598582,74.35543629868775,75.78250646894905,35547634
2025-04-25,76.471435546875,77.9969305677939,76.42223063221536,77.504836368628,21883096
2025-04-28,73.81412506103516,76.86510739513906,73.61729039771016,76.86510739513906,44178795
2025-04-29,72.97756958007812,74.15859262773999,72.73152248608513,73.5188686816059,33087056
2025-04-30,72.091796875,73.4696620712915,71.64891511954545,73.0267728070757,27557687
2025-05-02,73.46966552734375,74.30622416519964,72.4362647043231,72.73152422768945,22669937
2025-05-05,72.091796875,74.35543309096184,71.64891511954545,73.96175624791266,21485088
2025-05-06,71.94416809082031,73.46966306243002,71.30444415083039,71.99338051265082,28030951
2025-05-07,71.05839538574219,72.23942590300852,70.5663012140715,71.94416639650166,29603596
2025-05-08,72.53468322753906,72.73152541591969,71.25524279249274,71.64891966049227,16217943
2025-05-09,72.92835998535156,73.81413105982176,71.7473368918991,72.2886360144141,33405898
2025-05-12,78.24297332763672,79.12874433875842,74.60147945928891,74.94594387784703,46028386
2025-05-13,77.50483703613281,78.6858601207978,77.25878993443081,78.0461436633819,32453016
2025-05-14,77.9969253540039,78.34138976864162,76.66827260682356,77.50483118773259,32222586
2025-05-15,76.42222595214844,79.37479096632987,75.58566736654926,78.53823238073069,27619595
2025-05-16,77.35720825195312,77.75088512140881,76.02855538770672,76.47143717286826,39002500
2025-05-20,77.2587890625,78.14456012038289,76.66827752683193,77.50483616142516,28394132
2025-05-21,76.22538757324219,77.4064181429548,76.12697023628984,76.86511152657467,16489619
2025-05-22,77.06195068359375,78.04613903199846,76.37301433445373,76.71747875464314,31247827
2025-05-23,76.02854919433594,78.39060270989278,75.29040794002199,77.0619499538799,27017141
2025-05-26,76.52064514160156,77.06195174417851,75.58566920125372,77.0127393225765,16220088
2025-05-27,75.63487243652344,77.16036736721497,75.1427782664631,76.71747810890398,18680491
2025-05-28,76.81590270996094,76.91432004191334,75.29040778403487,75.83171437291473,17916531
2025-05-29,76.22538757324219,77.45562305705023,75.83171822543281,77.1603710461932,24619365
2025-05-30,76.07776641845703,76.52064819550515,73.22361855314246,76.42223085713464,40764419
2025-06-02,75.1919937133789,75.93013499817891,74.84752928222453,75.29041104959995,21441706
2025-06-03,78.53823852539062,79.57163185594789,75.63487819570298,75.83172038397225,28619041
2025-06-04,78.73506927490234,79.12874612302913,77.55404623928335,78.63665194006099,26489372
2025-06-05,78.63665008544922,78.73506741796945,77.70166665460414,78.53823275292899,5637139
2025-06-10,80.94949340820312,81.4908000150452,78.58743981915981,79.1779513392303,38075010
2025-06-11,82.42577362060547,83.26233220933102,81.24475061402364,81.24475061402364,25779381
2025-06-12,80.21134948730469,82.2781434938143,80.21134948730469,81.0971204925977,22990265
2025-06-13,79.62084197998047,79.62084197998047,74.84752980658558,76.47143463751306,29558199
2025-06-16,81.44158935546875,81.83526621362212,78.39060684511287,79.47321257346347,26760258
2025-06-17,79.12874603271484,81.68763427947628,79.12874603271484,81.19554009706981,20326582
2025-06-18,77.06195068359375,79.37479180059259,76.27459700136549,78.83348520546551,30194199
2025-06-19,76.12696838378906,78.4398095353144,75.33962219856838,77.65246335009371,24152717
2025-06-20,77.84929656982422,78.43980807493602,76.96352555777591,77.11115531124416,18570341
2025-06-23,76.471435546875,78.93190654270445,76.37301820879414,76.76669506987916,20371529
2025-06-24,81.34317016601562,81.58921725816404,78.93190415770442,80.0145173701665,25879520
2025-06-25,80.30976867675781,81.78605121680395,79.57162740673475,81.34316945829462,13476958
2025-06-26,79.22716522216797,80.94949490091075,79.12874788513497,80.30977094705399,18651966
2025-06-27,80.21134948730469,80.90027831988752,77.701666223768,79.17794872966932,27105574
2025-06-30,88.23249053955078,88.23249053955078,81.09712472221628,81.24475448225826,49064067
2025-07-01,89.01983642578125,90.69296118565158,86.60857788587235,88.18327780022682,27766583
2025-07-02,90.69296264648438,91.77556838574351,88.67537342109476,89.06905028321488,31609284
2025-07-03,90.69296264648438,93.20263856357215,90.00402626058377,92.02161548597338,30427818
2025-07-04,91.48030853271484,92.021615154777,89.80719126067808,90.84059208142887,13820964
2025-07-07,89.70877075195312,91.23425820871292,89.11825923615058,90.49611693676941,14853004
2025-07-08,88.28169250488281,90.84058823677262,87.7403934144917,90.54532872655109,24391816
2025-07-09,91.1358413696289,91.87398264558502,87.8388118387772,88.28169360084634,18150323
2025-07-10,90.54533386230469,93.15343465465601,90.44691652290234,92.61212802480061,60653475
2025-07-11,89.46272277832031,91.7263514846819,87.986440249004,91.28346972939151,71174119
2025-07-14,87.2975082397461,89.85640409154064,87.2975082397461,89.46272722905212,30008449
2025-07-16,87.88802337646484,89.26588107071164,85.4767573940104,87.24829944198667,49812410
2025-07-17,90.44691467285156,90.69296177070548,87.64197925906925,88.5769552274095,38129779
2025-07-18,90.10244750976562,91.13584078420928,89.75797557618978,90.49611684740437,18445146
2025-07-21,91.82477569580078,92.12002769437782,90.44691050949105,90.44691050949105,30652103
2025-07-22,90.98821258544922,91.97240096391275,90.1516539655075,91.82477871415237,27660882
2025-07-23,90.25006866455078,91.38188676846511,89.7579744896977,91.18505210202837,24335948
2025-07-24,91.82477569580078,92.75975162110318,90.25006833501183,90.59454026316016,36488658
2025-07-25,91.62793731689453,92.02161417339934,90.49611917022877,91.72635465383036,17324418
2025-07-28,89.56114196777344,92.4152897520152,89.4627246321985,92.21844757210393,20885375
2025-07-29,89.95481872558594,90.84058976236503,89.46272453945993,89.61035429705001,17360341
2025-07-30,91.97240447998047,92.16924666845523,89.70877562823358,89.95482273225575,25002075
2025-07-31,93.84236145019531,93.8915738731818,91.72635491072212,91.97240200813152,27914486
2025-08-01,93.69473266601562,94.629716151168,92.61212692788902,94.4820863894322,32272658
2025-08-04,94.33445739746094,95.56469290736199,93.69473343056005,94.18682763452047,35668706
2025-08-05,93.64552307128906,94.58049900095388,92.71053963286302,94.53129408867538,24040066
2025-08-06,94.18682098388672,94.43286806849328,92.80896331709889,93.64552190300896,18249945
2025-08-07,95.76153564453125,96.89334631313525,94.38367036377133,94.48208770337668,26345827
2025-08-08,95.51548767089844,96.64729832919056,94.97418104485833,95.81073968702444,17037832
2025-08-11,97.38543701171875,97.77911386472005,95.61390243635508,96.2044139614763,18713667
2025-08-12,96.74571990966797,97.43464876612593,95.66310669414636,97.3362314307407,18043828
2025-08-13,97.38543701171875,98.36962538984127,96.49967347841763,97.09018500353885,21291943
2025-08-14,95.31864166259766,97.09018372336425,94.48208305397617,95.51548384088358,39004820
2025-08-15,93.49789428710938,95.46627100894327,93.30105961843051,95.26943634026439,22289835
2025-08-18,92.46449279785156,93.59631090600678,91.48030444445767,93.54710599359383,23308706
2025-08-19,92.41529083251953,93.30106188057312,91.972401554112,92.7105428426964,20578703
2025-08-20,93.989990234375,94.48208442408377,92.07082589801537,92.2676605703943,22492575
2025-08-21,96.00757598876953,96.59808749358992,94.03919930019414,94.43286863090027,25690916
2025-08-22,96.10599517822266,96.79492402902974,95.22022414949832,96.05678275655302,19897020
2025-08-25,97.0901870727539,97.43465151068584,96.25362843527307,96.54888044974547,24798986
2025-08-26,96.49967193603516,98.07437181411001,95.46627115201908,96.69650660500902,30181629
2025-08-27,94.58050537109375,97.33623594217356,94.08841116259819,96.69651196937699,19201794
2025-08-28,94.43286895751953,95.90915147905717,94.08840453757965,94.7773408862206,14599534
2025-08-29,92.71054077148438,94.92496458776596,92.21844659008846,94.43287040637004,24042723
2025-09-01,93.64552307128906,93.74394040460727,92.26765787855047,93.10421647489707,18568341
2025-09-02,87.6911849975586,94.58050380221826,84.73861979556159,93.84236250171901,45996932
2025-09-03,84.73861694335938,87.98644155974276,83.85284591082197,87.88802422474112,36118289
2025-09-04,86.11648559570312,86.51016246017868,84.68941540933614,85.03387984996662,27767556
2025-09-05,84.44336700439453,87.34671975616527,84.44336700439453,86.31331894146095,32925996
2025-09-08,84.09889221191406,84.59098639105636,82.17972791676361,82.91786918547706,26322423
2025-09-09,84.8370361328125,86.36253113934832,83.95127258967455,84.3449419382863,23029272
2025-09-10,85.96885681152344,86.313321256075,84.8862510534635,85.23071549801506,17474944
2025-09-11,84.68941497802734,88.5277437380214,84.19732077712948,86.01806781869925,37536326
2025-09-12,84.68941497802734,85.32913143218528,83.11470752814488,84.54178521600566,18996734
2025-09-15,90.64374542236328,90.98820984268966,83.7052220686079,84.14810382206164,41348919
2025-09-16,91.1358413696289,91.52951821855777,89.36430681259105,90.79137694260166,27014915
2025-09-17,91.18505096435547,92.21844421339705,90.39769729090949,91.13583854397967,18083429
2025-09-18,89.85639953613281,92.56291750398306,89.21667560561596,92.12002824035083,18244388
2025-09-19,91.9231948852539,93.05501300789511,89.9056057314691,90.05323548811992,28127977
2025-09-22,92.75975799560547,95.41706370921628,92.56292331636085,94.77734724729044,22946752
2025-09-23,89.16746520996094,91.72635348139248,88.77378835848808,91.33268413868102,35870631
2025-09-24,89.65956115722656,90.15165535403764,86.95304307476562,89.36430914439684,35772336
2025-09-25,89.46272277832031,90.93900530763662,88.97062860188154,89.90560453361071,21511589
2025-09-26,86.65779113769531,89.65956123561023,86.65779113769531,89.31509679929364,20897576
2025-09-29,85.57518005371094,87.93723376175791,85.5259751380035,86.06727426335564,24889700
2025-09-30,85.42755126953125,86.4117396136099,84.24652075138016,85.87043302086217,30232097
2025-10-01,87.00225067138672,88.33090342731556,84.68940957643485,85.32912598979091,31719921
2025-10-02,85.13229370117188,87.14988285597586,84.5909870960992,87.05145801231804,23596761
2025-10-03,80.063720703125,85.91964588593575,80.063720703125,85.91964588593575,54457290
2025-10-06,80.94949340820312,81.78605202069976,80.0145174604883,80.555816558569,37102785
2025-10-07,83.01628875732422,83.90205980540928,81.2939590838994,81.49080126611912,39495087
2025-10-08,81.2447509765625,84.49256801353584,81.09712122289072,82.7702384078078,28289474
2025-10-09,80.60502624511719,82.47498558584857,80.11293207696477,82.27814341333094,20843139
2025-10-10,81.09712219238281,82.17972788431616,80.3097685025615,80.70344534747215,17583247
2025-10-13,79.86688995361328,81.0971254504072,79.27637841690452,80.11293705297207,21806823
2025-10-14,77.6524658203125,80.60503100352771,77.45562363617455,79.86688970772391,23194159
2025-10-15,77.70166778564453,78.58743880874238,76.6682745159981,77.80009262835861,30951269
2025-10-16,76.56986236572266,78.58744412900732,76.17618549449874,77.30800368348183,35815903
2025-10-17,74.4046401977539,76.52064672138368,73.71571133367047,76.12696986672395,39269485
2025-10-20,76.37301635742188,76.81590563119197,72.92835704676324,74.69989912432081,50486507
2025-10-21,76.22538757324219,77.11115862333628,75.43804136886193,76.61906442981306,43937313
2025-10-22,76.22538757324219,78.0461420962873,76.22538757324219,76.7174817667654,37865684
2025-10-23,77.11116027832031,77.75088424538276,75.19199588589464,76.32381405704179,56700951
2025-10-24,80.3589859008789,83.31155115742979,77.40642064432802,78.14456195846574,77675769
2025-10-27,78.73506927490234,80.06372206716405,77.94771557864878,79.76847006263998,36652201
2025-10-28,78.09534454345703,78.98111556557082,78.04613963091592,78.63665114273803,12385858
2025-10-30,79.5716323852539,79.5716323852539,78.14456217742702,78.53823904782257,30829561
2025-10-31,80.26056671142578,80.99870800855565,78.63665435598776,79.22716589193934,38854104
2025-11-03,81.04791259765625,82.27814808793264,80.26056638913627,80.60503082466136,40938721
2025-11-04,79.3255844116211,81.63842567533311,78.83349020620314,80.85107945192141,41545711
2025-11-05,78.9319076538086,80.55582003566775,78.58744321129585,79.1287498415028,44305405
2025-11-06,81.19554138183594,81.83526533083906,79.079534862254,79.42399929363675,45714470
2025-11-07,78.43981170654297,81.14632977997623,77.94771751137328,81.14632977997623,37908256
2025-11-10,76.52064514160156,79.47321022745115,76.37301538555683,78.88269871203349,36336763
2025-11-11,74.60147857666016,77.01273698679994,72.73151924391854,76.47143040064068,50955337
2025-11-12,74.5522689819336,75.78250444368167,74.40463922477156,74.99515074465836,28250721
2025-11-13,74.65068817138672,75.19199479150606,74.20780639766112,74.94594769304483,26269551
2025-11-14,74.0109634399414,74.89673448689452,73.56808167084559,74.30622295851293,24062838
2025-11-17,75.09357452392578,75.63487361416355,73.96175641341226,74.55226792492677,35670346
2025-11-18,74.99514770507812,75.97933603458708,74.2078015467276,74.60147838028338,30611429
2025-11-19,76.52064514160156,77.35720374750669,75.09357502027879,75.29040968916424,45881789
2025-11-20,78.09534454345703,78.48902138759219,76.86510909851044,77.6032503654784,45551040
2025-11-21,78.14456176757812,78.14456176757812,76.42223203879733,77.60325513502804,39176466
2025-11-24,78.9319076538086,79.5716316234818,77.1603730171309,77.75088456269013,44969420
2025-11-25,79.91609191894531,81.19553979189791,79.22716306967008,79.22716306967008,42434541
2025-11-26,80.26056671142578,80.94949558524236,79.47321299098263,80.3097716259775,26676096
2025-11-27,80.60502624511719,81.83526166549821,80.40818407259955,80.8510733291934,35274704
2025-11-28,80.60502624511719,81.24475016546754,79.91608990444715,80.40818407259955,36847726
2025-12-01,83.75443267822266,84.14810954627336,79.57163191130265,80.55582032704852,41069857
2025-12-02,83.50838470458984,84.49257311008591,83.11470784063908,83.85284914476114,27621031
2025-12-03,84.29573822021484,85.32913153812642,83.11470763133669,83.50838449429607,48378098
2025-12-04,81.34317016601562,84.640199699052,81.19554040897431,84.29573527179652,29689498
2025-12-05,83.11470794677734,84.44336830290307,81.19554355711385,81.34317331987911,36571229
2025-12-08,84.29573822021484,85.2799266232325,83.75443159505048,84.09889603435434,27007821
2025-12-09,85.08308410644531,85.18150895337355,83.3115494931608,84.39415523051716,24622712
2025-12-10,83.90206146240234,85.82122584718725,83.21313258293127,85.52597383116891,20182767
2025-12-11,83.1639175415039,84.64020010141226,82.96708287035402,84.00047615703303,32787180
2025-12-12,84.78782653808594,85.4275504574077,83.75442578312298,83.85284311484301,27362616
2025-12-15,85.87043762207031,86.2149020592031,83.95127325178656,84.88624922525575,25971718
2025-12-16,84.29573822021484,86.51016212700458,83.40996715574663,86.46094970334904,28822654
2025-12-17,85.13229370117188,85.18150612300079,83.65601115144058,84.09889291285543,27312987
2025-12-18,85.13229370117188,85.62438788441564,84.14810533468435,85.23071103606836,21627874
2025-12-19,83.9512710571289,85.27992385634255,83.9512710571289,85.08308167686856,19639367
2025-12-22,82.86865997314453,85.18150871168734,82.5241955361578,84.0988954686411,27622198
2025-12-23,81.44158935546875,83.01628927932067,81.39237693241401,82.62261242116732,28265603
2025-12-24,83.80364227294922,84.34494137807587,80.60503002977376,81.68763574878855,50893005
2025-12-25,83.26233673095703,84.04969045061021,83.11470696992687,83.85284826631613,18583306
2025-12-26,82.67182159423828,83.26233310387344,81.73684566304603,83.11470334927435,14725156
2025-12-29,82.62261199951172,82.77024175916101,81.0971245064997,82.67182442231531,29670542
2025-12-30,82.17973327636719,83.06550435834386,81.58922172463666,82.7210399122312,25356884
2025-12-31,82.9178695678711,83.65601083998864,82.47498780810508,82.47498780810508,21295538
2026-01-02,86.51016235351562,86.60857969232275,83.40996737414038,83.5575971367319,36354372
2026-01-05,89.2166748046875,89.70876897624258,86.60857419369337,87.34671545102599,41069005
2026-01-06,90.54533386230469,90.54533386230469,88.87221656617982,89.41351568727355,52878371
2026-01-07,89.01983642578125,91.23426029218139,88.52774223324788,90.69296118565158,44519417
2026-01-08,89.6103515625,90.00402089237848,87.69117978991721,88.97062763830574,35340252
2026-01-09,89.85639953613281,90.69295813353428,88.4785343416568,89.90560444847335,31339857
2026-01-12,91.62793731689453,93.3010620798496,90.05323739963679,90.34849691920577,47703017
2026-01-13,92.02161407470703,92.95659003773689,90.98821326608541,91.67714964142031,38891956
2026-01-14,91.9231948852539,93.69472943877979,91.62793537195226,93.00580058609107,44348651
2026-01-15,92.51371002197266,92.8581744617915,90.7913803141168,91.72635629487675,47269500
2026-01-16,93.39947509765625,93.89156926834067,92.36607433571449,92.66133384162961,39140690
2026-01-19,93.989990234375,95.12180837245745,93.39947870847676,94.18682490675393,48691934
2026-01-20,92.3168716430664,94.08840619485878,91.97239970829779,93.98998886010831,39831313
2026-01-21,93.30106353759766,93.74394531510927,91.28347430946337,92.51370981228632,45550433
2026-01-22,93.989990234375,94.62971418274869,91.5787317083066,94.28524975170484,49942970
2026-01-23,95.85994720458984,97.09018264738806,94.0884051634559,94.43286958568716,43552027
2026-01-26,97.13938903808594,97.13938903808594,94.13761901723484,94.87576029414663,36412376
2026-01-27,99.1077651977539,99.59985937948805,96.20441252902692,97.38543556168437,53981324
2026-01-28,103.73345947265625,104.91448255610686,101.56824047464795,101.86349999989142,59628690
2026-01-29,108.2607192993164,108.2607192993164,102.25717182174293,104.22554853627595,72715387
2026-01-30,107.76863098144531,109.04807891897629,105.89867149919301,107.86704832077193,52688028
2026-02-02,106.48918151855469,108.55598315861685,102.25717591803664,104.32397004933723,55209128
2026-02-03,108.16230773925781,109.14649614906223,105.50499452752888,107.07970199022529,57497447
2026-02-04,105.2097396850586,109.04807588199232,105.2097396850586,108.85123370005947,34424086
2026-02-05,102.06033325195312,105.20974061176612,101.86349857704799,104.61922907828917,40612849
2026-02-06,101.76508331298828,102.45401219795426,100.09195850715969,101.66666597353053,30908941
2026-02-09,103.83187103271484,104.22554787487549,102.55242317288307,102.84768268169385,39683761
2026-02-10,101.9619140625,104.91447918501696,101.37140253974889,104.02870814650959,31579235
2026-02-11,102.25717163085938,102.84768314236472,100.28879492000073,100.78088909771539,37906592
2026-02-12,108.2607192993164,110.03226134590064,102.65084866640179,102.94610066832499,71298551
2026-02-13,109.63858795166016,110.91802835111491,107.67021117518065,108.06388803222886,45792451
2026-02-16,110.81961059570312,113.18166422031415,108.94965116335433,110.72119325900297,60401173
2026-02-17,108.2607192993164,110.52435552453389,108.2607192993164,110.03226134590064,42124024
2026-02-18,107.27653503417969,111.50854813536296,106.68602349904661,108.75281762639318,61957140
2026-02-19,102.45401000976562,107.76862882335459,101.37140428132898,107.76862882335459,41406118
2026-02-20,103.63504028320312,104.02870963148243,101.46982132385945,102.45400971208072,36644195
2026-02-23,104.61922454833984,105.80024756415617,104.02870553167047,105.209736056248,35559974
2026-02-24,104.61922454833984,105.60341289777385,102.84768251585415,104.225547706814,47054071
2026-02-25,102.06033325195312,105.50499262412383,101.76508123959542,104.81606375319431,40579235
2026-02-26,103.33978271484375,104.61923064719886,100.38721749441964,101.96191744356018,35534556
2026-02-27,99.20619201660156,104.02870908661794,98.41883830664383,103.73345707695489,66871999
2026-03-02,94.53129577636719,96.59808984799348,92.7105412880484,94.48208335444886,48371323
2026-03-03,90.54533386230469,95.46627592003864,90.15165699593364,93.64552886042941,47692796
2026-03-04,92.3168716430664,92.71054098206827,89.5119287957295,90.54532958251271,46770796
2026-03-05,91.9231948852539,94.67891780477018,91.77556512860309,94.23603604357903,38577759
2026-03-06,88.57695770263672,92.36608161371939,88.57695770263672,91.43110561925181,32630089
2026-03-09,89.6103515625,89.75797380682386,84.73861476326168,85.62438577301057,46491562
2026-03-10,94.18682098388672,94.43286806849328,91.38188572112416,92.51370381206655,44360261
2026-03-11,94.48208618164062,94.48208618164062,92.36607962477865,93.94077955938701,25985849
2026-03-12,94.08840942382812,96.3028333211352,93.00580368689698,93.44868546285376,34395618
2026-03-13,93.39947509765625,93.89156926834067,91.23425624138808,93.20263292412578,26081172
2026-03-16,92.56291961669922,94.2852492719155,91.23425930423754,93.6947302402608,31220119
2026-03-17,94.3836669921875,94.72813142288206,92.12003071831795,93.00580176064784,34664905
2026-03-18,91.72635650634766,95.07259859107744,91.33268715065374,94.67892172662188,25141136
2026-03-19,91.08663940429688,91.62793851892577,90.59454520440065,90.93900964257568,10210074
2026-03-23,91.97240447998047,92.12003424414611,85.9196517280446,88.18328057979147,63887091
2026-03-24,88.52774047851562,92.16924193634024,88.18327605232228,91.43110066217109,37206592
2026-03-25,89.70877075195312,91.28347063034701,89.46272366130529,89.90560542096686,30699116
2026-03-26,88.52774047851562,90.25007011824364,87.78959920434647,89.46272393105335,23911210
2026-03-27,87.6911849975586,89.26588493687134,87.00225612059727,89.01983783670492,27237155
2026-03-30,87.49434661865234,88.72458206742766,86.46094583817657,87.100669773292,27024225
2026-03-31,87.98644256591797,89.31509537553731,87.49434837652107,87.83881280734661,35028954
2026-04-01,90.55000305175781,91.4000015258789,89.80000305175781,91.0999984741211,32186449
2026-04-02,90.0999984741211,90.4000015258789,88.55000305175781,88.9000015258789,23570724
2026-04-03,89.0,90.75,88.55000305175781,90.0999984741211,28121520
2026-04-06,91.75,92.5999984741211,88.80000305175781,88.94999694824219,39348145
2026-04-07,89.30000305175781,92.94999694824219,88.80000305175781,91.5,36482381
2026-04-08,96.3499984741211,98.1500015258789,93.69999694824219,95.0,64177927
2026-04-09,97.55000305175781,98.0999984741211,95.44999694824219,95.8499984741211,35303828
2026-04-10,102.0,102.0,98.0,98.0,44501081
2026-04-13,99.0999984741211,100.0,97.8499984741211,100.0,57217405
2026-04-14,100.5,101.9000015258789,99.3499984741211,100.0,52115310
2026-04-15,100.5999984741211,101.5,99.5999984741211,100.9000015258789,30380937
2026-04-16,99.5,102.19999694824219,98.69999694824219,101.19999694824219,33217351
2026-04-17,105.0999984741211,105.80000305175781,99.0999984741211,99.5,53494472
2026-04-20,102.9000015258789,104.9000015258789,102.5999984741211,103.80000305175781,38545750
2026-04-21,101.0,103.80000305175781,100.5,103.30000305175781,30980393
2026-04-22,98.9000015258789,101.69999694824219,98.80000305175781,101.69999694824219,35549058
2026-04-24,98.80000305175781,99.3499984741211,97.4000015258789,98.5,22352079
2026-04-27,98.1500015258789,100.19999694824219,97.69999694824219,98.94999694824219,22437770
2026-04-28,96.4000015258789,98.0,96.3499984741211,97.94999694824219,19923400
2026-04-29,96.1500015258789,97.9000015258789,95.9000015258789,97.0,20806209
2026-04-30,95.6500015258789,95.9000015258789,93.75,95.80000305175781,33410467
2026-05-04,93.69999694824219,96.4000015258789,93.55000305175781,95.8499984741211,30582394
2026-05-05,95.30000305175781,96.5,93.44999694824219,93.75,26366986
2026-05-06,100.69999694824219,102.4000015258789,96.8499984741211,97.0,48103424
2026-05-07,100.0,101.80000305175781,99.55000305175781,100.5,28734585
2026-05-08,100.0,101.5999984741211,98.05000305175781,99.44999694824219,29114491
2026-05-11,99.3499984741211,100.30000305175781,98.94999694824219,99.75,35280977
2026-05-12,95.19999694824219,99.1500015258789,95.19999694824219,99.1500015258789,33786334
2026-05-13,95.25,96.44999694824219,94.6500015258789,95.80000305175781,25251476
2026-05-14,95.8499984741211,97.44999694824219,95.30000305175781,95.80000305175781,24899615
2026-05-15,93.05000305175781,94.80000305175781,92.19999694824219,94.80000305175781,28420046
2026-05-18,92.30000305175781,93.19999694824219,91.19999694824219,92.8499984741211,29986790
2026-05-20,92.6500015258789,93.55000305175781,91.19999694824219,91.9000015258789,24433415
2026-05-21,87.25,93.05000305175781,87.0,92.6500015258789,23453435
2026-05-22,89.1500015258789,90.3499984741211,85.0999984741211,86.94999694824219,78872084
2026-05-25,90.30000305175781,90.69999694824219,88.30000305175781,90.05000305175781,42962840
2026-05-26,92.0,92.0,89.3499984741211,90.05000305175781,16714802
2026-05-27,92.0,92.0,92.0,92.0,0
2026-05-28,92.0,92.0,92.0,92.0,0
2026-05-29,92.0,92.0,92.0,92.0,0
2026-06-01,89.0,93.0,88.80000305175781,91.0999984741211,54593365
2026-06-02,93.30000305175781,93.5,91.25,91.80000305175781,49951502
2026-06-03,90.69999694824219,92.9000015258789,90.5999984741211,92.69999694824219,35597499
2026-06-04,92.0,92.25,89.9000015258789,91.19999694824219,41204630
2026-06-05,90.0,92.25,89.94999694824219,92.05000305175781,27335462
2026-06-08,91.5,91.94999694824219,88.80000305175781,88.80000305175781,23182984
2026-06-09,91.19999694824219,93.44999694824219,90.94999694824219,91.55000305175781,30504753
2026-06-10,91.1500015258789,91.94999694824219,90.1500015258789,91.19999694824219,22253929
2026-06-11,91.5999984741211,92.1500015258789,89.80000305175781,91.0999984741211,25113772
2026-06-12,95.94999694824219,96.44999694824219,93.0,93.5,42768377
2026-06-15,101.19999694824219,102.0999984741211,99.0999984741211,100.5,34264384
2026-06-16,100.80000305175781,101.9000015258789,100.0999984741211,101.30000305175781,22328408
2026-06-17,99.80000305175781,101.80000305175781,98.8499984741211,101.4000015258789,16593847
2026-06-18,102.5,103.30000305175781,100.19999694824219,100.19999694824219,32703031
2026-06-19,100.80000305175781,102.5,100.19999694824219,100.69999694824219,21453913
2026-06-22,101.5,102.4000015258789,100.9000015258789,101.5,22406845
2026-06-23,99.1500015258789,101.80000305175781,98.80000305175781,100.5,24363579
2026-06-24,99.80000305175781,100.80000305175781,98.0999984741211,99.05000305175781,23578050
2026-06-25,97.0,101.4000015258789,96.9000015258789,101.0,29177989
2026-06-26,97.44999694824219,97.94999694824219,96.5999984741211,97.05000305175781,16848657
2026-06-29,97.5,98.94999694824219,96.94999694824219,97.55000305175781,27586142
2026-06-30,97.5,98.1500015258789,96.5999984741211,97.6500015258789,29623413
2026-07-01,98.0999984741211,98.5999984741211,96.3499984741211,97.0999984741211,38748553
2026-07-02,97.55000305175781,99.0999984741211,96.69999694824219,98.30000305175781,25358982
2026-07-03,94.5,98.19999694824219,94.5,98.0999984741211,23600000
2026-07-06,93.5999984741211,96.94999694824219,93.30000305175781,94.80000305175781,35417909
2026-07-07,92.80000305175781,95.05000305175781,92.80000305175781,93.55000305175781,34230938
2026-07-08,90.0,92.44999694824219,89.5,92.44999694824219,32017069
2026-07-09,89.1500015258789,90.75,88.75,90.75,29842768
2026-07-10,90.5,91.5999984741211,89.1500015258789,89.25,41349310
2026-07-13,89.19999694824219,90.4000015258789,89.0999984741211,89.8499984741211,27389395
2026-07-14,89.44999694824219,90.05000305175781,88.6500015258789,89.0999984741211,32842805
2026-07-16,90.30000305175781,90.5999984741211,89.30000305175781,89.55000305175781,42929509
2026-07-17,88.4000015258789,90.5,88.4000015258789,90.19999694824219,37790457
2026-07-20,89.0,90.19999694824219,87.9000015258789,88.6500015258789,46196486
2026-07-21,88.4000015258789,89.9000015258789,88.19999694824219,89.5999984741211,24681443
2026-07-22,89.0999984741211,89.4000015258789,88.05000305175781,88.69999694824219,29209384
2026-07-23,87.94999694824219,89.0999984741211,87.55000305175781,89.0999984741211,31306845
2026-07-24,87.0999984741211,88.80000305175781,86.5999984741211,88.0999984741211,27336960
2026-07-27,87.0999984741211,89.25,86.80000305175781,88.3499984741211,43337946
2026-07-28,87.3499984741211,87.94999694824219,86.55000305175781,87.19999694824219,29180832
2026-07-29,84.80000305175781,88.25,84.30000305175781,87.3499984741211,32972679
2026-07-30,82.30000305175781,85.1500015258789,82.0999984741211,84.8499984741211,37704669
2026-08-03,86.55000305175781,87.0,85.3499984741211,85.80000305175781,39848500
2026-08-04,88.9000015258789,89.0,85.5999984741211,86.55000305175781,41500149
2026-08-05,89.0999984741211,89.80000305175781,86.8499984741211,88.44999694824219,30205242
2026-08-06,88.0999984741211,89.5999984741211,88.0999984741211,89.30000305175781,24121294
2026-08-07,88.05000305175781,88.94999694824219,87.55000305175781,88.1500015258789,22138406
