Price,Close,High,Low,Open,Volume
2021-08-09,7.537978649139404,7.66698994139996,7.4734721241856095,7.4734721241856095,152235993
2021-08-10,7.731496810913086,7.7683573073193175,7.547193450058375,7.547193450058375,159071129
2021-08-11,7.685420513153076,7.796001995788375,7.64856001894131,7.740710815058974,142598970
2021-08-12,7.75914192199707,7.796002418206082,7.685420929579048,7.7314967695462,71778999
2021-08-13,8.007949829101562,8.007949829101562,7.749926362810873,7.759141706312851,110629486
2021-08-16,7.961874961853027,8.044810417864971,7.934228931025509,8.026380609470163,58228865
2021-08-17,8.04481029510498,8.090886133624211,7.934228809952941,7.934228809952941,61268842
2021-08-18,7.989521026611328,8.081672715583752,7.925015371624814,8.054026681597842,44337810
2021-08-19,8.007949829101562,8.081671698293858,7.934228838732794,7.943444182234772,70761060
2021-08-20,8.01716423034668,8.035594915184477,7.86050692451909,8.00794888792778,70376150
2021-08-23,8.32126522064209,8.32126522064209,8.044811042661,8.063241731310756,101161557
2021-08-24,8.238327980041504,8.32126431226458,8.201467485589417,8.31204984776919,48128388
2021-08-25,8.229113578796387,8.330479719612867,8.192253084060983,8.210682892016928,57861469
2021-08-26,8.12774658203125,8.293619248219159,8.090886087192105,8.238328066548684,48850286
2021-08-27,8.265974044799805,8.265974044799805,8.109316723012991,8.127746530904874,49099687
2021-08-31,8.201467514038086,8.339695027830523,8.164607019458138,8.321264341128792,49902662
2021-09-01,8.1093168258667,8.275188614291517,8.10010148239212,8.210682967616506,46810789
2021-09-02,8.164608001708984,8.247544344197479,8.109317692599067,8.118533037058594,41647593
2021-09-03,8.072458267211914,8.155394620730844,8.044812230156447,8.127748583675377,50864030
2021-09-06,8.04481029510498,8.109316820561313,8.026380486991403,8.081671668979185,43640646
2021-09-07,7.94344425201416,8.118532264795695,7.925014443671834,8.035595930196394,56455939
2021-09-08,7.915800094604492,7.9987364396236496,7.915800094604492,7.952660594743713,47896261
2021-09-09,7.971089839935303,7.989520528109269,7.832863193924885,7.888154379623201,49500575
2021-09-10,7.869723320007324,7.998735494665115,7.869723320007324,7.998735494665115,28334360
2021-09-13,7.925015926361084,7.961876428765492,7.8236488856311865,7.869724733342622,79220707
2021-09-14,7.8328633308410645,7.952660169595113,7.823647986593,7.943444825347048,41371463
2021-09-15,7.722281455993652,7.943444434112797,7.70385076840528,7.832862945053225,75378010
2021-09-16,7.676205635070801,7.796002468224582,7.63012979480803,7.740711284144546,51699063
2021-09-17,7.676205635070801,7.759141971779077,7.611699985997056,7.694636322705332,36325844
2021-09-20,7.556408882141113,7.657775907560103,7.519548385304271,7.593269378977955,60264831
2021-09-21,7.528763771057129,7.666990415257527,7.491903274015451,7.602484765140484,66373982
2021-09-22,7.537978649139404,7.574839143902922,7.427397164848848,7.565623800506163,62246507
2021-09-23,7.593269348144531,7.602484692022213,7.455042705273552,7.528763698647882,75240581
2021-09-24,7.54719352722168,7.584054024004777,7.473472533655486,7.565624215025011,77116097
2021-09-27,7.519547939300537,7.611699615338672,7.4826874446499865,7.584053585233123,63342805
2021-09-28,7.390537261962891,7.537979252824983,7.362891229558557,7.519548564555428,80086986
2021-09-29,7.528763771057129,7.528763771057129,7.381321782890418,7.427397623898408,67935974
2021-09-30,7.54719352722168,7.602484711808107,7.519548374340249,7.537979062143579,115373121
2021-10-01,7.54719352722168,7.630129864689539,7.491903221458817,7.491903221458817,115494243
2021-10-04,7.5011186599731445,7.602484807699315,7.5011186599731445,7.556408966433391,59677765
2021-10-05,7.464258670806885,7.565624825432909,7.45504332616171,7.510333636385491,68594304
2021-10-06,7.289169788360596,7.445827113777136,7.27073954062993,7.445827113777136,95755951
2021-10-07,7.390537261962891,7.418182415543636,7.335246075977812,7.344460980700796,61522468
2021-10-08,7.390537261962891,7.445827569124382,7.372106573693335,7.390537261962891,57804095
2021-10-11,7.482687950134277,7.501118638116373,7.399751611861991,7.399751611861991,68168905
2021-10-12,7.482687950134277,7.501118638116373,7.4273976438351355,7.445827452993658,51421979
2021-10-13,7.491903305053711,7.6024847966368725,7.47347261704473,7.501118649058202,76538562
2021-10-14,7.473472595214844,7.537979124234281,7.436612098128125,7.491903283169989,56851433
2021-10-15,7.42739725112915,7.537978736704274,7.353675821333971,7.491902898008758,74732526
2021-10-18,7.519547939300537,7.53797862603757,7.408966455348884,7.4181817987174,112185457
2021-10-19,7.510333061218262,7.56562424603129,7.482687908223532,7.547193558152425,66054237
2021-10-20,7.519547939300537,7.565623777319605,7.4919027880185025,7.528763282669053,52428314
2021-10-21,7.703850269317627,7.703850269317627,7.4458268115611315,7.528763142688737,134571653
2021-10-22,7.869723320007324,7.915799159443932,7.694636184736469,7.713065993216986,129246873
2021-10-25,7.906583786010742,7.9895201209195355,7.814432107484629,7.823647451101948,112945257
2021-10-26,8.063241958618164,8.063241958618164,7.934229770903767,7.94344511548843,76705165
2021-10-27,8.090886116027832,8.100101459476342,7.97108928766778,8.063240964505827,73880165
2021-10-28,7.98030424118042,8.072455913515727,7.943443748010994,8.072455913515727,46501729
2021-11-01,7.860508441925049,7.897368939892835,7.713066450053904,7.888154474518584,128122281
2021-11-02,7.94344425201416,7.9803047475223465,7.851293452655462,7.878938604580718,103586574
2021-11-03,8.063241958618164,8.118533147302514,7.814432927774033,7.961875804657757,149014713
2021-11-04,8.183038711547852,8.192254056030936,8.0724572142217,8.146178212439134,75397092
2021-11-05,8.11853313446045,8.192254133373883,8.109317789890364,8.192254133373883,38014187
2021-11-08,8.265974044799805,8.27518850933399,8.118532066370689,8.136961874262571,95171382
2021-11-09,8.560858726501465,8.69908537327646,8.238328712261692,8.27518920998993,218094037
2021-11-10,8.81888198852539,8.846528020243088,8.45949236443098,8.570073854831072,184440307
2021-11-11,8.726731300354004,8.911033786770565,8.643794961760658,8.791236950893905,139665578
2021-11-12,8.809666633605957,8.88338761975969,8.735944768628746,8.7820206046807,76923380
2021-11-15,9.159841537475586,9.22434806411896,8.874172915281862,8.911033411010845,141344934
2021-11-16,9.178274154663086,9.298071010677788,9.086122456552168,9.169058809087248,125071528
2021-11-17,9.602169036865234,9.620598846607402,9.196702676654333,9.196702676654333,186793894
2021-11-18,10.238011360168457,10.45917519660452,9.565307144390962,9.639028130261826,222175872
2021-11-19,10.367025375366211,10.486822218495945,10.191938222375757,10.459177063565585,120570981
2021-11-22,10.330163955688477,10.51446643684679,10.1090009782985,10.459176131911072,136296331
2021-11-23,11.012084007263184,11.141096188545442,10.36702485849907,10.403885356176346,280929646
2021-11-24,11.048944473266602,11.537347164619888,10.781705646166548,11.251677649322238,193692425
2021-11-25,10.984437942504883,11.196385566861355,10.855425771924738,11.048943588383198,98192110
2021-11-26,11.002869606018066,11.168742299191896,10.846213136582813,10.883073637418812,132574915
2021-11-29,11.325398445129395,11.334613789065996,11.039728934859756,11.104235463592392,118088113
2021-11-30,11.56499195098877,11.56499195098877,11.168740955554368,11.316182941160594,110856227
2021-12-01,11.952028274536133,12.311417914949592,11.647928942421542,11.647928942421542,188545667
2021-12-02,12.274558067321777,12.34827906817832,11.961243374269646,11.961243374269646,102334290
2021-12-03,12.210051536560059,12.394354025498133,12.182406382925244,12.320633029922904,92674745
2021-12-06,12.292986869812012,12.541794989801598,12.044177870998908,12.237695688245704,219535756
2021-12-07,13.518600463867188,13.518600463867188,12.449645154136007,12.486505651753511,364107057
2021-12-08,13.721332550048828,14.126797991628122,13.325081573024153,13.8595591854268,311215398
2021-12-09,14.191305160522461,14.864009480492188,13.656827490764057,13.739763832420294,315147756
2021-12-10,14.55069351196289,14.569124197949035,14.126797401339827,14.292670059921214,171920611
2021-12-13,14.873224258422852,15.223400300445688,14.790287919925188,14.81793395197346,160374896
2021-12-14,15.287907600402832,15.306338290423597,14.946946865608062,15.195755907946353,140131039
2021-12-15,14.956160545349121,15.59200521908966,14.817933900878694,15.555143843152402,174262939
2021-12-16,16.32000160217285,16.32000160217285,14.965377525982356,15.09438884057745,388241002
2021-12-17,14.688920974731445,17.34287926845073,14.688920974731445,16.817616991581044,249889448
2021-12-20,15.09438705444336,15.721016378579568,13.454094508183774,14.191304443845707,212211372
2021-12-21,13.592321395874023,14.37560806513179,13.592321395874023,14.37560806513179,142424977
2021-12-22,12.23769760131836,13.279007839875808,12.23769760131836,12.882756800039493,240668600
2021-12-23,11.87830638885498,12.477289663943953,11.316182730658351,12.283771841729687,234220869
2021-12-24,12.716883659362793,12.809034461659946,11.887521165747042,11.979672846867757,196305344
2021-12-27,12.486505508422852,13.039412966338661,12.403569170029586,12.753744332788052,112693990
2021-12-28,12.357492446899414,12.919616087525567,12.191619781950907,12.726098271360147,112427341
2021-12-29,12.762960433959961,12.88275639783098,12.26534325290262,12.348278717392487,105231417
2021-12-30,12.412785530090332,13.113135034111234,12.412785530090332,12.993339067541184,97252376
2021-12-31,12.329848289489746,12.726099297105916,12.320632945400165,12.412784628648813,80066454
2022-01-03,12.772174835205078,12.790605524214417,12.28377300116471,12.375924688564155,74767648
2022-01-04,13.140779495239258,13.36194247003249,12.772173658426995,13.08548831212918,109298150
2022-01-05,13.279006958007812,13.3895884522599,12.891971288713707,13.140780309898602,94910676
2022-01-06,13.684473037719727,13.813484338980828,13.103919545574035,13.140780042909148,150046155
2022-01-07,13.693687438964844,13.877990803602994,13.435663958824437,13.748978624121003,117626428
2022-01-10,13.730547904968262,14.071508601480936,13.730547904968262,13.776623746023237,127544599
2022-01-11,13.601536750793457,14.016217567098124,13.500169723618294,13.841130423795649,107501386
2022-01-12,13.997785568237305,14.320315550064393,13.712116959257656,13.776622604093674,231766190
2022-01-13,13.868775367736816,14.191304496069934,13.748978533045007,13.85034467986566,135953188
2022-01-14,13.887205123901367,14.062293142716335,13.730547792887371,13.868775314923962,99064447
2022-01-17,13.748978614807129,14.007002094772744,13.748978614807129,13.914851291339668,70938576
2022-01-18,13.067059516906738,13.877991366187942,13.067059516906738,13.748979181476065,78196477
2022-01-19,13.103919982910156,13.26979178704225,12.541796281259664,12.974907798519766,211124648
2022-01-20,12.707669258117676,13.26979209394531,12.560227260446403,13.214501784230396,137682126
2022-01-21,12.827466011047363,12.974908007685485,12.541796483443285,12.698453824577195,126036572
2022-01-24,12.025748252868652,12.799819534075613,12.016532909324871,12.716883199828649,82223914
2022-01-25,12.311416625976562,12.504934442409004,11.776939014653346,12.081038314929538,75575020
2022-01-26,12.311416625976562,12.48650463451347,12.237695636747397,12.339062656055136,47253443
2022-01-27,12.726099014282227,12.726099014282227,12.071824538463398,12.21926652532563,61246010
2022-01-28,12.495720863342285,12.956477518086382,12.468074831304666,12.818249994369008,53226288
2022-01-31,12.716883659362793,12.873540989973872,12.569441672628498,12.652377131048867,44995847
2022-02-01,13.020983695983887,13.122349847757263,12.707669017454307,12.73531417178821,91283129
2022-02-02,12.827466011047363,13.269792000961731,12.753745012728302,13.2329315018022,100568802
2022-02-03,12.486505508422852,12.919617009574583,12.339063519645302,12.79982017398693,66651093
2022-02-04,12.33906364440918,12.68923881070837,12.256127305177321,12.670808122513032,50503888
2022-02-07,12.73531436920166,12.744529713730346,12.154760846248767,12.320633532470628,90476203
2022-02-08,13.00255298614502,13.067059517917754,12.597087500884852,12.698453652493992,132211933
2022-02-09,13.140779495239258,13.325081974233619,13.076272968473576,13.26979079112354,194015445
2022-02-10,12.827466011047363,13.19607100264267,12.827466011047363,13.149996037810972,125314899
2022-02-11,12.781390190124512,12.855111188574691,12.47729085181162,12.744529690899423,109692588
2022-02-14,12.292986869812012,12.532580525226813,12.237695688245704,12.514149838430203,100558239
2022-02-15,12.412785530090332,12.606303375907283,12.302204029455453,12.302204029455453,86943189
2022-02-16,12.412785530090332,12.569442875695657,12.385139495813878,12.477291185754767,72336175
2022-02-17,12.053394317626953,12.486505829930621,12.044178973385181,12.449645331787133,87313836
2022-02-18,12.246912002563477,12.283772500255429,12.071824858232603,12.163975663050689,56876088
2022-02-21,12.163975715637207,12.412784735251206,12.117899873617178,12.34827820489373,69019896
2022-02-22,11.952028274536133,12.081039579782562,11.776940247667971,11.905952431738006,72731009
2022-02-23,11.85987663269043,12.21005180889493,11.85066128833209,12.00731862712946,73439229
2022-02-24,10.81856632232666,11.196386648378443,10.680339673857237,10.781705824146574,83971310
2022-02-25,11.334613800048828,11.59263727875868,11.021299136489366,11.030514480434896,81550011
2022-02-28,11.40833568572998,11.43598084090396,10.901503153814273,10.938363653654127,83870669
2022-03-01,11.251676559448242,11.620281499460049,11.224031408653232,11.537346047075015,60441872
2022-03-02,11.131881713867188,11.408335907450786,11.067376057599688,11.224033404669605,59304219
2022-03-03,11.279322624206543,11.537346981946014,11.159525789289695,11.233246783265669,100623429
2022-03-04,11.113451957702637,11.288539116500644,11.095021267921974,11.16874226939731,62060327
2022-03-07,11.187171936035156,11.288538084087206,10.883072613055427,11.067375099888054,67247245
2022-03-08,11.896736145019531,11.979672479721676,11.030514060091242,11.058159212050779,186828292
2022-03-09,12.071824073791504,12.532580704412196,11.93359655731118,12.071824073791504,153382348
2022-03-10,12.127115249633789,12.375924269901203,11.988888602034288,12.200836245530002,103076185
2022-03-11,12.468074798583984,12.652377284233234,12.145545668403694,12.145545668403694,169548031
2022-03-14,12.753744125366211,12.901186111745822,12.569441642391697,12.578656107422752,100151464
2022-03-15,12.523366928100586,12.781390427467558,12.385139394321978,12.753745272241291,95252981
2022-03-16,12.403569221496582,12.661592702927928,12.366708724149246,12.624732205580592,52046817
2022-03-17,12.633947372436523,12.744528862927663,12.486505385115008,12.495720729028493,84744619
2022-03-18,12.587871551513672,12.70766838610693,12.551011054625251,12.652377201362516,43072861
2022-03-21,12.993337631225586,12.993337631225586,12.624731791032275,12.652376943429118,104384646
2022-03-22,13.223715782165527,13.223715782165527,13.002551929357015,13.01176727297894,83924391
2022-03-23,13.039412498474121,13.30665131325058,13.011767346276155,13.30665131325058,66757832
2022-03-24,13.18685531616211,13.40801829064454,13.039412454350284,13.057843141635589,133293051
2022-03-25,13.122349739074707,13.343512729561407,13.113134394765193,13.232931234318057,56202717
2022-03-28,13.085489273071289,13.28822245426471,13.085489273071289,13.140780460241714,56789211
2022-03-29,13.914852142333984,13.970142452010519,13.159210586557776,13.168425931111742,184622912
2022-03-30,13.942496299743652,14.292671458330584,13.896420459093662,14.099153630659478,91219237
2022-03-31,14.016217231750488,14.255810899020236,13.960926047448407,13.97014139130268,92108296
2022-04-01,14.163660049438477,14.228165702557328,13.850345370592146,13.960926866863154,102675710
2022-04-04,14.993021965026855,15.0667429594693,14.32031679221009,14.32031679221009,169380357
2022-04-05,15.241832733154297,15.499855364551129,14.8547970284117,15.02066796674651,177547546
2022-04-06,15.020666122436523,15.37084216154642,14.965375816447064,15.269475135859798,99461599
2022-04-07,15.370841026306152,15.472208044506138,15.07595707261202,15.094386001482649,110051500
2022-04-08,15.573576927185059,15.711803592922273,15.389275292084578,15.47221164305639,92623917
2022-04-11,15.721016883850098,15.886889564116931,15.435348244305652,15.53671527283476,136637245
2022-04-12,15.914533615112305,16.0066852879693,15.601218981986696,15.831597285305705,164535578
2022-04-13,15.99747085571289,16.587238783340144,15.80395215593078,16.071191846666295,187975675
2022-04-14,15.98825454711914,16.209417506630412,15.850027917130467,16.135696520126654,109503712
2022-04-15,16.052762985229492,16.135699329190476,15.91453633117694,15.988257330514786,74200466
2022-04-18,16.651742935180664,16.670173620675474,16.108050016612165,16.108050016612165,129412668
2022-04-19,16.55959129333496,16.753109976063634,16.264707355507376,16.725463947774706,124627717
2022-04-20,16.734682083129883,17.001921794910952,16.412152063191325,16.633315053468483,157147221
2022-04-21,16.845264434814453,16.92820077576461,16.679391752914146,16.734682060998516,80184987
2022-04-22,16.430580139160156,17.287587688740558,16.227847869721096,16.771540793484,171136743
2022-04-25,16.522733688354492,16.670175675190627,16.052761696196637,16.31078605198344,128581900
2022-04-26,16.22785186767578,16.76232958027918,16.14491551937117,16.64253185155147,120131522
2022-04-27,16.421369552612305,16.5043059045061,15.969828168772445,16.200206533444668,125672091
2022-04-28,16.32000160217285,16.808404340871522,16.27392663485956,16.495089641728576,84766805
2022-04-29,16.697824478149414,16.734684102152414,16.31078875905712,16.393725110123142,93196075
2022-05-05,17.33366584777832,17.47189250055445,16.826834201716768,16.909770544911893,175235260
2022-05-06,17.86814308166504,18.356545784112694,17.250729074197977,17.31523648435489,283485271
2022-05-09,17.74834442138672,18.199885677921312,17.74834442138672,17.932646006574974,147828782
2022-05-10,18.089305877685547,18.107736566103704,17.803637237792852,17.94186388563466,40605304
2022-05-11,18.39340591430664,18.651430289155527,17.969510610248385,18.52241898055471,168565413
2022-05-12,18.061662673950195,18.25517964087686,17.573259947784774,18.07087801870584,192621936
2022-05-13,18.163026809692383,18.485556825284583,18.098521158103377,18.347330177929976,108310936
2022-05-16,17.78520965576172,18.227537466819097,17.76678072177193,18.135385766280166,79425120
2022-05-17,18.347332000732422,18.614571735462413,17.923436672378124,18.01558660800481,146053339
2022-05-18,18.347332000732422,18.614571735462413,18.26439565255052,18.347332000732422,115136055
2022-05-20,17.895788192749023,18.50398682457868,17.895788192749023,18.31968346320425,94718457
2022-05-23,17.83128547668457,17.987942832327747,17.43503441490198,17.96951214162916,108705715
2022-05-24,18.264392852783203,18.485555828150197,18.02479919005719,18.107735525525698,115258327
2022-05-25,19.388639450073242,19.40706837909649,18.236747897886772,18.356543845949474,152055067
2022-05-26,19.259626388549805,19.609802404469942,19.001603805921306,19.333347377536093,129672064
2022-05-27,18.798871994018555,19.443932042267818,18.669860687427594,19.296490046836084,92616986
2022-05-30,19.40707015991211,19.48079115571089,18.983174873480927,19.001605561842418,117456007
2022-05-31,19.715360641479492,19.752950369449852,19.038761669404952,19.4522397151945,132212361
2022-06-01,19.696565628051758,20.05366087155328,19.58380002975002,19.715360491894337,84817248
2022-06-02,19.75295066833496,19.86571626919855,19.489827945691736,19.73415580406539,81176460
2022-06-03,19.56500816345215,19.922103461664058,19.452242547873652,19.790541186986285,57572442
2022-06-06,20.561111450195312,20.561111450195312,19.640184549741285,19.65897941523064,124778498
2022-06-07,21.688777923583984,21.72636765393409,20.429550634887327,20.617495701883872,136027689
2022-06-08,20.54231834411621,22.12105119514783,20.297990470277792,21.83913359039103,172301267
2022-06-09,21.576013565063477,21.61360330071014,20.3355809667596,20.57990887133116,159658298
2022-06-10,20.880617141723633,21.51962823386606,20.711468728253905,21.0497673475704,94926888
2022-06-13,20.824234008789062,21.20012235342159,20.485933602431285,20.861823739440823,100589883
2022-06-14,20.617496490478516,20.993384846471887,20.222813268591207,20.937002041167148,99588879
2022-06-15,20.485933303833008,20.861823435363654,20.185222632510076,20.730261172377134,100046135
2022-06-16,19.79054069519043,20.636289960520823,19.69656815629214,20.50472948148948,86816475
2022-06-17,20.579906463623047,20.71146873061723,19.809334896790556,19.809334896790556,97453584
2022-06-20,21.049768447875977,21.106151255313105,20.410757322331396,20.711469810876064,92714085
2022-06-21,21.256507873535156,21.51962883002872,21.12494560291129,21.48204089011982,89422987
2022-06-22,20.86182403564453,21.16253471562015,20.843029170051796,21.01217937563234,79881911
2022-06-23,20.260400772094727,20.993384394794287,20.260400772094727,20.76785138605066,76806887
2022-06-24,20.448347091674805,20.673880114198994,19.9596913133505,20.391964284138044,86195342
2022-06-27,20.485933303833008,20.749056037429064,19.489828756981552,19.508623622033483,86175470
2022-06-28,20.128841400146484,20.824235329928364,19.790540972326117,20.467141827966852,86630756
2022-06-29,19.433446884155273,20.29799100176839,19.283091541298823,20.128840792960617,91638275
2022-06-30,20.204015731811523,20.410753852183706,19.546209851499487,19.884510223360174,164923100
2022-07-01,20.05366325378418,20.241608329782753,19.771747432163398,20.07245811985945,91945567
2022-07-04,19.922101974487305,20.65508379816217,19.903307109168203,20.11004525054729,83387919
2022-07-05,19.734155654907227,20.072456039694814,19.640183126646576,19.997278375561674,83023372
2022-07-06,20.072458267211914,20.091251341048068,19.35826948250237,19.959690862309525,93234070
2022-07-07,20.128841400146484,20.373169287752624,19.922103245576885,20.053663726450527,57734259
2022-07-08,20.22281265258789,20.561111266488545,20.07245731477049,20.110045253036333,29569533
2022-07-13,19.56500816345215,20.279196967498823,19.43344768115152,20.241609026431703,59376737
2022-07-14,19.113941192626953,19.696567693838123,19.113941192626953,19.50862441283135,62617575
2022-07-18,19.41465187072754,19.58380207825042,19.17032399234749,19.54621234663331,77791715
2022-07-19,19.903308868408203,19.94089680999177,19.320680538656998,19.35827027261773,90242533
2022-07-20,19.903308868408203,20.467142331179044,19.77174838429997,20.20401957058541,91449815
2022-07-21,19.865720748901367,20.072460717732483,19.7905430672475,19.903310485916958,76215107
2022-07-22,19.677772521972656,20.297988688671843,19.4898274686312,19.940893445798455,98015064
2022-07-25,19.95969009399414,20.034867763576194,19.621389684686385,19.621389684686385,85388462
2022-07-26,19.771745681762695,20.053661478425354,19.677773152082835,20.01607174960264,57934892
2022-07-27,19.865720748901367,19.959693299063026,19.77174999111702,19.865720748901367,52918297
2022-07-28,19.95969009399414,20.37316817288395,19.922102155391627,19.99727982497368,91334960
2022-07-29,20.504728317260742,20.636288788822274,19.922101835450825,20.03486744182442,88010912
2022-08-01,21.70757293701172,21.726367802315135,20.74905631506171,20.767851180365124,143583952
2022-08-02,21.482040405273438,21.707573416767854,21.200122796622633,21.707573416767854,112755080
2022-08-03,21.876724243164062,22.32779027892981,21.745161971782895,21.951901915791687,125212806
2022-08-04,22.327789306640625,22.666089714921807,22.027078629224917,22.12105116401158,116813425
2022-08-05,21.98948860168457,22.55332201042048,21.89551606816575,22.496939207259988,81482877
2022-08-08,22.4593505859375,22.647295662255807,22.083462225677973,22.083462225677973,86976280
2022-08-09,22.158639907836914,22.459350596181697,22.027079429780343,22.459350596181697,59287638
2022-08-10,22.553321838378906,22.572116703414697,22.08346096674601,22.08346096674601,69355342
2022-08-11,22.77885627746582,23.19233437243052,22.647295798676772,22.74126833740199,81739943
2022-08-12,22.760061264038086,23.023184012291452,22.440555709865098,22.89162353435331,82496313
2022-08-15,22.271406173706055,22.910415457585902,22.139843909997474,22.81644471656448,55475846
2022-08-16,22.4593505859375,22.4593505859375,21.35047857888908,22.365378047778346,97576427
2022-08-17,22.797651290893555,22.854034097541916,22.252612713620426,22.590913138264817,128475400
2022-08-18,23.96290397644043,24.132054173642672,22.628499055861216,22.8352371900101,224423881
2022-08-19,24.16964340209961,24.489148948915155,23.774960184996704,23.944110391237526,151109063
2022-08-22,23.850139617919922,24.32000054003509,23.7373740003435,24.05687957077199,111505461
2022-08-23,24.075674057006836,24.470357297035708,23.86893410742491,23.86893410742491,125099526
2022-08-24,23.023183822631836,24.301206028795736,22.966801017176685,24.16964375956429,110434455
2022-08-25,23.342689514160156,23.62460533550365,23.004389094646303,23.211129036516805,114619388
2022-08-26,23.023183822631836,23.77496053662409,22.64729546563571,23.43666191151611,133753951
2022-08-29,23.323896408081055,23.455456895651714,22.72247498789836,22.929213152991856,86005432
2022-08-31,23.28630828857422,23.680991540664536,23.192335744290393,23.587018996380706,92058536
2022-09-01,22.4593505859375,23.117156560674488,22.421762646100092,23.023184022515334,107590848
2022-09-02,23.455453872680664,23.493043602786074,22.478144190840794,22.609704661455762,106523714
2022-09-05,24.188438415527344,24.4703560251099,23.38027711071856,23.49304451302699,200164965
2022-09-06,24.0004940032959,25.18454181363624,23.793754074207133,24.52673767371127,224172979
2022-09-07,24.69588851928711,24.883831796022477,23.718577027705933,23.98169976598787,206405250
2022-09-08,24.338794708251953,25.22213371833082,24.169644494366946,24.977805830761042,132320490
2022-09-09,24.620712280273438,25.29731134210135,24.47035693320057,24.583122547316663,216726439
2022-09-12,26.312210083007812,26.406182620351114,24.67709438579186,24.902627399989537,239475320
2022-09-13,24.620712280273438,26.594126658699125,24.620712280273438,26.55653871811947,160059693
2022-09-14,24.940217971801758,24.940217971801758,24.01928922567534,24.52673986899258,115471852
2022-09-15,25.0529842376709,25.973911215356335,24.86503915176983,25.14695678062143,119640901
2022-09-16,25.428871154785156,25.560433424301163,24.97780512541418,25.034187930991283,81894244
2022-09-19,23.96290397644043,25.93631995650503,23.96290397644043,25.598019562100543,64313776
2022-09-20,25.973909378051758,25.973909378051758,23.83134487069853,24.451561100972047,84819813
2022-09-21,25.24092674255371,25.898730891189135,24.959009142529677,25.71078761688344,71732906
2022-09-22,25.86114501953125,26.255828257197685,25.128161351757264,25.24092875925216,122347072
2022-09-23,25.522844314575195,26.10547262766658,25.37248896778589,25.917527547991394,62686961
2022-09-26,24.940217971801758,25.86114492555105,24.733478024208605,25.52284449667289,60518106
2022-09-27,25.015396118164062,25.372489627986063,24.865038975085305,24.977806384300084,60340363
2022-09-28,24.470355987548828,25.10936529172558,24.395176524540567,24.808654609200744,51684051
2022-09-29,24.15085220336914,24.808656421347223,22.966802460155982,24.54553545110686,60852731
2022-09-30,23.88772964477539,24.28241289588408,23.60581380500227,24.094467807783868,43359126
2022-10-03,25.50404930114746,25.729582320031625,23.92531637658121,23.944111242915834,80196820
2022-10-04,25.710786819458008,26.23703048052019,25.391281291433163,25.748374756202555,86549862
2022-10-05,26.6505126953125,26.669305770427222,25.334900648912402,25.823556449439454,104686011
2022-10-06,27.684202194213867,27.928530066942837,26.782070164793375,26.97001523377782,166438698
2022-10-07,27.96611976623535,28.435980645790963,27.101575676157942,27.684202163075774,144523661
2022-10-10,28.2292423248291,28.58633580237848,27.872147054902726,28.04129725724922,78255830
2022-10-11,27.646615982055664,28.3983927201792,27.627821115508294,28.266832239101863,62702717
2022-10-12,26.83845329284668,27.684202528742457,26.631715148367235,27.609024858715657,81161962
2022-10-13,26.725688934326172,27.233137782653245,26.575333587238365,26.857249414933726,66291227
2022-10-14,27.496259689331055,27.759382434818818,27.195549004417654,27.25193180974465,80753152
2022-10-17,29.31932258605957,29.394500262746813,27.590234229875804,27.62782217203083,127119335
2022-10-18,29.2253475189209,29.751591210298077,28.8494591679372,29.563646138617706,86086672
2022-10-19,28.830665588378906,29.582442323881736,28.811870721897055,29.338114436749038,77931585
2022-10-20,29.469675064086914,29.883151349335392,28.811869112972573,28.849458843837173,100177945
2022-10-21,30.07109832763672,30.18386394263416,29.018609097523495,29.48847000889282,112712273
2022-10-24,30.503368377685547,31.029613869469213,29.93953673879558,30.221452558240564,95947233
2022-10-25,31.781394958496094,32.02572466447352,30.54096231435497,30.57855205139067,130509261
2022-10-26,31.95054054260254,32.119690749902524,31.27393971340258,31.89415594525117,85762348
2022-10-27,31.292734146118164,32.2324559137779,31.10478907563541,31.96933496595447,77777380
2022-10-28,30.578548431396484,31.3491200256323,30.334218754343645,31.179969813750855,45468187
2022-10-31,31.21755599975586,31.33032159994762,30.428189628905955,30.71010542176225,74154386
2022-11-01,30.99202537536621,32.10089741625612,30.87925976003542,31.217560190782073,104505228
2022-11-02,30.84166717529297,31.518267974233027,30.446985765747236,31.06720196985764,68964372
2022-11-03,30.954435348510742,31.255146043044526,30.559753906218,30.785285134741212,54986356
2022-11-04,31.612239837646484,31.856569505837477,31.01081847710569,31.02961334271685,90027010
2022-11-07,32.81508255004883,32.98423275575045,31.762595169380813,31.818979766199377,90375448
2022-11-08,32.51436996459961,33.341326079044016,32.3076336245539,32.965439543208454,81908348
2022-11-09,32.17607879638672,32.98423660319591,32.06330958959563,32.49558437945249,82075155
2022-11-10,33.49168395996094,33.642039302692076,32.21366175436915,32.23245662030481,80776058
2022-11-11,33.190975189208984,34.26225751606244,32.890264486399396,33.73601557852283,76876469
2022-11-14,33.82998275756836,33.999132958136514,32.852671284230986,33.172176820331515,55983286
2022-11-15,33.717220306396484,34.67573700436852,33.2473593908075,34.09310688801509,90767711
2022-11-16,33.040618896484375,34.45020162002851,32.777497935210825,33.754805899121536,116646582
2022-11-17,31.988130569458008,33.07820770170168,31.40550047904453,33.04061796978711,74002860
2022-11-18,32.57075500488281,32.83387594205228,31.856568067671144,31.856568067671144,55763717
2022-11-21,33.585655212402344,33.585655212402344,32.36401413179449,32.73990424655903,57817210
2022-11-22,35.089210510253906,35.089210510253906,33.6420381457627,33.773598618033894,88390747
2022-11-23,36.17928695678711,36.386026886518586,34.6193490132093,35.1643857578369,100985056
2022-11-24,35.897369384765625,36.931061813026325,35.63424487312813,36.292050775091205,82629063
2022-11-25,37.5512809753418,37.5512809753418,35.67183744002234,35.89737224155246,70307308
2022-11-28,37.889583587646484,38.22788401722883,37.438517543121435,37.68284363962299,72788034
2022-11-29,36.53638458251953,38.096322626906854,36.27326004092422,37.98355342989993,182622524
2022-11-30,36.74312210083008,37.513693714266616,36.611561618256175,36.91227231692632,126277561
2022-12-01,37.081417083740234,37.81440244069321,36.987446348498096,37.175391403736135,123277366
2022-12-02,36.44240951538086,37.438515893624476,36.085317819669655,37.156600076311484,68798604
2022-12-05,36.31085205078125,36.98745293624444,36.028936210089725,36.649152493512844,73662377
2022-12-06,37.92717361450195,38.209089446418346,36.14170070444096,36.27326118701833,134592664
2022-12-07,36.5175895690918,38.07752760718855,36.12290455066752,38.02114300891247,75482333
2022-12-08,36.461204528808594,36.818299810719864,35.67183808628343,36.51758912640115,66040083
2022-12-09,37.00624465942383,37.38213122015789,36.47999917269123,36.47999917269123,60862947
2022-12-12,37.6640510559082,38.434622636764736,37.23177630818657,37.23177630818657,86211920
2022-12-13,38.791717529296875,39.20519744509068,37.720435174293705,37.79561464434874,143659163
2022-12-14,36.96865463256836,39.1488088555718,36.96865463256836,38.942068918729625,110441061
2022-12-15,37.062625885009766,38.265472206635145,36.16049383235632,37.87078719312794,79422917
2022-12-16,37.1190071105957,37.75801815269765,36.93106205384446,37.081417382294696,27091074
2022-12-19,38.41582489013672,38.528590492725804,37.25056838086989,37.306952974541375,97834801
2022-12-20,39.22399139404297,39.693852316620244,38.71654073731847,39.374346745877524,100758770
2022-12-21,38.641361236572266,39.562288213879796,38.641361236572266,39.336756978694545,83371846
2022-12-22,38.284263610839844,39.14880585360584,37.964758089653756,38.86689006073666,57015178
2022-12-23,38.58498001098633,38.86689584581682,38.002349889615076,38.2842693091999,62863577
2022-12-26,39.167606353759766,39.468317054057955,38.90448538718743,39.03604587047359,49856045
2022-12-27,38.528594970703125,39.411932199032094,38.491005237219944,39.20519583438319,45093249
2022-12-28,39.167606353759766,39.261577103320086,37.72043386810327,38.528595219437534,81914737
2022-12-29,40.44562530517578,40.48321503581864,38.9232734769263,39.01724780353344,98903998
2022-12-30,40.332855224609375,41.19740108657676,40.22008961991935,40.68995048834073,80634004
2023-01-02,41.967979431152344,42.40025063987282,40.859107315040134,40.87790218299596,85563830
2023-01-03,43.321170806884766,43.84741627212158,42.061943531116,42.137122991044386,115407088
2023-01-04,42.24989318847656,43.866215905081184,41.874006602240044,43.80983130400625,67681520
2023-01-05,40.91549301147461,42.550607134994394,40.35165771200723,42.47543124591817,53147247
2023-01-06,40.95307922363281,41.81762158975007,38.05873425583995,39.44952213921618,91879460
2023-01-09,39.35554504394531,41.94917530884544,39.017244664881446,41.2725745507177,75614635
2023-01-10,38.37823486328125,39.71263797370238,37.5324838885398,39.26157198209155,79324731
2023-01-11,35.916168212890625,39.09242530435062,35.89737334678827,38.39703318233443,75570773
2023-01-12,37.57007598876953,37.870786668824145,34.99524034270766,36.83709415423068,75234477
2023-01-13,37.38213348388672,38.39703478731109,36.96865716661437,37.58887343490005,77554163
2023-01-16,39.09242630004883,39.09242630004883,37.4009277400499,37.53248822136309,67397445
2023-01-17,41.122222900390625,41.122222900390625,39.01724815213972,39.18639835678985,81985379
2023-01-18,40.765132904052734,41.49811476482099,40.332858149345675,40.97186926351694,71554302
2023-01-19,41.686058044433594,42.02435845319519,40.408035871224904,40.68995168360822,83501008
2023-01-20,41.667259216308594,42.118325190175156,41.06583791781985,41.72364380732456,59217229
2023-01-23,40.14491653442383,41.81762019510676,39.75023151345401,41.68605971636822,87443608
2023-01-24,39.938175201416016,40.72754163114005,39.13001390613259,40.50200682918144,83452923
2023-01-25,39.430721282958984,40.595977756763794,37.664047085397236,40.18249791859736,86722803
2023-01-26,38.86689376831055,39.69384994639809,38.453413886889706,39.28037006497725,63753881
2023-01-27,39.317955017089844,39.712636399824746,37.81440177130874,38.66014912777797,105517444
2023-01-30,38.05873107910156,39.54349317274597,38.02114134855902,39.31795837424472,47399097
2023-01-31,37.15659713745117,38.64135556973311,37.06262281594356,37.96475837864746,80546022
2023-02-01,35.9913444519043,37.92717266272499,35.97254958561429,37.47610662602734,91321770
2023-02-02,37.47610855102539,37.889584876381655,35.50269050625807,36.17929138843594,152239235
2023-02-03,40.44562530517578,40.76513084613202,37.325749356899145,37.47610469471655,114739398
2023-02-06,40.06973648071289,40.1637108103981,37.58887153308964,38.52859332141688,30797114
2023-02-07,36.47999954223633,39.46831511640133,36.31084933352856,39.430725384520905,63046319
2023-02-08,34.31863784790039,34.31863784790039,34.31863784790039,34.31863784790039,2500
2023-02-15,40.126121520996094,40.126121520996094,38.05873284692817,38.71653882296172,26081928
2023-02-16,42.53180694580078,44.12933471730879,40.97186890650571,44.11053985120232,91437491
2023-02-17,42.19350814819336,43.05805044036553,41.29137254080214,41.72364727164223,48177337
2023-02-20,44.636783599853516,45.632889955961694,41.892797781344456,42.34386379597249,114083556
2023-02-21,43.885005950927734,46.74176089930487,43.885005950927734,44.56160316572467,96670800
2023-02-22,42.8701057434082,44.2608935198525,42.47542432437513,43.60309115479738,63075567
2023-02-23,43.001670837402344,43.33997128135837,42.118333577437255,42.66337397820073,43582133
2023-02-24,41.817623138427734,43.77224634513076,41.817623138427734,43.02046598270378,47490140
2023-02-27,43.28358459472656,43.28358459472656,40.78392491203743,41.81761739117616,59802516
2023-02-28,44.3548698425293,44.74955127932065,42.94528713726727,43.54670851795173,81255761
2023-03-01,45.802040100097656,45.802040100097656,44.44883847321576,44.48642820390782,60083594
2023-03-02,44.918701171875,46.02757317892342,44.787140693878435,45.726862490715796,40809569
2023-03-03,44.129337310791016,45.33218371901703,42.47542842851752,44.636787971226006,59447725
2023-03-06,47.12704849243164,47.314989979796984,44.09174400187492,44.37366340243112,74211271
2023-03-07,45.87721633911133,47.314989494276276,45.87721633911133,47.17403338019868,58304992
2023-03-08,45.93360137939453,46.23431206070365,45.1066452134174,45.87721678236629,47206254
2023-03-09,45.31338882446289,46.66658700005193,45.29459395726319,46.47864191280931,42196910
2023-03-10,44.48643112182617,45.67047903825693,44.44884138866856,45.06905764675215,38561600
2023-03-13,43.452735900878906,45.55771064265616,43.26479083131743,44.93749442243111,51938727
2023-03-14,43.621883392333984,44.41124983246981,43.321172708925495,43.828623331460115,50136848
2023-03-15,43.20840835571289,44.11054043218024,42.58819210504732,43.69706412665459,50831334
2023-03-16,44.59919357299805,44.63678330348932,43.15202121187027,43.509116482029306,50974663
2023-03-17,43.18961715698242,44.93750044403796,43.18961715698242,44.693174330196264,45252213
2023-03-20,41.74243927001953,43.15202192391535,41.592083930327476,43.13323064311365,43294672
2023-03-21,41.23499298095703,42.38145112245402,41.08463763855968,41.76123488697069,45116361
2023-03-22,42.400245666503906,42.400245666503906,41.04704759519937,41.385348009214034,39164467
2023-03-23,42.964080810546875,42.964080810546875,41.892798557854135,42.21230052081139,37619413
2023-03-24,42.17471694946289,43.039259316794926,42.13712721572994,42.945288567216856,34671857
2023-03-27,41.38534927368164,42.45663156095676,41.38534927368164,42.30627621510681,33457771
2023-03-28,39.46831130981445,41.573289490296226,39.46831130981445,41.44172544140366,42150527
2023-03-29,40.38924026489258,40.5020058708266,39.092423250012395,39.28036831640508,55037268
2023-03-30,40.25768280029297,41.53570504550136,40.22009306725643,40.426833014203154,50970603
2023-03-31,39.7690315246582,40.78393292294804,39.67506076618899,39.93818175770651,45370803
2023-04-03,40.201297760009766,40.238887492634206,38.69774430257415,39.562286644411074,51225237
2023-04-04,42.3062744140625,42.38145029141001,39.95696999469933,40.20129607702131,57842294
2023-04-05,41.028255462646484,42.38145362409765,41.00946059564315,42.28748287383531,40826166
2023-04-06,40.57718276977539,41.310164539206674,39.468310891287494,41.0846333415757,30017254
2023-04-07,40.2200927734375,40.70874854508001,40.12612202628688,40.577188065167455,22933260
2023-04-10,41.74243927001953,41.81761873224259,40.408036078346775,40.408036078346775,35231676
2023-04-11,41.38534927368164,41.93038605810485,41.12222472987858,41.78003071225491,34166677
2023-04-12,41.72364807128906,42.24988996886936,41.38534766012797,41.38534766012797,41723777
2023-04-13,41.817623138427734,42.64457938624474,41.817623138427734,42.28748407256737,45162460
2023-04-14,41.29137420654297,42.19350985032736,41.25378805931565,41.85520943200248,27024629
2023-04-17,40.765132904052734,41.5544993636317,40.464422213237334,41.404144018224,30923957
2023-04-18,39.731441497802734,41.04705361531135,39.67506047703398,40.6899582831725,36892117
2023-04-19,40.01335525512695,40.40803668344608,39.39313543676127,39.78782044983451,26951973
2023-04-20,39.46831130981445,39.9005824304858,39.449516445686946,39.86299270223078,10368834
2023-04-24,39.37434387207031,40.05094111356597,39.24277981215746,39.56228535958049,25878141
2023-04-25,38.30305862426758,39.656260297564344,38.05873253589686,39.48711008840225,29733332
2023-04-26,36.98744583129883,38.5849734013531,36.799500778688845,38.30305403006127,46233317
2023-04-27,36.27326583862305,37.2693723962041,36.216884815862166,36.83710115951514,44589629
2023-04-28,34.638145446777344,36.72432894925789,33.94274975103246,36.367233668483266,47454394
2023-05-02,34.48779296875,35.502690713177515,34.26225814512477,34.694529340255855,48466032
2023-05-03,35.108009338378906,35.108009338378906,33.153386144709046,34.48779305284028,51089311
2023-05-04,35.07041549682617,36.04772697921833,34.844884283815055,34.88247042948091,37551380
2023-05-05,34.619354248046875,35.22077567847585,34.35623326842282,35.10801005645904,25905534
2023-05-08,36.0853157043457,36.19808130770975,34.7697038543342,34.976443781129866,50608571
2023-05-09,35.239566802978516,36.743120219337285,35.201977071381016,35.9913435111579,65974089
2023-05-10,34.52538299560547,35.446309995754675,34.52538299560547,35.40872026070668,61829418
2023-05-11,37.96476364135742,37.96476364135742,34.33743677767844,34.35623164458532,112656767
2023-05-12,37.457313537597656,38.97966193180271,36.98745261230869,38.15270569956289,78918388
2023-05-15,34.39381408691406,36.78070815553019,34.07430855343983,34.487788411320565,61160059
2023-05-16,35.80339813232422,35.80339813232422,34.48778980042821,34.48778980042821,51007255
2023-05-17,36.573970794677734,36.63035539328075,35.653043859353566,35.916168401413465,41520667
2023-05-18,35.12680435180664,36.94986348117911,35.03283001436202,36.555182018174996,35498052
2023-05-22,34.581764221191406,35.540280962147406,34.20587762271645,35.314749720013324,35183981
2023-05-23,34.16828536987305,34.73211701841877,34.111900771116794,34.581761673156294,26606896
2023-05-24,33.47289276123047,34.61935461563022,33.37892200601111,34.16828853801914,31326584
2023-05-25,33.435306549072266,33.867577757900925,33.17218198237935,33.604453191208,25575245
2023-05-26,35.145599365234375,35.559075697444335,33.37892124623828,33.51048173445261,41638068
2023-05-29,37.40092849731445,37.720434066153125,35.52148481820564,35.78460937091382,60025278
2023-05-30,39.599876403808594,39.599876403808594,37.88958300053643,38.02114348005672,76208881
2023-05-31,38.55439376831055,40.235654107601846,38.4970767084117,40.2165484209689,68429851
2023-06-01,39.08934020996094,39.949077927673336,38.74544876691327,39.16576295999639,45468130
2023-06-02,39.81534194946289,40.292973207355644,39.24218589760651,40.121025662991265,54867744
2023-06-05,41.47749710083008,41.47749710083008,40.082814688412554,40.50313253174306,90731826
2023-06-06,40.9616584777832,41.668550712274204,40.56044631860834,41.43928974477775,71238915
2023-06-07,43.69371032714844,43.99939404943408,42.83397258069668,43.06323719442962,117108816
2023-06-08,42.986812591552734,43.46444384256999,42.31812811132113,43.27339061335564,61908136
2023-06-09,42.9103889465332,43.46444293528568,42.45186339241245,43.311601083912095,46044273
2023-06-12,42.3563346862793,43.5981750693951,42.3563346862793,43.15875524282189,65442669
2023-06-13,40.90433883666992,42.5473914577009,40.59865513657632,42.432757337137936,50780185
2023-06-14,39.73891830444336,41.553918501190715,39.73891830444336,40.92344540072724,46166478
2023-06-15,40.36939239501953,40.388498082658195,39.50965831550353,39.89176113616487,39317744
2023-06-16,40.35029220581055,41.21002632483765,40.33118651729384,40.50313406990675,50090585
2023-06-19,38.63081359863281,40.331183300630165,38.382446955799324,40.31207761363725,37496941
2023-06-20,38.325130462646484,38.97470925388094,38.00034106702926,38.45886662954112,35811410
2023-06-21,37.86660385131836,39.24218414479085,37.82839247782476,38.420657834864144,40431189
2023-06-22,41.24822998046875,41.267335665409,37.503599545026134,38.019442106302485,77171995
2023-06-23,41.9742317199707,42.642916179371596,41.32465294729979,41.592128917482434,66018661
2023-06-26,42.604705810546875,42.8339704126757,41.99333839691966,42.12707456314596,53327678
2023-06-27,42.47096633911133,42.71933660909178,42.088863557349235,42.5856004532732,16930266
2023-07-03,44.22865295410156,44.34328343359725,43.21607703782139,43.21607703782139,75335018
2023-07-04,43.464439392089844,44.61075500596333,43.40712233598326,44.24775427202873,53836786
2023-07-05,44.11402130126953,44.20954609096898,42.43275730787694,43.52175958825123,72380646
2023-07-06,44.610755920410156,45.4131765021662,44.285966550555635,44.285966550555635,92398223
2023-07-07,44.47702407836914,45.27944473795952,44.26686515865535,44.53433749717304,70073928
2023-07-10,44.72538757324219,45.241230170300895,44.62986278595149,44.9928598928858,58415669
2023-07-11,45.20301818847656,45.37496571851178,44.457914654348635,45.355860032503756,77864086
2023-07-12,44.610755920410156,45.279440345879685,44.49612544988413,45.2221232885982,60588367
2023-07-13,45.75707244873047,46.19649229766708,44.55343973064164,44.610756789039165,105605838
2023-07-14,47.01802062988281,47.18996816853058,45.489598469017885,45.9672297110312,104696553
2023-07-17,49.33930969238281,49.72141250681055,47.05622925131223,47.40012433512327,119245367
2023-07-18,46.769649505615234,50.00798868541293,46.769649505615234,49.43483266287846,89285116
2023-07-19,47.705806732177734,47.72491241897922,45.77617609367295,46.75054425632609,84612780
2023-07-20,47.724910736083984,48.47956893996463,46.52128166233012,47.9541753255803,94236299
2023-07-21,46.463966369628906,47.70580686282964,46.34933589254317,47.68670117597582,64121479
2023-07-24,45.77617263793945,46.865174839190615,45.45138691894428,46.54038547615856,66281938
2023-07-25,44.992862701416016,46.29202029627264,44.992862701416016,45.81438904193048,47726694
2023-07-26,46.52128219604492,46.52128219604492,44.9355466696172,44.992860084621036,56721464
2023-07-27,46.78875732421875,47.18996947350424,46.34933744398387,46.712338218282696,56965890
2023-07-28,47.705806732177734,48.09746420151542,46.903386106700864,47.285492554656386,91913448
2023-07-31,51.011016845703125,51.679697652789216,47.85864781098485,47.95417624345222,139732384
2023-08-01,49.9124641418457,51.44088263881368,49.72141091871542,50.819964218686685,80827217
2023-08-02,51.202064514160156,52.061802154136835,49.578121307150596,49.769170876890335,88956416
2023-08-03,50.29457092285156,52.49167389338021,50.24680488372322,51.44088298118848,73061150
2023-08-04,52.39614486694336,52.826013705979605,50.29457035438767,50.724435549386804,80341973
2023-08-07,50.81996536254883,52.109568270639784,50.53338734342164,51.15430577752434,82395846
2023-08-08,49.14825439453125,51.297594933848615,49.004963567628586,51.10654171265743,68144493
2023-08-09,49.578125,50.294571871999786,48.57509646397052,49.291543335970296,72847479
2023-08-10,47.76312255859375,50.43785669306759,47.572069339551966,49.72140985468868,81301337
2023-08-11,49.43483352661133,49.7214115428857,47.41922910315668,47.7631241803008,63365158
2023-08-14,48.7183837890625,50.39009303672641,48.479568182253374,49.769171001407884,68454170
2023-08-15,48.7183837890625,49.38706821693546,47.49564904829159,48.76614618161693,46451346
2023-08-16,48.24075698852539,49.29154429699716,48.19299459160164,48.766150642761275,53519552
2023-08-17,49.243778228759766,49.76917184382553,48.001937781139674,48.33627817871688,74404667
2023-08-18,47.22817611694336,49.53035856833802,46.998915160377024,49.387071381493364,63925820
2023-08-21,48.47957229614258,49.004965946899226,46.80786290662042,47.1517579926538,80106045
2023-08-22,47.858646392822266,49.81693729394798,47.68669886351331,48.718384039367066,84897435
2023-08-23,48.1929931640625,49.816940119627795,47.81088671191637,48.24075555957147,117013589
2023-08-24,46.21560287475586,49.243783388506046,46.15828581029252,48.52733648088267,127589334
2023-08-25,49.00496292114258,49.48259414580096,45.96722804079231,46.349334478133834,97812519
2023-08-28,50.96324920654297,52.682724496570756,50.151277598280835,50.628908813502555,230782360
2023-08-29,50.055755615234375,52.20509620406345,49.673649164049884,50.96325205973246,119532427
2023-08-31,48.95720291137695,50.628912279082506,48.95720291137695,50.294571863156285,61504267
2023-09-01,49.33930969238281,49.816940943445424,48.8616784413202,49.196018859449126,54115950
2023-09-04,49.578125,50.72443707996987,49.38707177199261,49.67364979198508,82529191
2023-09-05,51.39311981201172,51.58417303353594,49.38707009610017,49.57812331762439,124334282
2023-09-06,51.918514251708984,53.06482995477932,51.3453582221924,52.15732987134709,133401953
2023-09-07,52.01404571533203,52.73049261597287,51.249836416789286,52.20509895097707,77504596
2023-09-08,51.4886474609375,52.587197090912696,51.440881423255796,52.20509429771843,70597818
2023-09-11,52.15732955932617,52.634960795745044,51.20206708648843,51.6796983229073,113806982
2023-09-12,51.82299041748047,52.63496208161412,50.772203129303136,52.39614645757043,101909308
2023-09-13,52.77825164794922,54.497723371020676,52.15732958271143,52.20509562160444,185567699
2023-09-14,54.06785583496094,54.21114666702612,52.061806050271784,52.87377771454186,145857351
2023-09-15,52.10956954956055,54.40220104692035,52.06180715253999,54.25891021182137,83233870
2023-09-18,49.62588882446289,52.0618075305721,49.62588882446289,52.0618075305721,84779737
2023-09-19,49.721412658691406,50.29457234813969,49.100494216835685,49.673650262246696,75694083
2023-09-20,48.81391143798828,50.29457120230188,48.575095817168304,50.00798954208816,56149215
2023-09-21,50.58115005493164,50.867728075847275,48.09746537090924,48.33628099567848,77968287
2023-09-22,52.25285720825195,52.39614439060331,50.19904146488199,51.34535714387831,71728362
2023-09-25,52.73048782348633,53.44693465901186,51.96627859439984,52.348381386924565,72023618
2023-09-26,51.202064514160156,52.96930218654845,51.202064514160156,52.96930218654845,63791860
2023-09-27,51.6796989440918,52.58719903300314,51.202067701931846,51.72746498353754,64460449
2023-09-28,51.10654067993164,52.348381126524444,50.91548746260113,51.67969668788616,63053437
2023-09-29,52.20509338378906,52.39614295502305,51.20206491462565,51.34535573708814,92617501
2023-10-02,53.25588607788086,54.02009537350934,51.77522988434366,52.20509875189636,124970114
2023-10-03,53.972328186035156,54.87982823832457,53.16035656474502,53.351406138669496,89265313
2023-10-04,51.87075424194336,54.06785731484357,51.82299184462675,54.02009491752696,62235500
2023-10-05,52.34838104248047,52.73048747652803,50.62890937734046,51.96627825246993,99157255
2023-10-06,51.58417510986328,52.77825323740642,51.44088427694321,52.06180636088054,39891061
2023-10-09,50.00798797607422,51.63193487560314,50.00798797607422,50.67667242223755,65247400
2023-10-10,50.96324920654297,51.24983085090559,50.390093205891695,50.58114642078778,58866678
2023-10-11,50.58115005493164,52.44391265693913,50.3423344301624,52.15733099198626,66205902
2023-10-12,49.7691764831543,51.297598721500535,48.76615155288677,51.05878308838744,67780727
2023-10-13,49.578125,50.19904343597747,49.33930937600007,49.769174583970155,47260538
2023-10-16,49.48259735107422,50.53338829981068,49.3393101608174,50.15128183771791,57327372
2023-10-17,50.39009094238281,50.437853332952116,49.43482855484949,49.578119370594216,47558876
2023-10-18,48.90943908691406,50.00798873861332,48.76614825910945,49.53035750464744,50807828
2023-10-19,48.47957229614258,49.482597201048414,47.95417864538592,49.05272834350669,38836689
2023-10-20,47.323707580566406,48.04970551486773,46.55949826971305,47.7631274788024,36340652
2023-10-23,47.81088638305664,48.2885176229354,46.94159767223878,47.85864877823708,45722513
2023-10-24,48.47957229614258,48.9094411536843,47.81088781152626,48.00194104199339,53776129
2023-10-25,45.298545837402344,49.243780968496395,45.27944379422405,48.67062492817953,52315159
2023-10-26,46.90338134765625,47.09443455224883,45.4131743687151,45.48959346413005,55196066
2023-10-27,47.323707580566406,47.68670472569835,46.139180415715636,46.99891816794905,36757674
2023-10-30,46.54039001464844,47.51475819876229,46.54039001464844,47.419229762650794,49040002
2023-10-31,45.22212600708008,47.0753339088084,45.011967095118095,46.80786158015655,36931052
2023-11-01,45.43228530883789,45.890810866476734,44.32418096686805,45.566021474311235,40558132
2023-11-02,45.508705139160156,46.100966871721575,45.43228603368639,45.66154699414495,32747658
2023-11-03,46.59770202636719,46.59770202636719,45.47049202252151,45.62333387165124,48695250
2023-11-06,47.151756286621094,47.43833429993426,46.90338600278911,46.90338600278911,29859286
2023-11-07,46.90338134765625,47.41922390684517,46.80785656737836,47.151751606837635,23286772
2023-11-08,46.61680603027344,47.72491030747371,46.42575281474849,47.15175430493588,26910853
2023-11-09,46.67412567138672,46.922492314489446,46.00544120205864,46.38754765425674,23314213
2023-11-10,46.27291488647461,46.903388000227906,46.13917871750229,46.674127037428875,18569449
2023-11-13,45.43228530883789,46.463966902515985,45.33675687347321,46.27291367582384,20801406
2023-11-14,46.29201889038086,46.40665301164837,45.241231620355514,45.56602100920579,23093605
2023-11-15,46.12007141113281,46.88428431107216,45.83349339567414,46.52128354800468,23562185
2023-11-16,46.807861328125,46.979808865343124,46.100965492446356,46.1200711792525,27413150
2023-11-17,46.712337493896484,47.132651680120055,46.5403899531602,46.80786228584454,20816531
2023-11-20,47.381019592285156,47.59117851303392,46.903388331701485,46.97981108253279,32012831
2023-11-21,48.1929931640625,48.24075555957147,47.572071090334326,47.648493838378435,39745706
2023-11-22,47.90641403198242,48.38404526402995,47.61028135625959,48.145229648006186,24473160
2023-11-23,46.9989128112793,48.240753255382735,46.9989128112793,47.90641285875232,28695566
2023-11-24,47.151756286621094,47.43833429993426,46.5594945732356,46.979808749825764,25946686
2023-11-27,47.76312255859375,48.049700565137904,47.20906858777627,47.28549133300781,28682651
2023-11-28,47.76312255859375,48.09746295888908,47.495650238357484,47.76312255859375,27252134
2023-11-29,48.38404846191406,48.52733565457645,47.68670361028186,47.810888759152476,53371539
2023-11-30,47.05622863769531,48.47957135067779,47.03712659465469,48.28851812393664,43030628
2023-12-01,46.73143768310547,47.76312288659369,46.4830710474715,47.572069666239905,31149117
2023-12-04,46.769649505615234,47.11354457675077,46.21559916970354,46.82696656548353,22479137
2023-12-05,46.23470687866211,46.90338771952181,46.19649550374519,46.769651551349874,19856551
2023-12-06,44.80181121826172,46.69323046810052,44.80181121826172,46.25380696324003,29169011
2023-12-07,45.83348846435547,45.83348846435547,44.610753786468514,44.801806990897546,22941616
2023-12-08,45.317649841308594,45.96722860635918,45.183913679804725,45.83349244485531,16226067
2023-12-11,44.57254409790039,45.6424369814042,44.57254409790039,45.35585898597029,29176245
2023-12-12,44.84001922607422,45.06928382325335,44.228651825646075,44.64896964646829,26636207
2023-12-13,43.903865814208984,44.72539218821122,43.88476012597202,44.419708464494676,24766769
2023-12-14,45.18391418457031,45.41317878116464,43.961179386832946,44.40059924926517,26563829
2023-12-15,46.31112289428711,46.349334266654324,45.126599503199735,45.18391291771352,32914494
2023-12-18,45.24123001098633,46.120069711884554,45.0883881654372,45.85259739318284,24923388
2023-12-19,45.298545837402344,45.56602181438249,44.801812545947584,45.241232419793,30501018
2023-12-20,44.878231048583984,45.50870414208757,44.66807213607039,45.29854522957398,20447898
2023-12-21,45.527809143066406,45.71886236574218,44.84001899904847,44.89733605906234,26761768
2023-12-22,44.30507278442383,45.680649379864484,44.30507278442383,45.47049047793606,23949416
2023-12-25,43.42622756958008,44.32417655239058,43.31159710259632,44.22864812654008,17756621
2023-12-26,43.67460250854492,44.28596992329358,43.349813113955044,43.751021613369886,22818754
2023-12-27,44.7444953918457,46.960704087746194,43.177865483781964,43.65549673107151,43209777
2023-12-28,44.610755920410156,45.52780697269222,44.47701976412364,44.74449207669667,33496615
2023-12-29,43.77012634277344,44.66807175803134,43.77012634277344,44.62986402847356,41093346
2024-01-02,44.094913482666016,44.2668610110416,43.92296595429044,43.999388697584905,34768842
2024-01-03,42.547393798828125,44.34328472468583,42.547393798828125,44.15223513464288,38588785
2024-01-04,43.464439392089844,43.464439392089844,42.60470177067551,42.60470177067551,28826480
2024-01-05,43.75102233886719,43.770128026399554,43.13965491398058,43.46444431395625,18805864
2024-01-08,45.83348846435547,45.87169983404863,44.247753062457036,44.266858747303615,49015706
2024-01-09,45.0883903503418,45.94812440670296,44.95465418451032,45.92902236361608,27863061
2024-01-10,46.29201889038086,46.29201889038086,45.03107270873557,45.069284082491414,34002721
2024-01-11,45.66154479980469,46.50217678384174,45.642439113345084,46.2920178768232,28943011
2024-01-12,45.60423278808594,46.19649451041409,44.820914195281354,45.43228524869435,41400436
2024-01-15,46.08186340332031,46.387547103836766,45.66154558208232,45.68065126886924,36297189
2024-01-16,46.368438720703125,46.7887528734625,46.17738550798089,46.578593975064344,30014905
2024-01-17,45.852596282958984,46.215597023862756,45.81438491148765,46.06275518201437,23914075
2024-01-18,45.6806526184082,46.311125724854044,45.6806526184082,46.06275907736088,23627570
2024-01-19,45.852596282958984,45.852596282958984,45.48959554205521,45.7570714983176,16686562
2024-01-22,45.6806526184082,46.23470661948586,45.527810763634584,45.81438878583046,19834609
2024-01-23,45.0883903503418,46.31112517398641,44.97375987163442,46.12007194678264,26129372
2024-01-24,45.58512496948242,46.024544818919395,44.93554621638558,45.20301853447121,26000487
2024-01-25,45.73796463012695,46.13917308809274,45.5469114217465,45.77617235657356,34795543
2024-01-26,46.922489166259766,46.960700537723255,45.69975443172384,45.77617353061385,50038292
2024-01-29,47.64849090576172,48.14522780536421,47.28549016296818,47.28549016296818,52207539
2024-01-30,47.20907211303711,47.85865091986319,47.056230255197875,47.763126125227664,28313729
2024-01-31,47.09444046020508,47.45744123006542,46.82696812664337,47.189968896503714,30589993
2024-02-01,48.288516998291016,48.71838583742869,47.09443891404031,47.09443891404031,68423144
2024-02-02,47.7440185546875,49.004964743144576,47.61028238985678,48.575095896162125,42380265
2024-02-05,47.76312255859375,48.384044609470294,47.74401687228587,47.906413383884356,33870796
2024-02-06,47.858646392822266,48.33627760889449,47.648491135695636,47.9541748224589,43232323
2024-02-07,48.00193786621094,48.909437917862135,47.90641307931588,47.95417547276341,63951176
2024-02-08,49.86470031738281,50.10351592843921,48.14522864658417,48.14522864658417,86005175
2024-02-09,49.530357360839844,50.34233264264662,49.10049216674833,50.10351702635706,46781825
2024-02-12,49.96022415161133,50.43785536461724,49.53035533109861,50.007986544104526,54335683
2024-02-13,48.7183837890625,50.15127742991728,48.67062139650807,50.055752644808415,43907691
2024-02-14,50.103515625,50.19904041122923,48.19299074811945,48.81390914668342,60712029
2024-02-15,50.53338623046875,51.05877986130347,50.151279784023245,50.199042178819646,60259745
2024-02-16,50.676673889160156,51.29759595943627,50.007989423640616,50.628911493916725,71409585
2024-02-19,50.19904327392578,52.157330655596034,49.960227650696794,50.9632525394511,70579329
2024-02-20,51.202064514160156,51.249830550632055,50.00798648310197,50.390092910655376,55470331
2024-02-21,50.246803283691406,51.39311894956284,49.96022527823281,51.39311894956284,49094780
2024-02-22,50.055755615234375,50.53338685719639,49.769173954827416,50.48562081777044,42111932
2024-02-23,50.00798797607422,50.67667242223755,49.72140996887195,50.151278801693884,41601534
2024-02-26,49.243778228759766,50.39009388965409,49.243778228759766,50.15127827880265,36703279
2024-02-27,48.43180847167969,49.291542517379376,48.33628003724383,49.243780122180034,35925009
2024-02-28,48.288516998291016,49.00496384884144,48.145229814603205,48.43180782601595,39336575
2024-02-29,48.86167526245117,49.3393064824398,48.43180643565401,48.43180643565401,80588037
2024-03-01,48.09746170043945,49.14825255565725,47.90641213043345,49.00496173411579,35041571
2024-03-04,48.52733612060547,49.673651893099866,48.24075808849121,48.622864560668475,109167669
2024-03-05,46.712337493896484,47.66759998952596,46.63591474510825,47.45744107439557,87147994
2024-03-06,45.75707244873047,46.90338446438475,45.75707244873047,46.71233489113372,44776959
2024-03-07,46.807861328125,46.82696701493114,45.87170453884696,45.87170453884696,32124437
2024-03-08,46.846073150634766,46.97980931552212,46.425755324946294,46.807861776656324,34944898
2024-03-11,46.807861328125,47.81088619920596,46.807861328125,47.76312380420919,35662151
2024-03-12,45.92902374267578,46.94159968239602,45.83349530418696,46.82696920024675,22988992
2024-03-13,45.1265983581543,46.15827987763189,45.1265983581543,45.948120978981834,24471672
2024-03-14,45.64244079589844,45.73796923171799,45.0119676956383,45.18391523607627,21353551
2024-03-15,45.37496566772461,45.75707209938341,44.973757194116175,45.642437983463566,25246492
2024-03-18,44.78270721435547,45.58512786359351,44.78270721435547,45.37496894659106,20257523
2024-03-19,45.20301818847656,45.41317709052783,44.706281284378946,44.78270402841104,20203009
2024-03-20,44.97376251220703,45.54691858343321,44.84002269448599,45.18391779483667,24364141
2024-03-21,44.97376251220703,45.6042356481708,44.80181496203169,45.33675965676615,31165407
2024-03-22,45.62333297729492,46.387545851999796,44.97375786425506,45.08838833784598,41555855
2024-03-25,44.954654693603516,46.2538086364197,44.954654693603516,45.489599362987455,36416073
2024-03-26,43.52175521850586,45.145698344569446,43.48354384884778,44.95464878435263,30973420
2024-03-27,43.005916595458984,43.712808778633146,42.94859953572711,43.59817830320652,34335342
2024-03-28,43.445335388183594,43.674599977446256,43.0823346401998,43.0823346401998,32429382
2024-03-29,44.17133712768555,44.41970376038884,43.61728315960098,43.693705904455555,41154012
2024-04-01,44.362388610839844,45.68065186401515,43.77012688887763,45.48959863769396,41451476
2024-04-02,42.96770477294922,44.95465242776256,42.853074298721396,44.49612688681419,30251477
2024-04-03,42.604705810546875,43.2542845985351,42.35633916527478,42.967706578901996,26660965
2024-04-04,44.362388610839844,44.51523046308935,42.64291686202351,42.64291686202351,33001324
2024-04-05,46.54039001464844,46.54039001464844,44.51523089753153,44.51523089753153,40300726
2024-04-08,46.750545501708984,46.92249304346575,46.10096670930283,46.55949591667903,31989168
2024-04-15,45.527809143066406,46.82696668441713,45.527809143066406,46.82696668441713,32808891
2024-04-16,45.14570236206055,45.64243927970952,44.935547098313094,45.222125108177515,24539982
2024-04-17,44.610755920410156,45.71886018626022,44.53433317736817,45.29854238760323,20499843
2024-04-18,44.57254409790039,44.897333464468666,44.38149088626548,44.72538593840093,19336663
2024-04-19,45.0883903503418,45.54691590920853,44.22865264994341,44.22865264994341,25312899
2024-04-22,45.92902374267578,46.50217979745941,45.2794449371011,45.2794449371011,38029223
2024-04-24,46.63591384887695,47.05622802702308,46.3493358345029,46.42575493778531,30076497
2024-04-25,46.52128219604492,47.3045971160853,46.36844034930624,46.73143745778744,28595960
2024-04-26,48.1929931640625,48.47957118115351,46.61680860400618,46.655019978028236,52106792
2024-04-29,49.05272674560547,49.05272674560547,48.14523030751369,48.718386336207146,39382581
2024-04-30,48.14522933959961,49.4825945943436,47.90641372510564,49.052725759447036,41255890
2024-05-02,49.48259735107422,49.81694141641471,48.336281608833204,48.336281608833204,62539502
2024-05-03,49.100494384765625,50.15128168629207,48.86167875768805,49.48259720166739,36956037
2024-05-06,48.90943908691406,49.67364833245205,48.90943908691406,49.29154188766449,27254374
2024-05-07,49.81693649291992,50.246801665243346,48.336276831674596,49.10048968033164,43349050
2024-05-08,49.14825439453125,50.24680403931564,49.100492000242724,49.86470124097037,27973359
2024-05-09,49.673648834228516,50.05575528287591,48.7183863566472,49.243779990509495,33635087
2024-05-10,50.58115005493164,51.34535932538575,49.5781251597083,49.6736499520011,61257398
2024-05-13,50.00798797607422,51.91851288280541,49.91246318835248,50.915488035578946,51827436
2024-05-14,50.48562240600586,51.63193815158428,49.339310304464746,50.00799114901796,39976512
2024-05-15,49.33930969238281,50.48562177970328,49.14825646315032,50.48562177970328,30521993
2024-05-16,49.9124641418457,50.0557549702027,49.196017288134996,49.53035769558514,25886568
2024-05-17,50.86772918701172,51.20206961137715,50.103519899864075,50.151282297053804,41232617
2024-05-20,51.4886474609375,52.20509429771843,50.91548780509053,51.011016236416886,44048017
2024-05-21,52.53943634033203,53.87680526842808,51.058780226821014,51.5841738614169,86854382
2024-05-22,52.77825164794922,52.969304871409854,51.822989174683165,52.63496081934445,36809182
2024-05-23,51.96628189086914,53.16036002582443,51.727466263878085,52.10956908064141,39862022
2024-05-24,51.15430450439453,52.01404218441614,51.0587797150753,51.96627978975653,20951196
2024-05-27,51.77522659301758,52.01404221047242,50.77220172851466,51.44088254215852,27863164
2024-05-28,51.82299041748047,52.491674893610245,51.1065435453494,51.63193718943808,33873444
2024-05-29,50.72443771362305,52.109569078933234,50.72443771362305,51.72746626218243,23615483
2024-05-30,50.81996536254883,51.34535900495487,50.6289121351183,50.96325255009381,26482846
2024-05-31,48.08751678466797,51.709091372677776,48.08751678466797,51.079672134220196,71506599
2024-06-03,47.4096794128418,48.068147490289995,46.9836133543361,48.02941320481545,53313297
2024-06-04,46.71248245239258,47.913215794783696,46.69311530894692,47.52588400758539,41507737
2024-06-05,46.84804916381836,47.73891560651833,46.615647134385135,47.50651727099005,60242715
2024-06-06,46.86741638183594,47.62271651435937,46.7899478072669,46.964248406142296,31124022
2024-06-07,46.67374801635742,47.19664980600437,46.5188145631922,47.06107980231802,24311909
2024-06-10,45.782875061035156,46.809311433515745,45.74414447056592,46.615643705550866,22293416
2024-06-11,45.550479888916016,46.538182045246394,45.550479888916016,45.80224536692732,26737376
2024-06-12,45.91844177246094,46.344511516569135,45.53111000697723,45.705410594311545,37816259
2024-06-13,46.57691192626953,47.02234883271753,46.49944704726001,46.67374764241252,23948315
2024-06-14,46.82868194580078,47.603349219505745,46.538182179899536,46.94488111338029,33415773
2024-06-20,47.77764892578125,47.77764892578125,47.08044654551163,47.254747140579035,31542166
2024-06-21,47.274112701416016,47.951947915777666,47.274112701416016,47.77764732654453,27783002
2024-06-24,47.09981155395508,47.40967844360704,46.73184323727911,47.274112141122394,29679185
2024-06-25,46.28641128540039,47.448413999683815,46.28641128540039,47.09981281600831,32974930
2024-06-26,46.208946228027344,46.751211450385696,45.97654420851321,46.267043962477295,28692636
2024-06-27,47.02234649658203,47.235377673703184,46.32514415060999,46.441343310303765,27024104
2024-06-28,48.610416412353516,49.09458389914209,47.04171478945188,47.06107823828722,70842951
2024-07-01,46.73184585571289,49.433501414278176,46.247678351765195,49.14300165069054,48315085
2024-07-02,46.94487762451172,47.0804439255969,46.26704242518116,46.712479306624175,27881381
2024-07-03,48.358646392822266,48.513579838090116,47.09981168828289,47.09981168828289,40842948
2024-07-04,49.67558288574219,50.06291834868048,48.35864674443767,48.37801388697506,49977130
2024-07-05,49.96608352661133,50.25658697594548,49.43350002600672,49.67558377118198,36365793
2024-07-08,48.75566101074219,49.82083162305579,48.658828997761184,49.77241561656529,36822102
2024-07-09,48.18434524536133,49.14299846637819,48.145614654922866,48.80408271313745,34551686
2024-07-10,47.91321563720703,48.61041802333789,47.87448135044312,48.261816830272465,41733002
2024-07-11,48.900917053222656,49.04616877945753,48.068148369806366,48.14561694217292,28778791
2024-07-12,48.416748046875,49.23983128610999,48.18434603093192,48.949331536609684,37194000
2024-07-16,48.416748046875,48.80408350881189,48.14561543986201,48.51358006540686,27337298
2024-07-17,49.04616928100586,49.28825303126965,48.46516606402983,48.46516606402983,43484219
2024-07-18,48.610416412353516,49.433499662332174,48.51358069865293,49.385083652434275,42174896
2024-07-19,48.06814956665039,48.56200249302149,47.77764980085236,48.33928218887456,34726156
2024-07-22,47.719547271728516,48.56200137522773,47.719547271728516,48.048781317096,34916462
2024-07-23,47.35158157348633,47.9325810786965,47.312847288097714,47.700179060269576,28609130
2024-07-24,47.138545989990234,47.70017834407345,47.04171397187735,47.254745150506636,25430056
2024-07-25,46.71248245239258,47.448415433802786,46.59627959171867,47.08044709614523,26724747
2024-07-26,46.693115234375,47.08044702095471,46.615646660716116,46.7899472575437,21368065
2024-07-29,45.569847106933594,46.49944783420948,45.5117456762645,46.383248666776225,25996197
2024-07-30,45.6860466003418,45.93781208056104,45.414913976428004,45.666679456647245,25784098
2024-07-31,45.550479888916016,45.82161251045203,45.337445004049194,45.62794476910991,28127792
2024-08-01,46.28641128540039,46.48007902009843,45.87971236704883,45.87971236704883,25391356
2024-08-02,45.008209228515625,45.97654420424248,44.77581090292786,45.53111100194528,24750913
2024-08-05,42.02574157714844,44.330376277836756,41.85144097707554,44.330376277836756,37133237
2024-08-06,41.46410369873047,42.9940747457633,41.44473655579153,42.839141296156605,35496032
2024-08-07,42.37433624267578,42.78103884688278,41.7158718679823,41.85143817141639,23397562
2024-08-08,42.95533752441406,43.013435255355795,42.2775023434922,42.29686948510763,22962098
2024-08-09,42.02574157714844,43.38140839627599,42.02574157714844,43.12964291500679,20058294
2024-08-12,41.42536926269531,42.664840548960896,41.34790438512516,42.21940365078954,21888816
2024-08-13,41.63840103149414,41.73523304470325,41.05740156443045,41.42536616974868,22739888
2024-08-14,41.018672943115234,42.27750775810471,41.018672943115234,42.08384001105132,20438078
2024-08-15,42.1806755065918,42.277507532649594,41.01867272437316,41.19297332640121,22167770
2024-08-16,41.502838134765625,42.413071692760084,41.36727182760739,42.18067336446163,18256491
2024-08-19,42.277503967285156,42.277503967285156,41.34790329746774,41.52220388479659,20133858
2024-08-20,42.277503967285156,42.7035700174753,41.8708050594543,42.18067194939344,22231671
2024-08-21,41.735233306884766,42.62610334840401,41.599667009978575,42.27750218841407,22856549
2024-08-22,41.851436614990234,42.122569211775186,41.65776889132759,41.87080375674696,18884543
2024-08-23,40.9605712890625,41.98700775715469,40.9605712890625,41.81270715514083,20998983
2024-08-26,40.61196517944336,41.38663606988888,40.43766459848357,41.17360120562591,20730110
2024-08-27,41.735233306884766,41.83206901460672,40.49576579928012,40.515132940824515,23860570
2024-08-28,41.90953826904297,42.08383886726323,41.560937072602435,41.735237670822706,16224668
2024-08-29,42.04510498046875,42.33560844287193,41.464105443472334,41.851440930739926,25508993
2024-09-02,42.1806755065918,42.60674159271312,41.83207430253571,41.83207430253571,32298547
2024-09-03,41.46410369873047,42.35497380439758,41.40600226991366,42.25813808970288,23644254
2024-09-04,40.9605712890625,41.28980534909924,40.553872346966834,41.115504747085375,21421195
2024-09-05,40.863739013671875,41.38664081652284,40.78627043818062,41.09613735233564,18695202
2024-09-06,40.670066833496094,41.03803513914006,40.63133254997471,40.86373455719842,17389008
2024-09-09,39.89540100097656,40.70880251330179,39.89540100097656,40.53450192538176,20511992
2024-09-10,39.411231994628906,40.185899192080875,39.31439628625705,40.03096575259048,21040379
2024-09-11,38.36542892456055,39.430599564798804,38.36542892456055,39.3724981391443,19886940
2024-09-12,39.25629806518555,39.44996578560754,38.249228874114806,38.83022834147626,28985536
2024-09-13,40.1859016418457,40.22463592755572,38.88833262179859,39.256300948234134,21565680
2024-09-16,39.52743148803711,40.34083297577814,39.39186518906437,40.185899534965785,18084137
2024-09-17,40.166534423828125,40.34083501529223,39.64363264943581,39.662999792254574,18329674
2024-09-18,39.876033782958984,40.16653353097343,39.6049011773328,39.876033782958984,16542417
2024-09-19,40.57323455810547,40.78626572829618,40.089067098910434,40.28273112746479,24972608
2024-09-20,40.863739013671875,41.15423878395408,40.55387209951685,40.573239243389665,26868741
2024-09-23,40.766902923583984,41.347906152769895,40.6119694679154,41.09613697861785,16638876
2024-09-24,41.30916976928711,41.73523582728024,40.76690085501013,40.84436942586603,25721966
2024-09-25,40.70880126953125,41.52220275700473,40.5732349706031,41.30916789074358,21952972
2024-09-26,40.37957000732422,41.48347130997185,40.24400369912607,40.78626893191867,25822234
2024-09-27,41.32853698730469,41.40600186439696,40.263369993428654,40.37956915601946,22293637
2024-09-30,41.735233306884766,42.20003731614105,41.05740182235382,41.09613241153805,51868391
2024-10-01,39.817935943603516,42.02574235403883,39.31440127785178,41.83207460661046,36255520
2024-10-02,38.597835540771484,40.10843584906575,38.597835540771484,39.70173690264962,25580792
2024-10-03,37.881263732910156,39.101367887557096,37.881263732910156,38.71403241442049,30347563
2024-10-04,38.500999450683594,38.500999450683594,37.68759787174425,38.094300508166434,22277920
2024-10-07,37.997467041015625,38.94643489813908,37.88126418135611,38.55909942041711,21950309
2024-10-08,37.91999816894531,38.462267094699804,37.823166147230694,37.93936531206921,21522721
2024-10-09,38.229862213134766,38.229862213134766,37.455195015615715,37.900628192451094,21724476
2024-10-10,37.37773132324219,38.59783555061175,37.37773132324219,38.229867198590206,28628346
2024-10-11,36.58369445800781,37.95873205403369,36.506229580235754,37.416463134010066,38047401
2024-10-14,36.46749496459961,36.95166245148697,36.29319437380778,36.699896983623645,31704305
2024-10-15,37.3390007019043,37.39709844056248,36.4868648271688,36.52559911554429,28164720
2024-10-16,38.772132873535156,38.8108671586607,37.145329837309575,37.145329837309575,34642710
2024-10-17,39.837303161621094,39.97286947690087,38.53973405352105,38.53973405352105,40808038
2024-10-18,38.384796142578125,40.03096626700801,38.229862701096756,39.77920080981502,28225210
2024-10-21,37.590763092041016,38.849597809308996,37.53266166426381,38.249231164563604,22066901
2024-10-22,38.384796142578125,38.44289756834787,37.33899633605507,37.668230360941045,21399653
2024-10-23,37.18406295776367,38.3847962078086,37.10659438993903,38.17176134019546,30602295
2024-10-24,37.95873260498047,38.229865221975196,37.416463677086156,37.416463677086156,17992674
2024-10-25,38.249229431152344,38.4816314378242,37.55202710504137,37.76506196999852,21236423
2024-10-28,38.694664001464844,38.714031143876554,38.268597950121375,38.3266993773565,8240408
2024-10-30,38.96580123901367,39.15946527998176,38.53973148351236,38.65593064687417,22426761
2024-10-31,37.900630950927734,39.02389939256002,37.784431786318834,38.733399634085345,23215628
2024-11-01,38.094295501708984,38.559095815173976,37.86189349802422,37.958729205353094,20889018
2024-11-04,37.08722686767578,37.78442919532966,36.85482855439422,37.668230038688876,19349834
2024-11-05,37.397098541259766,37.66823486671321,36.75799755696353,37.10659876547149,18029762
2024-11-06,38.326698303222656,38.694662917018526,37.10659422281225,37.397093963037,27542399
2024-11-07,38.791500091552734,38.791500091552734,37.86189571625509,38.326699750856285,19265400
2024-11-08,39.50806427001953,39.52743141182181,38.50099505972869,38.63656505234463,29679945
2024-11-11,39.0626335144043,39.430601843673514,38.868965778267615,38.92706720728007,24132440
2024-11-12,38.772132873535156,39.37249951736217,38.714031445846835,39.02389833904173,20545176
2024-11-13,39.140098571777344,39.8179338044078,38.36543131758747,38.733399648541976,32660034
2024-11-14,39.837303161621094,39.837303161621094,39.062635864375935,39.23693646799423,27091489
2024-11-15,39.585533142089844,40.244001192819965,39.48869743233269,39.914767167454904,27335063
2024-11-18,39.566165924072266,40.03096624829913,39.081998457931206,39.624263655910234,19527033
2024-11-19,38.65593338012695,39.837303321868596,38.46226932546543,39.663002717549176,23642210
2024-11-20,37.70696258544922,39.12073445589524,37.62949770830281,38.849598151120844,16456775
2024-11-21,38.90769958496094,39.023898747649525,37.76506401912627,37.76506401912627,22759674
2024-11-22,39.44996643066406,39.52743130375679,38.61719780496585,38.88833040164728,29205468
2024-11-25,39.74047088623047,40.36020472015215,39.46933456346096,39.68236945408592,36526912
2024-11-26,39.25629806518555,39.7985632496817,39.062630344763555,39.66299695355766,24975527
2024-11-27,39.0626335144043,39.81793362204205,38.907700064275915,39.44996898667766,27533733
2024-11-28,39.082000732421875,39.236934182847634,38.81086811765301,38.94643442503744,19239718
2024-11-29,39.275665283203125,39.682364172368274,38.71402926227465,39.081997562403494,36459910
2024-12-02,39.91476821899414,40.14716654072449,38.96580040180162,39.101366705128456,37642270
2024-12-03,39.79856872558594,40.45703684927694,39.643635266711875,39.93413873426764,45149758
2024-12-04,40.011600494384766,40.41830310088214,39.837299905015136,39.85666704760118,40829229
2024-12-05,40.05033493041992,40.32146753983633,39.79856576975776,40.12779980715114,29894443
2024-12-06,40.321468353271484,40.67006954035646,40.205269188878106,40.379569782420596,46397129
2024-12-09,41.832069396972656,42.02573712028224,40.670066751019746,40.670066751019746,69559369
2024-12-10,41.057403564453125,41.832070789575795,40.76690012286551,41.71587162928357,30655046
2024-12-11,41.192970275878906,41.59966918788981,40.78626766996326,41.05740397187527,29643986
2024-12-12,40.97993850708008,41.75460579859383,40.78627076072539,41.59967234029108,24570628
2024-12-13,41.71586990356445,41.71586990356445,40.74753498874342,40.74753498874342,32722498
2024-12-16,40.47639846801758,40.86373390928081,40.43766418511035,40.72816761301004,45225364
2024-12-17,39.876033782958984,40.65070100896574,39.66299891059286,40.47640042137613,39058292
2024-12-18,40.3989372253418,40.553870676984616,39.89540258402643,40.0697031788627,40348245
2024-12-19,40.921836853027344,41.23170746185701,40.28273587925709,40.41830588670351,56686315
2024-12-20,42.21940231323242,42.68420633954701,40.805634173747535,41.03803618690483,72604795
2024-12-23,42.87786865234375,43.57507096991179,42.06446717981588,42.45180262155469,69183873
2024-12-24,42.00637435913086,42.935975095273335,41.73523804066058,42.83914307047286,49633906
2024-12-25,42.06447219848633,42.548639711473115,42.06447219848633,42.39370625507354,28136051
2024-12-26,42.02574157714844,42.27750705841763,41.71587466455328,42.180675033446015,35079613
2024-12-27,42.31623840332031,43.14900705822387,42.29687126089178,42.31623840332031,48158512
2024-12-30,41.44473648071289,42.858504667550996,41.40600219490518,42.35497372767001,27321958
2024-12-31,40.20526885986328,41.34790443311125,40.127800288298424,41.34790443311125,59947157
2025-01-02,40.36020278930664,40.63133540520004,40.069703030291585,40.43766766788839,40016000
2025-01-03,41.192970275878906,41.212337418437244,40.39893590051069,40.43766649172263,38835776
2025-01-06,40.80563735961914,41.63840607208565,40.20527067845455,41.270437728318015,42872412
2025-01-07,40.55386734008789,41.27043310976036,40.53450019848802,40.82499993467698,31582376
2025-01-08,39.95349884033203,40.78626749729133,39.93413539176041,40.57323631786096,31163147
2025-01-09,39.99223327636719,40.36020159699844,39.70173352593398,40.08906898911475,33690425
2025-01-10,39.00453186035156,40.2633702910246,39.00453186035156,40.03096827022048,42182152
2025-01-13,38.074928283691406,39.15946234626254,38.074928283691406,38.98516176732554,30471871
2025-01-14,37.93936538696289,38.63656776517999,37.86189681431439,38.24923228974719,37814851
2025-01-15,37.93936538696289,38.210498003422934,37.55202991153009,37.97809967328714,31360372
2025-01-16,37.997467041015625,38.50099799058735,37.61013156329366,38.34606453827954,39299375
2025-01-17,38.46226501464844,38.57846417320287,37.88126183406699,38.07492956092747,59379756
2025-01-20,38.17176055908203,38.69466229948428,37.88126082349341,38.655928016364584,69723936
2025-01-21,37.70696258544922,38.19113007280483,37.66823199382841,38.09429805289562,38081167
2025-01-22,37.80379867553711,37.919997839365685,37.49393177605769,37.726330103714844,31357295
2025-01-23,37.91999816894531,38.34606423595644,37.823166147230694,37.90063102582142,56219007
2025-01-24,38.11366271972656,38.24922901635474,37.74569441894684,37.93936214008904,37526729
2025-01-27,37.24216079711914,37.958730275944866,37.203426513095124,37.91999599192085,37430244
2025-01-28,38.53973388671875,38.84960080427569,36.99039929893404,37.30026621649098,88464721
2025-01-29,37.62949752807617,38.50099678479935,37.62949752807617,38.442899050693995,48529409
2025-01-30,37.2808952331543,37.9199961465379,37.2808952331543,37.59076211880061,30016742
2025-01-31,36.816097259521484,37.49393250044284,36.816097259521484,37.35836619103954,30701126
2025-02-03,35.75092315673828,36.48685975800785,35.692825426151686,36.390027744427165,33963691
2025-02-04,35.73155975341797,36.11889150212517,35.557259173633135,35.86712605016072,35642639
2025-02-05,35.576629638671875,36.11889487630051,35.26675903929208,35.8283951141559,48163507
2025-02-06,36.176998138427734,36.3512987433227,35.731564900987294,35.731564900987294,35446334
2025-02-07,36.64179611206055,36.7386281333472,36.02206231045438,36.09952718870274,35706225
2025-02-10,36.19636535644531,36.932298372240915,36.099529634692544,36.64179859479278,29187063
2025-02-11,35.9445915222168,36.235091262071464,35.712193207894906,36.157626388599034,26883302
2025-02-12,35.576629638671875,36.1576291629611,35.576629638671875,35.983328566893356,27787179
2025-02-13,36.13825988769531,36.62242736067505,35.925225017534736,35.925225017534736,36219938
2025-02-14,36.351295471191406,36.874197238807746,36.25445975835241,36.273826900920206,38603265
2025-02-17,36.08015823364258,36.58369284563523,36.04142764341595,36.351294528656865,28695248
2025-02-18,35.963958740234375,36.254458480704336,35.809025299056756,36.080157897641435,32402064
2025-02-19,35.26675796508789,36.33192865238019,35.20866023077152,35.9639603281225,40380547
2025-02-20,35.3442268371582,35.67346087873998,35.32485969425283,35.38296112296896,27684247
2025-02-21,34.879425048828125,35.59599083721304,34.375890435795796,35.421693946071706,40791470
2025-02-24,34.95689010620117,35.615358165618225,34.80195666245038,35.247393545400506,33387092
2025-02-25,34.627655029296875,35.05372475715504,34.56955729833772,34.995623332291316,23882106
2025-02-26,34.86005783081055,35.053725557540425,34.47272237735079,34.64702296201722,27816142
2025-02-27,35.38296127319336,35.654093887210145,34.608294023213375,35.111824965271744,44165502
2025-02-28,34.337158203125,34.74386082383309,34.2403261807161,34.64702510751932,57324682
2025-03-03,34.395259857177734,34.99562652661814,34.3758927137887,34.492091880218,50212024
2025-03-04,34.18222427368164,34.60829403170378,34.18222427368164,34.45336058166977,35054985
2025-03-05,35.44105911254883,35.576629113861,34.41462638851903,34.45336067460823,69015870
2025-03-06,37.97809982299805,38.152400418239424,35.63472720581118,35.71219577876507,84511247
2025-03-07,38.01683044433594,38.46226735134809,37.62949866098804,37.91999842197519,53121421
2025-03-10,38.055564880371094,38.55909952521625,37.62949880884284,38.249232619758445,44392671
2025-03-11,38.42353057861328,39.27566635708825,37.62949622613818,37.958730252328195,67581762
2025-03-12,39.15946578979492,39.54680126458338,38.481634249772405,38.733399722651505,55512931
2025-03-13,38.830230712890625,39.546800214042506,38.53973096146869,39.37249962440839,44862076
2025-03-14,39.411231994628906,39.488696867421815,38.73339681164422,38.907697392808984,44729768
2025-03-17,39.2950325012207,39.85666482933872,39.19819679367998,39.488696528493065,54291737
2025-03-18,39.430599212646484,40.24400069502205,39.275665772856115,39.62426324195601,76696828
2025-03-19,36.409393310546875,39.10136703279951,35.86712809269536,37.28089625910074,99420448
2025-03-20,37.2808952331543,38.88833108765879,36.48686087694754,36.796727762593854,78563943
2025-03-21,33.988555908203125,36.874197364240445,33.67868901387377,36.68052963180841,78924596
2025-03-24,35.1118278503418,35.42169846970007,33.581860367655004,34.66639460674103,56903660
2025-03-25,36.893558502197266,37.14532764676116,35.537891847892666,35.63472386109138,41843777
2025-03-26,36.6805305480957,36.89356173457823,35.944593885251074,36.31256221667339,27182641
2025-03-27,36.118892669677734,37.26152819902338,35.8477600674278,36.79672786920722,32633894
2025-03-28,37.358367919921875,37.358367919921875,35.57663128408378,36.022064519567046,23509069
2025-04-02,36.27383041381836,37.02913427149009,36.25446326937497,36.816099376517926,38576173
2025-04-03,35.75092315673828,36.58369177158854,35.67345828465464,36.273824895444896,28108961
2025-04-04,35.38296127319336,35.828394480193744,35.228027823197365,35.75092590824333,22428102
2025-04-07,34.782588958740234,35.228025834499576,33.717422011886825,34.143488051847264,51391705
2025-04-08,35.05373001098633,35.36359693555971,34.91816369322361,35.32486264651176,27353481
2025-04-09,35.05373001098633,35.20866347327302,34.37589472826763,34.5501953350783,37699380
2025-04-10,34.879425048828125,36.448126620337334,34.879425048828125,36.3125603195026,29115320
2025-04-11,35.20866012573242,35.24739441109762,34.62765692696864,34.70512549769905,26771453
2025-04-14,35.40232849121094,35.77029312704076,35.28612563303905,35.4410590833634,30521823
2025-04-15,34.91815948486328,35.518526117129475,34.82132377391411,35.30549124694597,23525698
2025-04-16,34.31779098510742,34.93752848645096,34.20159181968889,34.647025032047324,18916918
2025-04-17,34.31779098510742,34.647025032047324,33.891724915969554,34.12412694071149,30696672
2025-04-18,34.04665756225586,34.3758916014058,33.9304583995867,34.31779017311882,19149136
2025-04-21,33.93046188354492,34.27906310125133,33.69805984043893,33.98855962389255,30773058
2025-04-22,33.71742248535156,34.08539079870082,33.698055343185324,33.96919163960804,19919632
2025-04-24,34.12412643432617,34.20159131215403,33.67868953467294,33.79489239227195,26012837
2025-04-25,34.16285705566406,34.298423362407995,33.98855646302049,34.18222419861389,22186116
2025-04-28,34.04665756225586,34.39525874416812,33.73679066586824,34.143489582162694,30451760
2025-04-29,33.75615692138672,34.14348868473825,33.71742263688016,33.89172322325499,23581268
2025-04-30,33.11705780029297,34.02729137217789,33.11705780029297,33.756158753723845,30500054
2025-05-02,33.17515563964844,33.40755766612222,33.07832361672888,33.17515563964844,22400087
2025-05-05,32.67162322998047,33.36882189048319,32.67162322998047,33.23325558688279,21775976
2025-05-06,32.613521575927734,32.9233884659775,32.57478729119534,32.71035359385402,19411875
2025-05-07,31.993789672851562,32.80719123042931,31.858223362239425,32.57478920230499,23148996
2025-05-08,32.24555206298828,32.41985264391562,31.97441946772557,32.05188434041296,16475181
2025-05-09,33.07832336425781,33.194522529655366,32.342390391533485,32.342390391533485,35480431
2025-05-12,36.33192825317383,36.37066253822899,34.47272320347828,34.8600586662204,87733548
2025-05-13,35.53789520263672,36.56432793749365,35.46042662964117,36.409394485407425,41832678
2025-05-14,36.27383041381836,36.68053305931931,35.49916310560834,35.53789739449511,55306704
2025-05-15,35.3442268371582,36.37066324771428,35.01499279557643,36.15762836965995,23953521
2025-05-16,35.84775924682617,35.9252241197366,34.56955744561525,35.01499062308778,35600852
2025-05-20,35.092464447021484,35.8283974724895,34.995628723996,35.634729720343664,22552277
2025-05-21,34.588924407958984,35.05372472472506,34.588924407958984,34.860057002596385,15153700
2025-05-22,34.91815948486328,34.976257217528115,34.0660236980339,34.588925455445434,26421258
2025-05-23,34.02729034423828,34.82132472621354,33.96919260998458,34.627656992923406,24322693
2025-05-26,34.104759216308594,34.47272384951424,34.00792350185594,34.046657787637,16710776
2025-05-27,33.639957427978516,34.20158977213207,33.6012231438563,34.10475775573117,14436498
2025-05-28,33.23325729370117,33.775526229857746,33.039589552652046,33.56249134531321,18839840
2025-05-29,33.13642501831055,33.581858233605054,33.020222158221195,33.407557637375916,21083684
2025-05-30,32.57660675048828,33.188651035025636,32.477891266637016,33.129423251016604,29502616
2025-06-02,32.3199462890625,32.77404356887273,32.28045858670824,32.53712112050177,27722164
2025-06-03,33.46506118774414,33.48480127192248,32.53711906968037,32.53711906968037,28132975
2025-06-04,33.70198059082031,33.82043992724683,33.188651778632845,33.326854965422854,19212415
2025-06-05,33.64275360107422,33.64275360107422,33.386087306033595,33.544034346922246,5515182
2025-06-10,33.87967300415039,34.0573638996699,33.761213662388904,33.80070136489426,29605245
2025-06-11,33.8994140625,34.11659264263197,33.66249163274201,33.68223548236803,25504841
2025-06-12,33.070194244384766,33.60326693598581,32.892503347184416,33.60326693598581,21084860
2025-06-13,32.47789001464844,32.47789001464844,31.53020596661579,31.688151111264624,22994338
2025-06-16,32.339683532714844,32.75429683949226,31.984305540018216,32.319943449026894,22220562
2025-06-17,32.339683532714844,32.89250001983332,32.16199641924365,32.339683532714844,23833537
2025-06-18,32.06327819824219,32.28045678330295,31.806615678787573,32.08302204831629,17830642
2025-06-19,31.668413162231445,32.379172951124474,31.648669311740743,32.06327887478214,16968514
2025-06-20,32.08302307128906,32.458148703149234,31.94481988211807,31.984307583525347,32664118
2025-06-23,32.06327819824219,32.161997448612695,31.786871828713473,31.885587313329626,21363223
2025-06-24,33.070194244384766,33.20839743870623,32.59635310710205,33.070194244384766,33363207
2025-06-25,33.64275360107422,33.82044072703877,33.089937075086674,33.16890871265375,30791528
2025-06-26,34.0573616027832,34.471971153863706,33.701979835711725,33.741467535553966,31683813
2025-06-27,34.09685134887695,34.333770030639904,33.48480326185448,34.09685134887695,26127179
2025-06-30,35.577606201171875,35.73555324387084,34.03761971054104,34.25479830641007,57016100
2025-07-01,35.538116455078125,35.893498222149596,35.18273468800665,35.73555118853498,39371371
2025-07-02,35.81452178955078,36.62400078419909,35.478883882080446,35.5776031288389,60007850
2025-07-03,36.52528762817383,37.05836029733906,36.20939354994728,36.24888125116421,39473848
2025-07-04,36.58451843261719,36.959640289251354,36.22913666043377,36.860924803980126,23578411
2025-07-07,35.26171112060547,36.03170246131265,35.202479569107055,35.95272705931477,29515905
2025-07-08,34.37325668334961,35.45914210074316,34.274541196588174,35.39991431498807,29169447
2025-07-09,34.84709930419922,34.98530249793993,34.27454267787991,34.27454267787991,22521511
2025-07-10,35.557861328125,35.735552216773534,35.36042658898725,35.57760517861422,26268587
2025-07-11,35.63683319091797,36.22913741209729,35.24196747588621,35.73555244399175,25379482
2025-07-14,35.241966247558594,35.775038898313866,35.06427536397351,35.73555119846066,16287635
2025-07-16,35.044532775878906,35.893499524519505,34.53120395656705,35.22222366586203,35318023
2025-07-17,35.79478073120117,35.97247162346716,35.241967969266554,35.26171182015772,22231582
2025-07-18,35.834266662597656,36.01195754608485,35.47888489562326,35.735551178773356,20774111
2025-07-21,36.97938537597656,37.571689604672585,36.30810950957378,36.30810950957378,40555927
2025-07-22,36.92015838623047,37.57169041583432,36.60426429707434,37.038617728225375,30551272
2025-07-23,37.11758804321289,37.21630729614831,36.545031439205246,36.97938485485775,21760620
2025-07-24,37.31502151489258,37.78886261561214,37.058358997494025,37.21630603106721,34901395
2025-07-25,36.82143783569336,37.76912006985573,36.5647753094323,37.492713692996986,28011316
2025-07-28,36.20939254760742,36.80169298644767,36.15016099742166,36.80169298644767,19408251
2025-07-29,35.932987213134766,36.44631226651131,35.85401181061255,36.209393590453594,17599774
2025-07-30,36.60426330566406,36.86092583399386,35.79478048765204,35.932987442949845,30045564
2025-07-31,36.28836441040039,36.76220928335889,36.01195803930324,36.52528684687964,33478632
2025-08-01,36.93989562988281,37.01887102897335,36.16990431752154,36.18964816729417,35137864
2025-08-04,37.03861618041992,37.51245729435279,36.999128479486906,37.17681936793104,31484254
2025-08-05,36.95964050292969,37.29527842684844,36.92015656804555,37.05835975452603,18881665
2025-08-06,39.26961898803711,39.64474461945615,37.413742213131265,37.45322614873764,124749082
2025-08-07,38.9537239074707,39.72371900119879,38.87475227253322,39.467052714704636,46250607
2025-08-08,39.19064712524414,40.11858550735006,38.30219267851707,38.49962741842914,69731751
2025-08-11,39.703975677490234,40.079097538487446,39.07218752659555,39.46705323802752,33073734
2025-08-12,39.01295471191406,39.842177574548785,38.914235462937135,39.842177574548785,28411840
2025-08-13,38.65757369995117,39.46705272855488,38.63782984977128,39.07218702222016,30106735
2025-08-14,39.09192657470703,39.56577144106791,38.55885769012111,38.637829324011705,32789569
2025-08-15,39.4670524597168,39.90140586345262,38.71680498676323,39.13141454045365,44927337
2025-08-18,41.9547233581543,42.48779604107429,40.31602137291304,40.47396841610179,86850362
2025-08-19,40.94780731201172,42.07318040406307,40.84909182756152,41.95472106957197,44960149
2025-08-20,41.38216018676758,41.83626120039618,40.55294109017327,40.86883515528185,42716185
2025-08-21,42.19164276123047,42.507536824812796,41.3821599868272,41.3821599868272,48457288
2025-08-22,42.54702377319336,42.62599917756203,42.03369870781519,42.38907673021056,37351213
2025-08-25,43.11958312988281,43.63291194878076,42.744457499581536,43.040607727396456,51541557
2025-08-26,41.52036666870117,43.159068525194854,41.52036666870117,43.09983697649475,157110681
2025-08-27,40.41473388671875,41.836260936494746,40.276530704824815,41.75728553783863,59986568
2025-08-28,40.21730422973633,40.888576311376475,40.00012564212209,40.47396675220864,49538189
2025-08-29,40.177818298339844,40.59242787576486,39.98038355233788,40.394993129762895,55538415
2025-09-01,40.059356689453125,40.533197793583,39.98038128922097,40.33576305875696,35760723
2025-09-02,38.420650482177734,40.88857521815794,37.13733037261889,40.27653093804605,97340494
2025-09-03,37.76911926269531,38.55885820670764,37.25579422114342,38.42065125547742,46220288
2025-09-04,37.67040252685547,37.96655273815026,37.374252315560675,37.769118008702314,38978314
2025-09-05,37.196563720703125,38.12450211063332,37.13733216850374,37.828351881145345,53272277
2025-09-08,36.11067581176758,36.78194786184066,36.071188113012035,36.643744681950494,33128023
2025-09-09,35.873756408691406,36.999129557799456,35.67632166402668,36.28836598330825,53444599
2025-09-10,36.24888229370117,36.426573188533396,35.77504116273342,36.16990688899593,43736032
2025-09-11,36.011959075927734,37.17681991016029,35.99221522517326,36.22913766847246,65920204
2025-09-12,35.834266662597656,36.28836391339635,35.34068171196751,36.03170139600058,43666893
2025-09-15,38.30219268798828,38.30219268798828,35.24196739873513,35.617093028085364,77734087
2025-09-16,38.26270294189453,38.47988152081984,37.70989021845447,38.321934490443496,51881088
2025-09-17,37.84809494018555,38.460139237092115,37.709891753699004,38.26270449964517,40234174
2025-09-18,38.025787353515625,39.17090435776304,37.90732801259474,38.025787353515625,55693030
2025-09-19,38.776031494140625,39.012953921128585,37.92706479891891,38.10475567772133,55321149
2025-09-22,39.664485931396484,40.197558568384906,39.44730735356693,39.64474208197978,45495699
2025-09-23,40.177818298339844,40.41473698093855,38.83526654443197,39.15116063173328,91821970
2025-09-24,39.19064712524414,40.27653254612883,38.77603379485336,40.25678869556217,83039501
2025-09-25,39.44730758666992,39.82243319629561,38.85500716368557,39.427563737136545,64909465
2025-09-26,37.65066146850586,39.42756663375684,37.65066146850586,39.388082697543574,48590976
2025-09-29,37.0583610534668,37.551946031486054,36.93989794739891,37.37425513813876,33132958
2025-09-30,36.841182708740234,37.43348318009115,36.68323566532968,37.058361305587695,47179379
2025-10-01,36.99912643432617,37.21630501169857,36.18964743871624,36.84117940507922,66580733
2025-10-02,35.41965866088867,36.999129065689544,35.16299236651197,36.999129065689544,89218801
2025-10-03,35.14324951171875,35.83426924556109,35.02479016944008,35.636834497926905,42590504
2025-10-06,34.689151763916016,35.320939935286,34.61018012537204,35.26171214781665,34394938
2025-10-07,34.86684036254883,35.2024782772134,34.610177846983824,34.70889333010399,39990276
2025-10-08,34.55094909667969,35.182737277641095,34.51146139393095,34.80761163303728,36905645
2025-10-09,34.55094909667969,35.04453408377511,34.37325820006497,34.945818592657865,41092632
2025-10-10,34.59043502807617,34.86684140165356,34.25479710340888,34.59043502807617,33223445
2025-10-13,34.01787567138672,34.45223286072306,33.87967248050862,34.2547981170024,28449026
2025-10-14,33.24788284301758,34.45223133727939,33.228138992943116,34.175821201991255,45765985
2025-10-15,34.07710647583008,34.29428506572859,33.1294242456893,33.50454610819017,59011116
2025-10-16,32.95173263549805,33.642752325340375,32.85301338508951,33.36634218995083,69416655
2025-10-17,32.45814895629883,32.9122462287607,32.14225487408583,32.81353074022708,55051370
2025-10-20,32.89250183105469,32.971477233172195,32.02379123653428,32.497632351976016,72541566
2025-10-21,33.089935302734375,33.484801000929096,32.22122474149911,32.280456290817746,74538932
2025-10-22,33.66249465942383,34.3140266926464,33.12942573460871,33.48480376256725,57939905
2025-10-23,34.09685134887695,34.25479839197043,33.544034815172495,33.66249415605397,44660286
2025-10-24,35.36042785644531,36.485801014387576,34.1758231449123,34.25479854969996,125917083
2025-10-27,35.26171112060547,35.67632068383105,35.241967270106,35.36042660734839,36376558
2025-10-28,35.79478073120117,35.893499985657,35.143248714810724,35.202480267484226,13455089
2025-10-30,36.28836441040039,36.4068275115172,35.47888538154071,35.79477945301012,40870245
2025-10-31,36.308109283447266,36.60426327882808,35.83426816289423,36.288365432704914,38421363
2025-11-03,36.722721099853516,37.1768183508973,36.229136148956975,36.32785163283455,43212287
2025-11-04,36.50554275512695,37.03861540936201,36.327851870381934,36.60426200540438,41470913
2025-11-05,36.426570892333984,36.78194889384213,35.93298594130374,36.46605482644312,39352043
2025-11-06,37.137332916259766,37.39399921520391,36.36734155093644,36.525288594227234,29625888
2025-11-07,35.538116455078125,37.11758679122431,35.22222238784889,36.99912745745193,43968786
2025-11-10,35.22222137451172,36.38708212606456,35.10376204414739,35.99221267051118,36806441
2025-11-11,34.748382568359375,35.97247118257263,33.68223722783061,35.06427664723728,50937942
2025-11-12,34.90633010864258,35.36042738282575,34.57069217429969,34.886586257710114,29457533
2025-11-13,34.94581604003906,35.41965714114837,34.768125156403784,35.00504382408127,27635236
2025-11-14,35.22222137451172,35.2617090732179,34.61017710758277,34.748380287300186,26334138
2025-11-17,35.36042785644531,35.79478128551377,35.02478991760687,35.301196302854564,30646825
2025-11-18,35.12350845336914,35.53811802273894,34.82735445724273,35.16299238919877,29686141
2025-11-19,35.69606399536133,35.83426718101648,35.12350740253936,35.24196673799315,34295144
2025-11-20,35.67631912231445,36.09093243314726,35.399912758928764,35.913241552183806,22799366
2025-11-21,35.75529479980469,35.77503864959402,35.084018969984456,35.45914081871894,25619098
2025-11-24,35.79478073120117,36.07119087792299,35.202480267484226,35.53811820112503,38051138
2025-11-25,36.24888229370117,36.78195121244329,35.63683420449925,35.93298820638934,41642195
2025-11-26,36.3870849609375,36.66349134190682,36.07119087818556,36.24888177045284,34402373
2025-11-27,36.13041687011719,36.74246492007723,36.13041687011719,36.52528633681693,30827736
2025-11-28,36.841182708740234,36.90041426217715,36.05144749168749,36.150162981661126,36409757
2025-12-01,37.0583610534668,37.37425513813876,36.58451992645886,36.86092630910819,40767776
2025-12-02,36.92015838623047,37.690149757829225,36.841182981064144,37.09784928210012,37692720
2025-12-03,36.95964050292969,37.6309163507672,36.92015656804555,37.03861590420676,44740079
2025-12-04,36.13041687011719,37.23604987057475,36.13041687011719,37.01887128731446,33675652
2025-12-05,37.275535583496094,37.413742539464515,36.0119592549637,36.071190807521596,32517549
2025-12-08,40.98729705810547,40.98729705810547,37.57168991136865,37.61117384766708,91638275
2025-12-09,41.16498565673828,42.625996659459496,40.88857552353123,41.85600534112442,222836999
2025-12-10,40.059356689453125,41.579595486378594,40.059356689453125,41.18472978248087,67681795
2025-12-11,39.170902252197266,40.355506894993404,38.97346751743885,40.11858446013244,60511940
2025-12-12,39.54602813720703,40.13832857970511,39.24987415020362,39.24987415020362,32944058
2025-12-15,39.84217834472656,40.11858471569651,39.30910568720936,39.5855120581793,34756664
2025-12-16,38.99321365356445,40.158074514602184,38.341681626692036,40.07909910976695,55528561
2025-12-17,39.111671447753906,39.388081587987514,38.65757418517969,38.91423670923116,26015674
2025-12-18,38.7957763671875,39.36833671749248,38.69706088336115,39.17090198408545,21719396
2025-12-19,38.321937561035156,38.874754094524555,38.30219370993684,38.795778690131264,20022601
2025-12-22,38.40091323852539,38.79577896603639,38.1442469381764,38.46014102648702,30712813
2025-12-23,37.80860900878906,38.42065333433608,37.69014966707938,38.26270629013831,28457697
2025-12-24,38.381168365478516,38.57860310685506,37.76912029063576,37.808607992061965,34824969
2025-12-25,39.170902252197266,39.76320269071816,38.49962641347126,38.49962641347126,32530789
2025-12-26,37.986297607421875,39.15115840010604,37.70989123822711,39.11167070000555,36924229
2025-12-29,37.78886413574219,38.42065229544983,37.59143316014941,38.08501813064031,25786294
2025-12-30,37.907325744628906,38.065272778325095,37.35450924381507,37.7296348610014,23117497
2025-12-31,37.88758087158203,38.5588566881023,37.769117775193116,37.98629635281856,28320689
2026-01-02,38.6378288269043,38.65757267656151,38.20347543170851,38.4996256450581,23747082
2026-01-05,38.97346878051758,39.17090352167459,38.47988381050228,38.67731855165929,29867314
2026-01-06,39.72372055053711,39.842179890440775,38.97346927772005,39.09192861762371,39954120
2026-01-07,39.36833572387695,40.059355390483816,39.36833572387695,39.82243296322418,30933389
2026-01-08,39.40782165527344,39.70397564580409,38.85500890655897,39.388081570608854,30683945
2026-01-09,38.71680450439453,39.72371824963896,38.558857471753505,39.526283517399094,46935417
2026-01-12,38.99321365356445,39.32885159260506,38.42065326577271,38.73655111935908,48082366
2026-01-13,38.67731857299805,39.28936288174344,38.46013998103007,39.01295650342381,59431371
2026-01-14,37.986297607421875,38.85500818086103,37.927066057271134,38.71680499626364,60271679
2026-01-15,38.22322082519531,38.4996272000517,37.55194497275457,37.98629838549382,53112244
2026-01-16,39.15115737915039,39.24987286107305,38.144243647371425,38.22321904551295,64269487
2026-01-19,39.38808059692383,39.78294629827948,39.24987364740731,39.58551156472449,48096578
2026-01-20,38.479881286621094,39.30910413248856,38.24296262537566,39.2893602830924,65871542
2026-01-21,38.44039535522461,38.53911460674426,37.9270665445856,38.46013920552854,42373166
2026-01-22,39.15115737915039,39.17090122868577,38.32193452743561,38.637828588493214,55903077
2026-01-23,39.76320266723633,39.98038125191776,39.486796298190384,39.486796298190384,58694880
2026-01-26,40.39499282836914,40.45422438145416,39.190648041676646,39.388082786205516,68784132
2026-01-27,40.09884262084961,40.53319981224996,39.842180088821294,40.51345596120863,52602455
2026-01-28,41.08600997924805,41.22421316204,40.09884008415772,40.09884008415772,63451886
2026-01-29,45.1926383972168,45.1926383972168,41.38216184745457,41.91523451587564,224383965
2026-01-30,44.91623306274414,47.542104998859,44.28444489251418,45.72571212657059,220262648
2026-02-02,44.77802658081055,46.298269107311285,42.78394296145651,43.69213744798677,111161718
2026-02-03,45.58750915527344,46.12058183863805,44.75828623640222,45.25187121749807,111290946
2026-02-04,45.745452880859375,46.85108210391595,45.37032726802161,46.278525525562365,109095535
2026-02-05,46.930057525634766,48.86490960836685,45.29135565707526,45.60724972095991,237348857
2026-02-06,46.910316467285156,47.22621054996685,45.607252434784556,46.930060318172075,108323437
2026-02-09,47.66056442260742,48.055433912568304,46.9695484638077,47.58159278406797,101347367
2026-02-10,46.515445709228516,47.85799740679485,46.436474073594596,47.85799740679485,84984623
2026-02-11,47.06826400756836,47.68030832853274,46.081094047285056,46.160065685915356,80592970
2026-02-12,48.3713264465332,48.78593600851279,47.16697792996586,47.22620948128627,135338510
2026-02-13,48.90439987182617,49.1610624000313,48.331839497419736,48.37132719891421,89241844
2026-02-16,50.148231506347656,50.246950758437116,48.98337069197297,49.4078540615716,100998879
2026-02-17,47.403900146484375,49.25978065582765,47.403900146484375,49.25978065582765,189753832
2026-02-18,45.745452880859375,47.996199026377404,45.508530450184395,47.58158947988905,172354980
2026-02-19,44.22521209716797,46.1995519565572,43.92906187141047,46.002117217467394,91802168
2026-02-20,45.40981674194336,45.62699533140277,44.38315911182271,44.38315911182271,107637359
2026-02-23,46.39698791503906,46.81159748884532,45.52827729966536,45.9034029372195,79503932
2026-02-24,45.686222076416016,46.51544494866296,45.4295595576094,46.2785262798806,70098522
2026-02-25,45.15315246582031,46.12057850699299,44.73853915345814,45.90339992595784,48909857
2026-02-26,45.449302673339844,45.84416837018231,44.5608482653743,45.15315245926942,40426468
2026-02-27,44.28444290161133,45.80468547147797,43.65265475978477,45.62699458586995,73844335
2026-03-02,41.89548873901367,42.48779293194435,40.019868209118876,40.019868209118876,56382551
2026-03-03,40.67140197753906,42.19164457757153,40.61217042590962,41.619084209083546,42433822
2026-03-04,40.69114685058594,41.34267887186404,40.17781802082826,40.69114685058594,43440096
2026-03-05,40.69114685058594,41.36242272290332,40.65165914850738,40.96755323362679,30098302
2026-03-06,39.88166809082031,40.96755354597815,39.78294883487124,40.473968563496484,31872698
2026-03-09,40.059356689453125,40.059356689453125,38.400910942121385,38.69706116148326,34556364
2026-03-10,41.619083404541016,41.79677429023995,40.61216964083184,41.16498614809012,39504441
2026-03-11,41.40190505981445,41.77703068356008,40.78986076425903,41.59933979682554,27369030
2026-03-12,41.46113586425781,41.89548926525943,40.987294763413956,41.04652631317731,29995313
2026-03-13,41.04652786254883,41.52036898127863,40.39499208782158,41.066267947460744,27514359
2026-03-16,41.93497848510742,42.231128713150014,41.10575558713548,41.77703144576774,40263872
2026-03-17,43.711883544921875,43.810602797938145,42.2903601932776,42.2903601932776,47802633
2026-03-18,43.25778579711914,44.422646609472324,42.66548534862794,43.92906164714485,48075981
2026-03-19,43.692138671875,46.475961289718214,42.902403494997735,42.92214734513896,73705813
2026-03-23,48.0554313659668,48.0554313659668,43.099837981766775,43.139325681821205,190377284
2026-03-24,46.83134078979492,49.65464743228264,46.75236915246371,47.976457774256254,140853162
2026-03-25,46.554931640625,48.37132438022696,46.357496910411996,47.364410645319474,71261828
2026-03-26,44.73854064941406,47.265697010242896,44.73854064941406,46.436474123545494,46979269
2026-03-27,44.3041877746582,45.54802023687756,43.968549845844336,45.093922970174816,38926283
2026-03-30,42.54702377319336,44.3041888628508,42.448308283487066,44.22521345848213,51480335
2026-03-31,43.415733337402344,44.067265344592386,42.62599814168024,42.6457419922926,61424922
2026-04-01,44.04751968383789,45.07417727896314,43.692137918928815,44.462132998149904,49137440
2026-04-02,44.10675048828125,44.12649433774876,43.238039940482004,43.31701533835204,38981713
2026-04-03,43.43547821044922,44.32393268014659,43.060352571493155,44.1857257226068,31316855
2026-04-06,44.22521209716797,44.60033772486316,43.37624535510989,43.573680094199695,54816413
2026-04-07,43.238040924072266,44.955718209277414,42.96163455674784,44.146239191466464,64715918
2026-04-08,46.10083770751953,47.20646700404815,44.95572070896197,45.35058643198778,93633743
2026-04-09,45.824424743652344,46.45621664003497,45.528274528139605,45.98237554206373,43300645
2026-04-10,46.83134078979492,47.20646642294305,46.100837140024574,46.21929647889865,66284588
2026-04-13,47.14723205566406,47.502613816822404,45.94288735654934,46.021858989165494,56008961
2026-04-14,47.463130950927734,48.45030085823567,47.18672081616855,47.87774050443498,65789799
2026-04-15,47.60133361816406,47.87773998416529,47.12749251969583,47.6210774679862,38920185
2026-04-16,46.29827117919922,48.50952971147035,46.14032414117985,47.95671696127978,57350162
2026-04-17,47.71979522705078,47.85799841664216,46.19955261003661,46.318011948864296,73018616
2026-04-20,47.26569747924805,47.71979474496207,46.969547252293445,47.28544132981228,40999315
2026-04-21,46.614166259765625,47.71979554972732,46.554934707074025,47.46313301957272,36099953
2026-04-22,46.79185485839844,47.22620825958179,45.962631990136174,46.89057034229101,35252373
2026-04-24,47.26569747924805,47.62107925789535,46.59442162308191,46.673393259584394,66587253
2026-04-27,46.59442138671875,48.19363561676471,46.574677536254676,47.384156576509696,60594479
2026-04-28,45.84416961669922,46.75236789906422,45.70596643075885,46.535189312155424,42582067
2026-04-29,45.291358947753906,46.27852891055562,44.955721009771146,46.00211876025804,39159387
2026-04-30,47.24595260620117,47.46313119195318,45.034690345670334,45.074178045944215,70282661
2026-05-04,45.40981674194336,47.64081912494167,45.25186970390591,47.463132002184665,57107253
2026-05-05,47.24595260620117,48.09491933331788,45.60725070237858,45.60725070237858,91491288
2026-05-06,48.98337173461914,51.925137725923086,47.48287296270993,47.75928310868959,209233723
2026-05-07,48.489784240722656,50.19758770903942,48.11466239155779,49.29926325424264,85829103
2026-05-08,51.13540267944336,51.87578014227049,48.43055912407074,48.48978691101403,126439875
2026-05-11,51.6783447265625,53.40589211734593,51.08604427030996,51.1354020140386,136485908
2026-05-12,50.493743896484375,52.8135917473073,50.39502464311149,51.184759841322204,83273566
2026-05-13,49.852081298828125,51.13540145039955,49.18080544740533,51.13540145039955,55097677
2026-05-14,48.39107131958008,50.69117534102292,48.31209591615061,50.39502510967144,81779859
2026-05-15,47.58159255981445,48.470043259407326,47.265698475636384,48.15414917522926,57822032
2026-05-18,45.311100006103516,47.91722794474789,45.311100006103516,47.50261462773393,58894212
2026-05-20,45.58750915527344,45.72571234745955,44.62008304421611,45.25187121749807,41483091
2026-05-21,42.34959030151367,45.74545340867496,41.658570616972405,45.705965708814475,45403715
2026-05-22,44.659568786621094,44.93597515886336,41.59933977867075,41.59933977867075,102932930
2026-05-25,46.12057876586914,46.57467601444215,44.79777095403372,44.837254887917325,74422668
2026-05-26,45.21238327026367,46.258784780189,45.21238327026367,46.100837737724284,16884521
2026-05-27,45.21238327026367,45.21238327026367,45.21238327026367,45.21238327026367,0
2026-05-28,45.21238327026367,45.21238327026367,45.21238327026367,45.21238327026367,0
2026-05-29,45.21238327026367,45.21238327026367,45.21238327026367,45.21238327026367,0
2026-06-01,45.5,46.58000183105469,45.119998931884766,45.65999984741211,49939412
2026-06-02,47.099998474121094,47.34000015258789,45.91999816894531,45.91999816894531,53162824
2026-06-03,46.31999969482422,47.52000045776367,46.099998474121094,46.84000015258789,51399139
2026-06-04,45.47999954223633,46.720001220703125,45.08000183105469,46.52000045776367,57864228
2026-06-05,44.79999923706055,45.779998779296875,44.65999984741211,45.459999084472656,41963282
2026-06-08,45.02000045776367,45.2599983215332,43.939998626708984,44.2400016784668,39667254
2026-06-09,44.34000015258789,45.47999954223633,44.31999969482422,45.099998474121094,43460376
2026-06-10,44.20000076293945,44.68000030517578,43.84000015258789,44.34000015258789,35468839
2026-06-11,43.65999984741211,44.63999938964844,42.939998626708984,44.220001220703125,55161858
2026-06-12,44.7599983215332,45.63999938964844,44.13999938964844,44.34000015258789,74776497
2026-06-15,46.400001525878906,46.7400016784668,45.900001525878906,46.599998474121094,48307376
2026-06-16,45.939998626708984,46.5,45.560001373291016,46.380001068115234,39110733
2026-06-17,44.900001525878906,46.380001068115234,44.81999969482422,46.099998474121094,44964646
2026-06-18,47.400001525878906,47.400001525878906,45.15999984741211,45.20000076293945,74409431
2026-06-19,46.279998779296875,48.13999938964844,45.81999969482422,46.900001525878906,76961564
2026-06-22,46.31999969482422,47.18000030517578,46.060001373291016,46.47999954223633,46678425
2026-06-23,45.13999938964844,46.08000183105469,44.959999084472656,45.900001525878906,33248263
2026-06-24,45.099998474121094,45.540000915527344,44.900001525878906,45.20000076293945,41656845
2026-06-25,44.2400016784668,45.880001068115234,44.08000183105469,45.5,63267560
2026-06-26,45.31999969482422,45.31999969482422,44.119998931884766,44.15999984741211,42645894
2026-06-29,44.939998626708984,45.65999984741211,44.939998626708984,45.47999954223633,51325639
2026-06-30,44.29999923706055,45.58000183105469,44.099998474121094,45.0,50172411
2026-07-01,44.86000061035156,45.18000030517578,43.86000061035156,44.29999923706055,46507002
2026-07-02,44.5,45.31999969482422,44.29999923706055,45.060001373291016,49836281
2026-07-03,44.34000015258789,44.81999969482422,44.02000045776367,44.68000030517578,44328513
2026-07-06,43.47999954223633,44.7599983215332,43.20000076293945,44.439998626708984,60662528
2026-07-07,43.15999984741211,43.7400016784668,42.959999084472656,43.459999084472656,58796153
2026-07-08,41.619998931884766,43.0,41.58000183105469,43.0,52417930
2026-07-09,42.220001220703125,43.439998626708984,41.880001068115234,42.0,65221894
2026-07-10,43.439998626708984,43.779998779296875,42.099998474121094,42.15999984741211,54565607
2026-07-13,43.13999938964844,43.459999084472656,42.81999969482422,43.439998626708984,25698166
2026-07-14,43.599998474121094,43.84000015258789,42.65999984741211,43.0,39624568
2026-07-16,45.0,45.380001068115234,43.599998474121094,43.599998474121094,56179337
2026-07-17,44.20000076293945,45.15999984741211,44.08000183105469,44.68000030517578,33073577
2026-07-20,44.5,44.959999084472656,43.959999084472656,44.099998474121094,40693138
2026-07-21,43.18000030517578,44.939998626708984,43.099998474121094,44.84000015258789,44247206
2026-07-22,43.619998931884766,43.7400016784668,43.099998474121094,43.220001220703125,34329621
2026-07-23,43.68000030517578,44.400001525878906,43.380001068115234,43.619998931884766,43967135
2026-07-24,43.41999816894531,44.02000045776367,42.959999084472656,43.70000076293945,40136621
2026-07-27,42.959999084472656,44.2400016784668,42.779998779296875,43.900001525878906,38391152
2026-07-28,42.52000045776367,43.08000183105469,42.13999938964844,42.97999954223633,30180287
2026-07-29,41.84000015258789,42.939998626708984,41.63999938964844,42.540000915527344,38344146
2026-07-30,41.34000015258789,41.959999084472656,41.13999938964844,41.70000076293945,36982330
2026-08-03,42.13999938964844,42.400001525878906,41.560001373291016,42.099998474121094,37054396
2026-08-04,42.439998626708984,42.619998931884766,41.65999984741211,42.0,52724356
2026-08-05,42.439998626708984,42.79999923706055,41.97999954223633,42.279998779296875,45556303
2026-08-06,41.880001068115234,42.880001068115234,41.70000076293945,42.599998474121094,40994304
