Price,Close,High,Low,Open,Volume
2021-08-10,1.0061979293823242,1.0157807581012928,0.9966151006633558,0.9966151006633558,37617641
2021-08-11,1.0061979293823242,1.0157807581012928,0.9966151006633558,1.0157807581012928,59201120
2021-08-12,1.0061979293823242,1.0157807581012928,0.9966151006633558,1.0157807581012928,61072500
2021-08-13,1.0061979293823242,1.0157807581012928,1.0061979293823242,1.0157807581012928,13286025
2021-08-16,1.0157806873321533,1.0253636296198103,1.0061978592808176,1.0061978592808176,59325512
2021-08-17,1.0157806873321533,1.0157806873321533,1.0061978592808176,1.0157806873321533,10769019
2021-08-18,1.0061979293823242,1.034946529775559,1.0061979293823242,1.0157807581012928,63667352
2021-08-19,0.9966150522232056,1.015780708729602,0.9966150522232056,1.0061978804764038,24500949
2021-08-20,1.0061979293823242,1.0061979293823242,0.9870322719443873,0.9966151006633558,34510178
2021-08-23,1.0061979293823242,1.0157807581012928,0.9966151006633558,1.0061979293823242,15889441
2021-08-24,1.0061979293823242,1.0157807581012928,1.0061979293823242,1.0061979293823242,16989030
2021-08-25,1.0061979293823242,1.0157807581012928,0.9966151006633558,1.0061979293823242,25400559
2021-08-26,0.9870321750640869,1.0061978306208548,0.9870321750640869,0.9966150028424708,34125312
2021-08-27,0.9966150522232056,0.9966150522232056,0.9774493957168091,0.9966150522232056,31510646
2021-08-31,0.9966150522232056,1.0061978804764038,0.9966150522232056,0.9966150522232056,17652554
2021-09-01,0.9966150522232056,1.0061978804764038,0.9966150522232056,0.9966150522232056,9658386
2021-09-02,1.0061979293823242,1.0157807581012928,0.9966151006633558,0.9966151006633558,32368973
2021-09-03,1.0061979293823242,1.0157807581012928,0.9966151006633558,1.0061979293823242,10387400
2021-09-06,1.0061979293823242,1.0157807581012928,0.9966151006633558,1.0061979293823242,25343302
2021-09-07,1.0157806873321533,1.034946457671146,1.0061978592808176,1.0157806873321533,79755716
2021-09-08,0.9966150522232056,1.025363651219124,0.9870322239700073,1.015780708729602,48427156
2021-09-09,0.9966150522232056,1.0061978804764038,0.9870322239700073,0.9966150522232056,38671426
2021-09-10,0.9870321750640869,1.0061978306208548,0.9870321750640869,1.0061978306208548,27514116
2021-09-13,0.9870321750640869,0.9966150028424708,0.9870321750640869,0.9870321750640869,15674358
2021-09-14,0.9966150522232056,0.9966150522232056,0.9774493957168091,0.9870322239700073,66854617
2021-09-15,0.9774494171142578,0.9966150740402118,0.9774494171142578,0.9870322455772348,22004871
2021-09-16,0.9774494171142578,0.9870322455772348,0.967866588651281,0.9870322455772348,31367468
2021-09-17,0.9678665995597839,0.9870322567017475,0.9678665995597839,0.9870322567017475,49605425
2021-09-20,0.9582837224006653,0.9678665504857662,0.9391180662304635,0.9582837224006653,66993806
2021-09-21,0.9487009048461914,0.9582837330376622,0.9487009048461914,0.9487009048461914,27258794
2021-09-22,0.9582837224006653,0.9678665504857662,0.9487008943155644,0.9582837224006653,39158523
2021-09-23,0.9487009048461914,0.9774493894206038,0.9487009048461914,0.9582837330376622,31451928
2021-09-24,0.9391180276870728,0.9487008553788742,0.9103694874935101,0.9487008553788742,78078162
2021-09-27,0.9391180276870728,0.9487008553788742,0.9295351999952713,0.9487008553788742,38559396
2021-09-28,0.9295352697372437,0.9391180981480337,0.9199523842082907,0.9391180981480337,29297191
2021-09-29,0.9199523329734802,0.9391180458458291,0.9199523329734802,0.9295352179687345,27242432
2021-09-30,0.9295352697372437,0.9295352697372437,0.9199523842082907,0.9295352697372437,15761439
2021-10-01,0.9295352697372437,0.9295352697372437,0.9199523842082907,0.9199523842082907,24213096
2021-10-04,0.9391180276870728,0.9391180276870728,0.9295351999952713,0.9295351999952713,12276375
2021-10-05,0.9582837224006653,0.9774493785708671,0.9295352381453625,0.9391180662304635,197717027
2021-10-06,0.9391180276870728,0.967866510762477,0.9391180276870728,0.9582836830706756,43359841
2021-10-07,0.9582837224006653,0.9582837224006653,0.9391180662304635,0.9582837224006653,53376493
2021-10-08,0.9582837224006653,0.9582837224006653,0.9487008943155644,0.9582837224006653,29969770
2021-10-11,0.9582837224006653,0.9678665504857662,0.9487008943155644,0.9487008943155644,27282870
2021-10-12,0.9487009048461914,0.9582837330376622,0.9487009048461914,0.9487009048461914,21539487
2021-10-13,0.9487009048461914,0.9678665612291331,0.9391180766547207,0.9487009048461914,91162634
2021-10-14,0.9487009048461914,0.9582837330376622,0.9391180766547207,0.9487009048461914,28202051
2021-10-15,0.9391180276870728,0.9582836830706756,0.9295351999952713,0.9487008553788742,40853558
2021-10-18,0.9487009048461914,0.9582837330376622,0.9391180766547207,0.9391180766547207,51975616
2021-10-19,0.9582837224006653,0.9582837224006653,0.9487008943155644,0.9487008943155644,9228590
2021-10-20,0.9487009048461914,0.9582837330376622,0.9391180766547207,0.9582837330376622,56191045
2021-10-21,0.9487009048461914,0.9487009048461914,0.9295352484632499,0.9487009048461914,37966113
2021-10-22,0.9582837224006653,0.9678665504857662,0.9391180662304635,0.9487008943155644,74099234
2021-10-25,0.9582837224006653,0.9678665504857662,0.9487008943155644,0.9582837224006653,62034342
2021-10-26,0.9582837224006653,0.9678665504857662,0.9582837224006653,0.9582837224006653,20708179
2021-10-27,0.9678665995597839,0.9774494281307657,0.9487009424178203,0.9582837709888021,104811031
2021-10-28,0.9678665995597839,0.9774494281307657,0.9582837709888021,0.9678665995597839,46752150
2021-11-01,0.9870321750640869,0.9966150028424708,0.9774493472857031,0.9774493472857031,66741574
2021-11-02,0.9966150522232056,1.015780708729602,0.9870322239700073,0.9966150522232056,124214486
2021-11-03,1.0445293188095093,1.0541121471643955,0.9582837493792095,1.00619789115364,281788392
2021-11-04,1.0541120767593384,1.0828605599038608,1.0349464213296569,1.0541120767593384,299895899
2021-11-05,1.0541120767593384,1.0636949044741792,1.0349464213296569,1.0636949044741792,107248279
2021-11-08,1.0636950731277466,1.0732779023619874,1.0541122438935058,1.0541122438935058,128164949
2021-11-09,1.0541120767593384,1.07327773218902,1.0541120767593384,1.07327773218902,169780192
2021-11-10,1.0541120767593384,1.0636949044741792,1.0445292490444977,1.0636949044741792,140143294
2021-11-11,1.0541120767593384,1.0828605599038608,1.0445292490444977,1.0541120767593384,123696582
2021-11-12,1.102026343345642,1.1307748298296072,1.0541121992057,1.0636950280336885,252151838
2021-11-15,1.1882718801498413,1.1978547086803781,1.130774794730293,1.140357737497157,534469527
2021-11-16,1.1116092205047607,1.1978547979428176,1.1116092205047607,1.1786891394535461,415403714
2021-11-17,1.102026343345642,1.1116091721736305,1.0924435145176536,1.1116091721736305,81871124
2021-11-18,1.102026343345642,1.1499406017219147,1.0636950280336885,1.0924435145176536,378385291
2021-11-19,1.0924433469772339,1.121191829052245,1.082860519618897,1.1116090016939078,128240526
2021-11-22,1.0924433469772339,1.1116090016939078,1.082860519618897,1.1020261743355708,60488424
2021-11-23,1.0636950731277466,1.1020263900647096,1.0541122438935058,1.0924435608304688,216727956
2021-11-24,1.0924433469772339,1.1020261743355708,1.0636948649022229,1.082860519618897,113343734
2021-11-25,1.1116092205047607,1.1211920497493963,1.0828607327708537,1.102026391260125,148508942
2021-11-26,1.0732778310775757,1.102026316870896,1.0732778310775757,1.102026316870896,108871927
2021-11-29,1.0732778310775757,1.0828606596753492,1.0636950024798022,1.0828606596753492,50704580
2021-11-30,1.0828604698181152,1.1020261236533602,1.0636948159828703,1.0732776429004927,102208122
2021-12-01,1.1116092205047607,1.1211920497493963,1.0924435620154893,1.102026391260125,118798349
2021-12-02,1.1403576135635376,1.1595232685416954,1.1116090168599864,1.1211918443490652,254242964
2021-12-03,1.159523367881775,1.1691061961918454,1.1403577112616339,1.1499405395717044,263758132
2021-12-06,1.1786890029907227,1.1786890029907227,1.140357690449991,1.1595233467203567,199013931
2021-12-07,1.169106125831604,1.1882717812982995,1.1595232980982562,1.1882717812982995,183365793
2021-12-08,1.169106125831604,1.1882717812982995,1.1595232980982562,1.1786889535649518,283810826
2021-12-09,1.1786890029907227,1.1882718311259055,1.1595233467203567,1.1691061748555398,142791504
2021-12-10,1.1499404907226562,1.1786889744316427,1.1307747206803456,1.1691061465286472,187437299
2021-12-13,1.1786890029907227,1.1882718311259055,1.140357690449991,1.1595233467203567,217994041
2021-12-14,1.207437515258789,1.2266031719714168,1.1786890301898476,1.1882718585461616,345863376
2021-12-15,1.169106125831604,1.2266030922316906,1.169106125831604,1.2266030922316906,450216614
2021-12-16,1.2170202732086182,1.2170202732086182,1.1691061341989553,1.1882717898028206,433043030
2021-12-17,1.1116092205047607,1.3128488631147814,1.102026391260125,1.2361861149213602,881962057
2021-12-20,1.0445293188095093,1.1211919456485981,1.00619789115364,1.0636949755192815,374602821
2021-12-21,1.0061979293823242,1.1020263308083382,0.9870322719443873,1.1020263308083382,219677494
2021-12-22,1.0253636837005615,1.044529340814087,0.9870322552371832,0.9870322552371832,160482864
2021-12-23,1.0157806873321533,1.0445292857224817,0.9870322031781463,1.034946457671146,104120770
2021-12-24,1.0253636837005615,1.0253636837005615,1.0061979123507088,1.0253636837005615,76248670
2021-12-27,1.0253636837005615,1.0349465122573243,1.0061979123507088,1.0253636837005615,83652802
2021-12-28,0.9774494171142578,1.0253636736654688,0.967866588651281,1.0253636736654688,93477354
2021-12-29,0.9870321750640869,1.0061978306208548,0.9582836917289352,0.9678665195073192,95773777
2021-12-30,0.9678665995597839,0.9966150852727295,0.9678665995597839,0.9966150852727295,91474145
2021-12-31,0.9678665995597839,0.9870322567017475,0.9678665995597839,0.9774494281307657,29365120
2022-01-03,1.0157806873321533,1.0157806873321533,0.9678665470754749,0.9774493751268106,74102746
2022-01-04,1.0253636837005615,1.0636949979276127,1.0061979123507088,1.0157807409074715,121781629
2022-01-05,1.0253636837005615,1.0349465122573243,1.0157807409074715,1.0253636837005615,41437183
2022-01-06,1.0157806873321533,1.034946457671146,1.0061978592808176,1.0157806873321533,59108032
2022-01-07,1.0445293188095093,1.0541121471643955,1.015780719508526,1.025363662099737,105701297
2022-01-10,1.0445293188095093,1.0636949755192815,1.0445293188095093,1.0541121471643955,64558197
2022-01-11,1.0253636837005615,1.0541121693708497,1.0157807409074715,1.044529340814087,60285605
2022-01-12,1.0253636837005615,1.044529340814087,1.0253636837005615,1.044529340814087,53278708
2022-01-13,1.0157806873321533,1.0445292857224817,1.0157806873321533,1.0253636296198103,90441007
2022-01-14,1.0157806873321533,1.034946457671146,1.0061978592808176,1.0253636296198103,81746805
2022-01-17,1.0445293188095093,1.0445293188095093,1.025363662099737,1.025363662099737,82178291
2022-01-18,1.0061979293823242,1.0636950159324643,1.0061979293823242,1.034946529775559,132017008
2022-01-19,1.0253636837005615,1.0349465122573243,0.9870322552371832,1.0061979123507088,149257632
2022-01-20,1.0061979293823242,1.054112187213496,0.9966151006633558,1.034946529775559,194611150
2022-01-21,1.0061979293823242,1.0157807581012928,0.9966151006633558,1.0061979293823242,94150124
2022-01-24,0.9678665995597839,1.015780742414693,0.9582837709888021,1.0061979138437112,103857208
2022-01-25,0.9774494171142578,0.9870322455772348,0.958283760188304,0.9774494171142578,43704852
2022-01-26,0.9678665995597839,0.9870322567017475,0.9678665995597839,0.9774494281307657,53835936
2022-01-27,0.9870321750640869,0.9870321750640869,0.9582836917289352,0.9582836917289352,31362491
2022-01-28,0.9774494171142578,0.9966150740402118,0.967866588651281,0.9870322455772348,46265920
2022-01-31,0.9870321750640869,0.9870321750640869,0.9774493472857031,0.9870321750640869,14100904
2022-02-01,0.9870321750640869,0.9966150028424708,0.9774493472857031,0.9870321750640869,53849362
2022-02-02,0.9966150522232056,1.0061978804764038,0.9870322239700073,0.9870322239700073,85619062
2022-02-03,0.9870321750640869,1.0157806583992386,0.9774493472857031,0.9966150028424708,60389009
2022-02-04,0.9774494171142578,0.9966150740402118,0.967866588651281,0.9870322455772348,27620971
2022-02-07,0.9774494171142578,0.9870322455772348,0.958283760188304,0.9774494171142578,41318538
2022-02-08,0.9774494171142578,0.9870322455772348,0.967866588651281,0.9774494171142578,22207258
2022-02-09,0.9870321750640869,0.9966150028424708,0.9774493472857031,0.9870321750640869,27268404
2022-02-10,1.0253636837005615,1.0349465122573243,0.9870322552371832,0.9870322552371832,83195201
2022-02-11,1.0349464416503906,1.044529269553386,1.0061978437050845,1.0349464416503906,62656484
2022-02-14,1.0253636837005615,1.0253636837005615,0.9966150837939459,1.0253636837005615,48287754
2022-02-15,1.0253636837005615,1.0349465122573243,1.0157807409074715,1.0157807409074715,45269005
2022-02-16,1.0061979293823242,1.034946529775559,1.0061979293823242,1.034946529775559,35908672
2022-02-17,0.9870321750640869,1.0157806583992386,0.9870321750640869,1.0157806583992386,75251424
2022-02-18,0.9966150522232056,0.9966150522232056,0.9774493957168091,0.9966150522232056,35739560
2022-02-21,0.9966150522232056,1.0061978804764038,0.9870322239700073,1.0061978804764038,57518462
2022-02-22,1.0061979293823242,1.0157807581012928,0.9678666145064503,0.9774494432254188,93912519
2022-02-23,0.9774494171142578,1.0157807309661655,0.9774494171142578,1.0157807309661655,45869647
2022-02-24,0.8816210031509399,0.9295351986592376,0.8816210031509399,0.9295351986592376,72048527
2022-02-25,0.9103695750236511,0.9199524036368215,0.8720382605709693,0.9007867464104807,123794444
2022-02-28,0.8912038803100586,0.9103695367302228,0.8816210520999764,0.8912038803100586,39807413
2022-03-01,0.9103695750236511,0.9199524036368215,0.8912039177973102,0.9007867464104807,50028119
2022-03-02,0.9007866978645325,0.9103695259612571,0.8912038697678077,0.9007866978645325,46532377
2022-03-03,0.9007866978645325,0.9199523540579818,0.8912038697678077,0.9103695259612571,35913670
2022-03-04,0.9007866978645325,0.9103695259612571,0.8912038697678077,0.9007866978645325,20486610
2022-03-07,0.9007866978645325,0.9103695259612571,0.8912038697678077,0.8912038697678077,32297542
2022-03-08,0.9007866978645325,0.9103695259612571,0.8912038697678077,0.8912038697678077,17853310
2022-03-09,0.9199523329734802,0.9199523329734802,0.900786677219291,0.9103695050963856,39038817
2022-03-10,0.9199523329734802,0.9295352179687345,0.9103695050963856,0.9199523329734802,62989234
2022-03-11,0.9295352697372437,0.9391180981480337,0.9199523842082907,0.9199523842082907,36260351
2022-03-14,0.9487009048461914,0.9487009048461914,0.9295352484632499,0.9391180766547207,31561427
2022-03-15,0.9487009048461914,0.9582837330376622,0.9391180766547207,0.9487009048461914,50601648
2022-03-16,0.9582837224006653,0.9678665504857662,0.9487008943155644,0.9582837224006653,44306183
2022-03-17,0.9582837224006653,0.9678665504857662,0.9582837224006653,0.9582837224006653,21074284
2022-03-18,0.9582837224006653,0.9678665504857662,0.9487008943155644,0.9678665504857662,17576772
2022-03-21,0.9582837224006653,0.9774493785708671,0.9487008943155644,0.9582837224006653,44800747
2022-03-22,0.9678665995597839,0.9774494281307657,0.9582837709888021,0.9582837709888021,35281550
2022-03-23,0.9678665995597839,0.9774494281307657,0.9582837709888021,0.9678665995597839,37982500
2022-03-24,0.9582837224006653,0.9774493785708671,0.9582837224006653,0.9582837224006653,23870043
2022-03-25,0.9582837224006653,0.9678665504857662,0.9487008943155644,0.9582837224006653,21584283
2022-03-28,0.9582837224006653,0.9678665504857662,0.9487008943155644,0.9582837224006653,49513501
2022-03-29,0.9678665995597839,0.9774494281307657,0.9582837709888021,0.9582837709888021,40082633
2022-03-30,0.9774494171142578,0.9966150740402118,0.967866588651281,0.967866588651281,77611050
2022-03-31,0.9678665995597839,0.9870322567017475,0.9678665995597839,0.9774494281307657,30570945
2022-04-01,0.9774494171142578,0.9870322455772348,0.967866588651281,0.967866588651281,42840359
2022-04-04,1.0061979293823242,1.0061979293823242,0.9678666145064503,0.9678666145064503,79293677
2022-04-05,1.0061979293823242,1.0253637010565906,0.9966151006633558,1.0061979293823242,60247791
2022-04-06,1.0157806873321533,1.0253636296198103,0.9966150312294819,1.0061978592808176,49883493
2022-04-07,1.0445293188095093,1.0541121471643955,1.00619789115364,1.015780719508526,106953407
2022-04-08,1.0541120767593384,1.07327773218902,1.0445292490444977,1.0541120767593384,138668254
2022-04-11,1.1211918592453003,1.1307746868616975,1.063694893546918,1.063694893546918,392306934
2022-04-12,1.1116092205047607,1.1211920497493963,1.0732779035262179,1.1116092205047607,156076079
2022-04-13,1.0924433469772339,1.1499404253635688,1.0924433469772339,1.1307746564105818,150433289
2022-04-14,1.1403576135635376,1.1595232685416954,1.0924433618818283,1.1116090168599864,234368067
2022-04-15,1.130774736404419,1.1499405067132404,1.1211919083681687,1.1403576786769902,137177287
2022-04-18,1.159523367881775,1.1882718528119864,1.1211919404051685,1.1403577112616339,380923066
2022-04-19,1.1403576135635376,1.1691060960307744,1.1211918443490652,1.1595232685416954,210862783
2022-04-20,1.130774736404419,1.1595233347494907,1.1116090803319183,1.1403576786769902,173402465
2022-04-21,1.159523367881775,1.1691061961918454,1.130774768715239,1.130774768715239,149366438
2022-04-22,1.0924433469772339,1.1786889074385798,1.082860519618897,1.1499404253635688,205438079
2022-04-25,1.1116092205047607,1.1211920497493963,1.0636950742815823,1.0924435620154893,146282123
2022-04-26,1.0636950731277466,1.1211920485331912,1.0541122438935058,1.1211920485331912,82864715
2022-04-27,1.0541120767593384,1.07327773218902,1.0349464213296569,1.07327773218902,81014116
2022-04-28,1.159523367881775,1.159523367881775,1.1020262837850274,1.1211919404051685,206782826
2022-04-29,1.1116092205047607,1.1691063102089105,1.102026391260125,1.1691063102089105,199340038
2022-05-05,1.1116092205047607,1.1307748789940322,1.102026391260125,1.1307748789940322,69034752
2022-05-06,1.1116092205047607,1.1211920497493963,1.0924435620154893,1.102026391260125,123214323
2022-05-09,1.102026343345642,1.121192001001619,1.0924435145176536,1.102026343345642,84760310
2022-05-10,1.1116092205047607,1.1211920497493963,1.102026391260125,1.1116092205047607,12389805
2022-05-11,1.0636950731277466,1.1020263900647096,1.044529414659265,1.0924435608304688,101660483
2022-05-12,1.0349464416503906,1.0541120974563816,1.01578067160808,1.0541120974563816,61923345
2022-05-13,1.0445293188095093,1.0541121471643955,1.015780719508526,1.0349464904546233,84642197
2022-05-16,1.0828604698181152,1.0828604698181152,1.0445291621476251,1.0541119890652477,131234722
2022-05-17,1.1211918592453003,1.1307746868616975,1.054112065930521,1.082860548779712,254653289
2022-05-18,1.1211918592453003,1.1403576287144106,1.1116090316289033,1.1211918592453003,172890002
2022-05-20,1.1499404907226562,1.1595233186256517,1.1116090648743546,1.12119189277735,200499443
2022-05-23,1.2170202732086182,1.2457687566144158,1.1691061341989553,1.1691061341989553,448015335
2022-05-24,1.207437515258789,1.2553516570403582,1.1978546869024753,1.2457688286840443,180792805
2022-05-25,1.207437515258789,1.2266031719714168,1.1882718585461616,1.217020343615103,113478001
2022-05-26,1.2745174169540405,1.2936830735007243,1.197854676530981,1.207437504804323,257718312
2022-05-27,1.1786890029907227,1.284100226714057,1.1691061748555398,1.2745173985788742,275476572
2022-05-30,1.1978546380996704,1.2074374660655622,1.1882718101337788,1.1978546380996704,140529736
2022-05-31,1.2266031503677368,1.2457688067428072,1.1978546658051312,1.2074374939926664,205723132
2022-06-01,1.2361860275268555,1.2553516846611745,1.226603198959696,1.2361860275268555,163086139
2022-06-02,1.207437515258789,1.2457688286840443,1.1978546869024753,1.2457688286840443,164818966
2022-06-03,1.1882718801498413,1.2170203657414518,1.1786890516193045,1.207437537210915,126813948
2022-06-06,1.2457689046859741,1.2649346768041931,1.1978547599812566,1.1978547599812566,224142096
2022-06-07,1.2170202732086182,1.2649345264545993,1.2074374454066856,1.2457687566144158,163056973
2022-06-08,1.1499404907226562,1.2361859418496157,1.1403576628196608,1.2266031139466202,124159416
2022-06-09,1.159523367881775,1.1691061961918454,1.130774768715239,1.1403577112616339,115418381
2022-06-10,1.1403576135635376,1.1691060960307744,1.1307746718381442,1.1403576135635376,107138326
2022-06-13,1.130774736404419,1.1499405067132404,1.1211919083681687,1.130774736404419,55227087
2022-06-14,1.1116092205047607,1.1403578224750033,1.1116092205047607,1.1403578224750033,83056333
2022-06-15,1.0924433469772339,1.121191829052245,1.082860519618897,1.1116090016939078,68390866
2022-06-16,1.0924433469772339,1.1116090016939078,1.0732776922605598,1.0924433469772339,99863425
2022-06-17,1.102026343345642,1.1116091721736305,1.0924435145176536,1.0924435145176536,92620059
2022-06-20,1.1116092205047607,1.1116092205047607,1.0924435620154893,1.1116092205047607,35415276
2022-06-21,1.1211918592453003,1.1307746868616975,1.1116090316289033,1.1211918592453003,113756706
2022-06-22,1.102026343345642,1.121192001001619,1.0924435145176536,1.121192001001619,77862679
2022-06-23,1.0732778310775757,1.102026316870896,1.0732778310775757,1.0924434882731227,54776187
2022-06-24,1.0732778310775757,1.0828606596753492,1.0636950024798022,1.0828606596753492,45146680
2022-06-27,1.0732778310775757,1.0732778310775757,1.0445293452842555,1.0541121738820287,23747002
2022-06-28,1.0349464416503906,1.0732777532623725,1.0253636137473952,1.063694925359377,47224591
2022-06-29,0.9966150522232056,1.0349464794723222,0.9966150522232056,1.0349464794723222,86066369
2022-06-30,0.9966150522232056,1.015780708729602,0.9870322239700073,0.9870322239700073,43875622
2022-07-01,1.0157806873321533,1.0157806873321533,0.9870322031781463,0.9966150312294819,24335143
2022-07-04,1.0061979293823242,1.054112187213496,1.0061979293823242,1.0157807581012928,74959388
2022-07-05,1.0061979293823242,1.0253637010565906,0.9870322719443873,1.0157807581012928,64110787
2022-07-06,1.0061979293823242,1.0157807581012928,0.9870322719443873,1.0061979293823242,65164159
2022-07-07,1.0253636837005615,1.0253636837005615,1.0061979123507088,1.0157807409074715,53757624
2022-07-08,1.0253636837005615,1.0253636837005615,1.0157807409074715,1.0157807409074715,4449617
2022-07-13,1.0061979293823242,1.0253637010565906,0.9966151006633558,1.0157807581012928,22332051
2022-07-14,1.0349464416503906,1.044529269553386,1.0061978437050845,1.0061978437050845,63609552
2022-07-18,1.0732778310775757,1.0732778310775757,1.0445293452842555,1.0541121738820287,54802538
2022-07-19,1.130774736404419,1.1403576786769902,1.0636949401506672,1.0636949401506672,101290755
2022-07-20,1.1882718801498413,1.1978547086803781,1.130774794730293,1.130774794730293,153513037
2022-07-21,1.2649344205856323,1.2841000745854239,1.1786888633502621,1.1882716903501578,249665979
2022-07-22,1.3032658100128174,1.3320142928087,1.2745173272169348,1.2745173272169348,302861798
2022-07-25,1.4278427362442017,1.4278427362442017,1.3224315144945127,1.3224315144945127,214492475
2022-07-26,1.4757570028305054,1.5524197473003183,1.4086772013762079,1.4757570028305054,414252287
2022-07-27,1.552419662475586,1.5811681472423151,1.4470084374279217,1.4949225787058038,311901125
2022-07-28,1.5428367853164673,1.6099165809792633,1.5236711294128114,1.5620024412201232,226583594
2022-07-29,1.6386651992797852,1.6578308554198002,1.5715852885534112,1.5811681166234186,234427045
2022-08-01,1.6194995641708374,1.6865793615319984,1.6099166217400627,1.6769965333375467,182974741
2022-08-02,1.6003338098526,1.6769965504257094,1.6003338098526,1.6194995806731205,196119458
2022-08-03,1.7536592483520508,1.7536592483520508,1.6003337709345136,1.6099165989935695,182538985
2022-08-04,1.9261502027511597,1.9261502027511597,1.7728248447361294,1.801573327944638,158479894
2022-08-05,2.117807149887085,2.117807149887085,1.935733180332844,2.0123958081566706,307748873
2022-08-08,2.194469928741455,2.32862976513912,2.089058808228958,2.194469928741455,413366175
2022-08-09,2.1657209396362305,2.2807150911203165,2.117806805048118,2.1657209396362305,146097113
2022-08-10,2.347795009613037,2.3765434919585893,2.127389749824509,2.136972577273027,135562964
2022-08-11,2.4532063007354736,2.4915376134856144,2.3669608470476566,2.3669608470476566,84038778
2022-08-12,2.4915378093719482,2.5586178404312165,2.405292348903457,2.481954980431005,81022914
2022-08-15,2.5873661041259766,2.5873661041259766,2.46278911016426,2.5298691354387124,58024893
2022-08-16,2.8077714443206787,2.82693710099405,2.481954823928069,2.6065318207776316,103382593
2022-08-17,3.0856735706329346,3.0856735706329346,2.8748511272200785,2.8748511272200785,85763712
2022-08-18,3.258164644241333,3.353992922053816,2.874851076046128,2.970679353858611,62225047
2022-08-19,3.3539929389953613,3.5360668962313997,3.248581832869182,3.296495972017445,39314427
2022-08-22,3.478569984436035,3.526484124344388,3.334827336238335,3.392324304128359,25460807
2022-08-23,3.6606438159942627,3.68939230072388,3.4210728814414746,3.4785700793733554,31569754
2022-08-24,3.622312307357788,3.7277236408117744,3.296495936215521,3.622312307357788,43694715
2022-08-25,3.7277238368988037,3.785220806276744,3.468987017752779,3.651060982588903,44352179
2022-08-26,3.670226573944092,3.7756379110731286,3.6031467775263866,3.708557886182781,36546356
2022-08-29,3.5264840126037598,3.6702264277741774,3.3539928859266244,3.6606436000961495,34380541
2022-08-31,3.5839812755584717,3.6606439033332028,3.2581648790432114,3.5264843047274232,46500423
2022-09-01,3.708557605743408,3.804386107566267,3.497735404372895,3.5648151957180585,47136805
2022-09-02,4.0727057456970215,4.0727057456970215,3.689392172360011,3.7085578281795977,29337136
2022-09-05,4.475185394287109,4.475185394287109,4.111037442640184,4.111037442640184,22530754
2022-09-06,4.915995121002197,4.915995121002197,4.226030652995621,4.676424214017044,41980879
2022-09-07,4.571013450622559,5.0309896670287095,4.503933423895202,4.915995727163497,26472749
2022-09-08,4.743504047393799,4.8872466912123045,4.312276572883551,4.532681838219855,27593236
2022-09-09,4.781835556030273,4.944743861969552,4.532682025787184,4.695590331726463,17696896
2022-09-12,4.724338531494141,4.896829891947032,4.599761996322397,4.791418555775296,20523270
2022-09-13,4.676424503326416,5.145983290733092,4.503933147180886,4.7243384135205195,33836637
2022-09-14,5.030990123748779,5.040573181413492,4.216448957007092,4.216448957007092,39737022
2022-09-15,4.532681941986084,5.10765207347757,4.532681941986084,5.040572506586485,15606401
2022-09-16,4.082289218902588,4.082289218902588,4.082289218902588,4.082289218902588,2248988
2022-09-19,3.679809331893921,3.679809331893921,3.679809331893921,3.679809331893921,1572756
2022-09-20,3.315661907196045,3.315661907196045,3.315661907196045,3.315661907196045,4868388
2022-09-21,2.989845037460327,3.6318951902431165,2.989845037460327,2.989845037460327,336663354
2022-09-22,2.692777156829834,2.7790228365219654,2.692777156829834,2.7790228365219654,122870211
2022-09-23,2.4244577884674072,2.4244577884674072,2.4244577884674072,2.4244577884674072,26607465
2022-09-26,2.1848866939544678,2.1848866939544678,2.1848866939544678,2.1848866939544678,225053202
2022-09-27,1.9740643501281738,2.108224167498185,1.9740643501281738,1.9740643501281738,649312314
2022-09-28,1.7824077606201172,1.9165674697975896,1.7824077606201172,1.9069846415875076,243525675
2022-09-29,1.8303219079971313,1.9261503046655113,1.6865793701127232,1.7057450265991345,551685610
2022-09-30,1.772825002670288,1.8399048027993563,1.7632421740804212,1.8303219742094894,130066659
2022-10-03,1.8399046659469604,1.9069845753229422,1.7249106171855055,1.7824076986843926,342735127
2022-10-04,1.8207391500473022,1.8974018931889938,1.8015734928209615,1.859070578736312,290521328
2022-10-05,1.7536592483520508,1.8303218728244979,1.7440764202929948,1.8303218728244979,169155371
2022-10-06,1.7440763711929321,1.8015733379285856,1.7344934291673384,1.772824854560759,134784223
2022-10-07,1.696162223815918,1.7536593083745269,1.6865793954288708,1.7440764799874795,113311375
2022-10-10,1.6386651992797852,1.7153278238398453,1.61949954313977,1.6961621676998302,194363515
2022-10-11,1.667413592338562,1.696162074977013,1.629082282153961,1.6482479372462615,197598308
2022-10-12,1.6386651992797852,1.676996511559815,1.6290823712097777,1.6674136834898077,131119406
2022-10-13,1.6194995641708374,1.6578308769486436,1.6194995641708374,1.6482480487541922,85074861
2022-10-14,1.6482480764389038,1.6674137331497219,1.638665248083495,1.638665248083495,114740412
2022-10-17,1.811156153678894,1.811156153678894,1.6482479681077604,1.6578307958333378,313490423
2022-10-18,1.7632420063018799,1.8974017080305867,1.753659178623852,1.878236052674531,329249170
2022-10-19,1.8303219079971313,1.8494875644835427,1.7536592820514862,1.7728249385378976,285998470
2022-10-20,1.8303219079971313,1.878236163449483,1.8015734232675145,1.8303219079971313,290863617
2022-10-21,1.8782360553741455,1.964481504600358,1.8303218026788215,1.839904630370623,367740351
2022-10-24,1.8974018096923828,1.9548987788412076,1.8686533251179707,1.9069846378838538,204481048
2022-10-25,2.0698928833007812,2.0794757112037767,1.9069845804772185,1.9069845804772185,609111130
2022-10-26,1.9932301044464111,2.117807100210636,1.9932301044464111,2.079475787197843,350491088
2022-10-27,2.0219786167144775,2.060310158721408,1.9836473031801973,2.002812959947337,224945315
2022-10-28,1.9644815921783447,2.0315613890114195,1.9644815921783447,2.021978560892409,84530745
2022-10-31,1.9453158378601074,1.9932299760393941,1.9261501825883927,1.9836471484035367,223232500
2022-11-01,1.9165674448013306,1.9932300694821379,1.9069846167162297,1.9644815852268351,192650496
2022-11-02,1.9453158378601074,1.9740643207676796,1.906984527316678,1.9165673549525353,280163531
2022-11-03,1.9069846868515015,1.954898829039197,1.9069846868515015,1.945316000601658,157672486
2022-11-04,1.9740643501281738,1.9836471779065579,1.9069845556794867,1.9261502112362543,158814393
2022-11-07,1.9932301044464111,2.050727302438248,1.983647276193213,1.983647276193213,216458866
2022-11-08,2.0219786167144775,2.089058643872118,1.9357331612623474,2.002812959947337,324728340
2022-11-09,2.060309886932373,2.108224022529554,2.0219783499820076,2.0315611771014437,307453018
2022-11-10,2.136972665786743,2.136972665786743,2.060310043023227,2.069892870868667,205903019
2022-11-11,2.0698928833007812,2.2040524739427183,2.0507272274947903,2.175303990233732,291882449
2022-11-14,2.2136354446411133,2.242383930204584,2.0794758453449176,2.0794758453449176,281879945
2022-11-15,2.2423837184906006,2.280715257428821,2.117806959477439,2.2423837184906006,451005467
2022-11-16,2.261549472808838,2.3957092937889835,2.194469676555086,2.261549472808838,635436248
2022-11-17,2.204052686691284,2.2998812034438294,2.1465557137233535,2.271132488487203,290534801
2022-11-18,2.328629732131958,2.347795390135294,2.194469897635942,2.2040527266376095,439511856
2022-11-21,2.347795009613037,2.3957091468556238,2.2807152174734155,2.3573778370615543,344011921
2022-11-22,2.3861265182495117,2.3957093464965924,2.328629548767029,2.3765436900024315,318353774
2022-11-23,2.55861759185791,2.6161145599176594,2.3573779751761452,2.395709287215978,666778192
2022-11-24,2.5107030868530273,2.6161144177050235,2.491537431874961,2.5682002802598567,567228769
2022-11-25,2.539451837539673,2.616114458651845,2.472371815593889,2.5011202985109535,412901511
2022-11-28,2.616114377975464,2.7023598240669995,2.55861741391444,2.5777830686014482,546924687
2022-11-29,2.616114377975464,2.6831941693799917,2.55861741391444,2.6352800326624717,355538227
2022-11-30,2.5969491004943848,2.644863244171417,2.5873662717589783,2.5969491004943848,211597896
2022-12-01,2.616114377975464,2.664028514692984,2.587365895944952,2.6352800326624717,417443951
2022-12-02,2.5777833461761475,2.6640288015545597,2.539452032674631,2.616114659677664,319794534
2022-12-05,2.55861759185791,2.6161145599176594,2.549034763847952,2.596948903897743,209573722
2022-12-06,2.549034833908081,2.5969489752747905,2.539452005634739,2.558617662181423,225451778
2022-12-07,2.4340405464172363,2.5777831919188614,2.4148748908133713,2.5586175363149963,244941717
2022-12-08,2.472372055053711,2.4819548836208707,2.366960940814956,2.4436235693522326,263041836
2022-12-09,2.549034833908081,2.549034833908081,2.443623494428672,2.4627891509753557,209149594
2022-12-12,2.7215256690979004,2.740691325125357,2.5777832488919756,2.5777832488919756,461450167
2022-12-13,2.6448631286621094,2.721525755197268,2.60653181539453,2.6927772702465833,346264751
2022-12-14,2.6065316200256348,2.7502740340050478,2.5586174820324974,2.6544457580187726,688599074
2022-12-15,2.7886056900024414,2.8077713460047145,2.654445869513888,2.654445869513888,738213572
2022-12-16,2.970679521560669,2.9994282349999843,2.8077714400828917,2.8077714400828917,221236519
2022-12-19,3.3731589317321777,3.3731589317321777,3.191084956301609,3.2102506138761258,343786918
2022-12-20,3.0760908126831055,3.4977357091041084,3.0377595000034954,3.4977357091041084,698041044
2022-12-21,3.0281765460968018,3.2102502737648337,3.009010890552798,3.0952563405008133,316741979
2022-12-22,2.9994285106658936,3.1048396318982676,2.961096965381451,3.056925485883552,240123451
2022-12-23,3.0090110301971436,3.056925171280786,2.941931004207398,3.0090110301971436,236628520
2022-12-26,3.0090110301971436,3.0952564841476997,3.0090110301971436,3.037759514847329,153587688
2022-12-27,2.9515140056610107,3.0377596931463393,2.9131826905442693,3.0185940355879683,180579451
2022-12-28,2.8556854724884033,2.9610965800017723,2.81735416066536,2.9610965800017723,203180012
2022-12-29,2.9323480129241943,2.9610964959756902,2.8556853914535387,2.8556853914535387,151622848
2022-12-30,2.9323480129241943,2.9994280351836524,2.9131823575565305,2.9515136682918586,153848229
2023-01-02,3.0281765460968018,3.0377593738688033,2.961096523220154,2.961096523220154,176952889
2023-01-03,2.9610965251922607,3.085673514783888,2.941930869635493,3.047342203670352,154998508
2023-01-04,2.903599500656128,2.989844948942798,2.8748510178939046,2.970679293767982,175367446
2023-01-05,2.750274181365967,2.951513800192285,2.7311085251418072,2.922765315856046,155801538
2023-01-06,2.7406914234161377,2.788605793675798,2.4915376576510346,2.6161146547699112,274874636
2023-01-09,2.7215256690979004,2.807771349694097,2.644863044988074,2.779022865652912,270250533
2023-01-10,2.616114377975464,2.779022671287657,2.596948723288456,2.731108306097511,195963890
2023-01-11,2.4436235427856445,2.6831944828327208,2.4340407143226677,2.644863168980813,221613664
2023-01-12,2.5298688411712646,2.558617322170952,2.3382120727007325,2.5298688411712646,337425207
2023-01-13,2.5202863216400146,2.577783290653876,2.4723719523224847,2.5107032649983925,212969303
2023-01-16,2.702360153198242,2.7119429817088774,2.549034897028083,2.549034897028083,152539559
2023-01-17,2.702360153198242,2.7598573527347057,2.6544460106450676,2.7119429817088774,185575515
2023-01-18,2.759857177734375,2.817354145152348,2.7023599818437627,2.711942809746758,254774494
2023-01-19,2.7311086654663086,2.779023036961194,2.692777351048525,2.7502743226752004,194909832
2023-01-20,2.836519956588745,2.884434098732612,2.731108615399586,2.7406914438283594,318238028
2023-01-23,2.7981884479522705,2.9515136921320315,2.731108425150989,2.8748510700421512,270256947
2023-01-24,2.7215256690979004,2.8173541777078253,2.6927771850567153,2.7886056936666406,206183225
2023-01-25,2.635280132293701,2.7790227763533206,2.5394518552357113,2.74069123705749,183643480
2023-01-26,2.5777833461761475,2.6448631448038014,2.5777833461761475,2.6352803164284224,152316288
2023-01-27,2.539451837539673,2.5873659757347807,2.4819546432329105,2.568200320456737,167415045
2023-01-30,2.539451837539673,2.6065316310128237,2.52028618226163,2.549034665178694,130333803
2023-01-31,2.5298688411712646,2.5969486301705347,2.50112013169896,2.520286014171369,143402795
2023-02-01,2.3573780059814453,2.5777832815632973,2.3573780059814453,2.558617625292931,104520480
2023-02-02,2.347795009613037,2.4148748017526587,2.2328008517582005,2.3573778370615543,139070114
2023-02-03,2.5107030868530273,2.52028614281469,2.347795019539461,2.357377847028494,139099061
2023-02-06,2.481954574584961,2.5107030567068764,2.395709128219215,2.481954574584961,26636390
2023-02-07,2.2423837184906006,2.4627889821403652,2.2423837184906006,2.4627889821403652,86486585
2023-02-08,2.041144609451294,2.041144609451294,2.041144609451294,2.041144609451294,1000
2023-02-15,2.462789297103882,2.462789297103882,2.2998812067909884,2.357378179842598,64999527
2023-02-16,2.472372055053711,2.644863197735238,2.4148750836507538,2.616114712033759,136759980
2023-02-17,2.462789297103882,2.501120612471621,2.424457981736142,2.443623639420012,49939305
2023-02-20,2.4436235427856445,2.501120513563506,2.4340407143226677,2.4819548566375524,64947961
2023-02-21,2.3861265182495117,2.4436234877319944,2.3861265182495117,2.434040659484914,78122134
2023-02-22,2.3669607639312744,2.424457731037466,2.3477951082292106,2.376543591782306,83307400
2023-02-23,2.347795009613037,2.4148748017526587,2.319046527267485,2.3669606645100716,104515197
2023-02-24,2.2902982234954834,2.3477951926696012,2.280715395299797,2.3477951926696012,64105886
2023-02-27,2.328629732131958,2.3382125611336257,2.232801213642613,2.290298416125286,127741459
2023-02-28,2.31904673576355,2.376543705623973,2.299881079143409,2.338212392383691,105234676
2023-03-01,2.395709276199341,2.4244577600970163,2.319046652472207,2.3382123084039903,167114713
2023-03-02,2.3765437602996826,2.4436235600134406,2.3669609317691456,2.3957094173607563,164700402
2023-03-03,2.31904673576355,2.3861265339340436,2.261549537430478,2.3669608773139026,119850385
2023-03-06,2.4532063007354736,2.472371957110544,2.328629534297516,2.3382123624850513,201936935
2023-03-07,2.4915378093719482,2.5873663272540472,2.462789322549118,2.481954980431005,308022975
2023-03-08,2.5777833461761475,2.596949002926906,2.4723720055743263,2.4915376623250847,283035226
2023-03-09,2.5107030868530273,2.625697245194057,2.5107030868530273,2.5682002802598567,276931000
2023-03-10,2.5011205673217773,2.5682005964770647,2.4723720813149357,2.481954909983883,153381365
2023-03-13,2.347795009613037,2.510703076237832,2.3382121821645194,2.510703076237832,192751930
2023-03-14,2.328629732131958,2.3957095351436335,2.328629732131958,2.3573782191369617,146854194
2023-03-15,2.251966714859009,2.347795226676559,2.2232182298555387,2.3286295700075788,135163929
2023-03-16,2.271132230758667,2.299880942452884,2.232800919796558,2.26154940301814,90131999
2023-03-17,2.2328009605407715,2.3190466402519654,2.2328009605407715,2.299880984421175,81710461
2023-03-20,2.1657209396362305,2.251966381894833,2.156138112718608,2.2328007280595883,103030514
2023-03-21,2.1465556621551514,2.1848869765462453,2.117807176361831,2.175304147948472,110353951
2023-03-22,2.1753041744232178,2.194469831852022,2.127390030851207,2.1465556882800114,92471057
2023-03-23,2.1753041744232178,2.2136354892808265,2.1561385169944134,2.165721345708816,64310976
2023-03-24,2.1465556621551514,2.1944698051440183,2.136972833557378,2.1848869765462453,53761813
2023-03-27,2.1465556621551514,2.1848869765462453,2.1465556621551514,2.1657213193506983,47116492
2023-03-28,2.050727367401123,2.1561384815255136,2.050727367401123,2.146555652968751,58039537
2023-03-29,2.1082241535186768,2.1082241535186768,2.031561303327316,2.0507271872296324,66007905
2023-03-30,2.2423837184906006,2.299880912661615,2.108224131861042,2.117806959477439,204207584
2023-03-31,2.462789297103882,2.462789297103882,2.232801176424783,2.2519668341086527,362859190
2023-04-03,2.462789297103882,2.5969491293636318,2.4148751528942074,2.434040810578077,333489728
2023-04-04,2.4340405464172363,2.5490347085130636,2.4148748908133713,2.462789029823034,140613288
2023-04-05,2.414875030517578,2.4915376573680885,2.386126545448637,2.44362351558652,98194991
2023-04-06,2.40529203414917,2.491537483331662,2.3765435510883393,2.4148748618361133,72806539
2023-04-07,2.3861265182495117,2.453206315979075,2.3861265182495117,2.4244578312378335,97659785
2023-04-10,2.4303250312805176,2.4693663598625863,2.401044034843966,2.4205646991350003,88266637
2023-04-11,2.498647451400757,2.557209446502802,2.4498457888157192,2.4498457888157192,162766526
2023-04-12,2.498647451400757,2.557209446502802,2.4888871188837496,2.5084077839177645,155482746
2023-04-13,2.410804510116577,2.5279285028163194,2.4010441773915985,2.5084078373663625,114754201
2023-04-14,2.410804510116577,2.4693665064664483,2.4010441773915985,2.4205648428415554,85924902
2023-04-17,2.381523370742798,2.4693663600594555,2.381523370742798,2.4205646993279792,90083880
2023-04-18,2.3620028495788574,2.410804513267535,2.3424821841033867,2.3815235150543286,52046196
2023-04-19,2.4303250312805176,2.4693663598625863,2.342482041970863,2.3620027062618973,86145790
2023-04-20,2.3912839889526367,2.4303253222082386,2.3912839889526367,2.4108046555804377,31346921
2023-04-24,2.342482328414917,2.410804661788147,2.3229616617368514,2.4010443284491143,53293512
2023-04-25,2.254638910293579,2.3620028009007115,2.254638910293579,2.342482135827539,50305980
2023-04-26,2.225358009338379,2.2643993411804164,2.20583734341736,2.254639008219907,61873140
2023-04-27,2.2448787689208984,2.303440769127296,2.2155977688177,2.2155977688177,57757601
2023-04-28,2.1570355892181396,2.264399247334139,2.1472752566621396,2.254638914778139,34033534
2023-05-02,2.069192409515381,2.176556302723167,2.069192409515381,2.1570356371771493,63608537
2023-05-03,2.020390748977661,2.098473643995013,1.9325477538759157,2.0789529784168477,64336097
2023-05-04,2.0496716499328613,2.117994208914054,2.0008699883067793,2.010630320631996,38606530
2023-05-05,2.0496716499328613,2.117994208914054,2.039911317607645,2.0594319822580776,38291734
2023-05-08,2.186316728591919,2.2058373949691474,2.020390831680775,2.0691924976238467,162914708
2023-05-09,2.2058372497558594,2.2936802426705647,2.1472752544793896,2.186316584663703,137192038
2023-05-10,2.186316728591919,2.2546390609122198,2.1765563954033045,2.2253580613463764,69988153
2023-05-11,2.381523370742798,2.391283702889093,2.1765561629659222,2.1863164951122176,220542083
2023-05-12,2.293680429458618,2.4791269956408084,2.293680429458618,2.391283995572525,179769052
2023-05-15,2.1277546882629395,2.2155976852596653,2.098473689264031,2.098473689264031,66643479
2023-05-16,2.1667959690093994,2.1765563017781706,2.0984736396280015,2.137514970703086,86188861
2023-05-17,2.215597629547119,2.2253579623013255,2.176556298530292,2.176556298530292,70856512
2023-05-18,2.1570355892181396,2.225357917110139,2.13751492410614,2.215597584554139,55756649
2023-05-22,2.1179943084716797,2.1863166379597274,2.0887133101196595,2.1765563051757204,48459053
2023-05-23,2.09847354888916,2.1472752106228126,2.0887132165424296,2.1179942135826213,42836535
2023-05-24,2.0789530277252197,2.1277546928281064,2.0789530277252197,2.1082340267869517,38948357
2023-05-25,2.1179943084716797,2.1375149740396933,2.0789529773356525,2.0887133101196595,44513375
2023-05-26,2.147275447845459,2.1863167815455156,2.1082341141454024,2.1179944475704167,75421992
2023-05-29,2.2058372497558594,2.2448785799401727,2.1277545893872327,2.166795919571546,128070902
2023-05-30,2.3717634677886963,2.410804803438763,2.254639228133781,2.254639228133781,234175619
2023-05-31,2.3229618072509766,2.39128414490403,2.303440906645387,2.3717634770031575,123628727
2023-06-01,2.3522424697875977,2.4010441325000618,2.3229614721601193,2.342482137245105,86534734
2023-06-02,2.420565128326416,2.5084081332115504,2.41080479445029,2.4596064638309203,280747579
2023-06-05,2.4693667888641357,2.508408124228831,2.4108047858170925,2.4791271227053095,136492648
2023-06-06,2.410804510116577,2.4693665064664483,2.4010441773915985,2.4693665064664483,124545732
2023-06-07,2.449845790863037,2.4986474534888576,2.4205647932875447,2.440085458337873,263647502
2023-06-08,2.5084078311920166,2.547449161995832,2.4400855022853394,2.4400855022853394,202960452
2023-06-09,2.566970109939575,2.5864907757204723,2.5376888785635376,2.5376888785635376,119029541
2023-06-12,2.5181682109832764,2.6450527711731335,2.5084078780998023,2.586490773872288,135910518
2023-06-13,2.4400856494903564,2.5474493156778633,2.430325316200583,2.5181683158085435,175696829
2023-06-14,2.498647451400757,2.5474491139857944,2.4303251237817043,2.4498457888157192,183423843
2023-06-15,2.5474491119384766,2.55720944444764,2.4888871168834963,2.508407781901823,101070312
2023-06-16,2.5084078311920166,2.586490725504335,2.488887165790109,2.557209494696786,102245313
2023-06-19,2.3620028495788574,2.508407840644889,2.3424821841033867,2.508407840644889,118737875
2023-06-20,2.420565128326416,2.469366797707046,2.313201222984314,2.3522427911935337,150059885
2023-06-21,2.420565128326416,2.4791271315831724,2.371763458945786,2.440085796078668,66677610
2023-06-22,2.449845790863037,2.459606123388201,2.3717631306617237,2.4303251258127085,119900208
2023-06-23,2.5181682109832764,2.5572095425171733,2.469366546565905,2.4791268794493795,155512023
2023-06-26,2.606011390686035,2.6352923887864224,2.576730392585648,2.606011390686035,95947683
2023-06-27,2.576730251312256,2.6157715799722685,2.566969919147253,2.6060112478072655,27377537
2023-07-03,2.615771770477295,2.6450527691048213,2.5864907718497685,2.606011437601453,152754815
2023-07-04,2.7719368934631348,2.85978011561642,2.60601124672687,2.6255319110487836,442733291
2023-07-05,2.7914578914642334,2.820739124151934,2.693854558187572,2.7914578914642334,213373374
2023-07-06,2.7914578914642334,2.879301124117931,2.771937224808901,2.820739124151934,149599593
2023-07-07,2.801217794418335,2.8597800180916497,2.7719367989340107,2.791457462590227,98774739
2023-07-10,2.8207387924194336,2.869540453318453,2.8109784602396295,2.8304991245992372,103292661
2023-07-11,2.9085819721221924,2.9378629705752046,2.810978643945484,2.859780308033838,286897286
2023-07-12,2.8988213539123535,2.9769040087663967,2.8793006901988427,2.8988213539123535,371642127
2023-07-13,2.850019693374634,2.9476230118992444,2.8304990296697117,2.9085816844894,314482287
2023-07-14,2.7816975116729736,2.879301076024033,2.7719371785083373,2.869540742859397,167866582
2023-07-17,2.7914578914642334,2.8500201241349323,2.7621768914812352,2.7914578914642334,152535795
2023-07-18,2.645052909851074,2.8109788102741864,2.6352925764558734,2.801218244174282,189239255
2023-07-19,2.732895851135254,2.7426561843187667,2.615771852933101,2.654813185667152,174564696
2023-07-20,2.879301071166992,2.8890614043151635,2.7036148417952055,2.7524165075360636,344886910
2023-07-21,2.928102731704712,2.976904397358851,2.801218168299253,2.8597803997889173,300109808
2023-07-24,2.889061450958252,2.996425117321496,2.859780451041004,2.9378631174869994,215980488
2023-07-25,2.8597803115844727,2.9671439727121522,2.8207389802653164,2.898821642903629,197793595
2023-07-26,2.879301071166992,2.898821737463335,2.8012181732769212,2.8597804048706488,96895551
2023-07-27,2.918342351913452,2.9281026848882252,2.87930102001436,2.889061352989133,126174254
2023-07-28,3.045226573944092,3.103788802446621,2.9573835802473263,2.9573835802473263,445999754
2023-07-31,3.035466194152832,3.1135490867082316,2.996424864227473,3.074507756782873,279333959
2023-08-01,2.9378631114959717,3.035466444354429,2.9085821116384345,3.015945777782737,217797114
2023-08-02,3.084268093109131,3.142830088070174,2.928102540508334,2.937862873001841,312388604
2023-08-03,2.9769043922424316,3.1135492885438665,2.9769043922424316,3.1037889554298137,217632862
2023-08-04,3.0159456729888916,3.0452266718290137,2.9769043412020624,2.996425007095477,173665138
2023-08-07,3.035466194152832,3.064747424301533,2.9866645317461336,3.0257058616714922,133896819
2023-08-08,3.11354923248291,3.1818715630511023,3.006185337456772,3.054987234853031,302683259
2023-08-09,3.3380372524261475,3.3868389190132864,3.0940286867857494,3.123309686738033,407350644
2023-08-10,3.660128355026245,3.669888687998127,3.2599542377696857,3.357557800193202,751438499
2023-08-11,3.699169397354126,3.826053948761155,3.6015660752753926,3.679648732938379,432895462
2023-08-14,3.943178176879883,3.943178176879883,3.689409291220426,3.8065335175965465,372039902
2023-08-15,3.865095376968384,4.060302026144822,3.7870127172978085,3.972459266720106,380989907
2023-08-16,4.021260738372803,4.050541968760238,3.7967730894717087,3.8846160825199627,362030272
2023-08-17,4.21646785736084,4.2262279572225365,3.9822194103583315,4.011500640762158,360562157
2023-08-18,3.9236576557159424,4.333592114066912,3.8748559898895647,4.245748882874733,461917292
2023-08-21,3.943178176879883,4.001740173715598,3.757731620862094,3.8553351816263097,367622206
2023-08-22,3.855335235595703,4.021260895619628,3.8358145697105352,3.972459463611402,293172184
2023-08-23,3.8358144760131836,3.943178135759036,3.826054143309015,3.8748558068298573,242805325
2023-08-24,3.972459554672241,4.187186884331288,3.8455749908053787,3.8455749908053787,586215939
2023-08-25,3.9236576557159424,4.011500886908121,3.826054324063187,3.9919802205775694,224618759
2023-08-28,4.031021595001221,4.1188643616940785,3.972459595402848,3.991980261935639,281543641
2023-08-29,4.177426815032959,4.3238315809152335,4.031021583741284,4.0505422502195465,330495597
2023-08-31,4.138384819030762,4.294550608808281,4.128624718962442,4.226228046692531,135172177
2023-09-01,4.167665958404541,4.23598851901783,4.138384728024741,4.187186623521286,96622365
2023-09-04,4.206707000732422,4.382392974759232,4.187186336951665,4.187186336951665,219969601
2023-09-05,4.343352317810059,4.411674884296359,4.167666316657381,4.206707650246864,224067531
2023-09-06,4.460476398468018,4.538559058898285,4.372633172779283,4.372633172779283,203995655
2023-09-07,4.899691581726074,4.899691581726074,4.470236485209484,4.470236485209484,126479867
2023-09-08,5.387709140777588,5.387709140777588,4.987535239826075,5.075378007468232,278719802
2023-09-11,5.651237964630127,5.905007079301988,5.416989980695522,5.573155303318591,334678337
2023-09-12,5.104659080505371,5.748841528294583,5.094898514734314,5.700040095667474,341546240
2023-09-13,5.368188381195068,5.524353712444281,5.133940384321249,5.133940384321249,244177585
2023-09-14,5.30962610244751,5.602436083124591,5.133940114041262,5.358427533189003,199761395
2023-09-15,5.495072841644287,5.670758835977953,5.348667613661538,5.368188279698612,233787525
2023-09-18,5.621957302093506,5.748841396339079,5.377948748330615,5.504832842576188,227268522
2023-09-19,5.44627046585083,5.709799666927181,5.2803445863936185,5.6707583382795255,184047573
2023-09-20,5.377948760986328,5.641477981054028,5.368188195416341,5.54387418699168,181371330
2023-09-21,5.436511039733887,5.524353807366223,5.309626473209014,5.387709140175272,176481595
2023-09-22,5.44627046585083,5.54387378746997,5.34866714423169,5.43651036639359,191692185
2023-09-25,5.768362045288086,5.875725938946892,5.475552060867771,5.485312160977091,243816218
2023-09-26,6.344222545623779,6.344222545623779,5.7878828625370815,5.826924194815861,239936072
2023-09-27,6.32470178604126,6.627272339436225,6.158775893603192,6.519908444551113,253313883
2023-09-28,6.363742828369141,6.558949478002496,6.266139503552463,6.32470149844247,225845771
2023-09-29,6.1782965660095215,6.510148351237762,6.1782965660095215,6.4027844562387335,193322098
2023-10-02,6.432065963745117,6.510148630582363,6.217338164533285,6.217338164533285,194424548
2023-10-03,6.5394287109375,6.588230605288565,6.363742729010506,6.441825387644726,182241822
2023-10-04,6.188056945800781,6.607751482142052,6.188056945800781,6.549189486285784,201313498
2023-10-05,6.8029584884643555,6.8029584884643555,6.100214036266579,6.285660598818211,254678899
2023-10-06,6.763916969299316,7.12504998399649,6.656553540317141,6.881041429276191,327978183
2023-10-09,6.783437728881836,6.939603522541127,6.568710402538222,6.627272400631934,197622744
2023-10-10,7.41786003112793,7.456901362969967,6.881041485595221,7.076248144805408,308676906
2023-10-11,6.822478771209717,7.359297762385399,6.68583411479403,7.095768549450461,190820084
2023-10-12,6.939603328704834,7.007925425201105,6.3832636642401,6.900561997732857,112826782
2023-10-13,6.637032508850098,6.910321814449119,6.568709949745664,6.910321814449119,57553550
2023-10-16,6.168536186218262,6.744396036039866,6.1197342910460435,6.695594606277012,70999035
2023-10-17,6.22709846496582,6.285660462595699,5.983089908803298,6.08069323818643,60380776
2023-10-18,5.807403087615967,6.080692858221012,5.739080994021723,6.080692858221012,68852521
2023-10-19,5.9050068855285645,5.983089544277808,5.739081002981742,5.758601667669053,71866854
2023-10-20,5.485312461853027,5.826924361785906,5.436511027810848,5.758602261044974,57972530
2023-10-23,6.031891345977783,6.031891345977783,5.563394899126444,5.563394899126444,112219308
2023-10-24,6.627272605895996,6.627272605895996,6.129495373977272,6.129495373977272,78364674
2023-10-25,6.363742828369141,7.00792523756858,6.363742828369141,7.00792523756858,125027828
2023-10-26,6.607751846313477,6.754157076727627,6.236858720040133,6.441825949538065,103527697
2023-10-27,6.617512226104736,6.763916986992375,6.432065668183092,6.685834323743132,53583149
2023-10-30,6.54918909072876,6.734635632444385,6.422304541332383,6.6370323119123045,42265579
2023-10-31,6.490627288818359,6.588230612213729,6.3149408412973385,6.578470047169513,35051382
2023-11-01,6.441825866699219,6.5491897630102,6.178296641506368,6.490627764679499,41067550
2023-11-02,6.705355167388916,6.754157065918665,6.4320658387686285,6.4418259392289405,50280302
2023-11-03,6.656553268432617,6.773677258216222,6.500387483311781,6.7053546981377705,34227095
2023-11-06,6.656553268432617,6.802958022957441,6.6077513733181,6.773677258216222,36401918
2023-11-07,6.5687103271484375,6.695594887599909,6.53942909573295,6.695594887599909,34620433
2023-11-08,6.46134614944458,6.607751369289508,6.441825484492547,6.588230704337475,26227836
2023-11-09,6.851759910583496,6.900561805644677,6.3930240517277275,6.422304816436944,83569788
2023-11-10,7.125050067901611,7.251934164139232,6.812718946634216,6.900562176298974,93187695
2023-11-13,7.330017566680908,7.574026133368139,6.998165767055266,7.21289310095989,142498837
2023-11-14,7.046966552734375,7.447140881758579,6.841999803753366,7.330016892223898,119703703
2023-11-15,6.890801429748535,7.115289315459451,6.744396205952828,7.066487419057757,104894737
2023-11-16,6.978644847869873,7.0469669462085855,6.842000185783059,6.929842950134174,89258244
2023-11-17,7.242173671722412,7.300735666524962,6.978644462406257,6.988404562168667,88646563
2023-11-20,7.056727409362793,7.388579192160155,6.988404846607635,7.300735963676293,103921030
2023-11-21,7.3495378494262695,7.515463275160987,6.959124070041809,7.1055292954871545,172437400
2023-11-22,7.115289211273193,7.642347636892736,7.056727215694285,7.3690583241911645,174162396
2023-11-23,7.125050067901611,7.271454830130358,7.086008735919361,7.173851500174731,101453853
2023-11-24,7.115289211273193,7.193371872045071,7.0079253200071765,7.173851206852102,70556624
2023-11-27,7.251934051513672,7.300735948438266,7.1543307230738655,7.1543307230738655,70592055
2023-11-28,7.046966552734375,7.2812149972131,7.046966552734375,7.271454432047195,71548569
2023-11-29,6.910322189331055,7.164091309420653,6.90056208916343,7.086008646442125,54407907
2023-11-30,6.832239627838135,7.0079256221494495,6.7931982957689545,6.910322291976497,63661033
2023-12-01,6.939603328704834,7.037206656134775,6.881041332246869,6.959123994190822,61902134
2023-12-04,6.822478771209717,6.98840465813345,6.812718671313282,6.968883992931209,44528233
2023-12-05,6.793198108673096,6.959123998101938,6.773677443176136,6.832239439667014,67919123
2023-12-06,6.832239627838135,6.9981655218368495,6.558949837944478,6.832239627838135,87420259
2023-12-07,6.754156589508057,6.861520479454858,6.666313364514368,6.832239249320507,48917585
2023-12-08,6.715115547180176,6.842000107513988,6.676074215601985,6.832239541914747,34176318
2023-12-11,6.519908428192139,6.7834376492239175,6.4906276621938215,6.695594885819581,46865196
2023-12-12,6.5589494705200195,6.715115255457914,6.510148040872036,6.519908140637887,37286098
2023-12-13,6.5394287109375,6.588230605288565,6.353982629385908,6.549189275971456,56926980
2023-12-14,6.617512226104736,6.715115555166291,6.451586333995403,6.588230994681578,69966093
2023-12-15,6.754156589508057,6.754156589508057,6.5882307047019175,6.617511934836268,51333557
2023-12-18,6.627272605895996,6.763917272346903,6.568710605988464,6.73463650509784,36753129
2023-12-19,6.432065963745117,6.656553863606902,6.344222730848513,6.627272630838232,40529777
2023-12-20,6.3344621658325195,6.461346732168646,6.295420832407466,6.4418260654561195,44738694
2023-12-21,6.275899887084961,6.480867111171956,6.246619121020753,6.334461884622762,43454114
2023-12-22,6.1490159034729,6.314941333472272,6.119734671467485,6.266139900675772,40974296
2023-12-25,5.534114360809326,6.139255493825913,5.534114360809326,6.139255493825913,38110679
2023-12-26,4.987534999847412,5.094898429067451,4.987534999847412,4.987534999847412,25422676
2023-12-27,4.489757537841797,4.489757537841797,4.489757537841797,4.489757537841797,5636948
2023-12-28,4.040781497955322,4.040781497955322,4.040781497955322,4.040781497955322,8359290
2023-12-29,4.19694709777832,4.41167440940639,3.640607455900647,3.640607455900647,729736070
2024-01-02,4.1579060554504395,4.284790152013249,4.109104157642858,4.235988719615058,284983303
2024-01-03,3.865095376968384,4.177426481060048,3.865095376968384,4.167665915896545,107162849
2024-01-04,3.99198055267334,4.060302657809336,3.865095978264439,3.884616646218929,121931462
2024-01-05,4.109103679656982,4.118863778837534,3.991979697034342,3.991979697034342,113237468
2024-01-08,4.431195259094238,4.450715924602651,4.15790594197645,4.15790594197645,140402605
2024-01-09,4.245748996734619,4.626402233093188,4.245748996734619,4.470236898260834,165344201
2024-01-10,4.2847900390625,4.323831370115646,4.177426611371037,4.235988607950756,97938541
2024-01-11,4.489757537841797,4.548319538048195,4.314071537222604,4.314071537222604,138519330
2024-01-12,4.548319339752197,4.645923134583637,4.3726333467925,4.4116746785613214,117640678
2024-01-15,4.733766078948975,4.7825679782264565,4.567840179896821,4.567840179896821,79840375
2024-01-16,5.075377941131592,5.153461072495417,4.772807377853497,4.792328044342103,154650355
2024-01-17,4.9387335777282715,5.280345494874071,4.9387335777282715,5.03633691614001,139746830
2024-01-18,4.860650062561035,5.1339398280448645,4.850889497710844,5.075377369762413,91101336
2024-01-19,4.948493003845215,4.968013667028834,4.831368559334181,4.8996911131815075,56417520
2024-01-22,4.889931678771973,4.997295108166497,4.860650447312948,4.938733110657833,48418406
2024-01-23,4.7728071212768555,4.977774341093289,4.714245124959214,4.928972910199942,58753590
2024-01-24,4.860650062561035,4.938732719725173,4.753286176255672,4.782567405396898,70528889
2024-01-25,4.889931678771973,4.968014342116858,4.821609115640506,4.889931678771973,63655552
2024-01-26,4.9387335777282715,4.94849414427416,4.86065090699888,4.899692242363575,64582576
2024-01-29,4.841130256652832,4.987535497499438,4.83136969007199,4.958254263166345,66720158
2024-01-30,4.831369400024414,4.889931865174848,4.8216092994389435,4.860650632599631,46685786
2024-01-31,4.743526935577393,4.831369708085326,4.684964932102293,4.831369708085326,72166773
2024-02-01,4.743526935577393,4.8118490402602925,4.7337663689601595,4.7337663689601595,51319400
2024-02-02,4.675203800201416,4.7825676929623375,4.636162469271877,4.753286462060495,58527945
2024-02-05,4.753285884857178,4.831368537234486,4.665443133637366,4.733765221762851,68039040
2024-02-06,4.782567977905273,4.792328078514473,4.694724745375467,4.7630473112774725,47175161
2024-02-07,4.714245319366455,4.831369316831727,4.7044852189490465,4.802088550170106,53153630
2024-02-08,4.850889205932617,4.870409869049494,4.704484465260696,4.733765227231352,93195338
2024-02-09,4.909452438354492,4.938733204963249,4.772807309482311,4.880171206336341,82002377
2024-02-12,5.085138320922852,5.104658986696841,4.870410531999581,4.948493660504924,128046548
2024-02-13,4.899691581726074,5.124179462509533,4.899691581726074,5.104658797459205,86557811
2024-02-14,4.987534999847412,5.007055665651908,4.811848542197558,4.909452336629426,75621042
2024-02-15,4.997294902801514,5.075377562937574,4.977774237767499,5.0070554680232044,89716473
2024-02-16,4.9387335777282715,5.03633691614001,4.919212910045924,5.016816248457662,58437646
2024-02-19,4.821609020233154,5.085138236512263,4.79232778935353,4.97777434383281,123948962
2024-02-20,4.860650062561035,4.8996913911431035,4.802088069687932,4.821608733978966,71261497
2024-02-21,4.802088260650635,4.889931486158189,4.763046930516025,4.889931486158189,75491865
2024-02-22,4.899691581726074,4.9387329118267305,4.802088256474432,4.821608921524761,100387720
2024-02-23,4.850889205932617,4.919211759546348,4.763046454611328,4.90945166069257,60615391
2024-02-26,4.733766078948975,4.870410745352758,4.724005978339121,4.860650644742904,43644691
2024-02-27,4.616641998291016,4.743526561861935,4.597121332003905,4.733765996013681,41870450
2024-02-28,4.567839622497559,4.655682844314029,4.558079523078699,4.6166415158198975,29195111
2024-02-29,4.626401901245117,4.6654436975621785,4.538559139407512,4.577600470315198,43993029
2024-03-01,4.597120761871338,4.694724081202179,4.5873601972335845,4.645922654241428,29998214
2024-03-04,4.450716018676758,4.626402011965927,4.450716018676758,4.6166419117101105,31202589
2024-03-05,4.401914119720459,4.528798202045309,4.372632891239747,4.450715546642527,44927152
2024-03-06,4.294550895690918,4.401914796070779,4.2750302288408895,4.382393663811341,33703059
2024-03-07,4.440956115722656,4.479997449299213,4.314071548894145,4.314071548894145,41890695
2024-03-08,4.548319339752197,4.606881337405429,4.4116746785613214,4.450716010330143,52813784
2024-03-11,4.489757537841797,4.714245438004357,4.489757537841797,4.704485337341327,39098452
2024-03-12,4.431195259094238,4.5580798176036135,4.392153928077411,4.499517821078373,40701311
2024-03-13,4.314071178436279,4.450715834220278,4.304310613175596,4.440955734368963,33821671
2024-03-14,4.255509376525879,4.3433521408179105,4.245748810821548,4.333592040522968,22621175
2024-03-15,4.235988616943359,4.284790048158704,4.216467951375346,4.2750299480793865,16791263
2024-03-18,4.14814567565918,4.294550910234915,4.138385109496405,4.235988909486503,39508751
2024-03-19,4.255509376525879,4.284790142820093,4.128624814825914,4.138384915120856,33053438
2024-03-20,4.2652692794799805,4.333591840021055,4.216467849444386,4.255509179636609,23108913
2024-03-21,4.353112697601318,4.470236693356928,4.226228136161381,4.284790134039185,70377494
2024-03-22,4.235988616943359,4.431195272623495,4.216467951375346,4.372633275919455,42134485
2024-03-25,4.255509376525879,4.382393472816455,4.206707478823003,4.216468044527335,62264746
2024-03-26,4.040781497955322,4.294550615880855,4.011500732292763,4.265269384808917,45911616
2024-03-27,3.982219696044922,4.079823028710846,3.923657696445367,3.97245959548303,39351737
2024-03-28,4.050541877746582,4.079822642066725,3.991979883696938,4.0017399833338665,28251742
2024-03-29,4.040781497955322,4.099343494689819,3.9822195012208255,4.060302163533488,30979592
2024-04-01,4.001739501953125,4.128624039835394,3.913896754150194,4.040780826623161,37580274
2024-04-02,4.2652692794799805,4.401914400562128,4.001740067977792,4.011500633230532,129716589
2024-04-03,4.099343299865723,4.2457485174486465,4.040781305914424,4.2457485174486465,39515893
2024-04-04,4.2652692794799805,4.333591840021055,4.118864058554461,4.118864058554461,63273421
2024-04-05,4.450716018676758,4.519038582105017,4.284790125643405,4.284790125643405,80711166
2024-04-08,4.645923614501953,4.753287055252033,4.450716470083796,4.450716470083796,91167014
2024-04-15,4.587360858917236,4.675204091690222,4.479997424871815,4.6166420916447,43947478
2024-04-16,4.431195259094238,4.587360583161545,4.392153928077411,4.538559152095201,26812476
2024-04-17,4.460476398468018,4.548319158747384,4.44095573336045,4.460476398468018,36789709
2024-04-18,4.489757537841797,4.567840204783661,4.470236871106331,4.489757537841797,33895346
2024-04-19,4.587360858917236,4.626402192280918,4.43119552546251,4.450716192144351,37248802
2024-04-22,4.626401901245117,4.714245128492097,4.577600470315198,4.636162466676726,65790129
2024-04-24,4.733766078948975,4.831369412094534,4.626402179784157,4.684964645080897,174855527
2024-04-25,4.645923614501953,4.753287055252033,4.616642379945928,4.733766387351161,66706440
2024-04-26,4.763046741485596,4.8411293986559585,4.6459227557300515,4.665443420022642,95841761
2024-04-29,4.782567977905273,4.8313694117700745,4.7435266446496716,4.792328078514473,72485808
2024-04-30,4.743526935577393,4.831369708085326,4.7044855999273265,4.782568271227459,61113000
2024-05-02,4.782567977905273,4.782567977905273,4.675204078747666,4.753286745258871,57422298
2024-05-03,4.802088260650635,4.831369025546908,4.74352626544872,4.792327695412299,76414416
2024-05-06,4.733766078948975,4.82160931148468,4.724005978339121,4.811848745465422,49610379
2024-05-07,4.6947245597839355,4.763047122985018,4.626401996582853,4.753286557352269,67000008
2024-05-08,4.704484939575195,4.743526269745167,4.675203709243033,4.694724374328019,42386984
2024-05-09,4.753285884857178,4.831368537234486,4.684963796731693,4.724005122920347,78882465
2024-05-10,4.870410442352295,4.977774334837735,4.724005684446865,4.753286449864201,131893945
2024-05-13,4.682433128356934,4.978165935011738,4.652859659669717,4.948592466324523,66602870
2024-05-14,4.800725936889648,4.8697303819776225,4.712006473267198,4.712006473267198,62389960
2024-05-15,4.820441246032715,4.958450131071144,4.790868249277557,4.80072575817784,56704552
2024-05-16,4.889446258544922,4.899303768594356,4.810584297931998,4.840157298134663,44725646
2024-05-17,4.98802375793457,5.057028209170719,4.909161796552896,4.909161796552896,105323056
2024-05-20,5.195035934448242,5.224609400968059,4.988023078972439,4.988023078972439,102429094
2024-05-21,5.362618446350098,5.638635306131458,5.17532105647128,5.204894526475035,278928156
2024-05-22,5.126031875610352,5.392191213958306,5.106316386475479,5.382333704418039,122008555
2024-05-23,5.066885471343994,5.18517887768162,5.057027961680893,5.116174429822534,68844724
2024-05-24,5.0373125076293945,5.096458976185857,4.997881528591752,5.0668855068804515,43583515
2024-05-27,5.057027816772461,5.116174283219268,5.027454348521892,5.037312327956859,39201446
2024-05-28,5.106316089630127,5.145747065607632,5.0570276046854,5.066885113652621,56893291
2024-05-29,5.057027816772461,5.126031792599903,5.027454348521892,5.096458794403666,41486879
2024-05-30,5.0373125076293945,5.106316485918094,5.017597018110574,5.086600996399272,36434199
2024-05-31,5.0373125076293945,5.165462954474556,4.928877080248705,5.047170017361631,70671023
2024-06-03,5.0866007804870605,5.1161742485371535,4.9683078483953445,5.047169803123156,52287070
2024-06-04,4.027068614959717,4.1060311594186185,4.003380697719817,4.090238274483385,58485707
2024-06-05,3.8533527851104736,4.050758219662752,3.8533527851104736,4.034964863592045,61061092
2024-06-06,3.8454554080963135,3.9165219807761984,3.8375594356125404,3.8770407081943694,37721181
2024-06-07,3.7112205028533936,3.861248686748691,3.7033245300453994,3.861248686748691,40722570
2024-06-10,3.5532963275909424,3.6875313900332793,3.5375032069215915,3.6875313900332793,54085238
2024-06-11,3.584880828857422,3.6243621043976577,3.553296466501332,3.553296466501332,44688861
2024-06-12,3.545400381088257,3.624361989558081,3.521711287476666,3.5690885345911654,41427701
2024-06-13,3.657226800918579,3.824808695470514,3.6177958222068702,3.6177958222068702,75019418
2024-06-14,3.6670844554901123,3.7163731776686424,3.6473689666187004,3.6966576887972304,46813216
2024-06-20,3.775519847869873,3.7952353378044013,3.6473691632954384,3.7163733780662875,83774189
2024-06-21,3.9036705493927,3.9332437826423825,3.7459464037005628,3.775519636950245,113855509
2024-06-24,4.110683441162109,4.1402564395572465,3.9233860611270166,3.9233860611270166,113843836
2024-06-25,4.130399227142334,4.209261188606395,4.090968246410303,4.120541246932142,77971693
2024-06-26,4.090968132019043,4.189545581092706,4.0712526422043105,4.130399111648509,36925474
2024-06-27,4.130399227142334,4.169830207874364,4.012106284946242,4.130399227142334,51908117
2024-06-28,4.534566402435303,4.534566402435303,4.465562430498051,4.534566402435303,50797016
2024-07-01,4.248691558837891,4.643001779553568,4.179687117444999,4.633143800759884,127509613
2024-07-02,4.130399227142334,4.248692169338425,4.051537265678273,4.248692169338425,102308270
2024-07-03,4.120541095733643,4.20926103415242,4.04167913716333,4.159972075018799,93003947
2024-07-04,4.090968132019043,4.140256621528697,4.041679172455034,4.130399111648509,63493689
2024-07-05,4.071252346038818,4.130398811180374,4.0515368576582995,4.090967834419336,67272103
2024-07-08,4.021963596343994,4.11068353363387,4.021963596343994,4.0909680442421585,54651170
2024-07-09,3.9923903942108154,4.051536859377468,3.9726749058219313,4.031821370988585,68336519
2024-07-10,3.9923903942108154,4.041678880155866,3.9726749058219313,4.002247903378097,48832665
2024-07-11,4.100825309753418,4.110683288889517,4.021963356881901,4.021963356881901,78986880
2024-07-12,4.090968132019043,4.140256621528697,4.061394662269767,4.100825641899232,81036821
2024-07-16,4.090968132019043,4.150114601463241,4.0811101520844995,4.1106836218337754,67230055
2024-07-17,4.061394214630127,4.090967681119869,4.0416787269884,4.090967681119869,38970118
2024-07-18,4.081110000610352,4.140256467859274,4.0712524910960335,4.0712524910960335,64833638
2024-07-19,4.081110000610352,4.15011444742793,4.061394511527378,4.0712524910960335,50744584
2024-07-22,4.021963596343994,4.1402565326942655,4.012106086675311,4.100825553910842,63985513
2024-07-23,4.0416789054870605,4.081109882511963,3.9726749307206437,4.021963416974609,66560409
2024-07-24,4.150114059448242,4.2191184998148366,4.00224767012228,4.051536623249032,137768380
2024-07-25,4.169829845428467,4.288122777342415,4.120540888770491,4.130398868123818,122123568
2024-07-26,4.288122653961182,4.327553630131292,4.16982972545085,4.189545213535905,125806253
2024-07-29,4.297980785369873,4.347269272302351,4.2388343190183,4.2782652965860155,91260450
2024-07-30,4.278265476226807,4.376842924285278,4.120541089278903,4.307838475617173,113760780
2024-07-31,4.219119071960449,4.327554031457064,4.219119071960449,4.2782655417007,72324605
2024-08-01,4.347269058227539,4.3768425249741885,4.268407106975549,4.268407106975549,107652013
2024-08-02,4.219119071960449,4.337412011440951,4.140256642252424,4.2881230516302296,73719766
2024-08-05,3.854381799697876,4.0909678990276435,3.8248085666600504,3.8642395440438175,72152750
2024-08-06,3.7558040618896484,3.9923903925097797,3.7459463176994063,3.9431014365314088,74522503
2024-08-07,3.785377264022827,3.834666219604874,3.7656617758008717,3.795235008133805,57556610
2024-08-08,3.814950704574585,3.8445241735487876,3.7656619813295333,3.7755197259785436,60010374
2024-08-09,3.736088514328003,3.8543816777642568,3.736088514328003,3.8346661896960743,56602835
2024-08-12,3.6670844554901123,3.805092877589996,3.6473689666187004,3.765661899847172,48309507
2024-08-13,3.726231098175049,3.73608884307655,3.6276536491600386,3.6769423736675435,56209584
2024-08-14,3.7459464073181152,3.8050928738745986,3.726230918465954,3.7459464073181152,47938401
2024-08-15,3.8740971088409424,3.8839548527300174,3.7163729715885885,3.7656616910339635,73687324
2024-08-16,4.120541095733643,4.219119014000884,3.8445242407375484,3.8839552200227048,191221424
2024-08-19,4.278265476226807,4.297980965838501,4.120541089278903,4.130399069111925,135536303
2024-08-20,4.228976249694824,4.317696182363238,4.209260761330101,4.2585497172690685,109600222
2024-08-21,4.238834381103516,4.24869189061266,4.130398956176907,4.21911889203089,68078684
2024-08-22,4.199403285980225,4.307838237831946,4.179687327402467,4.248691772261646,145391351
2024-08-23,4.071252346038818,4.219118743919868,4.071252346038818,4.2092607647024485,58987736
2024-08-26,4.199403285980225,4.2191187745036585,4.090967864074179,4.150114329644479,90533881
2024-08-27,4.288122653961182,4.347269118216347,4.159971746381165,4.1994031926055895,158444245
2024-08-28,4.347269058227539,4.357127037161192,4.238834110283207,4.278265085909202,123530573
2024-08-29,4.268407344818115,4.376842768858952,4.268407344818115,4.34726930046442,112574005
2024-09-02,4.278265476226807,4.3669849444522555,4.238834497003418,4.297980965838501,168080792
2024-09-03,4.1796875,4.307838415721389,4.1698299903583855,4.288122926383817,103474754
2024-09-04,4.199403285980225,4.209260795214779,4.1402563503556005,4.169829818167913,61449638
2024-09-05,4.189545631408691,4.248692101563232,4.169830141357178,4.219119101513142,73696668
2024-09-06,4.169829845428467,4.2191188020864425,4.159971866075141,4.199403313434118,55162948
2024-09-09,4.021963596343994,4.1698300018090055,4.021963596343994,4.150114512417294,37989252
2024-09-10,3.9036705493927,4.041678971224551,3.883955060559579,4.041678971224551,58301830
2024-09-11,4.051536560058594,4.159971503159356,3.8938124295726806,3.8938124295726806,103291529
2024-09-12,4.248691558837891,4.248691558837891,4.041678704713518,4.09096765857334,103197431
2024-09-13,4.514851093292236,4.514851093292236,4.219118766034376,4.238834254518234,146081535
2024-09-16,4.504993915557861,4.633144365105166,4.475420445628878,4.5247094054923975,117351680
2024-09-17,4.46556282043457,4.6035712464143845,4.46556282043457,4.524709288711634,67594825
2024-09-18,4.455704689025879,4.54442462344869,4.406415732112244,4.465562668430338,66653358
2024-09-19,4.49513578414917,4.554282251960487,4.475420294878731,4.4852782745411215,72208254
2024-09-20,4.573997497558594,4.633143962218979,4.495135544678081,4.504993523815304,120876029
2024-09-23,4.554282188415527,4.672575122387644,4.504993700954313,4.6035711459310775,100642090
2024-09-24,4.583855628967285,4.6627175844675195,4.5444246512171675,4.573997649502589,111552377
2024-09-25,4.455704689025879,4.603571089712454,4.426131220866831,4.583855600957866,86890023
2024-09-26,4.455704689025879,4.554282132798819,4.426131220866831,4.4754201777804665,69166902
2024-09-27,4.445847034454346,4.485278010675528,4.376842591040118,4.475420031593075,60930502
2024-09-30,4.288122653961182,4.445847028695937,4.288122653961182,4.435989049626253,102224329
2024-10-01,4.002248287200928,4.317696601729462,3.952959796529022,4.297981111449826,88149136
2024-10-02,3.785377264022827,3.9825323812695403,3.785377264022827,3.962816893047585,66549832
2024-10-03,3.814950704574585,3.91352838609186,3.7656619813295333,3.7952352152765645,53532686
2024-10-04,3.893812894821167,3.9135283841091995,3.8149507026418656,3.8445241716010856,63564727
2024-10-07,3.8248085975646973,3.933243786246219,3.8248085975646973,3.923386041820626,49114370
2024-10-08,3.8642396926879883,3.8938129268633954,3.8050929893100003,3.8445242032377167,55803968
2024-10-09,4.0416789054870605,4.051536884770448,3.8248085318500986,3.864239508875001,70978715
2024-10-10,3.933243751525879,4.081109916604498,3.9233860071873043,4.051536918615938,52647530
2024-10-11,3.982532501220703,3.992390480655755,3.874097312733954,3.943101523589158,54952119
2024-10-14,3.854381799697876,4.002247964887003,3.854381799697876,3.9923904555682252,33021333
2024-10-15,3.9628171920776367,3.9923906616693117,3.854381998674475,3.864239743529308,56982720
2024-10-16,3.9923903942108154,4.0121058825997,3.9135282056281175,3.9529594174330467,35625828
2024-10-17,4.100825309753418,4.100825309753418,3.9825323804461426,3.9923903595822408,62665526
2024-10-18,4.0416789054870605,4.130398838820252,4.012105907745545,4.110683350307801,31207168
2024-10-21,4.012105941772461,4.159971871842742,4.012105941772461,4.041678939764786,55620250
2024-10-22,4.110683441162109,4.150114419058515,4.02196350586803,4.031821485369298,44627143
2024-10-23,4.021963596343994,4.130399023025582,4.021963596343994,4.120541043302554,38590564
2024-10-24,4.090968132019043,4.130399111648509,4.041679172455034,4.051537152389578,39037671
2024-10-25,4.090968132019043,4.1106836218337754,4.041679172455034,4.0712526422043105,31969975
2024-10-28,4.081110000610352,4.100825489693325,4.061394511527378,4.100825489693325,17202615
2024-10-30,4.081110000610352,4.1205409787763,4.061394511527378,4.081110000610352,31670131
2024-10-31,4.0416789054870605,4.110683350307801,4.021963416974609,4.09096786179535,26537145
2024-11-01,4.0318217277526855,4.0811102180591305,4.021963747658779,4.06139472792568,22872296
2024-11-04,3.933243751525879,4.0416789392501995,3.9233860071873043,4.02196345057305,22705991
2024-11-05,3.9135284423828125,3.972675146154794,3.9036706975920117,3.9529596565731917,18549540
2024-11-06,4.002248287200928,4.061394758039834,3.9233863260823862,3.933244071222204,61303465
2024-11-07,4.0416789054870605,4.061394393999511,3.9825324399497073,4.012105907745545,27199404
2024-11-08,4.1796875,4.1796875,4.041679074636996,4.051537054332954,67005004
2024-11-11,4.1796875,4.228976458371101,4.140256521324856,4.1796875,63861758
2024-11-12,4.150114059448242,4.199403012574994,4.140256080801175,4.1599715680410165,46169689
2024-11-13,4.199403285980225,4.228976283738213,4.061394396261867,4.1402563503556005,76567701
2024-11-14,4.1796875,4.248691947708673,4.150114501020814,4.219118948729488,69675533
2024-11-15,4.140256404876709,4.209260850644575,4.140256404876709,4.1895453618615175,53004659
2024-11-18,4.100825309753418,4.1599717744070555,4.071252312453757,4.150114265325275,44522821
2024-11-19,4.012105941772461,4.120540894483423,3.9923904530928014,4.120540894483423,87779289
2024-11-20,3.97267484664917,4.0712522871252865,3.9529593585539464,4.021963331860071,70672202
2024-11-21,4.120541095733643,4.130399075582107,3.9825326682355957,3.99239064808406,96257126
2024-11-22,4.209260940551758,4.228976429755926,4.100825514901664,4.14025649331,114790180
2024-11-25,4.1796875,4.248691947708673,4.150114501020814,4.228976458371101,49773053
2024-11-26,4.534566402435303,4.593712865547649,4.159971666002804,4.159971666002804,282830232
2024-11-27,4.721863746643066,4.721863746643066,4.445846920188867,4.504993383000481,266399858
2024-11-28,4.60357141494751,4.721864355832248,4.5148514742567745,4.712006845785701,142380479
2024-11-29,4.583855628967285,4.6725750938778825,4.534566671752472,4.6035711178423435,77422284
2024-12-02,4.514851093292236,4.583855538012899,4.514851093292236,4.554282070259951,47771745
2024-12-03,4.534566402435303,4.6232863321309745,4.514850914731187,4.534566402435303,96674298
2024-12-04,4.514851093292236,4.573997558743808,4.485278095593612,4.544424561045184,62184777
2024-12-05,4.5247087478637695,4.593712717578316,4.504993260794715,4.5247087478637695,69248212
2024-12-06,4.810583591461182,4.820441100062966,4.573997274312548,4.623286227484349,154610415
2024-12-09,4.790868759155273,4.8795882289172,4.771153269202139,4.850015229014677,51127443
2024-12-10,4.692291259765625,4.909161646956562,4.672575299966641,4.771153218744147,87419618
2024-12-11,4.859872341156006,4.899303317834626,4.662717457762904,4.712006413638339,99601448
2024-12-12,4.919018745422363,4.9683077006890635,4.8204413049432775,4.879587769230729,86931467
2024-12-13,4.8401570320129395,4.919018988289872,4.78101056480524,4.909161478782424,52796420
2024-12-16,4.869730472564697,4.938734918936297,4.850014983609145,4.859872493059754,52234464
2024-12-17,4.859872341156006,4.909161297031441,4.800725876138075,4.869730320352821,63910057
2024-12-18,4.830299377441406,4.968307796781354,4.830299377441406,4.869730354395677,66957816
2024-12-19,4.731721878051758,4.830299319249853,4.72186389890479,4.810583831010234,30522694
2024-12-20,4.751437664031982,4.790868642982094,4.731722174556926,4.761295173742337,32646809
2024-12-23,4.672574996948242,4.800725907004879,4.662717487742367,4.781010418538806,35036516
2024-12-24,4.751437664031982,4.840157131642561,4.672575236077411,4.702148705317168,47849834
2024-12-25,4.830299377441406,4.899303352084218,4.781010421221406,4.830299377441406,60766140
2024-12-26,4.800725936889648,4.909161359155228,4.79086842762241,4.859872402656058,55654627
2024-12-27,4.810583591461182,4.859872074578688,4.76129463828938,4.810583591461182,43060838
2024-12-30,4.721863746643066,4.8401566722662945,4.702148259039195,4.820441184662423,37730118
2024-12-31,4.672574996948242,4.7415794416066595,4.652859508482169,4.7415794416066595,32416858
2025-01-02,4.741579532623291,4.751437512072717,4.633144108951263,4.70214855493425,63779341
2025-01-03,4.859872341156006,4.879587829495316,4.751437390316959,4.751437390316959,54298854
2025-01-06,4.90916109085083,4.958450044656171,4.820441162022936,4.879587624556765,55262920
2025-01-07,4.978166103363037,5.037312572683342,4.869730674581968,4.919019163988378,75736717
2025-01-08,5.027454376220703,5.086600842993378,4.948592420523803,4.948592420523803,75231408
2025-01-09,5.0866007804870605,5.096458759855201,5.0274543144412025,5.047169803123156,53882307
2025-01-10,5.372475624084473,5.43162256043437,5.066885313196877,5.086600801962066,132208048
2025-01-13,5.392190933227539,5.4809108647426585,5.303471471766734,5.392190933227539,102985961
2025-01-14,5.461195945739746,5.471053925848411,5.362618494924913,5.38233398508788,54613881
2025-01-15,4.919018745422363,5.520341837426257,4.919018745422363,5.480910861234624,142721113
2025-01-16,4.682433128356934,5.096458869651925,4.652859659669717,4.948592466324523,136089274
2025-01-17,4.504993915557861,4.564140385361469,4.297981036218055,4.46556293568879,202793301
2025-01-20,4.38670015335083,4.573997527703592,4.376842644202958,4.544424530205657,107010574
2025-01-21,4.268407344818115,4.416273746682105,4.268407344818115,4.396558257770528,79589147
2025-01-22,4.337411403656006,4.376842377957527,4.278264942203723,4.288122450751958,76484981
2025-01-23,4.248691558837891,4.406415459102441,4.248691558837891,4.35712697529692,79574615
2025-01-24,4.209260940551758,4.268407408164262,4.199403430976845,4.258549898589348,54727561
2025-01-27,4.159971714019775,4.228976156807824,4.159971714019775,4.1796872019514595,33967011
2025-01-28,4.169829845428467,4.209260822733116,4.140256377422816,4.1796873547274656,50532896
2025-01-29,4.090968132019043,4.228976560722172,4.090968132019043,4.179687601158163,64525832
2025-01-30,4.081110000610352,4.130398958344956,4.05153700201306,4.100825489693325,50735510
2025-01-31,3.982532501220703,4.100825434115339,3.95295950302421,4.090967924734618,42465145
2025-02-03,3.8642396926879883,3.952959630241383,3.8346664585125807,3.952959630241383,46587621
2025-02-04,3.9233858585357666,4.002247810256396,3.8543816507802164,3.893812626640531,46588250
2025-02-05,3.893812894821167,3.9825325966173133,3.824808682313053,3.9431016180412484,52997491
2025-02-06,3.8642396926879883,3.9332439057639386,3.8445242032377167,3.913528416313667,60666669
2025-02-07,3.8642396926879883,3.8839551821382594,3.8445242032377167,3.8642396926879883,35138171
2025-02-10,3.8346662521362305,3.9135282056930767,3.8346662521362305,3.874097228914654,45175053
2025-02-11,3.8248085975646973,3.8543818308414757,3.814950618111938,3.8445240864158827,36239976
2025-02-12,3.7163732051849365,3.844524118825119,3.7163732051849365,3.8346663743164253,53676576
2025-02-13,3.814950704574585,3.854381918197798,3.7262310027334915,3.7459464920315124,82341119
2025-02-14,3.775519847869873,3.8543820426351654,3.7459466129680803,3.834666552700637,71630696
2025-02-17,3.785377264022827,3.8248084754938967,3.7755195199118496,3.785377264022827,37243362
2025-02-18,3.7656619548797607,3.8050929331988415,3.7163732319809095,3.775519699459531,44158794
2025-02-19,3.6867997646331787,3.7853772041846723,3.6670842767228797,3.7656617162743733,43292434
2025-02-20,3.7558040618896484,3.7853772944603747,3.6769421083677116,3.6867998525579537,62744060
2025-02-21,3.6670844554901123,3.765661899847172,3.6473689666187004,3.765661899847172,40738458
2025-02-24,3.657226800918579,3.7065155243082155,3.657226800918579,3.696657779630288,24580116
2025-02-25,3.647368907928467,3.6867998850368022,3.6177956750972156,3.6670843964826347,31720173
2025-02-26,3.6769423484802246,3.7163733278161235,3.6375113691443253,3.6473691139783004,50617750
2025-02-27,3.7952351570129395,3.8149506460082923,3.647368989547793,3.6769422230408226,89430808
2025-02-28,3.814950704574585,3.854381918197798,3.7656619813295333,3.7755197259785436,81479657
2025-03-03,3.9233858585357666,4.012105789248629,3.834666162850059,3.844523906815138,131931768
2025-03-04,3.8740971088409424,3.9628168038426175,3.864239364951867,3.9233858282863174,69657753
2025-03-05,3.893812894821167,3.933243873397232,3.8445241716010856,3.923386128753216,63642247
2025-03-06,3.9529595375061035,3.9628170469728117,3.883955091021804,3.913528324503432,94673013
2025-03-07,3.9923903942108154,4.021963391766982,3.943101438211444,3.9628169266003286,81873937
2025-03-10,3.97267484664917,4.041678819955295,3.943101379479178,4.012105822839617,40561547
2025-03-11,3.933243751525879,3.99239045258449,3.91352826284873,3.9825324732187517,36615465
2025-03-12,3.97267484664917,4.002247843764848,3.943101379479178,3.9529593585539464,92369343
2025-03-13,4.120541095733643,4.150114565224685,3.99239064808406,3.99239064808406,116724969
2025-03-14,4.238834381103516,4.24869189061266,4.090967978031656,4.130398956176907,94833849
2025-03-17,4.297980785369873,4.317696274153731,4.228976339599207,4.258549807802158,80234655
2025-03-18,4.445847034454346,4.495135519703667,4.268407171404709,4.278265150487162,104745114
2025-03-19,4.140256404876709,4.337411762761614,4.09096791794623,4.238834318846327,106186309
2025-03-20,4.248691558837891,4.2979805126977135,4.100825167312724,4.15997162991193,117400434
2025-03-21,3.893812894821167,4.238834427416079,3.854381916245102,4.238834427416079,55404088
2025-03-24,4.090968132019043,4.090968132019043,3.8740975090298067,3.9036707437519054,72340313
2025-03-25,4.317696571350098,4.327554081393375,4.110683689843287,4.140256690027481,97186790
2025-03-26,4.504993915557861,4.544424895426934,4.238834566414448,4.288123056223609,76922351
2025-03-27,4.544424533843994,4.672574973194846,4.504993557112298,4.53456655463391,61833096
2025-03-28,4.643002033233643,4.672575031121878,4.465562635741253,4.554282099460284,58375219
2025-04-02,4.869730472564697,4.869730472564697,4.593713157132634,4.633144135043739,76441265
2025-04-03,4.938735008239746,5.047169964428863,4.790868603372181,4.8894460499324435,129058207
2025-04-04,4.98802375793457,5.096459189861556,4.928877286898315,4.958450757443626,62201250
2025-04-07,5.421764850616455,5.441480340361977,4.781010728805458,4.889446157433006,162334224
2025-04-08,5.185178756713867,5.471053581089646,5.116174310464622,5.441480112681588,149627140
2025-04-09,5.106316089630127,5.293613460550436,5.066885113652621,5.145747065607632,67220159
2025-04-10,5.165462970733643,5.264040888692384,5.1358899713895,5.195036440132135,48614464
2025-04-11,5.165462970733643,5.264040888692384,5.1358899713895,5.1358899713895,40614211
2025-04-14,5.185178756713867,5.224609734555055,5.126031819897752,5.175320777226403,25581742
2025-04-15,5.224609851837158,5.303471809289828,5.185178873110823,5.185178873110823,32500653
2025-04-16,5.116174221038818,5.244325131809891,5.05702775531086,5.224609643233904,30645455
2025-04-17,5.096458435058594,5.185178363500436,5.0767429476331065,5.116173922484081,37330865
2025-04-18,4.9978814125061035,5.135889835932332,4.919018986208207,5.116174346871442,24729963
2025-04-21,5.057027816772461,5.0866008149686985,4.869730437997074,5.00773885970629,38831197
2025-04-22,4.928876876831055,5.076743277146853,4.919018897451315,5.066885297767112,26867302
2025-04-24,5.126031875610352,5.126031875610352,4.899303515532143,4.928876984261622,37967650
2025-04-25,5.195035934448242,5.244324888629835,5.135889471462914,5.175320446786466,33042512
2025-04-28,5.0767436027526855,5.224610012552153,5.057028112783047,5.204894522582515,19936080
2025-04-29,5.135890007019043,5.145747516850693,5.066885557980084,5.076743537866087,21569863
2025-04-30,5.106316089630127,5.165462553596385,5.047169625663868,5.155605044629165,37552965
2025-05-02,5.175321102142334,5.21475208245907,5.126032141719233,5.126032141719233,26445707
2025-05-05,5.0373125076293945,5.214751913298782,4.997881528591752,5.195036423779961,31349309
2025-05-06,4.978166103363037,5.096459042003647,4.978166103363037,5.027454592769447,22805546
2025-05-07,4.968307971954346,5.007738950298877,4.81058405857622,4.988023461126612,47767248
2025-05-08,5.057027816772461,5.076743305588064,4.968307882075085,4.988023370890687,15130833
2025-05-09,5.234467506408691,5.234467506408691,4.978166137591767,5.066885607155062,41060855
2025-05-12,5.599204063415527,5.618919552474745,5.283756238468045,5.283756238468045,62927226
2025-05-13,5.618919372558594,5.618919372558594,5.461195465135126,5.559772907274793,29366206
2025-05-14,5.362618446350098,5.658350796115841,5.362618446350098,5.618919816147075,36934347
2025-05-15,4.928876876831055,5.4316225438939005,4.928876876831055,5.362618098398707,63274261
2025-05-16,5.0373125076293945,5.047170017361631,4.93873506003529,4.958450549554111,20729140
2025-05-20,5.057027816772461,5.126031792599903,5.027454348521892,5.076743305588064,24262559
2025-05-21,4.98802375793457,5.066885719316244,4.968308267589151,5.066885719316244,27059021
2025-05-22,4.968307971954346,5.047169928643409,4.968307971954346,5.007738950298877,23955117
2025-05-23,4.830299377441406,4.98802328525849,4.8105838889642705,4.958450287569948,21933378
2025-05-26,4.652859687805176,4.869730539344589,4.652859687805176,4.850015050118674,19748918
2025-05-27,4.721863746643066,4.879587647474038,4.62328630862371,4.652859305002366,34046603
2025-05-28,4.682433128356934,4.751437575257545,4.643002150143538,4.751437575257545,10016514
2025-05-29,4.662717819213867,4.721864288816795,4.643002329346224,4.702148798949152,13711150
2025-05-30,4.445847034454346,4.672574912698989,4.445847034454346,4.672574912698989,20555374
2025-06-02,4.3571271896362305,4.445847122926573,4.3571271896362305,4.445847122926573,13115518
2025-06-03,4.564140319824219,4.564140319824219,4.396558422759821,4.396558422759821,28327536
2025-06-04,4.672574996948242,4.672574996948242,4.544424556945928,4.6134285315500225,23412246
2025-06-05,4.623286247253418,4.672574730581681,4.613428268555188,4.672574730581681,8232984
2025-06-10,4.741579532623291,4.771153000917237,4.6430020884006895,4.66271757724521,37615306
2025-06-11,4.712006568908691,4.77115303587562,4.692291079919715,4.761295056353965,24054614
2025-06-12,4.593713283538818,4.672575241531088,4.593713283538818,4.672575241531088,10698689
2025-06-13,4.514851093292236,4.524709072561326,4.3374116969375205,4.40641567160386,13469127
2025-06-16,4.682433128356934,4.7612950847837245,4.485278237289956,4.524709215503352,28099536
2025-06-17,4.682433128356934,4.771153064364243,4.643002150143538,4.643002150143538,17921072
2025-06-18,4.60357141494751,4.76129533612716,4.5937134348466,4.682433375537335,27400911
2025-06-19,4.830299377441406,4.859872375129948,4.643002001881459,4.643002001881459,40971987
2025-06-20,5.0471696853637695,5.066885173585725,4.86973029136617,4.919018776893901,54607898
2025-06-23,5.323187351226807,5.323187351226807,4.9584505593787584,5.017597028052414,56183490
2025-06-24,5.492335319519043,5.6216839105611625,5.243588248029146,5.422685968700812,52353149
2025-06-25,5.731132507324219,5.760981888923222,5.46248522624899,5.571934065822524,49347807
2025-06-26,5.7112321853637695,5.989829097198583,5.66148305876826,5.751032150866478,76769731
2025-06-27,5.9699296951293945,6.009729188474466,5.741082371171539,5.760982117844075,67867328
2025-06-30,6.556972980499268,6.566922616682947,6.019679342053679,6.049528725052107,106335950
2025-07-01,7.17386531829834,7.203714700098836,6.606721845167848,6.686320829232331,142569854
2025-07-02,7.352962970733643,7.69125912461591,7.20371463964162,7.213664749789859,143516949
2025-07-03,7.163915157318115,7.701208770394605,6.626621544241624,7.462411819892772,237056076
2025-07-04,6.895268440246582,7.24351470925133,6.855468947979874,7.183814996403897,82254860
2025-07-07,6.815669536590576,7.46241200527013,6.736070551112609,6.815669536590576,176650010
2025-07-08,6.726120948791504,6.895268556554469,6.477373880705085,6.88531892054365,100521739
2025-07-09,6.954967498779297,7.034566955701506,6.686320695703001,6.7360702969734625,82999703
2025-07-10,7.144015789031982,7.203715029812778,6.974868177376758,6.974868177376758,116790356
2025-07-11,6.945018291473389,7.193765364270505,6.905218797781641,7.173865617424632,63727790
2025-07-14,6.974867820739746,7.05446680437744,6.8355691249264146,6.974867820739746,56155559
2025-07-16,6.795769691467285,7.0544668649587585,6.616671976744445,6.954967660109809,55372250
2025-07-17,7.134066104888916,7.134066104888916,6.8057200455756,6.8057200455756,85158693
2025-07-18,6.954967498779297,7.193764920651204,6.945017863193621,7.163915064999456,48733084
2025-07-21,6.9649176597595215,7.014667261393892,6.92511816823097,6.984817405523796,70344696
2025-07-22,6.905218601226807,7.054466935546248,6.895268490863402,6.974867950428513,61881698
2025-07-23,6.73607063293457,6.915168352435469,6.706220775794062,6.885318969742344,41092805
2025-07-24,6.80571985244751,6.895268473252563,6.706220646857091,6.746020613761683,68590147
2025-07-25,6.149027347564697,6.835569311888734,6.149027347564697,6.80571992943186,117742449
2025-07-28,5.731132507324219,6.158977281006409,5.72118239715964,6.158977281006409,94778316
2025-07-29,5.621683597564697,5.82068105389815,5.552034250624308,5.760981816998115,102591989
2025-07-30,5.671432971954346,5.90028029394955,5.552034492943122,5.651533225452475,109899156
2025-07-31,5.820681095123291,5.860480586671863,5.661483128929004,5.741082112026148,66080104
2025-08-01,5.760982036590576,5.830631386185803,5.701282797414972,5.830631386185803,46522752
2025-08-04,5.860480785369873,6.009729120960923,5.81073165647111,5.81073165647111,62893338
2025-08-05,5.780881881713867,5.890330725962101,5.770932245571693,5.88038061537254,40127619
2025-08-06,5.7112321853637695,5.810731387449504,5.681382804295935,5.721182295351286,48504861
2025-08-07,5.890330791473389,5.969929779285614,5.691332847495433,5.731132815848937,99286456
2025-08-08,5.780881881713867,5.9798798234786,5.780881881713867,5.96992971288904,73483633
2025-08-11,5.840580940246582,5.9301300349777915,5.810731558301093,5.820681194133798,67860441
2025-08-12,5.9699296951293945,6.029628935147002,5.780881864516611,5.850531215094179,158088221
2025-08-13,5.870430946350098,6.029628919312308,5.870430946350098,6.009729172692031,80090068
2025-08-14,5.870430946350098,5.969929679451479,5.800781595955439,5.860480835816268,92813214
2025-08-15,6.099277973175049,6.129127354430567,5.870430660944175,5.8903304065969735,150265901
2025-08-18,6.318175315856934,6.497273505162204,6.079378362713068,6.1689269829183315,155718213
2025-08-19,6.775869846343994,6.9450179227779225,6.367924820436777,6.367924820436777,390731139
2025-08-20,7.4524617195129395,7.4524617195129395,6.716170646718532,6.755970138521075,269879414
2025-08-21,7.800708293914795,8.158903734347497,7.542011112488236,7.910156663489984,357713563
2025-08-22,7.482311725616455,7.920106618670022,7.333063391140656,7.800708140868333,192580560
2025-08-25,7.283314228057861,7.890256724560485,7.2037147687870196,7.631560023884217,209671753
2025-08-26,7.5320611000061035,8.009655471166088,7.283314041577931,7.32311353297065,305276762
2025-08-27,7.33306360244751,7.66140966308734,7.303214219360647,7.611660533126772,71944230
2025-08-28,8.059405326843262,8.059405326843262,7.323113763958877,7.323113763958877,175097433
2025-08-29,7.999705791473389,8.556899649842853,7.860407564104716,8.268353084498338,362505468
2025-09-01,7.900207042694092,8.288252341139321,7.810657945188505,8.009655886928988,123391435
2025-09-02,8.079304695129395,8.367851257494918,7.810657879325378,7.989755598378928,243235680
2025-09-03,8.029555320739746,8.258403124401568,7.780808718843088,8.15890391430603,209711285
2025-09-04,7.890256881713867,8.139004425912667,7.870357135111649,8.059405439503795,151872129
2025-09-05,7.42261266708374,8.019606019493764,7.233564835413551,7.959906304694852,118097220
2025-09-08,7.482311725616455,7.631560060092253,7.183815056664858,7.213664913338968,87836133
2025-09-09,7.382812976837158,7.631560042232225,7.343013484329738,7.581810439374262,53417234
2025-09-10,7.412662506103516,7.561910843191969,7.313163772860342,7.40271287000289,63548109
2025-09-11,6.865418910980225,7.42261226520753,6.8156693094904774,7.382812773794677,101334012
2025-09-12,7.352962970733643,7.442512064278328,6.746020485112047,6.88531870605583,133957759
2025-09-15,7.691259384155273,7.741008987680522,7.18381513620831,7.333063472336675,143425639
2025-09-16,7.760908603668213,7.89025671665303,7.621609905919374,7.701208890663068,97692271
2025-09-17,7.780808448791504,7.989755549176896,7.721109209474624,7.800708195230464,124302183
2025-09-18,7.522111415863037,7.880307333127197,7.492262032852,7.820608092657736,54578817
2025-09-19,7.49226188659668,7.512161633031374,7.283314311808702,7.502211522590336,96761566
2025-09-22,7.402712821960449,7.721109240719647,7.333063471918549,7.6614095267138,66989626
2025-09-23,7.273364067077637,7.571860732534204,7.2335645749430775,7.352963051346756,63321908
2025-09-24,7.134066104888916,7.33306357282202,7.104216247475256,7.31316382602871,46066615
2025-09-25,7.114166259765625,7.163915388837589,6.984817670173233,7.163915388837589,35939114
2025-09-26,6.925118446350098,7.0843164188578385,6.825619713532759,7.0843164188578385,33667275
2025-09-29,6.775869846343994,6.974867778685765,6.746020464883515,6.855468829501757,33164521
2025-09-30,6.716170787811279,6.885318868749218,6.666421184789282,6.805719883471924,43016550
2025-10-01,6.875368595123291,6.9748677988048655,6.596772153267505,6.716170628348556,78650643
2025-10-02,6.686320781707764,6.895268350615572,6.666421035833085,6.875368604740893,35861363
2025-10-03,6.875368595123291,7.034567036345392,6.586822043120402,6.7062205182014525,79415634
2025-10-06,6.666420936584473,7.014667195877762,6.636571555440531,6.95496748469516,37847150
2025-10-07,6.726120948791504,6.825619681136596,6.636571852457232,6.706220727875105,54371459
2025-10-08,6.935068130493164,7.183815201484915,6.666421312799969,6.726121027351689,165355105
2025-10-09,6.716170787811279,7.034567203367833,6.656471548853308,7.004717346665159,68724589
2025-10-10,6.716170787811279,6.7957697730885736,6.467423721596047,6.716170787811279,49521253
2025-10-13,6.596772193908691,6.646521321608606,6.48732335385309,6.556972701969813,38538264
2025-10-14,6.566922664642334,6.606722158562493,6.357975084337803,6.596772522306149,35732682
2025-10-15,6.696270942687988,6.696270942687988,6.527122864245842,6.556972720508079,50710634
2025-10-16,6.666420936584473,6.795769520067846,6.626621445427644,6.656471301018945,55295773
2025-10-17,6.765920162200928,6.90521838172906,6.49727335874442,6.6266214682254345,69252506
2025-10-20,6.925118446350098,6.9848176860405005,6.686321013141103,6.815669603027334,76828439
2025-10-21,7.094266414642334,7.114166160884005,6.915168224019928,6.954967716503269,52943293
2025-10-22,7.482311725616455,7.56191071081758,7.104216071463732,7.144015564064294,59032330
2025-10-23,7.522111415863037,7.701209137271423,7.492262032852,7.542011162686191,69347426
2025-10-24,7.651459693908691,7.850457153986051,7.4425121236037795,7.561910599650195,116132053
2025-10-27,7.661409378051758,7.681309124185112,7.492261773141937,7.62160988578505,38035149
2025-10-28,7.7111592292785645,7.7111592292785645,7.611660495403157,7.661409625117168,14561874
2025-10-30,7.800708293914795,7.820608040605501,7.6713597032015155,7.691259449892221,32667926
2025-10-31,7.969856262207031,8.148953505373704,7.681309227713324,7.820607926971632,134290491
2025-11-03,8.099205017089844,8.158903783071086,7.9698564256041164,7.989755697966271,73532907
2025-11-04,8.148953437805176,8.198703040620261,8.019605798938604,8.109153945332057,46065372
2025-11-05,8.158903121948242,8.218602831986743,8.09920436080444,8.198702612342343,40695728
2025-11-06,8.119104385375977,8.228553705792649,8.119104385375977,8.198703373554581,43632111
2025-11-07,8.258402824401855,8.387751413269344,8.049455249907414,8.148953507493726,75758084
2025-11-10,8.367851257324219,8.4275509714549,8.25840288846186,8.27830216057558,35017181
2025-11-11,8.4076509475708,8.477300773838722,7.969856512962153,8.35790134277794,84925649
2025-11-12,8.477300643920898,8.536999409641597,8.397700708135348,8.457400422750817,38869199
2025-11-13,8.447449684143066,8.517099504165486,8.37780081301535,8.487249174629577,39170011
2025-11-14,8.059405326843262,8.397700539904633,8.019605834195174,8.397700539904633,46013794
2025-11-17,8.168853759765625,8.338001842097142,7.979806405398215,8.139004377264405,36878014
2025-11-18,8.049455642700195,8.218603732635152,8.029555420874999,8.178804237879563,31223910
2025-11-19,8.039505004882812,8.139004209698065,8.039505004882812,8.069354386769492,35800355
2025-11-20,8.4076509475708,8.437500330888604,8.059405611810346,8.059405611810346,74540001
2025-11-21,8.119104385375977,8.377801571403836,8.119104385375977,8.347952188060557,40029008
2025-11-24,8.059405326843262,8.158903584016105,7.959906120775664,8.059405326843262,22955760
2025-11-25,8.069354057312012,8.19870263873287,8.049454786498258,8.11910365768845,21500997
2025-11-26,7.870357036590576,8.129054213628423,7.77085830482501,8.079304610521952,29563139
2025-11-27,7.900207042694092,8.347952055774638,7.830557691917814,7.930056425564363,80181288
2025-11-28,8.049455642700195,8.099205248368383,7.8305579470970486,7.910156936608228,28383077
2025-12-01,8.099205017089844,8.14895367244262,8.039505302213824,8.069354685204445,32524418
2025-12-02,8.139004707336426,8.347952291108223,8.069354880149293,8.119104485598731,47887263
2025-12-03,8.248452186584473,8.338001276912888,8.109153496196418,8.168853206046927,61485817
2025-12-04,8.228553771972656,8.318101922722708,8.148953834259064,8.288252539139357,56840889
2025-12-05,8.148953437805176,8.278302025566497,8.009655688596638,8.22855337164616,36268939
2025-12-08,7.512161731719971,8.278302216744303,7.4524620171842235,8.158903736567579,108904017
2025-12-09,7.760908603668213,7.920106573155602,7.591760523864174,7.711159000979716,70981586
2025-12-10,7.681309223175049,7.800708175961252,7.661409476785245,7.800708175961252,25884801
2025-12-11,7.661409378051758,7.860407313832667,7.641509631918404,7.800708075432606,31230691
2025-12-12,7.979806423187256,8.148953557001084,7.661409529850327,7.731058879920742,56978575
2025-12-15,7.810657978057861,8.437500239892728,7.800708341875029,8.13900451214432,66427858
2025-12-16,7.760908603668213,7.89025671665303,7.721109111296365,7.880307080783755,20086524
2025-12-17,7.870357036590576,7.94000638605016,7.7111590657656714,7.77085830482501,38644118
2025-12-18,8.069354057312012,8.109153547834222,7.890256349962067,7.890256349962067,33582648
2025-12-19,8.178803443908691,8.288251806637982,8.029554641392702,8.069354132284689,44452123
2025-12-22,7.810657978057861,8.218603499396533,7.800708341875029,8.19870327813609,29803668
2025-12-23,7.741008758544922,7.940006217860784,7.741008758544922,7.860407234134439,27802905
2025-12-24,7.750958442687988,7.850457172967241,7.741008806883748,7.760908552939599,22750427
2025-12-25,7.741008758544922,7.830557378013376,7.731058648355445,7.8106576320817895,10481977
2025-12-26,7.770858287811279,7.790758034120823,7.721109159261107,7.741008905570651,17291724
2025-12-29,7.731058597564697,7.8106575807681,7.701208741639739,7.770858089166399,17569764
2025-12-30,7.770858287811279,7.870357019358999,7.671359556263559,7.731058795192191,20973109
2025-12-31,7.741008758544922,7.840507488202853,7.731058648355445,7.80070799633968,9569819
2026-01-02,7.741008758544922,7.790757886150204,7.7211090126133355,7.741008758544922,18934259
2026-01-05,7.750958442687988,7.840507537163001,7.711158950576287,7.780808298995449,34718889
2026-01-06,7.830557346343994,7.910156329748414,7.731058617088469,7.770858108790679,47606056
2026-01-07,7.512161731719971,7.880307282821892,7.502211621148217,7.860407536125773,46614130
2026-01-08,7.4524617195129395,7.601710050996158,7.442512083785987,7.522111067391072,26583694
2026-01-09,7.343013286590576,7.482311506615402,7.333063176507979,7.46241176089757,18922499
2026-01-12,7.7111592292785645,7.7111592292785645,7.343013676715865,7.352963312879711,44606685
2026-01-13,7.721108913421631,7.8305572774156085,7.681308947622394,7.741008659097568,32707088
2026-01-14,7.920106410980225,7.9599059025371215,7.721108953195743,7.750958334639733,52069049
2026-01-15,8.308152198791504,8.34795169050869,7.910156332724911,7.979806154901036,77250042
2026-01-16,8.089254379272461,8.377800926429524,8.05940499822717,8.308152054358937,44199590
2026-01-19,8.198702812194824,8.248452413623827,8.099204558231541,8.109153719401563,24051699
2026-01-20,8.139004707336426,8.248453080209348,8.049455607306399,8.228553807366453,27252917
2026-01-21,8.168853759765625,8.238502635233393,8.079304663367203,8.188753031801518,41203660
2026-01-22,8.238502502441406,8.248452612746354,8.039505040816202,8.228553341031205,28953595
2026-01-23,7.910156726837158,8.278302280787138,7.8803073437857485,8.258403008384459,68835730
2026-01-26,7.969856262207031,8.059405358237745,7.900206912577877,7.910156548554968,30788912
2026-01-27,8.059405326843262,8.148953473630394,7.9698562311613745,8.009655723809463,43958074
2026-01-28,8.089254379272461,8.139003980277758,7.959905796216576,8.079304269292459,46004424
2026-01-29,8.288251876831055,8.477300171840081,8.129053911914855,8.129053911914855,99278920
2026-01-30,9.094193458557129,9.11409273125209,8.258403129683392,8.338002118252817,142635417
2026-02-02,8.73599624633789,9.044443009948235,8.73599624633789,8.855394718056335,51790768
2026-02-03,8.84544563293457,9.034492977552862,8.656397339421567,8.855394793992062,64574351
2026-02-04,8.855395317077637,9.024543400677763,8.825545934352547,8.855395317077637,40031927
2026-02-05,9.19369125366211,9.372789443309665,8.775796110414309,8.87529531552845,79621493
2026-02-06,9.054393768310547,9.412589209120622,8.994694053728148,9.203641631424386,50211477
2026-02-09,9.701135635375977,9.740935128231985,9.213591610666182,9.213591610666182,67747726
2026-02-10,9.81058406829834,9.860333671920602,9.541937726969751,9.750885303067438,58514179
2026-02-11,10.089180946350098,10.258329020566128,9.780734178987124,9.800634398962995,57698621
2026-02-12,10.507076263427734,10.546875755191316,10.178729270259767,10.208579600753502,64254715
2026-02-13,10.95482063293457,10.984670014124703,10.417527027038597,10.57672499191226,77104766
2026-02-16,10.755823135375977,10.964770700690792,10.706073534321074,10.845371278601142,52934526
2026-02-17,11.0443696975708,11.293116754282803,10.666274057501191,10.89512089420677,54658811
2026-02-18,11.283166885375977,11.472214235002948,10.994620331380238,11.153818299254475,53600673
2026-02-19,11.064269065856934,11.392615107688972,10.875221718609136,11.352815616221292,47794195
2026-02-20,11.551813125610352,11.581663456016656,11.074219225846232,11.074219225846232,47823741
2026-02-23,12.397553443908691,12.487102536866338,11.581663394996305,11.69111175922525,51915223
2026-02-24,12.308004379272461,12.67614991313846,12.148806413156864,12.337853760695454,52537226
2026-02-25,12.317955017089844,12.566702087025677,11.790611494516412,12.367704620855964,48774278
2026-02-26,12.278155326843262,12.497053010564946,12.208506452025125,12.31795481943859,27078563
2026-02-27,12.138856887817383,12.536852771173798,11.999559135203194,12.34780446563344,31121038
2026-03-02,11.143868446350098,11.88015953921674,11.10406895346257,11.193618049683197,46928054
2026-03-03,10.984670639038086,11.392615684458354,10.75582378873687,11.143868612968458,51317542
2026-03-04,10.616524696350098,11.034419836983718,10.59662447589386,10.99462034496598,43493313
2026-03-05,10.795622825622559,11.02446966624478,10.477225942333522,10.745873223649765,57520321
2026-03-06,10.44737720489502,11.223467817282394,10.288179227881692,10.735923775455376,45377150
2026-03-09,10.208580017089844,10.39762737345309,9.55188790176151,10.347877769495993,49529864
2026-03-10,10.437426567077637,10.716023961678179,10.198629613615523,10.716023961678179,44169331
2026-03-11,10.765772819519043,10.825472533464339,10.347877668586255,10.437426765056818,31626677
2026-03-12,11.004570960998535,11.382665678098093,10.61652518431874,10.745873776545338,46574576
2026-03-13,10.895121574401855,11.094119042416157,10.626475229806243,10.984670672231985,33676888
2026-03-16,10.84537124633789,10.954820558112024,10.62647452057905,10.934920338191377,30958400
2026-03-17,11.0443696975708,11.114018569803852,10.775722420852373,10.845371293085424,42232395
2026-03-18,10.77572250366211,11.153818146637324,10.656324029390156,11.084169273869033,29450987
2026-03-19,10.586675643920898,10.765772889125218,10.566775422845547,10.735923506406959,10304606
2026-03-23,10.397626876831055,10.477225859802616,9.890182648716312,10.357827385345274,48039719
2026-03-24,10.138930320739746,10.347877900897032,10.049382171153582,10.347877900897032,26611442
2026-03-25,10.268278121948242,10.58667499744764,10.248378850982805,10.258328960912879,27127134
2026-03-26,10.089180946350098,10.347877163773395,10.049381455293075,10.23842880059026,19278004
2026-03-27,10.079231262207031,10.308078108229958,9.959832783991406,10.178729519606009,22706321
2026-03-30,10.347877502441406,10.467276928414929,9.840434212080295,10.069281055924263,36106508
2026-03-31,10.56677532196045,10.855321882534797,10.377727968023363,10.387677129571282,38494227
2026-04-01,10.546875953674316,10.865271893774906,10.517025622618823,10.79562301910159,31544561
2026-04-02,10.53692626953125,10.53692626953125,10.298129304796694,10.427476949023486,24993286
2026-04-03,10.77572250366211,10.815521995086094,10.46727668234991,10.536925555118202,36670830
2026-04-06,10.934920310974121,11.044369622475832,10.775722347584043,10.805571728496005,63310263
2026-04-07,11.193617820739746,11.43241477318079,10.865271773909626,10.865271773909626,111232668
2026-04-08,12.019457817077637,12.138856291551221,11.193617656964294,11.193617656964294,112567397
2026-04-09,11.850310325622559,12.039358631203017,11.701062462391478,11.999559137748411,49219764
2026-04-10,12.079157829284668,12.118957321766054,11.890109528327027,11.939859131152446,58983841
2026-04-13,12.427403450012207,12.43735356059543,11.74086195098104,11.99955913277617,75954052
2026-04-14,12.636350631713867,12.78559943909984,12.447303281031992,12.447303281031992,46413962
2026-04-15,12.865198135375977,12.93484700792619,12.51695187483546,12.686099950081456,34319608
2026-04-16,12.835348129272461,13.044295701092931,12.696050380655311,12.934847334480207,24162083
2026-04-17,13.133845329284668,13.15374555069214,12.666200564051712,12.914947638276402,55932599
2026-04-20,13.133845329284668,13.591539983813888,12.795549156515925,12.984597464307768,65174684
2026-04-21,13.183594703674316,13.39254228032985,13.103995717224091,13.183594703674316,56162240
2026-04-22,12.94479751586914,13.302992948573593,12.88509780263769,13.28309367675961,36094084
2026-04-24,12.586601257324219,12.904998149513547,12.4771528890404,12.904998149513547,30031675
2026-04-27,12.467203140258789,12.626401116524361,12.4174535354521,12.616451954678855,24232222
2026-04-28,12.636350631713867,12.805498710747791,12.407503788841348,12.45725339130334,42376074
2026-04-29,12.178656578063965,13.094045891012707,12.178656578063965,12.835348704984847,71974999
2026-04-30,12.20850658416748,12.36770455627192,12.079157994608932,12.188606363207045,29906875
2026-05-04,12.387603759765625,12.5269024590333,12.089107089274757,12.397553870190764,37792882
2026-05-05,12.73585033416748,12.815449321658326,12.357754669138572,12.43735365662942,30568863
2026-05-06,12.835348129272461,13.094045303696804,12.755749144664163,12.934847334480207,35049521
2026-05-07,14.11888313293457,14.11888313293457,13.05424598774512,13.084095370152786,60420290
2026-05-08,13.959685325622559,14.427330083680674,13.531841009768748,14.268132110442535,59166302
2026-05-11,13.790536880493164,14.108933767521567,13.691038624273768,14.03928394438377,34095761
2026-05-12,13.601490020751953,13.899986697981685,13.591539910102181,13.830336872328054,18573918
2026-05-13,13.661188125610352,13.710937727556377,13.33284208121921,13.671138235778503,20773768
2026-05-14,14.676076889038086,14.924823954953986,13.611439750564356,13.730838228336617,65897957
2026-05-15,14.656176567077637,14.815375485235954,14.457179105498174,14.666126677380296,25931447
2026-05-18,14.377580642700195,14.785525690968134,14.178583173898126,14.695977541678287,28342001
2026-05-20,14.029335021972656,14.37758034801489,13.890036322218906,14.178582883291504,28376879
2026-05-21,12.6264009475708,14.128833489039005,12.6264009475708,14.128833489039005,23106831
2026-05-22,13.47214126586914,13.631339238758828,12.616451687139689,12.616451687139689,48313442
2026-05-25,13.541790008544922,13.700988928762994,13.452241861346627,13.55174011897632,17184799
2026-05-26,13.103995323181152,13.591539337751813,13.074145941383593,13.57164006618502,9913627
2026-05-27,13.103995323181152,13.103995323181152,13.103995323181152,13.103995323181152,0
2026-05-28,13.103995323181152,13.103995323181152,13.103995323181152,13.103995323181152,0
2026-05-29,13.103995323181152,13.103995323181152,13.103995323181152,13.103995323181152,0
2026-06-01,12.775649070739746,13.4621905343828,12.735849579353117,13.412440932925833,29729431
2026-06-02,13.203495025634766,13.283094012693283,12.795549030841395,12.805499141447402,39522633
2026-06-03,12.934847831726074,13.332842770067424,12.815449350223668,13.183594905413115,30317956
2026-06-04,12.875147819519043,13.153745218825987,12.725899958307634,13.034346740077908,24446125
2026-06-05,12.706000328063965,12.954747388999644,12.6065011241318,12.934847168655319,16781522
2026-06-08,12.979999542236328,13.100000381469727,12.5600004196167,12.699999809265137,35148501
2026-06-09,13.149999618530273,13.399999618530273,12.970000267028809,12.979999542236328,31721606
2026-06-10,13.300000190734863,13.34000015258789,12.989999771118164,13.220000267028809,26317252
2026-06-11,13.449999809265137,13.649999618530273,13.079999923706055,13.359999656677246,26730858
2026-06-12,13.949999809265137,14.029999732971191,13.550000190734863,13.630000114440918,33431876
2026-06-15,14.6899995803833,14.829999923706055,14.199999809265137,14.489999771118164,41515489
2026-06-16,14.550000190734863,14.6899995803833,14.34000015258789,14.630000114440918,24979762
2026-06-17,14.5,14.649999618530273,14.029999732971191,14.600000381469727,26542648
2026-06-18,15.399999618530273,15.4399995803833,14.510000228881836,14.569999694824219,47406332
2026-06-19,15.600000381469727,15.619999885559082,15.119999885559082,15.199999809265137,40320739
2026-06-22,16.1299991607666,16.280000686645508,15.579999923706055,15.65999984741211,27400564
2026-06-23,16.469999313354492,16.649999618530273,16.010000228881836,16.110000610351562,26316910
2026-06-24,16.93000030517578,17.0,16.31999969482422,16.600000381469727,29431175
2026-06-25,16.920000076293945,17.389999389648438,16.56999969482422,16.989999771118164,60938611
2026-06-26,15.449999809265137,16.989999771118164,15.229999542236328,16.969999313354492,78573390
2026-06-29,15.670000076293945,15.829999923706055,15.100000381469727,15.550000190734863,38895241
2026-06-30,15.550000190734863,15.890000343322754,15.470000267028809,15.670000076293945,23154024
2026-07-01,16.8700008392334,16.959999084472656,15.329999923706055,15.550000190734863,56998900
2026-07-02,17.489999771118164,17.6200008392334,16.8799991607666,16.899999618530273,42633242
2026-07-03,17.700000762939453,17.860000610351562,17.40999984741211,17.600000381469727,29285668
2026-07-06,19.079999923706055,19.280000686645508,17.700000762939453,17.700000762939453,52393062
2026-07-07,19.100000381469727,19.350000381469727,18.729999542236328,19.049999237060547,30727255
2026-07-08,19.43000030517578,19.649999618530273,18.770000457763672,19.290000915527344,41232950
2026-07-09,17.549999237060547,19.31999969482422,17.510000228881836,17.510000228881836,79576743
2026-07-10,19.270000457763672,19.299999237060547,17.31999969482422,17.549999237060547,48665797
2026-07-13,18.520000457763672,19.389999389648438,18.40999984741211,19.290000915527344,32183722
2026-07-14,18.75,19.18000030517578,18.110000610351562,18.639999389648438,24392393
2026-07-16,18.950000762939453,19.190000534057617,18.639999389648438,18.799999237060547,24940408
2026-07-17,19.6299991607666,20.0,18.90999984741211,19.100000381469727,45130314
2026-07-20,17.90999984741211,19.68000030517578,17.799999237060547,19.6299991607666,57034351
2026-07-21,16.1200008392334,18.020000457763672,16.1200008392334,17.90999984741211,30598974
2026-07-22,14.510000228881836,14.890000343322754,14.510000228881836,14.510000228881836,61864175
2026-07-23,13.0600004196167,13.0600004196167,13.0600004196167,13.0600004196167,5536436
2026-07-24,11.760000228881836,11.760000228881836,11.760000228881836,11.760000228881836,3371616
2026-07-27,10.59000015258789,10.59000015258789,10.59000015258789,10.59000015258789,21106870
2026-07-28,9.539999961853027,9.539999961853027,9.539999961853027,9.539999961853027,2674017
2026-07-29,8.59000015258789,8.59000015258789,8.59000015258789,8.59000015258789,9640131
2026-07-30,7.739999771118164,7.739999771118164,7.739999771118164,7.739999771118164,13032941
2026-08-03,6.28000020980835,6.940000057220459,6.28000020980835,6.590000152587891,959205927
2026-08-04,6.440000057220459,6.53000020980835,6.199999809265137,6.300000190734863,329702173
2026-08-05,5.96999979019165,6.480000019073486,5.809999942779541,6.440000057220459,301234583
2026-08-06,6.25,6.489999771118164,6.059999942779541,6.159999847412109,314579220
2026-08-07,6.090000152587891,6.25,6.070000171661377,6.25,104801668
