Price,Close,High,Low,Open,Volume
2021-08-10,11.506166458129883,11.591397467960864,11.316764715804787,11.326235028705728,3003446
2021-08-11,11.496696472167969,11.562986852874676,11.354644495189548,11.553516540448374,2150765
2021-08-12,11.506166458129883,11.667158164890902,11.487226735466747,11.572457745297728,2920945
2021-08-13,11.619808197021484,11.638747919342915,11.354644859411625,11.553516911049655,3902762
2021-08-16,11.562986373901367,11.695568032961559,11.515635716869966,11.648217375930157,2081836
2021-08-17,11.648218154907227,11.68609850243787,11.562987147178594,11.648218154907227,2418327
2021-08-18,11.648218154907227,11.799739545029803,11.610337807376581,11.68609850243787,2864752
2021-08-19,11.714508056640625,11.742918090338229,11.38305525513208,11.714508056640625,4494366
2021-08-20,11.771329879760742,11.79026960255137,11.610338171916032,11.714508905111359,2077750
2021-08-23,11.78079891204834,11.875500232382842,11.78079891204834,11.856560510199177,1957369
2021-08-24,11.761859893798828,11.866030629890304,11.742919267342861,11.809210556799965,2187723
2021-08-25,11.714508056640625,11.809209373150887,11.544046048177627,11.79026874859336,1839636
2021-08-26,11.525106430053711,11.752388507948956,11.506165805326425,11.742918195585313,2235916
2021-08-27,11.733449935913086,11.771330285940184,11.562987909221752,11.562987909221752,2254437
2021-08-31,11.695568084716797,11.856559777452784,11.676627460564955,11.742917838819066,1741053
2021-09-01,11.91338062286377,11.922850935559127,11.714508571954903,11.714508571954903,3540498
2021-09-02,11.818678855895996,11.941790206870582,11.771329100484666,11.903909860658302,1575031
2021-09-03,11.837620735168457,11.913381435622432,11.705039057804607,11.856561361851345,1657935
2021-09-06,11.884970664978027,11.96073136075466,11.83762000433295,11.847090317089712,1594126
2021-09-07,11.884970664978027,11.922851012866344,11.799739656444633,11.913380700109581,1144901
2021-09-08,11.591397285461426,11.847090310928635,11.534577215227868,11.837619998176798,1633423
2021-09-09,11.761859893798828,11.761859893798828,11.506166855475959,11.57245814493306,1854048
2021-09-10,11.638748168945312,11.847090537781492,11.572457784690561,11.809210189187528,1115702
2021-09-13,11.60086727142334,11.648217930709952,11.51563626533518,11.619807896393468,1301793
2021-09-14,11.695568084716797,11.714507805729971,11.53457639198081,11.610337082310844,2399776
2021-09-15,11.742918968200684,11.866030327611956,11.629277921776145,11.667158270584325,2191772
2021-09-16,11.723978996276855,11.761859344280223,11.430405621896695,11.67662833548796,5649155
2021-09-17,11.714508056640625,11.733448681198153,11.525106326758786,11.723978368919388,3347527
2021-09-20,11.667158126831055,11.695569065441198,11.401995688440914,11.619808368758301,3124483
2021-09-21,11.884970664978027,11.998611708642976,11.676628300022923,11.676628300022923,4559768
2021-09-22,11.932321548461914,12.027021968381888,11.780799250940202,11.894441199866174,1853260
2021-09-23,11.809209823608398,12.112252602978783,11.790269198328389,11.960731213293592,3113144
2021-09-24,11.430405616760254,11.761859338994839,11.12736283286948,11.761859338994839,5949922
2021-09-27,11.023191452026367,11.439875255318407,10.966370481826292,11.439875255318407,3442442
2021-09-28,11.212593078613281,11.212593078613281,10.98531100616161,11.061071696978832,3300322
2021-09-29,11.089482307434082,11.373585364354957,11.06107227268361,11.21259366220442,2379683
2021-09-30,11.174713134765625,11.212593481535459,10.909550707376784,11.11789216304152,3281222
2021-10-01,11.146303176879883,11.222063870938884,11.070541579682168,11.174713211367331,1000680
2021-10-04,10.985310554504395,11.155771650265363,10.985310554504395,11.146302241656548,1180304
2021-10-05,10.767498970031738,11.032661403340613,10.729618622416185,11.02319199379077,1459302
2021-10-06,10.398164749145508,10.758028497723227,10.398164749145508,10.682267803616204,2205084
2021-10-07,10.426576614379883,10.540217665650383,10.398165674208162,10.483396688445735,2147494
2021-10-08,10.360284805297852,10.473926754019866,10.350815395519975,10.46445644110324,2287899
2021-10-11,10.369754791259766,10.48339583325997,10.350815069162426,10.388695416495827,3166014
2021-10-12,10.284523010253906,10.426574979421405,10.284523010253906,10.379224323032238,2193684
2021-10-13,10.133002281188965,10.369754675156644,10.133002281188965,10.312934606362079,2298619
2021-10-14,10.01936149597168,10.21823354810165,10.009891183218173,10.142472852351064,2476587
2021-10-15,10.161413192749023,10.161413192749023,10.038302732020641,10.066712768870362,2613440
2021-10-18,10.07618236541748,10.189823407871144,10.038302017932926,10.161412469903686,2548114
2021-10-19,10.417106628417969,10.521277369572172,10.095123188128293,10.095123188128293,4442532
2021-10-20,10.322404861450195,10.473927164640253,10.303465138013179,10.417106188051633,2295577
2021-10-21,10.587567329406738,10.597036738764077,10.303464276496285,10.350814935837812,5178320
2021-10-22,10.51180648803711,10.634916936201328,10.49286586331111,10.58756718066372,3380467
2021-10-25,10.502336502075195,10.597036919232295,10.483395876760541,10.511806814732523,2693218
2021-10-26,10.502336502075195,10.578097197056364,10.502336502075195,10.549687162223107,3152759
2021-10-27,10.51180648803711,10.606506902251024,10.473926141723805,10.521275897261415,5364747
2021-10-28,10.51180648803711,10.540216521987414,10.49286586331111,10.521275897261415,1113051
2021-11-01,10.360284805297852,10.445515815269987,10.170883062659076,10.227704037020084,5378506
2021-11-02,10.55915641784668,10.578097042885283,10.360284370634902,10.388695308192807,5595483
2021-11-03,10.615978240966797,10.682268627639361,10.369755514556154,10.55915726443404,5919733
2021-11-04,11.032662391662598,11.032662391662598,10.672799508647161,10.701209546119157,5994008
2021-11-05,11.013721466064453,11.0800118473127,10.69173806604946,11.0800118473127,4757031
2021-11-08,11.023191452026367,11.070541206864632,10.900080102541775,10.99478051535699,3480645
2021-11-09,10.994781494140625,11.108422541518708,10.956901145014598,11.108422541518708,3046865
2021-11-10,12.027022361755371,12.093313651320198,11.013722326322776,11.051602676157486,36234280
2021-11-11,12.4058256149292,12.84145004927535,11.723978477878983,11.875499863192655,29319585
2021-11-12,13.087672233581543,13.371775290965855,12.311124659451313,12.415295389132114,22662621
2021-11-15,12.945622444152832,13.551708966650551,12.311125884032366,13.11608447616693,31086285
2021-11-16,12.926680564880371,13.277074908556022,12.75621945251621,12.945621190220125,15579981
2021-11-17,13.135022163391113,13.371774547525355,12.926679812474152,12.964560157810084,12494888
2021-11-18,13.182374000549316,13.447536441630486,12.831980549050224,13.135023338857275,13801422
2021-11-19,13.409656524658203,13.523297574494773,13.210784461659511,13.343366138038233,12435324
2021-11-22,13.400185585021973,13.60852795155319,13.229724469804376,13.504357219856951,7969146
2021-11-23,13.116083145141602,13.457006271433974,12.765688803084375,13.42859623669429,11437483
2021-11-24,13.826339721679688,14.034681171371435,13.191843254121455,13.305484291172958,17264497
2021-11-25,13.636938095092773,14.091503179936531,13.494887014094644,14.03468220565403,8753823
2021-11-26,13.67481803894043,13.958921095669035,13.333894912749335,13.627468282101262,9282538
2021-11-29,13.816869735717773,13.96839112203083,13.646407724546233,13.816869735717773,5730307
2021-11-30,13.428596496582031,14.08203272707324,13.371775522864269,14.08203272707324,7142034
2021-12-01,13.655879020690918,13.712699093082056,13.428596924848831,13.542237972769874,5453727
2021-12-02,13.636938095092773,13.712698792043609,13.523297049666521,13.703229382278815,3476682
2021-12-03,13.968391418457031,13.968391418457031,13.62746829201785,13.646408014139556,4618478
2021-12-06,14.205143928527832,14.261964901622983,13.845280173961813,14.091502885476256,5489042
2021-12-07,14.48924732208252,14.61235868068068,14.21461456925239,14.48924732208252,8402784
2021-12-08,14.432425498962402,14.716528548009743,14.318784459971207,14.536597128725022,5454483
2021-12-09,14.233553886413574,14.50818663141875,14.072562183844465,14.432425936461373,3915896
2021-12-10,14.659708023071289,14.669178335726764,14.148322880479006,14.23355388810084,7708189
2021-12-13,15.407846450805664,15.530956902647699,14.678648633567038,14.678648633567038,9948887
2021-12-14,15.720359802246094,16.16545366627931,15.275264131935401,15.455196462620096,9756927
2021-12-15,15.502547264099121,16.05181273566082,15.360494385332522,15.81506034608634,5585920
2021-12-16,15.909762382507324,16.013934028465705,15.512018232630759,15.512018232630759,6856047
2021-12-17,14.318784713745117,16.534786368056015,14.318784713745117,15.957111753633244,7455016
2021-12-20,12.888800621032715,14.489247386820901,12.888800621032715,13.371775744659121,15711171
2021-12-21,11.742918968200684,13.457006783833002,11.648218547749613,13.258134726805372,12772432
2021-12-22,11.37358570098877,11.932321518738174,11.155773019751779,11.74291887309253,12324974
2021-12-23,11.212593078613281,11.86602926269651,10.937960348616174,11.742917914333852,5845636
2021-12-24,12.33006477355957,12.33006477355957,11.259943873765117,11.487225948994377,11402074
2021-12-27,12.680459022521973,13.172903550846797,12.443706619658043,12.453176029387155,8959145
2021-12-28,12.424765586853027,12.784629335792728,12.055431525355743,12.689928016494333,3436771
2021-12-29,12.434236526489258,12.64257889756954,12.093313385471417,12.424766213454072,4583367
2021-12-30,12.055431365966797,12.576286808944134,12.055431365966797,12.500526115762561,3070997
2021-12-31,12.036492347717285,12.197484055922011,11.875500639512557,12.140663081145561,2639214
2022-01-03,12.462645530700684,12.491055564315475,11.894440342711423,12.036491413924066,5474869
2022-01-04,12.670988082885742,12.756219088203018,12.349004686415457,12.50052607225119,6553302
2022-01-05,13.030852317810059,13.125552735963568,12.784629604961212,12.784629604961212,9069863
2022-01-06,13.523297309875488,13.665349296745664,12.945621758725322,12.945621758725322,8173337
2022-01-07,13.542237281799316,13.589587941801787,13.229724190177224,13.52329665654284,7207907
2022-01-10,13.45700740814209,13.797930563232105,13.45700740814209,13.741110488953169,4890402
2022-01-11,13.62746810913086,13.892630537247173,13.34336505600831,13.580117449753983,9399543
2022-01-12,14.205143928527832,14.271434311189902,13.636937810131228,13.731639130910237,10020436
2022-01-13,13.816869735717773,14.14832254249291,13.731638730132003,14.119912508343887,5802436
2022-01-14,13.523297309875488,13.845280729681367,13.513827899928488,13.826341006648601,3079903
2022-01-17,14.072562217712402,14.261964858700399,13.64640808176686,13.968391487679984,10568589
2022-01-18,13.352835655212402,14.233553964722033,13.352835655212402,13.96839153091237,4543993
2022-01-19,13.873690605163574,13.873690605163574,13.352836035419937,13.684288861335093,5561619
2022-01-20,13.939981460571289,14.224084519073202,13.760049132159963,13.873690174932984,7932835
2022-01-21,13.845280647277832,13.86422127333663,13.438066218401238,13.85475096030723,4942013
2022-01-24,13.466476440429688,14.091502616868674,13.390715746506096,13.845279910047646,4460574
2022-01-25,13.532767295837402,13.62746861812833,13.15396381295118,13.49488694754878,3437024
2022-01-26,13.62746810913086,13.826340156002772,13.55170741538334,13.636937518495268,2253324
2022-01-27,13.958921432495117,13.968391745346956,13.258134537956433,13.258134537956433,3546605
2022-01-28,13.80739974975586,14.091502807379632,13.617998012386252,13.958921139651546,2196460
2022-01-31,13.73163890838623,13.968391303358407,13.655878214246233,13.892630609218408,3633254
2022-02-01,13.797929763793945,14.100973453899154,13.722169067052329,13.84528042504214,3336140
2022-02-02,13.68428897857666,13.949451422208343,13.5517082083302,13.854751001052122,2862629
2022-02-03,13.343365669250488,13.797929852626725,13.343365669250488,13.703229432659384,1690673
2022-02-04,13.466476440429688,13.504356787391483,13.144493039685068,13.475945849816103,1718208
2022-02-07,13.570647239685059,13.636937621429833,13.390715816461217,13.466476510780595,2247973
2022-02-08,13.475945472717285,13.6653481053649,13.135022359601212,13.608527134942879,3427213
2022-02-09,13.37177562713623,13.636938065896446,13.37177562713623,13.504357298085711,3438430
2022-02-10,13.352835655212402,13.655878436709159,13.333895029799491,13.428596350586592,3257296
2022-02-11,13.352835655212402,13.400185412467224,13.040322561009189,13.305484994818851,2968721
2022-02-14,13.26760482788086,13.352835837122635,12.898270755546076,13.258134515045386,3616806
2022-02-15,13.44753646850586,13.77899019787381,13.277075350468097,13.277075350468097,6218576
2022-02-16,13.220253944396973,13.513827315385758,13.1823735968312,13.494886690033509,3989174
2022-02-17,12.784629821777344,13.296014978522887,12.784629821777344,13.239194004156161,3848657
2022-02-18,12.500527381896973,13.030853191021516,12.301655316367619,12.974032213810789,10488968
2022-02-21,12.3395357131958,12.652048831182965,12.273245325483007,12.59522875689737,5370224
2022-02-22,11.9228515625,12.178543696748648,11.9228515625,12.169074286694086,4502677
2022-02-23,11.894440650939941,12.093312697674357,11.837619679099234,12.02702141333708,4525529
2022-02-24,10.710679054260254,11.127362884025704,10.710679054260254,10.74855940242075,4344264
2022-02-25,11.032662391662598,11.155773758226323,10.568627866018497,10.83379032308101,10832402
2022-02-28,10.701208114624023,10.94743081481439,10.60650679820044,10.9284901902742,7997269
2022-03-01,10.767498970031738,10.966371020798077,10.739088935104755,10.843259665262845,5084053
2022-03-02,10.74855899810791,11.013721425257149,10.729618373170753,10.843259413377572,6802601
2022-03-03,10.890609741210938,10.985311056737808,10.824319362225335,10.824319362225335,5259603
2022-03-04,11.10842227935791,11.174713566118045,10.805379493501555,10.805379493501555,8807556
2022-03-07,11.37358570098877,11.487226746492908,11.127362984160431,11.136833297070464,11944342
2022-03-08,11.401994705200195,11.544045773446294,11.35464404807194,11.364114360125324,7817848
2022-03-09,11.496696472167969,11.648217858433988,11.449345813175162,11.496696472167969,6941970
2022-03-10,11.439875602722168,11.77132931548764,11.383055533935277,11.553516643434662,7885534
2022-03-11,11.581927299499512,11.600867925537605,11.392525554812364,11.477756565706269,4227117
2022-03-14,11.742918968200684,11.780799317008864,11.610338198941433,11.619808511928166,3754544
2022-03-15,11.032662391662598,11.83762097952588,10.843260636617945,11.761860277508019,14703489
2022-03-16,11.127363204956055,11.165243554209077,10.99478153100109,11.080012542605084,9832215
2022-03-17,11.165243148803711,11.231533531804834,11.136833113680192,11.146303426434276,5314823
2022-03-18,11.042131423950195,11.203123122842536,11.032661111512127,11.174713088667035,6151396
2022-03-21,11.203123092651367,11.212593405063913,11.042131394192882,11.117892087215852,7170314
2022-03-22,11.449346542358398,11.525107240316437,11.259944797463302,11.259944797463302,11950425
2022-03-23,11.487226486206055,11.600867529135222,11.430405513172106,11.515636521153665,8254185
2022-03-24,11.572458267211914,11.667158691076049,11.477756940208993,11.496697566865093,8745212
2022-03-25,11.449346542358398,11.572457902324901,11.439876229328954,11.525107240316437,4672858
2022-03-28,11.951260566711426,11.970201191462197,11.458816063994435,11.458816063994435,12286328
2022-03-29,12.055431365966797,12.301654070376259,11.989140985217597,11.989140985217597,9201926
2022-03-30,12.01755142211914,12.169073716698941,11.989141387008624,12.121723056088925,5202489
2022-03-31,11.828149795532227,12.093313136219658,11.81867948269223,12.064902197699672,5236474
2022-04-01,11.97020149230957,11.998611527011061,11.733449095806808,11.856560450364892,6111371
2022-04-04,11.875500679016113,12.055432110652356,11.790269668137297,12.036492387756375,13575441
2022-04-05,11.705038070678711,11.922850743469093,11.638747689156675,11.913380430926313,8757107
2022-04-06,11.534577369689941,11.790269495442448,11.496697021314061,11.648218414817583,5846912
2022-04-07,11.629277229309082,11.75238858138967,11.534576814496962,11.544046223781082,5588273
2022-04-08,11.733449935913086,11.799740322675811,11.65768923585889,11.705038996038674,8206078
2022-04-11,12.216423988342285,12.216423988342285,11.761859794887116,11.761859794887116,15063471
2022-04-12,12.566818237304688,12.633108622472541,12.02702213348194,12.244834818251517,15796076
2022-04-13,12.746748924255371,13.002441040046351,12.462645870935285,12.718338889864976,14782919
2022-04-14,12.652048110961914,12.95509180140984,12.595228039910817,12.869860791694446,8286035
2022-04-15,12.45317554473877,12.670988216528972,12.358475129161963,12.652047591530385,6256976
2022-04-18,12.443706512451172,12.538406930897619,12.349005190865988,12.528936618111354,6621464
2022-04-19,12.661518096923828,12.813039486666066,12.500526394538019,12.54787705461715,11947514
2022-04-20,13.229723930358887,13.362304691995586,12.68045845265018,12.68045845265018,22729827
2022-04-21,13.352835655212402,13.589588054041425,13.28654436940594,13.324424717093034,10054034
2022-04-22,12.8793306350708,13.352835424549305,12.689927996768429,13.352835424549305,9257836
2022-04-25,12.784629821777344,12.945621528821194,12.311125013563368,12.784629821777344,9384577
2022-04-26,12.472116470336914,13.04032259004734,12.339534801567487,12.89827060855037,9756355
2022-04-27,12.434236526489258,12.462646562456055,12.131193734473399,12.434236526489258,9520207
2022-04-28,12.424765586853027,12.718338954167079,12.386885239761412,12.614167322311102,7691054
2022-04-29,12.33006477355957,12.652047261898344,12.28271411543547,12.50999619066473,12014074
2022-05-05,12.670988082885742,12.727808151004792,12.396355345273799,12.481586350591074,10072052
2022-05-06,12.974030494689941,12.974030494689941,12.44370565897476,12.557346695199442,10975214
2022-05-09,12.95509147644043,13.059262206180223,12.74674911382212,12.841450434050094,7790532
2022-05-10,12.907740592956543,13.14449298629073,12.850919621175306,13.106612639482808,2272186
2022-05-11,12.614167213439941,12.955091237460723,12.500526173145916,12.879330543931372,7049270
2022-05-12,12.642579078674316,12.765689537340245,12.273244993260214,12.415296078267836,12863799
2022-05-13,12.642579078674316,12.784630163681939,12.538407440072538,12.680459428218933,6227505
2022-05-16,12.273244857788086,12.689928698179525,12.273244857788086,12.689928698179525,7218709
2022-05-17,12.642579078674316,12.775159850511091,12.301655029633983,12.320595655975678,13687075
2022-05-18,12.320594787597656,12.65204759696697,12.30165416259093,12.62363756259559,7935171
2022-05-20,12.036492347717285,12.34900545114087,12.036492347717285,12.320595415322023,6276827
2022-05-23,11.837620735168457,12.112253500098813,11.686099334260506,12.08384346321327,10002346
2022-05-24,11.837620735168457,11.875501085395443,11.686099334260506,11.856561361851345,7696674
2022-05-25,11.866029739379883,11.960731058275101,11.828149392449538,11.903910086310228,4588995
2022-05-26,12.188014030456543,12.216424066945596,11.894441546079193,11.903910956149693,6502568
2022-05-27,12.140663146972656,12.235364471067294,11.998612063969459,12.197484122057192,5518613
2022-05-30,12.538407325744629,12.67098899951127,12.178543556782689,12.216423905981905,10523787
2022-05-31,12.680459022521973,12.831980415852687,12.462646342255011,12.55734766465608,8917654
2022-06-01,13.258134841918945,13.343365853262055,12.737279363930092,12.784630026136126,15654256
2022-06-02,14.006272315979004,14.006272315979004,13.229724712574635,13.352836072186822,15430153
2022-06-03,13.835809707641602,14.091502729022814,13.778989638316032,13.949450749431456,5617383
2022-06-06,13.873690605163574,14.148323359499562,13.79792990763218,13.949451302694968,5794008
2022-06-07,13.968391418457031,14.02521239109959,13.589587944635719,13.89263072369277,6562194
2022-06-08,13.62746810913086,14.205143624740366,13.504356756006464,13.968391230994692,11031479
2022-06-09,13.44753646850586,13.722169223102052,13.097143016306493,13.570647827895705,7320493
2022-06-10,13.220253944396973,13.636937767620477,13.220253944396973,13.362305021983941,4256998
2022-06-13,12.4058256149292,13.267604171254723,12.4058256149292,13.220253512559527,12441530
2022-06-14,12.50999641418457,12.831979811415003,12.481586380057973,12.538406448311166,10294840
2022-06-15,12.292183876037598,12.595227554813995,12.263773841606241,12.509996548381219,8286507
2022-06-16,12.01755142211914,12.386885491110792,11.970201664647858,12.32059510814001,7423706
2022-06-17,12.188014030456543,12.188014030456543,11.960731932266574,12.055432354943006,6301935
2022-06-20,12.008081436157227,12.339534238241166,11.913380119482564,12.330064829084652,7966579
2022-06-21,12.027022361755371,12.102783061424791,12.017552048511998,12.055432398346708,6403244
2022-06-22,12.140663146972656,12.263774507040182,11.913381052912035,11.979671437895027,11902937
2022-06-23,12.027022361755371,12.339535473676428,11.960731975329322,12.121723687911537,11184155
2022-06-24,11.989142417907715,12.121724098388192,11.951262066790267,12.093314060834809,6262497
2022-06-27,11.667158126831055,11.884970807148441,11.572457707546805,11.695569065441198,9258601
2022-06-28,11.326234817504883,11.723978920540205,11.269413844297523,11.723978920540205,11587931
2022-06-29,11.070542335510254,11.392525758813402,11.070542335510254,11.326235372770558,8024725
2022-06-30,10.852729797363281,11.127362538790868,10.852729797363281,11.013721497835181,7131587
2022-07-01,11.259944915771484,11.259944915771484,10.824320446366277,10.881140518862436,5220692
2022-07-04,11.335705757141113,11.544047229766546,11.297825407287508,11.439876493453829,4570709
2022-07-05,11.146303176879883,11.420935918628443,11.108421926711669,11.31676428694328,4508863
2022-07-06,11.37358570098877,11.401995736580117,11.184183958481874,11.184183958481874,4869988
2022-07-07,11.449346542358398,11.477756578307973,11.35464521834147,11.420936506408824,2661221
2022-07-08,11.752388000488281,11.799738657123227,11.430404619137041,11.468284963817267,3603289
2022-07-13,11.553516387939453,11.837619435007369,11.449345662041317,11.752388430573125,5453317
2022-07-14,11.345174789428711,11.809210188605338,11.28835471810994,11.562987471187332,7995498
2022-07-18,11.667158126831055,11.733449413782647,11.439876036782364,11.496697010863908,5582782
2022-07-19,11.960731506347656,11.979671228952993,11.648218406680273,11.657688719552313,8388885
2022-07-20,12.292183876037598,12.339534535515664,11.941790440921842,12.083842419356042,11967577
2022-07-21,12.188014030456543,12.330066019179357,12.150133680758215,12.2637747298532,4341034
2022-07-22,12.519466400146484,12.670987782388837,12.22589304469792,12.25430307808369,8125439
2022-07-25,12.55734634399414,12.633107032691711,12.49105506402978,12.57628606459921,6059081
2022-07-26,12.642579078674316,12.737279500966475,12.462646740983303,12.604698729129698,10492503
2022-07-27,12.974030494689941,13.068731809779846,12.670987731424123,12.6899274525589,11136346
2022-07-28,12.907740592956543,13.14449298629073,12.727808268264884,13.116082951969465,5944576
2022-07-29,13.277074813842773,13.371775230449815,12.869860403330213,13.002441167207815,6410672
2022-08-01,13.902100563049316,14.015741601326992,13.182373084152015,13.182373084152015,10778079
2022-08-02,13.4191255569458,13.892630337633687,13.4191255569458,13.864220303671248,8826757
2022-08-03,13.229723930358887,13.561176737589337,13.210783305474385,13.523296390959038,6972369
2022-08-04,13.826339721679688,13.911569822114304,13.41912532822446,13.41912532822446,9743415
2022-08-05,13.636938095092773,13.826340740608607,13.551707988377144,13.816870427705068,6367250
2022-08-08,14.110443115234375,14.195674126373092,13.712698998679532,13.712698998679532,6933207
2022-08-09,14.280903816223145,14.498716480440738,14.015741397432691,14.110441809717086,6431787
2022-08-10,15.294204711914062,15.417316971696446,14.422955805773428,14.422955805773428,15786156
2022-08-11,15.767707824707031,16.004460199871634,15.199501763056531,15.436254138221134,18071947
2022-08-12,15.682478904724121,15.976053189377348,15.474137437211924,15.758239602571965,8535269
2022-08-15,15.767707824707031,15.957110447349624,15.332084321417257,15.720358072185022,6706320
2022-08-16,15.88135051727295,16.099162279309986,15.066921729840276,15.852939580637846,9447289
2022-08-17,15.748769760131836,15.96658335344552,15.227915172649377,15.890822653333935,14476266
2022-08-18,15.20897388458252,15.80559095250603,14.85858043602107,15.80559095250603,9368283
2022-08-19,14.820699691772461,15.37943549322587,14.754409309613148,15.218443791005779,6172160
2022-08-22,15.104803085327148,15.19003499779166,14.678648941837048,14.820700021954167,6824699
2022-08-23,15.568839073181152,15.673008905886661,15.114273973843195,15.114273973843195,9091888
2022-08-24,15.748769760131836,16.00446280036253,15.360495946275261,15.5688392262903,8284102
2022-08-25,15.578307151794434,15.900290529485455,15.540425904406176,15.815059529139168,12343980
2022-08-26,15.606719017028809,15.739301599853103,15.294205896399045,15.606719017028809,9859303
2022-08-29,15.294204711914062,15.625658433888402,15.180564571182986,15.530957112427524,5316440
2022-08-31,15.985522270202637,16.146513984695684,15.322616591796475,15.379436665653555,10347287
2022-09-01,16.070751190185547,16.591607519222723,15.900290990824447,15.957111057278146,10277626
2022-09-02,16.979881286621094,17.311334985811076,16.250683509658597,16.250683509658597,11170469
2022-09-05,17.368154525756836,17.89847934461766,17.046171148450586,17.235573772610955,9216089
2022-09-06,18.06894302368164,18.305695422737365,16.620017691200736,17.472327772823302,13447381
2022-09-07,18.229934692382812,18.400396708380914,17.62384912996952,18.135233371686372,8913682
2022-09-08,18.210994720458984,18.72238078680352,18.10682488960465,18.2204650334962,7364182
2022-09-09,18.457216262817383,19.034892677282702,18.353044632332843,18.400396194497365,5818649
2022-09-12,18.485628128051758,18.930721997076503,18.28675516953262,18.65609014784602,3997685
2022-09-13,18.353044509887695,19.64097809173153,18.286754129577037,18.66555759297893,10962953
2022-09-14,18.854961395263672,18.978073657415415,17.82272076465676,18.35304564625561,6182541
2022-09-15,18.0405330657959,19.489458477006455,17.983712992692805,19.034894279626595,6082139
2022-09-16,18.5803279876709,18.5803279876709,18.01212190186164,18.050001344234335,7106191
2022-09-19,17.775371551513672,18.883372913486046,17.775371551513672,18.58033011470344,4319961
2022-09-20,18.239404678344727,18.324635684816975,17.472327426371923,17.775370202149947,4656147
2022-09-21,19.034893035888672,19.16747379989226,17.870071678858,18.28675459609141,10219118
2022-09-22,19.640979766845703,19.754621718697113,18.826550896363642,19.01595354735681,5192119
2022-09-23,21.59181785583496,21.59181785583496,19.868260696918753,19.88720132216073,7263063
2022-09-26,21.061494827270508,23.39113955287922,20.58798999264767,21.80016301954207,18208546
2022-09-27,20.398588180541992,21.80016199141898,20.341766302547175,21.57287989827224,9395760
2022-09-28,20.569046020507812,22.00850091716201,20.360704577417327,20.379645201228453,16720251
2022-09-29,19.81144142150879,21.080434463143177,18.94019249451022,20.777391672235414,8184501
2022-09-30,19.584157943725586,20.436466184464745,19.129593789501687,19.811440020837537,7044360
2022-10-03,20.531169891357422,20.606930592546735,19.830382953786877,19.88720302810946,5379928
2022-10-04,21.459238052368164,22.065323637024715,20.303886955047233,20.550109675383336,10145785
2022-10-05,20.73950958251953,21.553938404895735,20.531168123755187,21.45923708499287,6364403
2022-10-06,20.815269470214844,21.213013553365073,20.663748086755458,21.09937341890922,7931465
2022-10-07,20.284944534301758,21.042551448095228,20.05766246016372,20.891030065336533,11019516
2022-10-10,20.64480972290039,20.98573377615454,20.228126775898176,20.360707549373647,7269793
2022-10-11,20.436466217041016,20.739508987006673,20.19024351487457,20.70162954389966,6139128
2022-10-12,20.531169891357422,20.701631920602775,20.019783803621362,20.417527936434656,6465997
2022-10-13,20.834213256835938,21.23195740035391,20.587990519774557,20.85315388421242,10021058
2022-10-14,20.9667911529541,21.459236559364953,20.87209164164827,21.15619378812055,7730369
2022-10-17,22.51988983154297,22.766112554063035,21.194074893930683,21.21301552018858,12250002
2022-10-18,22.387306213378906,23.107033721225882,21.9516826673617,22.576708854598753,10304619
2022-10-19,22.917633056640625,23.694180640115,22.614588467180713,22.614588467180713,12941998
2022-10-20,22.70928955078125,23.59947907176957,22.65246948109868,22.974452886428978,8845449
2022-10-21,23.22067642211914,23.372197817510006,22.519889516867007,22.72823098396007,6559698
2022-10-24,23.144916534423828,23.48583878284574,22.21684569732829,23.29643793511747,15358390
2022-10-25,23.466899871826172,23.769942672042955,22.993395044918053,23.239617771663582,9363514
2022-10-26,22.822933197021484,23.65630090414624,22.671411795726076,23.580540203498533,8386841
2022-10-27,22.482006072998047,23.144913467911085,22.273664626217226,22.8418707066745,4907359
2022-10-28,21.856983184814453,22.46306879764279,21.856983184814453,22.425189349979824,1972531
2022-10-31,22.387306213378906,22.595649479976228,21.932742041984223,21.970623292739173,6344480
2022-11-01,22.728229522705078,22.89869153312975,22.292605990533048,22.576708137055903,9308730
2022-11-02,22.51988983154297,23.012333470305563,22.463067952769272,22.84187325281709,5980110
2022-11-03,23.391136169433594,23.561596367968164,22.463065455044024,22.63352745985593,7555568
2022-11-04,23.656299591064453,23.694180842424437,23.05021401952459,23.675240216744445,6809408
2022-11-07,23.675241470336914,23.921464198381727,23.504779442746074,23.675241470336914,10053540
2022-11-08,24.262386322021484,24.432846529764312,23.05021340498206,23.807820349208303,33204729
2022-11-09,22.898693084716797,24.205565576062344,22.65247036478379,24.205565576062344,12450628
2022-11-10,23.22067642211914,24.186626672444046,22.557768962575967,24.148745420457573,16571687
2022-11-11,23.107032775878906,23.63735762080957,22.841871256552263,23.599478177881785,9675671
2022-11-14,22.993392944335938,23.4668977279866,22.87975100149772,23.069153637468947,9953110
2022-11-15,22.10320281982422,23.144913675632143,22.046382753151743,23.050212360326448,12774998
2022-11-16,21.62969970703125,22.51988924907517,21.610759081263243,22.12214513933448,12033844
2022-11-17,21.080432891845703,21.686518428484703,20.64480755767839,21.62969836099414,7770461
2022-11-18,21.838041305541992,21.838041305541992,20.966792383924208,21.137254404326438,11717980
2022-11-21,21.307716369628906,22.254725986056858,20.85315218725009,22.12214521776574,12381876
2022-11-22,22.12214469909668,22.16002414360139,21.06149315880299,21.307715870054693,9595247
2022-11-23,21.97062110900879,22.254723236323283,21.61075648771467,22.160021925126028,10375582
2022-11-24,22.482006072998047,22.61458682946972,22.027441931143166,22.254724002070606,11429013
2022-11-25,22.21684455871582,22.482007899478877,22.122145042843822,22.482007899478877,6946524
2022-11-28,23.050212860107422,23.23961549482549,22.065322049617304,22.235784059608086,18212481
2022-11-29,23.23961639404297,23.675239941961888,22.84187229076691,23.27749583868583,12836703
2022-11-30,23.485837936401367,23.523719188348302,23.12597507429304,23.485837936401367,11869435
2022-12-01,22.785049438476562,23.694179552573093,22.444127226183078,23.59947823560592,13984235
2022-12-02,21.781219482421875,22.747169649496715,21.534996784562953,22.728229025135867,13961881
2022-12-05,21.951683044433594,22.197905759737868,21.55393893606169,21.819102277068787,17265719
2022-12-06,22.57670783996582,22.70928859909485,21.970622305344683,22.065321815421207,14239022
2022-12-07,21.686519622802734,22.652469854725897,21.62969955218298,22.576709158473736,12750944
2022-12-08,22.065324783325195,22.197907366564664,21.553940496274038,21.648641825365765,9139187
2022-12-09,22.027442932128906,22.273665638391986,21.83804029461041,22.1600236946254,8050827
2022-12-12,22.500947952270508,22.576708646805663,22.046383785059575,22.16002392372359,11714962
2022-12-13,23.883581161499023,24.432846650343095,22.463066779356343,22.463066779356343,24292535
2022-12-14,23.997222900390625,24.603308453548724,23.504777485310957,23.95934165017953,14229835
2022-12-15,24.148744583129883,25.37985632956278,24.016163818329325,24.07298388806136,13622969
2022-12-16,24.489669799804688,25.341978112161566,24.432847921044036,24.62225057102447,3458186
2022-12-19,25.304096221923828,26.04276437069807,25.00105343461465,25.569259563958106,9881812
2022-12-20,25.607139587402344,26.2511045764113,25.360916882953006,25.56925833766672,13179266
2022-12-21,26.66779136657715,26.989774789267102,25.379857675817345,25.72078172484848,14087925
2022-12-22,26.28898811340332,27.217057137343282,26.04276538753153,26.667791612330085,8212400
2022-12-23,26.51626968383789,26.819312476934492,25.739722074958472,26.800371850796573,8574680
2022-12-26,26.4783878326416,26.838252496012103,26.4026271360811,26.705671728600596,6591627
2022-12-27,26.4783878326416,26.838252496012103,26.19428567210909,26.516269084060596,8370395
2022-12-28,25.5313777923584,26.535209262719928,25.190455566718544,26.497328011939135,7459799
2022-12-29,26.194284439086914,26.288985756899116,25.379855634690344,25.550317645496825,5730454
2022-12-30,26.4783878326416,26.895072566863107,26.251105742960096,26.326866439520597,7229989
2023-01-02,26.876131057739258,27.74737994268596,26.610969531632062,26.610969531632062,9922638
2023-01-03,26.459447860717773,27.46327749799008,26.118523837906366,27.273874861699877,10560563
2023-01-04,26.686731338500977,27.027655379171904,26.099584580265212,26.45944924681286,11057052
2023-01-05,25.91018295288086,27.02765455776058,25.64501961749802,26.989773307158412,6441550
2023-01-06,26.573087692260742,26.914011711156412,24.22450442187973,24.906350653393687,10559016
2023-01-09,27.179176330566406,27.78526189852122,26.0238234588057,26.81931166988513,13294886
2023-01-10,25.720779418945312,27.368575831072686,25.285155889817595,27.273874514134413,9775748
2023-01-11,23.71312141418457,25.929122231657736,23.675240162910725,25.75866201975786,9675744
2023-01-12,23.807819366455078,24.281324138620228,21.9895609690898,23.959340749045737,16986163
2023-01-13,23.144916534423828,24.01616549155107,22.84187373303654,23.845703464201325,9282617
2023-01-16,23.94040298461914,24.016163679248926,22.974452773381287,23.637358399822556,7997911
2023-01-17,24.754831314086914,24.887413891433425,24.016164953814,24.18662697734699,8923628
2023-01-18,25.66396141052246,26.023824276229774,24.887413800619157,24.887413800619157,9577106
2023-01-19,26.932952880859375,27.16023496263015,25.701839346754237,26.17534413534604,11078122
2023-01-20,28.12618637084961,28.33452783650333,27.008714732853978,27.008714732853978,12073594
2023-01-23,29.357297897338867,30.285366881232015,28.5996909321766,28.5996909321766,17400967
2023-01-24,28.997434616088867,29.603520179348834,28.239825855736456,29.395178718547584,10125136
2023-01-25,28.94061279296875,29.52775953816311,27.46327832667103,29.357297521613862,8955841
2023-01-26,28.050424575805664,29.01637297537325,27.993602700442477,29.01637297537325,5468081
2023-01-27,26.91401481628418,27.74738252872644,25.891244447875334,27.65268300702074,13250164
2023-01-30,25.66396141052246,26.857193764621755,25.66396141052246,26.800371886133078,10133472
2023-01-31,25.001054763793945,25.948064427621578,24.20556650167653,25.47455959570776,15691094
2023-02-01,22.614587783813477,25.171514350635746,22.614587783813477,25.019992963623196,10778511
2023-02-02,21.59181785583496,22.330485983775095,20.625869450100865,22.23578466384265,31314181
2023-02-03,22.59564971923828,22.59564971923828,21.231955384336814,21.667578934966777,16841736
2023-02-06,22.841873168945312,22.841873168945312,20.83421194991834,21.913802354768936,2664892
2023-02-07,20.985733032226562,22.84187282647229,20.891031708982215,22.76611212913231,5957909
2023-02-08,19.337936401367188,19.337936401367188,19.337936401367188,19.337936401367188,345
2023-02-15,23.069154739379883,23.069154739379883,21.269835030539948,21.781221088322454,8196504
2023-02-16,22.728229522705078,24.565428581548076,22.254724740982056,24.148743867874146,9605732
2023-02-17,22.614587783813477,23.05021312618262,22.08426292926955,22.122144179161392,4205904
2023-02-20,22.652469635009766,22.917632972459135,22.216844281077048,22.614588384112373,3894912
2023-02-21,24.546489715576172,24.546489715576172,22.330487033829346,22.974453872118513,9136437
2023-02-22,24.30026626586914,24.963173710408967,23.656299446893875,24.565429604940565,5402330
2023-02-23,24.03510284423828,24.660130841779516,23.902522078296716,24.300266182398882,2846374
2023-02-24,23.769941329956055,24.262386755642897,23.656299383152373,24.035102862035536,3281353
2023-02-27,23.580537796020508,23.769940431441317,23.14491426334101,23.769940431441317,5424674
2023-02-28,24.186626434326172,24.39496789936811,23.675240375208475,23.675240375208475,5372908
2023-03-01,25.360918045043945,25.474558186903238,23.978283073054307,24.186626343592156,6027797
2023-03-02,25.62607765197754,25.796539658217405,25.038932748570616,25.36091613673984,4696863
2023-03-03,25.304096221923828,25.758662209165088,24.167685769514407,25.474558241354615,4548343
2023-03-06,26.0048828125,26.194285455473572,24.73589160717594,25.304095923541723,5534857
2023-03-07,26.62990951538086,27.179174985731432,26.326864940120732,26.421566256997185,6273374
2023-03-08,27.406457901000977,27.406457901000977,26.09958366193082,26.648849149086807,7073801
2023-03-09,27.10341453552246,27.7663201470227,27.027653842600223,27.406457307211415,4850523
2023-03-10,27.59585952758789,27.652681404852217,26.11852503798763,27.084475276151352,6256714
2023-03-13,28.69438934326172,28.92167323033652,27.40645755207654,27.57691956424393,12408141
2023-03-14,27.74738121032715,28.826973407996384,27.273876399186566,28.675452012933597,5637404
2023-03-15,27.539037704467773,28.145123239839346,26.95189098736853,27.842080472153558,5507699
2023-03-16,28.883792877197266,29.37623830402001,27.65268111641788,28.050425221732024,7533701
2023-03-17,28.808032989501953,29.717161366425653,28.33452817495148,28.99743563783315,6568260
2023-03-20,27.48221778869629,29.451997595797177,27.48221778869629,28.542867481447406,5050684
2023-03-21,27.36857795715332,28.41028891184307,26.93295439418494,27.747381448055723,5955733
2023-03-22,27.273876190185547,27.936783643213474,26.838252634287617,27.936783643213474,4357283
2023-03-23,26.95189094543457,27.766319737030997,26.895070878151234,27.406456902533375,4181425
2023-03-24,27.520099639892578,27.84208306207961,27.25493809664035,27.482220193546922,7257741
2023-03-27,28.12618637084961,28.18300644215926,27.368577592851768,27.633740936092636,5568768
2023-03-28,27.690561294555664,28.826973570198366,27.576921150757904,28.164066108360537,6531814
2023-03-29,28.239824295043945,28.33452561063895,27.23599468480257,27.766319523346287,4715289
2023-03-30,28.296646118164062,28.73227147442788,28.050425211123283,28.220885422241327,4463187
2023-03-31,27.444337844848633,29.357297675259215,27.444337844848633,28.296646125778086,6525473
2023-04-03,26.89507293701172,27.72844241692414,25.36091835897808,27.72844241692414,7374827
2023-04-04,27.879962921142578,28.031484311506603,26.364747211224866,26.857192633046676,5650248
2023-04-05,27.23599624633789,28.315586609696506,26.45944866523591,27.842081810851155,3472995
2023-04-06,27.38751792907715,27.785262036593355,27.235996536335495,27.463278625447973,2797217
2023-04-07,26.97083282470703,27.65268088893787,26.800370808649323,27.46327824747876,1775515
2023-04-10,27.74738121032715,27.842082533810768,27.16023625602823,27.16023625602823,3139007
2023-04-11,27.804201126098633,28.391346038963945,27.406457040557424,28.1072438948391,4891099
2023-04-12,28.580751419067383,28.789092891027934,27.70950247207612,27.8042037979773,5897701
2023-04-13,28.35346794128418,29.18683559486088,28.334527315769886,28.58075002862328,6198640
2023-04-14,30.077024459838867,30.13384452884772,28.33452668916295,28.448168633458085,11214453
2023-04-17,28.82697296142578,30.417947584938585,28.808032335766974,30.304307443540697,6928582
2023-04-18,29.755041122436523,29.925503136107793,28.33452675021252,28.789090915817617,6052856
2023-04-19,30.796751022338867,30.815691646859477,29.414116139049565,29.73609953079047,7827995
2023-04-20,31.933162689208984,32.19832420309936,30.51264838613107,30.51264838613107,6727143
2023-04-24,33.06957244873047,33.86506063199313,32.19832537840007,32.880173424783735,11255721
2023-04-25,31.933162689208984,33.52413899766062,31.819518943923377,33.05063422996798,6510157
2023-04-26,31.91422462463379,32.63395033972721,30.872511884627954,31.933165250367168,6899057
2023-04-27,31.308141708374023,32.31196966954872,30.891455131987286,31.95210858773963,4656975
2023-04-28,31.478599548339844,31.64905794658807,30.17172533636825,31.630120934325333,3963724
2023-05-02,30.493709564208984,31.497537419012353,30.001264143196714,31.47860040623352,4339552
2023-05-03,30.77781105041504,31.061913199138676,28.523929066715937,30.77781105041504,4741761
2023-05-04,31.251314163208008,31.554356920634746,30.777809403159402,30.7967500270679,4523050
2023-05-05,31.080856323242188,32.02786597017231,30.626292126222342,31.232377722248803,6206743
2023-05-08,31.933162689208984,32.31196433583028,29.86868161306471,31.44071729730208,6047821
2023-05-09,31.63011932373047,32.19832358910458,29.56563648067679,29.56563648067679,6871612
2023-05-10,29.565637588500977,31.630120508910814,29.167893504069244,31.630120508910814,6497638
2023-05-11,30.399005889892578,31.251315951781272,28.902732641032774,29.565638259273808,12767290
2023-05-12,29.470937728881836,31.421776878788922,29.470937728881836,30.493707961542356,6648370
2023-05-15,27.709501266479492,29.130015674360195,26.554150198329747,29.130015674360195,4858250
2023-05-16,28.410287857055664,28.921673905495844,27.235996175717325,27.463278261820474,4780089
2023-05-17,28.410287857055664,28.826972584716835,28.050425005628373,28.410287857055664,4006623
2023-05-18,28.069364547729492,29.167895561994378,27.3875182718581,28.63757068076107,4165821
2023-05-22,27.36857795715332,28.16406619118713,27.046594538316896,28.16406619118713,3362243
2023-05-23,27.61479949951172,27.67161956915324,26.876131369062165,27.463278109616034,1690827
2023-05-24,26.270044326782227,27.74737869802224,25.815480182751042,27.70949925582498,4550712
2023-05-25,25.68290138244629,26.648849810539634,25.626079505405077,26.270046328318962,2264265
2023-05-26,25.304096221923828,25.985944299646974,24.830591415183864,25.853361725491087,8745362
2023-05-29,25.58820152282715,27.084476717827208,24.622251233246992,25.72078229761273,14277226
2023-05-30,25.7586612701416,26.51626821079624,25.701839394884434,26.02382279623201,13540645
2023-05-31,25.7586612701416,26.19428480944866,25.701839394884434,25.815481339121344,14618690
2023-06-01,26.32686424255371,26.497326247159222,25.89124072525281,26.004880857471598,11875669
2023-06-02,26.89507293701172,27.046594332218067,26.554150700936194,26.554150700936194,9704586
2023-06-05,28.35346794128418,28.5428687775947,27.02765486200069,27.463278411164602,14053239
2023-06-06,28.239824295043945,29.26259452965979,27.917840905787347,28.542867059926067,9509378
2023-06-07,29.18683433532715,29.433057037555002,28.353466717713737,28.52392872743128,9152239
2023-06-08,29.281538009643555,29.66034150268808,28.56181046972019,29.243656757200334,6378573
2023-06-09,30.30430793762207,30.64523197992912,29.338357688603764,29.622461659285477,7732025
2023-06-12,29.451997756958008,30.702048284259103,29.357296439446248,30.399005513243395,6945177
2023-06-13,29.18683433532715,30.00126313452102,28.94061163309929,29.451997662251927,7400851
2023-06-14,29.016372680664062,29.603519409511538,28.448168383022683,29.224715942324817,5088918
2023-06-15,30.209606170654297,30.209606170654297,29.111075168541596,29.111075168541596,4568659
2023-06-16,30.588409423828125,31.080854850402716,30.020205107617798,30.30430726572296,7274382
2023-06-19,30.03914451599121,30.91039343921807,29.73610172639535,30.626291275541327,6626685
2023-06-20,28.921674728393555,30.07702581719338,28.67545200987343,30.07702581719338,4937854
2023-06-21,27.879962921142578,29.148955920149387,27.766320975230833,29.148955920149387,4800894
2023-06-22,29.470937728881836,29.60351848669496,27.40645663922254,27.86102078567669,6495697
2023-06-23,31.080856323242188,31.573301773152465,29.88762395135693,29.88762395135693,8557010
2023-06-26,31.2702579498291,31.895284151807,31.080855304142315,31.42177934386753,5866012
2023-06-27,31.535415649414062,31.7816401426158,31.28919476876688,31.478597391409473,1788131
2023-07-03,32.31196594238281,32.42560969331879,31.819520525991496,31.91422365177148,6066507
2023-07-04,32.42560577392578,32.501364652837665,31.857397925591687,32.33090265959289,4904884
2023-07-05,34.62267303466797,35.64544154653543,32.80441268432414,32.80441268432414,14131539
2023-07-06,35.32345962524414,35.51286227991472,34.35750933772384,34.96359494262556,10103201
2023-07-07,35.96742248535156,36.40304601388014,34.849950920827105,34.849950920827105,6567995
2023-07-10,35.96742248535156,36.70608878264392,35.493917707588814,36.251524629498256,8639756
2023-07-11,36.649269104003906,37.35005412496052,35.664378337333105,36.270463851421404,8171022
2023-07-12,37.17959213256836,37.48263850224876,36.08106123484876,36.36516698063947,5679245
2023-07-13,37.141719818115234,38.164488366793734,36.93337653803687,37.31218184498751,6869281
2023-07-14,37.91826248168945,37.91826248168945,36.61138831762037,37.27429571171655,2903763
2023-07-17,39.41453552246094,39.79334077847729,38.77056875476594,38.77056875476594,8054307
2023-07-18,38.31600570678711,39.98274454568254,37.65309829614813,39.62287990346913,7794279
2023-07-19,39.11149597167969,39.52818250999679,38.012964974165875,38.316007758821065,5547219
2023-07-20,39.7744026184082,40.153207897891185,38.6190497672845,39.20619831173861,5895565
2023-07-21,39.963802337646484,40.43730709611965,39.41453508379139,39.77439971174629,6351766
2023-07-24,40.94869613647461,41.61159995741279,40.03956418730033,40.26684807773262,7213808
2023-07-25,39.547119140625,40.92975589636831,39.45241962604412,40.92975589636831,4738932
2023-07-26,39.7933464050293,40.55095341162865,39.03573939842995,39.75546515156054,4501374
2023-07-27,40.75929260253906,41.17597551121151,40.05850393391901,40.11532580841949,4425528
2023-07-28,41.649478912353516,41.649478912353516,40.645647504816736,40.75929125004672,6523055
2023-07-31,43.05105209350586,43.05105209350586,41.04339291416546,42.06616132154466,8010506
2023-08-01,41.857826232910156,43.0510567733204,41.63054233292223,43.0510567733204,4694524
2023-08-02,42.14192581176758,42.38814671013244,41.289615754822265,41.85782366363741,8163301
2023-08-03,42.04722595214844,44.0548852098923,41.47901804803278,43.088935024194974,15152569
2023-08-04,43.56243896484375,43.56243896484375,41.40325836347335,42.1608652751336,9166772
2023-08-07,43.35409927368164,43.99806610467371,42.558611047900555,43.562442546224666,6995395
2023-08-08,42.86165237426758,43.695021823435106,42.40708820541845,43.695021823435106,7327518
2023-08-09,44.32004928588867,44.755672842034954,42.42603005476048,42.95635673999617,10925206
2023-08-10,45.456459045410156,48.013385589225436,44.33898747153944,44.33898747153944,13011479
2023-08-11,47.776634216308594,48.29748876479046,44.907192721392555,45.34281987540099,11817065
2023-08-14,50.428260803222656,51.043818483401324,48.15543633608362,48.297489219987895,11739246
2023-08-15,50.333560943603516,51.94347434984538,48.67629416801522,50.90176525021183,9455099
2023-08-16,50.19150924682617,50.949116211059724,49.19714988048495,50.66501405104151,5886315
2023-08-17,49.52859878540039,50.09680668342553,48.8656913773151,49.433899275340245,8595784
2023-08-18,48.06073760986328,51.138518836110684,46.87697559976813,50.23885898592737,10502086
2023-08-21,49.48125076293945,50.00210531161731,46.76333426843307,47.96603687359388,11121628
2023-08-22,51.112308502197266,52.020759977961355,49.63010011955978,50.20385702643318,9013218
2023-08-23,52.59451675415039,53.12046119212041,50.20385690168901,51.255745777629045,10534100
2023-08-24,51.78169250488281,54.26797722706811,51.25574443285443,52.8813938194482,12351204
2023-08-25,54.55485534667969,54.937362369898,51.3513727066913,52.02075817339468,10626362
2023-08-28,55.46330642700195,56.46738279654001,54.698296033442354,54.98517447504504,7286986
2023-08-29,57.088958740234375,57.28021226046136,54.650486388948416,55.51112175818361,9034947
2023-08-31,59.43180465698242,60.961825484509504,56.276130772439544,58.33209967929537,19280203
2023-09-01,59.38398742675781,61.5355812269716,57.66271311615824,60.67494589560048,13146785
2023-09-04,58.81023025512695,60.86619911343285,58.66678920999591,59.766494161714384,8530582
2023-09-05,58.28428649902344,59.52742886215562,57.9974080533556,58.90585585666085,4883068
2023-09-06,57.662715911865234,58.66679233774163,56.80208053876724,58.66679233774163,6217748
2023-09-07,63.11341857910156,63.400300672746994,59.67086993392987,59.90993591339617,25690925
2023-09-08,61.918087005615234,63.304666730698415,61.53557998968088,63.1134168705885,7961220
2023-09-11,61.82246398925781,63.78280065106695,61.48777307584793,62.3484047686977,11640174
2023-09-12,63.591548919677734,64.35656295278673,61.39213904627525,61.822462175792005,8788636
2023-09-13,61.63120651245117,64.06968241829918,60.57931766323398,63.591550459953666,8373225
2023-09-14,61.63120651245117,62.15715458491712,57.18458148855228,61.63120651245117,8648214
2023-09-15,60.34025192260742,64.02186655727968,59.95774854313325,61.48777300460203,10922023
2023-09-18,59.144920349121094,60.34025021590088,57.328021140330165,60.34025021590088,7039767
2023-09-19,60.24462890625,60.53150736194636,56.84989261015185,59.14492390358022,17339860
2023-09-20,58.61897659301758,62.2049698813269,58.61897659301758,60.34025089086309,5532244
2023-09-21,59.00148391723633,60.00556029215511,58.523351962717165,59.19273742861546,6500427
2023-09-22,57.85396957397461,59.33617798224874,57.088959135625785,59.0014870554266,7436627
2023-09-25,58.81023025512695,58.81023025512695,57.184580884356855,58.1886572567022,8004142
2023-09-26,58.8580436706543,59.95774864011828,58.18865819567002,59.09710965115887,9579499
2023-09-27,59.24055099487305,60.29243985521084,58.140846019909326,59.09710994670999,7997809
2023-09-28,56.41957092285156,60.24462657863811,55.27205349654413,60.24462657863811,18796652
2023-09-29,55.65456008911133,57.13676841464789,55.55893150974481,56.89770243801756,9115167
2023-10-02,57.71052551269531,58.14084500179167,55.98925120416721,56.03706367009851,9738040
2023-10-03,56.80208206176758,58.76242249777485,56.41957500934087,58.236478036581325,6115049
2023-10-04,57.423648834228516,58.61897875853742,56.89770439710408,56.94551686450495,8392963
2023-10-05,59.57524108886719,59.814307067271834,57.0411439064923,59.383987576572,13808717
2023-10-06,62.39622497558594,62.44404109308704,58.37991551195372,59.09711350017884,17605746
2023-10-09,59.24055099487305,62.82653707251818,59.24055099487305,61.43995729694311,14582694
2023-10-10,63.92624282836914,65.12157275147146,61.67902403207975,62.15715600132068,30264079
2023-10-11,63.591548919677734,67.08191359020144,62.63528502614874,64.21312190961447,22335640
2023-10-12,62.635284423828125,65.31282621824701,60.53150314872352,64.64343712178507,19959916
2023-10-13,62.826534271240234,63.78279815540349,60.96182261540766,62.68310052518731,14513297
2023-10-16,59.814308166503906,64.02186727503538,59.52742971671771,63.54373530943925,9068509
2023-10-17,60.72275924682617,61.296516142771345,58.7146064631607,60.196814817566874,8302822
2023-10-18,60.770572662353516,62.49184702492152,59.192739349940105,59.76649625484363,11580610
2023-10-19,62.01371383666992,63.16123491964965,61.20089096271432,62.15715488400673,13193994
2023-10-20,59.33617401123047,63.209042060067524,58.57116362407926,61.105264407366,10903540
2023-10-23,59.527427673339844,61.05744845158399,59.24054923340123,60.340250527808806,12213121
2023-10-24,61.200889587402344,62.01371244309212,59.19273685695862,60.101184643485794,13387859
2023-10-25,58.09303283691406,62.109338361674105,57.99740790455591,61.29651549305775,9404976
2023-10-26,58.18865966796875,59.28836466525764,56.6586388131696,58.427725654522206,10082315
2023-10-27,59.288360595703125,59.57523903030444,57.61489880469538,59.00148216110181,4593224
2023-10-30,59.76649856567383,60.10118949849857,58.57116859436035,59.09711305216677,3568865
2023-10-31,57.1845817565918,61.200890955091126,56.41957134922463,60.196814567430636,8864252
2023-11-01,58.81023025512695,59.097108697531716,56.46738295441629,57.28020946372999,8091519
2023-11-02,59.718685150146484,60.62713664352177,58.37991414434527,60.10118854619146,8460086
2023-11-03,61.48777389526367,61.48777389526367,59.43180497732596,59.766495895196094,7916785
2023-11-06,62.06153106689453,63.30466980949762,61.20089206311402,62.25278093630582,12706549
2023-11-07,62.20497131347656,63.35248510655467,60.6271343762081,62.15715519888382,8820302
2023-11-08,64.88250732421875,64.88250732421875,62.2527814708032,62.77872955977228,14095261
2023-11-09,63.49592208862305,64.88250177444495,61.774644213514065,64.02186283689046,9371806
2023-11-10,60.053375244140625,61.96590678925008,59.86212172484394,61.20089271206331,10589343
2023-11-13,57.423648834228516,60.24462818516903,57.423648834228516,59.909937265505505,7916143
2023-11-14,57.04114532470703,58.04522172939945,56.41957230625783,57.61490222800058,6203637
2023-11-15,56.515193939208984,58.04521833836939,56.46738147470399,57.85396483249219,4913976
2023-11-16,57.806156158447266,57.997409676865324,56.610826228156206,56.706451163436505,7368109
2023-11-17,59.288360595703125,59.527426565847094,57.51927387578068,57.80615231038199,9783208
2023-11-20,58.236473083496094,59.862118798402385,58.14084450459395,59.718681401835106,8725176
2023-11-21,57.99740982055664,59.00148623491729,57.99740982055664,58.52335426161627,6401233
2023-11-22,57.1845817565918,58.52335270537736,57.1845817565918,58.093033211277906,5454018
2023-11-23,57.28021240234375,58.33210129441145,56.03706634171784,57.37583733876536,10236948
2023-11-24,57.1845817565918,58.18865814425229,55.8458144556636,57.42364773688512,8987077
2023-11-27,56.706451416015625,57.94959381948398,56.41957296103946,57.80615641592463,6562781
2023-11-28,56.27613067626953,57.662714100766216,56.27613067626953,56.897703688309996,7521366
2023-11-29,55.176429748535156,56.897704101011065,54.31579074836849,56.70645058454542,9502760
2023-11-30,55.98925018310547,56.1326912261408,54.50704187912185,55.17642733352462,7835122
2023-12-01,55.8458137512207,56.89770259209979,55.41549426254933,56.89770259209979,5466231
2023-12-04,57.1845817565918,57.37583527039793,54.93736300097749,56.515196282199014,6731207
2023-12-05,58.236473083496094,58.666788921055236,57.184580602716224,57.184580602716224,11047223
2023-12-06,56.1326904296875,58.52335012730743,55.65455849016351,58.23647169316448,8308630
2023-12-07,56.1326904296875,56.41956886383045,54.79391953987745,56.323943935068534,4640341
2023-12-08,56.75426483154297,57.280212930281856,56.03706685819816,56.27613284931309,4691742
2023-12-11,53.88547134399414,56.706450685264905,53.83765887675717,56.65863821802793,4292759
2023-12-12,52.30763626098633,53.88546951334753,51.87731677475789,53.742032116509584,5758453
2023-12-13,49.72572326660156,52.97702201625305,49.72572326660156,52.73795603900978,4942673
2023-12-14,53.07264709472656,53.07264709472656,50.15604289386711,50.49073380379002,6631194
2023-12-15,55.65456008911133,55.65456008911133,52.92920576681123,53.072646811932344,8152523
2023-12-18,52.73795700073242,55.4154952651129,51.92513047456829,55.36768279836381,6100756
2023-12-19,50.347293853759766,52.977019477410224,49.6779084199864,52.59451247300912,7613915
2023-12-20,50.68199157714844,51.87732156717553,50.34730063908391,50.68199157714844,5303037
2023-12-21,51.351375579833984,51.78169509306691,49.96479210290902,50.72980254429115,5807321
2023-12-22,50.82543182373047,52.7379597772427,50.82543182373047,51.49481368917369,5695099
2023-12-25,50.203853607177734,50.538544505416034,48.29132585071382,50.538544505416034,2836563
2023-12-26,51.446998596191406,51.446998596191406,49.151967357734264,50.15604375255035,4301991
2023-12-27,51.351375579833984,51.82950756168,49.91697963429593,51.447000517060175,4293980
2023-12-28,51.06449508666992,52.06857147898802,50.87324157197662,51.638251982892434,4493348
2023-12-29,51.59043884277344,51.92512975322496,50.490733883534446,51.59043884277344,4018992
2024-01-02,51.49481201171875,52.40326348961557,50.82543016808079,52.116385035505374,5776301
2024-01-03,51.351375579833984,51.78169509306691,50.49073655336814,51.590441570756994,6522278
2024-01-04,51.351375579833984,51.49481298567327,50.20385809383203,51.39918804844708,5434300
2024-01-05,51.446998596191406,52.21200900901046,50.63417571654443,51.781693159701696,7972148
2024-01-08,52.35544967651367,53.120460083767966,51.63825173573951,51.781692783037286,9560352
2024-01-09,50.53854751586914,52.92920735385457,50.347297647116235,52.69014137005603,9395175
2024-01-10,51.686065673828125,51.97294412873433,50.156044815756694,50.586364322044744,8502358
2024-01-11,52.4988899230957,53.31171278443293,51.877316924762084,51.925129390512986,7842346
2024-01-12,52.977020263671875,53.550777130931834,51.30355847833025,52.40325974855472,8226585
2024-01-15,53.02483367919922,53.694219134915656,52.594514197105994,53.21608718766924,7228060
2024-01-16,53.26390075683594,54.17235220500527,53.02483477825755,53.26390075683594,8178723
2024-01-17,53.4073371887207,53.83765667194549,52.40326082643438,53.120458749189936,7175314
2024-01-18,53.31171417236328,54.363603037697445,52.69014115784748,54.315790570701786,5117888
2024-01-19,51.829505920410156,53.5029678038782,51.63825240415662,53.35952675472369,6644591
2024-01-22,53.55078125,53.69422230177692,52.11638532366071,52.212010259607005,7764785
2024-01-23,55.750186920166016,56.515197341877375,53.981100091967406,54.2201660767433,12946137
2024-01-24,58.33209991455078,58.810231881063494,55.75018656581066,56.75426296591587,12186689
2024-01-25,58.66679000854492,59.04929703552935,57.85396713602471,58.37991156223528,7428376
2024-01-26,58.90585708618164,60.24462805771836,58.284287715570436,59.00148566863851,8824907
2024-01-29,59.288360595703125,60.34024940519368,59.00148216110181,59.288360595703125,8862373
2024-01-30,59.670867919921875,60.81838166434338,58.61897545705919,59.47961441323255,7490613
2024-01-31,61.009639739990234,61.91809122890474,59.38399028317336,59.766497325197626,7573468
2024-02-01,61.67902374267578,62.34840557818633,61.10526684142176,61.20089177567829,6382345
2024-02-02,62.635284423828125,62.635284423828125,60.053371206556896,61.87027039807574,8553532
2024-02-05,62.826534271240234,63.25685739654237,61.67902052853011,62.635284412693366,9543495
2024-02-06,65.98221588134766,65.98221588134766,63.11342388650645,63.11342388650645,12476480
2024-02-07,65.69532775878906,67.03409869315622,65.02594593946282,65.98220985033726,8327415
2024-02-08,67.65567779541016,67.99036873525499,64.7390696859438,65.69533368305208,9865379
2024-02-09,68.37287139892578,68.99444441624081,67.03410042987377,67.89473943110113,9046074
2024-02-12,67.846923828125,68.56412178527522,67.32098303697711,68.08598981384173,9532245
2024-02-13,66.6037826538086,68.32505331084354,66.1256506997909,68.32505331084354,11112071
2024-02-14,67.22535705566406,67.51223185663083,66.03002714568224,66.55596792864537,8543807
2024-02-15,69.1856918334961,69.99851469085273,67.41660507437525,67.89473702525736,10973908
2024-02-16,69.9507064819336,70.14195634566494,68.7553765943261,69.23350854936909,9010973
2024-02-19,67.03410339355469,70.95478424391324,67.03410339355469,70.76353436661385,16435969
2024-02-20,68.32505798339844,68.70756503191409,66.50816227045058,67.17754413356663,8270894
2024-02-21,67.65567779541016,68.61194179251844,66.74722991644343,68.37287579324136,6278103
2024-02-22,66.55596923828125,68.80318805412314,66.26909443166959,68.65975429867477,8617234
2024-02-23,67.3687973022461,67.70349554587577,66.6994154064177,66.89066529216424,6713628
2024-02-26,66.5081558227539,67.70348567366095,66.5081558227539,67.46441970347954,7246854
2024-02-27,64.54782104492188,66.65159896069241,64.2609389219916,66.55597401828746,10299514
2024-02-28,62.15715408325195,64.73906371919348,62.15715408325195,64.54781385568472,11091410
2024-02-29,64.0696792602539,64.45218626721919,62.6830995676834,62.730908383732604,10427879
2024-03-01,62.96997833251953,64.64344021005043,62.4440375484387,64.30874929368721,7046449
2024-03-04,61.7746467590332,64.49999742716275,61.58339689645782,63.44810859156893,11506010
2024-03-05,60.57931900024414,62.157155956750785,59.95774962939109,61.77464892248935,8328374
2024-03-06,60.053375244140625,60.67494826989051,59.47961833410802,60.579319686313426,7107358
2024-03-07,63.83061599731445,63.83061599731445,60.53150477799415,60.53150477799415,11084642
2024-03-08,64.21312713623047,64.50000195021057,63.20904704801231,63.83062008854188,6666785
2024-03-11,62.92216873168945,65.98221035144144,62.92216873168945,65.16938748016807,7138808
2024-03-12,63.639366149902344,64.73906381019552,61.822463261156535,63.11341808094197,11490068
2024-03-13,63.591548919677734,64.26093072686221,62.013712036212,63.63936503263999,7422334
2024-03-14,61.53558349609375,63.926243362264564,61.20089257397282,63.68717737564749,9729751
2024-03-15,62.58747482299805,62.58747482299805,61.248711082216545,61.58340201741192,5558862
2024-03-18,61.39213943481445,62.53966049174039,60.86619866747364,62.53966049174039,4738267
2024-03-19,60.8661994934082,61.20089040366029,59.001484134350214,60.531504935298784,10547053
2024-03-20,61.10526657104492,61.96590556697523,60.38806862372213,61.43995748731927,6030688
2024-03-21,60.053375244140625,61.96590678925008,59.527430801967824,61.72684080209358,9060355
2024-03-22,59.86212158203125,61.2965175015482,59.38398960885893,60.818385528375885,7171925
2024-03-25,58.953670501708984,61.24870530557465,58.953670501708984,59.86211828237594,11690784
2024-03-26,56.08488082885742,59.14492247976309,55.65456133174337,58.95367261247453,11425941
2024-03-27,55.41549301147461,56.56301040607252,55.2720519692034,56.22831585672546,9713986
2024-03-28,55.36768341064453,56.18050629793984,55.272054828231454,55.75018679672456,9018121
2024-03-29,56.41957092285156,57.04114392605981,55.60674805513986,55.84581403362652,6166897
2024-04-01,57.1845817565918,57.42364773688512,55.8458144556636,57.088956823617416,5725661
2024-04-02,55.65456008911133,58.57116427442984,55.65456008911133,57.32802192552361,7394373
2024-04-03,56.99332809448242,57.18458160779089,55.032987790749665,55.654560797037846,5604371
2024-04-04,58.66679000854492,59.097109501938064,56.99332814923842,56.99332814923842,8011643
2024-04-05,62.15715408325195,62.15715408325195,58.85804286772327,59.09710884496655,9170702
2024-04-08,61.918087005615234,62.68310103748392,61.487771172510655,62.25277790866485,6702176
2024-04-15,61.009639739990234,61.29651819757969,59.5752438041855,60.96182727170158,9457523
2024-04-16,60.10118865966797,60.866202748917374,59.670872794287085,60.1490047761392,8447745
2024-04-17,56.180503845214844,58.33209760949967,55.94143787140542,57.90177812707125,25755773
2024-04-18,54.315792083740234,56.61082704203725,54.076726094245025,56.180507531374374,12974750
2024-04-19,54.74610900878906,55.46330694340202,53.69422016383299,53.789845095971785,11295629
2024-04-22,53.50296401977539,55.31986317603675,53.35952298076603,55.27205071231934,11231490
2024-04-24,53.35952377319336,54.028909218749305,52.977020409916534,53.789843248754835,13722369
2024-04-25,55.032989501953125,55.702374995418054,53.59859357932433,53.78984709857966,15625018
2024-04-26,55.032989501953125,55.46330900831325,54.17235413709033,55.31986795690739,11353721
2024-04-29,55.5111198425293,55.89362686978319,54.45923098936715,55.55893230897169,12600282
2024-04-30,55.750186920166016,56.610825924502194,55.27205495061423,55.89362797017452,13532054
2024-05-02,56.897705078125,57.13677106584821,55.750187607482076,55.750187607482076,13257746
2024-05-03,59.00148391723633,59.00148391723633,56.70644907640141,57.280209610538805,14100813
2024-05-06,58.71460723876953,59.47961765942119,58.37991267183244,59.04929815784919,7686357
2024-05-07,59.144920349121094,59.144920349121094,57.328021140330165,58.762416980465915,8768147
2024-05-08,59.90993881225586,60.19681727192512,58.714608857086006,59.240553307789234,11372008
2024-05-09,61.29651641845703,61.344332533215336,60.19681508830657,60.24462755520748,10852165
2024-05-10,61.87027359008789,62.30059673766776,61.00963823850038,61.39214162325347,10492665
2024-05-13,61.43995666503906,62.77872760793383,61.248706799931824,62.252779535316876,12966752
2024-05-14,62.20497131347656,62.73091209542287,61.05745022468369,61.48777336887406,14293987
2024-05-15,62.77872848510742,62.9699783528869,61.39214140870446,62.39622145383368,9958701
2024-05-16,61.82246398925781,63.209043757262194,61.583398008862936,63.11341882424719,7389841
2024-05-17,63.974056243896484,63.974056243896484,62.348403239650395,62.587469214182356,13759014
2024-05-20,65.8387680053711,65.8387680053711,63.40029943966968,63.9740563200868,11968836
2024-05-21,63.11341857910156,65.9822103326971,62.491845573346254,65.83876928587436,14328972
2024-05-22,63.11341857910156,64.16530742961031,62.15715466123638,63.92624145014402,9194860
2024-05-23,63.49592208862305,64.21311998729941,62.348401073312296,62.58746703953775,8857270
2024-05-24,62.5396614074707,63.448109207088685,62.30059542907496,63.448109207088685,5638539
2024-05-27,62.58747482299805,63.06560681491007,62.25278388780267,62.53966600123597,8549369
2024-05-28,62.68310546875,62.969980279194964,62.01371631961504,62.58747323621999,6283837
2024-05-29,62.20497131347656,63.20904405849121,61.965905331942395,63.06560301042776,8471372
2024-05-30,57.423648834228516,60.14900325036729,57.041145447164126,59.8621211502472,18828249
2024-05-31,55.98925018310547,58.0930314764325,55.0329862904893,57.71052446024313,16872762
2024-06-03,57.47146224975586,57.662715770371946,56.22831983753753,56.37176088996397,10878550
2024-06-04,57.662715911865234,58.61897986943466,57.375837454165904,58.23647647512139,6888255
2024-06-05,57.423648834228516,58.14084678881386,56.84989192970321,57.6627148190903,8846635
2024-06-06,56.61082458496094,58.28428643879424,56.5630121187086,57.56708850143711,5866412
2024-06-07,56.515193939208984,57.56708639760499,56.41956901019899,56.65863498058119,4555372
2024-06-10,56.945518493652344,57.662716468755924,56.22832051854877,56.467386510249966,6737424
2024-06-11,57.37583541870117,58.14084582804571,56.46738396166693,56.70644994257818,8596151
2024-06-12,59.04929733276367,59.33617578051736,57.28021053173475,57.375835465033525,8735937
2024-06-13,61.82246398925781,62.252779835682695,60.14900212649368,60.19681459300118,16239264
2024-06-14,61.34433364868164,62.109340428721595,59.957750196197736,61.82246562209971,6937194
2024-06-20,61.48777389526367,62.15715573100394,60.48369384593845,61.77464869813171,5748535
2024-06-21,60.81838607788086,61.91809108525621,60.2924416322108,61.774650032865516,6004845
2024-06-24,61.48777389526367,61.63120764884028,59.86212082948544,60.866200878810666,9026249
2024-06-25,61.10526657104492,61.77464840359361,60.57931849138895,61.58339853592678,7083731
2024-06-26,58.28428649902344,61.153078251416474,58.28428649902344,61.153078251416474,9274380
2024-06-27,60.62713623046875,60.62713623046875,58.666792203646196,58.810233256096744,5703162
2024-06-28,60.292442321777344,61.20089381897425,59.76649787009204,60.674949367288946,6276017
2024-07-01,59.78694152832031,61.55549830572124,58.41140194907453,61.408117324919814,8106596
2024-07-02,59.59043884277344,60.13082952826491,58.85354143127032,59.83607131327447,5499226
2024-07-03,58.5096549987793,60.720347281464065,57.67450608009782,60.523840551170146,10291246
2024-07-04,59.639564514160156,59.68869025858934,58.3622764187312,58.7552861222187,7693723
2024-07-05,60.327335357666016,60.67121931203489,58.90266630032322,59.93432191148386,8560531
2024-07-08,61.506370544433594,61.85025825996384,60.37646340268775,60.52384063958287,11628827
2024-07-09,62.19414138793945,62.8819130616622,60.769472295525354,61.89938317007373,11084998
2024-07-10,63.22579574584961,63.815312169658974,61.94850766222665,62.24326587413133,15710949
2024-07-11,63.22579574584961,64.01182264166745,62.58715357806514,63.569679701729406,10937483
2024-07-12,64.01182556152344,64.5030905197913,63.17667663168976,63.37317961655355,11465608
2024-07-16,65.04347229003906,65.38736373029339,63.717058507697914,64.35570440174595,11848152
2024-07-17,64.89610290527344,65.387367855363,64.35570846173162,65.09260588686595,9092893
2024-07-18,65.3382339477539,66.41901526571324,64.99435000514517,65.04347199917056,12491744
2024-07-19,64.06094360351562,65.73124885613942,63.52055668045832,65.33823541457453,10258954
2024-07-22,62.88191223144531,64.15920407208978,62.390647292137146,64.11007457971573,9041265
2024-07-23,63.71706008911133,64.15920302493724,62.58715299597636,62.83278546162144,7787322
2024-07-24,62.88191223144531,64.01182309107571,62.63627976179123,63.32404767837943,7833116
2024-07-25,61.850257873535156,63.12754599225001,61.45724441482868,62.931043010950894,6075564
2024-07-26,62.43977355957031,62.587154541819125,61.70287614443443,61.89938287141481,5935990
2024-07-29,61.6046257019043,62.68540709658253,61.35899322601796,62.34152312956331,7757509
2024-07-30,61.064231872558594,61.948506491562156,60.8677251523176,61.7028740282744,6532676
2024-07-31,58.755287170410156,61.06423468031368,58.31314796655168,60.91685369634282,9462492
2024-08-01,59.934322357177734,60.76947125145778,59.148299207022276,59.54130890807299,8088971
2024-08-02,59.3939323425293,60.474713717620496,58.8044121622535,59.24655136044683,8559086
2024-08-05,56.44634246826172,57.42887235022257,54.333901722824265,55.9550775272813,9025710
2024-08-06,56.593719482421875,58.460527750135206,56.053328799048245,57.96926281105844,5971618
2024-08-07,56.544593811035156,57.3306169649607,56.15158410809941,56.93760726202495,6433172
2024-08-08,58.06751251220703,58.50965169337692,56.83935020232064,57.13411215513651,10698447
2024-08-09,58.06751251220703,59.78693974604798,58.06751251220703,58.46052595059224,9352592
2024-08-12,58.165767669677734,58.70615833570947,56.88847961867894,58.21489341239809,7694184
2024-08-13,58.41140365600586,58.80441336953768,57.08498603419384,58.018390194419894,10022364
2024-08-14,56.790225982666016,59.344805904576624,56.790225982666016,59.344805904576624,6811722
2024-08-15,57.13411331176758,57.52712301005501,55.80769574140573,57.13411331176758,6555885
2024-08-16,56.397216796875,58.21489558163698,56.397216796875,57.37974668010938,5313852
2024-08-19,57.477996826171875,57.57624831297793,56.15158301402027,56.59371845270149,4448684
2024-08-20,55.955078125,57.62537969178661,55.856822886921904,57.33061772560643,6508080
2024-08-21,54.92341995239258,56.29895948950726,54.87429046159419,56.004201284986536,7163916
2024-08-22,54.579532623291016,55.709443454264836,53.79350948994372,55.218178527416036,7044539
2024-08-23,52.270591735839844,55.16905570743142,52.270591735839844,54.87429373726125,7966447
2024-08-26,52.17233657836914,53.10574073991427,51.97583359535261,52.712731025827054,5034523
2024-08-27,52.56534957885742,52.61447532418011,51.43543869616501,52.56534957885742,6238093
2024-08-28,52.712730407714844,53.35137259113812,52.467097933770326,52.66360091448266,4581659
2024-08-29,51.87757873535156,52.90923439595305,51.681072002843145,52.76185715761237,6416605
2024-09-02,53.84263610839844,53.89176185227122,52.17233458034574,52.27058981614532,5557014
2024-09-03,52.860107421875,54.23565076942526,52.71273018695796,54.088269786454134,4131395
2024-09-04,53.49875259399414,53.99001753287737,52.07408352162198,52.565348460505206,4928710
2024-09-05,53.84263610839844,54.38302678710707,53.302245429689805,53.59700364098051,3560959
2024-09-06,52.9583625793457,54.28477643185259,52.860107341496324,54.088269704207924,3002080
2024-09-09,51.38631057739258,52.95836059148699,51.18980385712403,52.51622140789625,4649899
2024-09-10,51.4354362487793,52.07408215174873,51.14067804281415,51.582817225788844,4106360
2024-09-11,46.670169830322266,49.00859202074935,46.29680742222454,49.00859202074935,20276935
2024-09-12,44.86231231689453,46.74877155752268,44.31209425753343,46.68981841785953,16687779
2024-09-13,46.11994934082031,46.11994934082031,44.62650353423702,45.333926218422235,8595367
2024-09-16,44.9998664855957,46.35575873122079,44.82301081233791,46.11994991752575,7834407
2024-09-17,45.92344665527344,46.0020470939724,44.92126576249772,45.11776873327209,9056160
2024-09-18,44.9998664855957,46.139600964338165,44.9998664855957,46.08065157195486,6465463
2024-09-19,45.353580474853516,45.628687650149864,44.78371507630333,45.196375839247864,9923159
2024-09-20,45.25532913208008,45.98239916862909,45.25532913208008,45.58938945234843,6513293
2024-09-23,44.901615142822266,45.648336183806336,44.78371260962562,45.43218216428813,4283714
2024-09-24,45.216026306152344,45.64833811149888,44.66580821457612,45.07847272027181,9750130
2024-09-25,45.60903549194336,46.257508814591986,45.33392832334387,45.4518308601645,8525680
2024-09-26,45.844844818115234,46.82737471455839,45.844844818115234,45.864495865810596,7812588
2024-09-27,47.51514434814453,47.593744787491396,45.333926872473384,45.982396426314274,14309905
2024-09-30,47.39724349975586,48.222568756529476,46.90597855520142,47.515146036993784,8576193
2024-10-01,47.279998779296875,48.79999923706055,46.5,47.79999923706055,9895309
2024-10-02,46.900001525878906,47.939998626708984,46.439998626708984,47.279998779296875,7003001
2024-10-03,44.779998779296875,48.060001373291016,44.779998779296875,47.02000045776367,11845919
2024-10-04,45.599998474121094,45.779998779296875,44.29999923706055,44.97999954223633,7794509
2024-10-07,45.47999954223633,46.119998931884766,45.380001068115234,45.70000076293945,4791937
2024-10-08,45.58000183105469,46.36000061035156,45.2400016784668,45.5,4176905
2024-10-09,44.86000061035156,46.13999938964844,43.779998779296875,45.720001220703125,7163833
2024-10-10,45.91999816894531,46.20000076293945,44.720001220703125,44.959999084472656,7497563
2024-10-11,44.619998931884766,45.959999084472656,44.41999816894531,45.91999816894531,5704709
2024-10-14,42.5,44.65999984741211,42.439998626708984,44.619998931884766,7692736
2024-10-15,42.2599983215332,42.79999923706055,41.79999923706055,42.779998779296875,8553150
2024-10-16,42.279998779296875,42.5,41.880001068115234,42.31999969482422,10031938
2024-10-17,42.08000183105469,42.7599983215332,41.79999923706055,42.36000061035156,9513086
2024-10-18,41.0,42.52000045776367,41.0,42.15999984741211,8041771
2024-10-21,40.060001373291016,41.099998474121094,40.060001373291016,41.099998474121094,4603005
2024-10-22,40.15999984741211,40.560001373291016,39.63999938964844,40.119998931884766,8884571
2024-10-23,39.040000915527344,40.560001373291016,39.0,40.15999984741211,6785406
2024-10-24,39.7400016784668,39.97999954223633,39.41999816894531,39.58000183105469,6374986
2024-10-25,39.540000915527344,39.720001220703125,39.119998931884766,39.65999984741211,6145959
2024-10-28,39.939998626708984,40.13999938964844,39.47999954223633,39.86000061035156,2656468
2024-10-30,39.880001068115234,40.13999938964844,39.68000030517578,40.02000045776367,7179403
2024-10-31,39.29999923706055,40.040000915527344,39.13999938964844,39.959999084472656,5744567
2024-11-01,39.599998474121094,39.84000015258789,39.2400016784668,39.34000015258789,4832121
2024-11-04,39.15999984741211,40.13999938964844,39.08000183105469,39.58000183105469,6220722
2024-11-05,39.02000045776367,39.5,38.099998474121094,39.36000061035156,3828407
2024-11-06,41.29999923706055,42.91999816894531,39.31999969482422,39.34000015258789,14325598
2024-11-07,42.47999954223633,42.47999954223633,41.099998474121094,41.31999969482422,8827213
2024-11-08,42.2400016784668,42.720001220703125,41.65999984741211,42.70000076293945,7204036
2024-11-11,40.439998626708984,41.20000076293945,40.29999923706055,41.20000076293945,9404889
2024-11-12,39.7400016784668,40.560001373291016,39.65999984741211,40.439998626708984,5495607
2024-11-13,39.119998931884766,39.97999954223633,38.91999816894531,39.79999923706055,5384491
2024-11-14,39.380001068115234,39.63999938964844,39.099998474121094,39.29999923706055,4989360
2024-11-15,39.81999969482422,40.13999938964844,39.5,39.5,5753001
2024-11-18,40.400001525878906,40.5,39.36000061035156,39.91999816894531,14223766
2024-11-19,38.91999816894531,40.70000076293945,38.70000076293945,40.560001373291016,10441777
2024-11-20,37.7400016784668,39.2599983215332,37.18000030517578,39.119998931884766,7136507
2024-11-21,39.279998779296875,39.279998779296875,37.81999969482422,37.86000061035156,5306415
2024-11-22,39.880001068115234,40.02000045776367,39.040000915527344,39.400001525878906,5718791
2024-11-25,40.70000076293945,40.91999816894531,40.18000030517578,40.36000061035156,9534701
2024-11-26,40.58000183105469,40.779998779296875,40.099998474121094,40.70000076293945,3800234
2024-11-27,40.36000061035156,40.959999084472656,40.18000030517578,40.79999923706055,6211818
2024-11-28,40.400001525878906,40.779998779296875,40.099998474121094,40.400001525878906,7997837
2024-11-29,41.040000915527344,41.34000015258789,40.439998626708984,40.540000915527344,12919084
2024-12-02,41.52000045776367,41.91999816894531,40.720001220703125,40.900001525878906,13093158
2024-12-03,41.29999923706055,41.880001068115234,41.099998474121094,41.540000915527344,10799096
2024-12-04,42.31999969482422,42.5,41.29999923706055,41.47999954223633,8997328
2024-12-05,43.119998931884766,43.560001373291016,42.400001525878906,42.400001525878906,8555527
2024-12-06,42.599998474121094,43.5,42.13999938964844,43.400001525878906,7685860
2024-12-09,43.220001220703125,43.380001068115234,42.400001525878906,42.779998779296875,8554145
2024-12-10,42.599998474121094,43.540000915527344,42.29999923706055,43.31999969482422,6185220
2024-12-11,42.08000183105469,43.29999923706055,41.91999816894531,42.599998474121094,10234744
2024-12-12,41.7599983215332,42.459999084472656,41.70000076293945,42.279998779296875,5373262
2024-12-13,41.68000030517578,41.81999969482422,41.18000030517578,41.7400016784668,6031000
2024-12-16,41.119998931884766,42.119998931884766,41.119998931884766,41.880001068115234,6907430
2024-12-17,40.81999969482422,41.36000061035156,40.18000030517578,41.220001220703125,8261402
2024-12-18,40.52000045776367,41.060001373291016,40.220001220703125,40.81999969482422,4223959
2024-12-19,39.63999938964844,40.34000015258789,39.58000183105469,40.34000015258789,4535537
2024-12-20,39.91999816894531,39.91999816894531,39.15999984741211,39.68000030517578,3810086
2024-12-23,39.58000183105469,40.040000915527344,39.279998779296875,39.91999816894531,3169228
2024-12-24,39.380001068115234,39.779998779296875,39.099998474121094,39.619998931884766,3233706
2024-12-25,40.060001373291016,40.36000061035156,39.91999816894531,40.040000915527344,5094187
2024-12-26,40.560001373291016,40.81999969482422,40.15999984741211,40.29999923706055,6425158
2024-12-27,41.560001373291016,41.7400016784668,40.619998931884766,40.70000076293945,7479413
2024-12-30,41.060001373291016,41.959999084472656,41.0,41.599998474121094,8358008
2024-12-31,41.20000076293945,41.79999923706055,40.34000015258789,41.060001373291016,8227433
2025-01-02,41.08000183105469,41.619998931884766,40.68000030517578,41.5,7831755
2025-01-03,42.0,42.220001220703125,41.099998474121094,41.400001525878906,8890775
2025-01-06,41.84000015258789,42.2400016784668,41.65999984741211,42.15999984741211,7660303
2025-01-07,41.20000076293945,41.880001068115234,41.15999984741211,41.86000061035156,6422642
2025-01-08,40.29999923706055,41.220001220703125,40.119998931884766,41.20000076293945,6888199
2025-01-09,40.86000061035156,41.2599983215332,40.380001068115234,40.47999954223633,7203870
2025-01-10,40.5,41.63999938964844,40.5,40.97999954223633,9372835
2025-01-13,39.0,40.439998626708984,38.7400016784668,40.439998626708984,10777189
2025-01-14,38.41999816894531,39.380001068115234,38.31999969482422,39.20000076293945,6077639
2025-01-15,38.560001373291016,38.63999938964844,37.79999923706055,38.58000183105469,7441349
2025-01-16,38.880001068115234,39.02000045776367,38.0,38.939998626708984,5979499
2025-01-17,39.099998474121094,39.34000015258789,38.68000030517578,38.880001068115234,6014596
2025-01-20,39.279998779296875,39.779998779296875,39.02000045776367,39.34000015258789,6913935
2025-01-21,39.15999984741211,39.47999954223633,38.91999816894531,39.279998779296875,6563973
2025-01-22,39.86000061035156,40.0,39.040000915527344,39.439998626708984,10610240
2025-01-23,39.540000915527344,40.20000076293945,39.220001220703125,39.900001525878906,7185213
2025-01-24,39.34000015258789,40.040000915527344,39.040000915527344,39.58000183105469,7610087
2025-01-27,38.2599983215332,39.29999923706055,38.20000076293945,39.29999923706055,7572608
2025-01-28,38.439998626708984,38.63999938964844,38.119998931884766,38.41999816894531,6868182
2025-01-29,39.119998931884766,39.79999923706055,38.58000183105469,38.58000183105469,12951875
2025-01-30,39.380001068115234,40.119998931884766,38.900001525878906,39.08000183105469,12109494
2025-01-31,38.900001525878906,39.5,38.63999938964844,39.5,10844557
2025-02-03,38.08000183105469,38.900001525878906,37.900001525878906,38.79999923706055,7396578
2025-02-04,39.41999816894531,39.599998474121094,38.119998931884766,38.400001525878906,8643289
2025-02-05,38.70000076293945,39.720001220703125,38.29999923706055,39.34000015258789,8429087
2025-02-06,39.400001525878906,39.97999954223633,38.68000030517578,39.0,7951379
2025-02-07,40.08000183105469,40.20000076293945,39.29999923706055,39.47999954223633,7973844
2025-02-10,39.900001525878906,40.63999938964844,39.900001525878906,40.18000030517578,7362423
2025-02-11,40.29999923706055,40.540000915527344,39.02000045776367,39.900001525878906,8269915
2025-02-12,39.79999923706055,40.599998474121094,39.79999923706055,40.47999954223633,7363506
2025-02-13,40.47999954223633,40.68000030517578,39.97999954223633,40.15999984741211,6398771
2025-02-14,40.08000183105469,40.880001068115234,40.040000915527344,40.58000183105469,6800650
2025-02-17,39.70000076293945,40.459999084472656,39.5,40.20000076293945,5579613
2025-02-18,39.15999984741211,39.68000030517578,38.540000915527344,39.65999984741211,10603531
2025-02-19,37.779998779296875,39.380001068115234,37.65999984741211,39.20000076293945,16360310
2025-02-20,38.70000076293945,38.79999923706055,37.5,37.79999923706055,14021953
2025-02-21,37.599998474121094,39.41999816894531,37.31999969482422,38.70000076293945,10662944
2025-02-24,38.20000076293945,38.68000030517578,37.70000076293945,38.02000045776367,6065886
2025-02-25,37.29999923706055,38.34000015258789,37.13999938964844,38.34000015258789,8534025
2025-02-26,37.599998474121094,37.84000015258789,36.7599983215332,37.29999923706055,7914149
2025-02-27,38.34000015258789,38.959999084472656,37.68000030517578,37.70000076293945,10928683
2025-02-28,38.119998931884766,38.779998779296875,38.0,38.08000183105469,9162093
2025-03-03,38.86000061035156,39.20000076293945,38.36000061035156,38.68000030517578,7917508
2025-03-04,38.220001220703125,39.02000045776367,38.15999984741211,38.720001220703125,6206075
2025-03-05,39.2599983215332,39.34000015258789,38.459999084472656,38.459999084472656,9284711
2025-03-06,40.47999954223633,40.47999954223633,39.279998779296875,39.5,8637443
2025-03-07,40.31999969482422,40.91999816894531,39.720001220703125,40.70000076293945,8744564
2025-03-10,38.720001220703125,40.380001068115234,38.70000076293945,40.380001068115234,12841740
2025-03-11,39.119998931884766,39.279998779296875,38.58000183105469,38.900001525878906,14250841
2025-03-12,39.34000015258789,39.560001373291016,37.52000045776367,37.52000045776367,26022059
2025-03-13,42.540000915527344,42.81999969482422,39.560001373291016,39.560001373291016,30725472
2025-03-14,42.720001220703125,43.31999969482422,42.31999969482422,42.540000915527344,13685098
2025-03-17,42.36000061035156,43.119998931884766,41.86000061035156,42.81999969482422,11994832
2025-03-18,42.599998474121094,42.900001525878906,41.13999938964844,42.220001220703125,10371837
2025-03-19,38.34000015258789,40.939998626708984,38.34000015258789,39.02000045776367,11961422
2025-03-20,38.15999984741211,39.18000030517578,37.20000076293945,38.29999923706055,18101669
2025-03-21,34.36000061035156,37.86000061035156,34.36000061035156,37.79999923706055,12958244
2025-03-24,33.41999816894531,35.119998931884766,31.8799991607666,34.439998626708984,21754392
2025-03-25,36.7599983215332,36.7599983215332,33.65999984741211,33.79999923706055,20057684
2025-03-26,36.900001525878906,38.560001373291016,35.81999969482422,37.599998474121094,17667714
2025-03-27,36.220001220703125,37.68000030517578,36.02000045776367,37.5,9655795
2025-03-28,36.619998931884766,37.0,35.2599983215332,36.36000061035156,9002144
2025-04-02,36.439998626708984,37.02000045776367,36.20000076293945,36.5,5753913
2025-04-03,36.0,37.0,35.939998626708984,36.439998626708984,5707999
2025-04-04,35.70000076293945,36.2599983215332,35.060001373291016,36.0,6290512
2025-04-07,35.68000030517578,36.31999969482422,34.0,34.599998474121094,10851522
2025-04-08,37.119998931884766,37.7400016784668,36.279998779296875,36.279998779296875,13993765
2025-04-09,36.70000076293945,37.36000061035156,36.29999923706055,36.86000061035156,8518128
2025-04-10,35.439998626708984,38.29999923706055,35.439998626708984,38.29999923706055,14639363
2025-04-11,35.900001525878906,36.0,35.2599983215332,35.70000076293945,9339960
2025-04-14,36.099998474121094,36.560001373291016,35.959999084472656,36.459999084472656,6034581
2025-04-15,36.900001525878906,37.939998626708984,36.20000076293945,36.400001525878906,12618074
2025-04-16,36.619998931884766,37.29999923706055,36.439998626708984,36.900001525878906,9151872
2025-04-17,38.15999984741211,38.36000061035156,36.5,36.619998931884766,15754899
2025-04-18,37.97999954223633,38.36000061035156,37.2400016784668,38.29999923706055,5477445
2025-04-21,37.5,38.220001220703125,37.18000030517578,38.0,5485643
2025-04-22,37.459999084472656,38.2599983215332,37.29999923706055,37.58000183105469,5922001
2025-04-24,38.36000061035156,38.47999954223633,36.939998626708984,37.619998931884766,8683281
2025-04-25,39.459999084472656,39.68000030517578,38.41999816894531,38.540000915527344,12736524
2025-04-28,38.7400016784668,39.939998626708984,38.65999984741211,39.599998474121094,7971317
2025-04-29,39.15999984741211,39.52000045776367,38.400001525878906,38.7400016784668,9840469
2025-04-30,37.599998474121094,39.880001068115234,37.41999816894531,39.380001068115234,12736723
2025-05-02,37.439998626708984,39.20000076293945,37.18000030517578,37.63999938964844,7103732
2025-05-05,38.560001373291016,38.68000030517578,37.2400016784668,37.70000076293945,6083389
2025-05-06,37.880001068115234,38.97999954223633,37.63999938964844,38.900001525878906,5659784
2025-05-07,37.70000076293945,38.31999969482422,37.560001373291016,38.099998474121094,5388912
2025-05-08,38.29999923706055,38.380001068115234,37.70000076293945,37.97999954223633,2426611
2025-05-09,38.5,38.599998474121094,37.20000076293945,38.2400016784668,8393499
2025-05-12,40.040000915527344,40.2400016784668,39.02000045776367,39.02000045776367,8485712
2025-05-13,38.79999923706055,39.52000045776367,38.5,39.400001525878906,13566590
2025-05-14,38.63999938964844,39.20000076293945,38.060001373291016,38.79999923706055,9906769
2025-05-15,37.900001525878906,38.91999816894531,37.47999954223633,38.63999938964844,6747848
2025-05-16,37.599998474121094,38.220001220703125,37.099998474121094,38.0,7489932
2025-05-20,36.84000015258789,37.97999954223633,36.779998779296875,37.779998779296875,6610126
2025-05-21,36.31999969482422,37.08000183105469,36.31999969482422,36.84000015258789,5694497
2025-05-22,36.63999938964844,37.18000030517578,36.29999923706055,36.52000045776367,6342994
2025-05-23,36.459999084472656,36.84000015258789,36.20000076293945,36.63999938964844,4846617
2025-05-26,36.47999954223633,36.7599983215332,36.31999969482422,36.68000030517578,5960542
2025-05-27,35.86000061035156,36.7599983215332,35.70000076293945,36.52000045776367,4742862
2025-05-28,35.15999984741211,36.040000915527344,34.720001220703125,35.86000061035156,6775732
2025-05-29,34.7400016784668,35.63999938964844,34.540000915527344,35.63999938964844,6887463
2025-05-30,33.18000030517578,34.70000076293945,32.97999954223633,34.65999984741211,13839383
2025-06-02,32.599998474121094,33.29999923706055,32.400001525878906,33.2400016784668,11178363
2025-06-03,33.720001220703125,34.099998474121094,32.81999969482422,32.81999969482422,7538193
2025-06-04,34.47999954223633,34.68000030517578,33.58000183105469,33.86000061035156,6623886
2025-06-05,34.34000015258789,34.459999084472656,34.060001373291016,34.439998626708984,1795968
2025-06-10,35.02000045776367,35.220001220703125,34.599998474121094,34.65999984741211,5575420
2025-06-11,34.84000015258789,35.31999969482422,34.58000183105469,35.02000045776367,5613585
2025-06-12,33.939998626708984,34.5,33.68000030517578,34.47999954223633,6704427
2025-06-13,32.65999984741211,32.65999984741211,31.84000015258789,32.31999969482422,8945567
2025-06-16,32.84000015258789,33.060001373291016,32.15999984741211,32.70000076293945,10708231
2025-06-17,33.18000030517578,33.41999816894531,32.68000030517578,32.84000015258789,6422855
2025-06-18,32.400001525878906,33.02000045776367,32.15999984741211,33.02000045776367,5063856
2025-06-19,32.099998474121094,32.86000061035156,32.040000915527344,32.459999084472656,3792426
2025-06-20,32.560001373291016,32.7400016784668,32.29999923706055,32.459999084472656,3378455
2025-06-23,31.940000534057617,32.2400016784668,31.639999389648438,32.20000076293945,4029028
2025-06-24,33.220001220703125,33.31999969482422,32.720001220703125,32.79999923706055,8402394
2025-06-25,32.79999923706055,33.400001525878906,32.58000183105469,33.31999969482422,6755831
2025-06-26,33.040000915527344,33.29999923706055,32.779998779296875,32.81999969482422,6775742
2025-06-27,32.81999969482422,33.2599983215332,32.20000076293945,33.099998474121094,6291630
2025-06-30,34.79999923706055,35.0,32.880001068115234,33.0,11068888
2025-07-01,35.0,35.15999984741211,34.58000183105469,34.79999923706055,7578246
2025-07-02,35.720001220703125,36.13999938964844,34.880001068115234,35.040000915527344,8278777
2025-07-03,35.91999816894531,36.29999923706055,35.560001373291016,36.040000915527344,5173928
2025-07-04,36.060001373291016,36.540000915527344,35.52000045776367,36.0,5887552
2025-07-07,35.47999954223633,35.619998931884766,35.0,35.380001068115234,4117138
2025-07-08,34.459999084472656,35.7400016784668,34.279998779296875,35.52000045776367,6149370
2025-07-09,35.040000915527344,35.15999984741211,34.400001525878906,34.459999084472656,4195740
2025-07-10,35.52000045776367,35.959999084472656,35.20000076293945,35.20000076293945,4225816
2025-07-11,35.599998474121094,36.15999984741211,35.0,36.0,6520766
2025-07-14,35.540000915527344,35.91999816894531,35.34000015258789,35.5,4922445
2025-07-16,35.7599983215332,36.02000045776367,34.91999816894531,35.599998474121094,7648234
2025-07-17,36.5,36.5,35.79999923706055,35.91999816894531,6728094
2025-07-18,36.79999923706055,37.040000915527344,36.279998779296875,36.63999938964844,5928792
2025-07-21,37.560001373291016,37.91999816894531,36.900001525878906,36.900001525878906,6372994
2025-07-22,37.380001068115234,38.18000030517578,37.29999923706055,37.63999938964844,6498207
2025-07-23,37.41999816894531,37.599998474121094,37.040000915527344,37.52000045776367,4733901
2025-07-24,37.959999084472656,38.2599983215332,37.47999954223633,37.5,6638332
2025-07-25,37.779998779296875,38.13999938964844,37.52000045776367,38.13999938964844,3654106
2025-07-28,37.13999938964844,37.959999084472656,37.02000045776367,37.779998779296875,5352370
2025-07-29,36.880001068115234,37.31999969482422,36.7400016784668,37.15999984741211,5060879
2025-07-30,37.02000045776367,37.29999923706055,36.68000030517578,36.880001068115234,5403277
2025-07-31,37.31999969482422,37.5,36.65999984741211,37.18000030517578,8809350
2025-08-01,37.099998474121094,37.5,36.86000061035156,37.36000061035156,5820799
2025-08-04,37.779998779296875,37.84000015258789,37.18000030517578,37.2400016784668,7554585
2025-08-05,38.29999923706055,38.7400016784668,37.779998779296875,37.84000015258789,7148851
2025-08-06,38.20000076293945,38.459999084472656,37.84000015258789,38.380001068115234,8721006
2025-08-07,38.20000076293945,38.84000015258789,38.099998474121094,38.380001068115234,8210505
2025-08-08,38.2599983215332,38.52000045776367,37.79999923706055,38.2599983215332,7709323
2025-08-11,38.540000915527344,38.91999816894531,38.31999969482422,38.5,6322261
2025-08-12,38.380001068115234,38.619998931884766,37.7599983215332,38.599998474121094,6385641
2025-08-13,37.779998779296875,38.36000061035156,37.65999984741211,38.36000061035156,6040704
2025-08-14,37.29999923706055,37.97999954223633,37.2400016784668,37.779998779296875,4664204
2025-08-15,38.880001068115234,39.13999938964844,36.68000030517578,36.70000076293945,11980627
2025-08-18,38.540000915527344,39.060001373291016,37.79999923706055,38.880001068115234,8546636
2025-08-19,37.7599983215332,38.540000915527344,37.58000183105469,38.400001525878906,7030688
2025-08-20,38.2400016784668,38.380001068115234,37.5,37.63999938964844,6034365
2025-08-21,38.880001068115234,39.0,38.34000015258789,38.5,8253741
2025-08-22,39.599998474121094,39.720001220703125,38.86000061035156,38.97999954223633,10219239
2025-08-25,41.15999984741211,41.20000076293945,39.84000015258789,40.0,7989305
2025-08-26,41.29999923706055,41.81999969482422,40.70000076293945,40.959999084472656,6720750
2025-08-27,40.599998474121094,41.560001373291016,40.20000076293945,41.2400016784668,6045964
2025-08-28,40.720001220703125,41.70000076293945,40.619998931884766,40.619998931884766,4246558
2025-08-29,40.34000015258789,40.959999084472656,40.08000183105469,40.63999938964844,5500616
2025-09-01,40.779998779296875,40.86000061035156,39.7400016784668,40.34000015258789,5076435
2025-09-02,39.34000015258789,40.97999954223633,37.880001068115234,40.959999084472656,8631292
2025-09-03,39.099998474121094,39.439998626708984,38.279998779296875,39.15999984741211,5490879
2025-09-04,38.7400016784668,39.84000015258789,38.52000045776367,39.220001220703125,6197407
2025-09-05,38.08000183105469,38.91999816894531,37.939998626708984,38.84000015258789,4751447
2025-09-08,35.939998626708984,37.29999923706055,35.91999816894531,37.220001220703125,6893762
2025-09-09,35.79999923706055,36.279998779296875,35.380001068115234,36.099998474121094,7101745
2025-09-10,35.939998626708984,36.15999984741211,35.220001220703125,35.91999816894531,8460151
2025-09-11,35.459999084472656,37.5,35.459999084472656,36.060001373291016,10451559
2025-09-12,35.099998474121094,35.65999984741211,34.81999969482422,35.619998931884766,5564819
2025-09-15,37.02000045776367,37.08000183105469,34.36000061035156,35.040000915527344,10425738
2025-09-16,37.400001525878906,37.400001525878906,36.540000915527344,37.099998474121094,5027873
2025-09-17,37.13999938964844,37.68000030517578,36.97999954223633,37.400001525878906,5844915
2025-09-18,36.63999938964844,37.5,36.540000915527344,37.2599983215332,5667874
2025-09-19,37.099998474121094,37.15999984741211,36.400001525878906,36.68000030517578,6492194
2025-09-22,37.540000915527344,38.0,37.18000030517578,37.81999969482422,9031971
2025-09-23,36.84000015258789,37.36000061035156,36.70000076293945,37.279998779296875,9220281
2025-09-24,36.880001068115234,37.29999923706055,36.380001068115234,36.880001068115234,8268826
2025-09-25,36.7599983215332,37.20000076293945,36.34000015258789,37.02000045776367,6897758
2025-09-26,36.13999938964844,36.880001068115234,36.040000915527344,36.70000076293945,4967193
2025-09-29,35.65999984741211,36.29999923706055,35.02000045776367,35.880001068115234,6475906
2025-09-30,36.400001525878906,36.619998931884766,35.52000045776367,35.65999984741211,10989879
2025-10-01,37.29999923706055,37.779998779296875,36.36000061035156,36.560001373291016,9612374
2025-10-02,37.099998474121094,37.599998474121094,36.79999923706055,37.380001068115234,5691431
2025-10-03,37.18000030517578,38.20000076293945,36.81999969482422,37.29999923706055,8192822
2025-10-06,36.2599983215332,37.68000030517578,36.220001220703125,37.2599983215332,6032903
2025-10-07,37.0,37.34000015258789,35.939998626708984,36.29999923706055,5986282
2025-10-08,38.18000030517578,39.119998931884766,36.779998779296875,37.2599983215332,11516030
2025-10-09,37.13999938964844,38.79999923706055,36.7599983215332,38.560001373291016,9073819
2025-10-10,38.0,38.2400016784668,36.900001525878906,37.13999938964844,6115140
2025-10-13,37.439998626708984,38.13999938964844,37.02000045776367,37.560001373291016,8723690
2025-10-14,37.5,38.599998474121094,37.400001525878906,37.65999984741211,9657627
2025-10-15,38.220001220703125,38.279998779296875,37.279998779296875,37.5,7111804
2025-10-16,38.97999954223633,40.0,37.959999084472656,38.279998779296875,12980799
2025-10-17,39.619998931884766,40.0,37.599998474121094,38.79999923706055,13990180
2025-10-20,41.779998779296875,42.52000045776367,39.540000915527344,40.119998931884766,21840768
2025-10-21,42.040000915527344,42.68000030517578,41.70000076293945,42.0,9615583
2025-10-22,43.099998474121094,43.619998931884766,41.560001373291016,41.81999969482422,11275617
2025-10-23,43.20000076293945,44.08000183105469,42.779998779296875,43.20000076293945,8723314
2025-10-24,44.47999954223633,45.18000030517578,42.7599983215332,43.380001068115234,13627529
2025-10-27,44.619998931884766,44.880001068115234,44.040000915527344,44.47999954223633,5927514
2025-10-28,45.5,45.5,44.20000076293945,44.619998931884766,2934318
2025-10-30,43.900001525878906,46.220001220703125,43.439998626708984,45.720001220703125,9910294
2025-10-31,44.2599983215332,44.65999984741211,42.84000015258789,43.900001525878906,7984824
2025-11-03,45.20000076293945,45.58000183105469,43.97999954223633,45.0,6805955
2025-11-04,44.86000061035156,45.15999984741211,43.720001220703125,45.099998474121094,8852861
2025-11-05,45.040000915527344,45.18000030517578,43.7400016784668,45.0,9643153
2025-11-06,48.099998474121094,49.34000015258789,46.63999938964844,49.0,29677377
2025-11-07,47.63999938964844,48.2400016784668,47.2599983215332,48.0,8036153
2025-11-10,48.279998779296875,48.560001373291016,47.439998626708984,47.70000076293945,6613772
2025-11-11,46.720001220703125,48.380001068115234,45.15999984741211,48.279998779296875,9859560
2025-11-12,47.15999984741211,47.68000030517578,46.400001525878906,46.939998626708984,5777889
2025-11-13,46.060001373291016,47.29999923706055,45.619998931884766,47.15999984741211,6589540
2025-11-14,45.29999923706055,46.15999984741211,44.0,45.7400016784668,7325129
2025-11-17,45.91999816894531,46.34000015258789,44.97999954223633,45.52000045776367,4818691
2025-11-18,44.880001068115234,46.29999923706055,44.7400016784668,45.560001373291016,4881513
2025-11-19,45.52000045776367,45.900001525878906,44.619998931884766,45.099998474121094,7440483
2025-11-20,45.52000045776367,46.599998474121094,44.70000076293945,45.599998474121094,7445356
2025-11-21,45.52000045776367,45.560001373291016,44.52000045776367,45.08000183105469,4267462
2025-11-24,44.86000061035156,45.720001220703125,44.599998474121094,45.34000015258789,5497924
2025-11-25,45.220001220703125,45.63999938964844,44.52000045776367,45.15999984741211,4123232
2025-11-26,46.5,46.5,44.959999084472656,45.15999984741211,7613767
2025-11-27,46.65999984741211,47.68000030517578,46.47999954223633,47.0,6060470
2025-11-28,46.0,47.7400016784668,45.41999816894531,46.779998779296875,7826465
2025-12-01,47.0,47.20000076293945,45.81999969482422,46.0,4740299
2025-12-02,47.15999984741211,47.97999954223633,46.91999816894531,47.0,4653036
2025-12-03,47.63999938964844,48.2400016784668,45.81999969482422,47.15999984741211,9819658
2025-12-04,48.0,48.619998931884766,47.279998779296875,47.459999084472656,5716657
2025-12-05,48.34000015258789,48.599998474121094,47.060001373291016,48.099998474121094,5963423
2025-12-08,49.63999938964844,49.63999938964844,48.220001220703125,48.599998474121094,6247373
2025-12-09,49.68000030517578,50.29999923706055,49.220001220703125,49.63999938964844,6552109
2025-12-10,49.880001068115234,50.150001525878906,49.29999923706055,49.68000030517578,4430056
2025-12-11,50.45000076293945,50.900001525878906,49.36000061035156,49.900001525878906,7159959
2025-12-12,50.54999923706055,51.150001525878906,49.880001068115234,50.599998474121094,4168224
2025-12-15,51.54999923706055,51.599998474121094,50.45000076293945,50.75,4914667
2025-12-16,51.29999923706055,51.849998474121094,51.150001525878906,51.54999923706055,4604743
2025-12-17,50.5,51.349998474121094,50.400001525878906,51.29999923706055,3227146
2025-12-18,51.0,51.54999923706055,50.25,50.5,3294067
2025-12-19,51.54999923706055,51.54999923706055,50.5,50.75,2690919
2025-12-22,50.099998474121094,51.54999923706055,49.779998779296875,51.54999923706055,3821624
2025-12-23,49.7599983215332,49.91999816894531,48.84000015258789,49.86000061035156,5109018
2025-12-24,51.0,51.25,49.41999816894531,49.5,4950700
2025-12-25,50.54999923706055,51.75,50.0,51.20000076293945,2872174
2025-12-26,50.79999923706055,50.79999923706055,49.29999923706055,50.20000076293945,5402189
2025-12-29,50.45000076293945,51.400001525878906,49.880001068115234,50.95000076293945,4687485
2025-12-30,50.75,51.04999923706055,50.0,50.79999923706055,3434372
2025-12-31,51.04999923706055,51.5,50.70000076293945,50.849998474121094,3237333
2026-01-02,49.84000015258789,51.650001525878906,49.84000015258789,51.45000076293945,7922236
2026-01-05,50.650001525878906,51.54999923706055,49.959999084472656,50.0,7856181
2026-01-06,52.75,52.95000076293945,50.5,50.650001525878906,10317529
2026-01-07,52.45000076293945,53.599998474121094,52.099998474121094,52.79999923706055,8038838
2026-01-08,53.25,53.25,51.900001525878906,52.70000076293945,4846115
2026-01-09,53.849998474121094,54.099998474121094,53.099998474121094,53.5,5095153
2026-01-12,54.75,55.45000076293945,53.95000076293945,54.29999923706055,6033917
2026-01-13,55.25,56.25,54.75,54.849998474121094,8151828
2026-01-14,55.5,56.099998474121094,54.849998474121094,55.400001525878906,5560369
2026-01-15,55.79999923706055,56.45000076293945,55.04999923706055,55.29999923706055,4746110
2026-01-16,58.5,58.5,55.54999923706055,55.79999923706055,8676246
2026-01-19,57.349998474121094,59.099998474121094,57.0,59.099998474121094,7032989
2026-01-20,57.25,57.54999923706055,56.20000076293945,57.29999923706055,5527405
2026-01-21,59.599998474121094,59.650001525878906,56.849998474121094,57.04999923706055,8624701
2026-01-22,61.349998474121094,61.75,59.29999923706055,59.54999923706055,8374143
2026-01-23,62.599998474121094,62.79999923706055,61.5,61.5,6574659
2026-01-26,63.54999923706055,63.599998474121094,62.0,62.349998474121094,4625593
2026-01-27,62.900001525878906,63.75,61.95000076293945,63.75,4550535
2026-01-28,63.150001525878906,63.29999923706055,62.150001525878906,62.650001525878906,4720786
2026-01-29,64.75,65.69999694824219,62.79999923706055,63.400001525878906,7953960
2026-01-30,64.8499984741211,65.30000305175781,63.70000076293945,64.94999694824219,6039183
2026-02-02,64.94999694824219,65.8499984741211,62.650001525878906,63.29999923706055,3909795
2026-02-03,66.4000015258789,67.4000015258789,64.55000305175781,64.94999694824219,13574896
2026-02-04,65.55000305175781,67.0,65.55000305175781,66.80000305175781,4397482
2026-02-05,63.29999923706055,65.80000305175781,63.29999923706055,65.05000305175781,3816781
2026-02-06,62.54999923706055,63.650001525878906,61.599998474121094,63.04999923706055,5487232
2026-02-09,64.9000015258789,64.9000015258789,63.099998474121094,63.099998474121094,3882751
2026-02-10,66.19999694824219,66.69999694824219,63.599998474121094,65.0,6161403
2026-02-11,65.3499984741211,66.19999694824219,65.0,65.4000015258789,4202388
2026-02-12,66.94999694824219,67.0999984741211,65.4000015258789,65.44999694824219,4960784
2026-02-13,68.6500015258789,68.6500015258789,67.0,67.0,4544058
2026-02-16,69.5999984741211,70.1500015258789,68.69999694824219,69.19999694824219,5473363
2026-02-17,68.4000015258789,69.75,68.4000015258789,69.5999984741211,2443268
2026-02-18,67.94999694824219,68.94999694824219,66.8499984741211,68.25,3931420
2026-02-19,67.55000305175781,68.9000015258789,67.0,68.0999984741211,6187628
2026-02-20,68.69999694824219,68.8499984741211,66.80000305175781,67.30000305175781,3817229
2026-02-23,68.30000305175781,70.19999694824219,68.0,70.05000305175781,2848249
2026-02-24,70.0,70.25,67.3499984741211,68.0,6321151
2026-02-25,69.0,70.0999984741211,68.0999984741211,70.0,2875920
2026-02-26,66.30000305175781,69.0,65.5999984741211,69.0,6308941
2026-02-27,63.75,66.94999694824219,62.79999923706055,66.9000015258789,5780289
2026-03-02,63.849998474121094,64.5999984741211,59.0,59.0,5799496
2026-03-03,62.5,64.5999984741211,62.0,63.70000076293945,2785732
2026-03-04,61.04999923706055,62.650001525878906,60.75,62.349998474121094,4805988
2026-03-05,60.849998474121094,62.5,60.54999923706055,61.849998474121094,2599134
2026-03-06,59.75,61.400001525878906,59.54999923706055,60.400001525878906,2483502
2026-03-09,59.150001525878906,59.150001525878906,55.650001525878906,58.29999923706055,7453307
2026-03-10,58.599998474121094,59.599998474121094,57.20000076293945,59.099998474121094,14758460
2026-03-11,57.099998474121094,60.25,56.04999923706055,59.0,9691380
2026-03-12,56.95000076293945,58.099998474121094,55.900001525878906,56.849998474121094,5074214
2026-03-13,54.79999923706055,57.0,54.79999923706055,56.79999923706055,5410308
2026-03-16,53.349998474121094,55.20000076293945,53.20000076293945,55.0,3919906
2026-03-17,54.04999923706055,54.599998474121094,52.75,53.54999923706055,4000519
2026-03-18,53.29999923706055,54.5,52.20000076293945,54.400001525878906,5331873
2026-03-19,52.599998474121094,54.900001525878906,51.79999923706055,52.849998474121094,2487420
2026-03-23,51.95000076293945,52.54999923706055,49.599998474121094,52.5,8773488
2026-03-24,50.599998474121094,51.849998474121094,49.939998626708984,51.849998474121094,5804317
2026-03-25,51.0,51.75,50.599998474121094,51.0,7608404
2026-03-26,48.0,50.95000076293945,48.0,50.79999923706055,11355920
2026-03-27,48.18000030517578,48.63999938964844,47.279998779296875,48.13999938964844,8097553
2026-03-30,49.040000915527344,49.68000030517578,47.52000045776367,47.97999954223633,10413043
2026-03-31,48.91999816894531,49.459999084472656,48.459999084472656,49.31999969482422,8609595
2026-04-01,50.5,50.900001525878906,49.52000045776367,50.0,6230359
2026-04-02,53.099998474121094,53.099998474121094,49.58000183105469,49.84000015258789,12424673
2026-04-03,52.04999923706055,53.70000076293945,51.849998474121094,53.5,5145287
2026-04-06,51.849998474121094,52.79999923706055,51.099998474121094,52.099998474121094,5395481
2026-04-07,51.0,52.20000076293945,50.599998474121094,51.849998474121094,4066830
2026-04-08,53.099998474121094,53.849998474121094,52.400001525878906,52.79999923706055,6307358
2026-04-09,54.95000076293945,54.95000076293945,52.95000076293945,53.099998474121094,4123923
2026-04-10,56.349998474121094,56.5,54.400001525878906,55.20000076293945,6713324
2026-04-13,53.54999923706055,55.349998474121094,52.54999923706055,55.29999923706055,9460856
2026-04-14,53.150001525878906,54.29999923706055,52.5,53.849998474121094,9367789
2026-04-15,51.54999923706055,53.70000076293945,51.5,53.650001525878906,9404585
2026-04-16,50.900001525878906,53.20000076293945,50.900001525878906,52.599998474121094,16535321
2026-04-17,52.75,52.79999923706055,51.0,51.04999923706055,15334503
2026-04-20,51.45000076293945,52.349998474121094,51.150001525878906,51.849998474121094,10975669
2026-04-21,51.0,52.04999923706055,50.95000076293945,51.650001525878906,7533067
2026-04-22,50.5,51.70000076293945,50.20000076293945,51.400001525878906,5837229
2026-04-24,49.459999084472656,50.400001525878906,49.20000076293945,50.400001525878906,9057590
2026-04-27,49.36000061035156,50.099998474121094,49.220001220703125,49.720001220703125,8369511
2026-04-28,48.68000030517578,49.47999954223633,48.439998626708984,49.41999816894531,5558993
2026-04-29,50.849998474121094,51.349998474121094,48.7599983215332,48.7599983215332,12614418
2026-04-30,50.900001525878906,51.5,50.45000076293945,50.79999923706055,6774051
2026-05-04,51.29999923706055,52.650001525878906,51.0,51.400001525878906,9107893
2026-05-05,51.75,52.29999923706055,51.29999923706055,51.45000076293945,7539959
2026-05-06,54.04999923706055,54.29999923706055,52.5,52.70000076293945,13771822
2026-05-07,55.54999923706055,55.54999923706055,53.650001525878906,54.150001525878906,9288333
2026-05-08,51.70000076293945,54.0,51.29999923706055,54.0,30150269
2026-05-11,51.75,52.099998474121094,51.349998474121094,51.5,13388195
2026-05-12,51.599998474121094,52.95000076293945,51.599998474121094,51.75,12225443
2026-05-13,51.79999923706055,53.70000076293945,51.79999923706055,52.0,16085009
2026-05-14,53.25,53.95000076293945,51.95000076293945,52.0,14151521
2026-05-15,50.150001525878906,53.20000076293945,50.0,52.900001525878906,9695727
2026-05-18,49.439998626708984,50.29999923706055,49.34000015258789,49.81999969482422,5959525
2026-05-20,49.900001525878906,50.150001525878906,48.900001525878906,49.5,7631562
2026-05-21,47.65999984741211,50.400001525878906,47.65999984741211,49.900001525878906,10613897
2026-05-22,49.7400016784668,50.45000076293945,46.459999084472656,46.459999084472656,19051529
2026-05-25,49.220001220703125,50.45000076293945,48.880001068115234,49.84000015258789,7611609
2026-05-26,47.84000015258789,49.34000015258789,47.84000015258789,49.220001220703125,4962996
2026-05-27,47.84000015258789,47.84000015258789,47.84000015258789,47.84000015258789,0
2026-05-28,47.84000015258789,47.84000015258789,47.84000015258789,47.84000015258789,0
2026-05-29,47.84000015258789,47.84000015258789,47.84000015258789,47.84000015258789,0
2026-06-01,48.0,48.70000076293945,47.7599983215332,48.29999923706055,9596591
2026-06-02,49.36000061035156,49.439998626708984,48.099998474121094,48.099998474121094,6642084
2026-06-03,49.060001373291016,49.7599983215332,48.79999923706055,49.34000015258789,5178619
2026-06-04,48.279998779296875,49.47999954223633,47.63999938964844,49.2400016784668,5302539
2026-06-05,48.060001373291016,48.599998474121094,47.81999969482422,48.279998779296875,5595267
2026-06-08,48.400001525878906,48.65999984741211,47.13999938964844,47.65999984741211,6131503
2026-06-09,48.5,48.97999954223633,48.099998474121094,48.400001525878906,4750648
2026-06-10,48.79999923706055,49.459999084472656,48.02000045776367,48.400001525878906,5575989
2026-06-11,47.900001525878906,49.47999954223633,47.5,48.91999816894531,5748420
2026-06-12,49.18000030517578,49.720001220703125,48.380001068115234,48.7400016784668,7917201
2026-06-15,50.95000076293945,51.45000076293945,50.0,50.5,5933267
2026-06-16,50.20000076293945,51.20000076293945,50.150001525878906,51.0,3867782
2026-06-17,48.720001220703125,50.79999923706055,48.2400016784668,50.599998474121094,6463872
2026-06-18,49.400001525878906,49.81999969482422,48.84000015258789,48.880001068115234,6186021
2026-06-19,48.20000076293945,49.380001068115234,48.20000076293945,48.84000015258789,5163562
2026-06-22,48.2599983215332,48.720001220703125,48.119998931884766,48.41999816894531,3791094
2026-06-23,48.060001373291016,48.91999816894531,47.900001525878906,48.119998931884766,7056107
2026-06-24,47.560001373291016,48.18000030517578,47.380001068115234,48.119998931884766,3725246
2026-06-25,47.0,48.380001068115234,46.91999816894531,48.0,6596467
2026-06-26,46.779998779296875,47.400001525878906,46.58000183105469,46.900001525878906,4496015
2026-06-29,47.36000061035156,47.63999938964844,46.7400016784668,46.779998779296875,5739533
2026-06-30,46.29999923706055,48.2599983215332,46.18000030517578,47.7599983215332,7292730
2026-07-01,46.599998474121094,46.79999923706055,45.7400016784668,46.29999923706055,6074570
2026-07-02,45.599998474121094,46.86000061035156,45.400001525878906,46.619998931884766,5930620
2026-07-03,46.41999816894531,46.779998779296875,45.599998474121094,45.7599983215332,5237698
2026-07-06,45.52000045776367,47.18000030517578,45.439998626708984,46.79999923706055,6049260
2026-07-07,45.279998779296875,46.02000045776367,45.279998779296875,45.52000045776367,4386359
2026-07-08,43.81999969482422,45.31999969482422,43.81999969482422,45.279998779296875,5016012
2026-07-09,44.5,44.619998931884766,43.959999084472656,44.0,5917734
2026-07-10,46.13999938964844,46.36000061035156,44.439998626708984,44.52000045776367,5373704
2026-07-13,47.52000045776367,48.29999923706055,45.779998779296875,45.84000015258789,9539649
2026-07-14,48.79999923706055,49.02000045776367,47.2400016784668,47.439998626708984,7082707
2026-07-16,51.25,53.650001525878906,49.31999969482422,49.31999969482422,12383937
2026-07-17,51.599998474121094,52.900001525878906,50.849998474121094,50.849998474121094,8764515
2026-07-20,53.29999923706055,53.349998474121094,51.0,51.45000076293945,7144113
2026-07-21,52.849998474121094,53.25,51.75,53.20000076293945,5155921
2026-07-22,56.150001525878906,56.20000076293945,52.95000076293945,53.099998474121094,10579889
2026-07-23,54.900001525878906,56.04999923706055,54.45000076293945,55.599998474121094,7129877
2026-07-24,53.099998474121094,55.5,53.04999923706055,54.5,4270886
2026-07-27,52.0,53.650001525878906,51.849998474121094,53.5,4274854
2026-07-28,53.349998474121094,53.70000076293945,51.599998474121094,51.599998474121094,5017058
2026-07-29,52.54999923706055,53.400001525878906,51.400001525878906,53.150001525878906,5652657
2026-07-30,52.599998474121094,53.54999923706055,51.95000076293945,52.45000076293945,4725773
2026-08-03,50.20000076293945,51.900001525878906,49.939998626708984,51.400001525878906,5744522
2026-08-04,51.599998474121094,53.45000076293945,49.900001525878906,50.0,7645573
2026-08-05,51.29999923706055,51.5,49.81999969482422,51.29999923706055,5310060
2026-08-06,51.04999923706055,52.45000076293945,50.70000076293945,51.5,4437135
2026-08-07,51.70000076293945,52.5,50.849998474121094,50.849998474121094,3547865
