Price,Close,High,Low,Open,Volume
2021-08-10,22.52977180480957,22.927121893267962,22.3906997475278,22.688711840192926,4766714
2021-08-11,22.15228843688965,22.708580471446332,22.013216375607843,22.390700391536644,5285897
2021-08-12,22.887388229370117,22.946990269995588,22.211892119899062,22.211892119899062,5383986
2021-08-13,23.324472427368164,23.48341246578826,22.648976316725403,22.946990309799116,6403778
2021-08-16,23.58275032043457,23.841028354979276,23.3840762209719,23.50328030170656,4823485
2021-08-17,23.185400009155273,23.54301603743176,22.96685793338336,23.54301603743176,6210283
2021-08-18,22.708580017089844,23.403942204300694,22.50990402376406,23.38407612073987,6636660
2021-08-19,22.788049697875977,23.04632772748727,22.43043367307347,22.54963964624586,5602945
2021-08-20,22.648977279663086,22.867521262818308,22.50990521381143,22.72844730225186,4524269
2021-08-23,23.523149490356445,23.58275153379036,22.946991351255797,22.946991351255797,5428274
2021-08-24,24.2185115814209,24.417187584713666,23.62248736097217,23.62248736097217,7389071
2021-08-25,23.88076400756836,24.496656171188093,23.82116007324541,24.178776100324402,8818761
2021-08-26,23.860897064208984,24.397319233375203,23.860897064208984,24.317849212212995,6421201
2021-08-27,23.48341178894043,23.920497829355188,23.284737693998927,23.880763768252752,5558388
2021-08-31,23.364208221435547,23.602618277403497,23.24500224609422,23.543016237090182,3530746
2021-09-01,23.68208885192871,24.139040996247584,23.483412853268053,23.503280832077067,5889497
2021-09-02,23.701955795288086,23.841027851446164,23.483411827365778,23.841027851446164,3355837
2021-09-03,23.58275032043457,24.019836370795975,23.483412323345885,23.80129239825792,4070008
2021-09-06,23.999969482421875,24.039705440947884,23.443679326061243,23.74169143614717,3566133
2021-09-07,23.423810958862305,24.119175063832838,23.2847388957541,24.019837063877798,3357538
2021-09-08,23.14566421508789,23.523148224185203,22.946990116097194,23.523148224185203,3741231
2021-09-09,23.30460548400879,23.36420942209979,22.867521306296894,23.046329331140303,4041228
2021-09-10,22.907255172729492,23.483413306302776,22.827785150675066,23.38407719977083,3375623
2021-09-13,22.708580017089844,23.105930109026716,22.688712038814327,23.02646009063934,2774050
2021-09-14,22.648977279663086,23.026461307995852,22.609243215726096,22.847653283492416,3727482
2021-09-15,22.23175811767578,22.68871214661023,22.072818080145893,22.648976189870407,4202447
2021-09-16,22.56950569152832,22.648975708604613,22.17215560614686,22.331095640299445,3303776
2021-09-17,23.10593032836914,23.304604428866224,22.648976297267897,22.768182273337917,7904502
2021-09-20,23.225133895874023,23.42380988669016,22.56950577878131,22.946989782389036,6324943
2021-09-21,23.860897064208984,23.99996912756416,23.364208958266488,23.423811000459455,8773887
2021-09-22,24.0595703125,24.158908309091977,23.66222022084678,23.94036623236138,5746535
2021-09-23,24.337717056274414,24.337717056274414,23.662220932782642,24.099306994109334,6741626
2021-09-24,25.569503784179688,25.569503784179688,24.19864542842402,24.19864542842402,11124593
2021-09-27,25.688709259033203,26.205263445477556,25.331093219043865,25.72844332196827,9095038
2021-09-28,26.36420440673828,26.36420440673828,25.529768274086834,25.529768274086834,6046421
2021-09-29,25.9271183013916,26.503276401657427,25.867516261975045,26.463540445569944,5082347
2021-09-30,26.105926513671875,26.602614600269565,25.966852561018534,25.98672053921397,5544515
2021-10-01,26.0860595703125,26.244999612751748,25.70857554848321,25.92711952787325,4207104
2021-10-04,25.112550735473633,26.284733046721186,25.072814778457758,26.086058945785965,7793135
2021-10-05,25.41056251525879,25.768178545053694,25.072814463722423,25.152284482041882,6234466
2021-10-06,24.913875579833984,25.331093668994246,24.556259533492398,25.331093668994246,5747652
2021-10-07,25.17215347290039,25.569503580481875,25.03308140892556,25.072815472326326,3734170
2021-10-08,25.013212203979492,25.569502327329996,24.9734762478114,25.17215223922249,3322469
2021-10-11,25.0330810546875,25.25162313708608,24.854273035127417,24.95361103429577,3584738
2021-10-12,24.536392211914062,25.172152355831194,24.278114179769055,24.834404305696548,7361469
2021-10-13,25.112550735473633,25.231754817091826,24.695332660380533,24.695332660380533,6831363
2021-10-14,25.231754302978516,25.74831036537142,24.874140170695846,25.112550223789185,6380778
2021-10-15,25.966854095458984,26.066192097591568,25.211887931852065,25.37082987209308,7882049
2021-10-18,26.244998931884766,26.28473299410639,25.589370800152956,26.125792955790477,5885711
2021-10-19,25.907251358032227,26.48340948130867,25.907251358032227,26.324469440040325,5145670
2021-10-20,24.83440399169922,26.403938248186023,24.83440399169922,26.026456141186646,11018856
2021-10-21,24.993345260620117,25.21188734444822,24.476789177337597,24.834405218796995,11514589
2021-10-22,25.529769897460938,25.589371940807506,24.83440577779671,25.43043189540679,12164783
2021-10-25,25.589370727539062,25.986720822201296,25.390694732850594,25.529768687018404,8414821
2021-10-26,26.105926513671875,26.12579259715262,25.589370448878753,25.589370448878753,8306721
2021-10-27,26.344337463378906,26.3642054422497,25.907251401795243,26.08605942220287,7378352
2021-10-28,26.40393829345703,26.463540332619193,26.14566026413477,26.26486623717376,1630152
2021-11-01,26.42380714416504,26.880759284025363,26.40393916554988,26.543011226426547,5818635
2021-11-02,26.42380714416504,26.721819244533535,26.304601167188807,26.483409185295795,5482962
2021-11-03,27.019832611083984,27.019832611083984,25.5099003763208,26.463540591088275,11480041
2021-11-04,27.834402084350586,28.331090193373054,27.33771397532812,27.33771397532812,20171865
2021-11-05,28.609233856201172,29.105921957140183,27.6953276746848,27.79466567381555,11142798
2021-11-08,29.562875747680664,29.58274372628338,28.52976359691627,29.046319672298466,10646996
2021-11-09,29.642345428466797,30.158901497943052,29.304597374941146,29.58274338805483,10348318
2021-11-10,29.125789642333984,30.01982783606974,28.966849603212726,29.562875697274805,11301324
2021-11-11,28.708572387695312,29.264862540542563,28.450294343051826,29.046320454174122,8239327
2021-11-12,28.47016143798828,29.046319552079247,28.430427375662035,28.74830745313088,5397408
2021-11-15,28.887380599975586,29.503274694275053,28.29135448494396,28.86751262070775,8953421
2021-11-16,28.549631118774414,29.384067259591596,28.291353085215317,28.946981210898144,6406666
2021-11-17,29.2449951171875,29.36419919712554,28.311220982337655,28.43042695699038,5998533
2021-11-18,29.503273010253906,29.821153081535847,28.6092329413801,29.324464996479147,11356753
2021-11-19,27.556255340576172,29.96022580116719,27.51652127814514,29.80128576201363,13134794
2021-11-22,27.933738708496094,28.211882823224006,27.456916707349553,27.61585674282684,10490137
2021-11-23,28.867511749267578,29.42380378368521,27.874135552440748,27.993341529734447,15033994
2021-11-24,30.2979736328125,30.953601763125693,29.384067467116125,29.384067467116125,13215909
2021-11-25,29.304597854614258,30.635722112129848,29.304597854614258,30.357576094463322,5620638
2021-11-26,26.86089324951172,28.211883587676198,26.38407123544482,28.211883587676198,16368809
2021-11-29,27.496652603149414,27.615856682138077,26.12579243177707,26.88075854599241,14785612
2021-11-30,26.682085037231445,27.198639215419515,26.364204959972724,27.119169196104835,13292489
2021-12-01,29.34433364868164,29.34433364868164,27.019833205643003,27.11916930916445,23903150
2021-12-02,28.986717224121094,30.37744349662961,28.748307168380894,29.90062338514921,14213732
2021-12-03,31.748302459716797,31.867510332170525,30.476782135646175,30.79466221666383,22059386
2021-12-06,33.87412643432617,34.15227434327975,31.986713954166053,32.761546166800144,24116777
2021-12-07,35.225120544433594,35.761544623245385,33.675456035994586,34.271480263943495,23066240
2021-12-08,38.2449836730957,38.622467689870405,35.52313121966149,35.58273515581416,33782298
2021-12-09,39.27809524536133,40.966835516930246,37.807898947004105,38.38405516352208,37650850
2021-12-10,38.701934814453125,40.311206944093406,38.44365867666298,39.437034850274785,23281960
2021-12-13,38.900611877441406,39.73504803781265,37.609223574098394,38.70193587936645,19058844
2021-12-14,37.807899475097656,39.695311978389945,37.62909145623225,38.94034773495892,12986658
2021-12-15,38.40392303466797,39.65557535631719,37.94697090052852,38.24498299716601,19514981
2021-12-16,40.927101135253906,40.927101135253906,38.16551265919222,38.90061273137745,16309015
2021-12-17,38.761539459228516,43.21186434381391,36.8343910113082,42.23835613056986,12514805
2021-12-20,38.10591125488281,39.377431565471205,34.90723871045078,36.33770284929216,7729946
2021-12-21,34.311214447021484,38.54299534105062,34.311214447021484,38.12577916096764,3620219
2021-12-22,31.867509841918945,35.165518473812476,31.49002583048166,31.92710998779944,9809508
2021-12-23,30.695323944091797,33.0992944037556,29.284729676111965,32.68207822217446,6836344
2021-12-24,32.9800910949707,33.33770713866951,30.735060621767232,30.993338665025835,7889742
2021-12-27,32.284725189208984,33.71518549493631,32.006581077119336,33.019825214712185,6845646
2021-12-28,31.3509521484375,32.92048645898456,30.754926053164564,32.3840624048245,5334468
2021-12-29,32.284725189208984,32.56286930129863,30.516514942902724,30.91386692254164,6690685
2021-12-30,30.87413215637207,32.96022255100155,30.81453011501544,32.761546553526465,4448292
2021-12-31,32.483402252197266,32.781414352057354,31.152278002688064,31.37082008293781,8329104
2022-01-03,33.7747917175293,33.7747917175293,31.88737537048377,32.423799442519396,8200852
2022-01-04,35.4833984375,35.66220645343371,34.07280228840395,34.39068236352402,10590048
2022-01-05,36.357566833496094,36.675446909351734,35.066178551653884,35.622470579115955,9159622
2022-01-06,36.03968811035156,36.63571611702422,35.18538395338811,35.66220787449806,12279947
2022-01-07,37.07279968261719,37.19200376622571,35.20525135541266,36.278099476177864,14412824
2022-01-10,38.2449836730957,39.5165039955838,37.35094357795285,37.35094357795285,14773051
2022-01-11,37.807899475097656,39.0992877751249,37.45028343736684,38.94034773495892,11348763
2022-01-12,37.64896011352539,38.84100854154124,37.629092134467854,38.40392437056406,6714288
2022-01-13,38.523128509521484,39.35756468396088,37.41054820674547,37.50988431274296,13355243
2022-01-14,37.9867057800293,38.78140594500286,37.668821924610576,38.60259793420515,6103506
2022-01-17,38.562862396240234,38.821142321047155,37.847630345303315,38.14564622614659,6752800
2022-01-18,36.57611083984375,39.63571130951496,36.55624286140608,38.463527107698525,8132251
2022-01-19,37.549617767333984,37.549617767333984,35.5628654644123,36.45690551649877,7335424
2022-01-20,37.72842788696289,38.58273203128786,36.397303618011556,38.1456478644044,9991997
2022-01-21,36.77478790283203,37.728428158959886,36.456907817456084,37.728428158959886,4900164
2022-01-24,34.629093170166016,37.47014956341194,34.54962125929766,36.71518156787969,9373777
2022-01-25,34.70856475830078,35.304592781056954,33.79466042860951,34.847640616211315,5125772
2022-01-26,35.99995422363281,36.49664231077801,34.847638013033134,34.847638013033134,6998317
2022-01-27,37.549617767333984,37.86749783264711,34.96684128930751,34.96684128930751,12287045
2022-01-28,36.81452178955078,38.20524613746628,36.774785833757086,37.668822102539345,5372160
2022-01-31,36.476776123046875,37.350944470942395,36.45690814385431,37.31121230198682,4323582
2022-02-01,36.17876052856445,37.09266863195338,35.94035235510967,36.8343924791391,4518611
2022-02-02,35.62247085571289,36.516507154962746,35.22511886309333,36.29796696950849,4758149
2022-02-03,34.98670959472656,36.25822986788714,34.589357614649224,35.542997819519655,6020175
2022-02-04,34.41054916381836,35.52312938864832,34.41054916381836,35.28472123518511,4366776
2022-02-07,35.642337799072266,35.66220577706913,33.83439348508006,34.39068171127499,4644581
2022-02-08,36.695316314697266,37.15227225725957,35.761544029239545,35.761544029239545,7084185
2022-02-09,37.549617767333984,37.9867056992115,37.13240160264649,37.25160567978159,9255613
2022-02-10,37.748294830322266,38.04630692635998,37.072798724941094,37.847630932525036,7832384
2022-02-11,38.821144104003906,38.900612230297035,36.556243768492315,37.54961997844825,13362074
2022-02-14,38.622467041015625,39.31783112673028,36.993330707839775,38.423791046607235,14075286
2022-02-15,38.78140640258789,39.15888661701094,37.907234316087894,38.801274380625316,14394623
2022-02-16,38.92047882080078,39.61584290084981,38.26485069719555,38.841006907913176,15005915
2022-02-17,39.3774299621582,40.668818198697345,38.980081775992694,38.980081775992694,22402656
2022-02-18,39.675445556640625,40.27147357272456,38.96021724254136,40.13240150580053,8224736
2022-02-21,40.728424072265625,42.15888443158474,39.973459829982346,40.23173597382336,19966843
2022-02-22,39.0396842956543,39.93372440043847,38.88074425362928,39.33769640077252,9568428
2022-02-23,37.21187210083008,39.79465253323746,37.172136142770846,39.536372595281954,10680534
2022-02-24,33.496646881103516,34.96684321134705,33.496646881103516,33.77479100618406,5402312
2022-02-25,35.94034957885742,36.59597768935775,32.483401015362105,33.516513125674535,11616326
2022-02-28,33.4569091796875,35.264853477343436,33.4569091796875,34.96684138894189,8212478
2022-03-01,32.18539047241211,34.62909502076802,31.88737458015889,34.27147898160774,8767326
2022-03-02,32.36419677734375,32.98008892914023,31.768168813844234,32.28472486643877,9337474
2022-03-03,32.384063720703125,33.17876773964497,32.18539150539727,32.98009173490951,6825316
2022-03-04,30.993337631225586,32.18538980731684,30.993337631225586,32.086049915475414,7600668
2022-03-07,30.09929847717285,30.69532458354271,29.006586159328666,30.49665047789593,20750058
2022-03-08,30.715192794799805,31.331086884806354,29.54300855217477,29.801286596712046,12544214
2022-03-09,32.68207931518555,32.68207931518555,31.1721451038818,31.370821106748952,11248528
2022-03-10,32.284725189208984,33.536377483041726,31.887373209570068,33.27810134887695,11145286
2022-03-11,33.576114654541016,34.23174279208224,32.086050361090116,32.34433029403544,16243004
2022-03-14,34.01320266723633,34.64896282728065,33.77479071250498,34.01320266723633,8396666
2022-03-15,34.509891510009766,35.165519662870004,33.31783928951036,33.85426335714952,13541836
2022-03-16,34.86750411987305,35.125784061476914,34.50989186057703,34.86750411987305,7392235
2022-03-17,34.86750411987305,35.50326808951278,34.688696095510245,35.20525218928839,6758015
2022-03-18,34.172142028808594,35.3244582433687,34.172142028808594,34.86750232165827,10296830
2022-03-21,34.78803634643555,35.125784419291406,34.50989221211764,34.50989221211764,6154374
2022-03-22,35.403926849365234,35.4237948279215,34.768166693282495,34.86750279663438,8942804
2022-03-23,35.18538284301758,36.25823094751399,34.86750276526222,35.76154285234256,10332758
2022-03-24,34.94697570800781,35.582735882230814,34.80790364357522,35.364191901305574,6102345
2022-03-25,35.30459213256836,35.48340015716783,34.96684406270598,35.10591612863232,5851141
2022-03-28,36.95359420776367,36.993330163947014,35.62246999105649,35.66220594723983,13426046
2022-03-29,39.05955123901367,39.89398738487928,36.814522731253255,37.350942990472326,27152629
2022-03-30,38.86087417602539,39.31783008792035,38.38405407570089,39.31783008792035,14049065
2022-03-31,40.450279235839844,40.74829133175963,38.92047901017437,39.09928702561212,21735986
2022-04-01,40.11253356933594,41.12577778727852,39.87412160476078,40.688689817129,9345707
2022-04-04,40.907230377197266,41.12577434397417,39.95359017760053,40.311206199806634,10118553
2022-04-05,41.56285858154297,42.178750738155216,40.72842245766247,41.52312262577977,14147944
2022-04-06,42.17875289916992,42.95358891853342,41.066172606803,41.60259666880169,16215929
2022-04-07,42.51649856567383,42.99331866410373,42.039678467243924,42.417162466203585,10503549
2022-04-08,42.51649856567383,43.11252653078318,42.27809041117352,43.11252653078318,7406993
2022-04-11,43.033058166503906,43.74829026781376,42.35756202402896,42.61584196702623,14805691
2022-04-12,43.569480895996094,44.12576914477456,42.69530877579202,43.09266077300192,14501464
2022-04-13,42.47676467895508,43.94696479084034,41.88074047424552,43.80788893960727,11698295
2022-04-14,42.39729690551758,43.58934911426655,42.39729690551758,43.09266100974027,7922385
2022-04-15,42.41716384887695,42.735043924858836,42.11915175132262,42.41716384887695,4478452
2022-04-18,42.91385269165039,43.43040877151058,42.3972966117902,42.61584058888514,8961053
2022-04-19,43.5098762512207,43.907228241961484,42.794647973088495,43.58934816514063,10210412
2022-04-20,43.35093688964844,43.96682907442609,43.033056807864526,43.72842090780289,8405350
2022-04-21,43.68868637084961,43.907230355218516,43.072794166044964,43.35093829929294,13529921
2022-04-22,42.7747802734375,44.66219276818581,42.576104276772035,43.68868455289742,20373498
2022-04-25,41.76153564453125,42.91385186528231,41.34431567715049,42.774779805965196,12808464
2022-04-26,41.38405227661133,43.132392718566535,40.56948409702169,42.11915233082682,15487537
2022-04-27,42.556236267089844,42.59597222427981,41.244979995256415,41.90060813117313,11394636
2022-04-28,42.695308685302734,44.08603688316033,41.96021241828075,42.81451276844126,12137409
2022-04-29,42.57610321044922,43.25159930853627,41.68206314256067,42.854247325157054,8164403
2022-05-05,44.24497604370117,44.52312016196806,43.072791846105844,43.43040787783722,12890780
2022-05-06,43.66881561279297,44.16550369880589,42.91385138940225,44.08603557554709,8653855
2022-05-09,43.13239288330078,43.96682904477825,43.013188800069564,43.589348816307826,7963200
2022-05-10,43.609214782714844,43.74828683830529,43.410538793544504,43.49000691555506,1790987
2022-05-11,41.62246322631836,42.794647415354454,41.483387378771035,42.794647415354454,6781988
2022-05-12,40.8277587890625,41.4436547385951,40.01319063844643,41.4436547385951,8197996
2022-05-13,41.02643585205078,41.50325596808849,40.64895183915156,41.28471578329793,5667341
2022-05-16,40.43041229248047,41.20524451959236,40.29134023011982,41.145640583110875,6142157
2022-05-17,41.682064056396484,42.099284027034706,40.21186774874784,40.629087719386064,9062239
2022-05-18,41.08604049682617,42.377428807065826,40.86749651883364,41.64232874709153,8141390
2022-05-20,41.32444763183594,41.64232770674011,40.708555460387785,41.06617149201233,5806039
2022-05-23,41.7218017578125,42.0595498283815,41.14564172413555,41.642329840299986,6947174
2022-05-24,41.682064056396484,42.25822406598511,41.52312401744607,41.92047600953681,5000683
2022-05-25,42.17875289916992,42.2383568358685,41.284716585268285,41.68206479497029,4719755
2022-05-26,42.635704040527344,42.91385194913448,42.23835584019195,42.2979597754855,9215351
2022-05-27,42.65557098388672,43.05292296400946,42.417162827356535,42.81451101804995,8286078
2022-05-30,45.854244232177734,46.728416329996655,43.01318775633829,43.11252764781168,25445120
2022-05-31,45.47676086425781,46.370800952969475,44.999940746754746,46.19199293522714,9669710
2022-06-01,45.75490951538086,46.84762182866474,45.417161453004645,45.59596947364085,8099659
2022-06-02,45.735042572021484,46.23173068738376,45.536366567990655,45.91385059670627,6087279
2022-06-03,45.33768844604492,46.58934456036828,45.23835234338471,45.99331657611878,8934130
2022-06-06,45.735042572021484,46.072790642045014,45.49663060929857,45.59597050602878,5987671
2022-06-07,47.006561279296875,47.40391327336495,45.67543702542712,45.79464110787576,13531393
2022-06-08,47.98006820678711,50.6125165705171,47.38404402113434,48.17874419848115,25679272
2022-06-09,51.258209228515625,51.258209228515625,47.026428380929204,48.59596077042542,18649784
2022-06-10,50.413841247558594,52.15224956643993,50.066161099554094,50.562849190663044,17672488
2022-06-13,48.85424041748047,51.05953673082588,48.85424041748047,50.2648327620831,11263557
2022-06-14,48.53636169433594,49.31119391701653,47.840997597080026,49.1522538767377,6806999
2022-06-15,51.258209228515625,51.258209228515625,48.119140660093805,48.65556470525289,9443828
2022-06-16,50.811195373535156,52.20191981348189,49.66881120015966,51.25821164279294,10999381
2022-06-17,53.49330520629883,53.691981198064255,50.612516588702874,50.910528681636336,11750702
2022-06-20,55.033042907714844,55.331055009352106,53.74165081823759,54.635690912578845,10545022
2022-06-21,56.82111740112305,58.013169557118786,54.38734503876286,55.182045212950236,10202629
2022-06-22,56.92045593261719,58.11250813951886,56.37409977637086,56.52310772326963,7699987
2022-06-23,54.9337043762207,57.16880087806048,54.486684317966834,56.97012487556659,8863903
2022-06-24,54.13900375366211,56.12575618498916,52.897283484082706,55.728404182951934,8121669
2022-06-27,54.13900375366211,55.18204802222291,52.35092732335367,52.35092732335367,7882186
2022-06-28,52.40059280395508,54.884033221204135,51.95357277096438,54.039664995111195,6684996
2022-06-29,50.21516418457031,52.79794447702882,50.21516418457031,52.5992684869275,6584263
2022-06-30,49.430397033691406,50.91052920876844,48.95357692217496,49.966821080183436,9223654
2022-07-01,51.804569244384766,51.85423729544291,49.60920500909274,49.66880894402014,8050605
2022-07-04,50.31450653076172,52.40059505509809,50.26483468873934,52.25158710788998,4401986
2022-07-05,49.19198989868164,50.86086221851282,48.33768576002646,50.513178274714136,7405664
2022-07-06,49.917152404785156,50.662184530229716,48.89397616512536,49.66880836297031,7344924
2022-07-07,50.364173889160156,50.96019809091824,49.56947369033955,50.11582984018937,3895980
2022-07-08,50.264835357666016,50.662187362555926,49.96682324871336,50.36417525360327,1487314
2022-07-13,50.066162109375,51.40721846664615,49.66881011270159,50.662186314955626,5597954
2022-07-14,48.059539794921875,50.215164248267875,47.90059976052507,50.066160097574866,6623555
2022-07-18,50.0164909362793,50.0164909362793,48.31781851718216,48.874110562074875,5584139
2022-07-19,51.8542366027832,52.052912593791284,49.817816221166396,49.86748427156108,5932842
2022-07-20,54.08933639526367,54.13900444879867,51.85423988132244,52.350927995531606,6775196
2022-07-21,54.13900375366211,55.0330438635311,53.64231564583035,54.288011701783454,6253064
2022-07-22,52.84761428833008,54.834366676692646,52.20191824634047,54.486682735071525,5082387
2022-07-25,52.94694900512695,54.039665063762314,51.70522879492496,52.897280954604746,6878404
2022-07-26,52.00324249267578,53.4933067909121,51.605894286803775,53.443638738856784,5001907
2022-07-27,53.0959587097168,53.5926468102952,52.20191861290389,52.45026266319309,8652721
2022-07-28,54.238338470458984,54.58602241069505,52.74827418512297,53.94032637127767,9346081
2022-07-29,56.125755310058594,56.423767412226105,54.23833901394855,54.28801085550103,8069668
2022-08-01,56.22509002685547,57.06946204982817,55.82774183024718,56.62244201289314,6140996
2022-08-02,56.42376708984375,58.11250737838352,55.877410940753386,56.6224430866301,9828720
2022-08-03,57.26813888549805,57.86416308389514,56.57277479441513,56.92045494524187,6373251
2022-08-04,58.46018600463867,59.20521813106701,57.61581777712496,57.61581777712496,7053857
2022-08-05,59.850914001464844,59.95025010229305,58.261513651637514,58.609193793965574,4911012
2022-08-08,60.297935485839844,61.09263567988745,58.60919520509528,60.4966114817091,5521247
2022-08-09,60.34760284423828,61.48998696529191,59.6025707103588,60.198594901690626,4547568
2022-08-10,61.29131317138672,61.29131317138672,60.148929009334104,60.79462506430811,4117291
2022-08-11,61.589324951171875,62.83104521228422,60.89396084706307,62.68203726517893,4961070
2022-08-12,60.148929595947266,62.13568204363787,59.25489326814423,61.63899393171522,5512869
2022-08-15,59.850914001464844,60.5959461259644,59.20521797779348,60.44693818529275,3902284
2022-08-16,61.142303466796875,61.34097946180602,57.26813861655099,60.04959117839073,9620960
2022-08-17,61.88733673095703,62.43369288509142,60.94362857958155,62.03634467727981,8035054
2022-08-18,61.29131317138672,62.03634533200464,59.55290479661158,62.03634533200464,10189731
2022-08-19,60.39727020263672,62.53303047770325,60.14892616085825,61.39064636975058,6874217
2022-08-22,60.54627990722656,61.291312054265205,59.6522398150084,60.39727196204705,4961918
2022-08-23,62.23501968383789,62.533031782303475,60.49661135512096,60.645615509639036,6834125
2022-08-24,61.98667526245117,64.71845976250515,61.83766731940374,62.682035558194116,9573843
2022-08-25,63.029720306396484,63.57607645555048,61.68866017000454,62.582700260932505,4655530
2022-08-26,62.334354400634766,63.52640655741723,61.29131018448611,63.476738507015746,5622577
2022-08-29,61.04296875,62.185349115739065,60.397272698916986,61.986676905648444,5516589
2022-08-31,61.93700408935547,62.235019978662265,60.94362789681133,61.440315993083395,7793685
2022-09-01,60.595947265625,61.937003599174446,60.24826711675794,61.937003599174446,5951985
2022-09-02,60.99330139160156,61.7880016092965,60.397273386258206,61.09263749777735,5915661
2022-09-05,62.63236999511719,63.2780660547344,61.39064971849143,61.83766977596261,10753072
2022-09-06,62.38402557373047,63.17872578822185,61.0926372515033,63.02972162955882,8862108
2022-09-07,65.5131607055664,66.50653695631864,61.98667956271156,62.582703797391034,15781806
2022-09-08,64.71846008300781,67.64891680239822,63.72508389625054,66.7548767185449,10372330
2022-09-09,64.81779479980469,66.55620308945463,64.81779479980469,65.56282692394038,8976268
2022-09-12,65.86084747314453,67.10256776804651,65.16547956068389,65.31448751184396,7478523
2022-09-13,62.23501968383789,68.0959407078553,62.23501968383789,66.55620458516249,12339773
2022-09-14,66.05951690673828,66.05951690673828,60.99329983266998,62.235020075277845,7316150
2022-09-15,70.08269500732422,70.72838348405635,66.05951830459828,66.20852625263612,10501026
2022-09-16,74.9999008178711,75.24824486031437,69.38732394288118,69.98334812897332,12255364
2022-09-19,70.97672271728516,75.49658722058743,70.72837868037533,75.44691538166204,5688833
2022-09-20,71.22506713867188,73.75817936036941,69.53633071011258,71.42374691658735,8256253
2022-09-21,68.4932861328125,71.22507068976651,66.80454962005724,71.22507068976651,10720507
2022-09-22,68.64229583740234,69.4866641154105,67.64891960942587,68.98997600142228,7154004
2022-09-23,68.5926284790039,70.28136495883884,68.34428443321296,68.94030862733948,6888182
2022-09-26,65.61250305175781,68.49328805693119,65.41382325835536,68.49328805693119,5046550
2022-09-27,65.26481628417969,66.95356044849268,65.06614406666489,66.25819252947228,6694701
2022-09-28,62.73170852661133,65.0164692385981,62.582700580885046,65.0164692385981,6012082
2022-09-29,61.98667526245117,64.56945181945773,60.29793499544101,63.42706769457247,6211014
2022-09-30,62.53303146362305,63.17872370876968,61.58932333210015,62.582699514875955,4280888
2022-10-03,68.74163055419922,68.74163055419922,63.625749146671176,63.625749146671176,8245510
2022-10-04,70.08269500732422,71.12573548587086,68.64229494810401,69.53633505747189,8062335
2022-10-05,71.17540740966797,72.21844788940892,69.13898313482375,70.57938319569327,10334325
2022-10-06,69.63567352294922,72.56613800413396,69.53633741384417,72.31779394194166,9243169
2022-10-07,69.33766174316406,70.48003830927982,68.54295775217497,69.73500615979965,8471144
2022-10-10,70.62904357910156,71.12573165993751,69.6853392570567,69.83434719707923,6784942
2022-10-11,69.08931732177734,70.62904587510704,69.08931732177734,70.62904587510704,5384152
2022-10-12,70.08269500732422,71.02639938013199,68.89063900188069,69.23831916139623,7856519
2022-10-13,70.43037414550781,71.8211023422617,69.43699794480632,70.67871819568319,10048586
2022-10-14,72.91381072998047,73.11248292790356,71.42374650898165,72.06944252051952,8614304
2022-10-17,78.47672271728516,78.97341083574898,73.50984153264686,73.85752169979969,12883916
2022-10-18,80.11579132080078,81.70519171064645,76.88731870001536,80.71181551963555,11690174
2022-10-19,79.32109069824219,81.05949910618865,78.77473831734596,80.36413877455374,6589991
2022-10-20,80.66214752197266,81.70519560377734,79.1224188998553,79.51977091096468,7746192
2022-10-21,80.91048431396484,82.35088427749835,79.81777206570882,80.66214027668582,6406745
2022-10-24,82.35089111328125,82.99658717957638,80.46347475751824,82.05287521226529,7308685
2022-10-25,81.655517578125,83.49326954301104,80.76148509439074,82.84757352120178,8985658
2022-10-26,81.80452728271484,83.19525545687011,81.00983088238243,81.85419912348637,6988856
2022-10-27,80.3641357421875,81.50651988293305,78.72506350362727,81.10916788890952,9871355
2022-10-28,77.98003387451172,80.61248239369064,77.88069776751348,80.2648022297672,2557944
2022-10-31,77.88069152832031,79.07273987451998,77.3840034542607,78.77473157739934,6752646
2022-11-01,78.82440185546875,80.16545824204317,78.22837763686447,78.22837763686447,10420093
2022-11-02,77.23500061035156,79.07274508980998,77.08599266253405,78.82440103640049,7354645
2022-11-03,77.28466796875,78.17870044606782,75.69526005605475,77.3343322292351,9833816
2022-11-04,78.27804565429688,78.57605395960631,76.83764565262892,77.48334168242086,8098127
2022-11-07,79.71843719482422,80.01645307569413,78.72506103040273,79.3210852132839,8361960
2022-11-08,80.86082458496094,82.54956110154538,79.0727443848112,80.06612058959239,18671221
2022-11-09,79.02307891845703,82.20187969380379,78.87407097423728,80.91048761571105,9255639
2022-11-10,81.40717315673828,81.45684499620626,78.57605262081259,78.57605262081259,7469967
2022-11-11,80.0164566040039,82.64889749271086,79.22175260588094,82.15220938859876,7704967
2022-11-14,78.72506713867188,79.22175525942059,77.9800349575488,79.22175525942059,7848387
2022-11-15,79.76811218261719,81.60585664355132,79.07274429276443,80.21512844270477,11053442
2022-11-16,78.37738037109375,80.26479658680353,77.28466811321714,79.91710886846488,7681860
2022-11-17,77.68201446533203,79.17207873956878,74.50321371183716,78.37738234062446,8240365
2022-11-18,77.28466796875,79.12241234158795,75.99327593439976,76.88731599057618,7600098
2022-11-21,78.47672271728516,78.47672271728516,75.993282124966,77.93036275543125,4750435
2022-11-22,80.76148986816406,80.81115413194122,78.6753937391862,79.12241758633536,8093012
2022-11-23,82.15220642089844,82.94691039031319,80.51314179962594,81.2085020887198,8591728
2022-11-24,83.54293823242188,85.38068271586717,82.2018818568731,82.40055406848808,13097488
2022-11-25,85.77803039550781,85.77803039550781,82.64889395766856,83.54293402260244,9356843
2022-11-28,85.67869567871094,88.70849606469004,85.62902383807831,87.81445598531434,9013821
2022-11-29,86.52306365966797,87.01975174907922,83.09591887427386,86.17538351285185,7193336
2022-11-30,87.16876220703125,87.81445825766995,86.17538599954372,87.41710625890313,6679045
2022-12-01,86.4237289428711,89.30452142340525,85.97671268677912,88.41048133236238,11350833
2022-12-02,86.4237289428711,87.66544918630315,84.83432854704985,86.47340078415193,9248977
2022-12-05,87.3177719116211,90.04955653720226,85.23168334967639,86.92041990485563,15676020
2022-12-06,85.43035125732422,87.81445559888176,85.28134331494084,87.41710361214571,6893247
2022-12-07,85.67869567871094,88.90716826950295,84.23830324667034,86.02637582656293,11051812
2022-12-08,85.33101654052734,86.42372883764533,82.40055222228035,85.87736889965689,7143569
2022-12-09,87.56611633300781,88.31114850672223,84.93366780344499,85.82770792767414,7388625
2022-12-12,93.42703247070312,95.11576893992061,88.46015158611196,88.46015158611196,9443945
2022-12-13,92.33431243896484,94.76808861514235,92.28464817752781,94.32106478905648,6730040
2022-12-14,88.90717315673828,93.3773662204849,88.65882909764125,93.02968605352089,6162296
2022-12-15,89.85087585449219,92.33431639860594,87.66545120721571,90.29789969974811,6040282
2022-12-16,90.19856262207031,91.78796303740911,90.04955467525689,90.19856262207031,1497851
2022-12-19,93.6257095336914,94.07272580496112,89.05618039848201,90.0992208910644,11855288
2022-12-20,95.61245727539062,98.09589772410207,92.53299263476019,94.17206484668151,27023947
2022-12-21,93.72504425048828,96.85418083953745,93.47670019705356,96.00981257363124,9444936
2022-12-22,93.42703247070312,95.51312092645965,92.68200033801445,94.66875269185091,6765681
2022-12-23,92.7316665649414,94.02305865384895,92.03630625790437,93.7250427629137,4651461
2022-12-26,93.973388671875,94.66875657153034,93.07934856023762,93.57603666905183,4408382
2022-12-27,92.88067626953125,94.66875649129045,92.88067626953125,94.66875649129045,4945512
2022-12-28,90.44690704345703,92.98001183420179,89.40385899035923,92.8806757288732,6031753
2022-12-29,91.29127502441406,92.18531512732164,89.60253092361997,89.70187460750003,4525823
2022-12-30,92.88067626953125,94.17206838289724,91.78796394683799,91.83762821036187,5573302
2023-01-02,95.31444549560547,95.56278955117386,93.57603710662673,93.87405300485244,6390814
2023-01-03,95.21510314941406,97.89722332110067,94.3210630921852,95.5131190281099,11615735
2023-01-04,94.51974487304688,95.76146509581717,93.07934486731806,95.41378494921325,5450735
2023-01-05,90.59590911865234,96.35749428255497,90.09922100379382,95.2151101026085,7040667
2023-01-06,90.84425354003906,92.23498178298658,83.64227584573644,86.52306843922932,8591628
2023-01-09,87.51644134521484,93.32769057560392,85.92704094750673,92.3839862210188,5870210
2023-01-10,83.04624938964844,88.50981852816292,81.50652081610976,87.51644232116028,6473977
2023-01-11,75.79460906982422,84.53631531067215,75.64560112016325,83.24493076428168,8114637
2023-01-12,80.11579132080078,80.3641353685535,73.75818218255925,77.63235084327353,8267485
2023-01-13,80.66214752197266,83.74161992392581,78.82440299680847,79.81777923515227,7030585
2023-01-16,84.58598327636719,84.73499121919814,80.26479840742269,80.86082259988765,6013678
2023-01-17,89.20518493652344,89.35418530200813,84.13896030199538,84.63564839723469,7739083
2023-01-18,88.11246490478516,90.69524905845233,87.61577681044282,89.50319308471543,6689556
2023-01-19,88.90717315673828,89.99988550099339,87.11909289969594,87.81446081248318,6780884
2023-01-20,89.30451965332031,89.80120774084838,87.6654474487059,89.30451965332031,4001161
2023-01-23,88.50981903076172,91.48994766869214,86.52306660547478,90.39723535055613,6718766
2023-01-24,86.77140808105469,88.95684023126658,85.13233586311047,88.31114419645718,5102032
2023-01-25,88.21180725097656,88.509815555754,82.6985664557185,87.0197512952906,6625068
2023-01-26,85.92704010009766,88.55948850910941,85.38068016618355,88.36080872456844,6073535
2023-01-27,85.13233947753906,86.17538754565841,81.45685047543505,85.33101926991658,6377675
2023-01-30,82.94691467285156,85.87737150100746,82.89724283012657,85.13233933328723,4127231
2023-01-31,82.10254669189453,82.84757886227678,79.61910612395374,81.4568506284581,5510950
2023-02-01,76.4899673461914,82.49989638350716,76.4899673461914,82.1025443880149,5245799
2023-02-02,76.98665618896484,79.22175265896705,70.5793826731688,76.68864029475428,9341064
2023-02-03,79.51976776123047,80.2151280689846,75.19857523250762,76.98665542224528,11939695
2023-02-06,77.43367004394531,78.5760541644228,74.25486930587286,76.48996570638408,1696821
2023-02-07,69.7350082397461,77.08599384964249,69.7350082397461,77.08599384964249,3970822
2023-02-08,64.22177124023438,64.22177124023438,64.22177124023438,64.22177124023438,250
2023-02-15,76.68863677978516,76.68863677978516,72.51645992522008,74.55288409164986,8540640
2023-02-16,71.77143096923828,82.15220930279558,71.77143096923828,81.4568489893085,8198419
2023-02-17,70.87738800048828,73.7085085606989,69.5363316907947,70.43037175687665,4775599
2023-02-20,73.21182250976562,73.60917450337355,69.73500582869939,71.0263979132104,5670189
2023-02-21,73.31116485595703,75.39725331079867,72.51646088322747,72.71513308698047,5473533
2023-02-22,72.8144760131836,74.50321246416111,72.66546807248353,73.41050019712515,4600596
2023-02-23,72.11911010742188,73.85751844544652,71.92043790033405,72.76480614874566,3867422
2023-02-24,71.27474212646484,72.46679053118271,71.0760699186315,72.31779016473716,3280746
2023-02-27,74.95023345947266,75.19857751676562,69.9336880494703,71.17540833593512,7986626
2023-02-28,74.45354461669922,75.44692083615543,73.70851245210706,74.90056846276997,4491349
2023-03-01,77.08599090576172,77.23499885018337,74.99990242043529,75.0495742615288,5908952
2023-03-02,75.19857788085938,78.0793704751777,75.19857788085938,76.7879859183172,4258624
2023-03-03,74.50321197509766,76.98665237426758,71.87076363620581,75.19857225532178,4900095
2023-03-06,77.78135681152344,78.42704525618855,74.40387633212549,74.701884634542,5649986
2023-03-07,81.2581787109375,81.75486682633722,78.42705039007176,78.4767222331554,7422152
2023-03-08,82.45022583007812,82.59923377807297,80.21512934673264,81.2581774038375,5165487
2023-03-09,82.94691467285156,84.13896310966027,82.25155434785634,82.45022656103808,4275311
2023-03-10,81.2581787109375,82.94691527175286,80.46347469475427,82.94691527175286,3426004
2023-03-13,82.84757995605469,82.84757995605469,79.27142700677835,81.15883580024416,4317329
2023-03-14,79.37075805664062,83.44359886649544,79.37075805664062,82.996582618397,3495522
2023-03-15,77.98003387451172,80.016458172842,75.6456012551867,79.4700982160629,6331004
2023-03-16,79.4700927734375,79.4700927734375,76.78798017387744,78.07936463413061,2720492
2023-03-17,77.731689453125,81.20850623377596,77.58268150389671,80.5628101730261,4056808
2023-03-20,76.29129791259766,78.77473850117363,75.64560184379606,77.73169042242803,3147042
2023-03-21,75.19857788085938,77.98003436755138,74.25487349012059,76.48997001657906,3279840
2023-03-22,76.58930206298828,76.68863816534721,75.04957352927791,75.34758183635469,2374609
2023-03-23,77.08599090576172,77.43367105683964,75.49659051593487,76.58930281026215,2054466
2023-03-24,75.99327850341797,77.78135867621842,75.59592651181133,77.18532689937902,2111600
2023-03-27,75.24824523925781,76.93698170483297,75.04957303584618,76.48996545772742,2768794
2023-03-28,71.92044067382812,75.6952658060791,71.92044067382812,75.6952658060791,3779823
2023-03-29,73.2614974975586,73.90719356754622,70.03302472647974,71.8707692496297,4187812
2023-03-30,75.29792022705078,76.04295238927546,73.21182410973444,73.26149595209304,3374491
2023-03-31,73.4104995727539,75.24824394880109,72.2184436361508,75.19857210937064,2935428
2023-04-03,76.88732147216797,77.03632942196383,71.72176054535299,73.41050467827408,4410668
2023-04-04,79.96678161621094,80.56280580192647,76.04294877962978,76.68863722648737,4533090
2023-04-05,78.87406921386719,80.66214176802012,78.12903708825546,80.36413346509065,3289360
2023-04-06,78.77473449707031,79.71843884121719,77.23499837887398,78.62572655355795,2395433
2023-04-07,79.71843719482422,80.11578917636454,78.62572492973231,78.92373323174355,2692761
2023-04-10,81.50652313232422,81.9535394066349,80.11579488722766,80.11579488722766,3949521
2023-04-11,80.61248016357422,81.90386467654403,80.16545632616013,81.55618452223905,2850121
2023-04-12,82.79790496826172,83.09592086057567,80.66214461696897,80.96016050928293,5640561
2023-04-13,83.9402847290039,84.68531684198322,82.64889270162965,82.64889270162965,5737216
2023-04-14,82.64889526367188,84.38730358117941,81.75486276346933,84.23830321705152,2935248
2023-04-17,82.40055084228516,83.94028694802317,81.8045266519171,82.69856672689856,3161045
2023-04-18,82.15220642089844,83.64227067940705,81.80452627635151,82.79790244869058,2090725
2023-04-19,80.56280517578125,82.64889359900164,80.1654531954396,82.25154919751864,2896888
2023-04-20,79.17208099365234,80.56280920497339,79.17208099365234,80.56280920497339,1156531
2023-04-24,79.9171142578125,80.91049048266466,79.17208208917339,79.47009798817268,2350817
2023-04-25,78.47672271728516,80.31446723982948,77.1853305777355,80.21513113190856,2731313
2023-04-26,74.10586547851562,77.4833461870566,73.31116903929724,77.4833461870566,6029492
2023-04-27,72.26811981201172,75.14891235809053,72.0197757576749,74.50321630104301,3980058
2023-04-28,69.98335266113281,72.76480914816968,69.03964827027703,72.36745713875595,5244431
2023-05-02,67.35090637207031,71.27473915461361,67.35090637207031,70.03301896028236,3274544
2023-05-03,67.05289459228516,67.94693470262078,63.27806572867946,67.54958270037616,4739161
2023-05-04,66.00984191894531,68.59262596354111,65.56282568445833,67.05288990455966,4073368
2023-05-05,66.10919189453125,66.25819226764892,64.42044773689145,66.15885615928406,3136138
2023-05-08,67.64891815185547,68.19527809701427,65.215149477295,66.55620584039687,4148453
2023-05-09,68.09593963623047,68.74162808507705,66.20852339326827,67.69858765157652,5941554
2023-05-10,66.75487518310547,69.0893152313773,66.75487518310547,68.14560332834905,2949385
2023-05-11,72.019775390625,72.26811944369612,66.55620622306034,66.70521417067484,7040516
2023-05-12,69.8840103149414,72.96347484999004,69.78467421617052,72.26811457973531,4173959
2023-05-15,65.56282806396484,70.18202882969776,63.82441974408699,63.82441974408699,3744729
2023-05-16,68.54296112060547,69.33766515064897,65.76150459431254,66.20852845328425,7609603
2023-05-17,69.78467559814453,70.77805176324267,68.14560340996086,68.54295539177186,4758897
2023-05-18,66.55620574951172,70.33103836087837,66.45686964476187,69.78467841646565,3157784
2023-05-22,66.6555404663086,67.79792459429187,65.41382023564391,67.15222855857446,3089462
2023-05-23,66.75487518310547,67.2515632650597,66.05951489991301,66.65553908248636,1687555
2023-05-24,66.50653076171875,67.20189861979246,65.86084232195844,66.90388274078106,2214449
2023-05-25,66.00984191894531,67.00321806567953,65.66216178336005,66.65553793009427,2468813
2023-05-26,68.5926284790039,69.18865267313042,66.1588522829373,66.35753206688535,3808420
2023-05-29,73.95685577392578,74.35420777354162,69.68534261991792,70.52971088231466,4970425
2023-05-30,76.93698120117188,77.73168516733347,74.25486857837925,74.80122850247268,6286925
2023-05-31,77.13566589355469,78.17870638933861,75.14891343050812,77.13566589355469,4794422
2023-06-01,76.98665618896484,78.97340860674458,76.53963992650802,77.98003239785471,3525822
2023-06-02,79.42042541503906,80.21512941915637,77.53301666826381,79.22175320343926,4702719
2023-06-05,87.3177719116211,87.3177719116211,81.65552286764643,81.65552286764643,9602773
2023-06-06,87.81446075439453,92.63233398191817,85.97671623406397,86.92042062646476,12203838
2023-06-07,91.98663330078125,93.62570552332745,90.39723291907478,90.39723291907478,8492256
2023-06-08,90.44690704345703,92.1356435706202,88.06280262127565,91.88729951786921,6837428
2023-06-09,89.99988555908203,92.0859741410717,88.8575013707265,91.88730192520953,8101255
2023-06-12,91.39060974121094,94.12239427151887,90.99325774830345,91.39060974121094,12331318
2023-06-13,87.81446075439453,91.39061368725437,86.87074878313452,91.39061368725437,6132402
2023-06-14,85.6290283203125,89.00650903093714,84.9833398314427,87.81446058194453,6454373
2023-06-15,85.23168182373047,86.97009019070397,84.33764171922942,85.92704213897626,5566085
2023-06-16,85.7283706665039,87.9137953151099,84.93366666036042,85.62902698159165,5860845
2023-06-19,82.94691467285156,87.06942751667529,82.94691467285156,85.72837113055071,4184353
2023-06-20,86.02637481689453,86.02637481689453,82.00320587521094,82.94691020528445,4687361
2023-06-21,83.59260559082031,86.9204142194504,83.54293375115145,86.07604599709032,4180953
2023-06-22,89.85087585449219,89.99988380291083,82.49989790700272,83.59261023064096,10394045
2023-06-23,91.2416000366211,92.63232819554308,89.60252783427941,91.39060797844465,6523901
2023-06-26,92.1356430053711,92.73166721254509,91.14226680046143,91.39061085168885,5662334
2023-06-27,92.7316665649414,92.83100266896685,91.3906102134506,92.13564236192983,1884548
2023-07-03,99.63563537597656,100.8276837782647,96.15881869396743,96.35749090139582,11054124
2023-07-04,104.10582733154297,106.6886038995498,97.64888212209644,99.83430669990403,11164221
2023-07-05,106.1919174194336,107.38396582927817,101.92039672291578,103.80781302088549,7930666
2023-07-06,105.2978744506836,108.3773390745073,104.99985856692118,106.78793871177817,6170801
2023-07-07,105.09920501708984,106.29125342583602,103.80781292523237,105.09920501708984,3672053
2023-07-10,106.29125213623047,109.37071680384481,106.29125213623047,107.58264421241981,4999934
2023-07-11,106.68860626220703,108.37734278437796,105.69523005413967,107.78131857530934,5369622
2023-07-12,104.30449676513672,106.78793716430664,103.9071447854978,106.68860106411158,4400064
2023-07-13,104.6025161743164,106.29125267119369,103.21178798808042,104.30450028481624,4432249
2023-07-14,108.67535400390625,108.77469010466845,105.29787352598042,105.89389770941234,6078974
2023-07-17,108.77469635009766,110.06608847072923,107.58264791479093,109.66873646600727,6412150
2023-07-18,104.6025161743164,110.1654213404015,104.6025161743164,110.1654213404015,5402952
2023-07-19,106.09258270263672,106.9866152322834,102.3177500573276,104.6025183814135,8093767
2023-07-20,106.98661041259766,107.68197827849133,104.90052197263405,107.0859540926244,6492787
2023-07-21,107.6819839477539,108.67536016945115,105.99323982355311,107.28463194330318,5180467
2023-07-24,112.74819946289062,113.54290345981143,108.17867042774351,108.17867042774351,9130613
2023-07-25,113.54290008544922,116.82103692289239,111.0594596424504,114.23826037794537,8433358
2023-07-26,114.73494720458984,114.83428330544545,111.35746672348819,113.74157103831634,4959137
2023-07-27,113.14555358886719,113.2448896956354,109.6687367999661,111.25813724483477,11785691
2023-07-28,111.85415649414062,114.93362114027586,110.76144421052602,114.23826084493716,11611324
2023-07-31,111.55615234375,113.24488888327271,111.25813644672407,112.54952856202432,8609617
2023-08-01,109.37071990966797,111.75482434479542,108.97336790733688,111.55615213305941,6460405
2023-08-02,109.76806640625,112.25150682268101,108.6753541387921,109.1720422220783,6135079
2023-08-03,109.2713851928711,111.65548965830557,108.37734507097578,110.06608920763564,5507247
2023-08-04,112.8475341796875,113.2448861732602,108.97336550535682,109.27138139525107,8107648
2023-08-07,114.73494720458984,118.1124276856915,112.74819487204283,113.24488295517958,16243719
2023-08-08,111.85415649414062,115.62898901447338,111.75482039178635,114.83428503792159,8079769
2023-08-09,115.23163604736328,116.02634001716446,110.56277106664292,112.25150752889698,6850995
2023-08-10,113.7415771484375,120.19852257607806,112.94687314118426,116.22501769753002,11210121
2023-08-11,120.29785919189453,121.58925131443708,112.94687361966746,113.74157763028735,11837259
2023-08-14,127.05281829833984,127.74818619004772,120.79454516726396,121.19189716554575,10584517
2023-08-15,128.74156188964844,132.6157230157865,125.36407370697518,127.45016979502978,10384840
2023-08-16,127.35082244873047,130.92698273747257,126.15877407172225,128.34419862252355,7315629
2023-08-17,127.8475112915039,130.4302954217232,125.16539863794853,127.54949540606052,7682676
2023-08-18,125.16539764404297,129.6355904170445,122.38394133152075,128.44354204245425,7643701
2023-08-21,128.14552307128906,128.542867467338,122.18526618425236,123.87400260403601,6593087
2023-08-22,126.85413360595703,129.13890182361055,123.67533290030394,128.5428700597992,5747179
2023-08-23,121.48991394042969,128.94023554154697,121.48991394042969,127.15215532573521,6341922
2023-08-24,117.11905670166016,125.56275448859867,114.83428838659201,122.68196196316549,8480800
2023-08-25,120.19851684570312,120.49653272893019,114.53627569525895,117.1190522274114,6242829
2023-08-28,127.8475112915039,128.84088747117016,121.09255781708862,121.48990980472689,6324615
2023-08-29,124.47003936767578,128.14552823113374,122.8806314040475,127.84751234323873,4012746
2023-08-31,121.88725280761719,124.96672499214993,120.39718855530471,124.76804521119305,5604145
2023-09-01,123.87400817871094,124.56937606080717,120.69520739411324,121.88725579362266,3954070
2023-09-04,123.57600402832031,126.55613270627566,122.78130001598856,125.16540447412467,5619689
2023-09-05,123.17864990234375,123.77467411190587,120.99322527432965,123.5760019016715,3842894
2023-09-06,121.19189453125,125.06606316728305,121.19189453125,124.66871117763833,4228334
2023-09-07,123.27798461914062,123.67533661399352,120.89388022888222,121.88725642658498,4024184
2023-09-08,123.17864990234375,125.46341821433406,121.48991337877459,123.47666579655433,5807726
2023-09-11,121.48991394042969,126.65546721899406,121.48991394042969,124.17202668528829,6136592
2023-09-12,120.79454040527344,123.87400500755466,119.90050033909922,121.78791657238729,5116331
2023-09-13,118.70845794677734,122.78129892122969,118.5097857348954,120.99322627771501,4138173
2023-09-14,119.99984741210938,123.079312101468,115.03296643609258,119.70183152200481,10139326
2023-09-15,111.75482177734375,119.50315911878313,111.75482177734375,119.40381543633838,7849678
2023-09-18,106.68860626220703,112.84753572068111,106.39059036824322,111.7548234075788,6155408
2023-09-19,109.96674346923828,109.96674346923828,105.39721441677524,106.68860652195043,5477556
2023-09-20,119.20514678955078,120.89388333752576,113.34422555662604,114.3376017798723,16469595
2023-09-21,122.0859375,122.18527360504531,115.23164014784761,118.41044098245152,10585642
2023-09-22,118.41043853759766,120.19851870693024,117.21839014394851,118.70845442543937,6656523
2023-09-25,122.28460693359375,123.4766629036486,116.324349819896,118.50978197556715,9170520
2023-09-26,121.19189453125,124.07268698260067,120.19851834656762,123.07931079791828,6673968
2023-09-27,120.69520568847656,124.37069451740517,120.29785370130242,122.68195804548851,5743534
2023-09-28,122.38394165039062,125.56274995567819,119.99984489499839,120.59586908384645,8846393
2023-09-29,124.47003936767578,125.26473577063106,121.48991080416104,122.97997508591841,10273007
2023-10-02,126.15877532958984,127.748183286593,123.57599876774796,124.47003884884754,6977956
2023-10-03,132.2183837890625,133.3110885599353,124.9667341955382,126.35745487036488,10814150
2023-10-04,128.9402313232422,132.91373604717742,127.6488392564197,132.21837575203227,4079949
2023-10-05,134.70181274414062,135.7945174205218,129.23824388908312,129.23824388908312,8666040
2023-10-06,136.5892333984375,138.27796997981994,133.11241654829547,133.6091046697443,5020989
2023-10-09,127.15215301513672,134.90049037104018,126.35744902724855,132.51637840737567,5657827
2023-10-10,132.11903381347656,132.11903381347656,128.84088934144825,129.03956154872193,4090187
2023-10-11,129.63558959960938,132.51637441651374,125.5627488367727,132.119030013395,4370594
2023-10-12,125.16539764404297,131.4236705577886,120.19851678515236,130.13227850293356,6281672
2023-10-13,122.78129577636719,125.1654001521805,120.19851919376063,125.1654001521805,3462881
2023-10-16,123.17864990234375,126.25811463413055,119.90050538146357,126.05944242389617,3204178
2023-10-17,129.5362548828125,129.5362548828125,122.58262882193782,123.1786530467146,5368586
2023-10-18,124.07268524169922,127.05281375393126,122.58262098558319,126.25810978579256,4695600
2023-10-19,122.28460693359375,126.35744777884878,121.29123074797747,124.76804739763449,5098586
2023-10-20,118.2117691040039,121.19189773687795,114.93362457629884,120.69520963139894,3935470
2023-10-23,123.3773193359375,124.56937530709321,119.6024943744249,124.07268721382637,3952068
2023-10-24,130.03294372558594,130.03294372558594,124.66871809380063,126.15878245348749,6394221
2023-10-25,117.41706085205078,131.82101538937832,117.41706085205078,131.12565509843017,9886721
2023-10-26,120.49653625488281,122.88063307502742,114.93362346425484,119.20514416158868,7649459
2023-10-27,120.19851684570312,120.7945410332985,116.4236843595012,120.49653272893019,3782445
2023-10-30,117.21839141845703,120.49653590492356,117.01971921030831,119.60249581053642,3742121
2023-10-31,113.84091186523438,118.80779290280009,113.44355986645732,118.60912069284106,4074665
2023-11-01,111.25813293457031,115.43030988807315,109.66873255127679,114.63561348585581,4930853
2023-11-02,112.94686889648438,115.03296494241098,112.15217249795602,113.64223677141284,4060042
2023-11-03,114.73494720458984,115.3309713885822,112.3508428897617,113.14554685432397,2913998
2023-11-06,116.22501373291016,117.61574190873384,114.63561335147973,116.5230296201791,3753430
2023-11-07,117.71508026123047,118.31110446830034,115.6289917470564,116.22501595412629,3580024
2023-11-08,119.50315856933594,120.99322285284956,117.91375060383432,118.80779068971425,4162814
2023-11-09,118.11243438720703,119.40381892931852,116.12568194193479,118.31110660019061,2272082
2023-11-10,117.3177261352539,118.7084543124265,116.42368605143876,118.11243011616935,1656368
2023-11-13,114.5362777709961,118.0130944369812,113.84090989048374,117.61574244509684,2654328
2023-11-14,116.42369079589844,116.8210428025489,113.24488990041296,114.53628202731221,2642967
2023-11-15,116.22501373291016,118.11243000160952,115.43030975276552,117.21838991866153,2210483
2023-11-16,117.6157455444336,118.11243365266274,115.82766532326505,116.22501732562017,3281323
2023-11-17,118.70845794677734,120.4965381691511,117.41706583296751,117.81441783559046,4377909
2023-11-20,120.79454040527344,122.58262053762186,120.19851622077687,120.19851622077687,3877383
2023-11-21,122.88063049316406,123.57599836681156,120.99322181334936,122.08593409609966,4073823
2023-11-22,120.89388275146484,123.57600308854302,120.7945466453936,123.17865108539894,2127280
2023-11-23,118.80779266357422,122.38394548764896,118.80779266357422,121.09256096779755,3304139
2023-11-24,118.70845794677734,119.30448216128224,116.12568129801676,118.70845794677734,2893564
2023-11-27,120.99322509765625,121.48991320137593,119.30448099769396,119.7018329964415,3216364
2023-11-28,120.49653625488281,122.38394497435412,119.70183226226197,121.19189656428182,2541259
2023-11-29,116.32434844970703,121.2912293192834,116.32434844970703,120.99322101442408,2571553
2023-11-30,115.23163604736328,117.11905229149701,114.13892377303073,116.72170030659642,2733998
2023-12-01,116.0263442993164,117.7150808238962,115.62899229975086,116.22501650966967,2187588
2023-12-04,116.92037200927734,118.21176405996327,114.43693158784954,116.52302760493586,3162908
2023-12-05,115.927001953125,117.71508218237562,115.33097773632784,117.21839407190146,2096939
2023-12-06,111.65548706054688,116.42368830162046,111.65548706054688,115.92700019866326,2198498
2023-12-07,114.13892364501953,114.13892364501953,110.36409116098568,111.55614711435051,2323948
2023-12-08,115.8276596069336,115.8276596069336,113.44355528932229,114.23825925481229,1936773
2023-12-11,113.6422348022461,116.62236329752076,113.44355502191257,115.82765933390405,2111166
2023-12-12,112.74819946289062,114.03959156317218,111.55615104636841,113.64223956471177,2113799
2023-12-13,109.07270812988281,112.251508889912,108.87402834559421,112.251508889912,1959176
2023-12-14,113.04621124267578,113.24488344524676,108.67535457638573,110.36409103481522,2636630
2023-12-15,114.73494720458984,115.43030748943782,112.4501789906173,113.24488295517958,3274633
2023-12-18,110.26475524902344,114.13892384111223,110.26475524902344,113.74157185597463,2443753
2023-12-19,111.05946350097656,111.65548771223213,108.77469518249471,110.26475950006312,2164321
2023-12-20,109.2713851928711,111.5561535511748,108.9733692926196,111.35747375805407,2207238
2023-12-21,112.74819946289062,112.74819946289062,109.07271052956466,109.07271052956466,2374381
2023-12-22,107.97998809814453,113.44355710654642,107.97998809814453,113.24488490142079,3446303
2023-12-25,103.90715026855469,107.68198290602986,103.90715026855469,107.58264680059294,1795708
2023-12-26,101.82106018066406,105.39721297367657,99.28794784706494,104.50317288070872,4082369
2023-12-27,102.41708374023438,104.80118811356594,101.22503534299803,101.8210595416162,3128299
2023-12-28,105.39720916748047,105.39720916748047,102.31774458411853,102.81443266462396,4644685
2023-12-29,106.7879409790039,107.78131717415744,104.80118858869686,105.49654889376076,2630295
2024-01-02,107.38396453857422,108.27800462464118,106.2912522462074,107.2846284354243,3318320
2024-01-03,109.07270812988281,112.35084499262689,106.29125178071314,106.98661207857614,7322654
2024-01-04,111.25813293457031,112.74819721494401,108.47667657966251,108.57602026144117,4359035
2024-01-05,113.24488830566406,113.54290420116996,110.96011998374301,111.25813587924891,2788273
2024-01-08,113.84091186523438,114.53627975780898,112.74819955274172,113.54290355029583,3096789
2024-01-09,113.7415771484375,116.72170580734853,112.94687314118426,113.84091325462938,3701812
2024-01-10,116.22501373291016,117.41706212426827,114.83428555708647,116.32434983571353,3957025
2024-01-11,117.01972198486328,118.21177041973716,115.43031396655263,116.72170608671526,2310215
2024-01-12,122.18527221679688,123.1786484136814,115.23163883860518,116.6223670300153,4570783
2024-01-15,124.76805114746094,126.55613136685345,121.98660229145591,122.1852745030066,4358748
2024-01-16,124.76805114746094,127.05281947458924,123.675338826214,124.76805114746094,3971062
2024-01-17,127.05281829833984,127.35082661290693,122.88063368466959,123.67533768123316,2984308
2024-01-18,126.5561294555664,128.84089016933052,125.76142546364736,127.15215366007622,3188340
2024-01-19,127.15215301513672,128.24487289319768,125.16540062427521,126.95348080759413,2732323
2024-01-22,125.56275177001953,128.44354423308022,125.56275177001953,127.15215215620026,2666353
2024-01-23,124.2713623046875,127.15215482828769,124.1720261994997,126.35745082906729,2172889
2024-01-24,125.16539764404297,127.05281388619314,124.56937345674784,125.16539764404297,2404484
2024-01-25,128.34420776367188,128.64222366857908,125.7614310436267,125.7614310436267,2256838
2024-01-26,131.82101440429688,132.11903028610976,127.7481812119119,129.13890178341558,3079620
2024-01-29,136.19187927246094,138.77464822556476,132.317703106229,132.317703106229,4480933
2024-01-30,135.4965057373047,138.1786335662725,134.205128821393,135.7945216247142,2839955
2024-01-31,137.38392639160156,138.77464695688832,134.9998145054734,135.2978303859541,2386231
2024-02-01,138.774658203125,140.46339478574689,137.38393752513485,137.4832660548664,2330374
2024-02-02,140.56272888183594,142.45013755285132,138.5759765301492,139.66869638666392,2785367
2024-02-05,142.74815368652344,145.52961001528746,141.05941721618305,141.05941721618305,3541969
2024-02-06,146.42364501953125,147.51636489666777,141.6554514116718,142.84749981363666,3238864
2024-02-07,151.7878875732422,152.58259157097268,146.62233432457091,146.62233432457091,3870675
2024-02-08,152.48324584960938,153.97331014129938,149.9998053634594,152.0859014349125,3360769
2024-02-09,155.36402893066406,156.8540932049008,151.2911956757142,153.97330833779682,3860833
2024-02-12,153.77464294433594,157.1521160524598,152.28457860409569,156.8541001528681,3018373
2024-02-13,149.0064239501953,154.96668090820313,149.0064239501953,154.46999282836916,2939147
2024-02-14,152.48324584960938,155.56271811552247,149.90046168092627,153.5759657266025,8313645
2024-02-15,160.33091735839844,160.72827694478033,152.97993932409423,152.97993932409423,6362633
2024-02-16,165.3971405029297,166.8872048317849,159.63555539981252,161.42363562598243,6486507
2024-02-19,163.90707397460938,168.5759391108274,162.21833745611156,165.89382638642283,5479600
2024-02-20,170.6620330810547,172.0527536889182,161.4236314496249,164.90044812700145,7258687
2024-02-21,174.23817443847656,177.1189744307954,170.2646697520099,170.66202931528704,6046159
2024-02-22,168.1785888671875,175.82758235622558,166.39050872693664,174.83420618472147,7255237
2024-02-23,164.90045166015625,166.88720408979668,163.60905954934634,166.88720408979668,5239372
2024-02-26,165.3971405029297,168.2779254756292,161.32429194097148,164.9004523933113,4701169
2024-02-27,166.78785705566406,168.07924914053922,163.31104037361743,165.39713644593255,3431926
2024-02-28,169.46998596191406,171.4567383640105,165.99316925824527,167.38388987662563,5252235
2024-02-29,173.34414672851562,173.84083482802427,167.08587364316315,168.87395383293784,3678643
2024-03-01,169.6686553955078,173.84083234012735,166.98654272808938,173.34414424772697,3121377
2024-03-04,164.99978637695312,170.16533938172577,164.60242681799073,169.66865130131077,2146127
2024-03-05,163.01304626464844,164.9997987351123,159.53622944133664,164.9997987351123,2864623
2024-03-06,163.41038513183594,164.50310501647337,159.23820811746032,162.4170089304266,3095602
2024-03-07,170.26467895507812,170.4633663263148,165.09912561500883,167.0858780656292,2596657
2024-03-08,173.34414672851562,174.93355471003042,169.17196972418662,171.55606653874094,4808277
2024-03-11,169.6686553955078,178.50969737714723,169.6686553955078,174.83420852492807,3090135
2024-03-12,164.90045166015625,170.06600494567778,162.2183389116853,169.86733273425736,2548920
2024-03-13,162.41700744628906,166.09249632637406,161.12561536471387,165.2977923409649,2302953
2024-03-14,161.92031860351562,164.50310275475695,161.32428682777757,163.0130384731295,1512406
2024-03-15,164.99978637695312,166.2911632598583,161.7216420146706,162.41700229570816,1675234
2024-03-18,160.52960205078125,164.9004513239926,159.13886625823721,164.80110763962585,1582777
2024-03-19,163.41038513183594,164.10574544127888,158.44350412478926,160.43025652760792,2454604
2024-03-20,165.69515991210938,167.0858805854296,162.61568750411936,163.410391527896,2235655
2024-03-21,166.78785705566406,167.9799206156829,164.9004483484973,166.88720073823825,2899887
2024-03-22,168.1785888671875,171.1587173816998,166.68852460993136,166.7878531324513,3431348
2024-03-25,166.39051818847656,171.05938342849015,166.39051818847656,168.17859843040387,3392606
2024-03-26,167.5825653076172,168.17859710279396,164.30442074958137,166.58918908746804,2034450
2024-03-27,171.75474548339844,173.0461376243142,165.79448805552732,167.38389609938034,3425792
2024-03-28,176.8209686279297,177.3176567420531,171.2580556866603,171.7547438007837,4441883
2024-03-29,181.88719177246094,183.27791241605374,175.33090266359613,177.01963920444973,4071273
2024-04-01,186.95339965820312,186.95339965820312,176.8209653494948,182.58255039804442,4118417
2024-04-02,180.79446411132812,187.7480973463792,178.7083680777258,186.75472116994334,3335591
2024-04-03,178.1123504638672,182.97988763791565,176.42361400497595,180.79446309360242,2798646
2024-04-04,178.31101989746094,181.39049204234243,175.3308914312081,178.60903577562968,2790342
2024-04-05,186.15869140625,186.3573787698514,178.50969779684425,179.0063858904124,3159648
2024-04-08,196.19180297851562,197.6818673049347,186.25804080238825,186.25804080238825,4691331
2024-04-15,196.78782653808594,209.5030294653192,194.99974638965702,204.63549226577373,4745718
2024-04-16,193.80770874023438,196.4898215325159,189.2381720143337,196.3904778463239,3063447
2024-04-17,197.08583068847656,199.1719267575026,194.50306168051617,194.801077570051,3023687
2024-04-18,192.01962280273438,199.46994431480852,191.52293470192944,198.17855222117208,2149931
2024-04-19,194.40371704101562,194.50306072294407,187.45008372211979,189.73485198701482,2494539
2024-04-22,193.01300048828125,200.5626505839294,192.11895280532792,197.18517753557603,2080941
2024-04-24,197.7812042236328,198.07920495254743,194.70173199129567,194.70173199129567,1610210
2024-04-25,201.65536499023438,201.65536499023438,197.18517217025382,199.27126821599848,2266781
2024-04-26,215.66197204589844,218.64210054865495,204.2381461186652,204.2381461186652,8108290
2024-04-29,223.5096435546875,224.40367606581913,214.96660222684343,216.55601019965277,6571166
2024-04-30,218.44342041015625,228.37718241439651,217.94673230994422,224.00633319561797,4948038
2024-05-02,218.04608154296875,222.41693087299788,211.1917916486689,218.7414418694209,4707702
2024-05-03,219.33746337890625,220.52951176229405,213.67522218952598,218.54275940407518,3674770
2024-05-06,215.56263732910156,219.43679848068484,213.0791968068769,219.33746995442667,3703052
2024-05-07,217.5493927001953,218.4434252372458,213.57588781069404,215.7613124683761,4388693
2024-05-08,218.34408569335938,224.30434272689394,217.35070952110362,217.9467261298266,7054623
2024-05-09,218.44342041015625,219.53614029370985,215.16529107493128,219.03945219349782,2844839
2024-05-10,219.8341522216797,222.3175926779623,218.3440879479101,219.6354800167206,3010689
2024-05-13,217.3507080078125,223.41029352175266,217.3507080078125,220.33083650383082,2987277
2024-05-14,222.11892700195312,222.11892700195312,216.25799825821983,218.5427665767017,2630383
2024-05-15,220.03282165527344,223.90698265519129,219.1387891653593,221.52288591027528,2515896
2024-05-16,228.47653198242188,228.47653198242188,219.73481816198554,220.43017848864926,4228023
2024-05-17,235.5294952392578,235.92683964293792,226.8871104609005,228.47651839105566,4197520
2024-05-20,235.5294952392578,237.41690389331436,232.4500230587262,235.5294952392578,2945652
2024-05-21,233.94009399414062,238.310943190392,233.1453900063537,236.72155037253597,3191066
2024-05-22,235.43016052246094,238.3109454531085,233.64208032239233,234.13876842476037,2094886
2024-05-23,242.3837890625,244.27119775030945,235.52949945127867,235.6288279751163,2864413
2024-05-24,239.9003448486328,244.07252172750032,237.4169044257691,242.3837852714965,1856071
2024-05-27,234.43678283691406,243.27782494013428,234.43678283691406,240.29769634474977,1784371
2024-05-28,238.7082977294922,242.18511433974112,233.0460565672017,234.93346523539267,2648744
2024-05-29,240.09902954101562,246.45664644890422,226.98646645771532,238.70830889495278,3325121
2024-05-30,240.39703369140625,245.95994631925305,239.0063131133033,241.3904098636848,2193234
2024-05-31,239.10565185546875,245.46326872441153,237.41691532196077,241.0924042849412,2572052
2024-06-03,249.33741760253906,249.83410568541265,241.29106459690004,241.4897519562234,3518267
2024-06-04,250.5791473388672,254.80099620384317,246.4566421573308,250.5791473388672,2996282
2024-06-05,245.06590270996094,251.8208638243672,236.72154878833527,250.82748763571092,4003285
2024-06-06,240.39703369140625,250.8274835003309,239.70167340235477,245.86060263893822,2150488
2024-06-07,245.36392211914062,249.58577098151451,239.2049926926329,241.8871054089504,3669419
2024-06-10,232.4500274658203,245.46326156225032,232.4500274658203,245.3639178805881,2755885
2024-06-11,231.75466918945312,237.61558267343702,230.95996520237452,232.3506858114737,2917800
2024-06-12,237.8142547607422,240.99307070745215,233.74142146031144,236.32419046986604,2944394
2024-06-13,242.88047790527344,244.37054218690088,236.42353268488785,243.37716599914924,3047051
2024-06-14,242.48313903808594,246.35730019582007,240.79438735411756,245.36392398535304,2923615
2024-06-20,248.59239196777344,248.8407360156933,244.7678875667206,244.7678875667206,2117474
2024-06-21,250.5791473388672,252.31755569503378,245.36392227036748,248.84073898270063,2024991
2024-06-24,253.5592803955078,255.29768878215674,249.33743145650325,253.31093634027224,2738402
2024-06-25,253.31092834472656,257.0360890556784,252.3175521551394,255.2976807239009,1774852
2024-06-26,246.3572998046875,252.81424516247165,243.77451559848663,252.81424516247165,2441277
2024-06-27,252.3175506591797,252.3175506591797,245.065901486644,246.45663723845118,1717319
2024-06-28,257.7811279296875,259.7678803607448,252.56590279816203,252.8142468520442,3064039
2024-07-01,254.80099487304688,260.5129080134758,252.3175543772082,258.277811567221,2049108
2024-07-02,256.7877502441406,260.01622292612694,251.32418109000997,254.80099782445674,1888617
2024-07-03,255.2976837158203,259.2711885207358,251.32417891090483,257.7811242188925,2010913
2024-07-04,259.27117919921875,259.27117919921875,251.57251391648333,256.291050702676,2646685
2024-07-05,255.2976837158203,261.00959687288633,254.55265156489867,259.2711885207358,1751322
2024-07-08,257.284423828125,258.2777999819015,251.57251094390986,257.03607978968085,2565716
2024-07-09,267.21820068359375,271.6883936318323,257.03609452371705,257.28443857639695,4163098
2024-07-10,273.9234924316406,278.14534136304394,266.9698588975645,267.21820295235295,3274243
2024-07-11,271.19171142578125,277.4003128778367,268.9566149030413,274.1718401227679,2733382
2024-07-12,278.14532470703125,278.39366874694826,271.19169158935546,271.93672370910645,3017805
2024-07-16,285.3473205566406,288.0791051746764,280.13209537675425,280.13209537675425,2694698
2024-07-17,288.8241271972656,289.56915933964893,284.1055902955046,286.5890307701157,1955295
2024-07-18,281.8704833984375,292.7976210808439,280.3804191690184,290.5625247367153,2654504
2024-07-19,282.8638610839844,284.3539253214768,277.89698029234285,281.87048492565606,1577873
2024-07-22,277.4002990722656,285.0989644896696,273.1784502949796,284.10558830677877,3913475
2024-07-23,268.2115783691406,282.61553350377966,266.22482593677665,280.1320929633247,3923882
2024-07-24,263.24468994140625,270.1983232606132,263.24468994140625,268.708258977926,2704134
2024-07-25,272.93011474609375,273.17845879954785,258.5261596457539,263.74138476829074,7921563
2024-07-26,273.178466796875,276.65528364701703,271.44005837180396,274.17184303977274,2849839
2024-07-29,267.466552734375,272.93012205671135,264.48642401310065,271.9367458162866,3205913
2024-07-30,265.9764709472656,269.2049435171204,264.4864066842557,266.7215030787706,1891556
2024-07-31,257.0361022949219,264.48642410057175,257.0361022949219,264.23808004038347,2540144
2024-08-01,267.466552734375,269.2049611551184,259.2711987508705,259.2711987508705,2078371
2024-08-02,261.754638671875,265.72814362325073,260.7612624340311,264.98311144486775,1532377
2024-08-05,246.15863037109375,250.8274955739968,235.92685227257124,235.92685227257124,2729908
2024-08-06,246.0592803955078,258.2778106218545,245.46326377331886,255.29768203775618,2045469
2024-08-07,247.648681640625,252.81423468115221,246.0592737092086,248.04602604462042,2585683
2024-08-08,241.58908081054688,248.24469809866625,241.48975228846592,246.8539775277938,2533625
2024-08-09,242.0857696533203,245.9599458118448,240.19836099297174,244.76788228139574,2039340
2024-08-12,238.80763244628906,245.86060953024383,238.50963171242674,243.37716902993833,1877135
2024-08-13,237.8142547607422,239.10564684437838,229.9665888918817,238.41028654017975,2751059
2024-08-14,239.3043212890625,242.68180947459118,237.71492845856483,238.41028876926492,1563731
2024-08-15,241.58908081054688,241.78775301242615,233.54274295155506,239.40365627443987,2086533
2024-08-16,235.13214111328125,245.76126331346404,235.13214111328125,243.8738546157773,2105365
2024-08-19,240.29769897460938,240.3970426586299,232.549376667985,235.13214571762046,1769296
2024-08-20,240.1983642578125,242.18511662527544,237.71492379848385,240.1983642578125,1530748
2024-08-21,239.9003448486328,243.87384952521472,238.5096242749161,239.99968852863432,1586142
2024-08-22,239.40365600585938,242.58245670551403,238.60895204151637,240.7943765751716,1093324
2024-08-23,233.94009399414062,240.29769558100043,232.84737411621887,239.30431938569623,1199355
2024-08-26,233.0460662841797,236.42353935473147,231.45665827585054,233.940098815291,1226998
2024-08-27,236.8208770751953,236.8208770751953,230.36393185540155,232.35068423072272,1631257
2024-08-28,240.8937225341797,243.07914708851328,236.72154562904876,236.920217832585,1883814
2024-08-29,248.2447052001953,248.2447052001953,240.09902342838186,240.59571152614754,2746828
2024-09-02,255.5460205078125,256.04270859431944,249.08907538322248,249.33741942647595,2091649
2024-09-03,255.5460205078125,257.7811168970937,253.55926816178481,256.2910526375729,1522012
2024-09-04,256.2910461425781,258.27779843825704,251.075821366421,253.55926173601964,2883650
2024-09-05,260.0162048339844,261.75461308024785,256.04270027109635,256.53938834145737,2046458
2024-09-06,259.27117919921875,262.4996517371401,258.77449111646166,260.51289940611156,1306320
2024-09-09,263.24468994140625,263.98972208274984,258.02946495200104,259.02284114045915,1901855
2024-09-10,264.7347412109375,268.2115576996365,263.7413650713092,263.7413650713092,2387129
2024-09-11,260.5129089355469,266.2248220961928,259.5195327336954,264.4864137429527,2499651
2024-09-12,261.50628662109375,264.73475929542826,259.76787825799056,261.7546306729656,2921345
2024-09-13,254.55264282226562,262.2513081173781,249.58576198670923,261.7546200338224,2420745
2024-09-16,251.82086181640625,256.0427105845314,251.82086181640625,254.55264631342843,1172330
2024-09-17,254.05596923828125,256.04272168589245,249.83412028710748,251.82087273471868,1655354
2024-09-18,254.05596923828125,257.2844419656494,251.57252867876727,253.55928112637847,1355543
2024-09-19,257.53277587890625,258.27780801741807,254.30430327868854,255.7943675557121,1695883
2024-09-20,255.04933166503906,258.77449230279524,253.80761145245367,258.02946017524397,1511093
2024-09-23,252.0692138671875,256.5394068224677,251.07583765490304,255.2976865571121,1129882
2024-09-24,251.3241729736328,254.8009895957977,249.08907657366967,252.06920510695386,3101869
2024-09-25,242.0857696533203,252.81423532333952,238.80762526002036,251.32417106799565,2601423
2024-09-26,242.48313903808594,246.456643879954,239.40366672255095,242.383795353952,1800888
2024-09-27,248.34405517578125,249.3374313964844,242.78114227675647,243.27783038710803,1833304
2024-09-30,248.04603576660156,249.33742786677786,242.97982620736556,247.35067545349676,2074573
2024-10-01,237.118896484375,248.8407387043888,235.72817586408436,248.04603471091502,1723844
2024-10-02,228.37718200683594,235.92684717967262,228.37718200683594,235.430159080347,1599432
2024-10-03,231.55599975585938,232.25136006873853,225.49639883423117,228.27785524346572,1393944
2024-10-04,234.43678283691406,234.43678283691406,228.07918122984762,232.84737485628852,1082356
2024-10-07,227.1851348876953,238.9069771297637,227.1851348876953,235.92684851691843,1121502
2024-10-08,224.40367126464844,227.88048786777847,223.70831097556592,226.48976728961344,1363181
2024-10-09,221.0261993408203,229.56924052449634,217.45003904120765,224.30434375584565,3200789
2024-10-10,217.9467315673828,224.40367684813967,217.54938715165414,221.6222356226033,1653625
2024-10-11,218.2447509765625,222.11892730210647,215.95998265499318,217.05270255244054,1665638
2024-10-14,208.60899353027344,219.03944320678713,207.7149610496592,218.64209880600683,2278409
2024-10-15,213.9732208251953,214.07256450522206,206.1255551500398,208.60899557353426,3080148
2024-10-16,225.3970489501953,225.3970489501953,213.77455068753255,214.07256657277367,2715945
2024-10-17,228.87387084960938,232.25135903062542,224.20500573232627,225.39705414303629,1997342
2024-10-18,222.71493530273438,230.165256611865,222.71493530273438,229.07255191448968,1398620
2024-10-21,225.695068359375,229.66857313738413,219.73481119236132,222.8142834584055,1923879
2024-10-22,228.1785125732422,228.77454436276767,224.00633551971788,226.39043236238376,2374683
2024-10-23,225.0990447998047,231.85399058806013,222.5162607106124,230.46327002170574,2403575
2024-10-24,222.71493530273438,227.97983205939684,216.05931796478785,227.18512808821274,3907043
2024-10-25,219.5361328125,224.0063255620758,219.0394447292138,223.8076533603048,2041676
2024-10-28,222.11892700195312,222.8142873186081,219.83415868347126,220.52951900012624,676723
2024-10-30,227.1851348876953,227.88049519914895,221.12554913620735,223.01295786125553,1960458
2024-10-31,228.7745361328125,228.7745361328125,223.50963937379734,227.3838003931895,1691743
2024-11-01,231.85400390625,234.73480404163107,227.97984270763885,228.9732189285872,2483136
2024-11-04,231.45664978027344,234.43677831821688,228.87386565096878,231.45664978027344,1608267
2024-11-05,221.22486877441406,232.5493661429013,221.12554025260712,231.65531850033483,2180347
2024-11-06,236.7215576171875,237.71493384289312,223.5096507837594,224.0063388966122,3109917
2024-11-07,239.40365600585938,239.70167188720268,234.933463258862,236.7215433892044,1536829
2024-11-08,241.39041137695312,243.1784915298074,236.6222026885809,237.4169066629292,1870918
2024-11-11,241.19174194335938,243.8738546245914,239.10564588144686,242.8804784346745,1737272
2024-11-12,242.58245849609375,243.6751783498458,239.99968954006144,241.39041011963903,1514113
2024-11-13,243.57583618164062,244.0725242713902,239.40365925928785,242.58246000214152,1692580
2024-11-14,252.81423950195312,253.80761568860126,244.86723000876796,244.86723000876796,2385788
2024-11-15,259.0228576660156,260.76126610672713,252.56591202908714,252.81425609204592,2122891
2024-11-18,257.53277587890625,260.01621634061223,255.7943675557121,259.7678722944416,1303469
2024-11-19,257.0361022949219,262.9963597394418,253.3109413920969,257.2844463551102,2603131
2024-11-20,255.79437255859375,264.73475839559313,254.30430825242718,256.29106066064924,2701481
2024-11-21,265.9764709472656,266.7215030787706,255.04933301852643,257.28442941304127,2278614
2024-11-22,268.2115783691406,269.20495458532264,264.2380735044126,266.7215140448676,1444644
2024-11-25,274.9168701171875,278.6420309588838,268.7082687143603,269.2049568265865,3476506
2024-11-26,272.6817626953125,275.1652031570185,268.4599139104124,274.91685911084784,1082578
2024-11-27,276.1585693359375,277.4002895218005,271.1916885924854,273.67512896421147,1930237
2024-11-28,278.64202880859375,281.12546935055985,274.42017988725144,276.6552763750209,2698350
2024-11-29,272.43341064453125,279.8837318107445,268.2115619836771,278.1453235386281,1951194
2024-12-02,270.4466552734375,270.4466552734375,263.74136629971593,269.7016231652462,1042172
2024-12-03,275.1651916503906,276.6552558651039,269.2049347915374,271.44003111360735,1975160
2024-12-04,276.90362548828125,277.15196954701514,273.4268086660069,275.91024925334574,1510616
2024-12-05,277.4002990722656,281.87049189527437,276.65526693509753,277.64864311798834,1982021
2024-12-06,279.88372802734375,283.60888856009456,277.64863170769326,277.64863170769326,2283640
2024-12-09,277.6486511230469,282.36718812782135,276.6552749115154,281.12546786340704,1380139
2024-12-10,279.88372802734375,281.37379224044406,276.65525556562636,277.15194363665984,2656419
2024-12-11,281.8704833984375,282.615515513147,278.6420109013629,280.3804191690184,1617867
2024-12-12,279.3870544433594,283.1122151692708,277.89699015299476,282.36718302408855,938278
2024-12-13,285.59564208984375,285.59564208984375,276.6552567722486,279.13869713824727,1595712
2024-12-16,286.09234619140625,287.8307545449999,283.36056163575915,285.5956580903795,1043108
2024-12-17,289.56915283203125,289.56915283203125,284.60227199443204,285.8439922038319,1746018
2024-12-18,286.5890197753906,291.3075564961293,285.34729958572257,289.569148230594,1168862
2024-12-19,283.1122131347656,285.8439976474695,280.38042862206174,285.0989655076412,1113826
2024-12-20,283.85723876953125,285.3473030150406,279.6353900739214,282.3671745240219,698798
2024-12-23,279.6354064941406,285.84400788166596,278.1453421611345,282.6155351601528,1119809
2024-12-24,278.890380859375,280.6287892885964,274.4201877556628,279.3870689820097,892705
2024-12-25,279.88372802734375,282.36716838251095,279.3870399563103,280.13207206286046,445324
2024-12-26,285.3473205566406,286.09235272519584,279.38706320819904,280.13209537675425,1631060
2024-12-27,282.3671875,287.3340685466139,281.87049939533864,286.3406923372911,758127
2024-12-30,271.9367370605469,283.11221940550087,270.69501679999644,281.62215509284033,1875121
2024-12-31,272.1850891113281,275.16521782422586,266.22483168553265,271.68840099251184,1369814
2025-01-02,274.66851806640625,276.90361450636794,270.44666923536744,272.68176567532913,1148837
2025-01-03,270.69500732421875,280.3804250174706,270.69500732421875,277.15195245305335,1831390
2025-01-06,270.1983337402344,273.1784624211928,265.9764847755432,271.4400540239671,1743988
2025-01-07,274.1718444824219,276.40694104070246,268.95661917976713,270.69502761398536,2211743
2025-01-08,275.1651916503906,279.6353842945306,274.1718155072484,274.9168476146051,1994459
2025-01-09,275.1651916503906,279.1386962229595,273.1784393641062,275.9102237577473,2138715
2025-01-10,282.61553955078125,283.1122276694997,273.9234974732089,275.165217770005,2739313
2025-01-13,271.6883850097656,282.61552298090794,269.20494456177875,282.61552298090794,3422384
2025-01-14,266.4731750488281,273.9234968116099,266.2248309900687,273.4268086940911,1413287
2025-01-15,271.6883850097656,272.185073099363,264.238063665805,266.96984815859054,1276768
2025-01-16,274.9168701171875,275.66190228552676,271.93674144383044,272.93011766828283,1260165
2025-01-17,283.1122131347656,283.6089012279845,274.17182745682567,276.15857982970124,1990564
2025-01-20,280.8771057128906,285.34729837675627,280.8771057128906,283.36054608170485,1473909
2025-01-21,277.8970031738281,282.6155403144025,274.91687445346537,280.8771318941909,1442780
2025-01-22,283.3605651855469,284.35394140004485,276.15858763043656,277.40030789855905,2194636
2025-01-23,283.1122131347656,285.8439976474695,281.62214885510895,283.6089012279845,2518595
2025-01-24,283.3605651855469,288.32744625803673,279.883748434804,283.85725329279586,3149574
2025-01-27,276.1585693359375,281.62213815373485,273.67512896421147,281.37379411656224,3654253
2025-01-28,277.1519470214844,278.39366721423295,274.17181855888776,277.4002910600341,1927950
2025-01-29,279.3870544433594,282.1188389756944,274.6685175238715,277.6486461046007,2456665
2025-01-30,275.1651916503906,281.1254485092439,275.1651916503906,280.1320723661017,1551398
2025-01-31,275.9102478027344,277.15196808987537,271.6883988264549,275.9102478027344,1178800
2025-02-03,265.47979736328125,273.675151257564,264.98310924847624,273.675151257564,1595670
2025-02-04,263.9897155761719,267.7148761910755,263.7413715351783,266.224811945114,1389808
2025-02-05,266.9698486328125,268.9566009947311,261.7546236827762,264.48640818041423,2501378
2025-02-06,268.2115783691406,272.1850832338686,267.4665462070041,268.95661053127714,1418355
2025-02-07,272.93011474609375,274.42017906681855,268.70826583737346,268.95660989082756,2441209
2025-02-10,270.1983337402344,276.1585911021513,269.7016456267413,273.1784624211928,1616881
2025-02-11,269.9499816894531,270.9433578870224,266.9698530967453,270.4466697882378,1492783
2025-02-12,265.7281188964844,271.1916876962252,265.4797748601325,270.94334365987334,1254290
2025-02-13,271.19171142578125,271.19171142578125,267.21820649646577,267.466550554548,1668303
2025-02-14,270.4466552734375,272.93009563407514,264.98308648003473,271.1916873816288,2487353
2025-02-17,260.2645568847656,270.4466626407536,260.2645568847656,269.45328646943767,2782621
2025-02-18,263.9897155761719,264.486403658159,256.78773838735816,259.2711787972939,2740244
2025-02-19,251.3241729736328,260.01621452904504,251.3241729736328,255.2976776846784,4716043
2025-02-20,246.6553192138672,253.3109368767318,241.58909441324525,251.8208725421628,6645328
2025-02-21,242.3837890625,250.08245449378845,240.89372478547645,247.4500136674672,5241642
2025-02-24,244.37054443359375,248.1453770132985,242.38379203982467,244.7678888492604,2932170
2025-02-25,238.41029357910156,246.35730336507163,237.91360546747845,244.86723903020223,2054500
2025-02-26,238.906982421875,242.18512700016373,236.42354185615906,239.00632610759095,2304414
2025-02-27,244.37054443359375,244.867232532036,238.6089594601199,238.90697535072883,2298393
2025-02-28,247.74801635742188,250.33080052112376,241.39041478822648,242.9798227593842,3189165
2025-03-03,249.5857696533203,254.3043065920398,248.3440494062889,249.08908155450774,1725298
2025-03-04,248.8407440185547,253.0625929689693,247.05266378448252,248.8407440185547,1324465
2025-03-05,256.042724609375,257.53278896209684,249.58577908091354,250.57915531606147,2578939
2025-03-06,258.2778015136719,258.2778015136719,252.31754455566406,256.53939323425294,2497208
2025-03-07,255.04933166503906,259.0228363453123,254.05595549497073,258.77449230279524,2125576
2025-03-10,245.2645721435547,259.51952635271425,242.38378729210442,255.0493335542943,5195878
2025-03-11,244.37054443359375,250.3308016149009,242.97982382104254,245.26457694770266,5004797
2025-03-12,251.07583618164062,253.06258859455173,244.7678912075607,245.860611097749,3566967
2025-03-13,253.31092834472656,255.54602477129768,251.32417596555223,252.0692081077426,3066119
2025-03-14,262.996337890625,264.2380580884089,254.0559524665811,254.8009845852514,4374473
2025-03-17,266.2248229980469,267.7148873058718,264.2380705876137,264.9831027415261,2755670
2025-03-18,261.2579345703125,265.4797833228746,260.26455839323904,264.7347511900695,2257636
2025-03-19,243.57583618164062,256.5393983556477,237.51625058132655,240.49637911982393,4976390
2025-03-20,252.0692138671875,256.7877508755388,242.68181169264275,248.04603717589174,3958857
2025-03-21,239.20498657226562,250.57914077303636,237.51625010206817,249.83410863991534,4559169
2025-03-24,246.0592803955078,252.56589750233272,239.40366292256513,245.86060818811148,3790847
2025-03-25,255.2976837158203,260.76125282257914,248.3440503072182,248.3440503072182,4019332
2025-03-26,246.6553192138672,257.7811298804388,246.6553192138672,254.80100121130081,3984054
2025-03-27,247.8473663330078,252.81424742184564,247.8473663330078,250.3308068774267,3684144
2025-03-28,240.39703369140625,250.8274835003309,239.0063131133033,247.94669866381014,8474741
2025-04-02,235.330810546875,242.1851152709219,228.377177299641,240.39703511866108,5128182
2025-04-03,233.34405517578125,238.11226380096699,232.54936636968142,235.03280678303676,2785362
2025-04-04,234.5361328125,239.60234246595036,233.74142880086515,236.42354157712927,4162976
2025-04-07,239.99969482421875,245.36392021522977,224.105675700965,227.4831487015693,5077256
2025-04-08,239.9003448486328,244.07252172750032,237.71492030805624,242.3837852714965,2907328
2025-04-09,241.7877655029297,243.8738616247213,238.0129479990678,239.4036686417834,3701008
2025-04-10,241.7877655029297,248.84074271687447,241.7877655029297,247.3506783892285,2365311
2025-04-11,245.36392211914062,246.55597053109085,241.8871054089504,242.88048161186188,2805554
2025-04-14,247.74801635742188,250.5791445692598,246.65531164025398,247.35067194349134,2069940
2025-04-15,244.5692138671875,248.8407344968811,244.17186945602808,248.04603051684452,1976559
2025-04-16,239.99969482421875,246.158624202936,238.90697494640793,243.6751837149276,1962208
2025-04-17,240.1983642578125,242.18511662527544,234.53612304208667,238.90697218741806,3004406
2025-04-18,234.43678283691406,240.29769634474977,231.75467013261158,239.7016797203036,2472686
2025-04-21,230.2646026611328,234.6354518110319,229.27122647636324,234.43677960562152,2831069
2025-04-22,227.68182373046875,232.2513603481164,224.99971100172687,230.26460793309013,2657352
2025-04-24,227.58248901367188,231.9533381447471,224.40367310992525,228.37717783189095,3201267
2025-04-25,233.54275512695312,235.13214798256544,222.11892860957983,222.4169293490759,7131536
2025-04-28,228.97320556640625,234.33743078339998,227.88048572404364,233.54274197919153,2497776
2025-04-29,225.3970489501953,229.37055366616326,224.90036086069932,227.9798330786615,2736024
2025-04-30,226.98646545410156,229.86725041865935,224.9997130212429,225.39705744472738,3212611
2025-05-02,226.88711547851562,229.37055595073107,226.39042738407252,227.18513136672502,1837482
2025-05-05,228.37718200683594,229.76791777957843,224.40367721223095,228.1785097986493,1890629
2025-05-06,223.60899353027344,229.07256274870758,223.5096498450328,228.27785873993716,2790339
2025-05-07,221.42355346679688,224.99971392336815,220.03283282130704,223.01296148254372,1924088
2025-05-08,220.92686462402344,223.21163295493915,219.63548766794418,221.42355273258258,1758316
2025-05-09,232.0526885986328,232.6487052296926,218.7414382969116,218.7414382969116,4411652
2025-05-12,241.88710021972656,245.4632605365755,234.83412326727583,235.72817092534686,4535730
2025-05-13,239.00631713867188,245.4632623672309,237.51625285515826,242.38379011821564,3514662
2025-05-14,237.91360473632812,240.6950611844134,236.0261959810479,239.30432538151166,2412946
2025-05-15,231.05931091308594,239.0063205381934,229.7679188174624,237.91360065165392,2267737
2025-05-16,230.06593322753906,235.0328142112276,226.39042917343528,231.7546697304496,2875756
2025-05-20,230.46327209472656,232.15200855698063,226.29109520041723,230.06592768868472,2593179
2025-05-21,223.5096435546875,231.4566531032986,223.31097134751576,230.16526102010573,2798523
2025-05-22,222.21824645996094,225.9930789419636,219.23811794644052,224.40367100499907,2952650
2025-05-23,221.9202423095703,224.4036828687988,219.2381295371472,221.22488198453,2058084
2025-05-26,223.8076629638672,225.9930875925593,221.125550230576,223.01295896496512,1955008
2025-05-27,220.13217163085938,225.69506924732758,219.13879543244886,223.80766053343476,1919055
2025-05-28,222.61561584472656,223.11230395222688,219.23812761909358,220.13217530722503,1700365
2025-05-29,220.23150634765625,224.40368346673344,219.5361460207631,223.21163502667113,2090513
2025-05-30,216.4566650390625,221.02620156139642,215.06594444063967,220.330841262185,1954405
2025-06-02,215.26461791992188,217.25137030526074,213.5758814239274,216.35733779494535,1595469
2025-06-03,224.80104064941406,225.29772875727502,215.76131102325732,215.76131102325732,3105331
2025-06-04,230.5626220703125,231.55599827025745,222.71494099611658,224.50302118756107,2776350
2025-06-05,233.0460662841797,233.6420829190145,230.46328206007436,230.46328206007436,1156745
2025-06-10,241.9864501953125,242.2844509313699,233.9400968519666,234.13876906191084,3451603
2025-06-11,244.2711944580078,246.05927459787978,240.79437785848023,241.39040962434336,2698606
2025-06-12,242.3837890625,245.46326129810245,240.29769301157995,242.08577317555176,2992328
2025-06-13,241.19174194335938,243.37716652963294,228.1785077923613,235.13214112177937,4137144
2025-06-16,240.8937225341797,242.68180268144081,235.0328091624145,241.68842650604213,3117125
2025-06-17,230.9599609375,241.09239490192425,230.9599609375,240.69505049458115,5863241
2025-06-18,222.31759643554688,231.45665443759057,218.74143605496906,229.5692457220021,4090321
2025-06-19,213.07919311523438,224.00633122370795,211.39045662092295,222.51626693618883,5598528
2025-06-20,220.33084106445312,221.42354577431394,215.95997675185677,216.55600852648462,2708900
2025-06-23,227.97984313964844,228.0791868250188,215.56264035426454,218.54276902275666,1891837
2025-06-24,244.4698944091797,246.15863095580897,234.238116286353,234.238116286353,4744314
2025-06-25,244.5692138671875,245.6619337344525,238.31094086626135,243.3771654759915,2201163
2025-06-26,249.5857696533203,252.3175541967895,244.86723271460082,245.95995259507563,2358182
2025-06-27,252.3175506591797,254.30430302657481,246.25794987553755,251.07583042955775,1750651
2025-06-30,262.7480163574219,264.2380807223978,249.58578113346786,252.3175658025904,4535863
2025-07-01,264.2380676269531,272.6817652766866,254.05596163756866,264.2380676269531,3514341
2025-07-02,266.2248229980469,270.19832781891324,261.7546300745722,264.734758690222,2668954
2025-07-03,260.2645568847656,269.2049424266087,260.01621284193664,267.46653412680587,1649458
2025-07-04,261.50628662109375,263.9897271398126,260.26456636173435,261.50628662109375,1211251
2025-07-07,262.0029602050781,263.2446803956235,255.5460152142421,258.7744877096601,1478786
2025-07-08,262.2513122558594,264.73475271282774,259.0228396618005,263.24468843864673,1646286
2025-07-09,267.21820068359375,267.9632328416335,260.5129112612359,262.7480077353552,2577461
2025-07-10,270.69500732421875,273.1784477583859,267.7148788032182,268.70825497688503,1586435
2025-07-11,273.6751403808594,276.1585808561848,270.19832371540383,274.66851657098954,1297994
2025-07-14,266.9698486328125,272.6817616733285,265.47978436137356,272.1850735828489,1522226
2025-07-16,266.2248229980469,268.4599194597842,258.02946930501,266.96985515195934,2332700
2025-07-17,273.4267883300781,277.89698105482057,266.7214992429645,267.4665313637549,3744061
2025-07-18,266.72149658203125,272.6817534888923,261.75461582631374,272.4334094511064,2502614
2025-07-21,262.996337890625,268.21156272131725,261.7546176928411,267.9632186817605,3046627
2025-07-22,261.2579345703125,265.2314392786062,261.0095905260441,263.24468692445936,2252096
2025-07-23,261.754638671875,263.98973520702384,261.0096064934921,261.754638671875,2139519
2025-07-24,254.55264282226562,267.21818895293444,254.05595473871,262.00296407560023,4659363
2025-07-25,252.81423950195312,259.02284066850405,252.31755140862904,254.80099187524942,2211993
2025-07-28,252.3175506591797,256.29105539396994,252.3175506591797,254.5526470724992,1284189
2025-07-29,246.85398864746094,254.05596618345325,246.85398864746094,252.3175578126965,1839832
2025-07-30,247.35067749023438,253.55927883286074,241.2910765167438,242.3837964161333,3792655
2025-07-31,244.171875,247.84736393868945,241.58909079566794,247.35067583460392,3700871
2025-08-01,239.99969482421875,245.0659043251252,238.11227095870169,244.1718718125293,2577515
2025-08-04,246.85398864746094,247.74802117504862,240.29769958609103,241.4897631664987,3085556
2025-08-05,250.33079528808594,252.31754763164216,246.15861839816134,248.3440429445297,2407563
2025-08-06,256.7877502441406,258.2778145589035,250.33080488016805,251.0758370375495,4035209
2025-08-07,258.7745056152344,260.76125805757783,254.0559685646687,258.0294734493556,2647040
2025-08-08,257.284423828125,260.2645522894546,254.30429536679537,258.2777999819015,2158352
2025-08-11,259.27117919921875,261.0095874888687,255.29767453716175,257.78111495094737,2727213
2025-08-12,257.53277587890625,261.50628061763575,256.2910556480533,260.761248479124,1698569
2025-08-13,254.30430603027344,258.52615486085415,253.31092983484268,258.27781081199646,1838371
2025-08-14,248.59239196777344,256.04271340536906,248.59239196777344,252.81424078241096,1855057
2025-08-15,250.08245849609375,253.0625870978347,248.04603425336055,248.59239419522328,1728896
2025-08-18,250.33079528808594,252.06920358869763,245.56258663200745,250.08245124514139,1903694
2025-08-19,258.5261535644531,259.02284165967785,250.08245594563334,252.0692083265321,4456361
2025-08-20,261.754638671875,262.4996708502579,254.8010050069675,259.51954213672616,4859960
2025-08-21,262.4996643066406,263.98972862626204,261.25794404028943,263.24469646645133,2588322
2025-08-22,259.76788330078125,263.7413882078678,258.2778189606238,262.74801198109617,1987202
2025-08-25,261.754638671875,263.74139114756287,259.76788619618713,261.25795055295305,1922953
2025-08-26,257.7811279296875,262.0029768456843,257.2844398219232,261.2579446840378,2411001
2025-08-27,257.0361022949219,260.51291913755847,256.04272605416855,259.27119883661686,1661408
2025-08-28,258.02947998046875,259.76788841152097,256.5394156109954,257.2844477957321,1174822
2025-08-29,251.82086181640625,258.52615103636975,250.5791415904871,258.2778069911859,2425649
2025-09-01,249.33741760253906,253.31092226552772,247.54933747265068,251.82085801690698,1913015
2025-09-02,239.40365600585938,251.32416999785238,235.0328069385489,250.0824497903531,2990977
2025-09-03,243.17849731445312,243.37716952333676,233.54275118527684,239.0063202970252,2583886
2025-09-04,241.88710021972656,243.8738525829276,239.10564387970157,242.6818041965505,2114074
2025-09-05,241.39041137695312,245.46325977191466,237.51625034386683,242.18511535130142,2991658
2025-09-08,228.1785125732422,235.92685004848335,223.1123029931477,234.83413015359264,3575066
2025-09-09,231.45664978027344,234.2381061138975,227.97983315267277,228.77453712766786,3818613
2025-09-10,238.50962829589844,238.80762902549208,231.059306901704,232.45002749886655,2679636
2025-09-11,230.76129150390625,238.9069732139614,230.76129150390625,238.6089573260179,2919226
2025-09-12,229.96658325195312,232.94671176061775,225.09904608422121,230.959959421508,2071741
2025-09-15,243.17849731445312,243.37716952333676,226.787789979208,228.37718280799496,3168140
2025-09-16,248.04603576660156,248.04603576660156,238.0129451741628,242.08577852675825,4193810
2025-09-17,240.09902954101562,247.54935119717695,239.60234143060487,247.0526630867662,2394265
2025-09-18,238.906982421875,243.4765191258797,238.4102943087318,241.88711110073416,2491607
2025-09-19,240.59571838378906,243.17850262887416,237.41691749902773,238.9069818347957,2699747
2025-09-22,243.8738555908203,247.84736036623082,243.67518338359335,246.1586238682249,2563615
2025-09-23,239.9003448486328,241.48975278235253,237.11888854348197,240.49637661320705,2288835
2025-09-24,236.62220764160156,241.29107274676574,236.32419175026814,239.60233623950012,3030797
2025-09-25,235.82749938964844,240.4963795681724,231.95333834546645,238.60895572897485,2912477
2025-09-26,238.012939453125,239.90034813728784,234.2381069270817,237.31756399901673,3243722
2025-09-29,233.4434051513672,240.99307027466872,232.45002895923372,236.92022182383437,1998538
2025-09-30,238.41029357910156,240.59571823869967,232.74805213814156,234.53613237152845,2901588
2025-10-01,240.29769897460938,242.08577918295273,234.43678540263085,237.6155862409534,2019345
2025-10-02,234.9334716796875,241.4897606733706,233.84075179483435,241.39041699012287,2185386
2025-10-03,232.0526885986328,237.11889817237218,228.27785597104864,236.12552196288783,3243302
2025-10-06,229.56924438476562,234.13876578031116,228.77454039840882,232.05268486855704,1782543
2025-10-07,235.330810546875,236.22485820186418,228.2778487764539,229.5692408396266,1881462
2025-10-08,232.25135803222656,237.81425564419902,230.1652619541632,234.43678263541995,2106795
2025-10-09,233.4434051513672,239.10564641498445,230.5626202572672,235.92684563170087,1985026
2025-10-10,236.22486877441406,239.50301334065693,231.45665987421702,234.63546075510897,2123877
2025-10-13,231.95333862304688,235.8274996718651,230.3639306678961,234.53612276073744,1477273
2025-10-14,219.5361328125,231.555990491113,217.84739636087042,231.3573031316246,3139805
2025-10-15,225.695068359375,226.78778823641463,217.74805880335674,219.43679530246706,1973962
2025-10-16,223.60899353027344,227.18513883316305,222.0195855127326,224.30435385380324,1748263
2025-10-17,222.8142852783203,225.79441388616843,216.15866775233647,222.6156130693407,2128947
2025-10-20,229.4698944091797,232.25135070628897,222.81427712669068,223.70830961324987,2574220
2025-10-21,234.43678283691406,235.13214314429354,225.69506925890929,230.26460583491934,2822204
2025-10-22,241.39041137695312,248.59238867112148,233.0460575405899,234.43677812741126,3356343
2025-10-23,249.8341064453125,251.32417069846548,240.49637652197427,241.39040901077908,3377406
2025-10-24,258.7745056152344,261.2579461681637,248.2447116077268,251.57252801173937,5972115
2025-10-27,260.5129089355469,262.25131728878694,257.03609222906675,258.7745005823068,2784038
2025-10-28,261.00958251953125,263.2446788493845,256.5393898598247,260.5128944462305,1530250
2025-10-30,258.5261535644531,261.0095940405766,256.291057135942,261.0095940405766,2502963
2025-10-31,263.24468994140625,263.7413780356353,252.81423996259582,258.27780899911556,3276185
2025-11-03,267.21820068359375,269.70164121039295,262.9963517880351,263.24469584071505,2142771
2025-11-04,268.2115783691406,270.94336296364116,264.98310566654914,267.2182021529586,2667588
2025-11-05,270.1983337402344,272.68177430769975,264.48642043506396,268.4599253430086,2071900
2025-11-06,271.19171142578125,272.18508765811015,265.47979808989027,270.69502330961683,2300417
2025-11-07,266.4731750488281,272.43343245905356,263.49304634371543,271.1917121652566,1371902
2025-11-10,259.76788330078125,270.4466777385763,259.0228511307025,267.2182050015685,1774460
2025-11-11,259.27117919921875,267.21818852333274,254.80098645440464,259.27117919921875,2207285
2025-11-12,264.7347412109375,265.2314292807516,259.519516477889,261.2579247222385,2096807
2025-11-13,264.7347412109375,266.22480542037994,261.2579247222385,265.9764613854729,1549623
2025-11-14,252.81423950195312,264.2380656484068,250.08245498867072,263.4930335084207,3373905
2025-11-17,257.7811279296875,259.7678803607448,249.33743009769387,253.06259090592636,2241973
2025-11-18,252.81423950195312,259.27118471516604,251.3241752219809,255.29767996857348,1875571
2025-11-19,260.0162048339844,261.2579250098869,252.81422781374985,254.30429202483285,2154477
2025-11-20,266.4731750488281,267.9632394013845,259.2711973448057,260.0162295210839,2456412
2025-11-21,271.9367370605469,272.68176921687717,261.2579428198131,266.22482386201483,2280401
2025-11-24,269.45330810546875,275.6619096747192,268.9566199799287,271.6884046703989,2024291
2025-11-25,269.2049560546875,275.9102455505146,265.23145116827146,270.6950203870935,2653005
2025-11-26,269.9499816894531,272.93011028216097,268.4599173930992,269.45329359066847,2153954
2025-11-27,278.14532470703125,278.14532470703125,271.4400356292725,271.4400356292725,2531172
2025-11-28,276.1585693359375,277.89697759614575,272.681752815521,277.1519454846279,1830937
2025-12-01,284.602294921875,284.602294921875,271.9367477656659,276.1585968177356,2074709
2025-12-02,279.1387023925781,285.84399150699056,275.91022985600915,280.6287666402253,2515515
2025-12-03,277.6486511230469,279.88374759899267,273.675146276921,278.1453392288126,2127462
2025-12-04,282.8638610839844,288.32742995479003,276.1585720152683,276.1585720152683,2451988
2025-12-05,281.6221618652344,287.33407520112536,280.62878563290553,282.36719403948103,1709133
2025-12-08,283.1122131347656,288.32743811356397,281.62214885510895,282.8638690881562,1339014
2025-12-09,288.0791015625,288.57578966864224,281.37381212957973,281.870500235722,1503551
2025-12-10,293.0459899902344,298.0128711765095,289.320829100528,289.320829100528,2738600
2025-12-11,296.5227966308594,297.0194847324186,292.0526037168263,293.2943239707244,1796440
2025-12-12,301.2413330078125,302.9797413598774,296.27445200191283,296.52279605220787,1607304
2025-12-15,308.691650390625,308.93999443760055,299.99960874648025,301.73801707530924,2333584
2025-12-16,298.7579040527344,308.19497832871434,298.7579040527344,308.19497832871434,1585142
2025-12-17,301.7380065917969,302.97972678353267,297.7645019782424,298.50953409328383,1367663
2025-12-18,298.2611999511719,303.72476897608925,296.0261035318875,302.2347046965663,1874284
2025-12-19,299.0062255859375,302.97973024488687,297.5161613388315,298.2611934623845,1341498
2025-12-22,294.5360412597656,301.4896746115982,292.7976329218075,300.99298651503875,1913495
2025-12-23,294.2876892089844,296.7711296242501,291.30756071066554,294.5360332505109,1477269
2025-12-24,294.5360412597656,297.019481742563,291.30756863212906,293.5426650666467,2148603
2025-12-25,292.5492858886719,298.7578870323194,289.07246924822925,296.0261025291145,1192643
2025-12-26,290.5625305175781,296.2744435106587,288.8241222153362,292.5492828629975,1298932
2025-12-29,300.2479553222656,300.2479553222656,288.079096917972,290.5625374086441,2031043
2025-12-30,302.73138427734375,305.7115127525924,292.7976226931815,300.49628792090726,2873462
2025-12-31,296.2744445800781,306.4565503871051,296.2744445800781,304.4697980345145,2449942
2026-01-02,308.691650390625,308.691650390625,296.2744480418468,297.0194801827735,2776075
2026-01-05,309.4366760253906,315.8936211109927,307.69826773311314,308.69164390012884,3338418
2026-01-06,312.16845703125,313.90686530429593,307.20157625111875,310.1817047191975,3662828
2026-01-07,313.4101867675781,316.88700341951636,310.6784022553409,315.3969391401143,2620954
2026-01-08,320.36383056640625,322.1022389493247,312.91350892532705,313.65854108943495,2744123
2026-01-09,323.0956115722656,323.34395562420434,316.14197811798164,320.36382700093975,2295722
2026-01-12,325.3307189941406,331.53932050166236,319.61880560722057,323.59231057203453,2263581
2026-01-13,320.6121520996094,327.3174411055656,318.3770557642907,325.82737688201973,2753180
2026-01-14,311.6717834472656,321.85388952004485,306.20821433504267,320.86051331782244,2957369
2026-01-15,319.1221008300781,320.8605091614482,307.9466186998419,311.67177940992065,3210139
2026-01-16,321.1088562011719,323.0956085983949,313.41019066193263,321.35720025082475,2848988
2026-01-19,319.6188049316406,327.3174707846949,317.13536433388117,325.82740642603926,3420274
2026-01-20,317.88037109375,320.8604995727539,315.89361877441405,318.873747253418,2774257
2026-01-21,314.65191650390625,320.6121738015335,311.67178785509265,317.8803892067877,3368443
2026-01-22,324.0889892578125,324.33733331088365,315.3969474003233,316.14197955953665,2979491
2026-01-23,327.5657958984375,329.80089230714555,323.5922911718454,325.3306994897294,2790185
2026-01-26,330.2975769042969,331.5392971182228,325.5790400913784,327.814136476445,2516380
2026-01-27,330.04925537109375,331.78766378915066,326.5724385349799,330.29759943081615,1873377
2026-01-28,344.45318603515625,344.45318603515625,328.3108233154121,329.55254352462316,2499998
2026-01-29,336.7545166015625,348.6750304635647,334.7677642912288,344.7015258428973,3810827
2026-01-30,345.4465637207031,346.43993989243774,330.79426518761795,336.7545222180255,3842081
2026-02-02,343.21148681640625,351.4068406984188,334.76778887736293,342.2181105882835,3420994
2026-02-03,355.6286926269531,357.36710104063235,343.70817779029545,344.2048659084895,2890758
2026-02-04,353.6419372558594,357.86378622590826,346.1916155440084,357.6154421688465,3052427
2026-02-05,350.91015625,357.61544585987264,350.16512407112526,351.65518842887474,2593506
2026-02-06,355.87701416015625,360.843895027709,348.17834881544945,351.40682137935875,2490682
2026-02-09,364.3207092285156,366.5558056041507,357.6154201016104,357.6154201016104,1935295
2026-02-10,351.6551818847656,364.3207286899373,351.6551818847656,364.3207286899373,1644827
2026-02-11,352.6485595703125,357.36709663498567,347.68167844960385,349.66843089788733,1880780
2026-02-12,357.3670959472656,360.0988805583983,347.93002183608,358.85716028061074,5519687
2026-02-13,359.1054992675781,365.81078867298936,355.6286825388464,357.8637790073168,3397576
2026-02-16,362.5823059082031,365.3140904047718,358.60880118592144,360.0988654567771,2751228
2026-02-17,358.8571472167969,362.58230791454906,353.8902662864606,362.58230791454906,2789710
2026-02-18,336.5061950683594,359.8505362760537,336.5061950683594,354.38696705723163,5994909
2026-02-19,320.8605041503906,338.24458719259445,312.9134947596689,337.0028669752942,4511484
2026-02-20,326.5724182128906,330.7942669654527,320.36381710618167,325.82738608008555,2317383
2026-02-23,325.57904052734375,334.51942607958205,324.3373203117551,334.51942607958205,2028374
2026-02-24,317.88037109375,325.5790363311768,317.383683013916,325.33069229125977,1832789
2026-02-25,320.8605041503906,321.8538803242309,314.90024710734934,317.88037562886996,2224362
2026-02-26,323.84063720703125,324.83401339478286,313.65853128257703,319.86713245602476,2793899
2026-02-27,306.9532470703125,324.83401874431127,306.9532470703125,324.088986591228,4540930
2026-03-02,301.7380065917969,303.22807082187984,283.11220371576,283.11220371576,4690830
2026-03-03,291.80426025390625,310.1817200486203,290.31419594622673,297.26782938206446,2914908
2026-03-04,303.7247619628906,303.7247619628906,282.6155184904085,290.56252779769585,2997735
2026-03-05,300.4963073730469,304.22146820825,298.01286681624487,301.9863717071281,2628146
2026-03-06,289.3208312988281,302.97975466486724,287.58242287042316,302.97975466486724,2899121
2026-03-09,284.35394287109375,286.589039365277,275.91024500417916,283.85725476127527,2476649
2026-03-10,298.7579040527344,300.49631247199386,293.04599067516756,299.0062481126286,1884584
2026-03-11,300.4963073730469,302.73140387416873,293.79101786968135,301.4896835957677,2080254
2026-03-12,295.28106689453125,306.20820477792853,294.0393466805088,295.77775498014023,1849568
2026-03-13,294.7843933105469,299.00624224591274,289.07248004505186,294.0393611454823,1438532
2026-03-16,288.0791015625,296.02611126077585,285.84400508485993,294.5360469423492,1883974
2026-03-17,292.3009338378906,294.28768614944806,284.8506126695502,288.32742921477575,1373927
2026-03-18,290.5625305175781,295.2810673379491,288.07909008580395,294.039347122062,991448
2026-03-19,284.1055908203125,289.81750392246914,284.1055908203125,288.07909558703017,496774
2026-03-23,297.01947021484375,297.01947021484375,267.4665296165441,280.3804196258851,3946312
2026-03-24,289.56915283203125,297.76450621406985,286.5890243294717,294.28768962775047,1969033
2026-03-25,302.979736328125,304.96648869748975,292.3009423427895,294.03935066598365,2602385
2026-03-26,292.5492858886719,302.4830477185079,291.80425375143415,299.2545751238112,1623677
2026-03-27,290.8108825683594,296.0261076186886,289.569162318281,295.5294195186573,1168862
2026-03-30,290.5625305175781,293.5426590357071,285.5956496540298,288.5757781721588,2304103
2026-03-31,305.7115173339844,306.9532375506131,289.56915451781134,289.56915451781134,3119677
2026-04-01,317.3836975097656,320.8605142274,310.6784081257565,312.1684724333141,3230159
2026-04-02,320.6121520996094,324.0889686212163,307.9466061994699,309.933358497531,1784809
2026-04-03,318.3770751953125,320.363827614628,312.66516198978036,319.1221073525558,1081072
2026-04-06,321.1088562011719,328.0624895914525,316.6386633074201,320.1154800025604,1594484
2026-04-07,310.67840576171875,322.8472641808428,309.68502956423924,318.62541534155486,1852449
2026-04-08,341.7214050292969,341.7214050292969,329.5525468560152,336.7545241422431,3324471
2026-04-09,338.9896240234375,340.97637639866645,331.0426145225218,336.75452760130497,2558556
2026-04-10,343.4598083496094,347.18496896077653,335.01611096429724,339.9829917791867,3648504
2026-04-13,326.3240661621094,337.0028598036396,324.0889698185333,337.0028598036396,3162278
2026-04-14,328.0625,332.78103709311125,323.5923069644209,329.8009084027252,2682378
2026-04-15,319.3704528808594,329.0558709697812,317.8803885594868,329.0558709697812,4566534
2026-04-16,309.6850280761719,327.06911144853115,309.6850280761719,321.35719834047023,3509337
2026-04-17,317.88037109375,325.0823482513428,305.7115131378174,310.67839393615725,8274192
2026-04-20,309.9333801269531,314.9002612187312,307.9466276902419,308.4433157994197,2355190
2026-04-21,310.9267578125,313.9068864816294,307.6982850876098,311.42344592402156,2784713
2026-04-22,306.2082214355469,313.41019906866194,303.72478087240376,311.92013473077606,1727277
2026-04-24,306.2082214355469,309.9333822802615,299.75127597137475,305.7115333229182,3096364
2026-04-27,299.9996032714844,307.6982685872261,296.02609859239186,305.2148281627933,3474785
2026-04-28,282.8638610839844,297.0194713401627,281.62214088607396,297.0194713401627,4963441
2026-04-29,276.90362548828125,286.83738783763664,276.4069373708135,284.3539472502978,4427754
2026-04-30,276.6552734375,277.8969936952985,272.1850805094255,276.15858533438063,3209760
2026-05-04,269.7016296386719,280.13207940370336,268.9565975125982,278.1453270675069,3185173
2026-05-05,274.1718444824219,275.9102529166401,268.7082751177359,269.70165136586064,3497068
2026-05-06,287.83074951171875,289.8175018810835,276.655267434042,277.15195552638323,6192993
2026-05-07,288.0791015625,291.05923019935346,283.1122205010776,288.0791015625,4357953
2026-05-08,282.11883544921875,288.0790925361741,278.39367476987167,284.6022759021168,4304571
2026-05-11,277.1519470214844,282.1188277924787,277.1519470214844,282.1188277924787,2613956
2026-05-12,267.466552734375,276.90362701841053,267.466552734375,276.1585948380919,3332620
2026-05-13,262.2513122558594,270.446665763855,262.2513122558594,268.45991339828026,2814300
2026-05-14,265.7281188964844,268.9565913690585,262.996334496614,263.24467853296585,2117243
2026-05-15,256.5393981933594,263.9897195348897,255.297677969771,263.741375490172,2591166
2026-05-18,251.07583618164062,256.2910612655323,248.34405161388787,256.2910612655323,3793047
2026-05-20,259.0228576660156,259.0228576660156,246.953342269306,248.59240702174654,4947996
2026-05-21,243.17849731445312,258.27781255537775,243.17849731445312,258.27781255537775,3335393
2026-05-22,250.33079528808594,256.5393963616992,238.60895342956064,243.17848988282697,6640521
2026-05-25,257.284423828125,261.2579284432312,251.820854982354,257.03607978968085,5718308
2026-05-26,250.08245849609375,257.28443595030103,250.08245849609375,256.5394037998658,1231570
2026-05-27,250.08245849609375,250.08245849609375,250.08245849609375,250.08245849609375,0
2026-05-28,250.08245849609375,250.08245849609375,250.08245849609375,250.08245849609375,0
2026-05-29,250.08245849609375,250.08245849609375,250.08245849609375,250.08245849609375,0
2026-06-01,255.2976837158203,261.754629023808,252.06921106182648,252.3175551121337,3632079
2026-06-02,263.74139404296875,266.96986685140433,260.01623311015845,260.01623311015845,3375721
2026-06-03,261.00958251953125,266.7214953624896,259.76786233627945,262.0029586661327,3746808
2026-06-04,262.2513122558594,266.22481698700875,258.77449561610365,261.75462416446567,2202924
2026-06-05,255.79437255859375,263.4930381404543,255.79437255859375,262.7480059873711,2298002
2026-06-08,252.3175506591797,254.05595898065042,247.0526538540391,253.31092684287725,5387864
2026-06-09,255.2976837158203,258.0294682691997,250.57914675998316,253.31093131336257,3444128
2026-06-10,258.7745056152344,261.75463427874956,254.30431261996162,255.29768884113335,3661121
2026-06-11,257.284423828125,264.23805690456084,252.5658870976864,259.02283209723396,4708593
2026-06-12,273.178466796875,276.90362770774146,263.49304842862216,264.23808061079546,8778548
2026-06-15,290.06585693359375,293.54267371190736,282.1188471545912,293.04598560071975,7935400
2026-06-16,299.9996032714844,308.19495667211265,288.07908923420683,288.07908923420683,7494257
2026-06-17,298.2611999511719,300.99298446363053,291.80425473990584,300.49629637045626,4708638
2026-06-18,302.4830627441406,305.9598795572917,298.26121375674296,302.2347186860584,4122711
2026-06-19,295.03271484375,301.98634785353534,291.0592102667298,294.2876827355587,5458289
2026-06-22,286.09234619140625,296.0261082119412,285.5956580903795,295.28107606040106,3926031
2026-06-23,283.1122131347656,286.3406857406884,282.11883694832784,283.6089012279845,2239556
2026-06-24,284.602294921875,289.56917615960407,281.6221661792376,283.1122305505563,2180691
2026-06-25,282.3671875,291.05922933157433,281.62215534300793,286.09234828496045,3200861
2026-06-26,282.61553955078125,287.08573261924704,280.6287870759076,282.3671954914221,2765972
2026-06-29,278.14532470703125,282.3671733856201,276.9036045074463,282.11882934570315,2144084
2026-06-30,280.38043212890625,283.85724882492457,277.6486475820347,279.38705593004386,3672895
2026-07-01,283.85723876953125,284.1055828104495,276.15857350106626,280.3804221966761,3401019
2026-07-02,279.88372802734375,285.84398487974505,279.13869592079357,284.3539206666447,2878044
2026-07-03,274.66851806640625,281.87049548406065,274.66851806640625,281.12546333740676,1941964
2026-07-06,270.69500732421875,279.1387048003871,269.9499751939686,275.4135441491363,4069324
2026-07-07,270.4466552734375,275.6618800307765,267.4665268406724,270.19831123737373,3736018
2026-07-08,262.0029602050781,269.2049373102414,255.79435925235114,269.2049373102414,3574131
2026-07-09,261.50628662109375,263.24469498419694,258.52615799863116,262.2513187767094,1744853
2026-07-10,267.466552734375,267.466552734375,260.7612631115077,261.75463935193244,2976661
2026-07-13,258.02947998046875,265.2314577662566,257.2844477957321,263.4930493352044,2584606
2026-07-14,256.7877502441406,257.53278240152207,252.81424540477286,256.7877502441406,2046077
2026-07-16,265.7281188964844,265.7281188964844,256.7877335878176,258.0294537695769,2157753
2026-07-17,263.74139404296875,270.943371846402,259.022856861409,268.95661934890313,4231386
2026-07-20,270.69500732421875,272.93010371496916,261.2579336743836,263.74137410855076,3099421
2026-07-21,270.75,275.75,266.0,274.0,3570527
2026-07-22,275.25,278.0,269.75,271.0,3464577
2026-07-23,259.25,274.75,259.25,273.25,3205973
2026-07-24,259.5,262.0,256.25,259.25,3313386
2026-07-27,262.25,270.25,261.5,264.25,4578094
2026-07-28,268.0,268.0,260.25,262.5,4216152
2026-07-29,271.75,276.25,267.25,271.75,6172481
2026-07-30,267.75,271.5,260.0,271.5,4710099
2026-08-03,278.0,282.25,276.0,278.0,4838116
2026-08-04,286.0,286.0,275.25,278.25,4167336
2026-08-05,284.0,285.25,279.75,284.0,2304975
2026-08-06,273.5,284.0,273.25,284.0,3928332
2026-08-07,275.5,278.0,271.0,273.5,4278231
