Price,Close,High,Low,Open,Volume
2021-08-09,12.494348526000977,12.650649844502642,12.484579460687288,12.543192920940085,55595330
2021-08-10,12.338047981262207,12.572499973718024,12.318509849409521,12.523655575715711,52296398
2021-08-11,11.927755355834961,12.347815833070593,11.878910962635349,12.240357981705582,74847273
2021-08-12,12.142670631408691,12.181745961265923,11.976600246608124,12.015675576465354,51074677
2021-08-13,12.132902145385742,12.18174654294695,12.074288681986415,12.162208411270708,43881054
2021-08-16,12.318509101867676,12.396659761277085,12.211052178087074,12.211052178087074,70306219
2021-08-17,12.15243911743164,12.279434176056371,12.113363786441676,12.250127910721242,43832603
2021-08-18,11.917986869812012,12.250127641748684,11.917986869812012,12.191514180736005,63486461
2021-08-19,11.908217430114746,12.025444348455839,11.82029863880292,11.878911166344137,50891284
2021-08-20,11.976600646972656,11.986369712670871,11.859374653482229,11.917987184412752,39058388
2021-08-23,12.20128345489502,12.240358785695452,12.103595593708624,12.103595593708624,69523912
2021-08-24,12.513887405395508,12.552962737358992,12.240359150021714,12.259897281818157,115259132
2021-08-25,12.211051940917969,12.65064962446515,12.181745677115979,12.494348308682094,133481635
2021-08-26,12.494348526000977,12.601805449563535,12.318509076871932,12.406428801436455,130016212
2021-08-27,12.38689136505127,12.45527295767792,12.240358183042169,12.45527295767792,64421920
2021-08-31,12.38689136505127,12.48457922142801,12.347816036174708,12.425966693927831,53636208
2021-09-01,12.601805686950684,12.679956347673683,12.43573530000697,12.43573530000697,89007860
2021-09-02,12.601805686950684,12.63111288344383,12.504117826861616,12.621343817946116,54512227
2021-09-03,12.582267761230469,12.78741346669295,12.5236543032572,12.650649352508193,92161781
2021-09-06,12.650650024414062,12.68972535459519,12.552962164775925,12.611574694232937,53633696
2021-09-07,12.357584953308105,12.787414529836557,12.357584953308105,12.64088133853529,103219177
2021-09-08,12.132902145385742,12.396660401609227,12.074288681986415,12.386892267400501,69203476
2021-09-09,12.338047981262207,12.338047981262207,12.084057856953706,12.162208521105644,63636589
2021-09-10,12.12313175201416,12.41619717366012,12.113362687245793,12.386890910984313,49311149
2021-09-13,12.142670631408691,12.211052225751509,12.074288105436525,12.142670631408691,38881204
2021-09-14,12.15243911743164,12.250127910721242,12.113363786441676,12.191514448421605,65375501
2021-09-15,11.976600646972656,12.13290197162656,11.88868091894749,12.11336384023013,50022705
2021-09-16,12.181746482849121,12.181746482849121,11.986369825197567,12.015676090937953,71541980
2021-09-17,12.4259672164917,12.504117877531383,12.220821498355184,12.240358697800422,126749273
2021-09-20,12.513887405395508,12.611575269489519,12.259897281818157,12.308741679679864,118328969
2021-09-21,12.74833869934082,12.797183094528817,12.513886720393659,12.601805513776831,134319994
2021-09-22,12.885102272033691,12.885102272033691,12.679956551431927,12.797183476029545,93716506
2021-09-23,13.021865844726562,13.06094117406081,12.78741386872108,12.894870791482925,92839027
2021-09-24,13.30516242980957,13.314931495207961,12.963253525530076,12.982790724697503,71721378
2021-09-27,13.217242240905762,13.45169514409725,13.129322518662619,13.373543555280541,89362029
2021-09-28,13.461463928222656,13.568921785771595,13.207474745900996,13.2172428797996,109992789
2021-09-29,13.461463928222656,13.549383654715655,13.334468871247143,13.510308324233142,86075020
2021-09-30,13.627534866333008,13.764298994362765,13.461464472164518,13.510308870148675,76409871
2021-10-01,13.72522258758545,13.793604180431194,13.520076877418887,13.598227535422405,97542462
2021-10-04,13.549383163452148,13.852217662433711,13.549383163452148,13.78383513784665,74809181
2021-10-05,13.7154541015625,13.764298497784484,13.48100211765222,13.510308382733664,84235163
2021-10-06,13.393081665039062,13.734991488436293,13.295392877888618,13.69591615990198,67415705
2021-10-07,13.793604850769043,13.793604850769043,13.481002203563202,13.490771269195728,67668536
2021-10-08,13.764298439025879,13.949906025921832,13.754529373497311,13.852218165524254,64985391
2021-10-11,13.87175464630127,13.979212498289735,13.764297725942122,13.822910252818268,37854961
2021-10-12,13.67637825012207,13.940137420699362,13.598227591794576,13.78383517241504,84977064
2021-10-13,13.93036937713623,14.115976971368914,13.852218713077269,13.959675643250991,102408453
2021-10-14,13.969444274902344,14.106207466939313,13.852218282458066,13.930368944087585,61588784
2021-10-15,14.30158519744873,14.311353331529293,13.901061888005357,13.99875068184606,92148022
2021-10-18,14.23320198059082,14.340659834943297,13.97921280582437,14.321121704468542,71777645
2021-10-19,13.988981246948242,14.27227762365445,13.979213113125471,14.252740424379551,79942830
2021-10-20,13.481001853942871,14.223434053431664,13.461463723184526,14.008519273236624,179373133
2021-10-21,13.647072792053223,13.676379057749314,13.334469208653825,13.607997460581972,104907649
2021-10-22,13.813142776489258,13.842449041321373,13.647072389725,13.686147720044275,81705323
2021-10-25,13.949906349182129,13.959675414937074,13.666609963694425,13.686148095204315,75085394
2021-10-26,14.360197067260742,14.409041461932143,13.988980972039172,13.988980972039172,95052719
2021-10-27,14.506730079650879,14.565342607259664,14.272277174327755,14.369965962514835,100470372
2021-10-28,14.623956680297852,14.633724814223086,14.399272830688817,14.45788629238707,25935879
2021-11-01,14.926790237426758,15.04401622902089,14.633724792626742,14.633724792626742,77646692
2021-11-02,15.131936073303223,15.131936073303223,14.819333426621126,14.965865684346015,86716520
2021-11-03,15.219855308532715,15.239393439133366,14.575111904780725,15.083091189216187,145824969
2021-11-04,16.577722549438477,16.597260678671457,15.630145640741597,15.757139754238857,205042533
2021-11-05,17.24200439453125,17.486225425227893,16.42142158232984,16.46049784160543,220289421
2021-11-08,17.63275909423828,17.779293215090778,17.154086059027364,17.39830710943653,173114727
2021-11-09,17.740215301513672,17.945361933658162,17.46668707974054,17.66206464718686,163597493
2021-11-10,17.710908889770508,17.876979270458204,17.60345289986105,17.769523280548746,101855749
2021-11-11,17.310386657714844,17.87697939641943,17.300617592516303,17.681603682224655,108707676
2021-11-12,17.4080753326416,17.62299103908718,17.222466821600054,17.4080753326416,82572266
2021-11-15,17.202930450439453,17.876979171323423,17.066165402640635,17.417844292325242,202411264
2021-11-16,17.251773834228516,17.388537018147726,17.115010650309305,17.222466639134982,102890120
2021-11-17,17.574146270751953,17.622991597974394,17.2517745641187,17.271312695007676,75615923
2021-11-18,17.58391571044922,17.84767489328806,17.212700531951366,17.603453841754042,104139179
2021-11-19,16.6949520111084,17.77929412677036,16.665644812783345,17.730448796228604,162553427
2021-11-22,17.22246742248535,17.2517746189119,16.743794393737407,16.792639721114988,148782796
2021-11-23,18.28727149963379,18.355654958570728,16.978246526409347,17.193162242265107,152209934
2021-11-24,18.531492233276367,19.01016525812941,18.336116515131966,18.658488220166,174965138
2021-11-25,18.345884323120117,18.648717876606202,18.26773366856698,18.551029092600135,71106786
2021-11-26,16.597261428833008,17.58391464059051,16.519110771627396,17.554607445416416,200728655
2021-11-29,16.919633865356445,17.056397055654468,16.05020753287549,16.597262157326305,180958754
2021-11-30,16.821945190429688,16.821945190429688,16.821945190429688,16.821945190429688,30
2021-12-01,17.984437942504883,18.37519124919188,17.00755374415803,17.0466300064561,190881208
2021-12-02,17.828136444091797,18.228658812405214,17.622991658825338,17.984437765225877,121398696
2021-12-03,18.10166358947754,18.90270827750498,18.072356394820947,18.42403527766562,185039874
2021-12-06,18.257966995239258,18.36542299478762,17.9551315388297,18.26773606124526,96347342
2021-12-07,18.75617790222168,19.01993522741416,18.687794441199696,18.89294109774806,102908092
2021-12-08,19.908899307250977,20.143353156462368,18.85386443883473,18.85386443883473,251748495
2021-12-09,21.491451263427734,21.882204550111055,19.947974383584633,20.143351958555616,233237867
2021-12-10,21.72590446472168,22.58556360732442,21.39376368643318,22.03850711175586,237428412
2021-12-13,22.116657257080078,22.448798027612938,21.374225056080668,21.745442088209728,140080140
2021-12-14,22.05804443359375,22.585562778550788,21.84313058745867,22.272958279728833,113878269
2021-12-15,22.937238693237305,23.79689776236778,22.116655883275754,22.21434466793948,211139797
2021-12-16,24.539331436157227,24.539331436157227,22.780938793146984,23.269380883440043,151817462
2021-12-17,22.097122192382812,26.043733528753386,22.097122192382812,25.02777489431238,193190400
2021-12-20,21.62821388244629,22.937238756052743,19.889361336356068,20.749018544582192,108173898
2021-12-21,19.469301223754883,22.9372391782005,19.469301223754883,22.018969427418792,81910566
2021-12-22,18.443572998046875,20.084738763013593,18.07235781942762,19.34230654251633,123793952
2021-12-23,18.76594352722168,19.16646774078715,17.63275806831571,19.04924082357749,98045462
2021-12-24,20.631793975830078,20.631793975830078,18.678025684542554,18.85386326562117,96687219
2021-12-27,20.299654006958008,21.217923798039923,20.06520202647377,20.553644118297274,107676230
2021-12-28,20.0065860748291,20.651329436731665,19.420455237665344,20.377803079111526,63468592
2021-12-29,20.59271812438965,21.159310865579112,19.30323132466595,19.615833959355495,79161134
2021-12-30,19.67444610595703,21.003009140878632,19.557221051851386,20.924858483721987,78655206
2021-12-31,19.557222366333008,20.49503031524477,19.28369411627103,19.830748753136223,64484158
2022-01-03,21.33515167236328,21.374226072559008,19.371614151984765,19.713524004176627,95392160
2022-01-04,22.272958755493164,22.878627772278488,21.25700016821101,21.39376335837662,139700845
2022-01-05,23.347532272338867,23.56244799126372,21.589141437684923,21.589141437684923,124793460
2022-01-06,24.285341262817383,24.77378335184744,23.074005105613878,23.074005105613878,145559800
2022-01-07,24.363492965698242,24.988698270183217,23.464759408871704,24.656557486360878,117635270
2022-01-10,26.082807540893555,26.747087197516638,24.441641871364254,24.7933188982215,166191051
2022-01-11,26.27818489074707,27.040155245737736,25.61390332946168,26.668938202309427,177252137
2022-01-12,26.25864601135254,26.786164364378944,26.160959083688724,26.747088102706453,104750771
2022-01-13,28.114727020263672,28.271028338052123,26.160958684649316,26.180494951928864,176333677
2022-01-14,27.567670822143555,28.62270565946119,27.235530052686272,28.134263570642677,147006146
2022-01-17,27.626285552978516,28.056113254861174,27.469984231701417,27.782586874255614,97173460
2022-01-18,26.25864601135254,27.89981173642308,26.25864601135254,27.62628535775046,113983246
2022-01-19,26.766626358032227,26.98154207171308,25.53575205850462,25.887430962157854,162000622
2022-01-20,27.4504451751709,27.99749978119551,26.688474862192624,27.313680126220753,168388097
2022-01-21,26.864316940307617,27.684899861363174,26.278186016230954,27.54813666227353,114612119
2022-01-24,25.418527603149414,27.509059217274405,25.262226278537756,26.512636875431017,205639936
2022-01-25,25.51621437072754,26.004656437168844,24.69563155004546,25.809278865288874,152376970
2022-01-26,26.590787887573242,27.25506945754166,25.59436739587941,25.59436739587941,152714264
2022-01-27,27.977962493896484,28.11472754696756,26.10234478203836,26.23910983510944,208306053
2022-01-28,27.509057998657227,28.759470403417527,27.352756680969524,28.095188871615452,152191805
2022-01-31,28.05611228942871,28.388253051528004,27.587208341732765,28.05611228942871,109830273
2022-02-01,27.665359497070312,28.52501861322713,27.52859630901483,28.36871729451838,77844485
2022-02-02,27.157379150390625,28.056112660318043,27.02061596298602,27.763048154948557,83815286
2022-02-03,26.395410537719727,27.723971732699802,26.258645487851304,27.137842725367342,107724892
2022-02-04,26.043731689453125,26.688475089282868,25.98511916126642,26.551711902427673,92538056
2022-02-07,27.606748580932617,27.606748580932617,25.57482945577187,26.08280970287676,149073076
2022-02-08,28.114727020263672,28.388253394764124,27.274606039706722,27.587208675283627,154126825
2022-02-09,29.150224685668945,29.32606413984227,28.13426422300473,28.310103677178056,157891224
2022-02-10,29.111146926879883,29.32606263238154,28.700855509318767,29.208835714538942,119101627
2022-02-11,28.93531036376953,29.775429495395898,27.64582167513474,28.896234102026636,269663095
2022-02-14,27.938888549804688,28.759471428544003,27.469984580027575,28.290565595508145,221304283
2022-02-15,29.2674503326416,29.326064727379524,27.88027652916882,28.075652255185553,226724219
2022-02-16,28.915773391723633,29.521440566941433,28.8376227283646,29.384677371877824,133323031
2022-02-17,28.075651168823242,29.73635502362931,27.95842611040088,29.013460952495702,232337911
2022-02-18,28.720394134521484,28.915771713207086,27.977961944078345,28.564092816876475,133787733
2022-02-21,28.759469985961914,29.345600850412207,28.25148977922108,29.208835801976658,177077000
2022-02-22,28.21241569519043,28.50548208165358,27.62628664878173,27.91935117198608,140227591
2022-02-23,27.430908203125,28.505481193491168,27.430908203125,28.4077924010472,108544470
2022-02-24,24.695632934570312,25.301300087488556,24.695632934570312,24.715169202246692,58637916
2022-02-25,26.66893768310547,26.903391528737185,23.367069935612484,24.578406109502286,255281231
2022-02-28,25.027774810791016,26.51263742540343,24.851935351140632,25.82881958185715,179216796
2022-03-01,24.676095962524414,26.06327164866543,24.129041313460846,25.80928152435693,183981149
2022-03-02,25.37944984436035,25.594365550477118,24.42210382173059,24.676093925067626,193446618
2022-03-03,25.340375900268555,25.88743051394515,25.164536451486406,25.652978536655183,135266563
2022-03-04,24.71516990661621,25.28176267707058,24.578406712690292,25.06684882043574,80697806
2022-03-07,25.301300048828125,25.477139500457874,23.933662560859336,24.3244158626706,153503367
2022-03-08,24.71516990661621,25.67251785387396,24.69563363838306,24.930085626509822,188530736
2022-03-09,25.535751342773438,25.86789210619012,25.20361057935676,25.301299367995547,215513458
2022-03-10,25.14499855041504,26.180495258712178,25.086386021372217,25.92650701177371,139759899
2022-03-11,25.809280395507812,26.317260621906723,25.027773788170048,25.125460716643225,255068266
2022-03-14,26.004657745361328,26.29772225466559,25.86789269286179,25.98511961453872,111046875
2022-03-15,27.02061653137207,27.313681042906246,25.731129699407738,26.063270472884458,188091261
2022-03-16,27.0596923828125,27.606746998898082,26.942465462021957,27.19645557101922,145127915
2022-03-17,27.215993881225586,27.46998399189831,27.098766959661752,27.352757070334473,92332176
2022-03-18,27.0792293548584,27.665360247545465,27.00107869338404,27.235530677807116,103196877
2022-03-21,27.274606704711914,27.450446157325885,27.118305383112546,27.25506857369731,76644734
2022-03-22,27.86073875427246,27.977963818731503,27.235531578541963,27.274607842200847,134642182
2022-03-23,27.4504451751709,28.075650439199027,27.4504451751709,27.97796165087997,84446651
2022-03-24,27.46998405456543,27.841199224390135,27.274606472599558,27.567670982289656,78151910
2022-03-25,27.509057998657227,27.74350997518878,27.33321855044389,27.645821185819294,59122205
2022-03-28,28.388254165649414,28.564093618751027,27.80212327639694,27.80212327639694,141675547
2022-03-29,30.908615112304688,31.06491643332514,28.583631564681415,28.700856623817394,233339298
2022-03-30,31.436134338378906,31.514283137793655,30.459250123330506,30.889079699664258,167451169
2022-03-31,31.5142822265625,32.11995310547225,31.26029397766167,31.592434750235025,144597828
2022-04-01,32.02226257324219,32.452094002048625,31.611973001945987,31.729198061385265,100110679
2022-04-04,32.686546325683594,32.70608445799426,31.983192195088183,32.11995539474513,99340125
2022-04-05,33.7025032043457,34.44493351932455,32.82330597797324,32.979607293048645,178292868
2022-04-06,33.81972885131836,34.26909840073273,33.468049954610315,34.19094587856767,133058016
2022-04-07,34.79661560058594,34.816153732576595,33.5852812293063,34.07372334951981,114955493
2022-04-08,34.50354766845703,35.01152787052644,34.15186878036919,34.972451610401734,96532123
2022-04-11,35.32413101196289,36.105637593230746,34.32770872340238,34.542624430695035,166140161
2022-04-12,36.37916946411133,36.63315771795478,35.28505647050914,35.421819663080036,158505462
2022-04-13,36.12517547607422,36.67223194247236,35.44135582470587,36.63315568204735,114089899
2022-04-14,36.496395111083984,37.25836361136003,35.96887673711553,36.828535895451054,134077474
2022-04-15,36.867610931396484,37.082522918938025,36.37916883691147,36.49639389616299,64159672
2022-04-18,36.76991653442383,37.18020978982375,36.63315335812954,37.10205727393155,63830395
2022-04-19,37.86402893066406,37.86402893066406,36.61361838088893,36.94575914898763,126211486
2022-04-20,37.96171951293945,38.665077309131185,37.66865500669869,37.922643251702716,105396234
2022-04-21,39.2512092590332,39.3098236552748,37.72726849541063,37.981260485939885,124589267
2022-04-22,38.821380615234375,40.48208081113314,38.37201104103873,39.094907004861454,189178045
2022-04-25,38.68461227416992,39.13398183187361,37.96172006339507,38.782302928678305,125186469
2022-04-26,38.196170806884766,40.2867061294007,37.746804968337294,39.0949062104972,179027932
2022-04-27,39.56380844116211,39.58334657152501,37.55142573199133,38.4501610960981,148546928
2022-04-28,39.56380844116211,40.814218972249094,39.44658338550204,40.54069260020315,163153022
2022-04-29,40.30624008178711,40.65791898679684,39.368432152772804,39.83733611727996,133329765
2022-05-05,41.693416595458984,41.83017978275949,40.85329561459319,41.0095969324391,78066428
2022-05-06,41.400352478027344,41.79110391304284,40.892372258641544,41.478501274423486,82857898
2022-05-09,41.322200775146484,42.20139804278433,41.26359010831561,41.41989143072706,83540199
2022-05-10,41.712955474853516,41.88879492640159,41.57619228509778,41.752031736645854,12224861
2022-05-11,41.22451400756836,41.83018116847058,40.618846846666145,41.322200937014124,85463124
2022-05-12,40.892372131347656,41.126822246323655,39.544270927424826,40.775147073859664,133993046
2022-05-13,41.49803924560547,41.830180013676234,40.89237210142374,41.771565621716434,91223487
2022-05-16,41.73249435424805,42.29908525432932,41.32220105110454,41.4980405058064,114672329
2022-05-17,41.1072883605957,42.08417254718951,40.99005957511189,41.986481892619665,94996017
2022-05-18,41.419891357421875,41.615265215202314,40.521155960258504,41.107288713152215,116550426
2022-05-20,41.869258880615234,42.0450983409202,41.28312610409282,41.302664235962,65503006
2022-05-23,41.966941833496094,42.20139566717408,41.61526294623774,42.06463248357745,83693550
2022-05-24,41.1854362487793,42.201396674778984,41.126821857331,42.10370602236516,73428441
2022-05-25,41.67387771606445,41.69341584625877,40.716531695646374,41.32219882560122,81016326
2022-05-26,43.43227005004883,43.52996070463768,41.595730461987614,41.69341739005903,139728152
2022-05-27,43.97932815551758,44.31146894031426,43.21735965425594,43.43227164922963,109464172
2022-05-30,48.37530517578125,48.37530517578125,44.66314602672535,44.72175669271777,122233333
2022-05-31,48.74652099609375,49.82109207975607,47.6524080555635,49.52802757753156,187987677
2022-06-01,48.12131118774414,49.918778157804375,48.12131118774414,48.60975325866793,81121880
2022-06-02,48.453453063964844,49.18611618726986,48.004087242701935,48.3362280076609,83598087
2022-06-03,46.87089920043945,48.72698050201924,46.81228481223098,48.72698050201924,83285401
2022-06-06,46.75367736816406,47.67194715419001,46.32384594475487,47.06628000708853,105292710
2022-06-07,47.339805603027344,48.06270152267991,46.441073962585214,46.929516043656115,138210969
2022-06-08,45.64002990722656,49.18611678394803,45.21019848470222,48.941895739883705,139605770
2022-06-09,47.22257995605469,47.28119434659594,44.46776695140977,45.6595668067942,187534972
2022-06-10,45.6204948425293,47.535187062309866,45.6204948425293,46.79275667812556,127376011
2022-06-13,45.91355895996094,46.59737866849792,45.15159045055786,45.42511684336561,122246200
2022-06-14,45.77679443359375,46.69506424456793,45.522802453493604,46.20662214216342,97528095
2022-06-15,47.32027053833008,47.82825078273629,45.58141780954857,45.89402046356507,123233594
2022-06-16,46.24570083618164,47.632874691215534,45.815873105012905,47.28119948926895,109612469
2022-06-17,47.066280364990234,47.066280364990234,46.06985804839747,46.38246068969903,94259990
2022-06-20,49.674560546875,49.821094668861015,47.59379986438577,48.00408944351857,149379221
2022-06-21,50.70029067993164,51.13988558186213,49.088430284461744,49.77224995910102,88236487
2022-06-22,50.84682083129883,51.677174620333425,50.06531423248546,50.3583787412258,100981096
2022-06-23,49.38149642944336,51.13988727493202,49.38149642944336,50.8468227551035,64744082
2022-06-24,49.08843231201172,50.26069412745283,47.828250767249585,49.82109548084772,119022605
2022-06-27,48.648834228515625,49.3326539393146,47.94548011232372,47.965014517716654,93449295
2022-06-28,46.92951583862305,48.82466976335204,46.92951583862305,48.70744470783203,123077196
2022-06-29,45.11251449584961,47.33980937029381,45.11251449584961,46.94905791025179,106182179
2022-06-30,45.718177795410156,46.1480092093965,44.506843527762314,44.878056824273926,113324471
2022-07-01,48.1603889465332,48.31669026503222,45.73771664653973,46.12847180604597,113167005
2022-07-04,46.57783889770508,48.64883235577174,46.519224504229776,48.531607295338624,61893681
2022-07-05,45.91355895996094,47.04674452140139,45.42511684336561,46.69506560120994,94256925
2022-07-06,47.30073165893555,47.808711895311895,46.01124479987156,46.245698649936614,120911093
2022-07-07,48.06270217895508,48.2190034979713,47.02720361139925,47.398420641506796,78805450
2022-07-08,48.39484405517578,48.49253098435243,47.78917316942468,47.92594008739644,27645563
2022-07-13,48.06270217895508,49.8210929495169,47.398420641506796,49.13727328137692,71590341
2022-07-14,46.831825256347656,48.45345281176139,46.5973751449601,47.984548862468934,124089415
2022-07-18,48.824668884277344,48.824668884277344,47.261655750427764,47.86732287397982,89994968
2022-07-19,49.91878128051758,50.114158866412566,48.43392057135769,48.609756299493924,92868817
2022-07-20,50.163002014160156,50.55375718348004,49.0884308883067,50.065315085088926,89483225
2022-07-21,50.407222747802734,50.89566484313616,49.869937188239454,50.211848890883324,86215479
2022-07-22,48.89305114746094,50.79797599248249,48.06270110742152,50.5537549540571,72541288
2022-07-25,48.39484405517578,49.28380852614614,48.297153399481665,48.89305335640462,80665374
2022-07-26,47.86732482910156,49.13727351803955,47.730561640118346,48.590220762106675,83089797
2022-07-27,48.551143646240234,48.941895075528514,48.02362530385785,48.12131222955058,75810780
2022-07-28,48.551143646240234,49.57687127208332,48.31668980745339,49.08842919058496,68121659
2022-07-29,49.23496627807617,49.3326532096665,48.37530711931449,48.648833508981475,62805858
2022-08-01,50.30953598022461,50.4072229089967,49.479185906109436,49.57687283488153,71659508
2022-08-02,51.13988494873047,51.97023873141142,50.45606900907453,50.602599399064786,137217705
2022-08-03,53.728633880615234,53.728633880615234,51.57948778008709,51.726021908550386,133031485
2022-08-04,54.02169418334961,55.04742182276739,53.82631660286113,54.412449344326575,108646850
2022-08-05,56.85466003417969,57.05003761552742,53.924007493515965,54.363606119919005,99647394
2022-08-08,57.391944885253906,57.636165927318814,56.26852660114837,57.05003691696998,87925247
2022-08-09,57.24541091918945,58.27114227975977,56.5615949808324,57.39194503541875,102076610
2022-08-10,58.759586334228516,58.95496019372481,57.24541283750972,57.44079042352352,92599249
2022-08-11,59.980690002441406,61.00641764374096,58.71073759019516,60.4691320913,136866004
2022-08-12,60.957576751708984,61.885613778476454,59.834158409334854,60.42028745008458,101328664
2022-08-15,62.12982940673828,62.17867659463237,60.664503206329194,61.152945273132225,84075886
2022-08-16,66.2815933227539,66.47697464000865,60.273757561580155,62.22752601591652,144211535
2022-08-17,67.1119384765625,67.50269362922343,64.47435423891177,66.42812254918184,140910417
2022-08-18,68.03998565673828,68.43074082525557,65.25586719223436,67.20963558178588,99352988
2022-08-19,66.91657257080078,68.57727285046776,66.57466456652058,67.9423040366769,78852077
2022-08-22,66.18389892578125,67.74691202235151,65.93967789653482,66.91656201352052,76273653
2022-08-23,66.23274993896484,67.45385515573754,65.4512396190164,66.23274993896484,77832215
2022-08-24,67.06310272216797,70.04259510040171,66.52581342373095,66.6235003544372,158320953
2022-08-25,68.67495727539062,69.35877318473054,67.20963108134703,67.69807314602822,100888883
2022-08-26,68.08882904052734,69.50531567062006,65.84199974405578,69.2610946088491,93635673
2022-08-29,68.82148742675781,69.21224258895013,66.9165662589931,67.79576351066713,86908068
2022-08-31,71.41023254394531,71.70330078111502,69.0657090056923,69.358777242862,105936916
2022-09-01,69.45646667480469,71.41023511827618,68.87033763237027,71.41023511827618,96247618
2022-09-02,70.1402816772461,70.77525038267972,69.40761859894492,69.94490038454524,67262251
2022-09-05,73.41284942626953,74.48742056013663,70.72641786508427,71.41023382671743,134484397
2022-09-06,71.94751739501953,73.99897256971158,70.9217860811563,73.95012538218117,84318967
2022-09-07,72.9732437133789,74.34088302690994,71.45907773839089,72.24058059395529,114680580
2022-09-08,71.31254577636719,74.29204553316909,70.53103544417934,74.1455114142545,126693505
2022-09-09,71.70330047607422,73.26631367724856,70.57988217574945,71.80098740370359,89194028
2022-09-12,73.21746826171875,73.80360474777264,71.45908116266213,72.19174431719448,95085380
2022-09-13,69.45646667480469,76.78309833782279,69.45646667480469,73.85244567261554,140870201
2022-09-14,72.5824966430664,72.5824966430664,67.79576273061454,69.45646283453053,83172006
2022-09-15,72.43596649169922,74.73164292088406,71.94752438110521,72.82672167078145,89923947
2022-09-16,72.2405776977539,73.60821695645483,72.09405104217132,72.7290197577875,52341370
2022-09-19,67.16078186035156,72.82671262032945,67.16078186035156,72.68017851475457,43864913
2022-09-20,70.77525329589844,70.77525329589844,66.42812183359052,68.33304293436937,68398523
2022-09-21,68.1376724243164,70.67756983411405,66.91656718373726,70.14028800008018,71619738
2022-09-22,69.65184783935547,70.48219793541634,67.5515452765885,68.33304818045485,67209253
2022-09-23,69.21224212646484,71.36139177764431,68.87033415671928,69.89606551899071,69697068
2022-09-26,67.79576873779297,69.50531618278686,66.67235035476135,69.11456099046688,50013000
2022-09-27,69.35877990722656,70.48219825548586,67.94230076357472,68.33304849076478,68834076
2022-09-28,67.35616302490234,69.5541524884812,67.3073232864216,69.06571038546367,43766105
2022-09-29,67.01425170898438,68.91918028779064,63.546317421934184,67.84460175219162,64316284
2022-09-30,68.968017578125,68.968017578125,66.33043342781501,67.06309651990493,49906065
2022-10-03,75.85505676269531,75.85505676269531,69.65184381701428,69.84721766843938,92281634
2022-10-04,78.9322509765625,79.56721978142349,76.39234594497692,77.46692459051025,105490442
2022-10-05,82.83978271484375,82.93746964373396,79.12761979273598,79.71374881911223,105455574
2022-10-06,82.7420883178711,83.18169067734954,81.47214333645935,82.9863093665697,71999244
2022-10-07,82.25364685058594,84.54933068836702,81.66751781982619,83.13284412324306,68721301
2022-10-10,84.15857696533203,84.45163775923838,82.35134265061994,82.54671651322418,74555942
2022-10-11,82.54671478271484,84.50048317993887,82.54671478271484,84.30510932143045,60427732
2022-10-12,83.13284301757812,84.06088746922016,81.91173778097141,82.64440092293543,77791043
2022-10-13,85.96580505371094,86.25887327942606,83.42590775864002,83.62128160709372,93869664
2022-10-14,87.91957092285156,88.35916579625207,86.60077884961566,88.11494476591082,61841932
2022-10-17,96.17424774169922,96.61385010915572,87.52882395147553,88.31033430270816,94313631
2022-10-18,95.00198364257812,98.17685713191878,93.68319152992046,97.39534683025185,74182192
2022-10-19,95.14852142333984,96.71153463388659,94.51354521038917,95.44158220798523,64208326
2022-10-20,96.76038360595703,98.56761789683185,95.09967598358516,95.34389703513675,80341293
2022-10-21,95.68579864501953,97.2488192332968,95.34389068622183,96.76037716271878,59199900
2022-10-24,97.1999740600586,97.88378999183006,95.05083188617569,96.22308989865097,77909023
2022-10-25,98.17686462402344,99.73987789359987,97.24882759137859,97.78610944337055,62932344
2022-10-26,96.51615905761719,99.73987234948187,96.51615905761719,98.8606751051425,56884356
2022-10-27,97.10228729248047,98.0791714554772,94.26932172918306,96.80921906236759,89189248
2022-10-28,94.70891571044922,96.95575224494645,94.70891571044922,96.4184629792518,19054680
2022-10-31,98.95836639404297,99.15374024089003,94.56238776267345,95.44157752651975,65210904
2022-11-01,100.03294372558594,102.37746729982526,98.76299128240444,99.93525679604159,62304734
2022-11-02,98.46993255615234,100.42370100009954,98.07917737675588,100.32600661547406,59575517
2022-11-03,99.44681549072266,102.08439987469207,98.66530514204689,100.61907356070128,104108273
2022-11-04,101.79132843017578,103.94047809494347,99.44681236393438,99.73987314569715,112457958
2022-11-07,104.72197723388672,105.11273238201265,100.423692963605,102.47514817497301,108494047
2022-11-08,110.38790893554688,112.83011931022712,103.15896473588644,104.72197788507488,120082454
2022-11-09,109.02027893066406,113.51394491261837,108.92259199795456,110.38791834770282,80680715
2022-11-10,110.77867126464844,111.65786854711293,108.33646073171101,108.72721590758802,72960174
2022-11-11,108.9225845336914,112.9278081245924,108.53182937659588,112.43936604148168,80553000
2022-11-14,107.16419219970703,109.11796057128262,105.01504997218784,105.01504997218784,81824066
2022-11-15,106.48037719726562,110.48560090398698,105.40580607395525,109.6064036383567,88566846
2022-11-16,102.18208312988281,107.06650400084312,101.69364104278678,106.96881707403087,99354695
2022-11-17,104.72197723388672,106.38268475016332,99.05605367168148,102.57283509874586,108199271
2022-11-18,104.13584899902344,106.87112760285422,103.25665177257537,105.01504622547152,71912625
2022-11-21,104.42891693115234,105.30811415512213,101.98670656069991,104.2335356296954,62238015
2022-11-22,108.6295166015625,108.6295166015625,104.72197992592305,105.30811638969676,93556686
2022-11-23,109.89947509765625,110.87635932074653,108.33646183131883,109.02027780626797,82450714
2022-11-24,109.02027893066406,111.8532446974511,108.72721813253555,110.19254448228382,86424863
2022-11-25,111.16942596435547,111.3647998249396,107.94570509347214,109.41103140695819,84417963
2022-11-28,112.43936920166016,114.78389275709287,111.16942422170051,111.85324017606071,86237156
2022-11-29,116.15152740478516,116.44458817917341,110.77866455761963,113.02549364006808,92899813
2022-11-30,117.22610473632812,118.3006758724708,115.95615228713723,117.71454683939616,56817069
2022-12-01,121.5243911743164,123.18509126755836,119.47293592588966,119.6683097769647,73201710
2022-12-02,125.33424377441406,126.21343357748798,120.84057056608813,121.52439396663266,78008607
2022-12-05,135.39614868164062,137.7406646710608,124.25966046672188,126.60419136221121,108945686
2022-12-06,132.4654998779297,136.76378427854175,130.3163427715541,135.59152625165387,68301320
2022-12-07,131.5863037109375,136.0799771624815,127.28801903160277,133.63776657057073,78302223
2022-12-08,132.27011108398438,134.8100158966387,129.63252679765534,131.87936337714657,67275299
2022-12-09,137.74066162109375,139.0106139647715,132.27010455882137,132.66086715245157,67917513
2022-12-12,142.5273895263672,143.11352597058556,138.5221735111048,139.20598942531362,78847162
2022-12-13,140.67132568359375,143.21123058197554,140.28057796356734,142.6250940958659,58193036
2022-12-14,133.83314514160156,141.8435931834613,133.83314514160156,140.86670891235474,64129327
2022-12-15,136.86148071289062,139.88981275230682,133.83313376740466,137.34992280693226,58519866
2022-12-16,135.98226928710938,138.03373194324013,135.78689544035146,137.0568478033815,14256548
2022-12-19,139.9875030517578,140.86669283296922,137.05685057296066,137.154530045279,50593904
2022-12-20,142.5273895263672,144.57885217506254,140.6713156297906,141.0620633218902,73734542
2022-12-21,139.59674072265625,143.40659789633165,139.59674072265625,142.9181558155581,50608173
2022-12-22,138.81524658203125,142.03895241962948,137.83836241159068,140.37825231109443,47506386
2022-12-23,138.5221710205078,139.98749719863855,137.54528690175397,139.01061307988473,38021776
2022-12-26,141.64820861816406,141.94127685858803,139.49906636517142,139.98750846385474,43689692
2022-12-27,139.79214477539062,143.21123971491102,139.6944503861188,141.84359279546027,63253933
2022-12-28,136.86148071289062,140.4759492275847,133.9308281486409,140.18288098994577,48565337
2022-12-29,139.0106201171875,139.88980990614675,135.29845729678388,136.95915740152327,45564894
2022-12-30,137.64297485351562,142.03895365885094,137.2522271443581,139.40136935686368,50212233
2023-01-02,143.40660095214844,143.69966918807137,138.8152482762548,139.10830160610806,60745183
2023-01-03,143.99273681640625,146.9233896545101,143.0158525370383,144.87194161148008,73564352
2023-01-04,141.15977478027344,144.77424354083792,140.28058491362046,144.48117528326333,50055440
2023-01-05,138.5221710205078,143.79733929935105,137.05684484237705,141.45282337676932,66261587
2023-01-06,139.2060089111328,140.8667091941216,129.33947179079252,132.07475073657636,84430370
2023-01-09,135.2007598876953,141.45282736775866,134.90770656865584,140.3782488443835,65134360
2023-01-10,128.16720581054688,135.20076916546606,128.16720581054688,134.90771582631663,53114168
2023-01-11,122.4035873413086,131.87936064335827,122.4035873413086,128.75333433524807,67243889
2023-01-12,132.66087341308594,133.24699497208874,122.20820831077148,126.7018740071057,101228836
2023-01-13,131.5863037109375,134.8100246734738,130.12097735579104,131.8793719631809,60042383
2023-01-16,141.06207275390625,141.06207275390625,131.4886195027229,132.66087756347292,69854606
2023-01-17,143.99273681640625,144.3834994717961,139.88982582427514,141.15977836866767,75412924
2023-01-18,145.65342712402344,147.60719534886042,143.5042701518479,144.77422247920563,88435518
2023-01-19,151.0262908935547,152.00317501341968,144.87191795719153,145.65342823429725,101059055
2023-01-20,149.36558532714844,151.90549016042587,148.38870114605245,151.22167421487262,57057208
2023-01-23,147.70489501953125,152.78469011770784,145.5557526594647,150.8309216256345,60963029
2023-01-24,146.23956298828125,149.36558947334902,144.09042071142653,148.0956519275281,59286966
2023-01-25,148.29103088378906,149.75635724646273,141.0620785509566,148.09565701664667,108873538
2023-01-26,146.72799682617188,149.65864928570687,146.14187527790642,148.58408566085225,78729048
2023-01-27,146.33724975585938,147.11876006297254,140.5736242837104,146.33724975585938,81105028
2023-01-30,141.4528350830078,146.82569818079693,141.4528350830078,146.53262993970355,48666913
2023-01-31,134.41928100585938,141.15977648092863,134.41928100585938,141.15977648092863,65737449
2023-02-01,127.77645874023438,137.05685881447516,127.77645874023438,135.88460073367983,64560389
2023-02-02,131.48861694335938,133.24699654722338,122.20820975541481,127.19031759618044,103057422
2023-02-03,139.4013671875,140.0851831209189,130.12096763176922,131.48861440467644,77657983
2023-02-06,136.6660919189453,138.22911258194645,130.90248117300936,136.17764982501618,14257959
2023-02-07,124.25965881347656,135.5915207257344,123.08740083436308,135.5915207257344,48181521
2023-02-08,112.34168243408203,112.34168243408203,112.34168243408203,112.34168243408203,2500
2023-02-15,136.6660919189453,136.6660919189453,131.87936536086767,132.85624954872594,20534049
2023-02-16,136.7637939453125,149.26791523009805,135.5915358355668,147.6072149991191,63980902
2023-02-17,138.0337371826172,139.9875055364941,133.1493162979249,135.10308465180182,31130671
2023-02-20,138.0337371826172,139.10830083360773,136.4707165370878,138.5221792710864,30150790
2023-02-21,134.32156372070312,138.42447395859455,134.32156372070312,137.2522160200639,29105005
2023-02-22,133.24700927734375,137.15454638114937,132.563193265392,134.5169618172948,29363923
2023-02-23,133.4423828125,135.7868988445098,132.9539407303255,133.54006228529326,22470917
2023-02-24,131.87936401367188,134.3215744583695,131.78166963345612,133.83313236942996,19057041
2023-02-27,140.08518981933594,140.08518981933594,130.4140420980857,131.87936841379454,52423380
2023-02-28,140.2805633544922,142.13663719042776,138.13140639995396,140.37824282129125,45375506
2023-03-01,144.09042358398438,145.26268167599594,141.06207651572333,141.15977090092028,39612979
2023-03-02,138.71755981445312,142.82047057422992,138.5221859508581,138.71755981445312,36371596
2023-03-03,135.4938201904297,139.88979859181683,132.36779408621248,138.7175406659939,39690451
2023-03-06,139.10829162597656,141.15975422418805,135.49382339176125,136.76377571893653,37723665
2023-03-07,137.74066162109375,141.55050374605818,137.74066162109375,140.1828719335245,40966650
2023-03-08,136.86148071289062,138.71755470782088,136.17764985637655,137.74067051973765,22899601
2023-03-09,137.25222778320312,139.98750647824602,137.15453340242422,137.5452960194702,27001429
2023-03-10,135.4938201904297,137.74065657679677,135.2007519824569,137.15452016085118,20220146
2023-03-13,132.66087341308594,136.86147832991875,132.3678051805498,136.66608957084833,25099830
2023-03-14,129.2417755126953,134.12619624328798,129.2417755126953,132.85624387212005,21213187
2023-03-15,127.87413787841797,131.19555315558856,126.60420032280734,129.73022683197306,25320121
2023-03-16,129.1440887451172,130.3163468083177,127.0926408610338,128.94871488559542,23362097
2023-03-17,123.57585144042969,131.29323066677162,123.57585144042969,130.5117352307395,26317980
2023-03-20,123.18509674072266,126.31113066805719,121.81745736332849,124.06429401569284,29507963
2023-03-21,121.03595733642578,124.16198388472438,119.66831792665695,123.86892308815368,30417591
2023-03-22,124.94348907470703,124.94348907470703,119.96138120895036,121.52439441837903,28343051
2023-03-23,126.40880584716797,126.5065002267593,122.89203177292293,124.45504495693231,21951569
2023-03-24,125.43192291259766,127.67875951073182,123.96660409372798,126.21343323882732,25971786
2023-03-27,122.4035873413086,126.31112395296365,122.4035873413086,126.11575010359475,16795910
2023-03-28,116.63997650146484,122.50128177839237,116.63997650146484,122.40359484771726,23559138
2023-03-29,121.71976470947266,121.71976470947266,114.88157559710864,116.24921491018837,30460768
2023-03-30,119.08218383789062,122.50127849101199,118.69142867264122,121.2313260672101,22890708
2023-03-31,115.76077270507812,118.69142517862441,115.76077270507812,118.69142517862441,18119844
2023-04-03,118.00761413574219,119.86368815008247,113.22088007346973,115.5654036399945,28849720
2023-04-04,125.13887023925781,125.72499180745125,117.42147622311826,118.00761269738143,39989705
2023-04-05,122.4035873413086,126.79956602942053,122.4035873413086,125.13886595068098,33760757
2023-04-06,124.25965881347656,125.04116910157519,122.30589054626445,122.50127184480634,29018380
2023-04-07,124.45504760742188,126.5065029209382,123.47816341498219,124.65042146469584,21950999
2023-04-10,130.41403198242188,130.7071002040456,125.13886361747059,125.2365430872992,46283257
2023-04-11,129.92559814453125,131.19555058129328,129.14408780605694,130.21866638471786,34865875
2023-04-12,130.31634521484375,132.85625007577923,129.82790311897693,130.31634521484375,39282413
2023-04-13,133.9308319091797,135.00539560260123,131.09785874055157,131.1955531245309,38333237
2023-04-14,131.29322814941406,134.22388069655338,131.09785429415203,134.12620122195722,25199700
2023-04-17,132.5631866455078,133.0516287590919,130.12097607758736,131.488622939265,31052390
2023-04-18,133.05162048339844,134.4192672600097,132.17243069606005,132.85624663133095,25810585
2023-04-19,131.5863037109375,133.73544605060488,130.70711386027784,133.05163006608396,20011408
2023-04-20,130.90248107910156,131.48861755382396,130.2186651293053,131.29322879153665,6183892
2023-04-24,133.14930725097656,133.73542877367333,131.29321849726534,131.58628671164803,27222826
2023-04-25,130.60940551757812,134.0284999808973,130.5117260479818,133.4423784451125,24125596
2023-04-26,126.99494171142578,130.90247837946967,125.82268369222652,130.51173067509305,30837444
2023-04-27,127.77645874023438,130.21866928608722,126.60420065943906,126.70188013763104,31511675
2023-04-28,124.8458023071289,128.65564468093783,122.79433954826577,128.3625764430903,26119214
2023-05-02,123.3804702758789,127.38568631963356,122.98971512796507,125.33423856241359,32713824
2023-05-03,126.21343231201172,126.31112669184915,121.23132451472819,123.96660318341138,38647046
2023-05-04,124.74810791015625,127.0926389065725,124.35736019712176,125.04117614796701,33116824
2023-05-05,122.59896850585938,125.82268938404022,121.32901605008266,124.94349210335135,19374553
2023-05-08,129.730224609375,130.02329285029117,121.91515101731711,123.67353810370915,27428729
2023-05-09,125.82268524169922,130.21866404738387,125.62731138710494,128.9487116334166,29954131
2023-05-10,123.8689193725586,126.89725144479335,123.77122499026363,126.31112986923337,22097003
2023-05-11,133.14930725097656,135.10307547210294,123.38046614534466,123.38046614534466,58902189
2023-05-12,129.5348358154297,134.32156187622797,128.36256298692805,133.5400516259163,41142039
2023-05-15,121.5243911743164,132.85624595646695,120.54750701287179,126.60419328564919,55104300
2023-05-16,132.75856018066406,133.24700229303747,122.69665713759296,122.7943440694606,52593843
2023-05-17,133.9308319091797,134.9077161246921,131.5863008483078,132.75855892570866,47721007
2023-05-18,129.5348358154297,135.59151416972597,128.36256298692805,134.1261880401671,42944884
2023-05-22,132.3677978515625,134.7123137699007,129.33945112647936,130.6094034597745,42769028
2023-05-23,131.29322814941406,132.85624880364958,129.92559625651023,132.3678067124597,22399046
2023-05-24,129.730224609375,132.46550334780926,129.0464086512839,131.39092476647332,21555514
2023-05-25,131.00018310546875,132.9539515938064,129.5348567392155,130.02329886129993,28108769
2023-05-26,139.0106201171875,140.28057251707156,131.39092062395255,131.58629447638023,56003626
2023-05-29,142.62509155273438,145.16499640582742,141.25745965095797,144.18811221711005,62138937
2023-05-30,143.6019744873047,145.36036899285295,142.72278468756537,144.09041657739758,64369356
2023-05-31,140.4759521484375,145.94649477180832,140.4759521484375,143.89504687782053,56899514
2023-06-01,143.6019744873047,145.16499513802975,141.45283227211,141.6482061269332,41558731
2023-06-02,146.6303253173828,147.70488900059254,143.9927260357088,147.41182075750987,47014462
2023-06-05,160.69744873046875,161.0881964427654,150.04941705665283,150.92860686235514,81756532
2023-06-06,161.57664489746094,161.9674075312117,156.98529201989945,160.2090129445091,58022550
2023-06-07,168.51251220703125,170.75934868433876,166.55874394955842,168.31713836249773,58786669
2023-06-08,167.63333129882812,169.00096318879514,164.70267875798197,167.63333129882812,43644443
2023-06-09,172.81080627441406,173.98307922066164,167.14488992920943,168.3171479693873,71672679
2023-06-12,179.06288146972656,181.50509203285412,173.4946443670098,174.17846034347144,64378620
2023-06-13,173.6900177001953,179.25825478590025,172.32237084538008,179.062880922661,46880498
2023-06-14,178.67210388183594,178.76979825861252,173.29924109264266,173.5923093169034,69548935
2023-06-15,178.76980590820312,180.23513218613923,177.30447963026705,179.4536218566927,40673484
2023-06-16,176.52297973632812,181.89584307305464,176.327605868934,179.1605642113252,46716947
2023-06-19,169.97784423828125,177.5975436853491,169.00096007599228,176.81603337430406,39071945
2023-06-20,167.43795776367188,170.2709310877444,166.65646227323765,169.4894206912392,37919228
2023-06-21,165.4841766357422,169.78247603647944,164.2142391073654,168.12177588654296,35136250
2023-06-22,176.13221740722656,177.59754365037145,165.38649162416422,165.87493370521253,71946773
2023-06-23,180.4304962158203,181.99351678959198,177.3044699743459,179.55130645936683,48579888
2023-06-26,186.58486938476562,187.07331145121788,181.2120066537907,181.70044872024295,47101857
2023-06-27,189.22247314453125,189.22247314453125,184.8264940915325,186.09644657694625,17673580
2023-07-03,205.63412475585938,207.0017566777934,196.54909868566918,198.79593533404935,61090558
2023-07-04,203.2895965576172,206.61099668852756,202.6057657311923,205.63411254342816,40303647
2023-07-05,211.49542236328125,211.49542236328125,199.3820646430084,203.58265464037967,71942556
2023-07-06,211.59312438964844,215.50066120270884,210.51854580362883,211.4954300068939,50431804
2023-07-07,210.22547912597656,213.15613175758236,209.63935754329745,211.20236333651184,32098197
2023-07-10,209.6393585205078,212.66769064364132,208.0763378139375,211.4954325667487,40701951
2023-07-11,210.3231658935547,213.25381841904016,209.63934995215533,213.05844456522172,34849197
2023-07-12,206.02487182617188,210.6162394912195,206.02487182617188,210.51854510878744,32285246
2023-07-13,204.6572265625,208.76013695389958,203.77803680222473,206.12255276700478,34627744
2023-07-14,208.5647735595703,209.73703160070525,206.3179369521877,206.41563133314466,38801470
2023-07-17,213.7422637939453,213.93763765076858,209.73703265175413,211.00698508021011,45566657
2023-07-18,209.05322265625,215.89141218238902,208.56478054724008,214.2307119929693,48487861
2023-07-19,218.43130493164062,219.11512086490998,208.17402121439227,208.9555166203747,56918137
2023-07-20,219.9943084716797,221.94807677943186,217.35672423742812,219.40818692299558,51944233
2023-07-21,218.43130493164062,220.28737887995305,216.96597868631943,219.99431064967493,33459394
2023-07-24,216.67291259765625,221.55733346367163,215.50065457102647,219.11512303066394,44528021
2023-07-25,212.2769317626953,217.942862893622,212.2769317626953,216.86828435107628,53508469
2023-07-26,218.9197540283203,218.9197540283203,210.81161222985108,211.98387028245713,31818406
2023-07-27,223.21803283691406,223.41340668969306,217.35672781712637,219.7989382420379,41664031
2023-07-28,229.56777954101562,232.10768434091847,223.1203380680742,223.9018483838958,52651752
2023-07-31,228.88397216796875,231.13080882024352,227.22327200100742,230.34929847518228,39359023
2023-08-01,225.66024780273438,229.66547894261342,225.36717956463377,227.0278797057776,28560161
2023-08-02,231.03311157226562,233.57301643569946,224.97643255877327,225.6602485124455,39485338
2023-08-03,229.56777954101562,232.88917975067062,228.590895372756,231.5215478775349,33328000
2023-08-04,243.0487823486328,245.39329837367214,229.47008356091112,230.05622002020561,61516392
2023-08-07,260.7303771972656,262.8795342811744,244.12334642276286,244.2210408015112,61178808
2023-08-08,255.74827575683594,263.56334948278527,252.62226415374042,261.51191647943585,52411230
2023-08-09,253.98988342285156,258.0928088491532,246.7609465493982,251.93842070970075,55718464
2023-08-10,252.52456665039062,263.46568165642407,251.54768244671408,257.6043764343647,57110921
2023-08-11,259.5581359863281,259.5581359863281,251.15692615890725,253.1106944996033,51008545
2023-08-14,255.35751342773438,261.2188183869577,254.38062926786384,260.8280706854372,39002877
2023-08-15,253.6968536376953,258.97202266660054,250.37542331195715,256.7251709867105,39233281
2023-08-16,248.61703491210938,254.4783402538487,248.61703491210938,253.98989814203708,29171522
2023-08-17,256.0413513183594,256.0413513183594,247.34707311234519,249.00777324866303,37914675
2023-08-18,245.58868408203125,257.5066833519247,244.1233577691168,256.9205468643309,34995727
2023-08-21,253.0129852294922,253.59912165963274,242.75570204451276,244.61177589651018,47451035
2023-08-22,249.0077667236328,257.6043652293442,247.34706663083216,253.5014398275116,47241792
2023-08-23,234.15914916992188,250.2777540238178,233.96377530328357,249.49622874512343,44675396
2023-08-24,225.17181396484375,244.41643022487662,223.999555875525,234.64758797043655,57986866
2023-08-25,232.49844360351562,233.67070168248736,222.04578546473968,226.63713830258666,35698953
2023-08-28,250.0823516845703,251.05923587083817,234.25683084824504,234.45220470428467,49130901
2023-08-29,242.16958618164062,250.08235413022007,240.4112065540184,250.08235413022007,28511450
2023-08-31,239.3366241455078,246.95632373217057,239.3366241455078,243.439534721074,24648940
2023-09-01,248.1285858154297,249.59391210961527,236.11290722189372,239.43432243235637,46448045
2023-09-04,246.858642578125,252.6222684936711,245.8817583455989,249.7892952757032,37823008
2023-09-05,246.17481994628906,248.51933607858763,243.3418617109225,246.76095643239873,24835817
2023-09-06,239.3366241455078,246.85862935172412,239.3366241455078,246.66325549690092,27519630
2023-09-07,238.9458770751953,241.77883524288612,237.28516203958034,239.33662478588727,25076190
2023-09-08,237.67591857910156,243.8302917545887,237.67591857910156,239.4343130443935,28726045
2023-09-11,229.079345703125,238.94588212014386,227.3209511557463,238.55511949513195,29232673
2023-09-12,230.544677734375,237.57824119251472,227.41865118698738,229.56779350668697,34852007
2023-09-13,226.3440704345703,232.79151223879458,225.46488060038985,231.0331176643634,24853678
2023-09-14,232.98687744140625,233.18225129662116,221.75270934674725,226.44175640225362,33873296
2023-09-15,221.85040283203125,230.54466605559844,221.85040283203125,230.54466605559844,37299425
2023-09-18,213.05844116210938,223.31572483747232,211.49542054438825,221.948078070449,39413834
2023-09-19,213.54689025878906,217.64980088253722,209.63935349215848,213.25382202007782,40500873
2023-09-20,218.13824462890625,222.9249712418195,216.37985008940365,220.97120284372102,48974336
2023-09-21,227.2232666015625,227.51631993118545,213.25381982353161,216.86828831422136,45213499
2023-09-22,220.87351989746094,228.49320460548114,220.87351989746094,227.61401480257717,28616390
2023-09-25,227.12557983398438,227.80939580280815,220.97120630243012,221.75271665511593,46696833
2023-09-26,222.24114990234375,231.3261757147304,222.04577604847867,227.12557077931834,48956744
2023-09-27,225.0740966796875,229.4700752469163,222.6318863645604,222.6318863645604,45038493
2023-09-28,237.57823181152344,240.41120490359845,225.56255330419654,225.66024768553592,98226800
2023-09-29,236.8944091796875,243.92797216174682,235.03833523514038,240.31350374516754,52535429
2023-10-02,247.54244995117188,249.30084448978317,235.8198395685231,236.89441814936055,62368841
2023-10-03,241.97421264648438,249.69160674740857,241.29039668971132,247.6401439710195,43106910
2023-10-04,232.98687744140625,243.244161353921,232.009993259262,242.26727717177673,37297744
2023-10-05,235.9175262451172,238.1643628096179,227.51631644952994,234.8429476993783,42592533
2023-10-06,232.88917541503906,237.28515409036876,232.79149594367325,232.98686979247407,30707447
2023-10-09,221.9480743408203,227.80937919967684,221.9480743408203,227.12556328069073,30457825
2023-10-10,232.59613037109375,232.98687808259896,224.8787363672736,225.8556205521063,32999877
2023-10-11,224.7810516357422,231.91229409339513,224.09722079749548,231.6192407696544,24968905
2023-10-12,219.89663696289062,229.56778447405037,213.6445692080406,228.2001525715265,37192253
2023-10-13,217.06365966796875,219.01742800864545,214.32838100980746,218.6266803029379,28481746
2023-10-16,217.8451690673828,223.02265812957037,216.86828490116136,222.72958989849005,31816534
2023-10-17,219.89663696289062,220.67813238943583,214.9145216352812,218.52899015429696,33803978
2023-10-18,211.49542236328125,216.18446935070185,211.10467465852514,214.6214487195385,29175980
2023-10-19,208.66246032714844,215.9890914495052,208.07632387493223,211.59311277609115,40254773
2023-10-20,202.31272888183594,206.31794525914773,200.4566399114102,205.53643489823534,35360831
2023-10-23,208.76014709472656,210.2254733704117,203.19191022833704,207.00175258269047,40027784
2023-10-24,212.96075439453125,213.93763858900158,206.9040753700292,208.76014937709488,45914271
2023-10-25,198.3074951171875,219.01743743885217,198.3074951171875,214.62145848305244,50988232
2023-10-26,209.2485809326172,210.42083892571054,198.60054971175464,200.261249777476,51300520
2023-10-27,212.1792449951172,212.86306095305343,203.48498158834929,209.24859239875903,43258407
2023-10-30,213.83995056152344,215.98910777807768,210.8116184123184,212.08157088408132,35750031
2023-10-31,212.2769317626953,218.72435829976135,211.49542145048656,215.50065248426301,40007635
2023-11-01,213.05844116210938,215.59833103331957,205.82948943773582,215.20758333192393,45713513
2023-11-02,217.8451690673828,222.92496375052045,213.6445641714167,214.42607448560776,76584578
2023-11-03,220.48275756835938,221.45964175333754,214.13301036600126,217.94286763105796,46763173
2023-11-06,220.97120666503906,223.70648545089284,220.58045894109006,222.33885351100105,34519493
2023-11-07,220.77581787109375,222.82728054825284,220.3850701735726,220.77581787109375,31914130
2023-11-08,223.3157196044922,225.75792994615958,222.04576724561136,222.72958316006444,39512506
2023-11-09,224.8787384033203,225.1718066426375,219.70124919561619,221.45964372544947,33945876
2023-11-10,223.80416870117188,226.34405859262725,222.92496400691968,224.976426720772,31799444
2023-11-13,226.83250427246094,234.4522038797673,223.41340963254765,225.66024623427603,57548027
2023-11-14,231.61924743652344,232.40074286375227,227.51632191322307,227.61401629466155,38012987
2023-11-15,230.15391540527344,232.79149967149456,229.37240509148623,232.40073706156625,35954817
2023-11-16,238.65281677246094,238.65281677246094,229.9585383128872,230.25160655868322,43097450
2023-11-17,248.372802734375,249.34968691425453,238.26204551019381,238.5551137453716,48829864
2023-11-20,248.86123657226562,254.47832042031482,248.3727944985222,251.05922590411095,36869621
2023-11-21,262.2934265136719,263.026089716224,248.37282566518093,250.08237313780262,71142665
2023-11-22,255.94366455078125,262.5376330077193,254.47833822701722,262.29341195375866,34890343
2023-11-23,254.72256469726562,261.5607543535681,253.50145940149736,256.1878910521876,62103119
2023-11-24,253.74566650390625,257.4089821897182,253.01300336674385,254.9667717325102,33551323
2023-11-27,254.47833251953125,256.1878798589139,251.30345888924919,254.7225535680145,40747337
2023-11-28,254.96676635742188,258.14163988486104,253.74566115456065,255.45520843856636,35398274
2023-11-29,249.10546875,256.18787913602944,249.10546875,255.45521599264708,34628011
2023-11-30,245.19793701171875,250.5708001733301,244.12335841696841,249.105473856527,32022797
2023-12-01,254.72256469726562,254.72256469726562,247.15171186350221,249.5939224550388,46030936
2023-12-04,255.94366455078125,257.89743298246657,252.52456979533187,255.4552224428599,40460792
2023-12-05,253.0129852294922,257.1647427091267,250.81499597556802,256.4320796244853,32211363
2023-12-06,245.44215393066406,253.7456695860298,245.1979328819768,253.0130064399681,28987606
2023-12-07,253.74566650390625,253.74566650390625,243.14646715719584,246.41903513228237,34974072
2023-12-08,248.1285858154297,254.96677518829586,246.907480570275,253.2572278450793,28379738
2023-12-11,240.6065673828125,248.6170143735561,240.6065673828125,248.3727933378257,33288289
2023-12-12,243.24417114257812,244.95371853012637,239.04356600910268,240.6065867258606,43530492
2023-12-13,235.72215270996094,242.755715738059,235.52677885758283,241.8765259493228,24937896
2023-12-14,246.41903686523438,246.90747896011095,236.30827953886126,238.84818439464738,37366429
2023-12-15,247.3959197998047,250.8150144465937,245.68637247641018,246.90747770740626,34025732
2023-12-18,240.0204315185547,246.90746772412083,239.14124175021394,245.93058357882262,27823031
2023-12-19,239.62969970703125,242.46265795375473,236.60135269344124,240.0204474286241,35373848
2023-12-20,236.3082733154297,240.21580997153316,236.01521999107743,239.33662018633763,25632748
2023-12-21,239.3366241455078,241.48576636070254,235.42908742476484,236.30827722450414,40500387
2023-12-22,227.614013671875,239.43431819837878,227.614013671875,239.336623818066,31862554
2023-12-25,220.97120666503906,227.02788582267016,218.72436998715668,227.02788582267016,16966698
2023-12-26,222.4365234375,227.32094430747617,220.87351770274935,222.14345520408753,24860552
2023-12-27,217.06365966796875,224.19491709265264,216.47753810940742,222.33884313143756,25992461
2023-12-28,223.70648193359375,225.6602503347605,217.35673462980176,217.35673462980176,25168141
2023-12-29,223.3157196044922,225.66023557006528,222.63188878397014,223.70646729673138,17712965
2024-01-02,230.93540954589844,232.30305631403942,228.1024514432917,228.1024514432917,25232547
2024-01-03,224.7810516357422,230.54466222904045,224.39028902730558,230.44696785041396,19679997
2024-01-04,227.90707397460938,228.88395811945892,224.39028509072344,225.36716923557296,20462665
2024-01-05,233.6707000732422,233.6707000732422,227.8093948126789,228.3955313011633,31168225
2024-01-08,236.9921112060547,238.45743749568965,232.20536971627192,233.57301653023978,26271851
2024-01-09,237.28517150878906,244.7094975567719,233.86607673254673,238.26205573057257,46260123
2024-01-10,244.12335205078125,246.4190358496679,236.6013468018963,237.28516275069137,46352544
2024-01-11,240.99732971191406,245.68637686389016,239.33662954931646,244.70949266164806,29709135
2024-01-12,245.19793701171875,248.8612528037265,236.3082847273519,240.3135159557084,46279706
2024-01-15,247.3959197998047,248.86124607699998,242.95109377776504,245.19793038401176,34978052
2024-01-16,244.0256805419922,247.64014916596182,242.36498035325698,247.64014916596182,27360566
2024-01-17,246.6632537841797,248.86124317433575,242.36496938363567,242.75571709056894,35139204
2024-01-18,244.95370483398438,249.34968358474381,244.95370483398438,248.3727994179084,25838790
2024-01-19,244.46527099609375,247.15170254550137,243.34186012876944,245.68637624582448,25960443
2024-01-22,244.46527099609375,250.57079724474744,244.46527099609375,244.70949204603988,31598037
2024-01-23,243.0487823486328,249.34968220873668,242.26727203826326,247.64013492620862,30067262
2024-01-24,245.19793701171875,247.6401475397239,243.439542450341,243.8303050784639,31268622
2024-01-25,246.41903686523438,249.10546838705557,245.1979316280429,247.15170000754924,30064045
2024-01-26,253.98988342285156,253.98988342285156,246.66325217026932,246.90747321202207,45530116
2024-01-29,267.6662902832031,270.8411641642995,256.43212116547744,256.43212116547744,55176466
2024-01-30,265.7124938964844,268.6431464026956,264.24716764337876,268.3989253605113,36212743
2024-01-31,266.4451599121094,268.887370360433,260.828075880965,265.7124967776123,37814734
2024-02-01,268.15472412109375,270.84115578350907,266.20095563933717,266.6893977597763,38580216
2024-02-02,274.9928894042969,279.14464705960154,269.86424759480286,270.5969107104449,59160108
2024-02-05,282.5637512207031,283.5406354081558,275.96978295539714,276.9466671428499,48985701
2024-02-06,284.2732849121094,286.4712742284401,278.90042213885647,282.56373766607436,50979667
2024-02-07,279.38885498046875,285.25015963040863,279.38885498046875,285.25015963040863,29968982
2024-02-08,280.1215515136719,285.00597263858333,278.65622517619846,279.38888834493514,50966364
2024-02-09,287.9366149902344,287.9366149902344,279.6330993755881,281.34264670801525,37115282
2024-02-12,283.5406188964844,287.20393438610307,282.80795579856067,286.2270502555381,44743345
2024-02-13,274.7486877441406,285.49441419813365,274.7486877441406,283.7848668077257,36767148
2024-02-14,275.96978759765625,278.1677770563987,271.08536657822873,275.2371244447421,43251092
2024-02-15,277.43511962890625,281.83109863711076,276.21401434884945,277.19089857289487,49608952
2024-02-16,275.96978759765625,279.6331033622269,275.4813454957135,278.1677770563987,29700992
2024-02-19,272.062255859375,280.6099928028922,271.08537163725873,277.43511908101436,42626672
2024-02-20,274.7486877441406,277.4351193576389,272.30647718641495,273.28336140950523,38737028
2024-02-21,272.7948913574219,278.41197506487106,271.32956517286993,275.96976475728445,33090339
2024-02-22,278.4120178222656,280.6100074366519,274.26025966175814,274.5044807300233,45275866
2024-02-23,279.8773193359375,281.34264561518324,275.48134049820027,279.3888772428556,36388629
2024-02-26,278.9004211425781,283.7848418280874,278.16775803975173,281.34263148533273,46586805
2024-02-27,273.77178955078125,280.85419980677824,273.527568507471,279.8773156335373,44532372
2024-02-28,269.6200256347656,276.21399365300715,269.6200256347656,274.50444638901865,38048081
2024-02-29,275.23712158203125,275.4813426304625,271.8180269039936,273.0391321461499,31176978
2024-03-01,271.3295593261719,276.213979836094,270.84111727517967,276.213979836094,19736903
2024-03-04,264.2471618652344,272.55067711793123,264.00294082839036,272.06223504424315,23512254
2024-03-05,259.1185302734375,266.44516166665437,258.1416460876752,264.73561434157045,29667212
2024-03-06,254.96676635742188,261.07229237172794,254.72254531684962,258.14163988486104,35597703
2024-03-07,266.4451599121094,267.1778230466065,260.5838548361326,261.80496006029443,38380030
2024-03-08,272.7948913574219,273.77177548045654,263.75871321935153,266.6893655884554,53605974
2024-03-11,274.26025390625,279.6331172953306,273.03914859054987,278.41201197963045,32607085
2024-03-12,269.131591796875,274.7486758361927,265.95671820943454,274.0160127006295,32599696
2024-03-13,265.7124938964844,271.0853568245383,265.7124938964844,269.37580952924844,29581973
2024-03-14,265.4682922363281,268.3989449565084,264.7356290562831,266.4451764763882,23368821
2024-03-15,264.0029602050781,269.3758234099918,261.8049707121589,265.9567286432286,30487511
2024-03-18,262.2934265136719,265.71252145891526,261.56076331111973,264.24719505381097,18926028
2024-03-19,271.8180236816406,272.0622447271767,262.29340290573407,262.5376239512701,33115950
2024-03-20,271.8180236816406,275.2371183191455,270.10847636288815,271.5738026361046,27530206
2024-03-21,278.9004211425781,281.0984104510573,273.2833373542425,274.5044425256198,55537828
2024-03-22,284.51751708984375,285.98284335811763,277.9235488826113,279.1446541061729,45107169
2024-03-25,279.1446533203125,288.9134950813033,279.1446533203125,283.05219002470886,46911216
2024-03-26,278.6562194824219,280.36576684120973,273.5275774060583,279.8773247386989,29898741
2024-03-27,276.2139892578125,281.09840993434324,275.4813261563329,279.14464166373097,30391227
2024-03-28,290.8672790527344,292.5768264527085,276.9466787958025,277.4351209100808,48424451
2024-03-29,290.8672790527344,292.5768264527085,286.4713000242296,291.3557211670127,31894138
2024-04-01,296.72857666015625,297.94968191390177,287.20395568094136,290.86727144217787,42931903
2024-04-02,290.13458251953125,301.3687498561461,289.15769840330387,297.4612133912366,36483707
2024-04-03,293.0652770996094,294.7748245493571,286.47130836486815,289.64618220011397,37620296
2024-04-04,283.2964172363281,292.088375012628,280.8542067429115,288.18083822316135,79494378
2024-04-05,300.1476745605469,300.3918956138915,286.959737679937,287.20395873328164,55059738
2024-04-08,302.8341064453125,305.5205380347467,300.1476748558783,301.36878012380294,36300949
2024-04-15,291.59991455078125,300.14765073945574,291.59991455078125,297.94966143379656,38514049
2024-04-16,290.13458251953125,295.01900310066816,287.44815119990596,289.15769840330387,40587896
2024-04-17,288.425048828125,295.75168004306465,288.425048828125,293.0652485975868,33313145
2024-04-18,289.4019470214844,294.53058912059925,288.91350491680674,289.89038912616195,35074259
2024-04-19,295.5074462890625,296.97277246900825,285.0059419994512,285.25016302944215,38942548
2024-04-22,295.751708984375,304.29944623825867,295.5074879199783,300.8803513367052,41461684
2024-04-24,302.5898742675781,303.07831635679133,298.6823375538725,300.1476638215121,44209830
2024-04-25,306.00897216796875,306.4974142624108,300.8803301763268,303.32254064853726,47578438
2024-04-26,309.67230224609375,311.62607071452334,305.0321021335734,306.25320742634193,44783003
2024-04-29,318.4642333984375,318.4642333984375,312.1144864134993,312.3587074513816,40620394
2024-04-30,318.4642333984375,320.1737806636132,313.3355916029105,317.48734924690854,45375021
2024-05-02,317.7315979003906,324.32556649632494,315.5336083684125,320.1738084914774,41134014
2024-05-03,317.48736572265625,320.4180183293269,314.8009341665415,318.46424992487977,28796189
2024-05-06,318.4642333984375,319.68533858784866,315.77780198173286,316.9989071711441,25902824
2024-05-07,322.37176513671875,323.1044282393022,317.48734445282906,318.95267065799595,39049366
2024-05-08,320.1737976074219,323.1044502171008,320.1737976074219,323.1044502171008,21381759
2024-05-09,317.7315979003906,321.15069272791214,316.0220504866299,320.1738084914774,21343901
2024-05-10,310.649169921875,318.4642433790291,310.649169921875,317.9758012879569,33832131
2024-05-13,306.9858703613281,313.8240599954707,305.76476506951695,310.89340729512384,29664382
2024-05-14,303.07830810546875,308.69539197849514,302.58986602955343,307.4742867887068,34705165
2024-05-15,298.4381408691406,304.78788854720744,297.9496987400585,303.0783410954202,29942233
2024-05-16,299.9034423828125,302.1014317813836,296.484347762813,300.39188447138383,44314185
2024-05-17,316.02203369140625,316.26625473753563,302.8340972004202,303.0783182465496,46769335
2024-05-20,316.02203369140625,320.1737914756056,313.8240442762419,314.55670741463007,31020797
2024-05-21,315.045166015625,322.3717977834302,314.06828177991764,316.9989344870397,48484511
2024-05-22,314.0682678222656,319.19690983180493,311.6260573415326,316.9989203991452,27609960
2024-05-23,310.16070556640625,318.70844154658283,309.6722635103962,311.62603173443654,50020450
2024-05-24,310.8934020996094,313.09139158813764,308.45119155680015,310.8934020996094,22962145
2024-05-27,307.718505859375,312.35870555090526,305.76473756820434,312.11448451450894,23215678
2024-05-28,304.7878723144531,308.93963019053143,303.8109881083171,307.9627459843954,20717843
2024-05-29,298.92657470703125,308.45119595995135,298.92657470703125,305.276322208978,31728784
2024-05-30,298.92657470703125,302.3456695157718,297.46124836042816,300.39190105363434,26493682
2024-05-31,295.751708984375,306.0089936890354,292.3326140828215,300.6361302723085,50174552
2024-06-03,304.7878723144531,304.7878723144531,296.9727986653646,298.19390392303467,46466026
2024-06-04,298.92657470703125,306.7416485555811,298.1939115337297,305.276322208978,33440269
2024-06-05,305.0320739746094,305.76473708263484,295.7516746062866,299.1707691104055,43218700
2024-06-06,298.4381408691406,306.7416570635357,297.21703554643545,305.5205517408305,27854769
2024-06-07,295.5074462890625,300.3918668888817,294.04212010911675,300.3918668888817,20682374
2024-06-10,292.8210144042969,295.50744572910696,292.0883513157123,293.30945646335323,19319106
2024-06-11,295.5074462890625,299.9034248288998,291.59990980920713,293.5536780491348,36835923
2024-06-12,297.9496765136719,300.147665930576,294.04213977250896,295.2632450041224,36966572
2024-06-13,302.34564208984375,304.54363141036765,300.3918738049336,302.34564208984375,24134208
2024-06-14,304.54364013671875,307.7185136906701,302.5898717958256,306.0089663923886,29420180
2024-06-20,308.6954040527344,308.9396251002445,302.8340989124926,307.96274091020416,39255358
2024-06-21,308.6954040527344,309.4280671952646,306.49741462514373,308.6954040527344,30476761
2024-06-24,303.07830810546875,310.1607182062412,301.8572029156804,309.9164971682835,30082945
2024-06-25,298.6823425292969,303.810984551468,298.43812148062204,303.3225424541183,27306032
2024-06-26,294.0421447753906,299.4150078859044,294.0421447753906,298.6823447344707,22618331
2024-06-27,298.6823425292969,300.3918898700206,295.5074688965243,295.5074688965243,23234871
2024-06-28,301.6130065917969,303.5667750555494,299.4150170700753,300.6361223599206,38137283
2024-07-01,288.9134826660156,303.3225236442869,286.22705129718537,302.83408157722687,45407891
2024-07-02,290.8672790527344,291.11150010987353,286.4713000242296,288.9135105956211,24290887
2024-07-03,296.2401428222656,296.48436387982724,290.8672795559096,292.0883848437178,30092887
2024-07-04,303.8110046386719,304.29944676831605,296.4843726940094,297.4612569532977,33671381
2024-07-05,300.88031005859375,306.0089517073198,300.1476469659186,303.81096242929436,29827422
2024-07-08,298.92657470703125,302.589890573539,298.1939115337297,301.36878528470305,23101726
2024-07-09,303.5667419433594,304.5436260686799,299.17076337941694,299.65920544207717,37325340
2024-07-10,297.7054443359375,304.0551913029058,297.7054443359375,303.81097026571473,30531140
2024-07-11,302.8341064453125,302.8341064453125,299.90345380229337,300.1476748558783,26001104
2024-07-12,300.1476745605469,303.322548254027,299.90345350720224,303.322548254027,23966972
2024-07-16,300.3918762207031,302.5898655589034,299.9034341455475,300.88031829585873,25171747
2024-07-17,302.1014404296875,304.5436509424578,298.68234571180903,300.88033517330234,38206650
2024-07-18,309.1838684082031,311.13763692895003,303.81100497614904,303.81100497614904,45789387
2024-07-19,308.20697021484375,311.3818439175323,305.5205386202611,308.69541232294966,36619426
2024-07-22,302.5898742675781,309.67228456116953,302.5898742675781,308.6954003827431,27596166
2024-07-23,298.92657470703125,303.8109958623749,298.43813259149687,302.83411163130614,28899602
2024-07-24,297.9496765136719,300.63610802322137,296.7285712820585,299.1707817452853,22634121
2024-07-25,293.3094787597656,299.17078391399906,291.5999314231142,298.19389972162685,29953941
2024-07-26,294.53057861328125,296.4843469622914,293.5536944387762,293.79791548240246,16653480
2024-07-29,287.2039489746094,292.576811965631,286.9597279295629,291.8441488304917,22278905
2024-07-30,286.71551513671875,290.1346098657767,285.73863092841646,287.69239934502104,25620856
2024-07-31,282.5637512207031,285.2501827361981,281.58686703325037,284.5175195956086,27502263
2024-08-01,290.623046875,291.35571001838235,286.2270680147059,286.2270680147059,21064407
2024-08-02,284.76171875,286.9597080027873,281.5868453848628,285.7386028623499,19507021
2024-08-05,270.596923828125,274.2602395839209,264.97983966923795,264.97983966923795,33305862
2024-08-06,273.0391540527344,282.31955463771106,273.0391540527344,282.31955463771106,34068451
2024-08-07,291.1114807128906,293.0652490398228,275.96977617916644,275.96977617916644,41782573
2024-08-08,295.0190124511719,298.6823280031318,290.62303378881995,291.11147586241464,32386073
2024-08-09,294.7748107910156,300.8803371122877,293.5537055267612,299.4150107951824,25010646
2024-08-12,293.3094787597656,299.6592260101852,292.0883735193003,297.94967867353375,27721724
2024-08-13,290.8672790527344,293.79793173840426,285.494415795673,293.30948962412594,26412277
2024-08-14,285.0059814453125,294.53060293320215,284.76176038152045,292.3326133590737,18953889
2024-08-15,281.8310852050781,285.0059587819118,276.2140011845263,285.0059587819118,34055805
2024-08-16,286.71551513671875,292.33259933445686,285.73863092841646,289.15772565747443,38799466
2024-08-19,290.13458251953125,291.11146663575863,285.25016193839434,288.66925634519015,26825619
2024-08-20,292.8210144042969,296.2401088176915,288.9134779318459,289.64614102043043,34477472
2024-08-21,290.8672790527344,295.9959212526567,289.40195270989943,292.82104750984763,23463737
2024-08-22,287.6924133300781,294.53060312060626,287.6924133300781,293.0652767369217,24952855
2024-08-23,288.18084716796875,292.0883840787209,284.2733102572166,287.93662611104673,31205050
2024-08-26,282.0752868652344,290.37880180325857,282.0752868652344,289.64613872049176,22083752
2024-08-27,290.8672790527344,291.3557211670127,281.09843676716815,282.0753209957248,25541295
2024-08-28,295.26324462890625,297.4612340430172,290.623044754672,290.8672658006843,29852124
2024-08-29,293.5537109375,295.9959215110233,291.35572142132906,295.019037281614,25703034
2024-09-02,301.3687744140625,302.58987965885206,294.7748060921989,295.0190271411568,34729004
2024-09-03,295.751708984375,302.10145665868856,294.77482472678827,300.8803513367052,23411840
2024-09-04,294.0421447753906,294.53058687634643,291.35571322013374,293.3094816239569,19799342
2024-09-05,289.890380859375,296.2401280391086,288.9134966778775,295.2632438576111,23092345
2024-09-06,287.4481506347656,291.84412914914606,287.2039296061889,290.1345819491092,20468462
2024-09-09,282.3195495605469,287.69241296048807,282.3195495605469,286.47130764231963,24892932
2024-09-10,277.43511962890625,284.27330919722436,277.19089857289487,283.2964249731789,28335939
2024-09-11,273.527587890625,279.87733546665737,273.527587890625,277.6793459211077,21805515
2024-09-12,279.63311767578125,282.5637704374488,274.9929174698076,277.67934916800283,39046318
2024-09-13,285.4944152832031,285.4944152832031,276.7024572419753,280.85421520588847,24404734
2024-09-16,279.63311767578125,285.2502021356441,279.14467554883663,285.0059810721718,17210152
2024-09-17,283.7848815917969,286.9597554822387,280.6100077013551,280.6100077013551,25446750
2024-09-18,284.76171875,286.71548697469984,283.05217155338767,283.5406136095626,19884166
2024-09-19,294.0421447753906,294.28636582586853,286.22707116009786,287.93661851344314,30539856
2024-09-20,292.5768127441406,294.53058110971085,291.1114864699629,293.79791797262203,20237710
2024-09-23,289.15771484375,295.7516830031936,288.4250517149229,294.04213570259714,23543000
2024-09-24,289.4019470214844,293.06526280656647,287.93662070745154,289.15772596914553,39566662
2024-09-25,284.51751708984375,290.62304320765156,284.51751708984375,289.8903800735146,25711329
2024-09-26,284.51751708984375,290.13460111822695,283.7848539557068,286.47128544754224,28959484
2024-09-27,285.4944152832031,287.6924047935101,283.54064682959694,285.4944152832031,19847298
2024-09-30,278.4120178222656,285.00598666542453,278.16779675400045,285.00598666542453,21334664
2024-10-01,271.3295593261719,280.36573726952776,267.91046496922644,278.656190091055,34658869
2024-10-02,265.22406005859375,275.2371230994799,264.97983900881604,270.5969231537034,37339145
2024-10-03,262.5376281738281,271.08536490506907,262.5376281738281,265.7125018168605,27014849
2024-10-04,267.4220275878906,268.3989117069331,263.75871214148117,264.73559626052366,25552239
2024-10-07,264.2471618652344,269.13158260211486,263.2702777178583,268.3989194915828,19065238
2024-10-08,264.49139404296875,266.20094137288635,262.53762566592,263.75873090157546,24186666
2024-10-09,264.0029602050781,264.9798444241533,258.8743180549332,264.49140231461575,23956358
2024-10-10,260.3396301269531,266.20093512043053,260.3396301269531,264.97982991345606,16761536
2024-10-11,258.6300964355469,264.73562279143795,257.6532122186043,260.8280859236677,17775777
2024-10-14,251.79190063476562,258.87431103089386,251.54767958662327,258.6300899827515,19868260
2024-10-15,261.8049621582031,262.53762529857124,251.54767819304965,251.791899239839,30713391
2024-10-16,263.02606201171875,263.7587251370996,257.89742013405294,260.82807263557623,19268275
2024-10-17,267.1778259277344,268.64315221253,263.0260681208135,263.2702891682794,24972591
2024-10-18,261.8049621582031,268.64315146830546,260.5838569242563,267.4220462343586,20698103
2024-10-21,263.270263671875,265.71247391001856,260.09539036228836,261.8049375289889,24074749
2024-10-22,268.39892578125,270.1084730792198,263.2702838873408,264.2471680576092,26819572
2024-10-23,261.56072998046875,268.8873610723586,261.07228790767607,268.8873610723586,24305349
2024-10-24,267.4220275878906,268.15469067717254,263.75871214148117,263.75871214148117,18918442
2024-10-25,269.6200256347656,270.3526887479036,265.46826799365056,266.44515214450115,17216815
2024-10-28,271.5738220214844,273.52759052523606,269.86427458070165,272.0622641474223,7035135
2024-10-30,271.0853576660156,273.52756809543916,270.1084734942462,271.32957870895797,14799003
2024-10-31,266.200927734375,272.550674634461,266.200927734375,271.32956946136756,14473937
2024-11-01,266.68939208984375,268.39893947503504,265.2240657596798,266.68939208984375,19991989
2024-11-04,262.2934265136719,266.6894057289848,260.8281001085676,265.71252145891526,18418359
2024-11-05,265.9566955566406,267.4220217029582,264.0029273615505,265.9566955566406,31196076
2024-11-06,270.8411560058594,274.50447191216045,263.7587452536773,266.68939797871815,30758235
2024-11-07,276.2139892578125,276.45821029163903,269.620021344496,271.81801064893483,24069867
2024-11-08,283.5406188964844,283.7848399291256,274.99288275404086,275.48132481932333,23348584
2024-11-11,281.3426513671875,284.51752503712976,279.8773250579834,284.0290829340617,21162079
2024-11-12,279.8773193359375,284.0290771271338,279.63309828939657,282.807971894429,20609050
2024-11-13,277.1908874511719,281.3426452367841,275.48134012768446,279.38887686708426,31922085
2024-11-14,279.8773193359375,282.3195298013471,277.4351088705279,278.90043514977367,28667480
2024-11-15,283.05218505859375,286.9597216944328,280.36575362145436,281.0984167406742,40033524
2024-11-18,282.0752868652344,285.7386022790686,280.3657396721117,284.2732761135349,26338290
2024-11-19,272.5506896972656,283.540636862478,271.5738055048023,282.8079737181305,30459346
2024-11-20,264.735595703125,275.2370999607213,263.27026952764646,274.01599481448915,28212777
2024-11-21,273.2833557128906,273.2833557128906,264.735618939029,265.71250314175603,23938681
2024-11-22,273.0391540527344,274.5044804608886,270.108501236426,273.0391540527344,24811970
2024-11-25,289.4019470214844,293.30948385890525,274.5044628288172,274.99290493349486,61855170
2024-11-26,287.2039489746094,289.64615942507373,284.51751747909856,289.1577173349809,31270250
2024-11-27,285.7386169433594,292.8210271069127,285.49439590323686,292.3325850266677,35199151
2024-11-28,280.6099853515625,284.51752213626656,277.67933276303444,284.2733010872226,26994739
2024-11-29,278.4120178222656,281.0984495731822,276.94669141267474,280.6100074366519,29697434
2024-12-02,278.9004211425781,280.1215263139554,275.9697687312726,277.9235370054763,33276590
2024-12-03,280.3657531738281,283.7848477247285,277.43510070162785,279.63309005577804,28304567
2024-12-04,282.3195495605469,285.00598126051744,281.09844424237843,281.8311074332795,27748059
2024-12-05,286.71551513671875,288.18084144917214,283.2964204076608,283.7848625118119,33995219
2024-12-06,293.5537109375,293.5537109375,286.71552133163476,289.1577319051581,35655051
2024-12-09,293.5537109375,296.97280574043265,292.33260565073834,296.72858468308027,23749386
2024-12-10,292.33258056640625,297.9496644035218,290.86725434802827,293.55368574838786,40376517
2024-12-11,294.2863464355469,295.9958936762513,290.37880988536534,292.57679919484247,30996824
2024-12-12,291.59991455078125,297.2169983319102,289.89036731304634,295.99589316209955,21407493
2024-12-13,292.33258056640625,292.57680160280256,287.4481598384797,290.86725434802827,22432206
2024-12-16,288.6692810058594,293.7979230541868,288.6692810058594,293.3094809543461,21406432
2024-12-17,290.8672790527344,293.5537106812651,286.22707896709045,288.66928953848196,28508478
2024-12-18,283.7848815917969,290.86729257816705,283.54066052330137,290.1346293726805,24216068
2024-12-19,282.8079833984375,286.2270781890922,281.0984360031102,281.83109917253614,25167342
2024-12-20,283.05218505859375,284.5175112970334,281.0984167406742,282.8079640188538,21909897
2024-12-23,279.38885498046875,285.7386016845703,278.41197087214545,283.54061244084284,20606277
2024-12-24,278.9004211425781,280.6099683825064,276.70243183409895,279.38886321112903,15485512
2024-12-25,281.58685302734375,283.0521792356387,281.0984109579121,282.31951613149124,12283659
2024-12-26,283.2964172363281,286.4712908777697,281.34264884159484,282.8079751376448,27141490
2024-12-27,284.0290832519531,286.4712937700267,283.0521990447237,283.5406411483384,23638402
2024-12-30,275.7255859375,284.76176545892383,275.7255859375,284.51754439077723,20734285
2024-12-31,274.50445556640625,279.1446554380804,272.306466153508,275.96978184167176,26585935
2025-01-02,280.85418701171875,280.85418701171875,274.7486612071162,275.7255453358526,25569193
2025-01-03,291.1114807128906,292.82102799895625,281.34263907822987,281.58686011909634,40123161
2025-01-06,290.13458251953125,293.0652348682134,288.42503531613335,292.5767928100997,28979311
2025-01-07,286.71551513671875,291.35571512615456,286.2270730325676,289.15772565747443,27531422
2025-01-08,286.22705078125,288.1808190459684,284.2732825165316,286.22705078125,24336195
2025-01-09,287.9366149902344,290.6230465126199,285.738625562828,287.6923939427448,23214174
2025-01-10,286.71551513671875,290.8672730220034,285.73863092841646,288.42506250124774,24514821
2025-01-13,283.05218505859375,287.69238481365267,280.6099746611943,285.98283753547304,19087499
2025-01-14,286.71551513671875,288.42506250124774,283.2964204076608,284.5175256680386,26352017
2025-01-15,288.18084716796875,291.59994196487685,285.49441554182664,286.7155208264367,35506445
2025-01-16,290.8672790527344,293.30948962412594,288.18084742420365,292.08838433843016,33591167
2025-01-17,296.4843444824219,296.72856552400543,289.4019342764991,291.1114815675839,35667354
2025-01-20,298.6823425292969,298.9265635779717,294.77480575049987,297.94967938327244,27879358
2025-01-21,294.2863464355469,298.43810402011474,292.8210202292288,297.21699884818304,24194618
2025-01-22,298.1938781738281,298.68232023471893,293.55367859536557,294.77478374759255,23395068
2025-01-23,302.5898742675781,304.5436426244309,295.99590606319987,298.9265585984791,38920626
2025-01-24,301.8572082519531,303.8109765901535,298.9265557446526,302.8340924210533,25724625
2025-01-27,299.4150085449219,305.2763137692923,297.70546118781385,300.1476716979682,44353911
2025-01-28,304.54364013671875,305.5205243071653,297.7054509435927,299.90344032709754,37742137
2025-01-29,305.7647399902344,307.2300662202195,301.8572033769406,304.54363479858006,32487977
2025-01-30,305.7647399902344,309.1838345268664,304.7878558369109,306.00896102856524,30495540
2025-01-31,309.67230224609375,310.40496542175487,305.7647653092345,306.0089863677882,32123757
2025-02-03,306.4974365234375,310.64919462773906,304.5436680037662,307.71854184823206,35289967
2025-02-04,296.4843444824219,308.93961760318257,296.2401234408383,307.47429135368134,39064740
2025-02-05,296.72857666015625,299.65922926914544,290.62305039142876,297.21701876165446,37613460
2025-02-06,306.253173828125,308.9396051774945,299.4149849388208,299.4149849388208,38126039
2025-02-07,314.8009338378906,315.0451548881915,304.78787077555273,306.25319707735827,37332540
2025-02-10,312.8471374511719,316.0220108210901,311.13759025198516,314.8009056788139,24088178
2025-02-11,312.114501953125,312.60294405320815,306.25319675212734,312.114501953125,27260246
2025-02-12,309.67230224609375,313.8240602415067,308.6954180118789,312.60295494873816,37862912
2025-02-13,311.87030029296875,314.0682898799983,311.1376370972922,312.60296348864523,22660735
2025-02-14,309.4280700683594,315.53359631280216,307.7185227199154,312.3587226656919,26200192
2025-02-17,312.114501953125,314.06827035345754,307.23008095229363,310.16073355279246,31432655
2025-02-18,317.48736572265625,319.44113412710334,311.13761840820314,312.60294471153844,41069874
2025-02-19,310.8934020996094,318.4642547823178,309.67229682820476,317.24314951091327,32683908
2025-02-20,308.451171875,317.7315713455067,307.7185087589074,311.38182433937055,33188614
2025-02-21,302.1014404296875,310.16073512182953,298.438124660532,308.9396298654444,39089686
2025-02-24,302.34564208984375,306.9858417665053,301.36875794738864,305.27629451720895,25538534
2025-02-25,297.7054443359375,304.2994123400969,297.2170022615553,302.5898650797593,23823247
2025-02-26,301.12457275390625,302.83412020668595,297.9496989130297,298.6823621070781,25833012
2025-02-27,308.451171875,309.4280560297902,300.39187759798097,301.12454071407365,51598698
2025-02-28,301.12457275390625,306.2532151122453,298.6823621070781,305.76477298287966,48604438
2025-03-03,307.2300720214844,312.35871392327385,302.5898722055796,304.05519846323375,49150523
2025-03-04,309.91650390625,312.3587143389234,306.0089672139726,306.985851387042,35047448
2025-03-05,318.7084655761719,319.1969076690089,311.62605523003475,312.1144973228718,47800841
2025-03-06,328.23309326171875,328.23309326171875,316.75470383962,320.66224066416424,54894390
2025-03-07,327.9888916015625,330.67532332726404,325.5466809418338,327.01200733767104,33033527
2025-03-10,325.3024597167969,330.91954423142624,324.0813543875296,327.9888914411848,27065446
2025-03-11,322.8602294921875,327.2562084111432,322.8602294921875,326.2793242069308,23776191
2025-03-12,325.7908630371094,328.7215154782228,324.5697578533121,325.54664200034995,31574967
2025-03-13,329.942626953125,331.65217424303756,326.7677534147159,328.23307966321244,44492350
2025-03-14,329.2099609375,331.65217133021144,328.23307678041544,331.65217133021144,26900238
2025-03-17,326.279296875,331.1637174869012,325.5466337832148,329.6983913033308,25636817
2025-03-18,319.4411315917969,324.3255525641485,319.1969105431793,323.3486683696782,29487095
2025-03-19,294.2863464355469,311.3818188425911,288.1808205758882,301.8571985015236,63125592
2025-03-20,300.88031005859375,308.93960407802035,295.7516684098677,295.7516684098677,54152829
2025-03-21,279.1446533203125,299.6592210183932,275.7255587039657,299.17077893034366,52546154
2025-03-24,295.99591064453125,298.6823421767836,284.7617424187487,287.9366160477742,55342576
2025-03-25,304.7878723144531,307.9627459843954,299.41500918070477,300.8803354899089,43119513
2025-03-26,302.5898742675781,306.49741098128374,300.6361059107253,301.8572111337583,30936805
2025-03-27,301.3687744140625,308.69540588279983,300.8803323161467,307.9627427359261,30775578
2025-03-28,303.8110046386719,304.29944676831605,295.50748843472104,302.1014571849173,25046525
2025-04-02,297.9496765136719,302.34565534748015,297.9496765136719,301.61299220851214,17269939
2025-04-03,296.9727783203125,301.3687569467645,296.9727783203125,298.4381045291298,18371736
2025-04-04,297.7054443359375,300.88031781942163,296.7285601871731,298.6823284847019,24782039
2025-04-07,302.8341064453125,306.7416433026714,287.9366221766318,291.59993798040574,49075770
2025-04-08,301.12457275390625,307.47432043565937,301.12457275390625,306.74165724161094,28235708
2025-04-09,298.92657470703125,303.5667748046077,298.43813259149687,299.90345893809996,32425908
2025-04-10,298.92657470703125,307.962753844417,298.92657470703125,307.47431172888264,27575977
2025-04-11,302.8341064453125,302.8341064453125,298.9265695879536,299.6592327487084,26415836
2025-04-14,306.00897216796875,307.71851949851606,304.54364588464244,305.52053007352663,23820445
2025-04-15,312.6029357910156,313.0913778781891,305.032083439827,306.25318865776063,37597322
2025-04-16,312.3587341308594,315.04516577702,310.6491867196662,312.60295518960123,27672822
2025-04-17,316.02203369140625,317.73158101431187,312.60293904559506,313.09138113785383,29681244
2025-04-18,311.62603759765625,316.2662372170571,309.6722693368559,316.022016184457,17561301
2025-04-21,307.718505859375,312.60292658730157,306.7416217137897,311.62604244171627,18774590
2025-04-22,312.6029357910156,313.8240410089493,309.1838411808014,309.1838411808014,22775757
2025-04-24,314.0682678222656,316.022036206852,310.6491731492394,314.8009309664855,16088858
2025-04-25,310.4049377441406,316.022021590022,310.4049377441406,314.5566953693573,16262264
2025-04-28,305.5205383300781,311.38184362178225,305.5205383300781,310.64918046031926,16149088
2025-04-29,290.8672790527344,299.17079499546566,290.8672790527344,298.4381318240482,28399308
2025-04-30,277.6793212890625,293.30946778202645,276.70243713325226,291.8441415483111,33320216
2025-05-02,285.98284912109375,288.1808385677973,278.9004386817157,278.9004386817157,21047856
2025-05-05,287.2039489746094,289.64615942507373,280.36575971330916,288.18083315479515,19284842
2025-05-06,285.0059814453125,289.40196059356924,284.5175393177284,287.4481920832329,15717504
2025-05-07,272.30645751953125,284.27328838810257,269.8642471381902,283.7848463118344,27150834
2025-05-08,278.4120178222656,278.9004599587959,272.55071218390214,274.016038593493,15393943
2025-05-09,287.2039489746094,289.64615942507373,278.9004334430305,278.9004334430305,27735690
2025-05-12,302.34564208984375,302.5898631254575,295.75167412827204,298.43810552002344,25067318
2025-05-13,297.46124267578125,301.368779525381,295.99591635718133,300.39189531298103,19280816
2025-05-14,292.08837890625,296.2401368004024,292.08837890625,296.2401368004024,23810847
2025-05-15,286.959716796875,294.04212682845747,285.49439058344416,292.8210216505984,16721515
2025-05-16,286.22705078125,289.40192421141745,282.07529321872335,287.2039349136092,30633725
2025-05-20,280.1215515136719,286.9597410885479,279.38888834493514,286.9597410885479,28204042
2025-05-21,273.2833557128906,280.3657661826617,273.2833557128906,280.12154513197993,42495427
2025-05-22,277.6793212890625,280.8541947954458,271.818016354201,276.9466581722048,49323964
2025-05-23,273.2833557128906,279.63310303061644,273.2833557128906,276.946671473117,35288228
2025-05-26,273.527587890625,276.21401955740794,272.7949247087751,275.96979849679127,25342423
2025-05-27,268.64312744140625,276.4582002397017,268.64312744140625,274.01598999023435,26579753
2025-05-28,270.10845947265625,272.5506697753023,268.15469123053936,269.1315753515978,21458274
2025-05-29,272.062255859375,274.5044664146656,270.84115058172966,272.30647691490407,24116391
2025-05-30,266.93359375,273.7717827939158,266.6893727127173,272.5506776075023,24838082
2025-06-02,269.3758239746094,270.1084871404515,265.71250814539894,266.2009502559603,23231977
2025-06-03,277.1908874511719,277.67932954359685,271.3295823420722,271.57380338828466,22246363
2025-06-04,280.3657531738281,280.8541952525282,275.23711134747765,276.70243758357776,21146096
2025-06-05,279.8773193359375,280.3657614290194,278.1677720101508,279.14465619631466,5311968
2025-06-10,284.2732849121094,286.4712742284401,282.3195166309265,282.3195166309265,28557448
2025-06-11,283.7848815917969,285.25020800277,282.5637762493193,284.27332372878794,21086678
2025-06-12,272.30645751953125,280.60997281609093,271.5737944051289,280.36575177795686,34285321
2025-06-13,257.6531982421875,260.3396296930539,252.52455638144252,256.4320930372482,37717566
2025-06-16,262.5448303222656,265.5142346237427,256.8534720777679,260.81267781307065,28020896
2025-06-17,259.08050537109375,263.28716114120704,258.8330550316753,262.54481012295173,21056327
2025-06-18,254.6264190673828,258.09072408870776,253.38916727405248,257.5958233713756,27511803
2025-06-19,249.42996215820312,256.85347293672106,249.42996215820312,255.36877078101747,20781123
2025-06-20,254.1315155029297,255.86366799418627,251.40956158809792,254.62641621471727,19876258
2025-06-23,250.4197540283203,251.40955542764175,246.65850569026475,250.4197540283203,27919468
2025-06-24,271.70050048828125,272.9377523119984,262.29738662803106,267.2463939228996,60708109
2025-06-25,268.7310791015625,272.9377350359332,267.74127770524,272.6902846868526,23663253
2025-06-26,262.5448303222656,269.96834107595834,262.2973799638092,268.97853964213266,17081008
2025-06-27,265.0193176269531,266.99892037299946,260.56521144834886,262.5448141943952,25137482
2025-06-30,280.60870361328125,281.10360432512124,265.7616822580812,266.5040333258412,60838790
2025-07-01,287.5373229980469,289.51692591025375,279.8663617132453,281.3510638974004,37385296
2025-07-02,288.0321960449219,292.98120284981746,285.5576926424741,287.7847457046771,36959749
2025-07-03,288.527099609375,292.73375543558376,288.03219892393867,291.99140440742923,24795522
2025-07-04,289.7643737792969,292.23887739824903,288.2796716079256,289.26947305550647,22878532
2025-07-07,284.5679016113281,288.27965684973674,283.5781002144192,285.55770300823707,22479863
2025-07-08,277.6392822265625,288.2796468751741,276.15458018257016,286.300044149851,30031285
2025-07-09,283.8255615234375,284.56791259978473,278.3816536302242,278.62910398900664,23296990
2025-07-10,288.0321960449219,290.2592491071249,286.30004366320844,286.5474940034532,34795243
2025-07-11,290.0118103027344,293.9710159041369,287.7847571519454,292.98121450378625,34145288
2025-07-14,288.0321960449219,292.2388518290831,287.7847457046771,290.2592491071249,32569360
2025-07-16,282.0934143066406,290.25927629972756,277.6393077649568,288.0322230288857,40611252
2025-07-17,286.300048828125,287.5373005516692,282.09339296807474,286.54749917283385,29728257
2025-07-18,286.0526123046875,288.774566228002,284.56791016469776,286.5475130180174,33276220
2025-07-21,291.0016174316406,292.4863195613939,287.53731246221633,287.7847628171752,31054005
2025-07-22,294.2184753417969,295.20827677271967,291.4965214067592,291.4965214067592,37359500
2025-07-23,291.49652099609375,296.44552814373543,290.75416992394753,295.70317707158915,24710463
2025-07-24,292.981201171875,295.70315489897854,290.2592474447714,292.981201171875,27444494
2025-07-25,290.0118103027344,293.9710159041369,290.0118103027344,293.2286648538739,15138879
2025-07-28,287.28985595703125,291.4965119012772,287.04240560736974,290.7541608522926,17995538
2025-07-29,282.3408508300781,288.03220890991315,282.3408508300781,287.04240750472445,19619086
2025-07-30,284.3204650878906,286.05261761671153,282.3408621978096,282.5883125590697,22915366
2025-07-31,285.06280517578125,286.79495763778687,283.08320236206055,285.5577058792114,28385427
2025-08-01,285.8051452636719,287.7847480014289,283.82554252591484,285.55769492145225,29061004
2025-08-04,291.49652099609375,293.47612385515043,287.53731527798044,288.03221599274457,36501829
2025-08-05,292.486328125,294.9608317470389,292.2388777627961,293.2286792116117,22228274
2025-08-06,305.3537292480469,308.0756830744071,294.96081463830785,295.4557153340097,70872223
2025-08-07,305.8486328125,308.5705866643912,302.8792286104369,306.59098386301577,40809896
2025-08-08,311.04510498046875,311.5400057043836,306.0960977413205,306.3435481032779,34231549
2025-08-11,312.52978515625,314.50938791258415,308.57057964358177,313.5195865344171,34537595
2025-08-12,316.2415466308594,318.46859977614713,308.5705857970905,312.0348906897603,41165145
2025-08-13,320.943115234375,321.6854663104761,314.01450519076474,317.47881021256984,31590210
2025-08-14,322.6752624511719,327.87171989862173,318.9635071315648,319.2109574862053,35978676
2025-08-15,327.624267578125,327.87171793128067,321.4380087492329,322.92271086816703,24854745
2025-08-18,330.5936584472656,331.83091016301137,325.6446515842826,327.87170467262496,24014896
2025-08-19,335.04779052734375,336.0375919764644,326.63447820981816,331.3360350931413,33939647
2025-08-20,335.29522705078125,337.02737951525023,330.5936703615083,335.04777669871424,25992738
2025-08-21,333.5630798339844,338.0171862412631,332.32582805418474,336.5324841055035,26330388
2025-08-22,334.0579833984375,335.54268554687496,330.59367838541664,334.0579833984375,23038084
2025-08-25,334.8003234863281,337.76972768576337,332.8207206867046,334.8003234863281,29965988
2025-08-26,339.9967956542969,342.71874962241714,334.3054373573181,335.29523880027097,34867256
2025-08-27,335.29522705078125,342.4712872607242,335.04777669871424,341.48148585245616,22120352
2025-08-28,336.532470703125,340.73912658691404,334.3054175881779,335.54266931870404,20691413
2025-08-29,331.5834655761719,337.02737321995977,330.34621383894734,336.7799228725149,18346545
2025-09-01,334.0579833984375,336.7799373372396,331.3360294596354,331.58347981770834,17815923
2025-09-02,327.5,336.0,316.5,335.5,35955211
2025-09-03,329.25,333.25,319.5,326.25,32674168
2025-09-04,322.5,334.0,321.25,329.5,35176179
2025-09-05,319.5,327.5,319.0,324.0,27203856
2025-09-08,309.0,315.5,307.5,313.25,27586255
2025-09-09,316.75,320.75,310.5,310.75,40493190
2025-09-10,322.5,322.75,312.5,318.25,34820863
2025-09-11,316.0,324.75,314.5,323.25,30023616
2025-09-12,314.0,316.5,311.0,315.25,21179398
2025-09-15,331.75,332.5,310.25,313.25,52033362
2025-09-16,327.0,331.5,325.0,331.5,40226846
2025-09-17,321.5,327.25,321.25,327.0,34230277
2025-09-18,317.75,326.0,317.0,323.0,34917799
2025-09-19,319.75,322.0,313.25,319.0,43870527
2025-09-22,326.0,330.25,324.5,327.5,43892594
2025-09-23,324.75,327.5,320.0,323.0,40017266
2025-09-24,324.0,327.5,317.75,326.0,42762282
2025-09-25,328.25,332.5,325.5,325.5,39070278
2025-09-26,319.75,329.5,319.25,329.25,54508756
2025-09-29,319.25,324.5,316.5,318.0,37562966
2025-09-30,315.0,323.75,314.0,321.25,33491387
2025-10-01,315.75,318.75,311.75,315.5,44237945
2025-10-02,315.0,318.5,314.5,315.75,39859117
2025-10-03,311.0,317.25,310.75,316.0,31181374
2025-10-06,305.5,317.0,304.0,312.5,40200172
2025-10-07,313.75,314.5,305.5,306.25,32264093
2025-10-08,310.25,316.75,307.5,313.5,41143341
2025-10-09,312.5,318.25,310.75,316.75,37074561
2025-10-10,313.75,317.75,310.75,313.25,36347821
2025-10-13,309.0,312.25,307.75,309.5,29718699
2025-10-14,302.0,310.25,300.25,309.25,31639213
2025-10-15,300.75,306.25,298.0,302.75,41747312
2025-10-16,296.0,302.0,295.5,299.25,38875850
2025-10-17,292.0,296.0,287.75,295.0,57747825
2025-10-20,297.75,300.25,290.0,293.25,51523112
2025-10-21,294.5,298.75,293.0,298.5,30462184
2025-10-22,288.0,296.0,287.0,295.5,42484656
2025-10-23,284.25,290.25,283.75,288.5,40555813
2025-10-24,297.0,302.25,287.0,287.0,84622262
2025-10-27,295.0,298.5,293.0,297.0,27751916
2025-10-28,292.0,295.75,292.0,294.75,10268579
2025-10-30,290.0,294.75,289.5,292.75,27637939
2025-10-31,291.5,293.25,289.0,290.25,28385482
2025-11-03,294.0,295.75,292.25,293.25,41693246
2025-11-04,289.0,295.0,288.25,294.0,29538148
2025-11-05,290.0,292.0,287.25,289.5,37593637
2025-11-06,292.5,294.5,288.0,291.75,33000037
2025-11-07,289.5,298.25,288.0,296.0,42808807
2025-11-10,278.25,291.5,278.25,291.0,43267774
2025-11-11,273.0,281.0,266.5,278.25,54581700
2025-11-12,268.0,275.5,268.0,275.25,37544314
2025-11-13,271.0,274.5,269.25,269.25,34972867
2025-11-14,269.0,271.0,267.0,270.5,28455584
2025-11-17,268.5,271.5,266.75,270.75,29682554
2025-11-18,267.5,269.75,266.75,267.5,22734301
2025-11-19,277.5,278.75,268.5,268.75,45678395
2025-11-20,276.25,280.75,273.75,279.0,31112755
2025-11-21,273.0,276.25,271.5,276.25,27542702
2025-11-24,270.25,273.25,270.0,272.25,33487074
2025-11-25,273.25,279.0,270.0,271.0,53946056
2025-11-26,274.25,275.25,272.75,273.75,32243168
2025-11-27,272.5,276.5,272.5,276.0,24662646
2025-11-28,272.75,276.75,271.5,272.75,31495812
2025-12-01,276.5,277.25,271.5,272.0,29348256
2025-12-02,279.0,281.75,276.25,277.0,38452648
2025-12-03,275.5,283.5,275.5,281.25,35791929
2025-12-04,270.0,277.25,269.25,275.5,31922352
2025-12-05,270.25,271.75,267.75,270.0,25259577
2025-12-08,272.25,273.75,271.75,271.75,30892643
2025-12-09,271.5,273.25,270.5,273.0,27160617
2025-12-10,270.5,275.75,270.25,272.0,37191224
2025-12-11,269.5,272.5,269.25,271.25,27746236
2025-12-12,272.25,274.5,270.75,270.75,27438909
2025-12-15,274.25,276.25,272.0,273.25,34556393
2025-12-16,273.25,276.0,272.25,274.5,36677565
2025-12-17,274.0,275.0,271.0,273.25,35624064
2025-12-18,274.5,277.25,273.25,274.5,38604691
2025-12-19,277.25,277.75,273.75,275.0,38159581
2025-12-22,272.0,278.5,271.75,277.75,31216523
2025-12-23,270.5,272.0,270.0,271.75,23713128
2025-12-24,271.25,272.5,269.25,271.0,26074191
2025-12-25,271.25,273.5,271.0,272.5,12977291
2025-12-26,268.0,271.5,267.25,271.25,22195231
2025-12-29,264.5,269.0,262.75,268.25,31535713
2025-12-30,267.75,269.75,264.75,265.0,32525018
2025-12-31,268.5,269.75,267.25,268.5,20565368
2026-01-02,274.25,274.25,269.75,271.0,28891002
2026-01-05,277.75,279.0,272.5,274.25,38929858
2026-01-06,288.5,289.25,279.0,279.0,60291603
2026-01-07,290.75,295.25,287.5,289.5,71173468
2026-01-08,294.5,295.75,286.5,291.0,60705169
2026-01-09,291.5,298.0,290.25,296.0,51357969
2026-01-12,291.5,294.5,289.25,291.75,49228010
2026-01-13,287.0,292.5,285.75,292.0,50345679
2026-01-14,280.25,289.0,279.5,288.5,47676029
2026-01-15,287.75,288.75,280.5,280.75,52640730
2026-01-16,292.0,295.5,288.5,290.5,52808497
2026-01-19,295.75,299.75,292.5,294.25,72954364
2026-01-20,292.0,296.75,291.5,295.75,44544516
2026-01-21,297.0,297.0,290.0,292.5,52547045
2026-01-22,299.0,301.0,294.75,299.0,63538093
2026-01-23,301.0,304.25,299.5,300.5,50706805
2026-01-26,299.25,302.75,296.0,299.0,46066314
2026-01-27,294.25,301.0,293.75,299.75,47513693
2026-01-28,298.0,303.0,294.25,294.25,92400525
2026-01-29,302.25,307.25,298.0,300.0,104308213
2026-01-30,304.0,308.25,298.5,302.25,83271865
2026-02-02,305.75,310.0,298.0,300.25,94704808
2026-02-03,318.75,319.25,308.0,308.0,84532266
2026-02-04,320.5,322.75,315.0,320.0,67172321
2026-02-05,317.0,322.0,316.0,318.5,64928341
2026-02-06,322.5,324.5,311.75,317.0,67707854
2026-02-09,329.5,329.75,321.75,326.5,63946715
2026-02-10,333.0,333.25,327.75,329.0,52371004
2026-02-11,331.0,337.75,329.0,330.5,61366265
2026-02-12,337.0,341.25,331.0,332.25,70648552
2026-02-13,347.75,351.25,337.25,337.5,79364384
2026-02-16,347.75,352.5,345.0,349.75,60497306
2026-02-17,345.0,350.75,343.0,346.25,59808917
2026-02-18,328.25,350.0,324.75,345.75,94434599
2026-02-19,312.5,331.0,310.25,330.5,81994623
2026-02-20,320.5,320.5,313.75,314.5,49745507
2026-02-23,315.75,326.0,315.25,325.75,58340211
2026-02-24,308.5,316.0,307.25,315.75,60541603
2026-02-25,307.0,311.0,305.5,309.25,36524474
2026-02-26,311.5,316.25,302.5,307.75,68383970
2026-02-27,307.5,314.0,303.5,313.25,60671396
2026-03-02,289.0,292.5,282.25,282.5,54215665
2026-03-03,287.0,295.25,285.0,286.0,42900149
2026-03-04,287.75,292.0,282.0,288.0,46550560
2026-03-05,284.25,295.25,283.75,293.25,42754331
2026-03-06,276.75,286.0,276.0,284.0,56263294
2026-03-09,282.0,282.0,263.5,267.0,51377626
2026-03-10,297.0,297.0,288.75,294.0,61941889
2026-03-11,294.75,296.25,289.5,296.0,40619946
2026-03-12,292.75,297.75,289.25,290.0,41475379
2026-03-13,292.25,293.5,286.75,291.25,26218061
2026-03-16,290.0,293.5,288.25,292.5,28395392
2026-03-17,294.75,296.0,291.0,291.0,22876482
2026-03-18,290.75,298.0,289.25,297.25,24386487
2026-03-19,289.5,291.5,287.75,289.0,11565613
2026-03-23,295.5,296.25,279.5,281.25,75513242
2026-03-24,291.0,296.5,290.75,292.25,40807369
2026-03-25,294.5,299.5,292.75,295.75,66108591
2026-03-26,293.5,296.5,291.75,292.5,31352265
2026-03-27,294.0,295.5,290.5,295.0,30167762
2026-03-30,288.75,293.5,288.75,292.5,29264051
2026-03-31,294.25,294.75,289.25,290.0,43351658
2026-04-01,298.0,307.75,297.5,306.25,47033368
2026-04-02,299.75,300.5,291.25,292.5,48135580
2026-04-03,296.0,299.75,295.0,299.25,21832383
2026-04-06,297.25,301.25,296.5,296.75,36486790
2026-04-07,292.0,299.25,291.75,296.0,42540777
2026-04-08,317.0,321.0,307.5,308.75,110512822
2026-04-09,319.5,322.25,313.25,316.0,43131773
2026-04-10,323.25,325.25,321.0,322.5,39622743
2026-04-13,316.75,318.75,314.25,316.0,59932285
2026-04-14,324.0,326.5,319.5,319.75,65014922
2026-04-15,319.25,326.75,318.5,326.5,50829575
2026-04-16,317.25,324.5,315.5,323.0,42533691
2026-04-17,329.0,335.0,317.75,318.0,108841541
2026-04-20,328.25,329.25,321.25,321.5,62881814
2026-04-21,327.0,334.5,327.0,329.0,41012885
2026-04-22,323.5,331.25,319.5,329.5,37881076
2026-04-24,325.0,326.25,319.0,323.0,37892432
2026-04-27,320.5,326.75,320.25,324.5,39753416
2026-04-28,315.75,320.25,315.25,319.5,27040131
2026-04-29,314.5,317.75,313.0,316.75,30230456
2026-04-30,308.25,311.5,305.25,310.0,55904761
2026-05-04,300.75,310.75,300.5,308.5,57653327
2026-05-05,301.0,304.25,298.25,300.75,39319327
2026-05-06,309.75,316.25,304.75,307.0,102928965
2026-05-07,312.5,315.25,311.25,311.75,55094125
2026-05-08,311.0,314.75,306.75,310.0,52591635
2026-05-11,308.5,309.5,306.25,308.25,32165704
2026-05-12,305.75,310.0,305.25,308.0,25842992
2026-05-13,304.0,310.0,304.0,307.75,31137355
2026-05-14,305.75,308.5,305.25,305.25,33906131
2026-05-15,300.0,304.25,298.5,303.5,30059261
2026-05-18,294.5,301.0,294.5,299.5,36354194
2026-05-20,295.0,300.25,289.75,292.0,34515033
2026-05-21,274.0,295.75,273.25,295.0,57504394
2026-05-22,288.0,290.25,271.5,274.0,62579877
2026-05-25,297.5,300.5,296.0,299.0,44110081
2026-05-26,296.75,298.0,295.25,297.5,11744557
2026-05-27,296.75,296.75,296.75,296.75,0
2026-05-28,296.75,296.75,296.75,296.75,0
2026-05-29,296.75,296.75,296.75,296.75,0
2026-06-01,291.5,300.5,291.0,298.5,43996715
2026-06-02,300.0,300.25,294.25,294.5,42876580
2026-06-03,297.0,301.75,296.5,297.25,36533990
2026-06-04,299.75,301.5,296.5,299.0,45830613
2026-06-05,297.0,300.25,295.25,299.75,25354997
2026-06-08,297.25,299.5,292.5,293.5,39271281
2026-06-09,296.75,300.0,295.5,298.5,38673748
2026-06-10,295.5,298.25,293.25,296.0,31695171
2026-06-11,293.25,297.5,291.5,296.0,34070210
2026-06-12,307.75,311.0,301.0,301.0,87561133
2026-06-15,325.75,329.5,323.25,329.0,60566048
2026-06-16,326.5,329.0,322.75,325.0,54652603
2026-06-17,321.75,328.25,321.0,327.5,31948866
2026-06-18,328.5,330.0,323.75,324.0,53784406
2026-06-19,326.75,333.25,323.75,324.0,69617178
2026-06-22,324.75,329.0,324.25,328.5,30581205
2026-06-23,325.0,327.25,321.5,323.5,36591935
2026-06-24,324.75,328.25,323.25,325.25,41954740
2026-06-25,328.5,333.25,327.5,327.5,53199419
2026-06-26,330.75,332.25,327.5,328.5,35151597
2026-06-29,329.0,331.0,325.25,330.75,42854930
2026-06-30,326.0,330.0,324.0,329.5,46869746
2026-07-01,328.5,331.5,323.0,325.75,59810652
2026-07-02,333.25,336.75,330.5,330.5,70137933
2026-07-03,334.0,335.75,330.75,335.25,44008702
2026-07-06,347.0,351.5,335.25,336.75,87354823
2026-07-07,348.25,355.5,345.25,346.0,60645389
2026-07-08,332.0,347.75,330.25,343.75,91028928
2026-07-09,338.25,340.0,331.0,333.75,53465542
2026-07-10,344.5,345.5,337.0,338.0,44983692
2026-07-13,333.5,340.0,331.0,338.0,45277739
2026-07-14,326.0,330.5,321.5,330.25,59736385
2026-07-16,330.0,333.0,324.25,326.0,43520013
2026-07-17,329.5,332.25,327.0,329.5,35525634
2026-07-20,328.0,330.0,323.75,328.75,46622936
2026-07-21,317.5,330.25,317.5,330.0,49836435
2026-07-22,321.0,321.0,314.5,317.25,35793985
2026-07-23,312.75,319.5,310.25,318.25,56257028
2026-07-24,312.0,315.5,311.25,312.25,23443828
2026-07-27,318.0,328.75,317.75,320.0,51161610
2026-07-28,319.0,325.25,316.25,319.5,56235332
2026-07-29,313.25,318.25,310.5,317.5,57023121
2026-07-30,308.25,315.5,305.25,311.0,41895470
2026-08-03,317.0,322.25,316.5,320.5,46594813
2026-08-04,323.75,325.5,314.5,317.0,70677933
2026-08-05,314.0,318.5,311.5,318.5,70773407
2026-08-06,311.25,318.25,311.25,314.75,42947854
