Price,Close,High,Low,Open,Volume
2021-08-10,13.115277290344238,13.185789466052693,12.921368386860268,12.938996851073101,4570134
2021-08-11,12.78915786743164,13.132904503113135,12.780343635600984,13.115276880023234,4850755
2021-08-12,13.265115737915039,13.27392996993112,12.8420418474289,12.8420418474289,8552282
2021-08-13,12.81559944152832,13.088834738291485,12.797971818824687,12.956623785442963,12448942
2021-08-16,12.850855827331543,12.938996464620308,12.824413972373478,12.850855827331543,5767896
2021-08-17,12.824414253234863,12.903740660417759,12.709831758478616,12.850856108772017,5504550
2021-08-18,12.745088577270508,12.903741400738621,12.745088577270508,12.833229221546455,4754846
2021-08-19,12.656947135925293,12.709831687274763,12.586434961173621,12.674575599898926,4084381
2021-08-20,12.630504608154297,12.665760693653283,12.515922120139743,12.639318839671889,3860867
2021-08-23,12.780342102050781,12.82441241534453,12.65694539294255,12.692201475463285,5476991
2021-08-24,12.894926071166992,12.938996389555705,12.789157811376928,12.815599666181592,5390016
2021-08-25,12.727458000183105,12.886110797324259,12.718644609675195,12.886110797324259,4589098
2021-08-26,12.648134231567383,12.850856531642068,12.595249678181423,12.73627403311537,5940927
2021-08-27,12.771530151367188,12.797972848407014,12.56880785082396,12.648134260800514,8998498
2021-08-31,13.000694274902344,13.035950361347018,12.85085569736962,12.86848416087766,14560233
2021-09-01,13.027135848999023,13.194602886432682,13.027135848999023,13.044764312127361,10586703
2021-09-02,13.035950660705566,13.194603473635624,13.01832303736413,13.062392516003435,8173579
2021-09-03,12.938996315002441,13.06239219709415,12.88611176512642,13.035950342441842,6947686
2021-09-06,13.088834762573242,13.115276616963444,13.000694127177379,13.000694127177379,5759700
2021-09-07,12.930181503295898,13.176974096981182,12.921367271950011,13.088834305236407,9059697
2021-09-08,12.62169075012207,12.97425245611589,12.604063127136653,12.930182137795237,7143392
2021-09-09,12.745088577270508,12.753902809812399,12.55117966420631,12.586435753802393,4906130
2021-09-10,12.6040620803833,12.815598582068878,12.586433618290501,12.780342498454614,3911563
2021-09-13,12.62169075012207,12.674575300221136,12.551178577037588,12.604063127136653,3285668
2021-09-14,12.63931941986084,12.745087681212933,12.559993013703913,12.612877564665672,4073078
2021-09-15,12.6040620803833,12.727457952747551,12.480665367447713,12.621689701904764,5207709
2021-09-16,12.524736404418945,12.648133124470911,12.480666087216717,12.604062807268683,3804715
2021-09-17,12.42778205871582,12.604062482409878,12.418967827388276,12.542363703688434,6009954
2021-09-20,12.27794361114502,12.322013087080464,12.14573266162457,12.286757001989285,4123022
2021-09-21,12.172175407409668,12.374897687399448,12.16336117595671,12.26912943167808,3809308
2021-09-22,12.26913070678711,12.322014419858215,12.172176672442436,12.189804296608985,3964168
2021-09-23,12.24268913269043,12.3837134915621,12.119292398391977,12.260316757263647,5285736
2021-09-24,12.145733833312988,12.172176530110805,12.013523711609714,12.154548065578927,4118746
2021-09-27,12.163362503051758,12.233874681225968,12.031151538546514,12.207432824553505,3608123
2021-09-28,12.048778533935547,12.180988641745294,11.987080595700514,12.154546788297619,4064564
2021-09-29,12.128105163574219,12.17217548053238,12.048778761163806,12.06640638360424,3393215
2021-09-30,12.189804077148438,12.233874397628577,12.039965491858831,12.136920365029429,5689988
2021-10-01,12.119292259216309,12.189804437842396,12.075221937432136,12.11047802674518,3642443
2021-10-04,12.172175407409668,12.277943663131037,12.10166239635738,12.119290859263296,4857551
2021-10-05,12.136919975280762,12.216245540911922,12.092849656215837,12.172176062418417,3809984
2021-10-06,11.934195518493652,12.13691862745092,11.934195518493652,12.110475934605628,3909319
2021-10-07,12.101662635803223,12.11929109905794,11.995894377989101,11.995894377989101,2813710
2021-10-08,12.163362503051758,12.189804359724219,12.0487800033758,12.084036092462904,3190418
2021-10-11,12.286757469177246,12.295571700928033,12.172175818702627,12.172175818702627,3593853
2021-10-12,12.374897003173828,12.401338855499318,12.189802355752732,12.216244208078225,5745893
2021-10-13,12.172175407409668,12.44540985788036,12.145732713050794,12.374897687399448,7330348
2021-10-14,12.08403491973877,12.216245030841899,12.057593065632421,12.128105236963608,4223324
2021-10-15,12.004708290100098,12.180988715098433,11.969452205100431,12.119290776491859,6312994
2021-10-18,12.374897003173828,12.374897003173828,11.978265856006148,11.995893477366032,6868891
2021-10-19,12.66576099395752,12.815599571023721,12.33082775349021,12.33082775349021,12507950
2021-10-20,12.577620506286621,12.718644843865981,12.542363581320425,12.665760296988044,4810845
2021-10-21,12.806785583496094,12.806785583496094,12.366084075620797,12.542364510656633,8202661
2021-10-22,12.991880416870117,13.035950736336531,12.745087804658203,12.753902036665771,7651582
2021-10-25,12.983065605163574,13.03595015427624,12.850855493238996,12.956623750892936,6324560
2021-10-26,13.300372123718262,13.353255835857999,13.035951041305228,13.044765273519001,12022463
2021-10-27,13.379697799682617,13.644118027041696,13.326813249867959,13.34444171332998,17937810
2021-10-28,13.335627555847168,13.432581583713876,13.326813324067084,13.335627555847168,1993490
2021-11-01,13.78514289855957,13.81158475257801,13.388510885426042,13.388510885426042,11535978
2021-11-02,13.908538818359375,13.952609135566552,13.679374681910547,13.785142938864942,9850663
2021-11-03,13.846840858459473,13.926167261202664,13.432581222229135,13.873282712516742,10655948
2021-11-04,14.1553316116333,14.217029552224846,13.979051180963603,13.979051180963603,7460192
2021-11-05,13.917352676391602,14.243471670057893,13.873282360367215,14.155331038009116,8778943
2021-11-08,13.95261001586914,13.979051871633171,13.864469375893789,13.890912072229257,7401595
2021-11-09,14.049564361572266,14.164146859874034,13.882098150559811,13.952610327888367,10265274
2021-11-10,14.040749549865723,14.076005634964483,13.890910978053153,13.96142314825067,6833855
2021-11-11,14.217028617858887,14.41093833970859,13.987864493335014,13.987864493335014,14209489
2021-11-12,14.349242210388184,14.358056442595341,14.208217857359452,14.287542584938079,6036779
2021-11-15,14.816384315490723,14.975037128287852,14.490266139090267,14.490266139090267,11670977
2021-11-16,15.080805778503418,15.107246792415168,14.613661586063197,14.825198103071184,11981015
2021-11-17,15.19538688659668,15.239458043450343,15.019107302610236,15.098432022661356,6942194
2021-11-18,15.354040145874023,15.468621794817677,15.010293517900275,15.195387338765281,13198985
2021-11-19,15.671345710754395,15.847625299431414,15.468621746118789,15.468621746118789,13075992
2021-11-22,15.600833892822266,15.953394759313818,15.547948501991417,15.812370412717197,14625917
2021-11-23,16.103235244750977,16.12086371044892,15.521509325862965,15.600835740360695,19896705
2021-11-24,16.394094467163086,16.61444519472941,16.23544167433251,16.23544167433251,12360263
2021-11-25,16.27069854736328,16.473422514711753,16.1473026655238,16.402910342068793,7854742
2021-11-26,15.856441497802734,16.076792271837476,15.627276491069447,16.041537022186272,8548827
2021-11-29,16.11204719543457,16.120861427035067,15.556762372602897,15.979835402569938,14506338
2021-11-30,16.411724090576172,16.59681790788562,15.829996581971217,15.971022604247672,15315447
2021-12-01,16.940567016601562,17.01989343027943,16.482238681193095,16.65851829292158,11009215
2021-12-02,17.01988983154297,17.284311714940046,17.00226305089728,17.01988983154297,8487197
2021-12-03,17.337196350097656,17.416522751262015,17.108031377972043,17.196172010503854,9972269
2021-12-06,17.398893356323242,17.557546150151598,17.169728396475907,17.372450663637633,9475857
2021-12-07,18.650487899780273,18.809140713478108,17.460593478189377,17.557548349036466,27170435
2021-12-08,19.37323760986328,19.990220384656,18.73862805267237,18.879652398714796,38233757
2021-12-09,20.307527542114258,20.818741255528092,19.65528779083249,19.65528779083249,33182601
2021-12-10,20.871623992919922,20.871623992919922,19.884451860868687,20.237012736193105,25508234
2021-12-13,20.99502182006836,21.66488838568793,20.67771616236882,21.206558364820378,23978329
2021-12-14,23.09276008605957,23.09276008605957,20.88925250842575,21.400466199191083,45693293
2021-12-15,23.00461769104004,24.573513890647554,22.828336425825768,23.568715049897328,46212644
2021-12-16,24.53826141357422,24.573516661907313,22.951736572297587,23.357181174414286,33127541
2021-12-17,22.08795928955078,26.37157852005105,22.08795928955078,25.208126798468964,29970546
2021-12-20,21.54149055480957,23.180899049783264,19.884451914593445,21.153672750333456,25664950
2021-12-21,19.390865325927734,21.523860579025495,19.390865325927734,21.523860579025495,12817623
2021-12-22,17.4517765045166,19.07355795242374,17.4517765045166,17.89247794837957,24366774
2021-12-23,17.05514907836914,17.91010941785416,16.1296748821254,17.716201355196294,24289055
2021-12-24,18.509462356567383,18.509462356567383,17.09921726936227,17.143288426515937,14117893
2021-12-27,18.350811004638672,19.19695879634866,18.08639076537217,18.91490841168341,16275656
2021-12-28,17.575176239013672,18.720999463185528,17.22261537627947,18.509462945545007,9740963
2021-12-29,18.10401725769043,18.38606593049131,17.222614314616333,17.487034525081484,15542001
2021-12-30,17.698570251464844,18.685742244004043,17.645686547925685,18.47420406756215,11563289
2021-12-31,17.839597702026367,18.10401962825802,17.469408350216387,17.716201811804012,7345183
2022-01-03,18.597604751586914,18.597604751586914,17.680944769663313,17.92773822967572,10864591
2022-01-04,19.196956634521484,19.549517474221506,18.579973904189426,18.826767332550787,15265651
2022-01-05,19.937335968017578,20.025474920310778,19.249841044588436,19.37323692271312,17715855
2022-01-06,19.584774017333984,19.84919592551398,19.390865962916234,19.655286189953422,15102382
2022-01-07,19.831567764282227,19.954963647960945,19.214584983602983,19.65528648947592,12232970
2022-01-10,20.378036499023438,21.01264600396393,20.095986149018323,20.095986149018323,16012047
2022-01-11,20.378036499023438,20.836364745353567,20.007847200855817,20.8011095023171,13656950
2022-01-12,21.10079002380371,21.277069629596504,20.36041130850232,20.642460022685146,18834895
2022-01-13,20.871623992919922,21.40046614647798,20.642459003673334,20.942136167984806,15448880
2022-01-14,20.66008758544922,21.030276926934963,20.289898243963474,20.83636718354446,11111595
2022-01-17,20.73059844970703,21.083159304740942,20.571945644656083,20.783482157676428,7821013
2022-01-18,19.285097122192383,20.730599202001503,18.685744487456162,20.730599202001503,8408594
2022-01-19,19.743427276611328,19.813939450840042,18.68574466318061,18.95016489625258,16964956
2022-01-20,20.272268295288086,20.695341317106795,19.743426177443325,19.83156681060791,20093884
2022-01-21,20.642457962036133,20.69534167038052,20.025475200494764,20.09598737200154,16574950
2022-01-24,19.56714630126953,21.03027507415778,19.443748744217086,20.73059793454041,14318639
2022-01-25,19.866825103759766,20.095988412161095,18.95016514558299,19.866825103759766,9860828
2022-01-26,20.85399627685547,20.942136919133702,19.90208103876498,20.007850145727442,11789967
2022-01-27,21.34758186340332,21.55911839958803,20.272270717511972,20.272270717511972,15434600
2022-01-28,22.08795928955078,22.10558775348817,21.27706844100223,21.47097818202781,17726380
2022-01-31,22.28186798095703,22.84596535123807,21.911678661424407,22.475776031705447,12587421
2022-02-01,23.515830993652344,23.674483793761134,22.51103216782029,22.634428042952585,22514522
2022-02-02,22.37000846862793,23.568717143840693,22.317124756822334,23.480576503402776,18045457
2022-02-03,21.682514190673828,22.793082175199626,21.594373554223942,22.211356328230323,13668474
2022-02-04,21.382835388183594,22.035073357838492,21.136041961364437,21.80590839317985,8411126
2022-02-07,22.652057647705078,22.652057647705078,20.57194604119521,21.347579937220715,15356500
2022-02-08,22.546289443969727,22.8283381446346,22.087959464817878,22.652058547290487,11500377
2022-02-09,22.387636184692383,22.79308244469861,22.299495547200348,22.74019705351769,9469609
2022-02-10,22.08795928955078,22.599172975735115,21.91167969360544,22.405264915852385,12253386
2022-02-11,22.387636184692383,22.475776822184418,21.488604708330726,21.75302662080683,12489173
2022-02-14,21.841167449951172,22.228983568490612,21.347580548121776,21.876422696571645,10906775
2022-02-15,21.876420974731445,22.405263081557433,21.664884468229594,21.85879251223728,10525552
2022-02-16,21.64725685119629,22.211355905042208,21.612001605973735,21.99981770913575,8210257
2022-02-17,20.889249801635742,21.946932293161733,20.801109173722914,21.71776733304544,12936175
2022-02-18,20.95976448059082,21.15367254033244,20.554318216040166,20.99501972729709,6228438
2022-02-21,20.695343017578125,21.523862347573658,20.307526889616717,21.25944210749607,11581187
2022-02-22,20.43092155456543,20.81873934045609,19.76105508116985,19.884450961667557,9936271
2022-02-23,19.884450912475586,20.924506705934085,19.743426569072003,20.62482955591578,12890767
2022-02-24,17.910106658935547,17.910106658935547,17.910106658935547,17.910106658935547,1425700
2022-02-25,17.645689010620117,18.509463573929192,16.235443830663606,16.411725108586744,54339727
2022-02-28,16.30595588684082,17.275499546070737,16.30595588684082,16.87005328225771,16886051
2022-03-01,16.2442569732666,16.87886650517319,16.191373265893407,16.526305654113976,13548346
2022-03-02,16.138486862182617,16.429349756152522,15.821182956760763,16.297139655464864,12102480
2022-03-03,16.261884689331055,16.68495769117386,16.173744060328136,16.323582625290296,12400910
2022-03-04,15.856441497802734,16.358840993619065,15.803557782754435,16.14730445228287,10192571
2022-03-07,15.777114868164062,15.988651406597535,15.107248322553252,15.68897422353104,14529035
2022-03-08,15.785927772521973,16.112047625881708,15.503879078342106,15.503879078342106,10720668
2022-03-09,16.605632781982422,16.870053011555406,15.944580526907142,16.023906932007602,22549857
2022-03-10,16.394094467163086,17.063960880701828,16.16492950875699,16.781912218399754,14997118
2022-03-11,16.65851593017578,17.002264234405647,16.2706981495501,16.39409570951536,18407469
2022-03-14,16.843612670898438,17.002265487444244,16.755472030468223,16.755472030468223,12468409
2022-03-15,16.82598114013672,17.09921556264624,16.464606093260155,16.82598114013672,24837111
2022-03-16,16.676145553588867,17.01107796847429,16.640888625104676,16.975822721132975,9276170
2022-03-17,16.74665641784668,16.89649498988365,16.552748369798792,16.781913343569613,12935533
2022-03-18,16.878868103027344,17.108033098195644,16.746657981507184,16.746657981507184,18993388
2022-03-21,17.187360763549805,17.257872945590442,16.967009984529938,16.967009984529938,11383571
2022-03-22,17.94536590576172,17.94536590576172,17.231428253889234,17.284313645160196,16994121
2022-03-23,18.015878677368164,18.333182629807112,17.663317796245504,18.156903029817226,17417985
2022-03-24,17.786712646484375,18.192157215831706,17.69857201106106,18.05113287161152,11333949
2022-03-25,17.769084930419922,18.015878383755123,17.66331750837831,17.804341858529035,10124211
2022-03-28,17.892480850219727,18.156902768107567,17.821968675011544,17.821968675011544,8916879
2022-03-29,19.196956634521484,19.355607751529476,18.01587656066939,18.033503341797374,34929505
2022-03-30,19.091188430786133,19.725797971788946,19.05593318574625,19.3908655787676,17922273
2022-03-31,18.773883819580078,19.232213797507857,18.721000108632367,19.144073158499765,12058974
2022-04-01,18.809141159057617,19.126446793970103,18.615233093912707,18.862024871162067,17578694
2022-04-04,19.214584350585938,19.373237156456295,18.932535665102094,18.932535665102094,19919615
2022-04-05,20.113616943359375,20.32515346953468,19.12644648787461,19.355609797040707,49236674
2022-04-06,19.778682708740234,20.43092069132285,19.778682708740234,20.254639428509076,25794172
2022-04-07,19.902080535888672,20.237012950711538,19.69054400845167,19.954964247462204,15866584
2022-04-08,20.34278106689453,20.536689120674062,19.954963278192672,20.007848668340287,23432317
2022-04-11,21.13604164123535,21.277065974098132,20.712968642647013,20.730597104540525,24654286
2022-04-12,21.470977783203125,21.682514303093942,20.57194631281004,21.08315998949855,27619347
2022-04-13,21.20655632019043,21.929306532028292,20.95976454901234,21.664886296868097,28975690
2022-04-14,21.083158493041992,21.45334779686105,21.083158493041992,21.34757870385159,12661377
2022-04-15,21.188926696777344,21.382834731156777,21.012645442874128,21.118412850301954,12397290
2022-04-18,21.488605499267578,21.7353989571005,21.40046653967422,21.506233963643407,13871524
2022-04-19,21.400466918945312,21.682515629385627,20.95976538859659,21.629631916463797,15797815
2022-04-20,21.224184036254883,21.57674489775889,21.04790276493148,21.523861188818987,12460347
2022-04-21,21.13604164123535,21.453347230747934,21.13604164123535,21.277065974098132,14720899
2022-04-22,20.360410690307617,21.365209624361377,20.360410690307617,21.136044630760136,21661092
2022-04-25,20.272268295288086,20.55431697650056,19.88445051804956,20.36040892845267,17285794
2022-04-26,19.321422576904297,20.557412521144872,19.157835468586757,20.448353871123704,15745720
2022-04-27,19.157835006713867,19.412304028342696,18.776132340984823,19.375950568069264,20262820
2022-04-28,19.066951751708984,19.64859494127664,18.97606984083014,19.357772479778678,16017385
2022-04-29,17.858226776123047,18.448956588716058,17.640111233016164,18.11269577646187,33685496
2022-05-05,18.721603393554688,18.903365489875046,17.958198082095468,17.958198082095468,22295950
2022-05-06,18.376253128051758,18.72160407037368,18.08543237668282,18.503488506846978,11867477
2022-05-09,18.267194747924805,18.503487022817897,18.04907920189155,18.376251654227296,13880857
2022-05-10,18.430784225463867,18.558017877088254,18.35807903404586,18.37625403182899,1945624
2022-05-11,17.994548797607422,18.285371255561557,17.64919962059,18.212666074430086,10345057
2022-05-12,17.058469772338867,17.88549185605393,16.922147774674627,17.812786675071123,16818519
2022-05-13,17.667377471923828,17.73099429277794,17.267498083575816,17.267498083575816,9315859
2022-05-16,17.44017219543457,17.96728518455723,17.349290286945514,17.712816187473514,7158052
2022-05-17,17.5219669342041,17.749170854201118,17.312938010401304,17.46743674533641,8550251
2022-05-18,17.43108367919922,17.631022489388585,17.349290135615338,17.440172043311673,8472981
2022-05-20,17.094823837280273,17.512879985256095,17.094823837280273,17.431086428770143,5913992
2022-05-23,17.103910446166992,17.503789821981055,16.958500079221572,17.176615629639702,8661419
2022-05-24,17.16752815246582,17.421997174488695,17.103911330317203,17.23114497461444,6588829
2022-05-25,17.331113815307617,17.403818996490283,17.067558183556052,17.18570345294229,9244385
2022-05-26,17.640111923217773,17.73099383642529,17.32202609370562,17.39473127758597,14231844
2022-05-27,17.294761657714844,17.812786277328918,17.294761657714844,17.685550913378854,10660040
2022-05-30,17.721904754638672,17.89458020940275,17.4856124832321,17.57649439276205,14054533
2022-05-31,17.8854923248291,17.940020778638328,17.603759957815093,17.79461041286153,13482994
2022-06-01,17.985462188720703,18.267194549271316,17.8400500928516,17.95819709572745,12798409
2022-06-02,18.23084259033203,18.43078315519242,18.030903758900042,18.085432215939967,12545776
2022-06-03,18.13087272644043,18.448956813962184,18.02181408684135,18.358076636629267,8980958
2022-06-06,18.339900970458984,18.467134612839978,18.230842324540728,18.230842324540728,10507272
2022-06-07,18.13087272644043,18.39442836087678,18.02181408684135,18.339899907791374,8836726
2022-06-08,17.367467880249023,18.358077091913955,17.176615689574522,18.230841720321514,12084818
2022-06-09,17.621936798095703,17.730995450558495,16.940324987131568,17.376557863554254,12560237
2022-06-10,17.194791793823242,17.721904790035897,17.176615065195296,17.3402021559903,9128919
2022-06-13,17.385643005371094,17.612846922883897,16.958500264481227,17.003940354612457,9901959
2022-06-14,17.467435836791992,17.576494475426497,17.167526747332417,17.403819019850303,8881891
2022-06-15,17.558317184448242,17.612845635305106,17.322024919497565,17.476523641448846,8092654
2022-06-16,17.749170303344727,17.930932393644234,17.158438742943524,17.594671573204586,14935571
2022-06-17,18.57619285583496,18.61254458140032,17.585583632825188,17.74008236669171,15746051
2022-06-20,19.83035659790039,19.83035659790039,18.75795388641834,18.90336424728761,20026611
2022-06-21,20.2484130859375,20.466528631555228,19.448654351910896,19.830356990098988,25173137
2022-06-22,19.8848876953125,20.611941329812762,19.8848876953125,20.084828268178594,14183776
2022-06-23,21.411697387695312,21.70251813408946,20.28476612870381,20.33929458529562,49169861
2022-06-24,21.21175765991211,21.81157585731398,21.029993834396503,21.61163703598946,21343027
2022-06-27,20.902759552001953,21.15722855319093,20.139354281863273,20.448351735654082,12276988
2022-06-28,19.99394416809082,21.048170176461348,19.812180345918684,20.90275981209495,13055952
2022-06-29,20.26658821105957,20.884583127646344,19.557713116621557,19.9939442106493,23149391
2022-06-30,19.648595809936523,20.466529577150265,19.539537165374796,20.248414021455158,14690217
2022-07-01,20.630117416381836,20.848232979891243,19.594066322926643,19.73947669859958,15985392
2022-07-04,20.357471466064453,21.429874276406085,20.26658954878614,20.90276123630594,17083711
2022-07-05,19.684947967529297,20.484706756045092,19.61224278070317,20.32111965232921,12334090
2022-07-06,19.630420684814453,20.04847510071041,19.266894728942212,19.8485362583378,12740568
2022-07-07,19.775827407836914,20.24841192973786,19.64859378018211,19.812179129983356,11008413
2022-07-08,19.630420684814453,19.884887987210778,19.630420684814453,19.81218279603633,2259005
2022-07-13,20.339292526245117,20.44835116181655,19.21236138133861,19.684945913101142,14290815
2022-07-14,20.066648483276367,20.57558473656971,19.921238125192552,20.448351106603425,8443740
2022-07-18,20.84823226928711,20.993642640003788,20.193883867633698,20.393824427440396,13469570
2022-07-19,21.157230377197266,21.448051127383607,20.75735097897684,20.9754665416166,12197883
2022-07-20,21.44805145263672,21.611638560454384,21.120877237001384,21.338992802948795,9711530
2022-07-21,22.429569244384766,22.593156329434514,21.357166560994813,21.484400190065422,22740813
2022-07-22,23.102092742919922,23.338385008174875,22.520451310555853,22.720390119573953,19560708
2022-07-25,22.9930362701416,23.50197430475418,22.90215608785855,23.174800101564433,10642769
2022-07-26,22.574979782104492,23.247503122246826,22.5204513311276,23.02938758491106,11703758
2022-07-27,23.192975997924805,23.28385791037027,22.46592243178939,22.62950952750557,15099462
2022-07-28,23.047565460205078,23.57467846835985,22.793096453933423,23.411091373858664,10932842
2022-07-29,23.192975997924805,23.392914818562186,22.684037981601527,23.10209408547934,17544399
2022-08-01,23.44744300842285,23.756440467198278,23.26568091900855,23.302032643520096,15465222
2022-08-02,23.44744300842285,23.956381019010777,23.174799007587257,23.465619737392768,19775098
2022-08-03,24.11996841430664,24.22902532263243,23.556501943195705,23.647383855752736,22961371
2022-08-04,24.338085174560547,24.501670545183263,24.192674800610313,24.26537998758543,16776124
2022-08-05,24.319908142089844,24.556200430178244,24.10179258387633,24.519846970428475,11845186
2022-08-08,24.610727310180664,25.04695839866928,24.501668671344383,24.71978594901695,15777314
2022-08-09,24.538022994995117,24.64708163768133,24.374435897679952,24.592551449624064,9850131
2022-08-10,24.447139739990234,24.84701909665636,24.26537765672616,24.501668191626635,11590384
2022-08-11,24.810667037963867,24.95607740613992,24.35625920405663,24.628904944457965,15967897
2022-08-12,24.047260284423828,25.17419316979614,23.883674930187414,24.97425262557127,21168632
2022-08-15,24.628904342651367,24.865196618520734,24.174496519847573,24.26537843109399,18664967
2022-08-16,24.465316772460938,24.956076310145367,23.574677873139684,24.810665948355297,16176332
2022-08-17,24.77431297302246,24.9560750493633,24.465315536472062,24.62890261857853,17679518
2022-08-18,24.628904342651367,24.901548342962332,23.86549906166673,24.883371614027396,18112256
2022-08-19,25.828540802001953,26.17388998575419,24.93790188241561,25.083312247514264,31439939
2022-08-22,26.246597290039062,26.755535342454436,25.465016947809072,25.901248078369314,21215623
2022-08-23,26.355653762817383,26.810061586314234,26.13753821555029,26.30112530935768,13245657
2022-08-24,25.37413215637207,26.555591767912862,25.337778699559994,26.537416772935053,12954395
2022-08-25,24.865198135375977,25.62860346293074,24.70161103183876,25.610426732886964,18312891
2022-08-26,25.028783798217773,25.537720076149665,24.610727698416795,25.046958793786985,18500176
2022-08-29,25.664953231811523,25.774011870326568,24.95607641503437,25.0469583248922,15888910
2022-08-31,27.064529418945312,27.66434758129998,25.937598273508417,26.101183626800246,29245021
2022-09-01,27.64617156982422,28.046050932903206,26.555592119037254,27.119058573077112,19930632
2022-09-02,27.318998336791992,28.082403632173097,27.137236244299732,27.80975962672055,13895037
2022-09-05,27.9188175201416,28.3186969112124,27.391704486496252,27.500763132580424,15839401
2022-09-06,27.409879684448242,28.809456608258028,27.02817704462996,28.26416687517073,20701071
2022-09-07,28.35504913330078,28.373224128997794,26.82823855534067,27.264469653778328,18324358
2022-09-08,27.19176483154297,28.954867711243786,27.137236376871737,28.64587024572627,19598998
2022-09-09,27.264469146728516,27.60981832654531,26.610122511241208,27.228115689153977,30308403
2022-09-12,28.4641056060791,28.954866884390665,27.464408054036795,27.464408054036795,23905532
2022-09-13,26.86458969116211,28.682220961562788,26.86458969116211,28.62769250881068,21731763
2022-09-14,27.537113189697266,27.591643376147932,25.5558965512196,26.70100273183132,16350959
2022-09-15,28.518634796142578,29.46380218606658,27.500762222378267,27.537113947584263,30024286
2022-09-16,29.681921005249023,29.77280118967569,28.300520707451454,28.53681300050328,15697506
2022-09-19,28.791278839111328,30.518029887070732,28.77310211086522,29.863681537636612,20006924
2022-09-20,29.24568748474121,29.445628034335,27.973345939246943,29.06392366391563,11140534
2022-09-21,30.427148818969727,31.154200676016366,28.99122010123135,29.100278746502525,26979056
2022-09-22,29.90003776550293,30.808853460905976,29.354746268147053,30.22720850368836,17337648
2022-09-23,29.445629119873047,30.299914602333743,28.973042821618595,29.990917135595762,15326589
2022-09-26,29.082101821899414,29.700096762963312,28.84580953658508,29.445629481415835,10315457
2022-09-27,29.354745864868164,30.62708920769553,29.06392512368306,29.082101853364215,20088332
2022-09-28,28.155109405517578,29.39109928743527,27.991522305448665,29.17298199839116,18194460
2022-09-29,27.300825119018555,28.53681332212089,25.90124807519068,28.30052102640598,17175745
2022-09-30,26.755531311035156,27.62799344069644,26.46471060114806,27.282644281062556,12021855
2022-10-03,28.518634796142578,28.536811525459733,26.88276729302149,26.991825935496113,16300539
2022-10-04,28.518634796142578,28.90033744466127,28.00969850926042,28.627693438617197,11767404
2022-10-05,29.936384201049805,30.28173509498345,28.39139874251834,28.900334986105207,18957354
2022-10-06,31.281436920166016,31.426850770530066,29.827333085095574,30.17268404599618,16432181
2022-10-07,30.71796989440918,31.77219596525637,30.408972418461374,31.299611386344626,29485619
2022-10-10,30.590734481811523,31.081495762314088,30.33626721052422,30.808851762098183,7951317
2022-10-11,30.91790771484375,31.881253517196324,30.53620335283369,30.64526372304025,24598418
2022-10-12,30.29991340637207,31.06331867836565,29.990915951830463,30.82702467185097,18366297
2022-10-13,30.154504776000977,30.89973336209111,29.409276189910845,30.372618599470094,18063973
2022-10-14,28.4641056060791,30.627087802934238,28.2823435178894,30.518030896706072,41110262
2022-10-17,28.53681182861328,28.809457570982055,28.173285905549918,28.573165287633785,35495085
2022-10-18,28.827632904052734,29.30021920970204,28.518635432479677,28.754927718590153,29806010
2022-10-19,28.736751556396484,29.518331835052088,28.66404637388368,28.991218828477166,17502489
2022-10-20,28.900339126586914,29.027574505783463,28.591341643925666,28.809458941568774,11991767
2022-10-21,28.99121856689453,29.300217756571268,28.809456478966663,29.063923748751332,14540395
2022-10-24,29.445629119873047,29.718273127734406,28.991219551056904,29.22751183346997,18924353
2022-10-25,29.26386260986328,29.772797120057696,29.118452254542543,29.60921350382116,13092135
2022-10-26,29.13663101196289,29.95456301754779,29.009395642122943,29.481978463121223,12515334
2022-10-27,28.336872100830078,29.336567924024266,28.245990189604715,29.263864475157906,15698214
2022-10-28,28.80945587158203,28.91851277535387,28.082402334914097,28.173284243676115,10793902
2022-10-31,29.954565048217773,30.08179869325481,28.336874189563748,28.882163963681407,22322481
2022-11-01,30.68161392211914,30.68161392211914,30.009092302208746,30.17267939177754,14699578
2022-11-02,31.608610153198242,32.026668026100126,30.518034044708173,30.80885480255311,19410521
2022-11-03,31.40867042541504,31.990311892520698,30.827025491452773,31.7903713381319,10110451
2022-11-04,31.5540828704834,31.917607077939447,30.827027521857623,31.42684922453094,9803686
2022-11-07,32.17207717895508,32.5174246489493,31.608608948604317,31.790372782044667,12311161
2022-11-08,33.82611846923828,34.82581426400641,31.899426859644628,32.153897590582474,27286048
2022-11-09,32.49924850463867,33.771591894795215,32.462898510780896,33.680711709865534,13887834
2022-11-10,33.08089065551758,33.33535792511406,32.08119137222639,32.62648283589155,15854834
2022-11-11,33.73523712158203,34.73493645119853,33.31718274019933,33.626180210537996,18311356
2022-11-14,33.244476318359375,34.28052554785771,33.02635904890144,33.771587563693444,16598790
2022-11-15,33.69888687133789,34.09876452001136,32.89912810713428,33.589826494271485,22341182
2022-11-16,33.13541793823242,35.225693250665806,33.08089121773878,33.77158958989213,23779701
2022-11-17,31.95395851135254,33.28082854475175,31.60860758935253,33.26265181550368,12546558
2022-11-18,33.78976821899414,34.04423550722398,31.844903163279135,31.844903163279135,14962828
2022-11-21,34.02605438232422,34.69857944317077,32.99000516622402,34.04423111011535,13387704
2022-11-22,35.080284118652344,35.607398881011164,34.17146843198408,34.17146843198408,15672138
2022-11-23,35.7709846496582,35.93457174451417,34.753112089220615,35.262046636011114,12032341
2022-11-24,37.00697708129883,37.44320820914915,35.970927719297215,36.13451135874136,15884185
2022-11-25,36.95244598388672,37.82490821818784,36.352627764447604,37.00697617360182,12007708
2022-11-28,36.44350814819336,37.84308515689239,36.4253348850448,37.225090204138446,14060717
2022-11-29,36.607093811035156,37.20691201018322,35.661928155944345,36.55256709002137,16258635
2022-11-30,39.915184020996094,39.915184020996094,35.91639700697573,36.043630650728375,26246919
2022-12-01,39.51530456542969,40.33324004792457,38.73372254145827,40.00606585492662,16181657
2022-12-02,38.82460403442383,40.62405852925215,38.09754877170592,39.678889461204015,13542163
2022-12-05,39.497127532958984,40.53317682492795,38.66101879447758,38.95183952671951,14766746
2022-12-06,38.46107864379883,40.24235651415042,38.061200999492335,39.53348140524362,12352764
2022-12-07,36.89791488647461,38.697372967381625,36.57074415680272,38.479255680743705,12327828
2022-12-08,38.442901611328125,38.606488706994526,36.09815901820409,36.80703412152075,14363416
2022-12-09,38.897308349609375,39.533479985272415,38.06119963240278,38.53378417698514,9297752
2022-12-12,40.02424240112305,40.64223732576887,39.04271982661853,39.04271982661853,9550949
2022-12-13,42.31446075439453,42.80521860354848,40.11512493089641,40.22418184550209,17096485
2022-12-14,39.98788833618164,43.09603617458461,39.47895032747097,42.659805081485416,15697639
2022-12-15,41.005760192871094,42.296280188284946,39.76977038324312,40.62405929293942,20861098
2022-12-16,42.62345504760742,43.87761813893326,41.33293503165592,41.660109217864935,6985157
2022-12-19,41.0239372253418,41.53287522921036,40.58770613639297,40.71493977064598,13542292
2022-12-20,41.7509880065918,42.69615707600884,40.860349122014505,41.060289666237146,13646631
2022-12-21,42.368988037109375,43.096039922164934,41.696466343504305,42.078167283087154,11232951
2022-12-22,41.860050201416016,43.00515639812717,41.27840527166763,42.423514935235374,9543445
2022-12-23,44.5137939453125,45.940634361048815,41.91458040830795,42.09634424729523,26117913
2022-12-26,48.93972396850586,48.93972396850586,45.62254874970335,45.66798884124866,35526096
2022-12-27,46.03151321411133,47.71282074900016,45.42260493702537,47.71282074900016,32587908
2022-12-28,43.62314987182617,46.849444637725355,43.35050587849855,46.16783292097807,28725683
2022-12-29,45.204490661621094,45.895189010420474,43.85944048731369,43.85944048731369,25919599
2022-12-30,44.76825714111328,47.12208980001315,44.62284677660759,45.34990206599263,26245312
2023-01-02,45.8043098449707,46.53136166680936,45.05908129422901,45.05908129422901,13727383
2023-01-03,49.348690032958984,49.71221768656227,45.89519119115434,46.349599024730125,30627582
2023-01-04,47.667381286621094,50.1211842221616,46.622241907843446,49.57589275489896,25162404
2023-01-05,45.16814041137695,48.894283347447605,44.641025647960916,47.80370382788699,18950990
2023-01-06,45.4044303894043,46.485923263787555,40.951235652362485,43.096037737853436,25654896
2023-01-09,42.550750732421875,46.8040084793502,42.059989423117045,45.84975268916199,16223680
2023-01-10,40.096946716308594,42.64162991966617,40.096946716308594,42.38716263938742,15105245
2023-01-11,36.53438949584961,40.64223661304657,36.53438949584961,40.13329860554071,19104938
2023-01-12,39.15178298950195,39.84248141318689,34.15329651573782,37.35232480811284,29432194
2023-01-13,37.98849105834961,39.769768786911094,37.5159065344107,38.89730665049604,19489258
2023-01-16,39.624359130859375,39.84247640224465,38.0430219140277,38.38837281586421,14417237
2023-01-17,40.91488265991211,41.55105433441901,39.60618931821597,39.715246229976465,20338542
2023-01-18,41.278404235839844,42.350806956207265,40.624059339934796,40.93305679269925,18198144
2023-01-19,41.89639663696289,42.67797858646221,40.9330543458783,41.169344870052925,13662320
2023-01-20,42.44169235229492,42.932453644636425,41.35111285826603,42.25992852548067,10808780
2023-01-23,41.950927734375,44.059379637820996,41.35110958023702,42.896096785397376,12870588
2023-01-24,42.87792205810547,43.24144969987781,40.22417859362303,41.9327529629826,18304477
2023-01-25,42.62345504760742,43.36868359759172,39.75159775412107,43.15056631783352,17298555
2023-01-26,41.0602912902832,43.16874331815842,40.914880925148935,42.587101857621334,17825019
2023-01-27,38.315670013427734,40.51500582397521,37.13421028939557,40.46047563356507,26790137
2023-01-30,36.46168518066406,38.46108042869756,36.42533518720864,38.261139863837165,16737177
2023-01-31,35.3892822265625,37.04332652866512,35.13481493911803,36.4435083033626,24462104
2023-02-01,31.86307716369629,35.7346302133101,31.86307716369629,35.60739658009533,21961046
2023-02-02,29.90003776550293,31.354141491405105,28.682222861560202,31.354141491405105,66881893
2023-02-03,31.372318267822266,31.572258830501358,29.62739032729734,29.99091799273992,37120799
2023-02-06,32.26295471191406,32.481071987495966,29.881858743332053,30.536203636364803,3995016
2023-02-07,29.045747756958008,31.80854820447828,29.045747756958008,31.735841287348293,11182510
2023-02-08,26.828237533569336,26.828237533569336,26.828237533569336,26.828237533569336,250
2023-02-15,31.93578338623047,31.93578338623047,29.73645103959194,29.73645103959194,8292227
2023-02-16,30.99061393737793,34.098765429542055,30.99061393737793,33.680711040206575,13728817
2023-02-17,31.95395851135254,32.33566289184868,30.33626774369752,30.936085941457204,9982238
2023-02-20,33.008182525634766,33.48076705667822,31.626782388782303,32.08119019168681,11131783
2023-02-21,33.898826599121094,35.44381405917444,32.390192600917686,32.681013362003384,23625338
2023-02-22,32.99000930786133,34.06241211417556,32.99000930786133,33.62618099299199,13922948
2023-02-23,32.408363342285156,33.753409980435706,32.172072817644455,33.08088839478858,12996787
2023-02-24,32.02666473388672,32.8264200023202,31.990311276178865,32.426542368103455,7122899
2023-02-27,32.20842361450195,32.28113052658979,31.063317483969595,31.93577962788533,10109179
2023-02-28,32.71736145019531,33.33535633271418,32.04483638385783,32.408364008935884,10544322
2023-03-01,34.08058547973633,34.371406198481566,32.82641896336223,32.89912587647675,13902520
2023-03-02,34.2805290222168,35.280224896982716,34.11694192025776,34.11694192025776,11899575
2023-03-03,34.18964767456055,35.171170352392004,33.18995173249397,33.989710566261415,15151518
2023-03-06,36.970619201660156,37.025149386195004,34.73493363857771,34.97122417118254,14447394
2023-03-07,37.42502975463867,37.93396778044584,36.51621408010516,37.69767376362739,15711933
2023-03-08,37.82490539550781,37.84308212405641,35.84368705284511,36.298094865990564,20616622
2023-03-09,37.07967758178711,38.38837432793383,36.91609048851877,38.09755013234613,10881498
2023-03-10,38.47925567626953,39.53348171670746,36.661624332972636,36.988798529463146,20035480
2023-03-13,37.17055892944336,39.53347807108767,37.09785201832503,38.51560558342542,12538141
2023-03-14,35.91639709472656,37.58861813139716,35.734633260268645,37.27962065287574,11772003
2023-03-15,34.26234817504883,35.970922441937134,33.48076621891302,35.916392258884756,14294856
2023-03-16,35.0439338684082,35.152990779286895,33.97153108867375,34.35323201017753,9458764
2023-03-17,33.971527099609375,35.55286425566231,33.57164602858188,35.33475045951666,11196430
2023-03-20,32.08119201660156,34.09876388565969,31.953958379247737,33.62617932773362,10756384
2023-03-21,31.49955177307129,32.44472092560783,31.317787941143997,32.08119326175324,10155068
2023-03-22,31.93578338623047,32.06301703050122,31.33596515834207,31.572259183579288,7963905
2023-03-23,32.49924850463867,32.49924850463867,31.735843163916112,31.935783730989613,7592472
2023-03-24,32.02666473388672,32.91730364658982,31.881254369911854,32.6264829186401,7750299
2023-03-27,31.626781463623047,32.48107032688162,31.4995478372287,32.135719436056746,7185632
2023-03-28,30.35444450378418,31.735841259474398,30.35444450378418,31.64496107999836,6602200
2023-03-29,30.71796989440918,30.790676814329487,29.572863640518356,30.336268965397824,7837536
2023-03-30,30.408971786499023,31.717668583013072,30.3362683349464,30.89973308519179,9256577
2023-03-31,29.57286262512207,30.48167829178084,28.791280597098464,30.28173773572179,13905205
2023-04-03,29.990915298461914,30.0999722015547,29.009394503485744,29.53650749090946,12012002
2023-04-04,30.954259872436523,31.06331677120954,29.936383927700675,30.227204635666258,10553890
2023-04-05,30.89973258972168,31.899428433822965,30.754322222091375,31.045142957351988,10952748
2023-04-06,31.717666625976562,32.19024769905123,30.717967360671924,30.717967360671924,8195163
2023-04-07,32.53559875488281,32.82641947818908,31.426846047348857,31.990310765397687,9874227
2023-04-10,33.13541793823242,33.480768857737395,32.28113247088496,32.808243747844195,11664555
2023-04-11,33.49894714355469,33.97153172198135,32.971832375243764,33.335360040758665,13266241
2023-04-12,33.29946517944336,33.97981499240128,33.16717143352765,33.50734814232461,5955644
2023-04-13,33.110477447509766,33.979814714310905,33.110477447509766,33.318360408689706,8344516
2023-04-14,32.883689880371094,33.60184146382306,32.883689880371094,33.12937464483889,5009327
2023-04-17,32.26003646850586,33.3939576479655,32.184443645681114,32.94038989710886,6122496
2023-04-18,32.60021209716797,33.33725921718566,32.2600353941949,32.2600353941949,6873510
2023-04-19,32.65690994262695,33.14827589877639,31.938758312625467,32.52461619684226,6072551
2023-04-20,32.41122817993164,32.694707595163486,32.222240701564964,32.67581209149952,1217168
2023-04-24,33.734134674072266,33.79082839055583,32.82699916397431,32.84589466637809,7933647
2023-04-25,31.50408935546875,34.28219310522551,31.48519024912042,33.79082715407689,11231568
2023-04-26,30.237878799438477,31.768670404361956,30.086689549626726,31.541888331962355,9081198
2023-04-27,29.292945861816406,30.596955428834097,29.16065571531128,30.25677870660025,8925091
2023-04-28,27.21409034729004,28.650390030668945,27.08180020356131,28.348011529392974,13141181
2023-05-02,25.51321029663086,27.62986160125837,25.286426421383414,27.327483100928443,6853582
2023-05-03,25.626604080200195,25.928982591678032,24.322594496554395,25.532110344783845,9179427
2023-05-04,25.98567771911621,26.458144586736505,25.362021598042865,25.70219831947126,5462237
2023-05-05,25.758892059326172,26.514838274365186,25.418715361399645,25.966776817882415,6264329
2023-05-08,26.93061065673828,26.968408870141086,25.60770382704632,25.796689487106306,7007797
2023-05-09,26.30695343017578,27.346380824209387,26.004574945144462,26.9495086120263,7280649
2023-05-10,25.718626022338867,26.375525757252095,25.658908382362085,26.375525757252095,5451007
2023-05-11,27.589794158935547,27.828666613746606,25.678812622057578,25.71862564705418,8957346
2023-05-12,27.01251983642578,27.928198571476972,26.654212086807213,27.589795436889165,7552657
2023-05-15,25.67881202697754,27.23148579485207,25.36031542794363,25.87787335056847,7033586
2023-05-16,26.87317657470703,27.032424876611913,25.818156099989814,25.818156099989814,5635752
2023-05-17,27.510169982910156,27.629607159404415,26.89308328312678,27.131955737725786,4830403
2023-05-18,26.674116134643555,28.08744628481343,26.5745873664373,27.589794850223893,6046969
2023-05-22,26.236183166503906,27.0921423081012,25.89778005294585,26.912989393620016,5355834
2023-05-23,26.395431518554688,27.5499826499796,26.17646368089133,27.370827836760306,10793572
2023-05-24,25.937591552734375,26.972707420509877,25.877873913713334,26.554680150583543,6433223
2023-05-25,26.77364730834961,26.93289561856336,25.977405757280838,25.977405757280838,6249377
2023-05-26,27.490264892578125,27.749041956785188,26.67411498051694,26.893082817231434,5587190
2023-05-29,29.003124237060547,29.32162084307301,27.709231300537535,28.34622451256246,7382665
2023-05-30,30.575702667236328,30.69513984374122,29.122561427032355,29.460964545675104,10851562
2023-05-31,29.660024642944336,30.834482328388482,29.620213515472948,30.655327508793334,8091709
2023-06-01,30.27711296081543,30.63542259652351,29.799368045464345,29.81927265981182,4553177
2023-06-02,33.302833557128906,33.302833557128906,32.924621195233854,33.302833557128906,6248164
2023-06-05,34.37776184082031,34.73607147941828,33.08386887671142,33.919923434513635,24936264
2023-06-06,33.402366638183594,34.53701133491021,33.402366638183594,34.31804348228604,14298134
2023-06-07,34.09907531738281,35.1740042602981,33.84029823674351,33.93982700696342,16775643
2023-06-08,34.477291107177734,35.29343916388641,33.481988228578935,33.840297872359166,13655151
2023-06-09,36.965545654296875,37.32385527239651,34.2583208035698,34.63653693342818,17547376
2023-06-12,35.751277923583984,38.63765781822858,35.691562180227514,37.56273267324082,17739104
2023-06-13,34.337947845458984,35.492498983464124,33.86020293974434,35.492498983464124,12501717
2023-06-14,34.7360725402832,36.12949431465693,34.17870155246617,34.99484962229658,17331407
2023-06-15,36.4878044128418,36.4878044128418,34.79578871185986,34.79578871185986,8500054
2023-06-16,35.611934661865234,36.766485812876354,35.53231240840535,36.62714402173728,7121037
2023-06-19,33.362552642822266,35.63184197041965,33.203304335565946,35.61193545741522,6639438
2023-06-20,33.68104934692383,34.01945247534103,32.96443006397466,33.30283319239186,5712392
2023-06-21,33.143585205078125,34.37776244911136,33.04405643560832,33.840297981704346,4055820
2023-06-22,36.06977844238281,36.06977844238281,32.765369351046374,33.22321156648346,10594087
2023-06-23,37.503013610839844,38.21963291447986,36.34846239763052,36.62714599492197,16863454
2023-06-26,38.31916046142578,38.77699886999764,38.06038338603533,38.41868922962692,7780518
2023-06-27,38.31916046142578,38.6774701017965,37.74188297487759,38.19972518022859,3940094
2023-07-03,38.876529693603516,39.55333591803705,38.61774883302536,38.816810157290334,9238569
2023-07-04,39.991268157958984,40.349577785541136,38.060382027607275,38.8765300474204,16152425
2023-07-05,40.01117706298828,41.3448830916472,38.61775149390133,40.329673685046004,15410919
2023-07-06,39.71258544921875,40.926852350998416,39.71258544921875,40.25004610558329,9735524
2023-07-07,39.8320198059082,40.488919523382236,39.43389715426013,39.71258452912538,7689305
2023-07-10,40.60835647583008,41.72309463095271,40.031082783576615,40.031082783576615,10033517
2023-07-11,40.88704299926758,41.603658471189696,39.9713624007295,41.30506837482389,9304663
2023-07-12,40.050987243652344,40.80741571808782,39.71258413216778,40.80741571808782,10820282
2023-07-13,39.3144645690918,40.8074189198168,39.3144645690918,40.05099038603233,10878219
2023-07-14,41.703189849853516,41.98187342564128,39.632958153204505,39.632958153204505,14987466
2023-07-17,41.80271911621094,43.036896303558024,41.76290609153996,41.862438653217396,20402309
2023-07-18,40.190330505371094,43.69379702430308,40.190330505371094,42.12121668479138,29814027
2023-07-19,42.43971252441406,42.559147802212465,39.37418174906167,40.09079721263109,19199624
2023-07-20,43.2757682800293,43.99238756053824,42.04159484890737,43.33548781899809,16128524
2023-07-21,46.38111114501953,46.44083068267166,42.53924534542976,43.29567383846148,20965027
2023-07-24,43.39520263671875,46.28158241347505,43.29567387067021,46.24176938834402,24305219
2023-07-25,41.882347106933594,43.75351379185576,41.32497612604108,43.395204146766226,13939896
2023-07-26,42.79802322387695,43.096613324222595,41.82262687113232,41.9022491260609,10274666
2023-07-27,43.13642501831055,44.21135010572415,42.73830236562166,42.957270204278444,10844305
2023-07-28,43.45492172241211,44.290976257572275,43.216047370889626,43.49473474712902,11588020
2023-07-31,44.609474182128906,45.46543525498281,43.773419622222676,43.79332613517033,18368851
2023-08-01,43.55445098876953,46.06261462312086,43.55445098876953,44.52985112166648,20389129
2023-08-02,43.69379806518555,44.72891017754528,43.494736729308194,43.61417201212293,10117018
2023-08-03,43.45492172241211,44.66919239882495,43.355392957398834,43.89285360396114,9219936
2023-08-04,44.450225830078125,44.868255007995266,43.494735990237686,43.79332609059043,11658322
2023-08-07,44.72890853881836,44.987689405011764,43.9326670212599,44.70900202628202,8127798
2023-08-08,43.59426498413086,44.9677840090101,43.17623960082538,44.9677840090101,6561903
2023-08-09,44.310882568359375,44.66919219562363,43.156331434273994,43.55445028929506,9542899
2023-08-10,40.369483947753906,43.69379553503559,40.09079657495171,43.594262974470894,21015986
2023-08-11,41.90224838256836,42.04159397058436,40.05098827456156,40.36948488218288,13122874
2023-08-14,41.683284759521484,43.19614555941777,41.424503890224194,42.101310137461454,10449293
2023-08-15,41.10600662231445,42.001780698980134,40.72779047919127,41.68328409322768,6852981
2023-08-16,41.76290512084961,42.101308229129394,40.78750881975586,41.205537975526845,9798895
2023-08-17,41.882347106933594,42.08140464595739,41.24535007300821,41.802721053900726,9607477
2023-08-18,39.97136306762695,42.20084316479532,39.89174081243119,42.081404086832976,10581279
2023-08-21,41.265254974365234,41.6235646054585,39.41399107823608,39.613052406263336,8938815
2023-08-22,42.399898529052734,42.85774071089514,41.32497345991334,41.50412827089973,10357282
2023-08-23,43.813232421875,46.082521731282704,42.618868228636536,42.798023047461264,23276198
2023-08-24,42.30037307739258,44.748817290174635,42.14112476591356,44.350698409866716,14249411
2023-08-25,43.97248077392578,43.992387286791505,41.703191462140495,42.499432992874006,12938811
2023-08-28,44.88815689086914,45.32609257358413,44.07200885989182,44.41041197981747,10679624
2023-08-29,46.142242431640625,46.838955211637305,44.27107194167849,44.88815866829077,22733141
2023-08-31,47.475948333740234,48.530966961010094,46.56026770598877,46.85886160865983,15967159
2023-09-01,47.256980895996094,48.49115815368923,46.938484274032554,48.27219030229708,8186744
2023-09-04,46.38111114501953,48.769839496197996,46.38111114501953,47.57547532060876,9896584
2023-09-05,47.475948333740234,47.475948333740234,45.70430661812736,46.38111288309782,9154590
2023-09-06,47.575477600097656,48.19256433162,46.699609989796144,47.87406770910658,8906332
2023-09-07,50.01396942138672,50.113498190080804,47.814350980946756,47.97359928892478,10799772
2023-09-08,49.386924743652344,49.96420220028429,48.76983805987045,49.86466964046209,15855284
2023-09-11,48.35181427001953,51.108799823044095,47.754630282019214,49.68551644396173,12418294
2023-09-12,52.05434036254883,53.14917581908853,48.09303531787207,48.39162542537228,23762092
2023-09-13,50.56138610839844,52.99987895094322,50.11349904804871,51.75575033707131,14208509
2023-09-14,52.104103088378906,52.85058023174697,48.74993352060991,50.5613844181074,17595836
2023-09-15,50.8599739074707,53.69658929639174,50.46185504717271,52.104102464862635,8885854
2023-09-18,48.07312774658203,51.95481044900295,48.07312774658203,50.76044624850581,11662787
2023-09-19,48.829559326171875,49.96420397090161,46.9782954124427,48.33190789976206,9307901
2023-09-20,47.65510177612305,49.91443971332732,46.958389018038794,48.92908821597145,6320093
2023-09-21,50.7106819152832,51.35762650181538,46.978296157977454,47.35651231114926,7746934
2023-09-22,51.7557487487793,54.14447713281921,51.158568551158865,53.54729313841968,9785603
2023-09-25,52.05434036254883,52.40269865194841,50.909744317668164,51.954811592308495,12931302
2023-09-26,51.00926971435547,52.2533982439739,50.26279259658441,52.153869480316004,9460676
2023-09-27,50.95950698852539,51.70598413055424,50.26279422994265,51.20833270253501,8118910
2023-09-28,52.104103088378906,53.29846727712362,50.95950707994867,50.95950707994867,10287280
2023-09-29,53.34823226928711,53.4477648342725,51.80551358141536,52.10410368281326,7167267
2023-10-02,52.75105285644531,54.443068518743736,52.30316579925173,54.39330413389538,6428681
2023-10-03,52.60175323486328,53.248701595388006,52.104101818083954,52.95011150467621,7297319
2023-10-04,53.24870300292969,53.74635443286361,52.1538713757867,52.75105157299576,8033844
2023-10-05,53.74635314941406,54.144475802565765,51.10879911503677,53.39799867549057,8883784
2023-10-06,53.24870300292969,55.13977995539023,52.95011290432515,53.14917423565454,7286316
2023-10-09,49.76514434814453,51.95481145881873,49.4665542414115,51.80551450706262,7689011
2023-10-10,51.7557487487793,51.7557487487793,50.06373312648261,50.06373312648261,7128517
2023-10-11,50.0637321472168,52.15387039156259,49.44664544884226,51.25809631587453,7678383
2023-10-12,48.43143844604492,50.71068297398438,47.495855096855,50.06373457716655,9053996
2023-10-13,48.670310974121094,50.26279401836765,48.05322047229387,48.57077841086877,10942348
2023-10-16,49.44664764404297,50.213031321315725,48.31200296231785,48.8494674315916,7566523
2023-10-17,50.36232376098633,50.36232376098633,48.98880853249373,49.406833915918654,6679301
2023-10-18,46.978294372558594,49.76514153940974,46.938481348100105,48.69021265970458,8973148
2023-10-19,46.24176788330078,48.1527512628237,46.102426096656394,46.99820014905447,6408113
2023-10-20,43.77341842651367,46.42092382776798,43.25586049434934,45.88345938319976,6452703
2023-10-23,44.33079147338867,44.68910111999274,43.09661422361677,44.17154316342899,5884080
2023-10-24,45.14693832397461,46.22186343813734,44.41041253720569,44.41041253720569,7331463
2023-10-25,41.50413131713867,45.84365252970568,41.24535043926309,45.18675277346805,6345180
2023-10-26,42.34018325805664,42.83783467257039,40.36948411219568,41.961967119928076,13161372
2023-10-27,41.822628021240234,43.275769333854605,40.807418614723844,42.34018598123561,10850710
2023-10-30,42.69849395751953,43.395202917932295,41.34488146852489,41.34488146852489,8898871
2023-10-31,40.648170471191406,43.05680165982344,40.648170471191406,42.79802457714913,12655621
2023-11-01,40.11070251464844,41.06619230176006,39.155212727536814,40.72778919422733,9859696
2023-11-02,41.18563461303711,41.40459866682383,40.05098992697586,40.409295777748454,6071544
2023-11-03,41.08610153198242,41.90224958707004,40.64816963310928,41.305069379808565,3251604
2023-11-06,41.30506896972656,42.22074578467375,41.22544291793335,41.543943328327074,4807783
2023-11-07,42.041595458984375,42.340185564602976,41.1856343719063,41.60365976041651,9082383
2023-11-08,42.897552490234375,42.897552490234375,41.703192074972435,42.41980756477376,5793805
2023-11-09,41.92215347290039,43.216046372063076,41.38469283876008,42.738301476838956,9019343
2023-11-10,40.68798065185547,41.24534780532456,40.369484050793425,41.24534780532456,7777213
2023-11-13,40.01117706298828,40.906947388733414,39.77230269805538,40.687983334055744,4463693
2023-11-14,39.69268035888672,40.32967360168551,39.274651170313,40.21023831785554,5008327
2023-11-15,39.89173889160156,40.210235490606934,39.41399019631456,40.05098719110425,5169298
2023-11-16,41.34488296508789,41.34488296508789,40.01117694051153,40.09079919739262,5872405
2023-11-17,41.30506896972656,41.86243994194167,41.00647886906027,41.424504250637256,4427763
2023-11-20,43.59426498413086,44.13172944562002,41.50413047404521,41.524036987075824,12130376
2023-11-21,46.28158187866211,46.44083018056699,43.77341827607597,44.03219913965828,17196947
2023-11-22,46.50054931640625,47.47594563175613,46.02280441481318,46.4806428042425,10232977
2023-11-23,44.3506965637207,48.610591566046004,44.310883538313405,46.63989236973348,20127341
2023-11-24,47.09773254394531,47.09773254394531,43.57435939516939,44.310885205804844,18314264
2023-11-27,46.48064422607422,47.356511804176904,46.04270853863333,46.97829565505407,10096358
2023-11-28,46.73942184448242,46.91857666475005,45.764025487902664,46.58017353722,9443160
2023-11-29,46.28158187866211,47.356510764104314,45.684401695713554,46.739420272041265,8558745
2023-11-30,44.88815689086914,46.639892028171,44.768721612300986,46.38111116169777,7328118
2023-12-01,44.390506744384766,45.525155212153024,43.79332653758392,45.28628085136519,5555454
2023-12-04,46.79914093017578,47.27688584733536,44.052102910534316,44.49003859884825,11221642
2023-12-05,47.39632034301758,48.132846117769304,46.22186268397881,46.460737036994765,11889002
2023-12-06,45.00759506225586,47.87406447099396,44.7687207131382,47.39631956953761,7466834
2023-12-07,46.18205261230469,46.3413009124804,42.73830195123905,44.96778195047801,4984515
2023-12-08,46.8986701965332,48.47125055443323,46.04270912038803,46.22186394082675,13573777
2023-12-11,44.450225830078125,46.83895422645834,44.450225830078125,46.779234687676144,6563907
2023-12-12,44.76872253417969,45.1668451999771,43.27576823260811,44.09191628039157,6763898
2023-12-13,43.07670593261719,44.888156807447125,43.07670593261719,44.888156807447125,3860737
2023-12-14,43.69379806518555,44.72891017754528,43.15633359735044,43.51464324257385,7141398
2023-12-15,43.39520263671875,43.6141704781604,42.519338864510246,43.29567387067021,9247815
2023-12-18,39.55333709716797,42.32027781692204,39.31446274157309,42.30037130422421,10682961
2023-12-19,37.084983825683594,39.39409001199308,37.084983825683594,39.33437047205069,12993592
2023-12-20,36.98545455932617,38.27934753313925,35.91052943224947,37.06508061151363,14061119
2023-12-21,38.04047775268555,38.23953529369083,36.66695869842964,36.925735779804036,8413154
2023-12-22,36.4878044128418,38.39878796829765,36.34846261336904,38.080287545072274,5631301
2023-12-25,34.03936004638672,36.36836899158105,34.03936004638672,36.32855596422885,3629408
2023-12-26,33.84029769897461,34.81569405939038,33.34264626222498,34.51710395669643,4751878
2023-12-27,34.537010192871094,35.29343870008285,33.4023655336639,33.99954573426375,4954976
2023-12-28,35.13418960571289,35.91052840522104,34.49719639354757,34.5569159309802,3922436
2023-12-29,36.746578216552734,36.746578216552734,35.193908250476895,35.193908250476895,4924692
2024-01-02,36.72667694091797,37.323857136388554,36.42808304640359,37.08498278013287,4328398
2024-01-03,35.71146774291992,37.065080242393364,35.51240641121281,36.68686409182776,4699498
2024-01-04,36.52761459350586,36.56742761790355,35.01475383740442,35.69156006504925,3937319
2024-01-05,36.64704895019531,37.24422911405743,36.089678012952824,36.547520188477925,5357598
2024-01-08,37.363670349121094,37.642353935499955,36.686864099247494,37.02526722418429,7395571
2024-01-09,36.169307708740234,37.70207509320827,36.06977893698175,37.60254252467051,5605807
2024-01-10,36.92573547363281,37.18451634964074,35.95033910303344,36.16930695245873,4925636
2024-01-11,37.244232177734375,37.68216787758441,36.88592632801052,36.88592632801052,5285195
2024-01-12,37.721981048583984,38.02057115621922,36.10958763315116,37.00536175283606,8160440
2024-01-15,37.94094467163086,38.45850262415042,37.34376446314322,38.0205707243781,6061893
2024-01-16,38.6973762512207,38.93624681137084,37.761789133091874,38.17981830852327,6006111
2024-01-17,38.956153869628906,38.97606038271665,38.159912330014606,38.617750740695435,5305833
2024-01-18,38.91633987426758,39.21493376636842,38.4983145001729,39.155214228592435,4327980
2024-01-19,38.438594818115234,39.095494544069055,38.2793465147561,39.01587229077901,3397738
2024-01-22,38.816810607910156,39.11540069938443,38.259439652853565,38.37887872686648,3554186
2024-01-23,38.37887954711914,39.47371117151712,38.29925349607539,39.1154015353784,4508242
2024-01-24,38.657562255859375,38.916339322327,37.92103648751783,38.45850092954174,4857940
2024-01-25,39.51352310180664,39.53342961401581,38.57793601187051,38.75709082497407,6339035
2024-01-26,39.67277145385742,39.79220673048747,39.05568476169334,39.59314540491806,7154304
2024-01-29,39.732486724853516,40.230138134514185,39.69267749763266,39.911641536073674,7033036
2024-01-30,39.214935302734375,40.01117685371402,39.07558970913114,39.91164428685456,5889927
2024-01-31,41.5837516784668,42.300370942341644,39.19502712684905,39.274649380180115,24935319
2024-02-01,44.091915130615234,44.589566551495274,42.320277287251606,42.320277287251606,17573366
2024-02-02,43.83313751220703,44.54975296747057,43.17623779676105,44.290975902443535,10350774
2024-02-05,43.93266677856445,44.987689156488095,43.57435714844778,43.892853753711705,7669680
2024-02-06,44.9478759765625,45.26637258072759,43.97247965170953,44.09191492907669,8237219
2024-02-07,44.9478759765625,45.96308532613086,44.56965983532432,45.48534041988322,6979536
2024-02-08,45.46543502807617,45.66449635978021,44.66919349803911,44.98769011005393,5716775
2024-02-09,44.88815689086914,45.78393097207794,44.66919284629069,45.58486964327831,7898160
2024-02-12,45.14693832397461,46.08252164526245,44.72890914857087,45.166844836782325,10708849
2024-02-13,43.49473571777344,45.385808872680656,43.49473571777344,45.18675133821186,6843789
2024-02-14,44.0720100402832,44.47013270854547,43.35539455290193,43.69379768189111,5724749
2024-02-15,46.002899169921875,46.520457110099954,44.350696582606076,44.39050581125125,13084318
2024-02-16,46.52045822143555,47.27688673867146,45.68440365144893,46.002900268893434,16308872
2024-02-19,45.28628158569336,47.15745208573887,45.24646855878662,46.938484234531,11709128
2024-02-20,45.584869384765625,46.14224034288791,45.286279291649016,45.34599882898395,7887526
2024-02-21,45.883460998535156,46.10242884590783,44.669194073380964,45.78393222979075,7473600
2024-02-22,46.95838928222656,47.13754410093556,45.94317990846865,46.361209084382665,9018698
2024-02-23,46.61998748779297,47.17735847265475,46.00290075951046,47.17735847265475,7416176
2024-02-26,47.575477600097656,47.913880736115566,46.58017470554842,46.73942301680513,9340003
2024-02-27,46.12233352661133,47.61528777913853,45.9232722002519,47.57547475451084,7713376
2024-02-28,46.978294372558594,47.256977950210015,45.74411719179847,46.122333330596106,7515454
2024-02-29,46.75932693481445,47.19725881726708,46.18205326234414,47.018107799229334,7080848
2024-03-01,45.863555908203125,47.69490945769156,45.863555908203125,46.93848098276281,8928209
2024-03-04,44.62937927246094,46.580171917798566,44.60947276014782,46.26167531434667,8664892
2024-03-05,43.813232421875,45.107125382558706,43.813232421875,44.629380464619146,7570490
2024-03-06,42.9373664855957,44.19145026541474,42.9373664855957,44.11182421098466,6203538
2024-03-07,45.08721923828125,45.12703226429644,43.196146063909204,43.196146063909204,4568452
2024-03-08,45.803836822509766,45.903365587081296,44.74881445286815,45.08721756790195,3984824
2024-03-11,44.808536529541016,46.619987484229334,44.808536529541016,46.241771323217066,5417364
2024-03-12,44.151634216308594,45.166843560132186,43.693795825009424,44.86825347001442,5107663
2024-03-13,43.69379806518555,44.70900366427962,43.61417201212293,44.15163647995804,4543272
2024-03-14,43.49473571777344,44.07200940193531,43.15633259368575,44.03220017310901,3603942
2024-03-15,42.977176666259766,44.17154082614871,42.69849308777132,43.793324686215094,3806541
2024-03-18,42.30037307739258,43.57435956922469,42.30037307739258,42.9771793503732,3807144
2024-03-19,42.817928314208984,43.35539275504174,41.723092920277914,42.39989915019051,4660059
2024-03-20,42.02168655395508,43.2956729570318,42.02168655395508,42.69849277978433,3984718
2024-03-21,42.00178146362305,42.63877468672443,41.782813619389785,42.300371562354435,3918357
2024-03-22,40.78750991821289,42.101309362968635,40.58844859090283,42.081402850559726,5538613
2024-03-25,41.10600662231445,42.20084202677018,40.449106898352625,40.64816822614267,6928625
2024-03-26,39.3144645690918,41.305070370058466,39.29455805546862,41.12591554422913,4388680
2024-03-27,40.230140686035156,40.66807638425031,39.075589494268335,39.51352519248349,4965738
2024-03-28,41.02638626098633,41.1060085177063,40.2301409131114,40.2301409131114,4099865
2024-03-29,40.56854248046875,41.4643165638503,40.090797568258274,41.02638467685213,4018067
2024-04-01,39.41399002075195,41.165725104257646,39.05568419605113,40.966663781571235,3885233
2024-04-02,38.47840881347656,40.19033096534186,38.47840881347656,39.61305347812063,3799292
2024-04-03,38.10019302368164,38.83671882531468,37.96085122799465,38.757092772476874,2748428
2024-04-04,39.89173889160156,40.19032897857173,38.29925209979576,38.29925209979576,3927585
2024-04-05,41.882347106933594,42.04159541622014,40.011176625232245,40.2699537040307,5395363
2024-04-08,42.47952651977539,42.917458412894014,41.862439807476626,41.9221555493506,4822986
2024-04-09,42.47952651977539,42.47952651977539,42.47952651977539,42.47952651977539,0
2024-04-15,41.404598236083984,43.89285543288661,41.10600813182351,42.34018537202044,7904605
2024-04-16,40.74769592285156,42.280463170818265,40.32967056255824,41.20553810379335,5500217
2024-04-17,38.89643859863281,41.90224997251471,38.89643859863281,40.90694708673736,9919229
2024-04-18,40.66807556152344,40.98657217372072,39.01587296195788,39.35427608701488,9472851
2024-04-19,44.72890853881836,44.72890853881836,41.46431641843917,41.8027195379989,14833558
2024-04-22,44.649288177490234,46.56026790060935,44.11182370657078,45.16684613502979,17075289
2024-04-24,45.883460998535156,46.819048130560844,44.470132739113,44.888158123974485,16480734
2024-04-25,47.057918548583984,47.57547649736685,45.92327388258196,45.98299342171122,11646911
2024-04-26,48.570777893066406,50.21302909982098,47.33660449612734,47.57547505182824,14075133
2024-04-29,50.611148834228516,50.660917014575034,48.21246909719927,49.32721103236091,10060516
2024-04-30,51.50692367553711,52.850581035317724,49.645708366205234,50.5613851868719,12218800
2024-05-02,52.303165435791016,52.70128810536964,50.95950807032669,52.004575331996634,7533378
2024-05-03,52.50222396850586,52.8505784382109,50.90974096874144,52.2036338806474,5750183
2024-05-06,51.7557487487793,53.24870303960947,51.25809731850257,52.75105160933274,4664777
2024-05-07,51.60645294189453,52.502227054907955,50.11349861805829,51.75574989298983,5356725
2024-05-08,51.20833206176758,52.20363490535187,50.611148077549586,51.656219100736315,4030495
2024-05-09,51.35762405395508,51.954808024727875,50.85997264336722,51.208330908846094,2613790
2024-05-10,53.54729461669922,54.19424301263089,51.4073956855006,51.4073956855006,6313876
2024-05-13,52.303165435791016,53.99518108633143,52.303165435791016,53.547294032250264,3829866
2024-05-14,52.90034866333008,53.845883345330826,50.66091722258894,52.30316466773164,5321014
2024-05-15,54.34353256225586,55.13977785727562,52.50222386027532,52.651520802286264,4337830
2024-05-16,54.14447784423828,54.49283233129748,53.198939354933,54.29377099721545,3022874
2024-05-17,55.88625717163086,56.13508288691545,53.69659011777063,54.14447716463872,5895673
2024-05-20,55.736961364746094,57.22991568701608,55.338838693429096,56.1350840360631,7346059
2024-05-21,53.895652770996094,55.33883891761359,52.60175598236369,55.33883891761359,8878170
2024-05-22,55.83648681640625,56.13508070054128,53.895649350202326,53.94541373196518,5064134
2024-05-23,55.2890739440918,56.3839093846038,55.090012609746054,55.48813527843754,2772948
2024-05-24,53.94541549682617,55.09001150193384,53.59705721953152,54.99048273515198,2457504
2024-05-27,53.94541549682617,54.5923600744664,53.19893835562502,53.94541549682617,3076799
2024-05-28,54.39330291748047,54.89095434839327,53.198938723933935,53.99518025403859,3253351
2024-05-29,52.950111389160156,55.040245816361896,52.950111389160156,54.7416557263015,2685231
2024-05-30,53.54729461669922,54.0947104457603,52.80081745067614,52.95011440259244,2428883
2024-05-31,52.4026985168457,55.04024888920658,52.203637180099044,53.447765788791685,4779323
2024-06-03,52.90034866333008,53.54729324592116,51.60645190458969,52.402697232054265,3128181
2024-06-04,52.203636169433594,53.8956518038539,51.805513503647944,52.99987770422576,2395154
2024-06-05,52.65152359008789,53.09940684627741,51.606452534234606,52.05433958720328,2722110
2024-06-06,52.25339889526367,53.14917296646551,51.95480880378939,52.7510503133138,2774670
2024-06-07,49.964202880859375,52.55198872302247,49.76514155528245,52.25339863304657,3385678
2024-06-10,49.466552734375,49.814907215487445,48.590685157433455,49.645707552312565,3500122
2024-06-11,49.14805603027344,50.262794164486685,49.10824300485677,49.466552640048654,2303820
2024-06-12,50.11349868774414,50.95950841716195,49.24758624181319,49.24758624181319,3868638
2024-06-13,52.9998779296875,52.9998779296875,50.7106820836296,50.76044646786972,5558295
2024-06-14,52.50222396850586,54.244003910588994,51.10879849612777,52.999875380529616,5809765
2024-06-20,56.23461151123047,56.23461151123047,52.104103129304555,52.99987722076146,4311502
2024-06-21,55.23930740356445,56.782026040164055,55.23930740356445,56.23461023966471,3461890
2024-06-24,54.09470748901367,55.48813297480559,53.44776292522235,55.18954288407275,3475121
2024-06-25,55.13977813720703,55.43836822596583,53.34823001109627,54.09470713138276,3185167
2024-06-26,54.791419982910156,55.63742966571734,54.393301129335285,54.99048130808708,3575836
2024-06-27,54.044944763183594,55.139780191799744,51.50692321899475,54.74165752743403,8701690
2024-06-28,52.45246124267578,54.89095399793547,51.70598410107256,53.995179909299964,5695123
2024-07-01,51.10879898071289,54.19424004258197,50.412090034697,52.60175323093951,5531401
2024-07-02,52.25339889526367,52.45246022183952,50.859973406011704,51.35762482406183,2524550
2024-07-03,52.90034866333008,53.44776447837764,51.15856865386475,52.253400283959884,3282067
2024-07-04,56.732261657714844,58.12568714696681,53.24870173136393,53.24870173136393,8033840
2024-07-05,56.682498931884766,57.080617799893,56.08531493470373,56.63273454798112,2936741
2024-07-08,57.72756576538086,58.573571675989456,55.43836995128192,56.981088621863,8608161
2024-07-09,58.175453186035156,58.77263338598917,57.08061775708065,57.92662746992446,5276618
2024-07-10,57.92662811279297,59.22052109157233,57.52850544388586,58.225218216083725,6645119
2024-07-11,59.12099075317383,59.41958084853752,57.926626574939995,58.12568790410881,5818580
2024-07-12,58.225215911865234,59.320047512863916,56.782026040164055,59.22051874796549,5649157
2024-07-16,57.030853271484375,60.11629442382068,56.93132450392928,58.27498184981859,7581618
2024-07-17,55.78672409057617,57.97639112414876,55.48813399435697,57.1801496019712,8422146
2024-07-18,56.23461151123047,56.533201609456405,55.33883741977357,55.83648884907649,3033695
2024-07-19,55.88625717163086,58.22521737659438,55.53789889216497,56.334140421719844,4745393
2024-07-22,55.93601989746094,56.93132272909982,55.736958571777365,56.33413875204909,2449971
2024-07-23,55.338836669921875,56.28437513214103,54.890953427041424,55.93602065506089,3112519
2024-07-24,57.876861572265625,58.2749804295623,54.74165611256184,55.28907191433166,7244870
2024-07-25,55.58766174316406,58.67310280568651,55.58766174316406,57.57826741055442,3696573
2024-07-26,57.37921142578125,57.57826896045535,55.33883752435983,55.736960187266234,3445543
2024-07-29,56.881561279296875,58.17545426777587,56.33414165625109,56.83179309772603,4835632
2024-07-30,56.732261657714844,57.87686143794174,55.73695882161458,57.130384310866546,3685278
2024-07-31,57.47874069213867,57.8270951776218,55.53789933798336,56.28437648982932,4275841
2024-08-01,57.92662811279297,58.92193098828158,57.47874105946726,58.225218216083725,3086216
2024-08-02,55.338836669921875,58.075919493999976,54.443066387381926,57.18014921146002,3746487
2024-08-05,50.76044464111328,52.85057907821222,49.81490618746223,52.85057907821222,5734612
2024-08-06,49.26749038696289,52.15387013036525,49.26749038696289,51.85527624211196,5379802
2024-08-07,51.20833206176758,51.407393389840244,48.869368101277075,49.42673906052473,3177670
2024-08-08,52.90034866333008,53.29846753028326,51.10880047331388,51.20833303763651,3182198
2024-08-09,52.4026985168457,55.98578739116883,52.35293033507464,55.78672605442217,5391887
2024-08-12,50.56138610839844,53.04964333614225,50.31256038562406,52.99987895094322,4045045
2024-08-13,51.307861328125,52.40269674481958,50.11349714481231,50.561384188151955,4338409
2024-08-14,50.7106819152832,52.60175508758397,50.56138496627932,51.75574916797298,3604497
2024-08-15,51.55668640136719,51.80551211160233,50.26279346750022,50.760444887970515,6031688
2024-08-16,51.60645294189453,52.70128839077529,51.60645294189453,52.10410438317328,2695218
2024-08-19,53.64682388305664,53.74635264702473,51.60645005070012,52.20363402484555,2691975
2024-08-20,53.09940719604492,54.044945692589486,52.55199137071254,54.044945692589486,2221986
2024-08-21,53.19894027709961,54.94072033614641,52.25340177140407,53.09940770994369,3038965
2024-08-22,54.791419982910156,54.84118436500964,52.95011126777629,53.19893697505271,3534087
2024-08-23,54.044944763183594,55.98578610760299,53.24870323123129,54.79142191128497,3642073
2024-08-26,51.7557487487793,54.24400590016291,51.45715864996908,53.9454158013527,4214986
2024-08-27,52.50222396850586,52.8505784382109,51.10879849612777,51.75574685047023,1947595
2024-08-28,53.19894027709961,54.194243167983494,52.35293054178078,52.35293054178078,3960555
2024-08-29,53.149173736572266,53.89565087446357,52.55198974819179,53.19893811974254,2279992
2024-09-02,54.2440071105957,55.637432665175886,53.94541700512257,53.94541700512257,4631744
2024-09-03,54.09470748901367,55.73695868321279,53.99517872436239,54.39330137652551,3658421
2024-09-04,55.189544677734375,55.537899162114385,53.54729343016205,53.74635476271311,2903679
2024-09-05,53.696590423583984,56.38390892331824,53.696590423583984,55.58766359244947,3529463
2024-09-06,54.19424057006836,54.74165637445712,53.59705658609777,53.74635353128518,2592570
2024-09-09,53.845882415771484,54.4928307839732,53.248702227261475,53.94541497837585,3029171
2024-09-10,53.149173736572266,54.54259544923526,52.153870886050534,53.94541525763384,4738957
2024-09-11,51.00926971435547,53.19893668583969,50.163263832926525,52.90034659808706,8441267
2024-09-12,51.656219482421875,53.0994055788595,50.71068101467445,52.253399674273375,4590401
2024-09-13,53.845882415771484,54.04494374420117,51.6562191933821,51.6562191933821,2506549
2024-09-16,54.44306564331055,59.220518475234144,53.2487014861349,53.84588166633323,4921206
2024-09-17,54.642127990722656,55.38860512831843,54.1444765656588,54.4430666613413,2390590
2024-09-18,55.98578643798828,56.23461215549045,54.24400641547309,54.64212908218822,3481407
2024-09-19,57.08061599731445,57.478738649529284,56.085313163556364,56.83179028887493,3547240
2024-09-20,57.42897415161133,57.72756424178199,56.2346099941497,57.72756424178199,2344371
2024-09-23,57.13038635253906,57.87686350629116,56.78202806938726,57.52850522313936,1655274
2024-09-24,57.27967834472656,57.777329770478794,56.6824981525355,57.13038519506833,2315940
2024-09-25,56.732261657714844,57.42897440234083,56.23461023966471,57.08061613163833,2457245
2024-09-26,57.229915618896484,57.926628394482364,56.73226417873217,57.27968000355708,3605609
2024-09-27,54.59236145019531,57.428976936309944,53.597058570178774,57.229915600950804,7303256
2024-09-30,51.7557487487793,54.84118609778334,50.760445888225846,54.54259599897313,6305055
2024-10-01,49.28739929199219,51.954811325974724,48.948996159418904,51.755749989735286,6745084
2024-10-02,46.85886001586914,49.705422978511166,46.83895350324911,49.2873976038276,5014566
2024-10-03,47.416229248046875,48.17266157344987,46.8190490305428,46.89867128771304,5585005
2024-10-04,49.16796112060547,49.96420262200909,46.30148791877347,47.61528734528418,7363428
2024-10-07,50.76044464111328,51.30786044161262,49.66561304011459,49.765141805013016,5460758
2024-10-08,51.7557487487793,52.50222589419438,50.21303007427727,50.66091712088214,3680205
2024-10-09,52.352928161621094,52.65152205273444,51.60645102739582,51.70598359002661,2656303
2024-10-10,57.578269958496094,57.578269958496094,51.90504659280648,52.35292985036575,11939212
2024-10-11,62.45525360107422,63.25149511870422,56.68249785228293,58.52380659910099,24679090
2024-10-14,64.29656219482422,66.73505871842288,61.808305085167255,64.64491667146457,24607557
2024-10-15,66.03834533691406,67.58106785626991,61.80830804774436,64.04773955377539,17174368
2024-10-16,65.34163665771484,67.28247426798461,63.50032402157943,66.68529404894457,10826743
2024-10-17,70.46744537353516,71.81110271292735,65.19233718948205,65.34163413687187,19011163
2024-10-18,69.52190399169922,71.86086421886395,68.17824663512019,69.77072970934564,17682214
2024-10-21,69.17354583740234,71.01485453162881,68.27777178266685,70.06931989213783,10359982
2024-10-22,72.75663757324219,74.15006309645089,68.57636859717428,69.0740200273518,15345263
2024-10-23,72.85616302490234,75.04583377416706,71.66180268425458,73.15475690684322,11918435
2024-10-24,73.65241241455078,74.15006384978423,72.30875505813212,73.20452916026399,8478101
2024-10-25,74.64771270751953,75.09559594634143,73.45335234162242,73.65240987141927,5526989
2024-10-28,74.050537109375,75.44396268490026,74.050537109375,74.39889160486669,2236610
2024-10-30,73.65241241455078,74.99606977096944,73.65241241455078,74.3491213864543,6487978
2024-10-31,74.79701232910156,75.84207578828142,73.30405802150895,73.65241250790224,6505917
2024-11-01,75.54348754882812,79.87305341128919,74.34911957719736,75.04583612570482,14482675
2024-11-04,74.15006256103516,77.48432560043719,73.50311418776417,75.64301684078754,7302230
2024-11-05,71.66180419921875,75.09559594634143,71.66180419921875,74.39888699849446,5440117
2024-11-06,72.80640411376953,74.15006142627225,70.66650149349437,72.35851328056327,8089809
2024-11-07,71.7115707397461,73.4035824850287,69.6711969349425,72.95569925644149,4780709
2024-11-08,70.46744537353516,72.50781167600236,69.62143186951212,71.71157394585352,7043228
2024-11-11,73.25428771972656,74.59794503894825,69.92002471467774,70.46744431570343,6932816
2024-11-12,76.0411376953125,76.6383178743229,73.25428673518665,73.25428673518665,6241294
2024-11-13,76.38949584960938,77.78292139684812,75.29466420304978,75.99137317988998,5532440
2024-11-14,79.27587127685547,79.47492880379676,76.88714298577044,77.13596869122601,4717501
2024-11-15,81.21671295166016,81.61483561973638,79.52470110428406,79.82328741017251,3800017
2024-11-18,81.21671295166016,82.26178400616547,80.17164949071315,81.71436438836587,3502257
2024-11-19,82.65990447998047,83.25708466946313,80.81858813820165,81.61483345321726,5427743
2024-11-20,80.22140502929688,83.90402998527811,80.12187626693151,82.80919081858558,4350203
2024-11-21,81.01765441894531,81.7143633843496,78.57915785291392,80.52000298835421,3880460
2024-11-22,82.06271362304688,82.8091907303283,80.7190563486519,81.6645985740097,3833545
2024-11-25,77.03644561767578,82.56037213065247,76.73785171165176,82.56037213065247,5801290
2024-11-26,77.18573760986328,78.18104044122937,76.19043477849719,77.2354981952968,4260937
2024-11-27,77.33502960205078,79.07680961645335,76.93691453074821,77.23550083422514,2778174
2024-11-28,76.9369125366211,79.67399534545413,76.9369125366211,77.38479577700691,3215595
2024-11-29,81.61483764648438,82.46084359118136,77.2355033760101,77.63362605397295,6499158
2024-12-02,82.41107940673828,82.56036876009703,80.86835694452712,81.61483408555353,2988062
2024-12-03,81.2664794921875,83.50591091215469,81.11718254547806,82.56036864536699,3264888
2024-12-04,80.76882934570312,82.11248670026859,80.12188096208027,81.41577772932598,3244202
2024-12-05,81.06741333007812,82.65990394989697,80.8683557993798,81.06741333007812,2218683
2024-12-06,80.12187957763672,82.31154281438491,79.27587367223666,81.11718242953283,2741854
2024-12-09,80.52000427246094,82.36131307630102,79.82328770238745,81.61483591850977,4821280
2024-12-10,77.93222045898438,81.01765794419143,77.93222045898438,80.66930344633167,3259818
2024-12-11,76.19043731689453,78.52939752981916,76.19043731689453,77.93221732981516,2853070
2024-12-12,75.29466247558594,76.98667429112615,75.29466247558594,76.63831981069823,1561233
2024-12-13,75.84207153320312,76.33972294114686,75.14536259950503,75.34442012525938,1713570
2024-12-16,76.38949584960938,76.88714728836905,75.39419297209004,76.24019889926981,1660704
2024-12-17,74.49842071533203,76.48902651984889,73.951008675225,76.43926593087109,2290912
2024-12-18,74.74724578857422,77.28527120460718,74.24959434178803,74.29936252389003,2481597
2024-12-19,73.95100402832031,75.34442192907625,73.5031131943133,74.1998297382493,1872920
2024-12-20,73.50311279296875,74.34911868339633,72.6073387234039,74.00076421010944,1613946
2024-12-23,70.81580352783203,74.89654393796633,70.11908693506464,73.75194407335877,4224647
2024-12-24,71.26367950439453,71.26367950439453,69.52189959112029,70.81579627840428,2151860
2024-12-25,72.65711212158203,73.8017119819351,70.06932608527849,71.96040312496288,1587052
2024-12-26,70.51720428466797,76.19043499576767,69.5219014504636,73.15475831402115,7026100
2024-12-27,69.7209701538086,71.21392448178258,69.07402175964152,70.46744731779559,3045199
2024-12-30,67.18294525146484,70.21862211136181,66.93411952831127,69.77073125355031,2648198
2024-12-31,71.7115707397461,73.90123389170687,63.84867699551959,66.38669461344351,6629033
2025-01-02,64.5453872680664,69.27307572970396,64.5453872680664,68.97448943563008,12001137
2025-01-03,64.19703674316406,66.13787435146423,62.55478544730166,65.68999108602834,14955777
2025-01-06,64.99327850341797,65.88904498476441,64.14726501438936,64.34633013856705,5587019
2025-01-07,67.23271179199219,69.123781166941,64.89374397660913,65.09280910640678,13489211
2025-01-08,65.09281158447266,68.02895212035192,64.09750867826837,66.73506289842146,9614446
2025-01-09,64.89374542236328,65.8890483128508,64.19703643644539,65.29186809726998,5958427
2025-01-10,64.89374542236328,66.38669975809458,64.7444560636369,65.14257114498517,3608428
2025-01-13,61.85807418823242,65.1923372462367,61.45995152603231,64.94351153155641,4999380
2025-01-14,64.29656219482422,64.69468485108095,61.70877631949259,62.20642774142399,6464670
2025-01-15,65.78952026367188,65.9885854000865,63.5500887355272,64.59515981941811,7523482
2025-01-16,65.93881225585938,66.3866954903628,64.94350942935584,66.08810919854649,5534209
2025-01-17,64.74445343017578,66.88434848283764,63.69938240024846,66.68529095026011,8301912
2025-01-20,63.898441314697266,66.0383440071949,63.84868072725582,65.29186685354863,6474820
2025-01-21,63.251495361328125,64.5951564869632,62.80360831944977,63.898439935793256,3566532
2025-01-22,63.550086975097656,63.550086975097656,62.50501971693587,63.550086975097656,3643805
2025-01-23,64.14726257324219,65.09280479159767,63.50031802979001,63.798908111135546,3940671
2025-01-24,63.450557708740234,64.54538934264998,62.554783610611075,64.19703485825482,3679140
2025-01-27,63.251495361328125,63.40079230754726,62.25619251127802,63.20173097818144,3256734
2025-01-28,63.69938278198242,64.74445381817259,62.106899731144495,63.400792684547696,4627392
2025-01-29,62.704078674316406,65.3913932943639,62.35572420039291,63.79891027531509,6163853
2025-01-30,63.898441314697266,64.29656398202026,62.40549080418387,62.70408090628655,3476677
2025-01-31,63.450557708740234,65.19233772427428,63.351028940849936,63.699383425245095,3854986
2025-02-03,62.903141021728516,63.500321214368526,61.41018674334941,62.853376638471694,3554816
2025-02-04,62.80360794067383,63.69938201902802,62.05713080763834,63.10220183131125,3345938
2025-02-05,59.369815826416016,63.102201470236494,59.021457554925355,62.70407881618404,8609777
2025-02-06,60.215824127197266,60.4148854621802,58.374515321358274,59.56887573769753,6399481
2025-02-07,62.20642852783203,62.20642852783203,59.46934567260742,60.71347424316406,4262166
2025-02-10,64.2468032836914,65.88904694403212,63.50032233455439,65.88904694403212,9155780
2025-02-11,65.34163665771484,66.28717137173172,63.55008840703623,64.04773985516267,7148214
2025-02-12,67.282470703125,67.43176764836436,65.09280748480799,65.09280748480799,5939993
2025-02-13,67.18294525146484,68.82519654299011,65.98858481775106,68.57637081983654,5366687
2025-02-14,68.07872009277344,68.52660336175833,66.23741124069547,66.88435205288285,5289350
2025-02-17,67.97918701171875,68.22801272172715,66.88434781283534,68.0787157770105,3342188
2025-02-18,67.68059539794922,68.874955808725,66.5857637558117,67.97918929742231,4875706
2025-02-19,68.1782455444336,69.7707285931832,67.18294268977033,67.68059411710196,5104281
2025-02-20,68.9744873046875,69.27307358953666,67.63082244541405,67.97918450140807,3890467
2025-02-21,67.43177032470703,68.97449283081372,66.93411888319628,68.47684138930296,3499449
2025-02-24,68.87495422363281,70.06932220047965,67.38199994774287,67.43176812769579,3866527
2025-02-25,68.67589569091797,69.62143034779001,67.97918674307098,68.8251926350446,2566603
2025-02-26,68.52660369873047,69.0242551527424,65.93881765658017,67.97919165545248,6378673
2025-02-27,70.66650390625,71.46274924120853,68.1284785454332,68.1284785454332,3503951
2025-02-28,70.06932067871094,72.35851262922387,70.06932067871094,70.56697209319957,5351072
2025-03-03,71.3134536743164,72.05993084272818,68.9744933986712,69.87025992591857,4752016
2025-03-04,69.67120361328125,71.76133820296798,69.52190665825536,70.9153322492327,3256272
2025-03-05,73.10498809814453,73.70217585687558,70.2186160342141,70.41767355808592,5973262
2025-03-06,75.3941879272461,75.3941879272461,72.90593089994424,74.24958817597567,4418261
2025-03-07,74.44865417480469,75.14536311326611,73.90123458490078,74.84676922903526,4504593
2025-03-10,78.23080444335938,79.0768103682579,74.19983235641055,74.54818684389132,8700183
2025-03-11,81.2664794921875,81.46553702542799,77.38479684553275,77.58385437877324,7788691
2025-03-12,85.54627990722656,86.29275707079245,78.82798543513364,85.59604808888764,14563603
2025-03-13,87.58665466308594,88.58195755698465,85.29745496969554,85.89464278088153,6390790
2025-03-14,96.34532165527344,96.34532165527344,87.33782756938375,87.58665328895464,14743740
2025-03-17,105.90022277832031,105.90022277832031,95.94719446444732,98.9828635440438,18922024
2025-03-18,112.46922302246094,115.65418913257638,106.69646340512374,107.39317996228274,24364879
2025-03-19,106.69646453857422,112.76781811541323,103.61102716283072,106.19881310398468,12345452
2025-03-20,117.34620666503906,117.34620666503906,108.48800984690153,108.48800984690153,10162245
2025-03-21,128.69265747070312,128.99125135367913,116.94808117486772,123.61660702145831,41028412
2025-03-24,129.38937377929688,138.7452147315686,128.59312844169327,131.97716732972947,20091727
2025-03-25,129.98655700683594,134.26634707006463,120.73023755541959,128.59312391826623,33883418
2025-03-26,142.9254913330078,142.9254913330078,128.39406405503365,132.37527534356184,11571264
2025-03-27,148.7977752685547,153.47569560077832,147.1057634701482,149.29542669085754,20093672
2025-03-28,149.29542541503906,155.06818490184378,144.9160990110443,150.78837966918945,33800658
2025-04-02,134.3658905029297,164.2249772813585,134.3658905029297,154.27194835521556,24020203
2025-04-03,124.81098175048828,134.66448170855074,124.01473641493561,128.39407057335873,21724934
2025-04-04,129.68795776367188,137.25224992476785,125.30862392880151,127.29922952705552,29831353
2025-04-07,142.32830810546875,142.62690199905734,121.8250708341618,127.29923653052599,28535827
2025-04-08,142.32830810546875,150.78838236348614,134.8635367013358,146.01092562741775,29392891
2025-04-09,133.17152404785156,144.11985537157886,133.17152404785156,142.92549499186822,12255538
2025-04-10,131.67857360839844,140.23816923468013,130.68327073182266,137.35179696745703,13755541
2025-04-11,132.8729248046875,140.13863833704858,129.09077109866652,133.17151868436835,15860151
2025-04-14,139.6409912109375,142.8259572551625,132.17621992582448,134.2663467733865,10916559
2025-04-15,133.17152404785156,145.8118671750953,133.17152404785156,140.83535293703744,12578541
2025-04-16,131.97715759277344,135.95836879995073,131.47950619187628,133.17151791750354,7472544
2025-04-17,139.84005737304688,140.13865128030596,132.27574926236267,132.37528562715468,9503827
2025-04-18,136.45602416992188,143.02501374056624,134.86353356588424,140.23816277705833,7457242
2025-04-21,138.24755859375,142.42784267726654,133.76869580751037,135.85883784926864,7331811
2025-04-22,145.41375732421875,147.8024781692796,139.0438097588619,139.93959146609728,10081316
2025-04-24,141.7311248779297,147.2052907504035,138.34710114070168,146.30952422793632,8979709
2025-04-25,133.2710418701172,143.02501256893424,133.2710418701172,142.32830363054356,8606988
2025-04-28,134.6644744873047,137.9489768283835,130.98185709335635,134.1668230776599,14345693
2025-04-29,135.36119079589844,136.8541451061473,132.17622463812415,134.36588792239917,5864028
2025-04-30,136.3564910888672,141.83065678951513,135.16213070069455,135.85883966153557,11287455
2025-05-02,138.24755859375,140.23816427652315,136.25695291097682,137.7499071730567,4012906
2025-05-05,139.3424072265625,140.13865259099484,128.09548132013796,138.8447557721819,14339322
2025-05-06,131.47950744628906,139.34239358063581,131.47950744628906,139.04379969982563,5833919
2025-05-07,118.34151458740234,132.67387765522375,118.34151458740234,129.58843263577702,7844456
2025-05-08,118.93869018554688,121.72554119384485,116.94808449206492,119.13774771747183,3453315
2025-05-09,124.91050720214844,126.60251900332004,113.06640181327295,116.94808443229037,11322217
2025-05-12,123.815673828125,131.77808889112092,122.32271958002113,126.40345967279342,10411769
2025-05-13,122.7208480834961,125.70675672208668,122.4222541822137,123.81567973226764,4589203
2025-05-14,124.91050720214844,127.89641574084521,122.72084397786071,122.72084397786071,5112121
2025-05-15,124.41285705566406,127.2992368580671,123.61661173308454,126.20440523468889,3618196
2025-05-16,125.80628204345703,131.3799764973607,122.72084472018518,123.21849614631155,7398627
2025-05-20,122.62130737304688,126.40346121858526,119.73493519959494,125.80628103075237,5112833
2025-05-21,119.6353988647461,124.61191308696613,119.6353988647461,123.01943005456732,3100229
2025-05-22,119.53587341308594,121.12835648963554,116.8485586960059,120.53117628512422,3782036
2025-05-23,117.74433135986328,121.02882624129431,117.24667992992904,120.43164604408487,2027448
2025-05-26,121.8250732421875,123.41755632116833,116.05231353812889,119.13775092744643,4941508
2025-05-27,120.33211517333984,124.41285530875541,118.93868967517018,121.9245982025803,3310987
2025-05-28,116.05231475830078,120.73024286934111,115.95278598861022,120.73024286934111,2451560
2025-05-29,115.35560607910156,118.34151473899087,115.15654094564057,116.54996650563393,3605498
2025-05-30,110.4786148071289,116.35090305883205,110.4786148071289,115.35560022273178,3887225
2025-06-02,113.76312255859375,115.25607688301855,109.18472322217764,110.47862000743582,3083583
2025-06-03,108.08988952636719,114.45982937554389,107.5922380942996,111.77251467980223,2936467
2025-06-04,112.76781463623047,113.1659296967726,104.90492069359496,107.49270655490895,5223506
2025-06-05,114.85794830322266,119.93399122646086,113.7631167070039,117.64479167600149,4910886
2025-06-10,120.03352355957031,121.3274203167429,114.85795171799636,114.85795171799636,3927042
2025-06-11,120.33211517333984,122.62130715488611,116.25137503792428,121.02882412564566,6257852
2025-06-12,121.12835693359375,123.3180278162385,118.54057097552116,119.43634508235046,3560268
2025-06-13,122.42224884033203,122.42224884033203,112.56874924422785,117.44573465983072,2856385
2025-06-16,122.52178192138672,127.19970997198523,121.62600781862885,122.32272438457754,3009371
2025-06-17,123.11895751953125,125.90580849195423,121.12835185167427,123.2184938777705,3038339
2025-06-18,114.06170654296875,124.11426393719753,113.96217777541366,122.62130964319648,3758430
2025-06-19,121.72554016113281,123.91520336796276,113.96217498499387,114.75842029305458,6469449
2025-06-20,127.99595642089844,130.38467725764215,119.237288040977,123.61661463737937,12720980
2025-06-23,125.90580749511719,128.39406456023806,123.01942778086536,127.39876173418972,4277381
2025-06-24,121.42694854736328,129.38937140292808,121.42694854736328,128.79218361391418,6653084
2025-06-25,119.2372817993164,122.5217765746862,119.0382166776359,120.73023604090939,3556286
2025-06-26,118.14244842529297,122.72084773289865,117.94339088737895,119.73493910283842,3296001
2025-06-27,109.98096466064453,116.15183927838868,109.98096466064453,115.85325298024125,4753923
2025-06-30,108.28895568847656,112.96687615711896,108.18941932626683,111.0757991785084,6262572
2025-07-01,109.28425598144531,111.07579655554031,108.98566208898374,109.28425598144531,3650623
2025-07-02,105.80069732666016,110.6776752783165,105.80069732666016,109.78190877686662,4362772
2025-07-03,109.18472290039062,110.97627112184372,106.49740816176931,106.99505960177758,4331453
2025-07-04,108.98566436767578,109.78190970184923,107.89083272835599,109.48331580314462,1672171
2025-07-07,106.7959976196289,109.98096366573839,105.80069478102493,107.99035798853045,2091839
2025-07-08,107.69176483154297,109.48331299063108,106.6964619861736,107.393178534067,3475796
2025-07-09,108.8861312866211,110.08049164701775,107.69176333266645,107.69176333266645,2362249
2025-07-10,108.38848114013672,110.4786155920862,107.89082971855075,109.68237028012541,2084910
2025-07-11,108.78660583496094,110.77721155861214,108.18941804301902,109.48331480081558,3220996
2025-07-14,108.38848114013672,111.17532454488334,108.28895237453114,109.28425521770309,2861046
2025-07-16,109.88143920898438,111.27486475637704,107.69176832206496,108.78660756230384,4172130
2025-07-17,110.87673950195312,112.66828008378802,107.99035970540127,110.77721073522198,4692503
2025-07-18,109.48331451416016,111.7725141277886,109.38378574694983,111.07579757019994,2512191
2025-07-21,113.76312255859375,114.75842544154362,109.68237466365257,109.68237466365257,5256267
2025-07-22,111.87203979492188,114.9574770542908,111.07579449218757,113.86264545819964,2289101
2025-07-23,110.37908935546875,112.36969508742109,108.8861350565045,112.07110119020494,3113918
2025-07-24,110.87673950195312,112.76781644407731,110.87673950195312,110.97626826868427,2266006
2025-07-25,110.4786148071289,112.17062659107614,110.18002091887561,110.77720869538219,1191626
2025-07-28,110.97626495361328,113.26546448783745,108.5875366556311,110.47861354126523,4345904
2025-07-29,106.69646453857422,112.17063031905917,106.39787823395545,110.87674114526132,3949127
2025-07-30,107.1941146850586,108.18941754227755,105.70116039923016,106.59693448943885,3081189
2025-07-31,107.29364776611328,109.28425341970679,107.09458264461917,107.39317653008136,3193495
2025-08-01,105.40257263183594,107.99035850589225,105.20350750702664,107.59223584983172,2304560
2025-08-04,105.1039810180664,106.3978777799008,105.1039810180664,105.60163245053221,1600860
2025-08-05,104.8053970336914,106.49740890409004,104.8053970336914,105.60163478711965,1663762
2025-08-06,103.11337280273438,105.40257237432097,103.11337280273438,104.90492095385066,2593362
2025-08-07,100.52558898925781,104.10867777115338,100.42606022184147,103.61102634051349,2347486
2025-08-08,100.62511444091797,101.22229461929616,99.33122532002487,100.52558567678126,1587360
2025-08-11,100.72464752197266,102.91431839461623,100.32653244836317,100.62511875357029,2050728
2025-08-12,99.53028869628906,102.81479126068996,99.53028869628906,100.82418548676418,2178841
2025-08-13,99.18193054199219,100.6251166373713,99.18193054199219,99.82887891333935,1226279
2025-08-14,99.03263092041016,101.7199455059529,98.98286274182095,99.53028233207051,2622184
2025-08-15,101.32183074951172,102.01853969046243,98.78380550515509,99.33122509701488,2234119
2025-08-18,101.32183074951172,103.71055145766155,101.02323686421401,101.81948216263592,2541179
2025-08-19,101.4213638305664,103.51149833594596,101.12276993255864,101.62042136686607,2264847
2025-08-20,103.31243896484375,105.90022485857233,100.92371060387963,101.71994832849558,3849340
2025-08-21,105.00444793701172,105.50209934903548,103.4119649372473,103.90961634927105,2163226
2025-08-22,111.97157287597656,115.45513292100695,105.50210422092015,105.60163298920935,9181774
2025-08-25,113.16593170166016,117.34620825343403,112.46922273981026,116.84855682538176,4791505
2025-08-26,112.46922302246094,117.14714342048515,111.77251405886011,113.16593198606175,5062019
2025-08-27,108.98566436767578,114.45983015783301,108.48801293220694,112.76781831466226,3063857
2025-08-28,108.08988952636719,110.87674058336894,107.89083199096345,109.48331505486806,2662829
2025-08-29,104.00914764404297,108.78660435315432,104.00914764404297,108.18941656934682,3458117
2025-09-01,103.21290588378906,105.80069945328525,102.01854546214342,103.90962245771433,3021949
2025-09-02,98.53498077392578,104.40726902562892,96.24578121347197,103.51149495442708,3693947
2025-09-03,98.38568878173828,100.9237141789608,97.73874038699935,98.88334022483615,3060546
2025-09-04,95.30024719238281,99.48051609446881,94.5537700603276,98.53498143128876,3940656
2025-09-05,94.15564727783203,95.74813030536217,93.3096413813527,95.3002470641549,3015643
2025-09-08,91.41856384277344,92.96128627388528,90.32373224338342,92.61293180047365,1740557
2025-09-09,90.57256317138672,92.71246590788391,89.52749209737041,91.46833729289234,1716179
2025-09-10,90.9706802368164,92.56316324708695,89.57725475524543,90.57255758585927,2149198
2025-09-11,81.9134292602539,86.5913497130773,81.9134292602539,84.00356376909929,18596309
2025-09-12,80.96788787841797,84.70027368344853,76.73785063271667,81.86366199033698,15521969
2025-09-15,89.02983856201172,89.02983856201172,80.02235215699646,80.96788684477677,13058356
2025-09-16,90.37350463867188,92.96129061074485,85.99417044324771,89.07960785585621,13197200
2025-09-17,93.50869750976562,95.25047745609432,90.17443455979085,90.37349968122034,7598464
2025-09-18,91.56786346435547,97.04202921494193,91.56786346435547,94.1058888043234,10030468
2025-09-19,95.20072174072266,96.79320482582926,91.71716166987018,91.71716166987018,8755529
2025-09-22,94.85236358642578,98.23638716390474,94.85236358642578,96.64390414034557,5512693
2025-09-23,93.01104736328125,95.89742711807679,92.51339594326679,94.05611838273487,3770418
2025-09-24,94.05612182617188,95.74813367874317,93.01105076845775,93.01105076845775,5258476
2025-09-25,90.22420501708984,94.65329966932774,89.42795969837918,94.65329966932774,4333268
2025-09-26,88.78101348876953,91.9659872476379,88.78101348876953,90.37350416498288,3137527
2025-09-29,90.12467956542969,92.06551716002855,86.84017699689178,87.58665416305418,4129962
2025-09-30,81.11717987060547,90.47302790200038,81.11717987060547,90.47302790200038,11941920
2025-10-01,81.11717987060547,82.1124826911037,78.87774852448446,81.11717987060547,5479029
2025-10-02,79.77352905273438,81.963192398029,79.37540637352849,81.06741826820537,2689245
2025-10-03,82.61013793945312,87.28805837570971,78.13127503912133,79.77352628795464,11818535
2025-10-06,81.61483764648438,84.75004329429882,79.72376062132975,80.86836047288848,9277141
2025-10-07,83.80449676513672,84.05332247713957,80.91812458075015,82.41107885276725,7007213
2025-10-08,80.52000427246094,84.7002733186686,80.02235283393344,83.80449921060743,4407792
2025-10-09,81.96318817138672,83.70496815872943,80.76882778891782,81.31623980023352,4232739
2025-10-10,82.36131286621094,83.80449899683603,81.81389324780373,82.56037040369084,4307306
2025-10-13,85.79510498046875,88.03453645425364,80.6195330562559,81.71436470250573,9222516
2025-10-14,82.70966339111328,87.73594570404326,82.61013462714156,85.79510063558409,6013902
2025-10-15,83.00826263427734,84.45144878891116,82.56037177715902,83.60544285021001,3118668
2025-10-16,80.52000427246094,86.04393068398117,80.37070732219102,83.05802205281618,5872884
2025-10-17,76.63832092285156,80.5200036311622,76.63832092285156,80.5200036311622,4366519
2025-10-20,78.23080444335938,78.57915893084014,75.99137297497948,76.98667584981499,3309601
2025-10-21,77.733154296875,79.12657986349734,75.8918454665619,78.23080574255738,5819521
2025-10-22,78.92752075195312,79.92282362351088,77.63362398150473,77.78292093095006,3220205
2025-10-23,81.21671295166016,81.5153068511069,78.8279845367611,79.07681025511394,3751780
2025-10-24,82.61013793945312,84.50121490497153,80.86835792265742,81.61483507271274,6976787
2025-10-27,82.65990447998047,83.30684525567779,81.11718202972203,82.61013630020771,3415276
2025-10-28,81.41577911376953,83.30684852235872,81.0674170288162,82.61013953956885,1352472
2025-10-30,84.10308837890625,85.34721690522143,81.36600562101285,81.61483132627589,4978517
2025-10-31,83.80449676513672,85.49651616289097,82.75943333085962,84.1528588367872,4505697
2025-11-03,83.95379638671875,85.54627947557897,82.61013901779164,84.20262210665186,5459821
2025-11-04,80.96788787841797,84.10309347335532,80.81859092750508,83.95379652244242,4573180
2025-11-05,81.81388854980469,82.31153995848612,80.42047068034297,81.06741143678254,2857751
2025-11-06,80.66929626464844,82.16225048847123,79.8730509745198,81.81388842806629,2537366
2025-11-07,78.6289291381836,81.1669545718395,76.63832333721692,80.66930312159784,2502752
2025-11-10,77.733154296875,79.82328885002929,77.53409675602543,79.02705109307254,1424146
2025-11-11,74.64771270751953,79.02704670507228,74.05053252457097,77.93221510407359,3798283
2025-11-12,73.60264587402344,75.54349107082545,73.0054656571453,75.0458396245006,2632052
2025-11-13,71.8608627319336,74.94630764175247,71.8608627319336,73.602642719418,3457986
2025-11-14,71.7115707397461,72.60733719692051,70.41767404495974,71.86086008690327,2791847
2025-11-17,72.90593719482422,73.50311741422712,70.16885422846563,70.2683829994397,2831566
2025-11-18,72.40827941894531,73.0054595861632,71.6618023115335,72.90593082388652,1570107
2025-11-19,73.05522918701172,73.55288060164591,72.01015817885671,72.20922330084518,2308013
2025-11-20,73.95100402832031,74.15006155884029,72.55757853400634,73.40358442905331,1877191
2025-11-21,71.81110382080078,73.90123833582976,70.96509789728408,73.75194138613664,2824071
2025-11-24,69.22332000732422,71.41298335859645,68.77542914441045,71.01486067830372,3816728
2025-11-25,68.67589569091797,70.41767565409342,68.32754121699448,69.27307587386652,4499042
2025-11-26,68.67589569091797,69.42237281799316,67.48153532502086,68.87495322071481,2872884
2025-11-27,69.67120361328125,70.8158034770683,68.32754620516539,68.32754620516539,3236074
2025-11-28,67.68059539794922,70.0195556319608,66.68529252444996,69.67120114494772,5752537
2025-12-01,69.62142944335938,70.21861721210806,67.03364362182744,67.33223750620178,2489492
2025-12-02,69.4721450805664,70.26838284011205,68.67589972746231,69.62143443990978,2124320
2025-12-03,69.17354583740234,70.66650006410887,68.37730054573571,69.02424889602011,2692415
2025-12-04,67.78012084960938,69.57166897165777,67.48153455830659,68.77542367440117,2497486
2025-12-05,68.57637023925781,69.42237617210584,67.23271286431583,67.23271286431583,1953405
2025-12-08,69.17354583740234,70.16884865520669,68.82519136988239,68.82519136988239,2410662
2025-12-09,68.9744873046875,69.87025375279278,68.17824202464085,69.22331300550735,2747862
2025-12-10,67.08341217041016,69.32284353489564,66.93411522739953,68.228011942081,3457031
2025-12-11,67.33223724365234,67.92941741651453,67.08341153882995,67.23270848043497,1762059
2025-12-12,70.06932067871094,70.91532656463002,67.33223789902347,67.48153484208164,5428804
2025-12-15,70.31814575195312,71.01485468853237,69.17354599023761,70.06932004695227,2669623
2025-12-16,71.3134536743164,72.45805351792615,69.1237827575068,70.56697650590463,5124482
2025-12-17,73.50311279296875,73.50311279296875,70.26837858155424,71.26368141583563,4566601
2025-12-18,70.31814575195312,76.28996267197364,69.57166863695056,73.652408680253,10720733
2025-12-19,70.91532897949219,71.96040002292904,69.77072916847996,70.66650326377467,5276102
2025-12-22,69.67120361328125,71.21392615928447,69.22332034176215,70.8655640663712,2465632
2025-12-23,69.92002868652344,71.1641573108388,68.92472578707114,69.67120296166036,2039673
2025-12-24,72.65711212158203,73.40358930091335,69.87026094798834,69.92002913070051,4469153
2025-12-25,77.63362121582031,79.5744587087926,72.45804950552215,72.85616456511585,6445044
2025-12-26,71.66180419921875,79.1265754699707,71.16415278116861,77.78291815994695,8921453
2025-12-29,69.37260437011719,72.8561642829779,69.37260437011719,72.15945533782894,3546667
2025-12-30,70.31814575195312,70.61673204181942,68.1782431702342,69.37260351681515,3811717
2025-12-31,70.4000015258789,72.05000305175781,69.69999694824219,70.6500015258789,3583205
2026-01-02,72.8499984741211,74.25,70.25,70.80000305175781,3470481
2026-01-05,72.1500015258789,73.8499984741211,71.5999984741211,72.94999694824219,2375083
2026-01-06,72.5999984741211,73.5,71.94999694824219,73.44999694824219,3243212
2026-01-07,72.5999984741211,74.69999694824219,72.5999984741211,73.5,3631687
2026-01-08,72.19999694824219,72.94999694824219,70.80000305175781,72.94999694824219,1772037
2026-01-09,72.0,72.94999694824219,71.75,72.30000305175781,1678220
2026-01-12,71.5,72.9000015258789,71.44999694824219,72.69999694824219,1627983
2026-01-13,70.9000015258789,71.94999694824219,70.69999694824219,71.5,1853292
2026-01-14,69.9000015258789,71.69999694824219,69.8499984741211,71.0999984741211,2886634
2026-01-15,70.3499984741211,70.75,68.55000305175781,69.5,2760669
2026-01-16,70.1500015258789,70.6500015258789,69.44999694824219,70.25,2757088
2026-01-19,69.8499984741211,71.19999694824219,69.5999984741211,70.5,3075410
2026-01-20,68.5999984741211,70.0,68.3499984741211,69.9000015258789,2526185
2026-01-21,68.5999984741211,69.0,68.44999694824219,68.5999984741211,1898454
2026-01-22,71.8499984741211,72.0,68.75,68.80000305175781,4478622
2026-01-23,71.5,73.0,70.9000015258789,72.0,3434512
2026-01-26,72.69999694824219,72.9000015258789,70.19999694824219,71.0,2490162
2026-01-27,73.55000305175781,74.75,72.8499984741211,73.75,4517880
2026-01-28,77.1500015258789,77.69999694824219,73.55000305175781,74.25,4501982
2026-01-29,75.8499984741211,77.8499984741211,75.44999694824219,77.5,3611898
2026-01-30,76.75,77.80000305175781,74.94999694824219,75.69999694824219,4175958
2026-02-02,75.44999694824219,79.1500015258789,75.05000305175781,76.5,4414777
2026-02-03,79.1500015258789,80.6500015258789,75.55000305175781,76.0,6001660
2026-02-04,87.05000305175781,87.05000305175781,78.0999984741211,79.75,10673112
2026-02-05,81.75,95.75,81.5,89.0,23079751
2026-02-06,78.55000305175781,83.3499984741211,77.5,82.55000305175781,6342960
2026-02-09,84.5,86.4000015258789,79.05000305175781,79.05000305175781,12060247
2026-02-10,82.69999694824219,85.94999694824219,82.19999694824219,85.6500015258789,4420191
2026-02-11,83.25,87.0999984741211,81.3499984741211,81.5999984741211,7508577
2026-02-12,85.5,87.0,82.75,83.8499984741211,8378360
2026-02-13,82.55000305175781,86.5999984741211,81.9000015258789,86.1500015258789,7364727
2026-02-16,85.69999694824219,86.44999694824219,82.94999694824219,83.0,6976460
2026-02-17,88.19999694824219,89.8499984741211,85.55000305175781,85.9000015258789,8015729
2026-02-18,85.0,90.30000305175781,84.5999984741211,88.8499984741211,7509618
2026-02-19,81.30000305175781,86.0999984741211,80.9000015258789,85.30000305175781,5430824
2026-02-20,83.30000305175781,84.30000305175781,81.5,81.5,4647570
2026-02-23,82.05000305175781,85.30000305175781,81.55000305175781,84.80000305175781,3499584
2026-02-24,80.4000015258789,82.94999694824219,80.1500015258789,82.1500015258789,2349170
2026-02-25,76.94999694824219,80.8499984741211,76.6500015258789,80.4000015258789,3209698
2026-02-26,78.25,79.75,76.5,77.25,3075527
2026-02-27,71.9000015258789,78.94999694824219,71.9000015258789,78.5999984741211,8932486
2026-03-02,70.55000305175781,71.5999984741211,67.0,67.5,4457186
2026-03-03,69.25,73.25,68.8499984741211,70.69999694824219,3846837
2026-03-04,68.8499984741211,70.0,67.3499984741211,69.5,4453606
2026-03-05,75.69999694824219,75.69999694824219,69.6500015258789,69.80000305175781,7423489
2026-03-06,73.75,79.0,71.5,77.19999694824219,7578994
2026-03-09,76.8499984741211,78.05000305175781,71.5,72.0999984741211,7808738
2026-03-10,80.5,80.94999694824219,76.44999694824219,78.75,8710163
2026-03-11,84.6500015258789,85.69999694824219,80.25,80.5,8636564
2026-03-12,85.30000305175781,87.5,83.80000305175781,84.1500015258789,5522837
2026-03-13,85.0,85.30000305175781,82.8499984741211,85.30000305175781,3332501
2026-03-16,83.75,85.9000015258789,83.05000305175781,85.6500015258789,2716525
2026-03-17,84.3499984741211,86.3499984741211,83.44999694824219,84.1500015258789,4528467
2026-03-18,80.80000305175781,85.30000305175781,79.55000305175781,85.30000305175781,4857876
2026-03-19,79.44999694824219,81.30000305175781,78.9000015258789,79.69999694824219,1607652
2026-03-23,83.94999694824219,84.8499984741211,78.4000015258789,79.0999984741211,7329514
2026-03-24,88.25,92.0,83.4000015258789,83.94999694824219,10982935
2026-03-25,88.75,92.4000015258789,87.5,88.5,8707105
2026-03-26,93.3499984741211,93.75,89.0,90.5,9667757
2026-03-27,97.69999694824219,99.44999694824219,88.75,93.0999984741211,19140071
2026-03-30,96.30000305175781,101.69999694824219,93.8499984741211,98.30000305175781,13330038
2026-03-31,98.0,104.0999984741211,95.0,96.25,18193778
2026-04-01,97.4000015258789,101.0,95.69999694824219,99.9000015258789,12220134
2026-04-02,101.9000015258789,102.5999984741211,97.5,98.5,13451716
2026-04-03,100.9000015258789,105.0999984741211,100.5,102.69999694824219,9565455
2026-04-06,98.25,103.4000015258789,98.05000305175781,101.19999694824219,9193375
2026-04-07,95.0999984741211,100.30000305175781,95.0999984741211,97.80000305175781,8496961
2026-04-08,98.5,100.5999984741211,96.44999694824219,98.44999694824219,9741381
2026-04-09,108.30000305175781,108.30000305175781,98.9000015258789,98.9000015258789,18079616
2026-04-10,107.5999984741211,111.80000305175781,107.19999694824219,110.30000305175781,12832567
2026-04-13,118.30000305175781,118.30000305175781,107.69999694824219,107.69999694824219,11656590
2026-04-14,120.5,122.30000305175781,118.0,120.69999694824219,10951271
2026-04-15,121.0999984741211,124.19999694824219,118.19999694824219,121.80000305175781,6875870
2026-04-16,117.9000015258789,123.30000305175781,117.5999984741211,121.0999984741211,5147131
2026-04-17,120.80000305175781,122.0,116.4000015258789,117.9000015258789,7897015
2026-04-20,128.6999969482422,131.6999969482422,120.80000305175781,120.80000305175781,13376468
2026-04-21,133.0,135.1999969482422,129.3000030517578,129.3000030517578,9815080
2026-04-22,133.0,139.89999389648438,131.1999969482422,133.60000610351562,8873262
2026-04-24,135.10000610351562,138.39999389648438,131.3000030517578,134.0,9512182
2026-04-27,141.3000030517578,142.8000030517578,136.3000030517578,136.89999389648438,9419159
2026-04-28,139.89999389648438,144.6999969482422,138.89999389648438,141.8000030517578,5702733
2026-04-29,135.5,142.3000030517578,134.8000030517578,141.0,7279327
2026-04-30,142.60000610351562,144.1999969482422,134.39999389648438,135.39999389648438,10704511
2026-05-04,139.39999389648438,145.5,139.0,142.60000610351562,7223883
2026-05-05,136.60000610351562,140.89999389648438,131.60000610351562,140.0,6309580
2026-05-06,142.0,143.5,136.5,136.5,8786629
2026-05-07,149.3000030517578,150.39999389648438,143.0,143.39999389648438,6993470
2026-05-08,154.3000030517578,155.6999969482422,146.5,149.0,6347168
2026-05-11,157.0,159.89999389648438,152.0,155.3000030517578,6537143
2026-05-12,155.0,159.0,154.0,155.3000030517578,4574655
2026-05-13,148.60000610351562,157.39999389648438,142.8000030517578,156.39999389648438,6650258
2026-05-14,144.1999969482422,150.3000030517578,144.10000610351562,149.60000610351562,3132428
2026-05-15,137.0,145.0,135.0,143.10000610351562,5748388
2026-05-18,134.5,139.89999389648438,134.10000610351562,137.0,4120775
2026-05-20,131.5,135.5,127.9000015258789,134.0,6423192
2026-05-21,118.4000015258789,133.89999389648438,118.4000015258789,132.5,3929480
2026-05-22,126.19999694824219,127.0999984741211,118.0,118.19999694824219,5092323
2026-05-25,136.39999389648438,137.0,127.4000015258789,127.4000015258789,6223301
2026-05-26,140.8000030517578,144.0,135.6999969482422,136.39999389648438,4550404
2026-05-27,140.8000030517578,140.8000030517578,140.8000030517578,140.8000030517578,0
2026-05-28,140.8000030517578,140.8000030517578,140.8000030517578,140.8000030517578,0
2026-05-29,140.8000030517578,140.8000030517578,140.8000030517578,140.8000030517578,0
2026-06-01,149.0,152.6999969482422,140.0,143.1999969482422,12672998
2026-06-02,155.0,155.60000610351562,149.89999389648438,151.1999969482422,5453470
2026-06-03,150.5,158.3000030517578,149.89999389648438,155.0,5230718
2026-06-04,151.6999969482422,154.89999389648438,145.89999389648438,152.0,6769705
2026-06-05,136.89999389648438,152.39999389648438,136.8000030517578,151.6999969482422,9957075
2026-06-08,144.0,147.8000030517578,135.0,135.5,6280258
2026-06-09,144.39999389648438,149.8000030517578,143.39999389648438,144.3000030517578,6005812
2026-06-10,136.89999389648438,152.5,133.60000610351562,152.1999969482422,13193781
2026-06-11,138.10000610351562,139.3000030517578,130.6999969482422,135.5,6458218
2026-06-12,139.0,142.60000610351562,134.60000610351562,140.89999389648438,6634356
2026-06-15,135.3000030517578,142.5,135.3000030517578,140.0,6056920
2026-06-16,135.8000030517578,138.6999969482422,134.8000030517578,135.60000610351562,3851492
2026-06-17,136.3000030517578,140.0,136.10000610351562,136.60000610351562,3153185
2026-06-18,138.89999389648438,139.1999969482422,134.10000610351562,137.3000030517578,4561059
2026-06-19,136.1999969482422,143.0,136.1999969482422,138.89999389648438,4539265
2026-06-22,131.5,140.60000610351562,131.1999969482422,137.5,6139960
2026-06-23,129.8000030517578,133.10000610351562,128.5,131.5,2475293
2026-06-24,127.4000015258789,130.8000030517578,127.19999694824219,129.60000610351562,1937541
2026-06-25,132.8000030517578,135.1999969482422,127.19999694824219,127.69999694824219,5499110
2026-06-26,141.6999969482422,142.39999389648438,131.3000030517578,133.0,7602068
2026-06-29,141.39999389648438,146.6999969482422,139.5,144.1999969482422,5344758
2026-06-30,134.8000030517578,144.6999969482422,134.10000610351562,144.0,6210451
2026-07-01,141.89999389648438,144.6999969482422,134.6999969482422,135.10000610351562,5659723
2026-07-02,140.0,143.60000610351562,139.1999969482422,142.3000030517578,3685442
2026-07-03,140.5,144.3000030517578,139.6999969482422,140.60000610351562,6179867
2026-07-06,134.5,144.39999389648438,133.0,141.1999969482422,5452884
2026-07-07,132.6999969482422,136.1999969482422,130.5,134.39999389648438,3729865
2026-07-08,131.0,136.0,129.6999969482422,132.6999969482422,3584296
2026-07-09,130.0,132.5,119.69999694824219,131.89999389648438,6023481
2026-07-10,137.3000030517578,139.3000030517578,128.10000610351562,129.60000610351562,3663994
2026-07-13,141.8000030517578,142.89999389648438,133.60000610351562,137.0,5908893
2026-07-14,141.8000030517578,144.10000610351562,140.60000610351562,140.8000030517578,4194626
2026-07-16,143.0,146.1999969482422,141.39999389648438,141.89999389648438,5417510
2026-07-17,145.0,145.6999969482422,143.0,143.5,3235559
2026-07-20,145.6999969482422,146.60000610351562,144.0,145.5,3387419
2026-07-21,145.8000030517578,153.0,144.0,146.5,7256259
2026-07-22,146.3000030517578,147.89999389648438,143.89999389648438,145.8000030517578,2713107
2026-07-23,145.89999389648438,147.3000030517578,142.1999969482422,146.5,4932860
2026-07-24,150.0,151.0,145.10000610351562,145.89999389648438,4058603
2026-07-27,149.39999389648438,153.10000610351562,148.10000610351562,151.60000610351562,4334534
2026-07-28,150.8000030517578,151.10000610351562,147.39999389648438,149.6999969482422,3160138
2026-07-29,149.0,152.39999389648438,149.0,150.39999389648438,3322478
2026-07-30,152.6999969482422,154.1999969482422,147.5,150.0,4415509
2026-08-03,164.0,169.89999389648438,154.5,156.3000030517578,13335782
2026-08-04,168.3000030517578,168.89999389648438,164.10000610351562,166.0,3501038
2026-08-05,185.10000610351562,185.10000610351562,168.3000030517578,168.3000030517578,11487132
2026-08-06,193.89999389648438,200.1999969482422,184.0,188.0,17816925
2026-08-07,209.0,209.60000610351562,195.10000610351562,195.1999969482422,9279690
