Price,Close,High,Low,Open,Volume
2021-08-10,1.259344220161438,1.268884697200191,1.2498036293912276,1.259344220161438,16318958
2021-08-11,1.211641788482666,1.2593442900553908,1.211641788482666,1.2498036987556749,60673624
2021-08-12,1.2402632236480713,1.2498037012352514,1.2116417908865305,1.2211822684737108,50281236
2021-08-13,1.259344220161438,1.2879656512776974,1.2307226753137215,1.2402631523524745,74176102
2021-08-16,1.2784252166748047,1.2784252166748047,1.2593442619639281,1.2688847393193663,31295834
2021-08-17,1.2879656553268433,1.2975061323955899,1.2688847011893498,1.2688847011893498,60547110
2021-08-18,1.2784252166748047,1.2975061713856813,1.2688847393193663,1.2879656940302429,53225282
2021-08-19,1.2498036623001099,1.2688847306115016,1.2402631850101442,1.259344253321536,47338638
2021-08-20,1.2498036623001099,1.2498036623001099,1.2211822304302127,1.2498036623001099,75929359
2021-08-23,1.2688847780227661,1.2688847780227661,1.2402632313519784,1.2593443003763252,39185979
2021-08-24,1.2688847780227661,1.287965733315648,1.2593443003763252,1.2688847780227661,33264029
2021-08-25,1.2688847780227661,1.278425255669207,1.2593443003763252,1.2688847780227661,59351954
2021-08-26,1.2498036623001099,1.2784252079014673,1.2498036623001099,1.2688847306115016,41988584
2021-08-27,1.2498036623001099,1.259344253321536,1.2498036623001099,1.2498036623001099,33436683
2021-08-31,1.259344220161438,1.268884697200191,1.2498036293912276,1.259344220161438,33811119
2021-09-01,1.259344220161438,1.2784251742389443,1.2498036293912276,1.268884697200191,50133673
2021-09-02,1.2688847780227661,1.287965733315648,1.2593443003763252,1.2688847780227661,75754089
2021-09-03,1.2688847780227661,1.278425255669207,1.2498037089984193,1.2688847780227661,34076976
2021-09-06,1.2975062131881714,1.3070466908509806,1.2688847801997436,1.2688847801997436,66701223
2021-09-07,1.2975062131881714,1.326127646176599,1.2975062131881714,1.2975062131881714,109075957
2021-09-08,1.2498036623001099,1.3070466397713645,1.2498036623001099,1.2975061624813986,71789100
2021-09-09,1.2498036623001099,1.259344253321536,1.2402631850101442,1.2402631850101442,47883991
2021-09-10,1.2307226657867432,1.2593442104129016,1.2211821888218426,1.2593442104129016,59094089
2021-09-13,1.2211822271347046,1.2402631816631438,1.211641749870485,1.2307227043989242,74284327
2021-09-14,1.2211822271347046,1.2307227043989242,1.2021012726062656,1.2307227043989242,49374121
2021-09-15,1.211641788482666,1.2211822660509182,1.1925608333461617,1.211641788482666,51429800
2021-09-16,1.211641788482666,1.2211822660509182,1.2021013109144139,1.211641788482666,27877720
2021-09-17,1.1925607919692993,1.2211822236810121,1.1830203147320617,1.2116417464437745,33938051
2021-09-20,1.1543989181518555,1.1830203507345967,1.1448584406242752,1.1830203507345967,85979464
2021-09-21,1.1448583602905273,1.1734797908649268,1.1353178834323943,1.1639393140067935,79109833
2021-09-22,1.163939356803894,1.163939356803894,1.135317925177108,1.1543988795949653,59348474
2021-09-23,1.1543989181518555,1.1734798732070162,1.1353179630966947,1.1543989181518555,101181672
2021-09-24,1.1257773637771606,1.1448584324271653,1.1162368863178895,1.1448584324271653,84901608
2021-09-27,1.1353179216384888,1.1448583988176813,1.1257773307278371,1.1353179216384888,47478504
2021-09-28,1.1257773637771606,1.1448584324271653,1.1162368863178895,1.1353179549678942,45564133
2021-09-29,1.1543989181518555,1.1734798732070162,1.1257773718376511,1.1353179630966947,104798872
2021-09-30,1.1448583602905273,1.1639393140067935,1.1353178834323943,1.1543988371486604,75295857
2021-10-01,1.1448583602905273,1.1448583602905273,1.1353178834323943,1.1448583602905273,53425905
2021-10-04,1.1448583602905273,1.1543988371486604,1.1353178834323943,1.1448583602905273,38352317
2021-10-05,1.1543989181518555,1.163939395679436,1.1448584406242752,1.1448584406242752,62954120
2021-10-06,1.1353179216384888,1.163939353176066,1.1257773307278371,1.1543988759968735,146097756
2021-10-07,1.1448583602905273,1.1543988371486604,1.1353178834323943,1.1448583602905273,39014628
2021-10-08,1.1448583602905273,1.1639393140067935,1.1448583602905273,1.1448583602905273,36352532
2021-10-11,1.1448583602905273,1.1639393140067935,1.1448583602905273,1.1543988371486604,80792588
2021-10-12,1.1543989181518555,1.1543989181518555,1.1353179630966947,1.1353179630966947,88124221
2021-10-13,1.1448583602905273,1.1639393140067935,1.1353178834323943,1.1639393140067935,45985002
2021-10-14,1.1448583602905273,1.1543988371486604,1.1353178834323943,1.1448583602905273,44232026
2021-10-15,1.1448583602905273,1.1543988371486604,1.1257772928428058,1.1543988371486604,62652547
2021-10-18,1.1448583602905273,1.1448583602905273,1.1257772928428058,1.1353178834323943,114712528
2021-10-19,1.163939356803894,1.1734798340128227,1.135317925177108,1.1448584023860366,57747327
2021-10-20,1.163939356803894,1.1734798340128227,1.1448584023860366,1.163939356803894,72431136
2021-10-21,1.1925607919692993,1.202101269206537,1.1543988830203489,1.1639393602575865,137953308
2021-10-22,1.211641788482666,1.211641788482666,1.1830203557779095,1.1925608333461617,65017036
2021-10-25,1.202101230621338,1.211641707552344,1.1830202767593254,1.202101230621338,72835829
2021-10-26,1.2211822271347046,1.2211822271347046,1.192560795342046,1.2021012726062656,48753927
2021-10-27,1.2307226657867432,1.2402631427516437,1.211641711856942,1.2211821888218426,69302245
2021-10-28,1.2307226657867432,1.2402631427516437,1.2211821888218426,1.2307226657867432,32006008
2021-11-01,1.2784252166748047,1.2879656940302429,1.2211822388107136,1.2402631935215902,131597362
2021-11-02,1.30704665184021,1.30704665184021,1.2593442649499131,1.2879656970840914,134763728
2021-11-03,1.4310729503631592,1.4310729503631592,1.26888472359866,1.3070466325476104,458987208
2021-11-04,1.4596943855285645,1.5550992718581318,1.440613431008943,1.4692348627883751,546251678
2021-11-05,1.4978563785552979,1.5169373326960156,1.4310729253313277,1.4406134024016866,337666405
2021-11-08,1.5264778137207031,1.5741801991960702,1.4883157916089513,1.497856382435483,324062312
2021-11-09,1.4883158206939697,1.5646397526775555,1.4883158206939697,1.5264778435514927,228046481
2021-11-10,1.5264778137207031,1.54555876791085,1.4883157916089513,1.497856382435483,196084309
2021-11-11,1.4787753820419312,1.5550993160192974,1.4787753820419312,1.5264778834270838,172415618
2021-11-12,1.507396936416626,1.5169374139983196,1.4883158675217747,1.4978564588349323,105290315
2021-11-15,1.6409636735916138,1.6505041508087719,1.536018310471416,1.56463974212289,531361577
2021-11-16,1.507396936416626,1.6218827811284136,1.4978564588349323,1.61234230354672,307226851
2021-11-17,1.507396936416626,1.5360183691617069,1.4978564588349323,1.507396936416626,117232120
2021-11-18,1.507396936416626,1.5741802794884814,1.4596944347766938,1.5169374139983196,430915204
2021-11-19,1.4787753820419312,1.5360183609578217,1.4596944269804555,1.5264778834270838,210965121
2021-11-22,1.469234824180603,1.5073968459485048,1.4501538701623806,1.4978563689393936,92343611
2021-11-23,1.4215325117111206,1.4787753766883112,1.3929110792225254,1.4596944216959145,162431667
2021-11-24,1.4501539468765259,1.469234901904144,1.4215325143350988,1.4310729918489078,120425145
2021-11-25,1.4310729503631592,1.4692348593121096,1.4310729503631592,1.459694382074872,101705442
2021-11-26,1.402451515197754,1.4310729468389831,1.402451515197754,1.411991992411497,133952457
2021-11-29,1.402451515197754,1.42153246962524,1.3833705607702675,1.411991992411497,137273453
2021-11-30,1.4119919538497925,1.4406133847093663,1.4024514768966012,1.4024514768966012,134893610
2021-12-01,1.4215325117111206,1.450153944199716,1.4119920342149221,1.4215325117111206,261047271
2021-12-02,1.4310729503631592,1.4501539048376344,1.4215324731259216,1.4310729503631592,188973225
2021-12-03,1.5169373750686646,1.5455588070792243,1.4501539199792306,1.4501539199792306,396148631
2021-12-06,1.5550992488861084,1.5741802031238648,1.5073968632917174,1.536018294648352,395215973
2021-12-07,1.5455588102340698,1.5837207196593803,1.5264778555214145,1.5741802423030526,201980288
2021-12-08,1.564639687538147,1.6028015950754453,1.5550992106538224,1.5550992106538224,377352779
2021-12-09,1.5550992488861084,1.6028016344804994,1.5550992488861084,1.5741802031238648,255202826
2021-12-10,1.507396936416626,1.5550993243250941,1.478775389940081,1.5550993243250941,272279721
2021-12-13,1.574180245399475,1.5932612001496627,1.5169373811489122,1.5169373811489122,242205548
2021-12-14,1.621882677078247,1.640963631017516,1.5932611324378871,1.5932611324378871,461888666
2021-12-15,1.564639687538147,1.7077469545344708,1.545558733769498,1.6600445701128481,558641729
2021-12-16,1.717287540435791,1.717287540435791,1.574180264354719,1.5837207418446928,501415571
2021-12-17,1.5455588102340698,1.7936114489615103,1.5455588102340698,1.7459090621798723,507522802
2021-12-20,1.469234824180603,1.5932611390305051,1.3929110081077138,1.4883157781988252,398646507
2021-12-21,1.402451515197754,1.5741802187765896,1.3738300835565245,1.5741802187765896,210464611
2021-12-22,1.402451515197754,1.4310729468389831,1.3642894926113218,1.3833705607702675,289992580
2021-12-23,1.402451515197754,1.4406134240527264,1.3642894926113218,1.4310729468389831,166001111
2021-12-24,1.4310729503631592,1.4310729503631592,1.3929110414142087,1.411991995888684,79249411
2021-12-27,1.4406133890151978,1.4787752969420247,1.4215324350517844,1.4406133890151978,155441788
2021-12-28,1.3738300800323486,1.4501538975465063,1.35474901192235,1.4406134203572367,96366468
2021-12-29,1.3738300800323486,1.4119919887894274,1.35474901192235,1.3738300800323486,125828147
2021-12-30,1.3738300800323486,1.3929110344108881,1.3642894891116197,1.3833705572216184,100048244
2021-12-31,1.3738300800323486,1.3929110344108881,1.3642894891116197,1.3833705572216184,103856097
2022-01-03,1.4119919538497925,1.431072907756175,1.3738300460370272,1.3738300460370272,88941032
2022-01-04,1.4119919538497925,1.4501538616625578,1.3929109999434097,1.431072907756175,111624268
2022-01-05,1.4310729503631592,1.4406134276003968,1.4024515186514463,1.411991995888684,81812307
2022-01-06,1.4406133890151978,1.4596943429786113,1.4119919580700777,1.4119919580700777,90767671
2022-01-07,1.4978563785552979,1.5264778097663745,1.4406134024016866,1.4501538794720454,201202846
2022-01-10,1.4883158206939697,1.5264778435514927,1.4883158206939697,1.4978564117069457,110532002
2022-01-11,1.4978563785552979,1.5073968556256567,1.4692348336127634,1.5073968556256567,124892657
2022-01-12,1.507396936416626,1.5169374139983196,1.4883158675217747,1.507396936416626,60554761
2022-01-13,1.4883158206939697,1.5169373662699772,1.478775343412454,1.4978564117069457,95284483
2022-01-14,1.4883158206939697,1.4978564117069457,1.4692348661309385,1.4883158206939697,95454324
2022-01-17,1.5264778137207031,1.5550992450059233,1.5073968595305562,1.5073968595305562,155159050
2022-01-18,1.4501539468765259,1.564639790773697,1.4501539468765259,1.516937403204652,225125254
2022-01-19,1.5264778137207031,1.5264778137207031,1.4406134061335842,1.4692348374188045,232597641
2022-01-20,1.4883158206939697,1.5455587981145242,1.4596943888494227,1.5360183208330085,273269229
2022-01-21,1.4978563785552979,1.5073968556256567,1.4596943565424043,1.4787753106831223,155369373
2022-01-24,1.4406133890151978,1.5169373186003083,1.431072912033491,1.497856364636895,252248670
2022-01-25,1.4501539468765259,1.459694424390335,1.41199203682129,1.4501539468765259,123750335
2022-01-26,1.4406133890151978,1.4596943429786113,1.431072912033491,1.4501538659969044,59796942
2022-01-27,1.4501539468765259,1.459694424390335,1.41199203682129,1.4215325143350988,58822327
2022-01-28,1.4406133890151978,1.4596943429786113,1.431072912033491,1.4596943429786113,65316724
2022-01-31,1.4501539468765259,1.459694424390335,1.4406134693627168,1.4501539468765259,85801004
2022-02-01,1.4883158206939697,1.4883158206939697,1.450153911567907,1.4596943888494227,68406757
2022-02-02,1.5360183715820312,1.5360183715820312,1.4883158698669336,1.4978564611951246,154391028
2022-02-03,1.4883158206939697,1.5646397526775555,1.478775343412454,1.5169373662699772,198084020
2022-02-04,1.4406133890151978,1.4883157739237314,1.4406133890151978,1.4883157739237314,116316884
2022-02-07,1.4406133890151978,1.4501538659969044,1.4024514810883708,1.4406133890151978,118604345
2022-02-08,1.4406133890151978,1.4501538659969044,1.4215324350517844,1.431072912033491,113425912
2022-02-09,1.4406133890151978,1.4596943429786113,1.431072912033491,1.4406133890151978,85646719
2022-02-10,1.4406133890151978,1.4596943429786113,1.431072912033491,1.4501538659969044,85978706
2022-02-11,1.4406133890151978,1.4406133890151978,1.4024514810883708,1.431072912033491,104824898
2022-02-14,1.4215325117111206,1.431072989207319,1.383370601726327,1.4215325117111206,92416856
2022-02-15,1.4310729503631592,1.4406134276003968,1.411991995888684,1.4215324731259216,48894596
2022-02-16,1.4215325117111206,1.4406134667035175,1.4119920342149221,1.431072989207319,41734805
2022-02-17,1.402451515197754,1.4310729468389831,1.3929110379840106,1.42153246962524,41314103
2022-02-18,1.402451515197754,1.411991992411497,1.3833705607702675,1.402451515197754,72366387
2022-02-21,1.402451515197754,1.42153246962524,1.3738300835565245,1.411991992411497,64642563
2022-02-22,1.3833705186843872,1.3929109956078831,1.3547489741824432,1.3738300417608913,42275252
2022-02-23,1.3642895221710205,1.3929110681638448,1.3547490447505663,1.3833705907433906,37930508
2022-02-24,1.2307226657867432,1.297506118272504,1.2307226657867432,1.2879656413076033,69697165
2022-02-25,1.2784252166748047,1.2879656940302429,1.2116417614552755,1.2498036708770286,88204885
2022-02-28,1.2307226657867432,1.2688846873778021,1.211641711856942,1.2307226657867432,91388633
2022-03-01,1.2498036623001099,1.2784252079014673,1.2307227077201783,1.2402631850101442,132484956
2022-03-02,1.2498036623001099,1.259344253321536,1.2307227077201783,1.2498036623001099,40812066
2022-03-03,1.259344220161438,1.2784251742389443,1.2498036293912276,1.259344220161438,43421930
2022-03-04,1.2498036623001099,1.259344253321536,1.2402631850101442,1.2402631850101442,28103028
2022-03-07,1.2402632236480713,1.2498037012352514,1.2211822684737108,1.230722746060891,58371488
2022-03-08,1.2498036623001099,1.259344253321536,1.2307227077201783,1.2402631850101442,38115641
2022-03-09,1.2879656553268433,1.2879656553268433,1.259344224120603,1.259344224120603,39952023
2022-03-10,1.2879656553268433,1.2975061323955899,1.2688847011893498,1.2879656553268433,68556880
2022-03-11,1.30704665184021,1.3165871292182694,1.2879656970840914,1.2879656970840914,33838813
2022-03-14,1.326127529144287,1.3356680059651382,1.3070465755025853,1.3165870523234362,24917712
2022-03-15,1.3356680870056152,1.3547490418050372,1.3261276096059043,1.3356680870056152,30415893
2022-03-16,1.326127529144287,1.3452084827859891,1.326127529144287,1.3356680059651382,15013420
2022-03-17,1.3356680870056152,1.3452085644053262,1.3261276096059043,1.3356680870056152,35943929
2022-03-18,1.326127529144287,1.3452084827859891,1.326127529144287,1.3356680059651382,20941242
2022-03-21,1.3356680870056152,1.3547490418050372,1.3261276096059043,1.3261276096059043,52505504
2022-03-22,1.3738300800323486,1.3929110344108881,1.3356680575438107,1.3356680575438107,88024984
2022-03-23,1.3738300800323486,1.3929110344108881,1.3642894891116197,1.3833705572216184,58696887
2022-03-24,1.3547489643096924,1.392910985457026,1.3452084874557226,1.3738300317490868,63805462
2022-03-25,1.3356680870056152,1.3642895192047482,1.3356680870056152,1.3547490418050372,29495769
2022-03-28,1.3452085256576538,1.3547490027825588,1.3356680485327488,1.3452085256576538,26841409
2022-03-29,1.3642895221710205,1.3642895221710205,1.3452085673301122,1.3452085673301122,32902699
2022-03-30,1.4119919538497925,1.4215324308029837,1.3547489783991882,1.3642894553523794,161858983
2022-03-31,1.3833705186843872,1.421532426378371,1.3833705186843872,1.4119919494548752,47462742
2022-04-01,1.3833705186843872,1.402451472531379,1.3738300417608913,1.3929109956078831,67665957
2022-04-04,1.4406133890151978,1.4406133890151978,1.3929110041066641,1.3929110041066641,116247980
2022-04-05,1.4310729503631592,1.459694382074872,1.4215324731259216,1.4501539048376344,81807576
2022-04-06,1.4406133890151978,1.4406133890151978,1.4024514810883708,1.431072912033491,93559349
2022-04-07,1.4787753820419312,1.4787753820419312,1.4406134719189796,1.4501539494497175,127107970
2022-04-08,1.5169373750686646,1.536018329742371,1.4883158293266436,1.497856420394958,165817302
2022-04-11,1.6600446701049805,1.6600446701049805,1.5169373944886468,1.5264778719476382,520035751
2022-04-12,1.6409636735916138,1.688666059677404,1.574180219340048,1.669585105243088,340920619
2022-04-13,1.6123422384262085,1.6695851016044017,1.593261170302018,1.6600446244080362,199365535
2022-04-14,1.764989972114563,1.764989972114563,1.6218827016688326,1.6314231787831175,474938451
2022-04-15,1.7936114072799683,1.822232838683821,1.7554494987414984,1.7745304530107333,313275165
2022-04-18,1.908097267150879,1.9271782216253541,1.7840709493353302,1.812692381047043,465088600
2022-04-19,1.908097267150879,1.9653401305743046,1.879475835439166,1.9271782216253541,491097639
2022-04-20,1.908097267150879,1.955799653337067,1.879475835439166,1.9176377443881165,230467829
2022-04-21,1.974880576133728,1.9939615303021379,1.9080972365442943,1.927178190712704,367618585
2022-04-22,1.869935393333435,2.0035020771641525,1.8317733699360539,1.9748806449147132,393177637
2022-04-25,1.8985568284988403,1.9462592156545049,1.8794758736365746,1.8890163510677076,326735944
2022-04-26,1.8222328424453735,1.9271782048742585,1.774530456673816,1.917637727719947,219396249
2022-04-27,1.764989972114563,1.8413137890288414,1.7268279499259656,1.8222328348002719,150558686
2022-04-28,1.8031518459320068,1.8317732767250252,1.7459089843459699,1.7649899382079821,155974074
2022-04-29,1.764989972114563,1.8222328348002719,1.7459090178859935,1.8031518805717022,122784049
2022-05-05,1.7554495334625244,1.8031519200791173,1.7077470331144708,1.7936114427557988,84166110
2022-05-06,1.764989972114563,1.7745304492288478,1.7268279499259656,1.7363685407717087,50605250
2022-05-09,1.8031518459320068,1.822232799794019,1.755449461276976,1.755449461276976,77770628
2022-05-10,1.812692403793335,1.8222328811502897,1.7936114490794253,1.812692403793335,7941673
2022-05-11,1.7363685369491577,1.7936113995088485,1.6982065148445724,1.7840709224155666,58605314
2022-05-12,1.6982065439224243,1.7172874984357052,1.6409636803825822,1.7172874984357052,67926930
2022-05-13,1.7363685369491577,1.7459090140424396,1.7077469919378543,1.7172874690311362,44779383
2022-05-16,1.707746982574463,1.7363685274288376,1.6886660284925181,1.7268279366564077,35268543
2022-05-17,1.669585108757019,1.7077470177059695,1.6600446315197814,1.6982065404687319,39795329
2022-05-18,1.6982065439224243,1.7172874984357052,1.6505041576392225,1.6695851121525034,50215524
2022-05-20,1.8413138389587402,1.8508544300631904,1.6886660872594597,1.6982065646324482,91625296
2022-05-23,1.8985568284988403,1.9080973059299733,1.8126924178871822,1.8413138501805808,116029922
2022-05-24,1.8890162706375122,1.927178178737193,1.869935316587672,1.8985567476624325,88485834
2022-05-25,1.9271782636642456,1.9367187411095965,1.879475876437492,1.879475876437492,47475346
2022-05-26,1.9462591409683228,1.9557996180333475,1.9080972327082248,1.9271781868382738,70052954
2022-05-27,1.9271782636642456,1.9844211283363502,1.9271782636642456,1.955799696000298,108086364
2022-05-30,2.013042449951172,2.022582926871778,1.9462591115069297,1.9462591115069297,149315598
2022-05-31,2.117988109588623,2.175230976140575,2.0225831045391036,2.0225831045391036,269275609
2022-06-01,2.1943118572235107,2.203852334658542,2.1179880377432605,2.1179880377432605,151089632
2022-06-02,2.003502130508423,2.203852389051851,1.993961652837923,2.194311911381351,289956563
2022-06-03,2.108447551727295,2.146609461312109,2.0225830276985395,2.0225830276985395,211865022
2022-06-06,2.222933292388916,2.251554724730838,2.1370689953631508,2.156149950257765,178938654
2022-06-07,2.299257278442383,2.318338232830874,2.2420141878139903,2.2420141878139903,200078584
2022-06-08,2.1847712993621826,2.3469596372501247,2.1656903451945326,2.3374191601662995,274661997
2022-06-09,2.2801764011383057,2.28971687865508,2.184771398507637,2.2038523535411856,170035449
2022-06-10,2.2897167205810547,2.3565000585879865,2.222933155111212,2.2420141088274788,186271465
2022-06-13,2.2610950469970703,2.3183381352151917,2.2515545702045348,2.28017622804505,127358414
2022-06-14,2.098906993865967,2.2992572389684014,2.0702855627746066,2.280176284907495,173111729
2022-06-15,2.0512046813964844,2.108447545607559,1.9653401576169494,2.070285636133509,297717369
2022-06-16,2.0321238040924072,2.0893666704846896,1.9748807102371935,2.060745237288548,152291400
2022-06-17,2.1752307415008545,2.194311694959931,2.032123590557783,2.0702854974759357,161172242
2022-06-20,2.1656904220581055,2.2133928091702595,2.1179880349459514,2.194311854325398,93957376
2022-06-21,2.2038521766662598,2.2324736069195077,2.1656902696619293,2.175230746413012,106695331
2022-06-22,2.1561498641967773,2.1943117724628047,2.1561498641967773,2.175230818329791,69114651
2022-06-23,2.0798261165618896,2.1943118451524724,2.051204684414244,2.1466094582397295,170506347
2022-06-24,2.013042449951172,2.0989069696995384,1.9844210191893539,2.0989069696995384,145292914
2022-06-27,2.0225830078125,2.051204667182626,1.936718712090886,1.9462591893932875,124082729
2022-06-28,1.974880576133728,2.0798260515228972,1.9557996219653184,2.051204620270283,186277985
2022-06-29,1.9271782636642456,1.993961605781701,1.917637786218895,1.9748806508909993,171578378
2022-06-30,1.9176377058029175,1.9462591369387323,1.8222328216187438,1.9176377058029175,178796064
2022-07-01,1.9557996988296509,1.9653401762888032,1.9080973115338886,1.9271782664521935,81047203
2022-07-04,1.8890162706375122,1.984421040886714,1.879475793612592,1.974880563861794,94223222
2022-07-05,1.8508543968200684,1.9080972600298638,1.8508543968200684,1.8890163056265987,112262712
2022-07-06,1.9271782636642456,1.9748806508909993,1.879475876437492,1.8890163538828428,155194804
2022-07-07,1.9462591409683228,1.965340095098372,1.9271781868382738,1.9367186639032983,58228478
2022-07-08,1.9367187023162842,1.9462591795705348,1.9271782250620333,1.9462591795705348,24590404
2022-07-13,1.908097267150879,1.9462591760998293,1.8985567899136413,1.9462591760998293,61451161
2022-07-14,1.9939615726470947,2.032123709257264,1.8890163224921617,1.9080972770657858,130132770
2022-07-18,2.0416641235351562,2.070285554512291,2.022582942087486,2.022582942087486,84003715
2022-07-19,2.108447551727295,2.1179880291234983,2.0225830276985395,2.04166420995387,126625377
2022-07-20,2.146609306335449,2.1943116898725448,2.1275283529206113,2.1275283529206113,115292692
2022-07-21,2.1943118572235107,2.232473766963636,2.1561499474833856,2.1561499474833856,192116297
2022-07-22,2.232473611831665,2.24201408860374,2.203852181515441,2.213392658287516,122624046
2022-07-25,2.31833815574646,2.327878632623486,2.2229331595132877,2.232473636390314,157930922
2022-07-26,2.3851215839385986,2.3946620611758362,2.280176334328985,2.327878720515173,266364797
2022-07-27,2.4996073246002197,2.5091480293531063,2.3851215971206314,2.4423644608604254,207485633
2022-07-28,2.4900667667388916,2.528228902126859,2.4519048588138377,2.509147948164332,191220002
2022-07-29,2.518688440322876,2.5663908255166414,2.490066781743702,2.499607258782455,138416970
2022-08-01,2.509148120880127,2.5377695537940577,2.499607415779221,2.5282290761560806,97049776
2022-08-02,2.4900667667388916,2.6236336719394933,2.4423643818325744,2.509147948164332,352145732
2022-08-03,2.73811936378479,2.73811936378479,2.499607214571638,2.499607214571638,428593466
2022-08-04,2.9670910835266113,3.005253219079193,2.719038453480859,2.766741066055858,411800063
2022-08-05,3.033874750137329,3.167441432853275,2.900307839958461,2.9670911813164342,568120453
2022-08-08,3.0911176204681396,3.1674414393187607,2.9766316647292856,3.12927952989345,403880659
2022-08-09,3.1006579399108887,3.148360324263089,3.052955555558688,3.1006579399108887,185205362
2022-08-10,3.2056033611297607,3.2437654981654434,3.1006581098046735,3.1101985871978632,242049979
2022-08-11,3.348710775375366,3.386872685243109,3.2246845683052023,3.2246845683052023,179640720
2022-08-12,3.2914679050445557,3.415494111906373,3.2723869501427374,3.3868726795536457,170656283
2022-08-15,3.348710775375366,3.4441155500447227,3.301008388040688,3.3105488655076236,152870024
2022-08-16,3.6826276779174805,3.6826276779174805,3.348710742399953,3.3773321745189193,416451493
2022-08-17,3.7684922218322754,3.8543565186470334,3.6921681749784554,3.7207898347129653,268528190
2022-08-18,3.749411106109619,3.9306801693853366,3.5967632464145223,3.6444656314870794,113888472
2022-08-19,3.8734374046325684,3.9783828818922475,3.7589516775815577,3.768492154835809,67600465
2022-08-22,4.150111675262451,4.216895246768482,3.797113772143136,3.816194727584022,72040081
2022-08-23,4.245516300201416,4.560352736073212,4.207354390688322,4.207354390688322,75617753
2022-08-24,4.21689510345459,4.407704651378661,3.825735302747321,4.255057013039404,102573695
2022-08-25,4.46494722366333,4.503109130751629,4.216894827589387,4.264596983986852,58071823
2022-08-26,4.4077043533325195,4.617595296782153,4.255056725315197,4.474487918053006,49445978
2022-08-29,4.312299728393555,4.426785453191637,4.274137820127527,4.369542590792595,40483593
2022-08-31,4.6939191818237305,4.722540385047194,4.073787501230204,4.283677992930287,118103201
2022-09-01,5.161403179168701,5.161403179168701,4.770243368525856,4.770243368525856,101390112
2022-09-02,5.676589012145996,5.676589012145996,5.2472673222924024,5.342672091712553,110552717
2022-09-05,6.23947811126709,6.23947811126709,5.447617807517188,5.581184490638344,40144658
2022-09-06,6.859609603881836,6.859609603881836,6.163154095979346,6.668799607719363,33114966
2022-09-07,6.5161519050598145,7.059959774158636,6.258558799681599,6.859609530539377,27580993
2022-09-08,6.439828395843506,6.821447947323105,6.010506684757611,6.439828395843506,28114957
2022-09-09,6.773745059967041,6.8691498302628915,6.2776397995027855,6.296720753561956,23246324
2022-09-12,6.697421550750732,6.9645553747507805,6.487531046478147,6.773745370486218,21573005
2022-09-13,6.392125606536865,6.716502284664244,6.153613450249283,6.706962034974175,16015914
2022-09-14,5.752913475036621,5.915101361012973,5.752913475036621,5.848318247647958,11936971
2022-09-15,5.180483818054199,6.296720770904611,5.180483818054199,5.628886922068451,35501584
2022-09-16,4.665297508239746,4.665297508239746,4.665297508239746,4.665297508239746,6854598
2022-09-19,4.207354545593262,4.207354545593262,4.207354545593262,4.207354545593262,1488195
2022-09-20,3.7875730991363525,3.7875730991363525,3.7875730991363525,3.7875730991363525,6419726
2022-09-21,3.415493965148926,3.49181800893962,3.415493965148926,3.415493965148926,62428939
2022-09-22,3.0815770626068115,3.0815770626068115,3.0815770626068115,3.0815770626068115,40606254
2022-09-23,2.7762815952301025,2.7762815952301025,2.7762815952301025,2.7762815952301025,67280603
2022-09-26,2.4996073246002197,2.4996073246002197,2.4996073246002197,2.4996073246002197,123133700
2022-09-27,2.413743019104004,2.5759313598320293,2.2515546783759786,2.2515546783759786,166081592
2022-09-28,2.232473611831665,2.4137428979639934,2.1943117047433662,2.404202421191919,314235242
2022-09-29,2.3946621417999268,2.4519050071506197,2.222933318284921,2.2706359335400923,458400479
2022-09-30,2.337419271469116,2.3851216591597253,2.2801764062403853,2.3851216591597253,203402838
2022-10-03,2.528228998184204,2.5377694755279476,2.299257314471435,2.375581133221384,284353162
2022-10-04,2.4805264472961426,2.623633838566774,2.451905014534602,2.537769540282152,325271117
2022-10-05,2.3946621417999268,2.5091480999642397,2.337419276449234,2.490066917384415,158502465
2022-10-06,2.3946621417999268,2.4614454847090688,2.375581186683029,2.4137430969168245,175621045
2022-10-07,2.3469595909118652,2.3946619753891567,2.337419114016407,2.3946619753891567,93437877
2022-10-10,2.2706358432769775,2.3660406150689015,2.2610951386348668,2.356500137889709,144292138
2022-10-11,2.308797836303711,2.3469597464140324,2.2610952212028828,2.2706359261933895,110738517
2022-10-12,2.3469595909118652,2.356500067807324,2.289716729539115,2.337419114016407,112043833
2022-10-13,2.337419271469116,2.3755811816216035,2.3183383163928726,2.35650022654536,77165039
2022-10-14,2.3755810260772705,2.432823887557949,2.366040549163824,2.366040549163824,115391909
2022-10-17,2.604552745819092,2.604552745819092,2.394662022524695,2.404202499607944,305554671
2022-10-18,2.5377695560455322,2.6999576760350292,2.5186886007526503,2.642714810156383,408427118
2022-10-19,2.6617956161499023,2.6999575245951757,2.5091479823688085,2.5568503679254,388437742
2022-10-20,2.6713361740112305,2.747660220671842,2.585471877413832,2.6427147418120978,443725966
2022-10-21,2.7667410373687744,2.862145806603734,2.6617955637474067,2.671336040670903,392629421
2022-10-24,2.7667410373687744,2.833524375833246,2.6999574714413903,2.7858219912157662,226134799
2022-10-25,3.033874750137329,3.0434152274741826,2.766741157242515,2.7762816345793686,586869191
2022-10-26,2.948010206222534,3.157900933642363,2.9193887744102285,3.0624961609346775,353539545
2022-10-27,2.9766316413879395,3.0338747325399544,2.9193887776988454,2.957550686824908,337931621
2022-10-28,2.8812267780303955,2.986172252292083,2.871686301048689,2.9766315478474628,62959680
2022-10-31,2.8716864585876465,2.9193888461131037,2.804903116052006,2.900307891102921,202704588
2022-11-01,2.833524465560913,2.9480101922682214,2.823983988335304,2.8907673289145674,210733118
2022-11-02,2.9766316413879395,3.0243342552584385,2.8335244821652044,2.84306495944672,317494320
2022-11-03,2.8907673358917236,3.0052532903382745,2.8907673358917236,2.9670911538808107,201598979
2022-11-04,2.9670910835266113,3.005253219079193,2.90984822139211,2.90984822139211,169825656
2022-11-07,3.033874750137329,3.110198568832155,2.9861723634530626,2.995712840789916,222443173
2022-11-08,2.9766316413879395,3.072036641666017,2.957550686824908,3.04341520982147,211254857
2022-11-09,2.948010206222534,3.024334251851603,2.9193887744102285,2.986172342768529,283054984
2022-11-10,2.9861724376678467,3.0052533928157685,2.9193888671871924,2.9384698223351142,159248616
2022-11-11,2.928929328918457,3.072036719216726,2.9098483738737446,3.033874809127301,263776409
2022-11-14,3.033874750137329,3.062496182147889,2.928929271969021,2.928929271969021,286216813
2022-11-15,3.110198497772217,3.110198497772217,2.9480101592883705,3.0624961121778256,450149107
2022-11-16,3.1960628032684326,3.320089233720176,3.081577077432594,3.1292794631975265,538135284
2022-11-17,2.9957127571105957,3.2342249113324835,2.9766315755069623,3.2056032526584914,287515779
2022-11-18,3.224684476852417,3.262846385637879,3.0434151826585527,3.052955659854918,357218735
2022-11-21,3.2819273471832275,3.3105487788347014,3.138819961462938,3.2819273471832275,262586955
2022-11-22,3.339170217514038,3.3773321264629885,3.243765445141662,3.3010083085650876,261480957
2022-11-23,3.6730871200561523,3.6730871200561523,3.301008283200032,3.3391701918557453,405791702
2022-11-24,3.644465684890747,3.8066540239769595,3.606303776273501,3.711249252433845,399371949
2022-11-25,3.720789670944214,3.882978007474151,3.5872227654261044,3.654006104453702,335390087
2022-11-28,3.816194534301758,3.9497612156230844,3.758951670878332,3.758951670878332,285892389
2022-11-29,3.825735330581665,3.930680355240514,3.778032715790661,3.8448162855128967,258397600
2022-11-30,3.7971136569976807,3.882978181340801,3.778032702135415,3.825735316754004,199662590
2022-12-01,3.9020590782165527,3.959301941952693,3.8161945551494214,3.8448162144804123,274886721
2022-12-02,3.854356527328491,3.9783829615809756,3.7875731852110364,3.911599392000596,214474097
2022-12-05,3.825735330581665,3.9020591503065916,3.7971136707218927,3.873437490446819,251444195
2022-12-06,3.7971136569976807,3.9211400910653325,3.768492224704282,3.854356521584478,224892204
2022-12-07,3.5681419372558594,3.835275530250163,3.5586014599154527,3.8161945755693503,271670624
2022-12-08,3.644465684890747,3.673087116353681,3.5013585275760746,3.587222821964878,176390740
2022-12-09,3.7780325412750244,3.797113495324865,3.663546589513068,3.673087066537988,123237518
2022-12-12,4.054706573486328,4.102409185732968,3.7971134681912884,3.806653945148034,378743229
2022-12-13,4.03562593460083,4.131030711615748,3.9402211575859125,4.007004274033424,329723178
2022-12-14,4.026084899902344,4.283678004221619,3.8925182230138593,4.045165853743556,386769492
2022-12-15,4.426785469055176,4.426785469055176,4.11194949726931,4.140571156034313,260354429
2022-12-16,4.684378623962402,4.75116219178208,4.4744881256983025,4.503109329816852,124926588
2022-12-19,5.247267723083496,5.247267723083496,4.865648161328615,4.865648161328615,333579311
2022-12-20,4.7893242835998535,5.209105751097456,4.722540713227785,5.209105751097456,465251203
2022-12-21,4.617595672607422,4.980133818655475,4.588974012561755,4.798864973094375,260747944
2022-12-22,4.512650012969971,4.713000260548459,4.455407150079807,4.674838351955017,246881540
2022-12-23,4.426785469055176,4.560352603390744,4.379083311014615,4.531730944625742,168294063
2022-12-26,4.417245388031006,4.560352777467001,4.407704683103209,4.493569207749976,90984551
2022-12-27,4.264597415924072,4.436326470140711,4.226435504970567,4.426785764939402,233071200
2022-12-28,4.0642476081848145,4.283678368558966,3.9783830811334595,4.27413811828985,183585493
2022-12-29,4.169192314147949,4.197813972599045,4.064247294654198,4.073787544187345,155103684
2022-12-30,4.169192314147949,4.255056834575407,4.140571110622682,4.207354222132191,138873532
2023-01-02,4.360002517700195,4.407704677500997,4.1978141735406,4.21689512844609,170816584
2023-01-03,4.264597415924072,4.493569336570968,4.2359762101718745,4.464947675892907,130541136
2023-01-04,4.1787333488464355,4.331380992846935,4.140571437846311,4.264597421133784,129341169
2023-01-05,3.9593019485473633,4.216895063251966,3.921140039326373,4.207354358483798,111318767
2023-01-06,3.9593019485473633,4.00700410761068,3.5490609694958795,3.7303302657585027,174508176
2023-01-09,3.9115993976593018,4.121490356686506,3.854356532904387,4.007004172250826,182953546
2023-01-10,3.7780325412750244,3.9974637403111033,3.749411110200264,3.9020589700619013,118301002
2023-01-11,3.453655958175659,3.8543564586682972,3.453655958175659,3.7875731177404974,145311917
2023-01-12,3.62538480758667,3.6349252849436247,3.2914678726303284,3.558601466087986,141831465
2023-01-13,3.62538480758667,3.7207898086191404,3.5681419434449406,3.62538480758667,117366450
2023-01-16,3.940221071243286,3.940221071243286,3.6540062915445377,3.6540062915445377,113180418
2023-01-17,4.073787689208984,4.1214903033503525,3.9211400518379564,3.9402210065093346,119738762
2023-01-18,4.4077043533325195,4.4077043533325195,4.045165781865563,4.092868393083885,168212448
2023-01-19,4.2741379737854,4.407704657518299,4.197814154509458,4.388623702699314,120439325
2023-01-20,4.550811767578125,4.62713558218245,4.293218665825621,4.293218665825621,182533086
2023-01-23,4.436326026916504,4.760702237613541,4.388623415527561,4.617595313298345,150842222
2023-01-24,4.321840286254883,4.4649472099330225,4.226435063901702,4.4267853029620765,161646554
2023-01-25,4.28367805480957,4.4363261422677835,4.111949468210638,4.350461621505403,137248284
2023-01-26,4.111949443817139,4.283678029397318,4.111949443817139,4.283678029397318,151207074
2023-01-27,4.03562593460083,4.131030711615748,3.882978291376962,4.08332855057122,145642599
2023-01-30,4.092868804931641,4.2741381089054675,4.007004278068811,4.026085233491011,110005006
2023-01-31,3.9879231452941895,4.140571236809024,3.9115993269996925,4.064247418514528,165878329
2023-02-01,3.6921679973602295,4.07378753088208,3.6921679973602295,3.997463715162875,96091543
2023-02-02,3.5872228145599365,3.739870676176734,3.386872567270052,3.6635466316368768,184933300
2023-02-03,3.844816207885742,3.8543564576958147,3.6063038211350817,3.6158442984080743,181868378
2023-02-06,3.8638970851898193,3.8638970851898193,3.61584422612491,3.797113518150998,26884013
2023-02-07,3.4822776317596436,3.8066540879177375,3.4822776317596436,3.8066540879177375,72790561
2023-02-08,3.2056033611297607,3.2056033611297607,3.2056033611297607,3.2056033611297607,52
2023-02-15,3.825735330581665,3.825735330581665,3.529980074221725,3.6444658038091147,45072610
2023-02-16,3.7875730991363525,4.1024093026039505,3.7494111902222,4.016544780084187,106893814
2023-02-17,3.7780325412750244,3.854356357474386,3.7207896791255033,3.758951587225184,39980079
2023-02-20,3.7875730991363525,3.8352754852790434,3.739870712993662,3.8257352355134246,49608086
2023-02-21,3.711249351501465,3.787573170773335,3.68262769181159,3.7780326933643513,48084558
2023-02-22,3.6921679973602295,3.7684920405423474,3.6635465664655276,3.7017087017880432,47730082
2023-02-23,3.6730871200561523,3.7780325963222814,3.6349252114004393,3.6826275972200806,73150593
2023-02-24,3.644465684890747,3.692168070662304,3.644465684890747,3.673087116353681,39537898
2023-02-27,3.749411106109619,3.787573014167665,3.587222769400011,3.6540061085015907,82090281
2023-02-28,3.7875730991363525,3.8829780988846534,3.6921680993880517,3.7494111902222,84775623
2023-03-01,3.844816207885742,3.8829781169777133,3.7684921622388794,3.797113594057858,88685124
2023-03-02,3.835275411605835,3.930680182058551,3.8257351620234785,3.8448161161140217,70719441
2023-03-03,3.7971136569976807,3.8161946118599466,3.6826277003611616,3.806654134428814,76074863
2023-03-06,4.0833282470703125,4.169192312538803,3.8066539593655175,3.816194436357896,172888876
2023-03-07,4.293218612670898,4.436325990745091,4.17873289218187,4.197813845596708,176373731
2023-03-08,4.617595672607422,4.646216877727237,4.178733251412873,4.255057071633516,159481961
2023-03-09,4.512650012969971,4.760702418827345,4.484028354061971,4.598514534768133,152310838
2023-03-10,4.484028339385986,4.598514519717441,4.417245227028958,4.474488089731768,132767533
2023-03-13,4.22643518447876,4.503109245374332,4.169192322389244,4.484028291344493,107238409
2023-03-14,4.140571117401123,4.312299703611345,4.13103041292653,4.2168949334945545,90630818
2023-03-15,4.092868804931641,4.169192626620439,4.007004278068811,4.150111671198239,83326173
2023-03-16,4.235976219177246,4.255057174694564,4.064247619521389,4.121490486073341,61424940
2023-03-17,4.22643518447876,4.312299705075947,4.140571118807401,4.264597092538437,56183481
2023-03-20,4.2741379737854,4.321840588295788,4.140571290052502,4.169192494818056,50089522
2023-03-21,4.131030559539795,4.3122998566579875,4.092868650138685,4.274137947256878,50440983
2023-03-22,4.312299728393555,4.312299728393555,4.102409232930405,4.13103043666701,42093024
2023-03-23,4.264597415924072,4.350461943032391,4.188273594017062,4.312300032078886,56485813
2023-03-24,4.140571117401123,4.293218749587986,4.140571117401123,4.274137795564628,47374048
2023-03-27,4.092868804931641,4.197814287216669,4.0833285546834714,4.15965237637227,26809844
2023-03-28,3.9020590782165527,4.092868624003687,3.9020590782165527,4.083328374177252,33359216
2023-03-29,3.940221071243286,3.96884227625765,3.797113681393912,3.8829782062887066,46209958
2023-03-30,3.92113995552063,4.140571156314384,3.882978047115267,3.959301863925993,145765745
2023-03-31,3.9020590782165527,4.007004100936556,3.8161945551494214,3.892518373464275,95890368
2023-04-03,3.844816207885742,3.959301935161656,3.7684921622388794,3.892518366787786,58468998
2023-04-04,3.92113995552063,3.9783828181286744,3.8352754341456468,3.844816138709904,60816859
2023-04-05,3.8734374046325684,4.016544790909251,3.8734374046325684,3.940220972875244,47736722
2023-04-06,3.8734374046325684,3.9306802681580733,3.8543564501240666,3.8734374046325684,31717150
2023-04-07,3.9020590782165527,3.930680282621702,3.8448162144804123,3.873437418885562,24558574
2023-04-10,3.9688422679901123,4.045166087770561,3.921140108090257,3.930680358099888,57612338
2023-04-11,4.150111675262451,4.178733335886711,3.9879233265519924,3.9879233265519924,95669814
2023-04-12,4.21689510345459,4.293218922624218,4.140571284284961,4.150111534218242,74077305
2023-04-13,4.045166015625,4.255056971203676,4.03562576578552,4.2264353118335505,57127030
2023-04-14,3.9783828258514404,4.131030459769209,3.968842121268663,4.073787597050046,56121837
2023-04-17,3.9593019485473633,4.073787676210332,3.9593019485473633,4.026085062221174,35308101
2023-04-18,3.9783828258514404,4.064247347393103,3.968842121268663,3.968842121268663,34569652
2023-04-19,4.131030559539795,4.235976037855768,3.930680307721047,3.9783829219353564,50583237
2023-04-20,3.9974639415740967,4.092868716626707,3.98792323660591,4.092868716626707,26959706
2023-04-24,3.9783828258514404,4.035625688570604,3.9402209173719984,4.026084983987826,33173799
2023-04-25,3.9593019485473633,4.00700410761068,3.9306802891686994,3.978382903157858,28372931
2023-04-26,3.8734374046325684,3.9879231316835786,3.8448162003327355,3.9879231316835786,28281460
2023-04-27,3.9115993976593018,3.940221057499684,3.8352755779860823,3.8352755779860823,33079757
2023-04-28,3.749411106109619,3.9306801693853366,3.720789675066085,3.9115992153563135,23899105
2023-05-02,3.711249351501465,3.825735307872194,3.6444657821756548,3.7684922159553675,25983973
2023-05-03,3.5872228145599365,3.7684921075805864,3.4536559072123745,3.711249244772881,34598357
2023-05-04,3.7017087936401367,3.739870702446667,3.5586014081527293,3.568141885354362,30042228
2023-05-05,3.654006242752075,3.7684921985954123,3.6253848106569713,3.711249334405205,26018676
2023-05-08,4.016544818878174,4.016544818878174,3.67308718040766,3.7017088398326377,70266466
2023-05-09,4.016544818878174,4.235976024716857,3.9497612501704555,4.007004114094567,101886555
2023-05-10,3.92113995552063,4.140571156314384,3.911599250956373,4.00700402196978,81506095
2023-05-11,4.302759647369385,4.312299897346757,3.9115993899284462,3.9306803448090397,151849102
2023-05-12,4.207354545593262,4.484028627212609,4.102409518031346,4.340921688732567,129376383
2023-05-15,3.7875730991363525,3.9115993031073484,3.7875730991363525,3.7875730991363525,73023101
2023-05-16,3.7875730991363525,3.844816189970501,3.6635466677024375,3.7494111902222,74709501
2023-05-17,3.7684922218322754,3.8925184283424814,3.7494112669845516,3.8161946089515855,60714011
2023-05-18,3.5872228145599365,3.8066540161190563,3.5490609060214666,3.7875730618498213,59924262
2023-05-22,3.453655958175659,3.663546685697378,3.453655958175659,3.6349252538711783,46882754
2023-05-23,3.453655958175659,3.558601435667979,3.4345750036248592,3.444115480900259,62512451
2023-05-24,3.415493965148926,3.49181800893962,3.3296296717801743,3.4822775318986476,60409301
2023-05-25,3.4822776317596436,3.520439541017899,3.3868726311510833,3.415494063094775,56743819
2023-05-26,3.5967633724212646,3.625384804467504,3.491818121585053,3.491818121585053,36031598
2023-05-29,3.7589516639709473,3.8161945272891846,3.5776823693336106,3.6253847554321417,46027814
2023-05-30,4.054706573486328,4.1310303891402915,3.825735126524438,3.825735126524438,95355425
2023-05-31,3.9115993976593018,4.0451660820874356,3.902059147663074,4.0451660820874356,68247815
2023-06-01,3.949761152267456,4.045165923109504,3.9306801980990467,3.940220902646167,46859749
2023-06-02,4.169192314147949,4.255056834575407,4.064247294654198,4.150111360155829,166086112
2023-06-05,4.21689510345459,4.369542741793847,4.121490329492555,4.312299877416625,130533214
2023-06-06,4.140571117401123,4.2168949334945545,4.121490163377765,4.2168949334945545,58867294
2023-06-07,4.264597415924072,4.3695428985091445,4.121490477311358,4.178733343741617,127078912
2023-06-08,4.293218612670898,4.436325990745091,4.216894799011547,4.264596955085734,90900735
2023-06-09,4.2741379737854,4.407704657518299,4.2359760641474296,4.350461793061343,89676187
2023-06-12,4.131030559539795,4.3409215161717425,4.131030559539795,4.2836781971442335,62955150
2023-06-13,4.102409362792969,4.197814136478093,4.035625793750459,4.131030567435583,73800570
2023-06-14,4.121490478515625,4.293219077856577,4.054706906864545,4.121490478515625,112322753
2023-06-15,4.245516300201416,4.245516300201416,4.14057127650333,4.150111526418681,59544805
2023-06-16,4.1787333488464355,4.283678376633847,4.159652393346373,4.264597421133784,63133800
2023-06-19,4.016544818878174,4.178733160792746,4.007004114094567,4.169192456009139,50710804
2023-06-20,4.0642476081848145,4.131030724846212,3.9783830811334595,4.007004286866669,47303520
2023-06-21,4.016544818878174,4.169192456009139,3.9688422048118257,4.092868637443656,46613465
2023-06-22,4.0642476081848145,4.083328563648909,3.9115995095461984,4.007004286866669,70264249
2023-06-23,4.21689510345459,4.283678217765091,4.102409374700147,4.102409374700147,69718860
2023-06-26,4.302759647369385,4.398164421772353,4.283678237562943,4.350461807107944,53343120
2023-06-27,4.2741379737854,4.312299883423371,4.2359760641474296,4.293218928604386,20511710
2023-07-03,4.360002517700195,4.407704677500997,4.312299902973544,4.312299902973544,72101900
2023-07-04,4.6939191818237305,4.789323950778313,4.38862346624324,4.38862346624324,271293497
2023-07-05,4.646216869354248,4.779784009425524,4.541271844202913,4.741621644458122,155638477
2023-07-06,4.617595672607422,4.837026883204697,4.598514717552261,4.684378787837558,104167821
2023-07-07,4.732081413269043,4.808405233656309,4.579433772494511,4.608054977676809,76299084
2023-07-10,4.827486038208008,4.9038098562151164,4.751162220200899,4.817945788420039,106431005
2023-07-11,4.970593452453613,4.999214656904697,4.7893241562019915,4.913350588625603,151371739
2023-07-12,4.961052894592285,5.142322196211637,4.932431689293672,4.961052894592285,145175371
2023-07-13,5.018296241760254,5.170943883967883,4.980133876282488,4.980133876282488,133164077
2023-07-14,4.970593452453613,5.113700839486562,4.903809883858012,5.0755389302678875,71711444
2023-07-17,5.008755207061768,5.094619727616235,4.913350436960043,5.008755207061768,81985976
2023-07-18,4.6939191818237305,5.0469170544186,4.665297523674444,5.027836100627684,124262385
2023-07-19,4.961052894592285,4.989674554816753,4.66529786192677,4.693919522151238,148311693
2023-07-20,5.457158088684082,5.457158088684082,4.9515125579370896,5.0087554224598145,215221255
2023-07-21,5.46669864654541,5.752913416387387,5.4285367378899245,5.46669864654541,148985149
2023-07-24,5.47623872756958,5.695669923042713,5.361753005129464,5.47623872756958,80271895
2023-07-25,5.380834102630615,5.714751029465209,5.256808127469767,5.543022441216918,88645944
2023-07-26,5.380834102630615,5.418996011130235,5.228186468632135,5.342672194130995,58980426
2023-07-27,5.447617530822754,5.523941345872502,5.380833965191313,5.447617530822754,55028273
2023-07-28,5.752913475036621,5.838777542923904,5.581184429410374,5.581184429410374,133424561
2023-07-31,5.8006157875061035,5.93418247269943,5.714751262418896,5.876939607616576,90229644
2023-08-01,5.533482074737549,5.886479948369812,5.523941370351141,5.810156132981843,121632353
2023-08-02,5.934182167053223,5.991425484113552,5.543022381671218,5.581184289760885,165055990
2023-08-03,5.943723201751709,6.14407345781616,5.8960205865265145,5.962804156856616,117421645
2023-08-04,5.953263282775879,6.058208760335472,5.81969660083466,5.943723032957284,89612195
2023-08-07,5.857858657836914,6.010506753120465,5.838777702792202,5.981885093090471,47809691
2023-08-08,5.857858657836914,5.981885093090471,5.819696747747489,5.857858657836914,71191280
2023-08-09,6.268099784851074,6.373044808646711,5.838777620040925,5.8769395295894915,141598351
2023-08-10,6.077289581298828,6.592475798100955,6.000965764724562,6.268099577660325,215575046
2023-08-11,6.249018669128418,6.2776398730897585,5.91510128678999,6.067749375978534,95447247
2023-08-14,6.334882736206055,6.544773688251986,6.172694397332153,6.420747257945376,89399749
2023-08-15,6.4302873611450195,6.525692585315789,6.191775210569745,6.334882591900075,78375725
2023-08-16,6.46845006942749,6.621097708376531,6.334882930421231,6.411206749895752,64958596
2023-08-17,6.563854694366455,6.6020166032350875,6.40166635421185,6.468449922194875,57943768
2023-08-18,6.201315879821777,6.964554939308632,6.000965638079623,6.554313751490973,162545508
2023-08-21,6.582935810089111,6.621097719892747,5.981885048293069,6.124992437519629,111720266
2023-08-22,6.573394775390625,6.6878809539836555,6.382585235945284,6.582935479825805,70978214
2023-08-23,6.592475891113281,6.869149957561468,6.5638546869570344,6.592475891113281,97878190
2023-08-24,6.878690719604492,7.241229311396952,6.592475946099742,6.611556900671669,195470721
2023-08-25,6.726043224334717,6.869150159167746,6.55431417465372,6.830988249222158,82190090
2023-08-28,6.888230800628662,7.212607475328286,6.878690551039407,7.155364613015264,129910970
2023-08-29,6.897771835327148,7.079041135458323,6.802367060238597,6.878690880309438,84851046
2023-08-31,6.783286094665527,6.9645553945146315,6.783286094665527,6.916852779581659,58731413
2023-09-01,6.955014705657959,7.040879230765738,6.8119073154536105,6.821448020432632,48737375
2023-09-04,6.993176460266113,7.183986461272212,6.91685264183401,6.964555255816996,82581233
2023-09-05,7.145823955535889,7.250769431263458,6.955014413236522,7.00271702627428,74081083
2023-09-06,7.241229057312012,7.384335984117118,7.088580971166968,7.164905241702402,71655646
2023-09-07,7.470200538635254,7.641929579475677,7.241229090749125,7.250769340281467,96686995
2023-09-08,7.5179033279418945,7.622848349895744,7.35571498774397,7.498822373502483,67325035
2023-09-11,7.174445629119873,7.613308032238113,7.107662061714634,7.584686373371343,65135921
2023-09-12,7.441579341888428,7.498822203912083,7.002716944781243,7.2030671893269504,68558480
2023-09-13,7.06950044631958,7.527443822696103,7.0217982861313955,7.441579752387029,51797122
2023-09-14,6.955014705657959,7.088581390883285,6.7069622902394945,7.050419480818906,39459738
2023-09-15,6.983636379241943,7.136284019796132,6.897771853967285,6.983636379241943,36163220
2023-09-18,6.773745059967041,7.040878871721254,6.69742124373036,6.983636009543742,34486537
2023-09-19,6.678340435028076,6.811907116349403,6.6306378213789685,6.773745207400452,32666967
2023-09-20,6.955014705657959,7.0790411408301175,6.697421585260473,6.697421585260473,43814668
2023-09-21,7.059959888458252,7.145823955023898,6.850068937018153,6.974095366966772,52384179
2023-09-22,6.935933589935303,7.079040976824165,6.878690726164926,7.069500272066181,41317846
2023-09-25,7.136283874511719,7.193526738554158,6.907311963416118,6.955014577581073,73120404
2023-09-26,7.699172019958496,7.82319844889837,7.098121739184165,7.1553646014043,125682091
2023-09-27,8.004467964172363,8.13803418390875,7.565605123287779,7.71825320639897,101267708
2023-09-28,8.07125186920166,8.510114298396141,8.033089958395692,8.309764039201884,104072403
2023-09-29,7.746874809265137,8.204818627320858,7.708712900248133,8.099872695135337,87154637
2023-10-02,8.252520561218262,8.452870816604628,7.756415730169744,7.775496230284219,121763897
2023-10-03,8.223898887634277,8.481492448393286,8.109413163914159,8.300222703447691,99710601
2023-10-04,7.947225093841553,8.424249413567225,7.947225093841553,8.29068227649743,159760764
2023-10-05,8.080792427062988,8.271601977614596,7.73733432621839,8.023549106971654,113850539
2023-10-06,8.128495216369629,8.395628592866947,7.966306867461897,7.985387368000128,108658141
2023-10-09,7.832739353179932,8.157116035626748,7.775496034573918,8.014008194037556,77482334
2023-10-10,8.185737609863281,8.27160213672611,7.966306849970916,7.975846645293223,101735607
2023-10-11,8.252520561218262,8.63414057187652,8.09987292089564,8.252520561218262,146191529
2023-10-12,7.861360549926758,8.45287059564025,7.632389095428312,8.433790096024554,93553424
2023-10-13,7.48928165435791,7.928144515468619,7.48928165435791,7.928144515468619,67203301
2023-10-16,7.222148418426514,7.727794401284269,7.222148418426514,7.641929877515292,71503844
2023-10-17,7.193526744842529,7.365255337119966,6.983636243170106,7.2698505636325015,95944818
2023-10-18,6.687880992889404,7.088581028055631,6.687880992889404,7.040878870379709,66726650
2023-10-19,6.754664421081543,6.993176585413099,6.687881306221252,6.687881306221252,75940216
2023-10-20,6.23947811126709,6.754664343945962,6.201316201803903,6.649718865459275,93724528
2023-10-23,6.544773578643799,6.611556690055194,6.17269429395534,6.4207471504143125,92455743
2023-10-24,6.955014705657959,7.050419480818906,6.592476105120505,6.678340630228284,81787768
2023-10-25,6.315801620483398,7.079040682171624,6.315801620483398,6.993176162627098,70518508
2023-10-26,6.46845006942749,6.602016753507901,6.2585591109467105,6.535233184004771,76389912
2023-10-27,6.649718761444092,6.6974213749898315,6.353963740267681,6.497071125979064,67046502
2023-10-30,6.65925931930542,6.802366701861683,6.544773595230741,6.630637660823836,61856712
2023-10-31,6.392125606536865,6.764204897892095,6.353963697924919,6.716502284664244,42391869
2023-11-01,6.258558750152588,6.563854465376796,6.124992073772044,6.449368742764901,65482075
2023-11-02,6.621097564697266,6.726043041660316,6.3253425431885235,6.334882792952889,85959848
2023-11-03,6.678340435028076,6.802366866575085,6.611556866904493,6.659259480553601,51067892
2023-11-06,6.830987930297852,6.878690542965629,6.7546641139700725,6.792826022133962,39036747
2023-11-07,6.764204978942871,6.840528797081299,6.630637842274782,6.830988092351075,33618601
2023-11-08,6.5161519050598145,6.850068826116638,6.497070951140162,6.8023666687804205,53395418
2023-11-09,6.582935810089111,6.668799879684367,6.401666511058915,6.401666511058915,41138706
2023-11-10,6.582935810089111,6.716502494401837,6.544773900285475,6.582935810089111,39449015
2023-11-13,6.449368953704834,6.687881111076891,6.43982824904555,6.602016588846682,61512419
2023-11-14,6.487530708312988,6.554313819637517,6.239477852176667,6.49707095781971,56562572
2023-11-15,6.487530708312988,6.554313819637517,6.382585234184097,6.5256926161915265,47843166
2023-11-16,6.6115570068359375,6.66879987147089,6.477990322687716,6.497071277566033,45743131
2023-11-17,6.935933589935303,6.9740954991155535,6.621097611735312,6.630637861567454,81055162
2023-11-20,7.183986186981201,7.3747957257761785,7.07904071318105,7.088580962657887,83736312
2023-11-21,7.050419330596924,7.2698505362546495,6.955014557468748,7.212607672377744,105972444
2023-11-22,7.040879249572754,7.203067595242516,6.964555429240126,7.069500454734563,64979188
2023-11-23,7.050419330596924,7.250769581629014,7.002717171495757,7.012257421345653,104016892
2023-11-24,7.079041004180908,7.0885812540499185,6.878690752747422,7.059960049517045,56802260
2023-11-27,7.241229057312012,7.3461740763123125,7.069500017264565,7.174445491190691,96024266
2023-11-28,7.079041004180908,7.279391255614394,7.050419344722192,7.250769596155677,55564553
2023-11-29,6.945474147796631,7.136283689662267,6.91685248905387,7.1076620309195055,57889276
2023-11-30,6.792826175689697,7.040879039288187,6.783285925895977,6.945474266721783,59449635
2023-12-01,6.897771835327148,7.059960180440613,6.830988265302237,6.955014700380279,49132342
2023-12-04,6.907311916351318,6.935933575640439,6.79282618904652,6.916852621089639,43167901
2023-12-05,7.0981221199035645,7.1267433250858625,6.907312114009545,6.916852819020881,58899484
2023-12-06,7.002717018127441,7.298472035810302,6.945474155504227,7.098121789166133,70866828
2023-12-07,6.840528964996338,7.050419470029214,6.621097754999041,6.983636354981679,63584369
2023-12-08,6.792826175689697,6.916852607488942,6.754664266663136,6.916852607488942,48762808
2023-12-11,6.5066118240356445,6.802366844911014,6.5066118240356445,6.7928261402412415,49196144
2023-12-12,6.602016448974609,6.735583126893949,6.401666204632688,6.487530725043748,52406865
2023-12-13,6.258558750152588,6.659259234220041,6.258558750152588,6.55431376102956,56271062
2023-12-14,6.573394775390625,6.592475729335159,6.268099512278081,6.392125485454638,59706798
2023-12-15,6.926393508911133,6.935933758975787,6.573395158001881,6.582935862992387,62332708
2023-12-18,6.850069046020508,7.012257387007103,6.764204978088541,6.802366887152935,47918777
2023-12-19,6.792826175689697,6.907311902769382,6.59247592583733,6.85006903922954,33326849
2023-12-20,6.859609603881836,6.926393170777576,6.668799607719363,6.821447695634507,30914796
2023-12-21,6.830987930297852,7.002716971961185,6.773745068052017,6.878690542965629,44819394
2023-12-22,6.783286094665527,6.89777182459364,6.726043229701471,6.850069209660667,32313151
2023-12-25,6.439828395843506,6.745124128012355,6.382585531360443,6.745124128012355,27641060
2023-12-26,6.010506629943848,6.487530951211586,5.80061567382757,6.4684499965579105,94076522
2023-12-27,5.9055609703063965,6.048668353271739,5.714750974710663,6.000965740641348,59314856
2023-12-28,6.039127826690674,6.105911395355529,5.896020439509325,5.915101394138449,37507253
2023-12-29,6.249018669128418,6.334882735938274,6.029587467412856,6.0486684216956945,45064285
2024-01-02,6.458909034729004,6.497070942517662,6.239477837481308,6.306261403574372,34245889
2024-01-03,6.47799015045166,6.563854672584057,6.315801810835283,6.430287537061254,26993231
2024-01-04,6.621097564697266,6.630637814461631,6.439828269915939,6.477990178825077,26932009
2024-01-05,6.7069621086120605,6.735583312922344,6.582935676798591,6.62109758582953,18748288
2024-01-08,7.050419330596924,7.088581239848194,6.8214478750893015,6.897771693591842,58497405
2024-01-09,6.907311916351318,7.098121916785158,6.878690711988039,7.0695002574960375,47710204
2024-01-10,7.107662200927734,7.164905519782461,6.840528835926279,6.878690745212201,31302319
2024-01-11,7.212607383728027,7.241229041983958,6.993176186851973,7.117202614417965,30886631
2024-01-12,7.164905548095703,7.317553185842603,6.935933636549509,7.193526752710325,49987894
2024-01-15,7.174445629119873,7.222148242255878,7.031338244637694,7.183986333717408,34906477
2024-01-16,7.174445629119873,7.260310150794348,7.069500153176164,7.155364674850638,27667588
2024-01-17,7.3175530433654785,7.3175530433654785,7.117202795260689,7.117202795260689,24553654
2024-01-18,7.260310173034668,7.565605442277631,7.260310173034668,7.489281624966891,40633657
2024-01-19,7.107662200927734,7.298472202283189,7.021798132497331,7.269850542855825,34033329
2024-01-22,7.1172027587890625,7.164905371874644,6.974095374458152,7.059959896041865,14302614
2024-01-23,7.183986186981201,7.3652550213735175,7.117202620940046,7.164905233101703,39893818
2024-01-24,7.460660457611084,7.546524525044814,7.183986391036742,7.212607595206039,42037388
2024-01-25,7.384335994720459,7.5560650350144964,7.317552883429068,7.517903127154894,36144386
2024-01-26,7.756415367126465,7.813657774642333,7.308012262277741,7.393876783403205,54064800
2024-01-29,7.928144454956055,8.05216997523734,7.746874707126479,7.794577320231718,44689164
2024-01-30,7.832739353179932,8.099872717020736,7.832739353179932,7.975846284917441,32658542
2024-01-31,7.8231987953186035,7.918604024835978,7.651470655979709,7.8231987953186035,27829407
2024-02-01,7.84227991104126,7.918603727851986,7.79457729807164,7.84227991104126,30408527
2024-02-02,7.994927883148193,8.061710998222095,7.8422802430640175,7.8804421530850615,39496336
2024-02-05,7.947225093841553,8.118954140095333,7.880441980232497,8.071251526152428,37975561
2024-02-06,7.880442142486572,7.966306667381367,7.746875002666703,7.909063347500936,37460878
2024-02-07,8.290681838989258,8.347925154670287,7.832738952947558,7.899522063032397,73576418
2024-02-08,8.586437225341797,8.653220334830824,8.25251985819341,8.290681765023086,62552853
2024-02-09,8.586437225341797,8.805867962149529,8.38608698702309,8.576896521171472,46079659
2024-02-12,9.08254337310791,9.101623872540458,8.53873503657935,8.586437649938231,58433409
2024-02-13,8.91081428527832,9.38783859682554,8.87265237674861,9.09208312333153,65005186
2024-02-14,9.063462257385254,9.187488692194835,8.681843157857081,8.910814617573985,44534733
2024-02-15,8.84403133392334,9.158867312491644,8.7963287199293,9.082543494041856,67862676
2024-02-16,8.405168533325195,8.86311142279793,8.405168533325195,8.84403092399572,52538713
2024-02-19,8.281142234802246,8.586437499175972,8.26206082585306,8.433789866989109,43293393
2024-02-20,8.376546859741211,8.452870678656945,8.223899221909742,8.290682335998087,19786341
2024-02-21,8.233439445495605,8.519654204626306,8.17619612972881,8.405168482944354,36241881
2024-02-22,8.014008522033691,8.319304717341408,7.975846611351692,8.25252069125912,46885624
2024-02-23,7.775496006011963,8.0521700735794,7.689632393195872,8.014008164599467,66527679
2024-02-26,7.67055082321167,7.823198455936016,7.584686302341311,7.7945772522631165,54172234
2024-02-27,7.775496006011963,7.85181982397183,7.451119779682529,7.670550983780066,44779905
2024-02-28,7.613307952880859,7.87090106029343,7.565605340242083,7.79457724401205,28843517
2024-02-29,7.899522304534912,7.928144418176275,7.556065129503539,7.622848241630057,33675692
2024-03-01,7.8041181564331055,7.975846292715684,7.737334133018846,7.966306497815091,17568155
2024-03-04,7.6228485107421875,7.842280173814321,7.536984441415971,7.804118264130258,15267949
2024-03-05,7.737334251403809,7.861360685526031,7.527443747826534,7.622848522179841,30570080
2024-03-06,7.603767395019531,7.746874780769822,7.508362622827949,7.70871287189319,20989579
2024-03-07,7.947225093841553,7.985387003025539,7.632389115610744,7.632389115610744,28711916
2024-03-08,8.004467964172363,8.13803418390875,7.832738927538001,7.956765352901526,26771575
2024-03-11,7.918603897094727,8.262061080083635,7.909063192326558,8.204818671177993,29111516
2024-03-12,8.118953704833984,8.15711561197209,7.851819445015603,7.880441557757909,29347874
2024-03-13,7.985386848449707,8.204818504398778,7.8422799192428485,8.1380344822308,28622093
2024-03-14,8.033089637756348,8.07125154703909,7.918603909908125,8.02354893297274,27365921
2024-03-15,7.909063339233398,8.10941359382792,7.889982839194335,8.10941359382792,16294256
2024-03-18,7.909063339233398,8.033089773968264,7.727794494529641,7.918604044178781,23922827
2024-03-19,8.185737609863281,8.185737609863281,7.832739707089657,7.909063528778455,19617071
2024-03-20,8.176196098327637,8.328843726650655,8.11895369263232,8.157115599713077,22422775
2024-03-21,8.338384628295898,8.491032260232865,8.08079197686518,8.223898904343173,47132167
2024-03-22,8.357466697692871,8.471952430693245,8.242980964692496,8.376547198267069,20327055
2024-03-25,8.319304466247559,8.710464266394972,8.176196623120562,8.357466375777753,37051894
2024-03-26,7.937684535980225,8.319304544734166,7.88998283100622,8.300223134863204,21142466
2024-03-27,7.832739353179932,8.06171080790062,7.7373341254538035,7.9376843757973266,20941317
2024-03-28,8.080792427062988,8.128495042163816,7.870901466530368,7.870901466530368,19055390
2024-03-29,8.099872589111328,8.147575202221095,7.94722495504141,8.109413293703616,16355933
2024-04-01,8.491032600402832,8.491032600402832,7.899522548024027,8.300223052837362,29073823
2024-04-02,8.634140014648438,8.805868144002584,8.357465956956686,8.51011358742777,39262456
2024-04-03,8.653221130371094,8.77724756643291,8.491032783971157,8.624599925080432,18268886
2024-04-04,8.968056678771973,9.053921200289105,8.681842820183753,8.681842820183753,26552551
2024-04-05,9.08254337310791,9.32105553005064,8.891732919672389,9.044380554539467,29515073
2024-04-08,9.464162826538086,9.511865441743055,9.07300301959042,9.101624224772717,27488610
2024-04-15,9.301974296569824,9.426000729706292,9.073002839941742,9.24473097748696,22080876
2024-04-16,8.968056678771973,9.464162398714663,8.948976179463536,9.26381215179191,18135865
2024-04-17,9.111165046691895,9.197029573192248,9.006219109924032,9.063462430874841,16074164
2024-04-18,8.872652053833008,9.158866812315035,8.691382312525349,9.101623496677975,22593227
2024-04-19,9.025300025939941,9.130245047108989,8.720004757192404,8.777247165156732,29384326
2024-04-22,8.891733169555664,9.206569152779728,8.891733169555664,9.111164833232506,22467278
2024-04-24,9.778998374938965,9.778998374938965,8.920354979128893,8.920354979128893,76970454
2024-04-25,9.206568717956543,9.893483971571586,9.19702892334857,9.864862768044357,39242974
2024-04-26,9.406919479370117,9.426000889338118,9.120705608663751,9.225650633932638,46905758
2024-04-29,9.540486335754395,9.569107540003188,9.330595381609328,9.502324426805444,28412239
2024-04-30,9.349677085876465,9.674053777098461,9.263812560570441,9.540486636638901,36267048
2024-05-02,9.311514854431152,9.48324298926603,9.158867219088293,9.445081080430315,16039848
2024-05-03,9.521405220031738,9.798080205759973,9.368757579527681,9.378298284522112,55951511
2024-05-06,9.426000595092773,9.62635084424405,9.349676777306733,9.6072694348717,33872301
2024-05-07,9.664512634277344,9.69313383813219,9.311514753895358,9.4832428868761,40286669
2024-05-08,9.893484115600586,9.893484115600586,9.540486234120333,9.67405336894462,31906242
2024-05-09,9.912565231323242,10.01751024924493,9.769457396137328,9.864862619594604,24250616
2024-05-10,9.645431518554688,9.92210559050576,9.645431518554688,9.912565795498388,23697937
2024-05-13,9.492783546447754,9.70267449670893,9.387838526242996,9.645431179418914,23989220
2024-05-14,9.550026893615723,9.712215231617915,9.378297851060069,9.530945484508798,22864760
2024-05-15,9.607269287109375,9.721755012027616,9.511864971270006,9.530945470497215,17326207
2024-05-16,9.798079490661621,9.836241398002445,9.626350452702095,9.635891157000211,18428948
2024-05-17,10.23694133758545,10.30372536021767,9.807619637128811,9.807619637128811,38111443
2024-05-20,10.408670425415039,10.599479969769018,10.112915859129291,10.22740158574168,30290107
2024-05-21,10.33234691619873,10.971559591260293,10.30372571115392,10.418211441184866,115467555
2024-05-22,10.408670425415039,10.599479969769018,10.22740158574168,10.313266108163889,33684573
2024-05-23,10.380049705505371,10.62810257966427,10.25602326842592,10.40867091103087,29005698
2024-05-24,10.246481895446777,10.380049028946221,10.208319987282888,10.370508324442334,15342342
2024-05-27,10.5708589553833,10.618561569791236,10.179699154971278,10.246482269231372,26031186
2024-05-28,11.009720802307129,11.009720802307129,10.532696502536712,10.609020317711847,29853412
2024-05-29,10.580399513244629,11.019261921967592,10.580399513244629,10.962018603502996,20045756
2024-05-30,10.360967636108398,10.799830035603874,10.246481911438057,10.589939995300744,21416044
2024-05-31,10.542237281799316,10.866613953524165,10.370508241509302,10.380048945936892,28301522
2024-06-03,11.210071563720703,11.210071563720703,10.217861010645024,10.542237695086403,32203820
2024-06-04,11.047883033752441,11.295935895268876,11.019261829685675,11.210071373216905,21089008
2024-06-05,10.666263580322266,11.200530283858571,10.561317652596045,11.04788265427677,28968893
2024-06-06,10.799830436706543,10.876154255988082,10.675804002911116,10.69488541265735,18751694
2024-06-07,10.484993934631348,10.837991808762018,10.38004891578763,10.82845201421379,18090604
2024-06-10,10.275104522705078,10.45637336808393,10.22740190765221,10.45637336808393,10229914
2024-06-11,10.47545337677002,10.542237398651748,10.208320018798096,10.275104040679825,15157199
2024-06-12,10.62810230255127,10.71396591688899,10.475453754074701,10.513616573582615,12157170
2024-06-13,10.923856735229492,11.028802667830814,10.790290508066624,10.790290508066624,10314008
2024-06-14,10.88569450378418,11.095585452921197,10.818911392179897,10.981099728806003,17117152
2024-06-20,11.29593563079834,11.305476335214443,10.942937756067348,10.981099663880112,12552740
2024-06-21,11.772960662841797,11.772960662841797,11.210071805337918,11.324557535869802,22543605
2024-06-24,11.801581382751465,11.849283995974561,11.534448022494457,11.772960178758275,17148140
2024-06-25,11.677555084228516,11.906526538463973,11.5916905614273,11.792040811346244,11929261
2024-06-26,11.334097862243652,11.715716951268014,11.334097862243652,11.677555042365578,16644287
2024-06-27,11.639392852783203,11.696636169682293,11.353178087991065,11.410421404890155,14845211
2024-06-28,11.181449890136719,11.877904934109814,11.009720850317972,11.877904934109814,20132457
2024-07-01,10.637641906738281,11.276854564401294,10.465913771291934,11.257774064841335,19530002
2024-07-02,10.685344696044922,10.752128720231669,10.446832533589225,10.742588015369035,13199671
2024-07-03,11.12420654296875,11.12420654296875,10.57085842713286,10.72350605772874,17884169
2024-07-04,11.477205276489258,11.477205276489258,10.942938529356283,11.12420737681347,13488876
2024-07-05,11.629852294921875,11.639392999500595,11.400880844142586,11.45812416176324,18895435
2024-07-08,11.753878593444824,11.7825007068609,11.543988554170207,11.629852164863465,16447888
2024-07-09,11.877904891967773,11.963769411572505,11.639392741888695,11.763419169112012,17223720
2024-07-10,12.021013259887695,12.040093759615528,11.419962505908142,11.801581598981658,30832850
2024-07-11,12.173661231994629,12.269065552961582,11.982851680209011,12.059175500923258,16606692
2024-07-12,12.164119720458984,12.269064739520271,12.059174701397698,12.173660424878642,12116847
2024-07-16,12.297687530517578,12.374011350377826,12.021013456061251,12.125958480906167,16637780
2024-07-17,12.145038604736328,12.345388853126284,11.9923909697443,12.28814644493011,13630681
2024-07-18,12.507576942443848,12.517117646902822,12.06871454569924,12.19274097411094,26710903
2024-07-19,12.4121732711792,12.545739501125768,12.27860613138093,12.498037796060109,34240585
2024-07-22,12.440793991088867,12.47895589956438,12.173660631760278,12.469415194982584,22375844
2024-07-23,12.106876373291016,12.450334452720206,11.906526130241204,12.431253043928962,14458337
2024-07-24,11.811121940612793,12.10687650118823,11.763419327982403,12.10687650118823,12394271
2024-07-25,11.610772132873535,11.801581680732045,11.563069518445985,11.668014542305242,15010177
2024-07-26,12.135499000549316,12.145038795497404,11.658474678780808,11.687095883328446,18522975
2024-07-29,12.145038604736328,12.240443831532183,11.944689266198045,12.116417400638241,11718576
2024-07-30,12.259525299072266,12.40263223009422,12.068714844574089,12.164120071823177,17696693
2024-07-31,12.021013259887695,12.259525420521564,11.83974350828901,12.13549898780975,21492694
2024-08-01,12.517117500305176,12.612522724074244,12.135498424932194,12.135498424932194,17959806
2024-08-02,11.687095642089844,12.459875427738274,11.648933733530148,12.450334723135432,45868376
2024-08-05,10.74258804321289,11.162369049888209,10.532697084949383,10.866614477193522,22071809
2024-08-06,10.876153945922852,11.124206806442034,10.828452242620575,10.923856559076798,24040684
2024-08-07,10.914316177368164,11.04788331618037,10.761668538640897,10.971559496816736,13652475
2024-08-08,11.152828216552734,11.210071535365941,10.837992237709315,10.92385676100328,14173129
2024-08-09,10.704425811767578,11.286395144628782,10.609020585464975,11.162368714376067,25983964
2024-08-12,10.64718246459961,10.828452212103407,10.580399352283298,10.723506281490156,14859470
2024-08-13,10.809370994567871,10.809370994567871,10.408670493863626,10.60902074421575,13811516
2024-08-14,10.437292098999023,10.952478346849949,10.370508982934629,10.876154525675865,14542169
2024-08-15,11.009720802307129,11.009720802307129,10.41821077977401,10.475453186229538,13747529
2024-08-16,10.876153945922852,11.047882989336388,10.847532741971152,11.009721080783565,6624342
2024-08-19,11.086045265197754,11.114666470097747,10.733047371925519,10.87615430627718,12734046
2024-08-20,11.028802871704102,11.200531011209659,10.962018847036447,11.095585986520057,8545555
2024-08-21,10.837991714477539,11.038341955873811,10.80937051137854,10.952477436725173,9586944
2024-08-22,11.22915267944336,11.24823317869554,10.876153889835544,10.895235298939388,14594099
2024-08-23,10.799830436706543,11.381800696042903,10.609020888502693,11.267314967120594,23133916
2024-08-26,10.93339729309082,11.095585632339551,10.694885136531118,10.866614180406637,14082169
2024-08-27,10.971559524536133,11.133747868556542,10.818911885423207,10.962018819628652,14309116
2024-08-28,11.10512638092041,11.25777401614653,10.981099949836269,11.019261858642798,18993963
2024-08-29,11.019262313842773,11.229153275875014,10.71396612092723,11.086045429550058,14973367
2024-09-02,11.46766471862793,11.534447830115411,11.047882821088074,11.066964229999728,16242159
2024-09-03,11.372260093688965,11.563069643612934,11.286395568760254,11.49628652860247,10679050
2024-09-04,11.543989181518555,11.591690886767678,11.04788344023267,11.210071785664462,33361791
2024-09-05,11.572609901428223,11.69663633154958,11.496286084407645,11.572609901428223,11568636
2024-09-06,11.58215045928955,11.69663618337005,11.458124030739429,11.620312367316384,13511152
2024-09-09,11.10512638092041,11.610771900069855,11.10512638092041,11.563069286598774,13048381
2024-09-10,11.047883033752441,11.276854485989917,10.942938012273183,11.210071373216905,9454224
2024-09-11,10.95247745513916,11.190989604352312,10.733046714591849,10.971558863805,13575957
2024-09-12,11.076504707336426,11.105126822468115,10.685344899053781,11.047883502056449,17436992
2024-09-13,11.133748054504395,11.210071875335563,10.942938502426472,11.133748054504395,10888243
2024-09-16,11.028802871704102,11.210071716140995,11.019262166772766,11.11466648653103,9801656
2024-09-17,11.286395072937012,11.353178185013622,10.990640511010596,11.038342214007224,9669297
2024-09-18,11.248233795166016,11.372260231583406,11.22915329486811,11.315016910986259,8221427
2024-09-19,11.744338989257812,11.763419488659594,11.200530653606103,11.315016379571814,32169099
2024-09-20,11.896986961364746,11.896986961364746,11.706177412675803,11.744339322413591,11903939
2024-09-23,11.276854515075684,12.011472396880269,11.276854515075684,11.896986670466243,30421990
2024-09-24,11.267314910888672,11.601231391116004,11.114666363235722,11.257774206063171,41137710
2024-09-25,11.219612121582031,11.419962370533556,11.133747599195424,11.295935939291976,26799910
2024-09-26,11.477205276489258,11.715717444636551,11.276855018851464,11.276855018851464,32172719
2024-09-27,11.267314910888672,11.648934005391821,10.990640839910967,11.56306948166569,38815824
2024-09-30,11.200531005859375,11.353178645281043,11.114666481221763,11.219612415712934,51868219
2024-10-01,10.962018966674805,11.496286620588492,10.857073940839843,11.295936364102323,34493575
2024-10-02,10.437292098999023,10.981100462179018,10.36096827782494,10.96201905195964,30919332
2024-10-03,10.16061782836914,10.551778541832084,10.027051598756541,10.475453812244126,65194705
2024-10-04,10.418210983276367,10.494534799942361,10.036591899946401,10.21786073706522,24379958
2024-10-07,10.494535446166992,10.570859267532796,10.360968303850974,10.494535446166992,36200136
2024-10-08,10.45637321472168,10.580399648099375,10.35142819102595,10.427752010050424,19451652
2024-10-09,10.5708589553833,10.5708589553833,10.151077950267194,10.418211317159262,25492725
2024-10-10,10.513616561889648,10.780749929186078,10.446832537676771,10.494535152156914,13568156
2024-10-11,10.494535446166992,10.675804294447847,10.446832830350434,10.599480473082043,16215440
2024-10-14,10.351428031921387,10.542237576549773,10.227401600450015,10.494534962929757,9469903
2024-10-15,10.618561744689941,10.637642244856375,10.322806258370697,10.35142837339791,17293084
2024-10-16,10.62810230255127,10.666264212207489,10.370508729983026,10.62810230255127,9634562
2024-10-17,11.009720802307129,11.047882709894695,10.628101726431455,10.628101726431455,28729600
2024-10-18,11.009720802307129,11.315016063007668,10.847532467597055,11.009720802307129,23609385
2024-10-21,10.981100082397461,11.381800584629026,10.857073649816101,11.009721286884949,29959106
2024-10-22,11.038342475891113,11.200530817512213,10.81891172537532,11.114666294318491,23399755
2024-10-23,11.095585823059082,11.305476779197855,10.990640799915537,11.038342504166074,32067580
2024-10-24,11.305477142333984,11.305477142333984,11.114666679796184,11.171910000527868,11207848
2024-10-25,11.381800651550293,11.381800651550293,11.143288489764926,11.267314923075519,11767595
2024-10-28,11.324557304382324,11.44858373738621,11.267314895212339,11.44858373738621,3575965
2024-10-30,11.53444766998291,11.543988374306284,11.210071001801332,11.334097428450267,21746035
2024-10-31,11.524907112121582,11.601230927975235,11.248233052189173,11.534447816566203,16505516
2024-11-01,11.505826950073242,11.582150768162311,11.334097904446995,11.543988859117777,17273354
2024-11-04,11.238692283630371,11.52490704637461,11.14328796928339,11.505826547445873,27672973
2024-11-05,11.190990447998047,11.391340704834796,11.076504716927293,11.248233768459281,20602032
2024-11-06,11.849284172058105,11.858824876814838,11.257774124916041,11.257774124916041,20504839
2024-11-07,11.849284172058105,11.944689399922048,11.648933921425174,11.811122262882867,15618781
2024-11-08,11.935148239135742,12.059174666679272,11.725257291765793,11.820662515984402,21545998
2024-11-11,11.896986961364746,12.078255805156319,11.792041027197055,11.982851485737696,19381093
2024-11-12,11.877904891967773,12.173660358400555,11.849283688716744,11.868364187600214,20984165
2024-11-13,11.896986961364746,12.087796510053689,11.496286454192116,11.90652675641042,30219129
2024-11-14,11.601231575012207,11.992391380541303,11.50582725479997,11.963770175462802,35277429
2024-11-15,11.715717315673828,11.849284455912667,11.524907765226706,11.668014700599121,19611410
2024-11-18,11.811121940612793,11.887445756880755,11.66801410272162,11.715716715352011,13568755
2024-11-19,11.486745834350586,11.90652684457461,11.36271939932147,11.88744634449028,16181912
2024-11-20,11.362719535827637,11.620313113948487,11.267315214556433,11.505827382512015,9852781
2024-11-21,11.906526565551758,11.97331058891113,11.400881042168507,11.400881042168507,19927629
2024-11-22,12.097336769104004,12.22136319864375,11.887445818355843,11.963769635018508,14570697
2024-11-25,12.011472702026367,12.402632504674443,11.90652676775865,12.154579636216546,26810338
2024-11-26,11.925607681274414,12.125957926713891,11.811121956716379,12.011472202155856,18987898
2024-11-27,11.906526565551758,12.135498930159818,11.849284156788505,12.02101320278163,15611232
2024-11-28,11.982851028442383,12.097336753286688,11.916067006561123,11.916067006561123,14444680
2024-11-29,12.097336769104004,12.106876563798089,11.85882461457026,11.982851044110006,12537920
2024-12-02,11.973310470581055,12.1927412184244,11.925607857181992,12.068714787527506,10417170
2024-12-03,12.11641788482666,12.202282410403857,11.963770243734626,11.982851653796985,17937505
2024-12-04,11.992390632629395,12.202281579769084,11.954228724954147,12.145038263330386,12734016
2024-12-05,11.916067123413086,12.097336871916228,11.772960193417276,12.011472349978074,30916190
2024-12-06,12.28814697265625,12.459876024323188,12.087796715662062,12.440794614203877,62643405
2024-12-09,12.52665901184082,12.602982831833543,12.21182302690791,12.383551166965686,24184929
2024-12-10,12.125958442687988,12.555280155511689,12.097337237793528,12.536199655532615,16502656
2024-12-11,12.021013259887695,12.211822806424454,11.83974350828901,12.145038782747823,20792114
2024-12-12,12.059175491333008,12.145039107179466,11.992391465872368,12.087796696615161,13622240
2024-12-13,12.192741394042969,12.202282098830535,11.982851347826612,12.049634461636208,11928767
2024-12-16,12.106876373291016,12.412172544989367,12.097336578747043,12.402631840593747,29479904
2024-12-17,12.173661231994629,12.345389373675829,12.001932180461717,12.125958616585297,34932515
2024-12-18,12.125958442687988,12.307227286821835,12.05917532798368,12.230903467202141,17156129
2024-12-19,11.734798431396484,12.106876817975651,11.696636522263963,12.106876817975651,28998465
2024-12-20,11.591690063476562,11.820662417727608,11.534447657302533,11.75387839738905,18405032
2024-12-23,11.458124160766602,11.696636316103866,11.400880843150924,11.639392998488189,23075604
2024-12-24,11.477205276489258,11.52490789208906,11.372260250051067,11.458124776160366,12369260
2024-12-25,11.868364334106445,11.916066946681443,11.677554793658109,11.725257406233107,19562033
2024-12-26,11.7061767578125,12.030552517511728,11.696636053448852,11.887445591463587,21425207
2024-12-27,11.83020305633545,11.94468969655601,11.66801471084998,11.706177530824636,37565104
2024-12-30,11.734798431396484,11.87790536318052,11.706177227010015,11.84928415879405,12380487
2024-12-31,11.658474922180176,11.830203062902939,11.57261039689294,11.668014717327429,19360616
2025-01-02,12.078255653381348,12.097337062936315,11.668014446466426,11.668014446466426,26552225
2025-01-03,12.202281951904297,12.431253404938769,12.049634316547982,12.087796225387061,28509169
2025-01-06,12.459875106811523,12.459875106811523,12.211822252636717,12.249984160213483,14725417
2025-01-07,12.316767692565918,12.507577236980433,12.24044387480011,12.450334828581918,21331549
2025-01-08,12.097336769104004,12.326308219091999,12.030552747135424,12.3072268100005,20596675
2025-01-09,12.421713829040527,12.47895623838216,12.116417643095621,12.116417643095621,30131890
2025-01-10,12.555279731750488,12.698387571096065,12.41217280225658,12.421713506849953,23349291
2025-01-13,12.35492992401123,12.67930661291057,12.068715144991124,12.5171182684609,32077550
2025-01-14,12.28814697265625,12.593442255751505,12.183201946555185,12.593442255751505,12820346
2025-01-15,12.173661231994629,12.307227463318705,12.116417911533087,12.269065552961582,24917929
2025-01-16,12.154579162597656,12.297687001063153,12.08779605055809,12.221363184488887,95764573
2025-01-17,12.774711608886719,12.822413312974527,12.173660856893145,12.202282061316167,35727173
2025-01-20,12.95598030090332,13.032304118387302,12.80333266593536,12.822413165380517,22759286
2025-01-21,12.965520858764648,13.032303970844138,12.841494429294407,12.9178182459143,15206440
2025-01-22,13.041845321655273,13.060925821829922,12.870116270824886,12.908278181025892,13367978
2025-01-23,12.946439743041992,13.137250198767033,12.822413310761391,13.060925470566007,16591687
2025-01-24,12.965520858764648,13.032303970844138,12.841494429294407,12.936899654995104,8788619
2025-01-27,12.851035118103027,12.898737730894979,12.707927279727167,12.889197026366256,11128372
2025-01-28,13.0227632522583,13.051385365848638,12.793791802645574,12.851035119974586,12319254
2025-01-29,13.003683090209961,13.146790022465485,12.917818566915974,13.022763589913245,15553711
2025-01-30,13.213574409484863,13.213574409484863,12.87965701190227,13.013224152905648,15104751
2025-01-31,12.984601974487305,13.251736255191812,12.927359564230414,13.213574345069983,16896391
2025-02-03,12.95598030090332,12.984601504996895,12.688846939709387,12.870115778770923,19202017
2025-02-04,13.19449234008789,13.261275452326633,12.746089233988013,12.99414209352,23847470
2025-02-05,12.28814697265625,13.165871821406819,12.202282446822782,13.165871821406819,81183384
2025-02-06,12.297687530517578,12.431253760347161,12.221363710657329,12.393091850417036,31607496
2025-02-07,12.211822509765625,12.316767530348516,11.963769650367883,12.307226825790528,38090890
2025-02-10,12.106876373291016,12.249984209670394,11.944688947823693,12.211822301939558,50482441
2025-02-11,12.030552864074707,12.1641199994585,11.963769751308647,12.106876681479253,50433631
2025-02-12,11.715717315673828,12.078255916449216,11.54398917519727,12.059175416330355,65104478
2025-02-13,11.782501220703125,11.896986949805253,11.75387910603882,11.811122425515732,45832142
2025-02-14,11.753878593444824,11.868364317554159,11.677554777371935,11.792040501481269,37273961
2025-02-17,11.744338989257812,11.820662806568285,11.677554966722395,11.792040692688104,26072211
2025-02-18,11.687095642089844,11.820662776974615,11.53444800785106,11.744338959855222,47693757
2025-02-19,11.53444766998291,11.753878410310659,11.524906965659536,11.734797911515553,19970015
2025-02-20,11.7061767578125,11.830202275133344,11.515366309946119,11.582150330640012,28168180
2025-02-21,11.419961929321289,11.725257188365932,11.334097410252074,11.706176689601463,19318425
2025-02-24,11.515366554260254,11.6489336886302,11.439042737435047,11.515366554260254,13096452
2025-02-25,11.505826950073242,11.591690563034685,11.439042926856546,11.572610063438258,20229938
2025-02-26,11.648933410644531,11.706176726823237,11.439042464458135,11.543988392477154,21551705
2025-02-27,11.887446403503418,12.02101354416362,11.601231622003958,11.601231622003958,26996628
2025-02-28,11.782501220703125,11.973310769206671,11.763419810926921,11.88744624491715,20115744
2025-03-03,12.345389366149902,12.478956507244265,11.944689762570235,11.954229557764915,34213195
2025-03-04,12.269064903259277,12.402632037362082,12.19274108658672,12.335848925236512,18543574
2025-03-05,12.507576942443848,12.53619905582077,12.259524995472104,12.421713331868045,20481087
2025-03-06,12.707927703857422,12.707927703857422,12.412173132409423,12.583901270399595,15922230
2025-03-07,12.898737907409668,12.94643961100274,12.555279818488833,12.679306249504505,22301266
2025-03-10,12.803332328796387,13.013223276276296,12.803332328796387,12.908277347610516,12868421
2025-03-11,12.507576942443848,12.860574818760998,12.44079383093434,12.831953615235731,23811317
2025-03-12,12.688846588134766,12.774711107888082,12.507576844244065,12.574360865080893,48943563
2025-03-13,12.688846588134766,12.717467791435322,12.583900659613313,12.688846588134766,24934677
2025-03-14,13.041845321655273,13.08954793686946,12.669766014806669,12.698388129846206,36010563
2025-03-17,12.870116233825684,13.184952219541827,12.812873823614588,13.06092578428218,23935168
2025-03-18,12.898737907409668,12.975061724980591,12.72700886294925,12.917818406876561,20632987
2025-03-19,11.610772132873535,12.097337162301503,11.610772132873535,11.68709595201694,25740140
2025-03-20,10.69488525390625,11.543988868124206,10.523156208146023,11.448583640512595,62680921
2025-03-21,9.626350402832031,10.570858287013051,9.626350402832031,10.570858287013051,45102480
2025-03-24,9.693134307861328,9.979349089834749,9.149326859008026,9.62635119234649,93046102
2025-03-25,10.399129867553711,10.656723438457153,9.798080021815723,9.931646249823414,51226349
2025-03-26,10.351428031921387,10.465913758698418,10.103375168978644,10.351428031921387,38276226
2025-03-27,10.551777839660645,10.857073098289701,10.465913320708312,10.637641448761336,34927052
2025-03-28,10.494535446166992,10.6471830888986,10.036592517972167,10.551778767117204,38607080
2025-04-02,10.465913772583008,10.570858794804927,10.332346636240102,10.446832363169015,14957769
2025-04-03,10.47545337677002,10.637641714430174,10.408670264739955,10.47545337677002,15014259
2025-04-04,10.09383487701416,10.58039991810061,10.06521367161252,10.494535392043977,30037974
2025-04-07,10.027050971984863,10.160617193248495,9.616809784157095,9.721754802271612,45141183
2025-04-08,10.256022453308105,10.418210788148551,9.92210507925974,10.12245532171843,44108160
2025-04-09,10.131996154785156,10.256022583582775,9.950727318758888,10.179698767376804,21115198
2025-04-10,10.112915992736816,10.551778405474868,10.10337528793015,10.523156291054871,35436564
2025-04-11,10.446832656860352,10.475453861934287,10.007970236369285,10.14153737646716,30843991
2025-04-14,10.69488525390625,10.752128572443553,10.475453594340218,10.523156208146023,28172802
2025-04-15,10.618561744689941,10.86661461581554,10.589940539514437,10.780750090437316,25616603
2025-04-16,10.208320617675781,10.599480427973797,10.141537501727841,10.513616811691467,25135115
2025-04-17,10.189239501953125,10.341887134815819,10.09383427648811,10.236941204833972,23578970
2025-04-18,9.931646347045898,10.208320420436694,9.922105642137184,10.208320420436694,9775854
2025-04-21,9.969807624816895,10.332346199700446,9.817159995361008,9.95072712606073,24797593
2025-04-22,9.92210578918457,10.141537456078499,9.893484583885957,10.017511019982228,15425830
2025-04-24,10.303725242614746,10.341887150889733,9.903024750801553,9.950727363608202,22988295
2025-04-25,10.246481895446777,10.437291436266225,10.198779282779,10.427751641613998,18619022
2025-04-28,9.874403953552246,10.351428281552804,9.788539428935874,10.284644256933571,29918358
2025-04-29,9.712215423583984,9.979348787399266,9.664512809725478,9.836241855675429,27982881
2025-04-30,9.979349136352539,10.504076087441156,9.778998879022401,9.807620084397646,81808742
2025-05-02,9.960267066955566,10.189239424357543,9.922105159030512,10.189239424357543,32492967
2025-05-05,9.826701164245605,10.055672619254606,9.75991714081255,10.01751071008644,29013507
2025-05-06,9.92210578918457,10.084294135629563,9.817160763188514,9.826701468238623,20094249
2025-05-07,9.883943557739258,10.046131898915288,9.769457830412357,9.922105466848224,16760514
2025-05-08,10.122455596923828,10.14153700617755,9.903024849616042,9.922105349018093,12110097
2025-05-09,10.21786117553711,10.303725700433912,9.941187100787248,10.112916150580853,21637307
2025-05-12,10.895235061645508,11.229152434876891,10.360967446445624,10.54223718957751,45470453
2025-05-13,10.904776573181152,11.00972159917987,10.723506816631348,10.876154458030102,16845782
2025-05-14,10.93339729309082,11.162368745023732,10.828452271751152,10.885694679808545,23030170
2025-05-15,10.5708589553833,11.019262075055183,10.542237750679217,10.971559460647248,20865132
2025-05-16,10.914316177368164,10.914316177368164,10.542237785433377,10.580399695115194,22061262
2025-05-20,10.857073783874512,11.047883332566602,10.790290669295205,10.942938308248877,21867665
2025-05-21,10.666263580322266,11.019261451193092,10.637641467386945,10.847532412987745,22298732
2025-05-22,10.837991714477539,11.000180048457933,10.666263586031906,10.694884789130905,29262410
2025-05-23,10.5708589553833,10.914316141387387,10.5708589553833,10.837992322275367,18147409
2025-05-26,10.675804138183594,10.752128868283934,10.513616702544025,10.666264343041295,14321839
2025-05-27,10.666263580322266,10.837991708675972,10.475453133493371,10.675803374782397,18195917
2025-05-28,10.561318397521973,10.704426242737528,10.3991300521887,10.675804127783394,18211097
2025-05-29,10.904776573181152,10.942938483530842,10.63764229088162,10.685344906281658,21457844
2025-05-30,10.399129867553711,10.885694894914643,10.160617706280904,10.866614395135697,40435926
2025-06-02,10.380049705505371,10.494535437459081,10.217861357774684,10.399130205905129,15368737
2025-06-03,10.837991714477539,10.942937642259936,10.484993843417753,10.504075252051512,30255433
2025-06-04,10.895235061645508,10.971558876695255,10.818911246595759,10.828451950939888,16285458
2025-06-05,10.876153945922852,10.876153945922852,10.752128425514929,10.866614151173398,4625566
2025-06-10,11.419961929321289,11.467664541009926,10.923856223522103,10.952477426594628,28180998
2025-06-11,11.362719535827637,11.458124766950554,11.248233804391162,11.42950265170265,16782623
2025-06-12,10.904776573181152,11.257774471378701,10.857073957781113,11.210071855978661,22398570
2025-06-13,10.609020233154297,11.458123807524581,10.103374734186287,10.32280547360295,51589441
2025-06-16,10.71396541595459,10.818911344991186,10.523155876594851,10.618561101200546,16840450
2025-06-17,10.437292098999023,10.723506883327698,10.427752303741052,10.628102561785951,17716609
2025-06-18,10.33234691619873,10.427752146150372,10.141537366147153,10.408670736219362,19349283
2025-06-19,10.122455596923828,10.408670366767973,10.065213188866002,10.332346549456423,19811313
2025-06-20,10.380049705505371,10.38959041063111,10.198779947523205,10.217861357774684,17343450
2025-06-23,10.313265800476074,10.399129410484937,10.14153676075505,10.275103892743807,10694953
2025-06-24,10.71396541595459,10.828452049422085,10.599479692338747,10.694884916944442,26667110
2025-06-25,10.76166820526123,10.818911522936496,10.589940071938774,10.713965592173789,17407816
2025-06-26,10.771208763122559,10.981099711937148,10.69488494716301,10.7616680586647,23225744
2025-06-27,10.93339729309082,11.009721110401792,10.628102023846935,10.771208953842088,20194786
2025-06-30,11.906526565551758,11.963769884166693,11.009721246163442,11.009721246163442,53200688
2025-07-01,12.202281951904297,12.259525270088753,11.82066286351351,11.954229089524446,39603340
2025-07-02,12.517117500305176,12.631603222917072,12.154578923775022,12.164119628122258,31459011
2025-07-03,12.402631759643555,12.793791538794512,12.297686741531624,12.622062500200768,31325480
2025-07-04,12.564820289611816,12.63160340128219,12.230902911556628,12.37401074923099,12539419
2025-07-07,12.30722713470459,12.431253567516551,12.202282111487555,12.326308544299517,13982363
2025-07-08,12.297687530517578,12.536199695043779,12.125958480906167,12.402632555362494,13699231
2025-07-09,12.803332328796387,12.803332328796387,12.230902802888144,12.335848731553924,20567364
2025-07-10,12.93690013885498,13.127709687541282,12.803332999848722,12.879656819323241,33336127
2025-07-11,12.927359580993652,13.089547926684665,12.74608982529113,13.05138601651335,15454750
2025-07-14,12.517117500305176,12.917817984372629,12.478955592767878,12.86057466814086,16787147
2025-07-16,12.278605461120605,12.564820225149276,12.030552604972314,12.498037113821525,18766712
2025-07-17,12.984601974487305,13.013224089467457,12.35493000255128,12.364470707544662,29685252
2025-07-18,13.31851863861084,13.31851863861084,12.955980057448528,13.137249802955512,34264217
2025-07-21,13.461626052856445,13.566571986107263,13.20403339183979,13.328059824866953,46385281
2025-07-22,13.242195129394531,13.480707287539566,13.108627993286708,13.471166582849362,26669107
2025-07-23,13.165871620178223,13.3280599643066,13.022763776025812,13.242195439785494,19812598
2025-07-24,13.19449234008789,13.528409720984927,13.14678972712379,13.19449234008789,25663826
2025-07-25,13.060925483703613,13.213574030407527,12.898738051936885,13.20403332564134,22020688
2025-07-28,12.822413444519043,13.108628221240583,12.822413444519043,13.070466311667824,16188626
2025-07-29,12.898737907409668,13.00368292910677,12.746089362416145,12.803332680520175,15951666
2025-07-30,13.585652351379395,13.68105757887164,12.92735919320829,12.94643969279573,43867271
2025-07-31,13.137249946594238,13.738299777095085,13.060925219858284,13.7287599823733,37636876
2025-08-01,13.232654571533203,13.242195276329271,12.78425145448661,13.165871457664108,33180363
2025-08-04,13.452086448669434,13.566572178506197,13.270816694039114,13.328060013883347,30930367
2025-08-05,13.537949562072754,13.537949562072754,13.40438333713772,13.452085950265232,15381458
2025-08-06,13.442544937133789,13.652435884166392,13.356680417445377,13.452085641510646,15356714
2025-08-07,13.385302543640137,13.595193505144708,13.385302543640137,13.490248479318277,15552041
2025-08-08,13.003683090209961,13.413924297124932,12.994142385432477,13.38530218279248,37273611
2025-08-11,12.965520858764648,13.108627787464032,12.841494429294407,13.04184467538454,34471760
2025-08-12,12.688846588134766,13.013223258379895,12.650684680450142,12.97506135069527,25812598
2025-08-13,12.76517105102539,12.898738189622676,12.612523412543746,12.68884723178457,24598091
2025-08-14,12.774711608886719,12.936899950369986,12.612523267403452,12.71746829018899,22290956
2025-08-15,12.879656791687012,12.927359406219155,12.688847243410136,12.774711767597655,15514878
2025-08-18,13.051385879516602,13.099087584341252,12.898738240433644,12.898738240433644,13653013
2025-08-19,13.17541217803955,13.242195291987613,13.051385745099084,13.08000694966944,17596910
2025-08-20,13.404383659362793,13.461626068610512,13.118168883569128,13.194492702467214,17364008
2025-08-21,13.623814582824707,13.661976492754402,13.423464328230887,13.490248352996629,24287976
2025-08-22,13.614274024963379,13.69059784054657,13.423463576153752,13.623813819522539,26876080
2025-08-25,13.614274024963379,13.84324547171295,13.537949299528538,13.738299542897325,29654702
2025-08-26,13.652436256408691,13.805083891193838,13.499787711771873,13.585652233801436,20801686
2025-08-27,13.642895698547363,13.681057607654212,13.356680925320166,13.652436403286996,26572211
2025-08-28,13.738300323486328,13.833705553311919,13.433005043807162,13.64289600351244,23427806
2025-08-29,13.843245506286621,13.900487913191153,13.614274058965192,13.671516465869724,25643238
2025-09-01,13.862326622009277,14.014974260347861,13.633355164501403,13.843246122142801,26169628
2025-09-02,13.308978080749512,14.053135750358177,12.774711362515683,13.900488116577081,46804952
2025-09-03,12.54573917388916,13.308978263103898,12.536199379035882,13.299437558398939,29959923
2025-09-04,12.88919734954834,13.080006895648824,12.57436137101962,12.612523280239717,21528823
2025-09-05,12.803332328796387,13.318518538173144,12.707927104527796,13.080006387353318,22108292
2025-09-08,12.498037338256836,12.755629993612239,12.383550702708135,12.517117837613839,17516940
2025-09-09,12.69838809967041,12.784251715029853,12.354929998825812,12.498037844128296,18481814
2025-09-10,12.831954002380371,12.917818525398392,12.57436134317799,12.74608947936235,20449182
2025-09-11,12.459875106811523,13.165870851907528,12.459875106811523,12.831953478222086,34056465
2025-09-12,12.52665901184082,12.650685446791922,12.240444231942256,12.469415691920426,16629823
2025-09-15,13.36622142791748,13.452085949572247,12.383550691037009,12.526658530412174,32235236
2025-09-16,13.337599754333496,13.423464278822186,13.09908759068789,13.413924483763653,23146068
2025-09-17,13.232654571533203,13.394842913659595,13.137250253127595,13.366221709123081,18176618
2025-09-18,12.975061416625977,13.394842403289893,12.908277395449796,13.242194771775742,19094627
2025-09-19,13.232654571533203,13.261275776069718,12.89873809233604,12.99414241074165,23369018
2025-09-22,13.433004379272461,13.604733420522358,13.375761972090267,13.557030807969424,18634055
2025-09-23,13.204032897949219,13.366221234314187,13.089547174018358,13.261275304988823,19993100
2025-09-24,13.156331062316895,13.299437998217156,12.822413665414004,13.204033677567551,17045418
2025-09-25,13.099087715148926,13.261276060757107,12.917818869390684,13.261276060757107,14395308
2025-09-26,12.688846588134766,13.099086868281562,12.688846588134766,13.099086868281562,14076972
2025-09-29,12.822413444519043,13.041845106951177,12.593441987082489,12.612523396794716,22996121
2025-09-30,12.746088981628418,12.936899429706967,12.660225371815049,12.822412796919178,25699932
2025-10-01,13.184951782226562,13.328059622711146,12.650685058668804,12.746089375806852,21183370
2025-10-02,12.746088981628418,13.270815894141132,12.61252275979541,13.146789466830734,20521113
2025-10-03,12.278605461120605,12.76517046898418,12.202281645359847,12.76517046898418,34837736
2025-10-06,12.192741394042969,12.402632350111011,12.08779637093479,12.278605917427699,18702122
2025-10-07,12.402631759643555,12.459875075792016,12.173660314752992,12.192740813568049,25819463
2025-10-08,12.47895622253418,12.641144565215647,12.307227175023993,12.345389084487179,17777644
2025-10-09,12.374011039733887,12.650685107244437,12.125958176489483,12.517117970916294,40731490
2025-10-10,12.507576942443848,12.803332411710462,12.354929310506881,12.402631922950096,19745743
2025-10-13,12.4121732711792,12.488497091106296,12.249984926371193,12.450335181142748,12103069
2025-10-14,11.753878593444824,12.412172644388065,11.744338798824455,12.35492932740757,18583502
2025-10-15,11.486745834350586,11.80158181948153,11.381800809257506,11.7825013193972,51616278
2025-10-16,11.238692283630371,11.563068954083732,11.210071080311442,11.448583230956366,37895066
2025-10-17,11.086045265197754,11.200530994649423,10.723506667008289,11.1623690848322,24160602
2025-10-20,11.372260093688965,11.467665323576801,10.857073853968398,11.076504608918036,31137181
2025-10-21,11.648933410644531,11.830202243815753,11.248232926948521,11.381800058131072,37269909
2025-10-22,11.610772132873535,11.801581680732045,11.563069518445985,11.658474747301087,22036761
2025-10-23,11.772960662841797,11.896987098380931,11.610772317125367,11.610772317125367,25814929
2025-10-24,12.727008819580078,12.936899772110722,11.839743306026978,11.877905214682398,56582601
2025-10-27,12.421713829040527,12.765171014645395,12.316767895494715,12.669765785940418,15116238
2025-10-28,12.30722713470459,12.555280000328512,12.221363521082482,12.498037591247106,12774006
2025-10-30,12.106876373291016,12.412172544989367,12.0782551699558,12.364469932862908,24372282
2025-10-31,12.297687530517578,12.38355114547158,11.982851546131128,12.116417775960711,24266924
2025-11-03,12.259525299072266,12.727008910919107,12.192741276057232,12.38355082070373,37227549
2025-11-04,12.145038604736328,12.354929557776204,12.059174992442067,12.26906503563027,21795307
2025-11-05,12.35492992401123,12.402632538823198,12.087796554856592,12.106877054870358,74909757
2025-11-06,12.469415664672852,12.593442099352936,12.393091844846907,12.440794459701047,28363934
2025-11-07,12.030552864074707,12.50757717777896,11.954229046670159,12.50757717777896,38638234
2025-11-10,11.639392852783203,12.164119769926849,11.629852148324746,12.0877959539625,25216236
2025-11-11,11.286395072937012,11.66801415602002,11.076504122315525,11.63939295225171,53127105
2025-11-12,11.34363842010498,11.505826758303957,11.200530581184413,11.353178214818353,35553852
2025-11-13,11.439043045043945,11.4581244546892,11.28639540728866,11.343638726372738,20831187
2025-11-14,11.29593563079834,11.410421354236636,11.133747295131174,11.410421354236636,13927199
2025-11-17,11.429502487182617,11.429502487182617,11.190990322660257,11.353178667323597,32513544
2025-11-18,11.439043045043945,11.858824958722666,11.429502340221317,11.54398897838947,37514523
2025-11-19,11.734798431396484,11.84928415879405,11.486745567109251,11.486745567109251,29151071
2025-11-20,11.877904891967773,11.954228707204946,11.715716557125868,11.782500577847129,40900066
2025-11-21,11.896986961364746,12.011472690578112,11.763419822356637,11.792041027197055,34811018
2025-11-24,12.135499000549316,12.192741409644592,11.763419702023272,11.79204090657091,28234232
2025-11-25,12.11641788482666,12.335849551285243,12.030553359249463,12.097337384616011,32753762
2025-11-26,12.278605461120605,12.345388572448355,12.087795921718708,12.164119737479467,21564992
2025-11-27,12.259525299072266,12.507577252186875,12.240443889681776,12.412172934789464,27908479
2025-11-28,12.269064903259277,12.421713446456053,12.183201291891399,12.240443699469983,26941313
2025-12-01,12.66976547241211,12.67930617701685,12.211822569604625,12.269064977529725,32883511
2025-12-02,12.5934419631958,12.765171010873335,12.498037644370708,12.717468396534942,18817299
2025-12-03,12.583901405334473,12.698388045024464,12.498037790344533,12.641144725179467,27238643
2025-12-04,12.211822509765625,12.602982298126552,12.164119896827343,12.54573898063028,24152818
2025-12-05,12.421713829040527,12.507577443052975,12.145038847766436,12.164120257448108,20071334
2025-12-08,12.517117500305176,12.650684631611542,12.469414888420642,12.49803700146235,30168735
2025-12-09,12.52665901184082,12.54573951191315,12.345389256969325,12.52665901184082,20575331
2025-12-10,12.183201789855957,12.51711827398366,12.125958470086,12.498037773961475,28004325
2025-12-11,12.021013259887695,12.288146625039158,11.973310645790583,12.192741396844934,25541325
2025-12-12,12.374011039733887,12.39309153929409,12.021013154279165,12.040093653839369,38149919
2025-12-15,12.431253433227539,12.431253433227539,12.335849115838576,12.383550819607219,17545035
2025-12-16,12.326308250427246,12.478955884140628,12.16411991214386,12.440793975712282,17757393
2025-12-17,12.469415664672852,12.469415664672852,12.164120385369074,12.32630872996213,24344412
2025-12-18,12.488496780395508,12.641144416451866,12.393091552934445,12.469415370962624,16876243
2025-12-19,12.450334548950195,12.48849645697599,12.316767415934084,12.48849645697599,16498053
2025-12-22,12.35492992401123,12.564820883272867,12.32630871906473,12.421713948688666,21613129
2025-12-23,12.249984741210938,12.440794288144566,12.221363536633817,12.32630855998439,12666379
2025-12-24,12.173661231994629,12.326308873423123,12.16412052694242,12.259525757761084,10611172
2025-12-25,12.125958442687988,12.259525581948301,12.106877032857215,12.211822967223068,3990681
2025-12-26,11.925607681274414,12.135498631223308,11.916066976764997,12.125957926713891,12515862
2025-12-29,11.7061767578125,11.973310111033129,11.668013940357907,11.925607499066535,33585869
2025-12-30,11.715717315673828,11.7825013407191,11.534448470211988,11.715717315673828,17818295
2025-12-31,11.782501220703125,11.973310769206671,11.763419810926921,11.763419810926921,21703599
2026-01-02,12.249984741210938,12.249984741210938,11.849284237724472,11.858824942534076,26092433
2026-01-05,12.469415664672852,12.498037779496356,12.23090350025385,12.364470639875103,32221023
2026-01-06,12.917818069458008,12.994141885035324,12.393091154975224,12.478955674962616,44913828
2026-01-07,12.879656791687012,13.156330864151405,12.774711767597655,12.975062020751297,36863875
2026-01-08,12.851035118103027,12.908277525572041,12.698387485050107,12.87011561730881,24385572
2026-01-09,12.946439743041992,12.984601652216664,12.688847083575883,12.87011592469265,28238314
2026-01-12,12.755630493164062,13.089547888579778,12.746089788186081,12.94644004346517,21966698
2026-01-13,12.736549377441406,12.83195369305476,12.507577018295704,12.755629876623413,36577799
2026-01-14,12.8414945602417,12.8701157643031,12.593441698771771,12.746089333568136,24254734
2026-01-15,12.54573917388916,12.81287344651791,12.450334856394617,12.803332741812952,33080056
2026-01-16,12.459875106811523,12.63160323598115,12.45033440245442,12.593441328404383,51523441
2026-01-19,12.660225868225098,12.72700898176018,12.498037526909881,12.517118026554899,44976698
2026-01-20,12.641144752502441,12.698388072471165,12.431253792419394,12.66976595756095,44512429
2026-01-21,12.746088981628418,12.746088981628418,12.440793720465376,12.68884657508617,44228179
2026-01-22,12.393091201782227,12.82241289348903,12.278605477983856,12.774711190961783,64397832
2026-01-23,12.612523078918457,12.66022569214507,12.402632126632366,12.402632126632366,56339464
2026-01-26,12.660225868225098,12.73654968650853,12.364470389988032,12.545739230948266,50800644
2026-01-27,12.517117500305176,12.698387243496077,12.393091073346046,12.660225335958778,46020710
2026-01-28,12.831954002380371,12.955980434533993,12.450334911024369,12.517118024548749,56176910
2026-01-29,13.270816802978516,13.585652790077013,12.860575585307021,12.879656995362305,68640913
2026-01-30,13.413924217224121,13.442545421534405,12.889197285659963,13.270816375969343,72847397
2026-02-02,13.099087715148926,13.299437970908931,12.82241363908527,13.299437970908931,44105227
2026-02-03,13.413924217224121,13.499787830154972,12.984601603311466,13.194492557907466,62465582
2026-02-04,12.90827751159668,13.33759920655612,12.870115603374767,13.328059411889388,65588977
2026-02-05,12.498037338256836,12.879656423913607,12.488496633652499,12.860575014704935,46817537
2026-02-06,12.421713829040527,12.536199557575483,12.269065281142229,12.498037648063832,46955576
2026-02-09,12.76517105102539,12.793792255777776,12.498037683682513,12.545739388319257,34652991
2026-02-10,12.8414945602417,12.898737878216172,12.707927424869045,12.793791946904918,29474938
2026-02-11,12.965520858764648,13.022763266303736,12.612522979434729,12.784251111903655,27773938
2026-02-12,13.49024772644043,13.53794942924826,12.946439397884902,12.96552080688936,66492259
2026-02-13,13.681057929992676,13.786002955046188,13.404383854986412,13.576111995087459,51149046
2026-02-16,13.728759765625,13.852786193566766,13.614274042106057,13.833704784721117,36477712
2026-02-17,13.547490119934082,13.795542977629124,13.509328211815742,13.728759865884943,22970853
2026-02-18,13.528409957885742,13.833705230439454,13.28035709401001,13.5761116618335,33761847
2026-02-19,12.622062683105469,13.528409591171416,12.526658367944396,13.509328182228208,38351496
2026-02-20,12.688846588134766,12.736549200203457,12.440793733258884,12.641143976066074,26514833
2026-02-23,12.54573917388916,12.946439672980606,12.54573917388916,12.774711537549758,76739546
2026-02-24,12.335848808288574,12.545738847222445,12.3167673993755,12.545738847222445,44668084
2026-02-25,12.11641788482666,12.412173371831262,12.001932154007633,12.393091961768901,47444589
2026-02-26,12.364470481872559,12.459875710361679,12.011472592225514,12.011472592225514,38248145
2026-02-27,12.383550643920898,12.831953749827697,12.335848940829003,12.488496574367064,79617151
2026-03-02,11.658474922180176,11.887446383044997,11.524907781749842,11.734798742468449,31238753
2026-03-03,11.372260093688965,11.80158180848082,11.324557478745048,11.65847487350077,29563360
2026-03-04,11.439043045043945,11.54398897838947,11.28639540728866,11.362719226166304,22448348
2026-03-05,11.610772132873535,11.67755524716109,11.486745699302581,11.534448313730131,22127657
2026-03-06,11.152828216552734,11.629852537206604,11.028802693852212,11.582150833022565,23664740
2026-03-09,11.181449890136719,11.200530389087886,10.580399160622754,10.952477533761174,33753912
2026-03-10,11.782501220703125,11.782501220703125,11.486745738133855,11.496286443021956,30958210
2026-03-11,11.658474922180176,11.887446383044997,11.505827281603628,11.782501357611547,23771363
2026-03-12,11.610772132873535,11.887446204731297,11.534448313730131,11.620312837729385,19002740
2026-03-13,11.629852294921875,11.668014203385091,11.257773914868446,11.59169038645866,20156688
2026-03-16,11.763419151306152,11.916066781549443,11.687095336184507,11.696636040537625,22499472
2026-03-17,12.030552864074707,12.106876681479253,11.77296020779728,11.77296020779728,15584333
2026-03-18,11.811121940612793,12.12595791018105,11.782500736975223,12.040093389416677,21400395
2026-03-19,11.811121940612793,12.097336706543478,11.66801410272162,11.69663621621085,5432319
2026-03-23,11.744338989257812,11.782500897913048,11.210071358232831,11.448583514790975,21768476
2026-03-24,11.524907112121582,11.763419264127164,11.458124000712548,11.744338765089578,7347669
2026-03-25,11.496286392211914,11.772960463782166,11.496286392211914,11.620312825653984,16063832
2026-03-26,11.12420654296875,11.629852046780517,11.105126044070088,11.48674512055979,31115938
2026-03-27,11.100000381469727,11.270000457763672,11.0600004196167,11.229999542236328,20437059
2026-03-30,11.079999923706055,11.180000305175781,10.970000267028809,11.100000381469727,18166879
2026-03-31,11.109999656677246,11.270000457763672,11.079999923706055,11.079999923706055,30992086
2026-04-01,11.350000381469727,11.489999771118164,11.319999694824219,11.369999885559082,26470560
2026-04-02,11.40999984741211,11.449999809265137,11.149999618530273,11.149999618530273,12338493
2026-04-03,11.329999923706055,11.470000267028809,11.220000267028809,11.399999618530273,13344264
2026-04-06,11.520000457763672,11.630000114440918,11.319999694824219,11.329999923706055,16029945
2026-04-07,11.359999656677246,11.579999923706055,11.260000228881836,11.529999732971191,15237254
2026-04-08,12.010000228881836,12.270000457763672,11.850000381469727,12.0,44950018
2026-04-09,12.0,12.069999694824219,11.869999885559082,11.970000267028809,15884083
2026-04-10,12.289999961853027,12.319999694824219,12.079999923706055,12.079999923706055,19658143
2026-04-13,12.199999809265137,12.199999809265137,11.90999984741211,12.0,13966273
2026-04-14,12.220000267028809,12.449999809265137,12.029999732971191,12.260000228881836,31090774
2026-04-15,12.270000457763672,12.380000114440918,12.180000305175781,12.260000228881836,17687818
2026-04-16,12.1899995803833,12.449999809265137,12.140000343322754,12.350000381469727,17007458
2026-04-17,12.65999984741211,12.710000038146973,12.140000343322754,12.1899995803833,35432353
2026-04-20,12.460000038146973,12.5600004196167,12.350000381469727,12.40999984741211,17240743
2026-04-21,12.399999618530273,12.569999694824219,12.300000190734863,12.510000228881836,15451792
2026-04-22,12.279999732971191,12.520000457763672,12.220000267028809,12.4399995803833,13341198
2026-04-24,12.210000038146973,12.279999732971191,12.069999694824219,12.270000457763672,15066724
2026-04-27,12.279999732971191,12.329999923706055,12.1899995803833,12.220000267028809,11985838
2026-04-28,11.979999542236328,12.289999961853027,11.960000038146973,12.279999732971191,16850226
2026-04-29,11.75,12.079999923706055,11.720000267028809,12.020000457763672,22607116
2026-04-30,11.600000381469727,11.770000457763672,11.539999961853027,11.739999771118164,27177135
2026-05-04,11.630000114440918,11.789999961853027,11.390000343322754,11.770000457763672,23277972
2026-05-05,11.6899995803833,11.800000190734863,11.579999923706055,11.609999656677246,19545377
2026-05-06,11.949999809265137,12.180000305175781,11.8100004196167,11.829999923706055,41851320
2026-05-07,12.539999961853027,12.640000343322754,12.050000190734863,12.15999984741211,35544418
2026-05-08,12.390000343322754,12.630000114440918,12.329999923706055,12.600000381469727,27523087
2026-05-11,12.420000076293945,12.479999542236328,12.260000228881836,12.390000343322754,24796752
2026-05-12,12.220000267028809,12.449999809265137,12.199999809265137,12.4399995803833,14967946
2026-05-13,11.949999809265137,12.34000015258789,11.90999984741211,12.34000015258789,19039698
2026-05-14,12.15999984741211,12.239999771118164,11.949999809265137,12.029999732971191,17421239
2026-05-15,12.119999885559082,12.140000343322754,11.9399995803833,12.079999923706055,15026073
2026-05-18,11.930000305175781,12.119999885559082,11.75,12.119999885559082,15336745
2026-05-20,11.800000190734863,11.90999984741211,11.630000114440918,11.90999984741211,18178628
2026-05-21,11.270000457763672,11.8100004196167,11.25,11.760000228881836,39339396
2026-05-22,11.170000076293945,11.270000457763672,10.9399995803833,11.100000381469727,171419852
2026-05-25,11.1899995803833,11.229999542236328,11.109999656677246,11.199999809265137,34652901
2026-05-26,11.079999923706055,11.260000228881836,11.079999923706055,11.1899995803833,17868922
2026-05-27,11.079999923706055,11.079999923706055,11.079999923706055,11.079999923706055,0
2026-05-28,11.079999923706055,11.079999923706055,11.079999923706055,11.079999923706055,0
2026-05-29,11.079999923706055,11.079999923706055,11.079999923706055,11.079999923706055,0
2026-06-01,11.220000267028809,11.520000457763672,11.15999984741211,11.15999984741211,63185704
2026-06-02,11.739999771118164,11.850000381469727,11.300000190734863,11.300000190734863,27747833
2026-06-03,11.649999618530273,11.760000228881836,11.529999732971191,11.6899995803833,14481135
2026-06-04,11.729999542236328,11.8100004196167,11.59000015258789,11.6899995803833,22739387
2026-06-05,11.539999961853027,11.779999732971191,11.529999732971191,11.770000457763672,18929677
2026-06-08,11.789999961853027,11.850000381469727,11.350000381469727,11.399999618530273,15480088
2026-06-09,11.520000457763672,11.859999656677246,11.520000457763672,11.789999961853027,19358731
2026-06-10,11.600000381469727,11.619999885559082,11.380000114440918,11.539999961853027,17166847
2026-06-11,11.460000038146973,11.699999809265137,11.319999694824219,11.619999885559082,18582941
2026-06-12,11.800000190734863,12.0,11.609999656677246,11.649999618530273,36616099
2026-06-15,12.289999961853027,12.390000343322754,12.130000114440918,12.300000190734863,22001082
2026-06-16,12.1899995803833,12.329999923706055,12.079999923706055,12.289999961853027,12338774
2026-06-17,12.0600004196167,12.260000228881836,11.949999809265137,12.260000228881836,20195653
2026-06-18,12.520000457763672,12.630000114440918,12.069999694824219,12.100000381469727,30242869
2026-06-19,12.399999618530273,12.449999809265137,12.279999732971191,12.359999656677246,21107349
2026-06-22,12.34000015258789,12.4399995803833,12.329999923706055,12.399999618530273,11957459
2026-06-23,12.270000457763672,12.380000114440918,12.210000038146973,12.34000015258789,8975897
2026-06-24,12.140000343322754,12.369999885559082,12.119999885559082,12.369999885559082,8645615
2026-06-25,11.770000457763672,12.3100004196167,11.75,12.199999809265137,19311297
2026-06-26,12.210000038146973,12.210000038146973,11.739999771118164,11.800000190734863,28822909
2026-06-29,12.050000190734863,12.300000190734863,11.979999542236328,12.300000190734863,19457664
2026-06-30,11.880000114440918,12.239999771118164,11.859999656677246,12.0600004196167,17352341
2026-07-01,12.0600004196167,12.140000343322754,11.800000190734863,11.890000343322754,12669838
2026-07-02,12.079999923706055,12.220000267028809,12.039999961853027,12.039999961853027,9478796
2026-07-03,11.800000190734863,12.15999984741211,11.789999961853027,12.130000114440918,12689596
2026-07-06,11.779999732971191,12.029999732971191,11.720000267028809,11.8100004196167,9172927
2026-07-07,11.850000381469727,11.989999771118164,11.75,11.75,11153852
2026-07-08,11.5600004196167,11.800000190734863,11.539999961853027,11.789999961853027,7228209
2026-07-09,11.5,11.680000305175781,11.460000038146973,11.649999618530273,7216455
2026-07-10,11.529999732971191,11.640000343322754,11.470000267028809,11.470000267028809,7699275
2026-07-13,11.369999885559082,11.510000228881836,11.350000381469727,11.510000228881836,8467923
2026-07-14,11.550000190734863,11.550000190734863,11.319999694824219,11.359999656677246,9315809
2026-07-16,12.050000190734863,12.079999923706055,11.479999542236328,11.579999923706055,25474440
2026-07-17,11.880000114440918,12.09000015258789,11.829999923706055,12.010000228881836,20163469
2026-07-20,11.5,11.960000038146973,11.479999542236328,11.899999618530273,26375339
2026-07-21,11.229999542236328,11.59000015258789,11.220000267028809,11.550000190734863,21249173
2026-07-22,11.239999771118164,11.319999694824219,11.239999771118164,11.260000228881836,6667979
2026-07-23,11.279999732971191,11.34000015258789,11.229999542236328,11.260000228881836,10698291
2026-07-24,11.430000305175781,11.470000267028809,11.270000457763672,11.289999961853027,14285590
2026-07-27,11.289999961853027,11.630000114440918,11.289999961853027,11.539999961853027,18584084
2026-07-28,11.1899995803833,11.34000015258789,11.15999984741211,11.279999732971191,12021033
2026-07-29,10.84000015258789,11.270000457763672,10.829999923706055,11.260000228881836,18549780
2026-07-30,10.869999885559082,11.119999885559082,10.770000457763672,10.84000015258789,17848701
2026-08-03,11.220000267028809,11.270000457763672,11.020000457763672,11.020000457763672,18873538
2026-08-04,11.289999961853027,11.319999694824219,11.050000190734863,11.220000267028809,23386557
2026-08-05,11.270000457763672,11.329999923706055,11.170000076293945,11.329999923706055,16837148
2026-08-06,11.239999771118164,11.380000114440918,11.229999542236328,11.3100004196167,7638668
2026-08-07,11.119999885559082,11.289999961853027,11.119999885559082,11.239999771118164,8352462
