Price,Close,High,Low,Open,Volume
2021-08-10,5.009310722351074,5.041670598986657,5.00499584112818,5.013625170439937,3312328
2021-08-11,4.961849212646484,5.026568960503865,4.953219884056567,5.009310303324031,3390054
2021-08-12,5.074030876159668,5.074030876159668,4.970479349378388,4.970479349378388,2988715
2021-08-13,5.091289043426514,5.16248068412806,5.04167050905252,5.067558496525998,5649827
2021-08-16,5.063243865966797,5.123649173061119,5.063243865966797,5.099918624986146,2780016
2021-08-17,5.108547687530518,5.138750122931875,5.067558482428379,5.080502259562097,2618576
2021-08-18,5.080502510070801,5.1991556832278505,5.061086843412878,5.119334276520689,4278913
2021-08-19,5.033041477203369,5.074030684840825,4.955377510195217,5.074030684840825,4863486
2021-08-20,5.071873188018799,5.078345076914352,5.004995992118639,5.02872697329241,2419259
2021-08-23,5.576686859130859,5.576686859130859,5.391156942756692,5.576686859130859,28893693
2021-08-24,5.393314838409424,5.889499761962224,5.393314838409424,5.684553730533756,51543850
2021-08-25,5.270346641540527,5.56050743122864,5.259559872711293,5.425674120265167,20761390
2021-08-26,5.184053897857666,5.322122722573519,5.177581576545457,5.28976284854846,10891528
2021-08-27,5.255246162414551,5.339382018192768,5.156009088036972,5.190526406626399,11284286
2021-08-31,5.261717796325684,5.343696207434971,5.222886031361818,5.285448343422159,9376690
2021-09-01,5.313493251800537,5.339381236954775,5.253087953107313,5.285447826266616,17210484
2021-09-02,5.253088474273682,5.341538774142122,5.227200486551059,5.31996566760695,55556297
2021-09-03,5.218571186065674,5.255245943824982,5.188368750123206,5.253088503219368,7683124
2021-09-06,5.212099552154541,5.240144981996309,5.199155774156218,5.2207288818647735,3992934
2021-09-07,5.203470230102539,5.339382064955216,5.201312789388293,5.2272007785570915,8776210
2021-09-08,5.134435653686523,5.242301617711905,5.12580632458841,5.21209918243552,5874501
2021-09-09,5.164638042449951,5.184054141029348,5.089131521804982,5.1258062784251734,5126231
2021-09-10,5.151693820953369,5.192683025426055,5.138750044018423,5.166795471556162,4836471
2021-09-13,5.177581787109375,5.20778465505933,5.145221911768292,5.1560086812599915,4436774
2021-09-14,5.302706718444824,5.339381473991633,5.179739108353647,5.1883684371214835,10017061
2021-09-15,5.436461448669434,5.501181202038473,5.261717854692609,5.304864501316646,14637954
2021-09-16,5.294077396392822,5.479607315435672,5.278976179313451,5.458034210055714,8887031
2021-09-17,5.274661540985107,5.382527939114629,5.240144657416241,5.304864409667149,5698324
2021-09-20,5.177581787109375,5.227200320383571,5.145221911768292,5.227200320383571,6971975
2021-09-21,5.140907287597656,5.203469595609752,5.086973875122265,5.1991551478414,4501313
2021-09-22,5.225042819976807,5.2315151414780585,5.153851181669118,5.153851181669118,8126147
2021-09-23,5.255246162414551,5.307021707164643,5.175425188027037,5.2272007327771295,6481305
2021-09-24,5.2638750076293945,5.2638750076293945,5.17326727123777,5.235829580572983,7522408
2021-09-27,5.339382171630859,5.339382171630859,5.255246313434826,5.296235522154168,6027250
2021-09-28,5.322122573852539,5.3544824469733365,5.278975931980147,5.339381230601496,4367427
2021-09-29,5.307021141052246,5.38468509959386,5.302706693255824,5.330752119901574,4401878
2021-09-30,5.2789764404296875,5.319965645872877,5.220728576575258,5.3091788760823455,5379789
2021-10-01,5.222886085510254,5.263875291489855,5.1883687682360575,5.248774073465902,4890804
2021-10-04,5.207785129547119,5.233672685671421,5.1689529290925575,5.2272007966403455,4666955
2021-10-05,5.12580680847168,5.20562778531392,5.12580680847168,5.20562778531392,3830122
2021-10-06,4.9942097663879395,5.145222387566362,4.964006895645011,5.12580672044668,6299436
2021-10-07,5.026569366455078,5.0654011316788035,5.015782596563032,5.017940037168247,4668017
2021-10-08,5.048141956329346,5.166795113593301,4.985579650254815,5.156008344805491,11105836
2021-10-11,5.071873188018799,5.112862395202699,5.048142639979072,5.112862395202699,5283393
2021-10-12,5.048141956329346,5.078344389174431,5.035198180291162,5.056771284732797,5119040
2021-10-13,5.011467933654785,5.082659572368772,4.97263573696169,5.056771585618047,7631596
2021-10-14,5.002838611602783,5.022254276841961,4.959691966959034,4.987737394260974,4849979
2021-10-15,5.026569366455078,5.026569366455078,4.968321502052476,4.994209489912969,3806240
2021-10-18,5.009310722351074,5.052457368909861,5.00499584112818,5.026569380974589,4487065
2021-10-19,5.039513111114502,5.063243658215781,5.013625123422008,5.013625123422008,4511654
2021-10-20,5.164638042449951,5.164638042449951,5.035198540278015,5.039512988221204,6537793
2021-10-21,5.32859468460083,5.32859468460083,4.998523618463568,5.054614038675429,18489508
2021-10-22,5.447247505187988,5.4742148617832145,5.227200268428931,5.3199654456138905,19389028
2021-10-25,5.48642110824585,5.813426463205952,5.26841782702846,5.4137533478400535,19097531
2021-10-26,5.550005912780762,5.595423048902818,5.468254461373402,5.559089166751557,10035560
2021-10-27,5.595422744750977,5.649923565015355,5.4955047908332935,5.559088864574725,9835682
2021-10-28,5.586339473724365,5.60450641375542,5.540921907079722,5.60450641375542,2051220
2021-11-01,5.5045881271362305,5.595422828943622,5.5045881271362305,5.5863395753298954,7126269
2021-11-02,5.459171295166016,5.522755373385902,5.41375372517977,5.513672119269081,7205596
2021-11-03,5.386502742767334,5.477337876773632,5.186666400848321,5.450087249944939,7813783
2021-11-04,5.4773383140563965,5.495505255681208,5.395586860177716,5.441003997672719,6612152
2021-11-05,5.550005912780762,5.61358998997845,5.441003833192935,5.477338148478238,8467695
2021-11-08,5.559088706970215,5.622673212042994,5.540921767397136,5.577255646543294,4443996
2021-11-09,5.586339473724365,5.677174173879637,5.531838653631203,5.586339473724365,8164443
2021-11-10,5.7044243812561035,5.731674572732969,5.513671308382104,5.568172124469821,11600284
2021-11-11,5.695341110229492,5.786175810326052,5.649923543614205,5.686257856786844,7658006
2021-11-12,5.931512355804443,5.931512355804443,5.704425366324142,5.704425366324142,9664865
2021-11-15,6.2676005363464355,6.449269941345568,5.967845801530854,5.986012742030767,17270269
2021-11-16,6.213099956512451,6.313017916581385,6.095014622102935,6.267600780132064,8283978
2021-11-17,6.2676005363464355,6.358435238846002,6.176765833846869,6.204016028029725,6275736
2021-11-18,6.32210111618042,6.440186441482993,6.185848851072374,6.267600296764003,9769327
2021-11-19,6.394768714904785,6.52193729035138,6.276683392565946,6.349351149964001,9189349
2021-11-22,6.449270248413086,6.50377107250776,6.34935185433916,6.467437189777978,6511131
2021-11-23,6.758108615875244,6.99427885121191,6.38568610512348,6.449270182685561,22765555
2021-11-24,6.712690830230713,7.030612507207139,6.576438559202522,6.812609220069257,15981968
2021-11-25,6.630939483642578,6.803525194124912,6.5582712917509545,6.767191314746104,5782304
2021-11-26,6.50377082824707,6.603689218568383,6.36751898969459,6.603689218568383,6693758
2021-11-29,6.594605922698975,6.594605922698975,6.412936083898595,6.503770786731771,6744950
2021-11-30,6.5582709312438965,6.612772180450191,6.476519923702421,6.594605241759421,4432610
2021-12-01,6.767191410064697,6.767191410064697,6.585522010611771,6.594605697151424,8753595
2021-12-02,6.767191410064697,6.839859602979882,6.730857530174112,6.7944420365496425,8808710
2021-12-03,6.830776214599609,6.921610918290954,6.776275392384802,6.794442333123071,7226592
2021-12-06,6.9216108322143555,7.012445534776087,6.867110010677316,6.867110010677316,9571313
2021-12-07,6.948861598968506,6.985195480722184,6.867110148455712,6.976111793716746,10158433
2021-12-08,7.0941972732543945,7.203198920778235,6.994278879790516,7.003362566984526,13042348
2021-12-09,7.16686487197876,7.357618400420529,7.112364049481412,7.139614677297104,14605534
2021-12-10,7.175948619842529,7.239532696728529,6.9851955229164515,7.175948619842529,8894649
2021-12-13,7.330367088317871,7.44845241624997,7.2395323872678015,7.257699327477815,12141036
2021-12-14,7.457536220550537,7.521120295721494,7.3031170097627385,7.37578477174899,9375061
2021-12-15,7.294033050537109,7.575621267418398,7.294033050537109,7.54837107425828,8622160
2021-12-16,7.811792373657227,7.920794018921104,7.294033475818717,7.348534731584691,13070662
2021-12-17,7.421202659606934,8.493053494531262,7.0851140293592225,8.002545646836214,18519133
2021-12-20,7.439368724822998,7.79362470839287,6.7853584445465,7.076029920854954,17472855
2021-12-21,6.703607559204102,8.03887920544755,6.703607559204102,7.802708545190168,14182747
2021-12-22,6.848942756652832,7.148697477952209,6.376601891819326,6.585521914714954,12592729
2021-12-23,6.903443813323975,7.139614470437148,6.449269872537739,7.048779768906705,14534036
2021-12-24,7.0941972732543945,7.0941972732543945,6.876193978206711,6.9670286844765785,11057321
2021-12-27,7.057863235473633,7.257699584870948,6.930694649493523,7.1396146858850065,9967925
2021-12-28,6.939777374267578,7.130530455261815,6.867109616390535,7.103280262624925,5701239
2021-12-29,7.130530834197998,7.166864715067403,6.7308577115005255,6.939777743066613,8454935
2021-12-30,7.239532470703125,7.248616157479831,7.012445498893774,7.19411533622167,7577686
2021-12-31,7.15778112411499,7.493869722886211,7.02152886070844,7.239532135651716,9814040
2022-01-03,7.32128381729126,7.32128381729126,7.166864185309591,7.2031980634932795,8064530
2022-01-04,7.330367088317871,7.439368729577954,7.221365447057788,7.339450774989888,10947813
2022-01-05,7.284950256347656,7.330366956354053,7.248615943447712,7.330366956354053,6767823
2022-01-06,7.194115161895752,7.275866608369026,7.175948221916581,7.275866608369026,6562361
2022-01-07,7.339450836181641,7.366701030156846,7.0851136711209435,7.212282253651292,7792069
2022-01-10,7.3576178550720215,7.45753580567753,7.339450482452107,7.439368433057616,10376549
2022-01-11,7.266783237457275,7.439368958188936,7.239532609737836,7.4030350766523725,7123123
2022-01-12,7.2486162185668945,7.357618295135847,7.2486162185668945,7.339450921429331,6682024
2022-01-13,7.185031890869141,7.284950716234178,7.1759486369212535,7.239532713958583,7022236
2022-01-14,7.15778112411499,7.230448882429416,7.112363558601472,7.194115003272203,6322849
2022-01-17,7.148697853088379,7.2395325562587844,7.148697853088379,7.185031734356541,7713023
2022-01-18,6.839859485626221,7.1850313386645555,6.830775799242419,7.157781145781164,6448295
2022-01-19,6.903443813323975,7.030612395466594,6.739941350569178,6.830776052099621,9456164
2022-01-20,6.69452428817749,6.948861904780396,6.667274092229998,6.912528021427703,11178420
2022-01-21,6.767191410064697,6.812608976494936,6.649106516987302,6.712690590228819,4640654
2022-01-24,6.512854099273682,6.785358192111783,6.440186341183521,6.767191252589242,6045023
2022-01-25,6.621856689453125,6.630940377088758,6.440187268081131,6.521938291131496,5771221
2022-01-26,6.512854099273682,6.640022675931462,6.512854099273682,6.621855736408922,13187237
2022-01-27,6.440186500549316,6.56735508035395,6.412935874024173,6.476520380493498,14631203
2022-01-28,6.403852939605713,6.494687643990992,6.394769252600167,6.4674370161083905,11101077
2022-01-31,6.4856038093566895,6.5219376902837505,6.4401866747648775,6.449269928429629,9805415
2022-02-01,6.667273998260498,6.7308580766645205,6.549188662461529,6.549188662461529,10901318
2022-02-02,6.612773418426514,6.721775070977319,6.549188904538178,6.712691383364386,7985911
2022-02-03,6.476520538330078,6.676356882893202,6.431102970725992,6.603689121233884,6258620
2022-02-04,6.46743631362915,6.540104069244356,6.4220191829366415,6.4946869385518475,5247649
2022-02-07,6.576438903808594,6.60368953269578,6.4038531756812755,6.458354000321595,7500311
2022-02-08,6.585522651672363,6.694524301954767,6.521938139107267,6.585522651672363,9123789
2022-02-09,6.576438903808594,6.667274044676511,6.567355649602233,6.6309401615829655,7435283
2022-02-10,6.540104866027832,6.6491069458643945,6.521937924910745,6.58552243538757,7308376
2022-02-11,6.549188137054443,6.603688956943025,6.449269750691704,6.512854257128723,6679886
2022-02-14,6.458353519439697,6.512854340021946,6.403852698857449,6.449269832775646,6067824
2022-02-15,6.594605922698975,6.61277286326561,6.4674369055985,6.4674369055985,5821132
2022-02-16,6.594605922698975,6.676356938681819,6.585522235848643,6.630939803832245,7000193
2022-02-17,6.512854099273682,6.676356554976542,6.494687159751141,6.621855736408922,6632746
2022-02-18,6.567355155944824,6.612772722964818,6.4946873952200495,6.549188215763631,4189470
2022-02-21,6.594605922698975,6.630939803832245,6.540104667865041,6.585522235848643,5011054
2022-02-22,6.4856038093566895,6.549188317546059,6.4220197343013465,6.449269928429629,5642703
2022-02-23,6.476520538330078,6.585522180819055,6.476520538330078,6.5219376728001395,5020259
2022-02-24,5.8315935134887695,6.303934398184812,5.8315935134887695,5.9950959774910055,13599067
2022-02-25,6.32210111618042,6.385685622066577,5.949678633601238,5.949678633601238,7845361
2022-02-28,6.412936210632324,6.812609344130745,6.004179823238094,6.31301781897421,12281532
2022-03-01,6.440186500549316,6.603688960298132,6.367518740660954,6.5855220203260405,6781257
2022-03-02,6.431102752685547,6.512854198347587,6.33118436722461,6.431102752685547,8205509
2022-03-03,6.440186500549316,6.53102120040977,6.412935874024173,6.476520380493498,11940108
2022-03-04,6.394768714904785,6.458353219195082,6.3766017755552715,6.422019340496055,5573825
2022-03-07,6.249433517456055,6.42201966660739,6.131348189120822,6.394769039632328,13927737
2022-03-08,6.340268611907959,6.39476943610307,6.1585991979242545,6.2312669635177365,9772017
2022-03-09,6.403852939605713,6.476520703113937,6.358435370846055,6.358435370846055,9424047
2022-03-10,6.349351406097412,6.476520419808017,6.349351406097412,6.449269793117454,7132442
2022-03-11,6.431102752685547,6.4765203187497935,6.35843499348996,6.367518679956414,6902895
2022-03-14,6.50377082824707,6.5673553372031845,6.476520633790186,6.476520633790186,9251832
2022-03-15,6.494687557220459,6.576438573507979,6.440186735317435,6.5037708109706145,8089863
2022-03-16,6.5310211181640625,6.549188057907376,6.458353359190812,6.51285417842075,7010865
2022-03-17,6.621856689453125,6.685441203500356,6.576439117543094,6.5855228051787265,8865252
2022-03-18,6.676356792449951,6.712690672787403,6.6400229121125,6.6400229121125,6453234
2022-03-21,6.85802698135376,6.894360863567143,6.712691019366185,6.712691019366185,11870918
2022-03-22,7.0669474601745605,7.094197656962395,6.803526148043053,6.867110662438116,16015024
2022-03-23,7.057863235473633,7.112364058036537,6.957944844207957,7.0851138633221025,16134653
2022-03-24,7.121447563171387,7.239532459141812,7.066946742000262,7.085113682390637,17111159
2022-03-25,7.185031890869141,7.221365772928769,7.112364126749884,7.157781695891439,9848438
2022-03-28,7.3576178550720215,7.3667006751139725,7.194114966564819,7.203198219740773,13089856
2022-03-29,7.266783237457275,7.439368958188936,7.257699550506118,7.393952255969282,14663067
2022-03-30,7.2486162185668945,7.384868489427563,7.21228233742192,7.303117040284357,10812887
2022-03-31,7.212282657623291,7.321284739031574,7.212282657623291,7.257699794503865,6396580
2022-04-01,7.194115161895752,7.266782921812434,7.175948221916581,7.230449041854093,6746392
2022-04-04,7.312201023101807,7.330367531275561,7.194115688034074,7.212282629341876,14015703
2022-04-05,7.38486909866333,7.566538519375539,7.284951133838648,7.339451526918245,16056788
2022-04-06,7.493870258331299,7.512037632341989,7.330367357307379,7.384868613071376,16304559
2022-04-07,7.566537857055664,7.711873380903812,7.548371349708672,7.584705230670709,12568001
2022-04-08,7.602871894836426,7.621039268826196,7.530204131413488,7.5847053871147265,9538262
2022-04-11,7.7663750648498535,7.784541573201192,7.648289728627797,7.711873807259635,15533222
2022-04-12,8.256881713867188,8.411300910538806,7.6392049271807165,7.766373932165571,31985110
2022-04-13,7.938960552215576,8.265966355327736,7.902626670344011,8.12971364860831,32711463
2022-04-14,7.911709785461426,8.084295495308556,7.848125713349537,7.966211037463053,14166261
2022-04-15,8.13879680633545,8.175130685844035,7.911709842839781,7.9298763494600655,13425001
2022-04-18,8.438552856445312,8.474886741670135,8.147881774646738,8.156964596251827,20332272
2022-04-19,8.738306999206543,8.847308647060926,8.438552251039967,8.447635938261524,21575519
2022-04-20,8.729222297668457,8.947226434313711,8.720139477770399,8.765556176064667,12140417
2022-04-21,8.738306999206543,8.892726216900607,8.583887781512479,8.738306999206543,12168578
2022-04-22,8.493053436279297,8.738306925310637,8.31138315845687,8.738306925310637,14441477
2022-04-25,8.356800079345703,8.483969090698265,8.15696330901111,8.483969090698265,13366404
2022-04-26,8.093379974365234,8.465802489669963,7.9934620132221434,8.411302098598494,12371828
2022-04-27,8.19329833984375,8.247798727842524,7.993461562556133,8.093379518065918,13874050
2022-04-28,8.18421459197998,8.329550113915618,8.14788071149607,8.238714979571823,8090206
2022-04-29,8.33863353729248,8.347716357425616,8.138796767807253,8.202380840079275,9471603
2022-05-05,8.611138343811035,8.783724943301753,8.420386101639394,8.420386101639394,14071601
2022-05-06,8.692889213562012,8.783724350986354,8.474885923265276,8.54755368669752,11874790
2022-05-09,8.647472381591797,8.856391981763183,8.592971126699924,8.701972770215612,9964123
2022-05-10,8.66563892364502,8.747390373175227,8.638388729224303,8.720140178754512,1865310
2022-05-11,8.583887100219727,8.674722232689616,8.520303027251618,8.656554859688429,8014654
2022-05-12,8.429468154907227,8.538469797473969,8.238715063848414,8.538469797473969,9871952
2022-05-13,8.620222091674805,8.72014092353148,8.483970241666055,8.49305392933814,11348674
2022-05-16,8.547553062438965,8.656554699626552,8.52030286970907,8.638388193229291,5757438
2022-05-17,8.483969688415527,8.592971334568016,8.438552119284969,8.574803960408563,5215910
2022-05-18,8.538470268249512,8.59297152567188,8.338634345659726,8.529387447235866,11884873
2022-05-20,8.356800079345703,8.556636849680297,8.356800079345703,8.53846947680078,4182174
2022-05-23,8.265965461730957,8.465801357287157,8.202380525628547,8.402217287452729,5870916
2022-05-24,8.247798919677734,8.338634056812486,8.220548725044537,8.3023001752122,5225135
2022-05-25,8.447635650634766,8.57480380233432,8.320466632667149,8.338634006491692,9673365
2022-05-26,8.51121997833252,8.556637547969727,8.411302018145134,8.456719587782342,7489262
2022-05-27,8.374968528747559,8.683806977253436,8.338634644586168,8.556637949554508,11242829
2022-05-30,8.701972961425781,8.76555703830673,8.438552100574324,8.44763578763391,15326347
2022-05-31,8.792808532714844,8.883642808981959,8.66563950641914,8.774641157700549,22036852
2022-06-01,8.80189037322998,8.901809192139211,8.602054467947566,8.765556493517904,13907148
2022-06-02,9.137980461120605,9.165230656179745,8.738306891002173,8.820058342447673,18041223
2022-06-03,9.19248104095459,9.265148806790744,9.010811626364204,9.210648415547679,13131768
2022-06-06,9.437734603881836,9.50131867705545,9.301481904736631,9.310565591266583,10547044
2022-06-07,9.310565948486328,9.510402728472311,9.30148226160786,9.455901473469567,8676967
2022-06-08,8.82005786895752,9.39231713208716,8.63838846786907,9.35598325186947,12366652
2022-06-09,9.11981201171875,9.1288956977569,8.72013935498796,8.83822380841198,10800870
2022-06-10,8.938143730163574,9.110729454940222,8.892726160611376,9.065311885388024,6423335
2022-06-13,8.774640083312988,9.047144611284475,8.774640083312988,8.938142973349484,8354000
2022-06-14,8.956310272216797,9.019895216338442,8.783724546785109,8.83822493744013,7438223
2022-06-15,8.96539306640625,9.101645762008365,8.929059187499286,8.99264325901947,7973722
2022-06-16,8.86547565460205,9.083478941288645,8.810974399796374,9.03806137332859,6745384
2022-06-17,8.992643356323242,9.001727042715272,8.838224152730772,8.883641718422913,5867420
2022-06-20,9.156147003173828,9.219731080638008,9.028977981977382,9.074395551423834,8484387
2022-06-21,9.256065368652344,9.265149056193406,9.156147404505028,9.183397600860092,7085062
2022-06-22,9.083478927612305,9.246981825515105,9.083478927612305,9.246981825515105,7341567
2022-06-23,9.028977394104004,9.156146407020522,8.992643514166147,9.083478647144807,6113931
2022-06-24,9.128896713256836,9.128896713256836,9.010811380429004,9.083479144281812,5416078
2022-06-27,9.047144889831543,9.128896337366786,8.820057920574996,8.91089305478483,5603484
2022-06-28,8.97447681427002,9.183396402851367,8.947226621469847,9.101645824450847,6336942
2022-06-29,8.810975074768066,9.03806206569646,8.73830730697243,8.983561672983795,5619918
2022-06-30,8.579317092895508,8.9692858867396,8.465179044231578,8.959774231504046,7255462
2022-07-01,8.512737274169922,8.607852021981124,8.45566915114837,8.579317960470346,6100039
2022-07-04,8.23690414428711,8.569804795953006,8.23690414428711,8.51273577589437,5366749
2022-07-05,8.22739315032959,8.351041947816473,8.037164579996452,8.265438864396218,6052608
2022-07-06,8.255928039550781,8.26543878766812,8.160813301726476,8.236904729153375,4165292
2022-07-07,8.341531753540039,8.370065814214504,8.284462725109675,8.31299678578414,2826719
2022-07-08,8.50322437286377,8.531759337277693,8.322507466982225,8.351041524314821,1405737
2022-07-13,8.322507858276367,8.579317107587952,8.274950489098513,8.522248083158255,3431218
2022-07-14,8.113256454467773,8.398599779205883,8.06569908249785,8.322508346886577,4541270
2022-07-18,8.293973922729492,8.312996326434206,8.19885918296177,8.19885918296177,3698822
2022-07-19,8.398598670959473,8.40811032551462,8.265438228431309,8.293973192096754,4733700
2022-07-20,8.455667495727539,8.512735607576497,8.398598476797298,8.417621785467805,5252530
2022-07-21,8.389087677001953,8.474690760576483,8.379576928779187,8.465179105272341,3576192
2022-07-22,8.284461975097656,8.427133172635052,8.255927917006447,8.408110769601365,6488088
2022-07-25,8.179837226867676,8.303485125417941,8.160813915040599,8.284462720672298,7696515
2022-07-26,8.065698623657227,8.274950504172132,8.065698623657227,8.179836672724537,6364395
2022-07-27,7.865960121154785,8.094234428797598,7.837425152388334,8.075211116286631,9821126
2022-07-28,7.865960121154785,8.008631336661177,7.865960121154785,7.913516588269272,7146103
2022-07-29,7.980096817016602,7.980096817016602,7.846936358326003,7.913516134130595,6063032
2022-08-01,8.217883110046387,8.274951232521726,7.9991195550070495,8.008631211113423,13927328
2022-08-02,8.132279396057129,8.379576993383166,8.122767740679654,8.246416539342674,13493154
2022-08-03,8.189347267150879,8.2559279457036,8.132279150770096,8.141790805860676,8007809
2022-08-04,8.23690414428711,8.284461509822423,8.208370087798441,8.265438200775778,10779575
2022-08-05,8.22739315032959,8.370065258390474,8.198859091549963,8.24641646090359,16675676
2022-08-08,8.465179443359375,8.55078253035277,8.32250823642466,8.32250823642466,24236683
2022-08-09,8.455667495727539,8.569804626506738,8.322507056277832,8.474689897316765,13799157
2022-08-10,8.655407905578613,8.674430307616657,8.34153056175982,8.446156040672316,19814183
2022-08-11,8.683942794799805,8.788568283743878,8.569805650384072,8.731500165076708,15876235
2022-08-12,8.579317092895508,8.702964982632256,8.512736413327987,8.683942579242514,8649919
2022-08-15,8.598339080810547,8.69345381440739,8.512736001989655,8.655408102384918,8931843
2022-08-16,8.626873970031738,8.674431341416586,8.198859441730932,8.626873970031738,13824341
2022-08-17,8.617362976074219,8.712476809054507,8.56980560604338,8.702965153632062,9711930
2022-08-18,8.598339080810547,8.62687313805707,8.465178635191233,8.617362390362446,11217898
2022-08-19,8.769545555114746,8.893194350422986,8.62687344956769,8.62687344956769,28793521
2022-08-22,8.893194198608398,9.007331336848809,8.788567808243682,8.798079463200718,23889918
2022-08-23,8.902705192565918,8.978796620162786,8.807591361610516,8.93124015822577,12989702
2022-08-24,8.769545555114746,9.10244532056183,8.75052224487593,8.921728408699854,21402248
2022-08-25,8.874171257019043,9.016842458970824,8.788568173015422,8.788568173015422,17534468
2022-08-26,8.902705192565918,9.11195707199799,8.760033992592131,8.902705192565918,24918868
2022-08-29,8.912217140197754,8.950262855244477,8.769545935542892,8.893194736215092,13749084
2022-08-31,8.9597749710083,9.035866405010294,8.864660224965089,8.94075165896708,15936964
2022-09-01,8.750521659851074,8.978795924967233,8.750521659851074,8.978795924967233,11385296
2022-09-02,8.874171257019043,9.007331710700385,8.769545769393162,8.779056517663602,27494927
2022-09-05,9.026354789733887,9.111957880142894,8.921729294279238,8.931240950342783,29716774
2022-09-06,8.921728134155273,9.073910983057322,8.779056032998604,9.054888580485231,21118212
2022-09-07,8.893194198608398,9.035865394638575,8.836125175947522,8.940750659230895,19831817
2022-09-08,8.97879695892334,9.226094561484125,8.931240495192068,8.950262899268296,38004738
2022-09-09,8.97879695892334,9.188048846250265,8.959774554847112,9.03586598531483,16002869
2022-09-12,9.178537368774414,9.29267542377216,8.997820444677252,9.007332100440633,30704567
2022-09-13,8.817103385925293,9.28316362623631,8.817103385925293,9.264140315000072,19945600
2022-09-14,8.912217140197754,8.921728795729784,8.607851419823971,8.750522624478833,14294474
2022-09-15,8.807592391967773,9.016843388797732,8.779057422969755,8.912217890382752,12480113
2022-09-16,8.845636367797852,8.921727789307749,8.769544946287954,8.817102311501964,7334502
2022-09-19,8.655407905578613,8.978795996875776,8.626872941899592,8.864658863403607,13697755
2022-09-20,8.779056549072266,8.845637229691832,8.617362942919737,8.664919405686218,38467156
2022-09-21,8.779056549072266,8.807591515229815,8.655408657381752,8.7695458007678,11813528
2022-09-22,8.826613426208496,8.874170793401655,8.68394223171035,8.779056059015337,9542834
2022-09-23,8.931241035461426,9.24511843189821,8.836126288082388,8.855149600390778,53450833
2022-09-26,8.864660263061523,9.444858583671957,8.845637858019996,8.969286665574984,88555704
2022-09-27,8.798079490661621,9.016842112868217,8.788567835674897,8.893194226366177,20280189
2022-09-28,8.750521659851074,8.893193755859647,8.702964294514883,8.81710233415426,13849247
2022-09-29,8.54127025604248,8.855148521311852,8.360553346542027,8.798079498422508,12677596
2022-09-30,8.54127025604248,8.636384991830937,8.493713795229597,8.607850933926938,12660531
2022-10-03,8.741010665893555,8.78856803482348,8.560293752457476,8.560293752457476,23114765
2022-10-04,8.760034561157227,8.855149305367364,8.712477189052157,8.779056965750398,24070634
2022-10-05,8.731500625610352,8.874171836884708,8.693454908798428,8.788568747287519,14940769
2022-10-06,8.836125373840332,8.912216801038074,8.76003394664259,8.76003394664259,19486561
2022-10-07,9.007332801818848,9.04537852075348,8.807592550641653,8.845638269576286,31773883
2022-10-10,9.026354789733887,9.150003597315626,8.997820728624701,9.121469536206439,24069991
2022-10-11,9.064399719238281,9.150002802208645,8.969285888112275,9.045377315845627,26325097
2022-10-12,8.855149269104004,9.121469281887768,8.855149269104004,9.11195762608942,15655227
2022-10-13,8.98830795288086,9.007331262638202,8.836125103147467,8.874170815580815,12723059
2022-10-14,9.054888725280762,9.121468495969744,9.016842105365521,9.016842105365521,17696735
2022-10-17,9.207072257995605,9.330721060626866,9.102445859648393,9.102445859648393,38216957
2022-10-18,9.102445602416992,9.283163426956213,9.073911543256573,9.264140116128344,25340549
2022-10-19,9.130980491638184,9.235605979064786,9.130980491638184,9.159514550557915,18779896
2022-10-20,9.150003433227539,9.292675550377812,9.102446060844114,9.15951508912051,30847344
2022-10-21,9.159515380859375,9.207072754757544,9.121469663157132,9.1690270370553,18065982
2022-10-24,9.25462818145752,9.359254573690947,9.159514351432373,9.178536754604858,44080340
2022-10-25,9.083423614501953,9.340231972864965,9.083423614501953,9.30218625654891,37788475
2022-10-26,9.140490531921387,9.245116918325618,8.99781934129183,9.102444820614751,22731760
2022-10-27,9.092934608459473,9.197560093942379,9.045377239755837,9.159514380395743,14346300
2022-10-28,8.96928596496582,9.102445511099484,8.96928596496582,9.092934762862347,6231031
2022-10-31,8.921728134155273,9.054888580485231,8.921728134155273,9.007331213433009,17674922
2022-11-01,8.845636367797852,8.969285154521758,8.817102311501964,8.893193733011861,25118478
2022-11-02,8.855149269104004,8.931240701327937,8.845637613305657,8.855149269104004,17353512
2022-11-03,8.874171257019043,8.940751030319023,8.855148853396782,8.864659601667222,18665874
2022-11-04,8.940751075744629,8.978796790263829,8.88368295750652,8.88368295750652,21963376
2022-11-07,9.102445602416992,9.150002972405282,8.978796803279996,8.978796803279996,26242065
2022-11-08,9.558995246887207,9.768247134143989,9.073911697507056,9.159514783524894,89746148
2022-11-09,9.387788772583008,9.749223509086718,9.245117571867945,9.54948328383681,44336610
2022-11-10,9.2451171875,9.302185302580856,9.140490798049541,9.302185302580856,25754944
2022-11-11,9.378277778625488,9.568507269101486,9.27365228452884,9.292675596409014,28940015
2022-11-14,9.701665878295898,9.83482632723339,9.34023115153529,9.397300174531743,41724078
2022-11-15,9.625575065612793,9.929940788768484,9.46388054841598,9.777757927190638,35760683
2022-11-16,9.416322708129883,9.711177668053596,9.37827699463147,9.673131954555183,30298564
2022-11-17,9.311697959899902,9.435346765328203,9.045377944328946,9.416323453532419,24019628
2022-11-18,9.283163070678711,9.37827689992354,9.188048334352532,9.207071644450307,19590028
2022-11-21,9.349742889404297,9.41632266092239,9.26413980769169,9.330720486291138,19435272
2022-11-22,9.635086059570312,9.635086059570312,9.387788472948051,9.397300127913832,33388858
2022-11-23,9.929940223693848,9.939451878771543,9.654108576010167,9.758734967702106,37144846
2022-11-24,10.871574401855469,10.909620119243565,9.977498682613035,9.99652199484781,60025547
2022-11-25,11.29007625579834,11.661022646561008,11.0903360310925,11.109359341579422,47590214
2022-11-28,11.08082389831543,11.708579511109898,11.08082389831543,11.347144791166901,35764962
2022-11-29,11.042778968811035,11.185451080183391,10.67183347482198,11.118870398710401,23124820
2022-11-30,12.0795259475708,12.0795259475708,11.004733356378088,11.014245011974465,73468070
2022-12-01,12.412425994873047,13.10676049003518,12.079525322867335,12.317311257991028,65037462
2022-12-02,12.507540702819824,13.011647573773638,12.231709034993637,12.488518298356684,39417334
2022-12-05,12.269754409790039,12.897510067081893,12.231708694840357,12.80239532616699,27558556
2022-12-06,12.041479110717773,12.317310747751797,11.889296263675735,12.26975338128083,24517342
2022-12-07,11.54688549041748,12.269754053468905,11.489816466109579,12.08903713947639,19227741
2022-12-08,11.651511192321777,11.718090966011857,11.252030736018519,11.54688570408288,16599767
2022-12-09,12.212686538696289,12.32682368586113,11.680045611512288,11.680045611512288,18309923
2022-12-12,12.440960884094238,12.564609687467396,12.374381108078468,12.374381108078468,17441081
2022-12-13,12.678746223449707,12.897509759504395,12.136594571575518,12.507540056718332,40984922
2022-12-14,12.345845222473145,13.230409184682253,12.345845222473145,13.021157309379607,35452691
2022-12-15,12.907021522521973,13.401616751041905,12.08903815275606,12.602655786252134,52776772
2022-12-16,12.783371925354004,13.04969283521239,12.650212377506199,12.897509976482677,11404626
2022-12-19,12.678746223449707,12.992623591069645,12.659723819969207,12.735815248053957,19226553
2022-12-20,12.51705265045166,12.707281234925718,12.507540994457598,12.67874717402497,13881700
2022-12-21,12.364869117736816,12.659724088121738,12.269754377075515,12.555097691978029,16041060
2022-12-22,12.383892059326172,12.583631376010757,12.307799724817908,12.412426117840917,25448637
2022-12-23,12.288777351379395,12.479005920409142,12.231708327129788,12.412426148019073,11670102
2022-12-26,12.421937942504883,12.697769597460741,12.364868917615468,12.412426287176418,16258898
2022-12-27,12.174640655517578,12.583631867129066,12.136594940319268,12.498029688243918,12263142
2022-12-28,11.917831420898438,12.250732109844998,11.746626155712304,12.17464067929974,15218325
2022-12-29,12.612167358398438,12.821418347151518,11.91783189329903,11.91783189329903,24214818
2022-12-30,13.106761932373047,13.249434053396476,12.621679260721464,12.621679260721464,30065214
2023-01-02,13.629890441894531,13.725005183753339,13.420638554053998,13.430150209656158,20971968
2023-01-03,13.829629898071289,14.552499355805853,13.239920890050364,13.63940133210992,62141902
2023-01-04,13.82011890411377,14.352759821366822,13.610867925087032,13.915233645185122,33891576
2023-01-05,13.49673080444336,14.181554629008453,13.239922437157361,13.934257010820854,25751690
2023-01-06,13.772561073303223,13.91523318014219,12.383892068223895,13.030669201817236,26944761
2023-01-09,13.154318809509277,14.15301999064932,13.078227377334933,13.934256442837015,19595723
2023-01-10,12.935555458068848,13.553798537288035,12.811906660808736,13.268455228770959,24542613
2023-01-11,12.08903694152832,13.249432555416604,12.041479573230676,12.99262331085814,19454153
2023-01-12,12.887998580932617,12.887998580932617,11.708580494912578,12.317311942106711,24931817
2023-01-13,12.964090347290039,13.220898706449873,12.68825867637244,12.897510570300717,13792249
2023-01-16,13.411128044128418,13.52526519214074,12.792884025209899,13.068715693010033,16341990
2023-01-17,14.000837326049805,14.076928759309741,13.325525175556795,13.458684730220964,18236370
2023-01-18,14.362271308898926,14.581033940890276,13.820118742463858,14.124485366083256,21632163
2023-01-19,14.733216285705566,14.904422448832344,14.153018932004557,14.343247498211335,19685675
2023-01-20,14.56201171875,15.142209099906566,14.314714117438127,14.742728638427817,17778096
2023-01-23,13.877187728881836,14.704682698706605,13.877187728881836,14.600057210710847,16035156
2023-01-24,13.553799629211426,14.133997041175718,13.316013670804209,14.076928919123596,15660360
2023-01-25,13.106761932373047,13.810609067176095,12.745327162361065,13.753540037350433,23937098
2023-01-26,13.106761932373047,13.449174297164113,12.840441909710018,13.12578524467542,25974943
2023-01-27,12.621678352355957,13.154318359348618,12.412426467496715,13.059203618844947,17461436
2023-01-30,12.754837989807129,12.754837989807129,12.459983924929203,12.63118918911976,9331936
2023-01-31,12.30780029296875,12.830929560988316,12.203174802197399,12.735815725854746,11629523
2023-02-01,11.965388298034668,12.402914459157076,11.91783092913588,12.33633468694759,12163941
2023-02-02,11.784671783447266,12.241220363327535,11.042778980519733,11.965388702879522,15645001
2023-02-03,12.697769165039062,12.697769165039062,11.803693550401288,11.803693550401288,9605506
2023-02-06,12.29828929901123,12.612166672143552,11.756136730534264,12.374380728432314,4795287
2023-02-07,11.204473495483398,12.269754422236527,11.07131394656513,12.269754422236527,9150428
2023-02-08,10.462581634521484,10.462581634521484,10.462581634521484,10.462581634521484,7
2023-02-15,12.317312240600586,12.317312240600586,11.41372579646351,11.41372579646351,5728214
2023-02-16,12.117570877075195,13.268454824243646,12.06050276136049,13.220897456427164,12334990
2023-02-17,11.83222770690918,12.20317409144478,11.584931024300133,12.089036951683369,9210688
2023-02-20,11.651511192321777,12.269754280510378,11.099847877823256,11.261542391426069,24917432
2023-02-21,12.222198486328125,12.536075875298849,11.537374679900436,11.651511829791477,28767444
2023-02-22,12.402915000915527,13.040181413583511,12.212686424092563,12.44096071628012,28331519
2023-02-23,12.0795259475708,12.536075438301461,11.98441211285124,12.402914981196393,14957263
2023-02-24,11.879785537719727,12.250731936696049,11.870273882265653,12.174640507226249,9861387
2023-02-27,11.879785537719727,11.993922681924428,11.641999593856251,11.8892971931738,11135137
2023-02-28,11.737113952636719,12.070013718973502,11.737113952636719,11.908320116918205,11699637
2023-03-01,11.81320571899414,11.927342862766864,11.775160004403233,11.81320571899414,11715994
2023-03-02,11.565908432006836,11.879785812602837,11.546886027739927,11.822717692720696,11494558
2023-03-03,11.622977256774902,11.955877035846626,11.223496796223719,11.641999660710896,21696462
2023-03-06,11.946365356445312,12.031967528108439,11.699067774979419,11.708579429746875,19999223
2023-03-07,12.146106719970703,12.593143651347317,12.031968666128366,12.079526037382438,26758518
2023-03-08,12.174640655517578,12.393403291137513,11.984412079526026,12.174640655517578,23909300
2023-03-09,12.193662643432617,12.355357154277502,12.184151895268672,12.269754071232402,16909390
2023-03-10,11.955877304077148,12.317312057783754,11.955877304077148,12.193663254640857,8729939
2023-03-13,11.499327659606934,11.984411171961682,11.42323623497262,11.955876207412814,14371692
2023-03-14,11.366168022155762,11.708580364469105,11.366168022155762,11.508840133813454,15269996
2023-03-15,11.128381729125977,11.603953605644877,11.071313611909275,11.41372503645359,23451233
2023-03-16,11.318611145019531,11.432749202153905,11.10936015679653,11.204473994966593,18652038
2023-03-17,11.194962501525879,11.442259189985407,11.099847762600493,11.413725131140342,22589513
2023-03-20,10.652811050415039,11.290077509171466,10.652811050415039,11.280565852872064,16687805
2023-03-21,10.51965045928955,10.881084292420145,10.443558123435269,10.843038578033692,10007213
2023-03-22,10.396000862121582,10.671832497003756,10.338931841385373,10.671832497003756,8619346
2023-03-23,10.54818344116211,10.576717497267795,10.35795488865539,10.396000599156734,9535902
2023-03-24,10.51965045928955,10.662321661468397,10.462581434169184,10.576718577328537,6456290
2023-03-27,10.367466926574707,10.633787840318641,10.319910462838878,10.567207158341956,7238743
2023-03-28,9.910919189453125,10.424536842528672,9.891895876670356,10.405513529745903,7876137
2023-03-29,9.929940223693848,9.948963533849238,9.63508617293613,9.910917820619812,8241547
2023-03-30,9.768247604370117,10.053590028723589,9.749224292303115,9.93945287756591,8079954
2023-03-31,9.558995246887207,9.777757882638214,9.520949531666101,9.768247134143989,6827650
2023-04-03,9.454368591308594,9.597040699799237,9.23560596153687,9.558994985618007,7971026
2023-04-04,9.730199813842773,9.768246433415996,9.45436817150627,9.463879826399575,8085693
2023-04-05,9.587528228759766,9.901405570820016,9.549482517815532,9.758734381549464,5850523
2023-04-06,9.51143741607666,9.673131924716472,9.492414105845455,9.597040497954367,5446023
2023-04-07,9.749223709106445,9.749223709106445,9.44485799089307,9.53046107591093,7810309
2023-04-10,9.948963165283203,9.948963165283203,9.749222951457886,9.787268663277883,12475044
2023-04-11,10.015543937683105,10.1201703359819,9.910918446465724,10.025055593361435,7895829
2023-04-12,10.015543937683105,10.091635368946912,9.977498222051203,10.072612964671666,6756702
2023-04-13,10.367466926574707,10.557696409843633,9.987009774199663,10.015543833857441,15001755
2023-04-14,10.947665214538574,11.014244989414031,10.272353088962902,10.36746692348764,24733671
2023-04-17,11.128381729125977,11.26154218110056,10.662321507836984,11.033267898071019,24747536
2023-04-18,10.681344032287598,11.337633737288236,10.576718544816812,11.128381855265284,14463364
2023-04-19,11.06180191040039,11.24251882360571,10.47209289483387,10.690855521718275,11819235
2023-04-20,10.862061500549316,11.052290065682657,10.719390303469646,11.033267662709997,2168802
2023-04-24,10.43404769897461,10.96668771691562,10.415024387650297,10.862062225876132,11615244
2023-04-25,10.595741271972656,10.947664336355093,10.415023458833824,10.453069171008105,18418697
2023-04-26,10.633787155151367,10.824015719081885,10.338932200748058,10.576718132431541,15927459
2023-04-27,10.453070640563965,10.814505410572988,10.443558984412856,10.633788479109205,9707108
2023-04-28,10.063101768493652,10.529162033036021,9.987010333755366,10.491116315666877,5931804
2023-05-02,9.530461311340332,10.110658702787447,9.511437999941371,10.063101331371458,6102186
2023-05-03,9.46388053894043,9.67313242694116,9.273651962158585,9.635086711584792,9056821
2023-05-04,9.520950317382812,9.806293658629775,9.444858880661153,9.463881286300829,6833152
2023-05-05,9.330720901489258,9.587529250973173,9.273651875447612,9.539971880452034,6236466
2023-05-08,9.578017234802246,9.62557460353266,9.302185584663475,9.378277011799593,6380270
2023-05-09,9.46388053894043,9.644598367194234,9.435346479193504,9.578017685009536,5683933
2023-05-10,9.444857597351074,9.568506391993491,9.416322632146503,9.473391655474293,3104229
2023-05-11,10.21528434753418,10.272353375506063,9.349743621683718,9.42583505425861,10650369
2023-05-12,9.958475112915039,10.319909839376477,9.834826319092862,10.272352471432356,5192851
2023-05-15,9.530461311340332,9.910918468505422,9.4543689728259,9.701666578523916,7398483
2023-05-16,9.853848457336426,9.939451535920181,9.530460359581925,9.530460359581925,6116367
2023-05-17,9.958475112915039,10.044078193798189,9.758734893214806,9.853848722021702,5654724
2023-05-18,9.730199813842773,9.987009053474004,9.606551928555147,9.958474995875424,3556487
2023-05-22,9.67313289642334,9.844339077377136,9.625575523149347,9.749224330829149,3825032
2023-05-23,9.654108047485352,9.72068872230283,9.61606233633878,9.711177067745862,2855950
2023-05-24,9.530461311340332,9.701666578523916,9.49241468854241,9.673132518506888,2977176
2023-05-25,9.482903480529785,9.597040622149995,9.425834456178997,9.568506563515285,3750027
2023-05-26,9.749223709106445,9.787269423883117,9.473392050205225,9.492414454052867,5627604
2023-05-29,10.472092628479004,10.586229766613215,9.730199869984617,9.9870091110976,13781826
2023-05-30,10.681344032287598,10.74792471257026,10.472093057346024,10.595741855492252,8485213
2023-05-31,10.443557739257812,10.776458408204187,10.415023681287977,10.757436005251412,7269259
2023-06-01,10.624276161193848,10.843038796554337,10.481604956139739,10.481604956139739,11659630
2023-06-02,10.776458740234375,10.938153252180951,10.690855656606026,10.776458740234375,9736425
2023-06-05,11.118870735168457,11.147405702555236,10.862062378257404,11.033268554252388,10106225
2023-06-06,10.97619915008545,11.166427724065509,10.881084409554724,11.156916068596157,7181162
2023-06-07,11.451770782470703,11.594441982994724,11.22349649879972,11.22349649879972,14066807
2023-06-08,11.32812213897705,11.689556879897498,11.204473340208366,11.47079424851694,8600660
2023-06-09,11.537374496459961,11.5944426169574,11.337634260556083,11.423237348383662,6043667
2023-06-12,11.442258834838867,11.822716871650323,11.442258834838867,11.56590762877149,10868053
2023-06-13,11.2710542678833,11.470794499952266,11.099848095515215,11.461282844358172,17558387
2023-06-14,10.928641319274902,11.366167474531894,10.862061547957977,11.271053645090763,7346032
2023-06-15,10.96668815612793,11.042779590309797,10.833528599850386,10.928642439036997,5472558
2023-06-16,10.862061500549316,11.137893146762998,10.862061500549316,11.052290065682657,5760154
2023-06-19,10.43404769897461,10.871573881538287,10.396001983407395,10.862062225876132,5298453
2023-06-20,10.291375160217285,10.44355801620047,10.186749673499188,10.43404726801255,3782954
2023-06-21,10.272353172302246,10.595742207889089,10.243819112421468,10.291375576528962,6406857
2023-06-22,10.586230278015137,10.681344110847755,10.253329595397508,10.386490049860837,18449622
2023-06-23,10.938152313232422,11.023755389512466,10.67183233697996,10.700366393379543,19751018
2023-06-26,11.29007625579834,11.375679338826753,11.061801972443485,11.061801972443485,10795994
2023-06-27,11.746624946594238,11.946365157985989,11.204472425913023,11.290075503235387,12874074
2023-07-03,12.212686538696289,12.32682368586113,11.946366528644996,11.946366528644996,13660802
2023-07-04,11.98441219329834,12.307800322013318,11.661023157501951,12.269754606453825,10808106
2023-07-05,12.0795259475708,12.203174749079492,11.661023079225648,11.98441211285124,14190391
2023-07-06,12.155617713928223,12.30780057934807,12.079526281218298,12.089037937077396,11844265
2023-07-07,12.507540702819824,12.555098074599806,12.089037826735114,12.155617602978236,22597719
2023-07-10,12.621678352355957,12.830929330133806,12.612166696889311,12.6502124116745,18577007
2023-07-11,12.555097579956055,12.792883522406289,12.42193803271601,12.792883522406289,11605590
2023-07-12,12.440960884094238,12.564609687467396,12.24122064896551,12.555098031727594,11551065
2023-07-13,12.412425994873047,12.735815011774287,12.298288854863438,12.44096005310511,16446994
2023-07-14,12.973601341247559,13.030669459446345,12.374380657671994,12.479006145757358,22053011
2023-07-17,13.28747844696045,13.563310098290904,13.125783936827283,13.135295592030731,17778789
2023-07-18,12.992623329162598,13.648913017015708,12.935555212790108,13.363569713909197,19665701
2023-07-19,13.534774780273438,13.54428643522923,12.659723387211415,12.935555031359996,14574238
2023-07-20,13.715493202209473,13.791584631055683,13.420638235119371,13.55379868914093,14386092
2023-07-21,13.63940143585205,13.820118348119559,13.496729329984836,13.725004517956108,8656739
2023-07-24,14.66663646697998,14.771261951285783,13.525264166340728,13.639401305696518,29193848
2023-07-25,15.275368690490723,16.112376237844153,14.74272867846032,14.752240334016927,32943205
2023-07-26,15.484620094299316,15.83654224748644,14.885398547166982,15.28487897386766,17222883
2023-07-27,15.646316528320312,15.922147292114897,15.522666816076335,15.598758248933068,11256331
2023-07-28,15.931657791137695,16.11237561136094,15.665336888396213,15.665336888396213,11516704
2023-07-31,16.510456085205078,16.59720118968631,15.90324219220174,16.163477505645435,12023105
2023-08-01,16.19239044189453,16.520093743741235,15.691198778804152,16.510455195055723,9248333
2023-08-02,16.018901824951172,16.298412378908655,15.961070533761214,16.192390183425562,8317610
2023-08-03,15.614091873168945,16.45262536775273,15.614091873168945,16.134560621813165,12596676
2023-08-04,16.05745506286621,16.05745506286621,15.498432085874857,15.633368096000792,7379679
2023-08-07,16.211666107177734,16.336965390655674,15.999623569923179,16.096007209898897,14323178
2023-08-08,15.614091873168945,16.327327914416298,15.469515484534023,16.2405828165814,12445637
2023-08-09,15.517708778381348,15.662283333789437,15.41168657984498,15.6237291385525,10861399
2023-08-10,14.891217231750488,15.855050993365932,14.804472128862315,15.517709130841395,14269581
2023-08-11,15.363494873046875,15.373133421930179,14.49604569556694,14.891217007956302,10372795
2023-08-14,15.180366516113281,15.691198559101885,15.151451789644188,15.517708361922164,44334038
2023-08-15,15.23819637298584,15.402047096892147,14.958684908748829,15.315302920417944,8450065
2023-08-16,15.23819637298584,15.411685645116798,15.122535632655135,15.23819637298584,7626121
2023-08-17,15.498432159423828,15.700838013938524,15.27675104506057,15.27675104506057,9966302
2023-08-18,14.958685874938965,15.816496500323233,14.756280945060604,15.527347388367813,13023208
2023-08-21,15.565899848937988,15.64300640186337,14.756281043221462,14.958685974446247,12196580
2023-08-22,15.662282943725586,16.028538597528957,15.508069843348885,15.565899296398856,12426912
2023-08-23,15.7586669921875,16.288774308430586,15.64300624477826,15.806857897894975,18819440
2023-08-24,15.459878921508789,16.03817712808948,14.977961604598852,15.758666573357502,14182664
2023-08-25,15.710474014282227,15.710474014282227,15.122536333085305,15.459879102294918,13936090
2023-08-28,16.385156631469727,16.61647626919255,16.018900997999857,16.096007543907465,22028599
2023-08-29,16.818883895874023,17.300800318811785,16.39479692894652,16.481542032144535,24741562
2023-08-31,17.474287033081055,17.821267413035006,17.040563396503707,17.0598404928045,21276918
2023-09-01,17.291160583496094,18.11041881395846,17.1562227442425,17.638139134118582,16408649
2023-09-04,17.05984115600586,17.445373905183896,16.96345750912006,17.348990258298098,10802070
2023-09-05,17.445375442504883,17.46465254125381,16.71286223533352,17.059842659352935,9649518
2023-09-06,17.15622329711914,17.464651340805954,16.895989835357273,17.44537424338205,10049858
2023-09-07,17.165861129760742,17.214053871310142,16.886350582234698,17.156222581450862,11005521
2023-09-08,16.953819274902344,17.29116112607405,16.82851998011833,17.233329833851343,9534545
2023-09-11,16.26949691772461,17.059841360992614,16.18275365668678,17.021287166428973,10470180
2023-09-12,16.10564613342285,16.41407419141798,15.999625769403389,16.27913634155596,6216304
2023-09-13,15.517708778381348,16.317689945895676,15.479154583144409,16.11528409763218,12320447
2023-09-14,15.440601348876953,15.556260251285147,15.03579151371806,15.517707896604119,9036281
2023-09-15,15.710474014282227,15.710474014282227,15.305665081105433,15.45024055362384,8499433
2023-09-18,14.98759937286377,16.028537745043703,14.98759937286377,15.710473012637534,8432554
2023-09-19,15.459878921508789,15.479154180260357,14.9297697809896,14.987600153157219,5709662
2023-09-20,15.450241088867188,15.671922200886154,15.3249417901676,15.479154897516901,5531379
2023-09-21,15.855051040649414,15.90324194756867,15.228559139690162,15.450241172085784,7787970
2023-09-22,15.903241157531738,15.95143206205698,15.633367312440953,15.855050253006498,7584978
2023-09-25,16.27913475036621,16.43334784510771,15.932156206380382,15.932156206380382,10635251
2023-09-26,16.375518798828125,16.886350836760762,16.211667151820688,16.346603153462645,9266155
2023-09-27,16.09600830078125,16.491179596935297,16.018901751247903,16.394795950427326,7960180
2023-09-28,16.09600830078125,16.385157401940013,15.989986105785967,16.09600830078125,8446118
2023-09-29,16.230945587158203,16.269497945792782,16.009264469504803,16.182754679273653,10772353
2023-10-02,16.52973175048828,16.63575394418773,16.288773556345987,16.336966298193524,11369340
2023-10-03,16.741775512695312,16.847795864070495,16.48154023153203,16.577923873262698,13075445
2023-10-04,16.48154067993164,16.963457063331017,16.385157035578743,16.74177596817493,12931257
2023-10-05,16.78032875061035,16.934541850159675,16.08636980263839,16.626115651061028,13209699
2023-10-06,16.789966583251953,17.108031317306715,16.52973129947122,16.664669134597386,12240005
2023-10-09,16.047815322875977,16.732137548512917,16.047815322875977,16.52973170997955,7206133
2023-10-10,16.211666107177734,16.36587919579287,16.105643919367942,16.105643919367942,8146924
2023-10-11,15.980347633361816,16.404434576996366,15.941795277594217,16.21166728306289,6468556
2023-10-12,16.414073944091797,16.69358451203272,15.951432783252788,16.192390993503526,13464848
2023-10-13,16.674306869506836,16.828519971962272,15.951432262360035,16.414073408091532,13017388
2023-10-16,16.19239044189453,16.953819242763398,16.124922439461127,16.72249958940664,9004293
2023-10-17,17.136947631835938,17.1658614389212,16.211667199439294,16.404434492378428,14546822
2023-10-18,16.72249984741211,17.13694825545762,16.385157991675165,16.97309660200626,13250991
2023-10-19,17.801992416381836,17.92729171875028,16.867075195905983,16.867075195905983,29811942
2023-10-20,17.011648178100586,18.698355540995987,16.96345727450677,17.782715504157565,37068349
2023-10-23,17.445375442504883,17.83090822565683,16.48154256544235,17.638140914898198,22410694
2023-10-24,17.89837646484375,18.794741346265642,17.89837646484375,18.312824901489602,39225002
2023-10-25,16.288774490356445,18.409207455741882,16.288774490356445,17.994759043913934,23183360
2023-10-26,17.1080322265625,17.1080322265625,16.096008520337268,16.674306730543012,17865813
2023-10-27,16.8959903717041,17.25260749354074,16.414073950999807,17.20441658681641,9291532
2023-10-30,16.655031204223633,16.89598940072844,16.50081810552977,16.89598940072844,9465073
2023-10-31,16.163475036621094,16.80924302780191,16.028537206726217,16.67430519790703,7851865
2023-11-01,15.835772514343262,16.30805034534629,15.29602576520941,16.211666701835142,12632455
2023-11-02,16.577924728393555,16.616477084055415,15.86468684581506,15.951431944010682,14749782
2023-11-03,16.64539337158203,16.76105228139368,16.173115506726482,16.5779253677977,10160891
2023-11-06,16.85743522644043,17.011648325313303,16.703222127567557,16.867073774915628,10857196
2023-11-07,16.963459014892578,17.262246692231994,16.722500795471845,16.857436810070553,11187080
2023-11-08,17.445375442504883,17.483927801637417,16.94418190522469,16.963459003973618,13167780
2023-11-09,17.1176700592041,17.512841344219698,16.963456964484116,17.300798798570995,6552453
2023-11-10,17.069477081298828,17.300798558534478,16.915263988718443,17.18513781991665,7717285
2023-11-13,16.375518798828125,17.11767048458918,16.327327894917467,17.07911629076854,7627322
2023-11-14,16.61647605895996,16.664668798520644,15.99962369950355,16.43334732535945,7052080
2023-11-15,16.47190284729004,16.76105195454585,16.31768974497158,16.72249959814883,5520491
2023-11-16,16.365880966186523,16.568286815867463,16.211667860889246,16.481541714342093,4706591
2023-11-17,16.56828498840332,16.56828498840332,16.182752267683977,16.365879161047527,8430042
2023-11-20,16.953819274902344,16.96345782360613,16.529732323761763,16.616477423730636,7322563
2023-11-21,17.0983943939209,17.127310040988068,16.789968178665433,16.953819835315556,7625944
2023-11-22,16.761051177978516,17.15622246415627,16.761051177978516,17.108031561301463,4970513
2023-11-23,16.346603393554688,16.818883082968473,16.298412488936222,16.770690339984835,7150226
2023-11-24,16.597200393676758,16.635754588648357,16.221306184529674,16.346603641456966,7326674
2023-11-27,16.414073944091797,16.7225001590743,16.269497547249152,16.626116507300956,10998968
2023-11-28,16.35624122619629,16.57792415748704,16.23094377665377,16.46226341775425,7088263
2023-11-29,16.22130584716797,16.48154114271843,16.15383784573603,16.404434592744053,4643808
2023-11-30,15.951431274414062,16.279134556426982,15.893601824166218,16.221305106179138,5738596
2023-12-01,16.14419937133789,16.259860116013225,15.9996248192676,16.09600846676952,5303430
2023-12-04,15.903241157531738,16.19239026141352,15.806857510116089,16.14419935688828,4567269
2023-12-05,15.739389419555664,15.961070520504228,15.662282869731593,15.912879616251116,4869297
2023-12-06,14.958685874938965,15.768305594452402,14.958685874938965,15.739389947910773,7300909
2023-12-07,14.96832275390625,15.055067850815446,14.611704737088221,15.00687602817894,6701419
2023-12-08,14.717727661132812,15.112898971834998,14.659897287262504,15.035792419462991,4947157
2023-12-11,14.312917709350586,14.756280842223727,14.312917709350586,14.72736519588361,5731717
2023-12-12,14.100873947143555,14.42857724558161,14.052682123399855,14.312917420106283,5978598
2023-12-13,13.811723709106445,14.187618825443435,13.802085160671059,14.120149905578291,4972178
2023-12-14,14.197257041931152,14.303279240740627,13.908107930370136,14.216534139599279,5164787
2023-12-15,14.717727661132812,14.939408769406679,14.20689560269001,14.216534151532162,6244100
2023-12-18,14.322554588317871,15.035791534556468,14.322554588317871,14.708088246670568,5735563
2023-12-19,14.5153226852417,14.920131624317246,14.332193934553075,14.332193934553075,6407059
2023-12-20,14.505683898925781,14.881578104594757,14.235810970899896,14.52496007705062,5313979
2023-12-21,15.604454040527344,15.604454040527344,14.5056842828523,14.53459901039615,8746490
2023-12-22,15.267111778259277,15.7104739861437,15.055068303788289,15.633367435278359,7421342
2023-12-25,14.640620231628418,15.344218673022086,14.553876049347725,15.267112120428617,4223166
2023-12-26,14.457491874694824,14.843024623680321,14.312917323620908,14.64061970066729,4881749
2023-12-27,14.61170482635498,14.737003198302347,14.390023727728341,14.438214631476693,4380307
2023-12-28,14.650259017944336,14.987600880395235,14.447854084310322,14.611705741022744,5212662
2023-12-29,15.421324729919434,15.421324729919434,14.563513210911935,14.833387055496985,7353107
2024-01-02,15.498432159423828,15.691199464831609,15.14181411511165,15.32494195222988,5493335
2024-01-03,15.15145206451416,15.7683053952018,15.15145206451416,15.498431545985746,6233299
2024-01-04,15.469515800476074,15.469515800476074,15.016515043481533,15.151451967223098,3776276
2024-01-05,15.80685806274414,15.855050807319431,15.30566546853514,15.498431850923218,4572054
2024-01-08,15.816495895385742,15.99962463974812,15.710473700486709,15.980347542790996,5164051
2024-01-09,15.546622276306152,15.912879770289784,15.527347017437418,15.903241221672827,4133208
2024-01-10,15.662282943725586,15.777943688190694,15.421324744591345,15.546622199260476,3511529
2024-01-11,15.55626106262207,15.80685781539651,15.527347254694577,15.67192180942766,3790635
2024-01-12,15.749027252197266,15.8839632486645,15.450239615006211,15.556259967216866,6230852
2024-01-15,15.787580490112305,16.086369982397493,15.614092129954516,15.691198680590814,5004914
2024-01-16,15.691198348999023,15.874325253912097,15.614091799992167,15.80685725332674,4564491
2024-01-17,15.469515800476074,15.749028196622728,15.450240541514209,15.681560194343241,4673828
2024-01-18,15.710474014282227,15.77794385497978,15.488792909942969,15.498431458614048,5822664
2024-01-19,15.710474014282227,15.826134759969987,15.623728914607701,15.806857662627829,4053266
2024-01-22,15.768305778503418,15.989986889481097,15.681560676231241,15.71047448474514,3552291
2024-01-23,15.614091873168945,16.057454072444944,15.556260582368918,15.93215661910851,5908349
2024-01-24,15.59481430053711,15.700836492071284,15.450239754677384,15.614091396882431,6587798
2024-01-25,16.076730728149414,16.105644534390738,15.594814348233017,15.7104732499285,11317130
2024-01-26,16.22130584716797,16.308050945684787,15.961070551617508,16.076731295761654,9943734
2024-01-29,16.693584442138672,17.185139409595926,16.192390925707915,16.250222219548938,26502712
2024-01-30,17.021286010742188,17.339350740835997,16.48154019205437,16.69358273266189,37333196
2024-01-31,16.77069091796875,17.291161529938464,16.722500011689437,17.059841870740335,21301156
2024-02-01,16.973094940185547,17.20441457446295,16.905626943316932,16.973094940185547,13865406
2024-02-02,17.050203323364258,17.377906633516094,16.88635166828834,17.059841872294044,13478837
2024-02-05,17.541757583618164,17.927290333489573,17.03092554106032,17.05984118668761,18605103
2024-02-06,19.29593276977539,19.29593276977539,18.640526182758542,19.18027202685736,52708748
2024-02-07,19.62363624572754,21.127214887450084,19.373039499046257,20.240488644718294,88969655
2024-02-08,18.939313888549805,19.797126318690946,18.929675340080223,19.565804832151322,33584795
2024-02-09,18.929676055908203,19.565805572034616,18.457398193230425,19.083889160522777,51662507
2024-02-12,19.276657104492188,20.047722653325764,18.650166116269247,19.064614538154274,78711958
2024-02-13,18.177886962890625,19.64291140292362,18.177886962890625,19.353762301982076,31282108
2024-02-14,18.389930725097656,18.66944313432658,17.946568496015562,18.206801968649923,15012802
2024-02-15,18.505590438842773,18.814016639762624,18.42848388861281,18.42848388861281,14335111
2024-02-16,18.283906936645508,18.573057869898477,18.245354581897512,18.544142225063645,9673967
2024-02-19,18.21643829345703,19.257377571987004,18.21643829345703,18.332099030344825,45550696
2024-02-20,18.274269104003906,18.49595204635535,18.11041929195203,18.274269104003906,16941531
2024-02-21,18.534503936767578,19.527252362973954,18.1586097404677,18.312822838353043,70774482
2024-02-22,18.447757720947266,19.03569626996737,18.283906084582565,18.399566820166775,50054742
2024-02-23,18.361013412475586,18.60197160339188,18.31282250963837,18.60197160339188,14852873
2024-02-26,18.100780487060547,18.688717239815794,18.100780487060547,18.650164884103802,15196374
2024-02-27,18.254995346069336,18.35137900218658,17.85982401051744,18.100782231627882,12464203
2024-02-28,20.066997528076172,20.066997528076172,18.052586936798104,18.254992769917255,39017291
2024-02-29,21.050107955932617,21.300704698070522,19.91278498713949,20.72240466531883,52354767
2024-03-01,20.04772186279297,21.011554680011194,20.04772186279297,21.011554680011194,18088844
2024-03-04,19.276657104492188,20.394703069483512,19.276657104492188,20.20193576309248,12789678
2024-03-05,19.03569793701172,19.46942343547958,18.89112338364416,19.33448559242003,11524537
2024-03-06,18.235715866088867,19.132080625717528,18.235715866088867,19.0549740785648,9575000
2024-03-07,18.54414176940918,18.688716313300716,18.31282213150971,18.31282213150971,9163719
2024-03-08,18.794740676879883,19.122443994725472,18.428485000775254,18.630889017957088,16638527
2024-03-11,18.534503936767578,19.170633425135893,18.534503936767578,19.12244252143365,8259118
2024-03-12,18.794740676879883,20.10555394826224,18.57305956138589,18.698357023684366,37061029
2024-03-13,18.630887985229492,19.15135858061594,18.418845430645295,18.842930539813686,15601289
2024-03-14,19.160993576049805,19.546528132957718,18.58269541741796,18.74654705259432,18633214
2024-03-15,19.469423294067383,19.469423294067383,18.727271596908484,19.160995253860893,7311199
2024-03-18,18.40920639038086,19.64291116718142,18.293545648373243,19.565804618631386,10357875
2024-03-19,18.4573974609375,18.563419655540567,18.34173855624792,18.409206557044364,6908032
2024-03-20,18.37065315246582,18.621249907879413,18.37065315246582,18.457398253892265,6468284
2024-03-21,18.630887985229492,19.54652988228409,18.447759238145537,18.447759238145537,34166959
2024-03-22,18.852567672729492,19.14171859457477,18.505589140226217,18.63088658617031,18860930
2024-03-25,19.00678253173828,19.41159238931401,18.57305886614192,18.852569427744214,17072070
2024-03-26,18.21643829345703,19.035696484514194,18.21643829345703,18.997142292763247,9338639
2024-03-27,18.158611297607422,18.370653865791585,17.888737433983245,18.25499495164215,7556077
2024-03-28,18.40920639038086,19.13208097242436,18.21643909982321,18.21643909982321,14992952
2024-03-29,18.361013412475586,18.77546179499003,18.361013412475586,18.428483250158838,8263286
2024-04-01,18.447757720947266,18.67907735375066,18.235715183802075,18.505589007921884,14037676
2024-04-02,18.534503936767578,18.900761423019116,18.361013742055285,18.467035936238382,12042940
2024-04-03,18.78510093688965,19.430868982487908,18.418845284002874,18.60197219126368,25211020
2024-04-04,19.392316818237305,19.662188826704458,18.785101122455853,18.891123319133765,18307884
2024-04-05,19.970613479614258,20.105551311739145,19.353761121437767,19.46942185777838,10503026
2024-04-08,21.28142738342285,21.956111054451423,21.1079371915375,21.956111054451423,37073767
2024-04-15,21.262149810791016,21.956110562792706,21.03083017291214,21.782620374792284,19879919
2024-04-16,20.703128814697266,21.454919086360047,20.413979700100555,21.18504523126861,13765084
2024-04-17,21.127214431762695,21.242875173261385,20.857340593842498,20.95372423869722,8288091
2024-04-18,21.030832290649414,21.300706147866066,20.626022424007065,21.300706147866066,9333165
2024-04-19,21.107938766479492,21.185045319918956,20.54891579445207,20.915173302063458,9075400
2024-04-22,20.895896911621094,21.589855916072846,20.838067454174773,21.24287733302962,10631973
2024-04-24,20.780235290527344,21.28142880310514,20.683851639898503,20.97300259178503,5653050
2024-04-25,20.780235290527344,21.165768054677482,20.394702526377205,20.838066583923787,5454701
2024-04-26,21.030832290649414,21.165768300075115,20.780235531455077,20.83806682552202,7223714
2024-04-29,21.011554718017578,21.26215147155143,20.818789257244376,21.107938367586783,8602890
2024-04-30,21.3970890045166,21.801898856116598,21.011554411857418,21.05010860646941,14715642
2024-05-02,21.782621383666992,21.879005030171854,21.454918088569553,21.551301735074414,10072564
2024-05-03,22.033218383789062,23.131987186889457,21.686237987708864,21.801898732523988,23217995
2024-05-06,22.168153762817383,22.553686504062924,21.801898118225402,22.033217762972725,10996670
2024-05-07,21.782621383666992,22.51513452339273,21.397088636012693,22.245260680852148,11808042
2024-05-08,22.091047286987305,22.418750577711574,21.551301447474152,21.975386545051922,17196624
2024-05-09,23.266923904418945,23.517520660569623,21.204322238579454,22.129600872029428,23963025
2024-05-10,22.939220428466797,23.55607468464087,22.842838616958076,23.266923735019056,11260268
2024-05-13,21.3970890045166,23.035603669857398,21.35853480990461,22.939220021692602,12203912
2024-05-14,22.11032485961914,22.129600118385657,21.435641166931582,21.589854267254708,7687174
2024-05-15,21.975385665893555,22.129598756727788,21.551300585281947,22.1103234991473,4617632
2024-05-16,21.879005432128906,22.168154538590535,21.62840868195841,21.975387242039325,4891251
2024-05-17,22.01394271850586,22.18743292783076,21.917559064618104,21.917559064618104,7298102
2024-05-20,22.341644287109375,22.438027933440605,22.07177044505496,22.07177044505496,7056357
2024-05-21,21.917558670043945,22.5536882005397,21.78262266004947,22.380197994338083,6947146
2024-05-22,22.38019561767578,22.572962901510067,21.93683343856801,21.93683343856801,8046094
2024-05-23,21.975385665893555,22.57296277164999,21.936833312367522,22.45730203434179,4912658
2024-05-24,21.551301956176758,22.12960016440859,21.493470664661437,21.99466416093652,4106069
2024-05-27,21.300704956054688,21.78262134945699,21.08866056640398,21.5513017012277,4109353
2024-05-28,20.97300148010254,21.43564077256032,20.85734073780553,21.300704771851418,4176777
2024-05-29,21.069385528564453,21.281428082071532,20.915172428129274,20.973001881201174,4609939
2024-05-30,20.992279052734375,21.185044509778844,20.741682304047913,21.165767412564843,4785219
2024-05-31,22.977773666381836,22.977773666381836,21.069385199525755,21.069385199525755,19596565
2024-06-03,23.170541763305664,23.84522363102794,22.38019731049611,22.97777446489061,15722168
2024-06-04,22.264537811279297,23.7681164485728,22.264537811279297,23.170541148402055,9349977
2024-06-05,21.551301956176758,22.38019691254613,21.30070520803922,22.264538006245832,7334342
2024-06-06,21.35853385925293,21.840450240262005,21.339256762804943,21.609130597981462,5600474
2024-06-07,21.069385528564453,21.62840847723327,20.973001881201174,21.47419537679809,4390460
2024-06-10,19.951339721679688,21.069385624086173,19.893508429980432,21.069385624086173,10325732
2024-06-11,19.970613479614258,20.24048730549899,19.58508075575395,19.777848036866622,7356396
2024-06-12,20.240488052368164,20.279042245359353,19.72001747717773,19.97061421652515,5256633
2024-06-13,20.548913955688477,20.722404144994282,20.336871412295313,20.529636859462258,5568206
2024-06-14,20.568191528320312,20.97300136662181,20.491084979994557,20.818788269970298,5396428
2024-06-20,20.9344482421875,21.030831892107315,20.433256571661847,20.722405683056078,7281497
2024-06-21,20.83806610107422,21.030831559500005,20.703128257974463,20.953725008456654,4175482
2024-06-24,20.452529907226562,20.953723368976103,20.336871008893617,20.857339728121953,4978997
2024-06-25,20.394702911376953,20.54891601994816,20.06699959607183,20.45253236749984,4080467
2024-06-26,20.317594528198242,20.66457491043256,20.124827240653598,20.39470107554308,4847105
2024-06-27,20.60674476623535,20.645298961232715,20.201934910589014,20.375425111346757,3965639
2024-06-28,20.626022338867188,20.934448552490096,20.51036342794122,20.64529943680993,3463193
2024-07-01,19.854955673217773,20.857340810363365,19.662188381507207,20.683850615496883,5359989
2024-07-02,19.91278648376465,20.10555378862512,19.604360266680107,19.91278648376465,2675111
2024-07-03,19.989892959594727,20.163383165615315,19.604360189751894,19.97061586151127,4586235
2024-07-04,20.895896911621094,20.953726369067414,19.989893499257327,20.067000055307524,5481427
2024-07-05,20.64529800415039,21.011553647820346,20.548914359490364,20.953724196370377,3367027
2024-07-08,20.413978576660156,20.973001515583654,20.356149124596385,20.645298223280385,4126567
2024-07-09,20.182661056518555,20.62602329966275,20.144106858837148,20.375426529829596,4835352
2024-07-10,20.124828338623047,20.356149831643087,19.951339976405816,20.182659631060655,3248226
2024-07-11,20.394702911376953,20.45253236749984,20.124829052194716,20.124829052194716,4883897
2024-07-12,20.279043197631836,20.548915207782517,20.240489002830202,20.433256300107992,5837413
2024-07-16,20.22121238708496,20.606745152458487,20.182660029730226,20.298318940159668,4898457
2024-07-17,20.895896911621094,21.08866238256393,20.105554252515272,20.317596822061983,12507025
2024-07-18,21.570575714111328,21.72479064239013,20.87661680949941,21.16576589349645,9786592
2024-07-19,21.493471145629883,21.7247926401372,21.05010893094882,21.70551554253405,6168332
2024-07-22,22.38019561767578,22.68862363948365,21.30070397562595,21.551300709264495,14202642
2024-07-23,22.36092185974121,22.59224151283803,21.93683490988112,22.38019711872539,6609727
2024-07-24,21.782621383666992,22.650070525480448,21.724791931110136,22.650070525480448,6355176
2024-07-25,21.27069854736328,22.12710176084604,21.111367628604892,21.708857624261668,7220069
2024-07-26,21.19103240966797,21.350363323326242,20.77278828647142,21.131281892515382,7657027
2024-07-29,20.832536697387695,21.111366743208116,20.653288946458442,21.111366743208116,4939262
2024-07-30,20.912202835083008,21.11136743135735,20.752871917813277,20.832537376448144,3348449
2024-07-31,19.93630027770996,20.87236893176626,19.93630027770996,20.832537152564072,5422181
2024-08-01,20.59354019165039,20.71303742522178,20.01596516439058,20.01596516439058,4212633
2024-08-02,19.976131439208984,20.593540142433213,19.86659262525938,20.593540142433213,5876418
2024-08-05,18.930522918701172,19.418474091011934,18.771192001186407,19.418474091011934,6040953
2024-08-06,19.448348999023438,19.90642490376075,19.229267566867048,19.259142825626824,4130881
2024-08-07,19.93630027770996,20.21512843024829,19.408515432817026,19.51805614952813,5113018
2024-08-08,19.95621681213379,20.493958169081626,19.91638313416579,19.91638313416579,4575785
2024-08-09,19.617637634277344,20.175295815637092,19.53797217979738,20.03588174514072,4064348
2024-08-12,18.920564651489258,19.81680154457966,18.88073097210221,19.667429045626992,3636096
2024-08-13,18.741315841674805,19.000229045043362,18.42265402195174,18.950438847976983,3509307
2024-08-14,18.890687942504883,19.099810944492543,18.741315455013257,18.78114913134395,2718102
2024-08-15,19.19939422607422,19.279059683469782,18.691526222912124,18.92056417550258,3179498
2024-08-16,19.099811553955078,19.308932663241425,19.030104517526297,19.199393848585178,2520685
2024-08-19,19.000228881835938,19.069935916879807,18.422653863705545,18.920563427589478,7155256
2024-08-20,18.313114166259766,19.169519271378277,18.24340712735465,19.000229934305416,7705579
2024-08-21,18.133865356445312,18.492360849282534,18.123908836643608,18.32307152203987,3176142
2024-08-22,18.133865356445312,18.30315468368797,18.09403357911576,18.223489229654618,3327640
2024-08-23,17.894868850708008,18.17369888727378,17.75545478211224,18.143823629985732,2841187
2024-08-26,17.227670669555664,18.054200494524245,17.227670669555664,18.034285554893454,4157372
2024-08-27,17.377044677734375,17.406918036205877,17.13804641371675,17.237628707161715,2329942
2024-08-28,17.237628936767578,17.616041277024063,17.237628936767578,17.38700142923754,2485071
2024-08-29,17.387001037597656,17.516458587696757,17.247586967682548,17.28742064444358,2552166
2024-09-02,17.795289993286133,17.815204933821537,17.50650151271721,17.50650151271721,3095772
2024-09-03,17.795289993286133,18.034286374080555,17.725581053601832,17.80524651386664,3183898
2024-09-04,17.805246353149414,18.362906469343795,17.586166814242294,17.62600049370234,5758437
2024-09-05,17.7255802154541,18.283240310313385,17.53637594338064,17.835120930404017,4836591
2024-09-06,17.377044677734375,17.775371952139974,17.317294162042835,17.765413532858048,3768068
2024-09-09,17.028507232666016,17.167921300854026,16.9687586176389,17.07829742862624,2241087
2024-09-10,16.879135131835938,17.27746240675958,16.84925987395131,17.128089916084996,2706473
2024-09-11,16.600305557250977,16.968759484041794,16.53059851959782,16.879135607237927,2451061
2024-09-12,16.78951072692871,16.859217760415493,16.50072227462723,16.699886855481644,2257549
2024-09-13,17.128089904785156,17.22767029891967,16.849259862835424,16.91896689847929,2356560
2024-09-16,17.0882568359375,17.40691866700987,17.068339996651893,17.227670912188078,2417888
2024-09-17,17.307336807250977,17.32725364703981,17.08825726769695,17.08825726769695,2006091
2024-09-18,17.36708641052246,18.30315503872847,17.1679218218886,17.307335894307734,7576341
2024-09-19,17.795289993286133,17.795289993286133,17.3770458520523,17.426836052452405,3885994
2024-09-20,17.705665588378906,17.79528946594271,17.576208032175927,17.79528946594271,1994895
2024-09-23,17.486583709716797,18.014368542011876,17.38700141502678,17.825162372038275,2134152
2024-09-24,17.924745559692383,18.07411805948161,17.327253661161095,17.486584580852853,4004496
2024-09-25,17.39695930480957,18.074116608837514,17.287420493422157,17.92474412103705,3496648
2024-09-26,17.56624984741211,18.044244500602254,17.396960509680557,17.42683576905943,9650814
2024-09-27,17.506500244140625,17.69570641082446,17.327252496690072,17.58616569863262,4369143
2024-09-30,17.247587203979492,17.47662515037056,17.207755426047004,17.47662515037056,3702218
2024-10-01,16.968759536743164,17.377045243729125,16.689929485890225,17.297379786253188,4922096
2024-10-02,16.75963592529297,17.197796875451566,16.699887309163152,16.96875893080872,5086938
2024-10-03,16.88909149169922,17.476624928908908,16.719804063413488,16.759635840841234,5028292
2024-10-04,17.078298568725586,17.22767106595218,16.670012856598206,16.928926071498996,3531959
2024-10-07,17.357128143310547,17.665831548962352,17.148005133474335,17.148005133474335,3166331
2024-10-08,16.978715896606445,17.357128240573676,16.879135500232838,17.357128240573676,2914034
2024-10-09,17.4168758392334,17.735537647482793,16.889091032211464,16.978714903203382,4123982
2024-10-10,17.197797775268555,17.466669410981925,17.09821547692571,17.416877312123322,1442798
2024-10-11,16.948843002319336,17.317295037505986,16.78951208450224,17.197797798830344,2136900
2024-10-14,16.98867416381836,16.98867416381836,16.580388464348978,16.948842385500864,2388804
2024-10-15,17.387001037597656,17.576207203464055,16.99863218604885,17.028507443619624,3938452
2024-10-16,18.32307243347168,18.32307243347168,17.257546220508488,17.387001877486767,10721746
2024-10-17,18.522235870361328,18.691525195442896,18.024326314165457,18.323071288133292,4441726
2024-10-18,17.914785385131836,18.641732872446642,17.914785385131836,18.601901096112208,2221390
2024-10-21,17.536375045776367,18.004409341323004,17.426834336433323,17.92474388890285,1728923
2024-10-22,17.7255802154541,17.91478638690187,17.50650068492858,17.53637594338064,2180819
2024-10-23,17.237628936767578,17.87495448368,17.237628936767578,17.775372188908594,1797551
2024-10-24,17.536375045776367,17.566248403325044,17.32725204606458,17.36708572196176,1567267
2024-10-25,17.556291580200195,17.626000519356737,17.42683592051538,17.536376639815565,1250087
2024-10-28,17.406917572021484,17.61604057261673,17.19779647080046,17.546333538876386,1236962
2024-10-30,17.307336807250977,17.546335085968224,17.26750502704769,17.406919106820766,2009198
2024-10-31,17.078298568725586,17.157964027204727,16.829343773556484,17.028508369441507,4362351
2024-11-01,16.948843002319336,17.118132339921797,16.86917754341079,17.118132339921797,1461348
2024-11-04,16.540555953979492,16.948841635378965,16.520639116015076,16.948841635378965,1566363
2024-11-05,16.85921859741211,17.167922003625627,16.510681513300433,16.560471711298828,2031052
2024-11-06,17.138046264648438,17.23762855722723,16.779552670488744,16.859218124676925,2266203
2024-11-07,16.968759536743164,17.167922230745837,16.829343561629532,17.058381514451053,1870806
2024-11-08,17.20775604248047,17.277463080890147,16.968759668201145,16.968759668201145,2899412
2024-11-11,17.0882568359375,17.247587751473684,17.028508217455016,17.21771439191961,2645451
2024-11-12,16.998632431030273,17.08825630565999,16.72976080714113,17.08825630565999,2454062
2024-11-13,17.058382034301758,17.446752813285,16.849260914319878,16.99863341421756,3870345
2024-11-14,17.327253341674805,17.496542678147676,17.00859150816689,17.08825696654387,4796219
2024-11-15,17.227670669555664,17.63595637228868,17.227670669555664,17.327252965206856,2588098
2024-11-18,17.237628936767578,17.317294392709844,17.048424666013627,17.22767051735301,3090341
2024-11-19,16.879135131835938,17.36708628103918,16.729760741787086,17.27746240675958,3885162
2024-11-20,16.43101692199707,16.95880178569055,16.43101692199707,16.879136325074025,2266312
2024-11-21,16.70984649658203,16.77955353516703,16.450933282284648,16.689929657165074,3570169
2024-11-22,16.909008026123047,17.008590316963573,16.520639181156636,16.709845343816212,4623842
2024-11-25,17.048423767089844,17.167920995015287,16.879134444716975,16.96875831534815,10305653
2024-11-26,16.829343795776367,17.04842523141402,16.769595176681715,17.018549972179514,4519023
2024-11-27,16.85921859741211,17.167922003625627,16.799469979939175,17.008591090781596,7852653
2024-11-28,16.968759536743164,17.098215192876186,16.789511782578728,16.85921882044838,4628492
2024-11-29,16.98867416381836,17.0583812004047,16.83930167122273,16.96875922434676,4707972
2024-12-02,17.028507232666016,17.09821426676002,16.889091265103776,16.92892494137134,3819692
2024-12-03,17.028507232666016,17.23762833494803,16.9687586176389,17.09821426676002,6135549
2024-12-04,17.297380447387695,17.795290050486802,17.008591965890503,17.078299006424473,16361648
2024-12-05,17.31729507446289,17.556291451698577,17.22767119557771,17.36708717349597,6002532
2024-12-06,17.446752548217773,17.59612504584605,17.297380050589496,17.387002029666974,6723772
2024-12-09,17.755455017089844,17.86499572922147,17.466668456980454,17.606082527421243,8346045
2024-12-10,17.377044677734375,17.874954245584938,17.307335742760912,17.755455113576126,6024705
2024-12-11,18.29319953918457,18.830940919494008,17.387002319786887,17.387002319786887,23670005
2024-12-12,17.8649959564209,18.32307185048012,17.795288920313997,18.293198491791035,6651785
2024-12-13,17.815204620361328,18.233448754236115,17.65587370263516,17.904828499004093,5557358
2024-12-16,17.775371551513672,18.024326329827943,17.765413132456196,17.81520332836936,4506275
2024-12-17,17.685749053955078,18.024327730727677,17.5463349750632,17.82516313284696,3366044
2024-12-18,17.177881240844727,17.785331562088896,17.16792282089612,17.62600064166,5136368
2024-12-19,16.928926467895508,17.187839688858837,16.729761867346976,17.128091068444036,9284175
2024-12-20,17.058382034301758,17.39696071373618,16.95880163395289,16.97871657439803,5954592
2024-12-23,16.85921859741211,17.187838842574706,16.82934333898849,17.05838128877999,4741781
2024-12-24,16.85921859741211,16.958800892783202,16.68992926509354,16.82934333898849,2779640
2024-12-25,17.058382034301758,17.16792275393477,16.87913617404917,16.94884321404313,3165488
2024-12-26,17.078298568725586,17.34717020335806,16.899050812303937,17.12809066738402,5564572
2024-12-27,17.177881240844727,17.36708742111944,17.128091040476093,17.157964400947513,5023004
2024-12-30,16.91896629333496,17.367085648409358,16.91896629333496,17.27746177739448,4672251
2024-12-31,16.879135131835938,16.998632364625895,16.79946967685121,16.918966909641167,3729074
2025-01-02,16.948843002319336,16.99863320187179,16.84926070384006,16.879135963196152,3288038
2025-01-03,16.91896629333496,17.06833877856836,16.80942558445584,16.99863174541772,7713759
2025-01-06,17.048423767089844,17.227669608978008,16.948841477569182,16.978714834863446,7248627
2025-01-07,16.909008026123047,17.12808944584705,16.87913466843284,17.098214188782624,4151703
2025-01-08,16.699888229370117,17.028508485253322,16.67997138977129,16.928926186633547,5299125
2025-01-09,16.729761123657227,16.8592186780713,16.590347049095282,16.779553221268145,4098786
2025-01-10,16.670011520385742,16.90900787666601,16.630179744026133,16.73971855354571,4188917
2025-01-13,16.142227172851562,16.739719030254527,15.893273340235309,16.679970414326508,6011124
2025-01-14,15.704068183898926,16.31151656347915,15.63436019879884,16.172102492653238,5411176
2025-01-15,15.684151649475098,15.813608253242748,14.997036852217583,15.783733944584721,7441068
2025-01-16,15.614444732666016,15.873356992503215,15.375447412504295,15.773775646315725,4863652
2025-01-17,15.714025497436523,15.773775062688017,15.554694589682038,15.634360043559282,2966667
2025-01-20,15.674193382263184,15.83352429623637,15.604486344821703,15.733942949846707,3013498
2025-01-21,15.634360313415527,15.694109879698326,15.504903711208748,15.634360313415527,2569546
2025-01-22,15.733942985534668,15.823566862269661,15.435197046313744,15.67419341781562,4677448
2025-01-23,15.644318580627441,15.873356524829001,15.116534707291004,15.823566328045795,5460874
2025-01-24,15.634360313415527,15.714025768667833,15.504903711208748,15.64431873274385,3221810
2025-01-27,15.255949020385742,15.694109976667832,14.9372871974076,15.634360410015859,6613603
2025-01-28,15.32565689086914,15.39536392669822,15.226074597095769,15.26590732466769,4145757
2025-01-29,15.09661865234375,15.405323016731902,15.09661865234375,15.325657558119575,2953268
2025-01-30,15.166325569152832,15.255949446792224,15.056785801864226,15.116535370186211,2936749
2025-01-31,15.106576919555664,15.305740564075457,15.046827351356141,15.22607510626754,1968495
2025-02-03,15.006994247436523,15.126492431162212,14.638541276860527,15.106576542051503,5075602
2025-02-04,14.807830810546875,15.106576748793168,14.777956501628392,15.026911291885778,2579719
2025-02-05,14.608667373657227,14.857622167414592,14.519043495954627,14.807831018725684,6151126
2025-02-06,14.588749885559082,14.75803921376093,14.439377395821982,14.638541032033825,4305954
2025-02-07,14.698290824890137,14.758039441833489,14.548917383157473,14.588750111015422,3347172
2025-02-10,14.70824909210205,14.917370198927316,14.668415414969086,14.7281649809814,3654194
2025-02-11,14.748082160949707,14.787914889317623,14.439377803832999,14.708249432581793,3696744
2025-02-12,14.578792572021484,14.807830518694256,14.548917314004665,14.748081902034897,1978240
2025-02-13,14.578792572021484,14.69829075502734,14.558875733343605,14.588750041673284,2719651
2025-02-14,14.588749885559082,14.917370122730404,14.499126961529099,14.668415340043818,3807401
2025-02-17,14.538960456848145,14.758039993411328,14.538960456848145,14.628583385612803,2206759
2025-02-18,14.42941951751709,14.538960233805392,14.329838170521645,14.538960233805392,2480534
2025-02-19,14.051008224487305,14.449336464501583,14.051008224487305,14.429419625141643,3487306
2025-02-20,14.100798606872559,14.150589752879272,14.021133153136667,14.051007460865847,2411402
2025-02-21,13.841885566711426,14.240213789662878,13.682554657405698,14.140631496503232,4017935
2025-02-24,14.070924758911133,14.319879547392178,13.941468154938532,14.140631795785938,3443329
2025-02-25,13.742304801940918,14.110757782648117,13.742304801940918,14.07092505364429,2961735
2025-02-26,13.841885566711426,13.871760824471599,13.53318216735336,13.76222011205856,3548073
2025-02-27,13.921551704406738,14.01117558271027,13.76222078728365,13.821970356048396,3157049
2025-02-28,13.871761322021484,14.021133817431489,13.792095864511195,13.91159405077663,2870277
2025-03-03,13.712430000305176,13.841885652654511,13.57301497895348,13.57301497895348,5186648
2025-03-04,13.76222038269043,14.110757465915984,13.632763778911999,13.71243018481862,4815139
2025-03-05,14.090840339660645,14.100798758906782,13.792095359773553,13.792095359773553,4551227
2025-03-06,14.65845775604248,14.668415225509976,14.130672937093232,14.14063135624785,6577788
2025-03-07,15.32565689086914,15.375447088068691,14.529001389743577,14.658457991774107,8883057
2025-03-10,15.41528034210205,15.694110394315219,15.325657414269784,15.33561488423748,5253853
2025-03-11,14.997036933898926,15.305740340983238,14.917370527565035,14.947245786072926,4908390
2025-03-12,14.8377046585083,15.106576279483185,14.748081734537134,15.026910825050729,4969769
2025-03-13,15.216115951538086,15.295781405497411,14.85762140872112,14.85762140872112,4634787
2025-03-14,15.13645076751709,15.435196700035856,15.106576459171354,15.33561440596722,4685351
2025-03-17,15.13645076751709,15.345572825311512,15.07670215082562,15.146409186861382,5483844
2025-03-18,15.036870002746582,15.156368190422837,14.887496555885882,15.13645135096654,3664123
2025-03-19,13.891676902770996,14.48916877050428,13.66263895494176,13.78213713855099,5486195
2025-03-20,13.961384773254395,14.349753629348193,13.702471569400439,13.861802479560676,5401719
2025-03-21,12.925731658935547,13.961384450402262,12.826150317231749,13.961384450402262,4044422
2025-03-24,12.567237854003906,13.254353615456044,12.049412377687311,12.90581652490065,17948015
2025-03-25,12.995440483093262,13.055189102041574,12.607070661180531,12.696694539290174,8185620
2025-03-26,12.706652641296387,13.015356047413993,12.646903074154864,12.895857862818099,7475723
2025-03-27,12.736526489257812,13.01535557656111,12.72656807014663,12.806233523661858,4757459
2025-03-28,12.925731658935547,12.955606916165088,12.497530085203701,12.766400752459779,5381605
2025-04-02,12.646903038024902,12.985481701589586,12.626987148826059,12.935690554061754,4848263
2025-04-03,12.726568222045898,12.915774388668193,12.666819606039901,12.666819606039901,4638146
2025-04-04,12.407906532287598,12.776359500419126,12.28840834935471,12.726568353441971,6936772
2025-04-07,12.52740478515625,12.52740478515625,11.949829756245999,12.248575690089577,5211371
2025-04-08,13.363893508911133,13.742304912330804,12.607070702071793,12.607070702071793,16152150
2025-04-09,13.025314331054688,13.373851411423457,13.025314331054688,13.36389299205586,4183696
2025-04-10,13.05518913269043,13.373851916682508,13.05518913269043,13.304143928162928,3110424
2025-04-11,12.96556568145752,13.154770900528009,12.96556568145752,13.045231136822688,3096368
2025-04-14,13.05518913269043,13.244395309074347,13.015356403402317,13.02531482314614,3443918
2025-04-15,12.975522994995117,13.204561888679603,12.925731848569175,13.13485390380843,2440973
2025-04-16,12.726568222045898,12.995439843134276,12.646902767579816,12.97552300467419,2239998
2025-04-17,12.696694374084473,12.826150979704265,12.487572311112066,12.56723776846468,3290647
2025-04-18,12.338199615478516,12.746485315197043,12.24857573999159,12.69669416773907,3591904
2025-04-21,12.318283081054688,12.46765652712023,12.148993745326042,12.46765652712023,3086480
2025-04-22,11.919955253601074,12.447739126659021,11.730749087051066,12.348156833770899,4274326
2025-04-24,12.04941177368164,12.139034697055418,11.830331300609124,11.919955173670022,3403948
2025-04-25,12.119118690490723,12.228658451117473,11.850247073924454,12.14899299799127,3132428
2025-04-28,11.86020565032959,12.228658613348111,11.710833161158098,12.129077270462826,3036240
2025-04-29,11.730749130249023,11.959788024860282,11.551502331952312,11.86020573160545,2690153
2025-04-30,11.571418762207031,11.820373557305343,11.571418762207031,11.730749679120002,2584966
2025-05-02,11.710833549499512,11.75066627791194,11.461878759500053,11.551502635849802,3188763
2025-05-05,11.900038719177246,12.099202360354704,11.690916658519125,11.710833497480447,6177490
2025-05-06,11.700875282287598,11.969746914836813,11.680958442978543,11.900038926942292,3464759
2025-05-07,11.302547454833984,11.750665871392737,11.272672197292843,11.70087472517796,4160858
2025-05-08,11.432003021240234,11.491752586195371,11.202965079900965,11.35233756775813,2665910
2025-05-09,11.451920509338379,11.491753238339895,11.382213471007518,11.491753238339895,4387538
2025-05-12,11.810415267944336,11.850247997612268,11.571418889936748,11.571418889936748,7077067
2025-05-13,11.840290069580078,11.939871415055363,11.59133528136114,11.79049892199886,4338986
2025-05-14,11.77058219909668,11.939871532728963,11.740707890128382,11.840290186272252,3199493
2025-05-15,11.471837043762207,11.900038631725149,11.471837043762207,11.81041475643214,3820632
2025-05-16,11.601292610168457,11.790498778740742,11.451920118926875,11.471836957592226,4965074
2025-05-20,11.402129173278809,11.740707839070982,11.402129173278809,11.601292815013275,4988757
2025-05-21,10.814595222473145,11.332421616947954,10.754846607533503,11.332421616947954,17283085
2025-05-22,10.685138702392578,10.934093482407546,10.67518123295419,10.814595301962814,7657986
2025-05-23,10.167313575744629,10.734930188252338,10.167313575744629,10.695097460176134,16465409
2025-05-26,9.768986701965332,10.456101527327336,9.768986701965332,10.227063568769065,15603837
2025-05-27,9.559864044189453,9.808818827114312,9.529988786463736,9.788901988630501,6542718
2025-05-28,9.510072708129883,9.749069067049604,9.490155870043019,9.57977974205969,6235882
2025-05-29,9.370657920837402,9.609654285629702,9.370657920837402,9.549905669275194,5902217
2025-05-30,8.693500518798828,9.410490555816265,8.693500518798828,9.400532136626008,24757472
2025-06-02,8.783124923706055,9.05199655999282,8.613835585974503,8.713417884529715,7353693
2025-06-03,9.071911811828613,9.529988643527332,8.892665016598412,8.942455212686896,6807430
2025-06-04,9.310909271240234,9.340783579310829,9.002204922220328,9.091828796119241,5291640
2025-06-05,9.281034469604492,9.281034469604492,9.151577862020188,9.251160160065707,1737881
2025-06-10,9.370657920837402,9.420449067590916,9.271076577017512,9.340783612660148,5988760
2025-06-11,9.35074234008789,9.490156415967345,9.31090961130988,9.40053253879503,4517015
2025-06-12,9.081870079040527,9.310908965903113,9.051995771949615,9.30095054697711,3587647
2025-06-13,8.822957038879395,8.882706603789808,8.524212063388678,8.852832296178159,6805199
2025-06-16,8.98228931427002,9.08187066084819,8.763208832298586,8.822957450308056,3245942
2025-06-17,8.912581443786621,9.121703508934113,8.912581443786621,9.01216374135673,3045404
2025-06-18,8.783124923706055,8.962372681230564,8.763209033807321,8.912581531952958,3517974
2025-06-19,8.812999725341797,8.912581069037618,8.743291740098876,8.78312446751463,2538301
2025-06-20,9.061954498291016,9.181452680395585,8.822957184394744,8.822957184394744,5276765
2025-06-23,8.872748374938965,9.061954543139619,8.822957228060522,9.061954543139619,3369348
2025-06-24,9.30095100402832,9.30095100402832,9.071912105910702,9.071912105910702,6675142
2025-06-25,9.121703147888184,9.410490659786403,9.101787258974756,9.30095089654471,4088204
2025-06-26,9.131661415100098,9.281033903367973,9.0818702691151,9.161535722816248,3750392
2025-06-27,9.071911811828613,9.211326830062871,8.952413631779441,9.161535684287271,4761905
2025-06-30,9.370657920837402,9.440364956480039,9.022121792937082,9.07191199000346,7255296
2025-07-01,9.709237098693848,9.768986667932786,9.29099296308283,9.380616842097647,9481167
2025-07-02,9.978108406066895,10.167313627979121,9.709236777905822,9.719195197397822,10877073
2025-07-03,10.1473970413208,10.197188190331754,10.027898853506816,10.127481151528725,6342889
2025-07-04,10.167313575744629,10.2370206124562,9.99802424399897,10.15735515630379,5066845
2025-07-07,9.878525733947754,10.027898221884994,9.818776168960587,10.027898221884994,6160030
2025-07-08,9.729153633117676,9.948233164184165,9.67936248526178,9.878526126998205,4894903
2025-07-09,9.998023986816406,10.027898294683306,9.70923647827071,9.73911078613761,5745200
2025-07-10,10.087648391723633,10.22706341859488,10.057774082282355,10.057774082282355,4364199
2025-07-11,10.376435279846191,10.525807767589454,9.928316866929292,10.137438919582127,15364985
2025-07-14,10.117522239685059,10.446142477611618,10.087647931606407,10.376435442199055,6661422
2025-07-16,10.01794147491455,10.25693785272447,9.848652136544063,10.117522824158424,5290790
2025-07-17,10.30672836303711,10.416268125318618,10.067731050360985,10.067731050360985,6255402
2025-07-18,10.476017951965332,10.505892260661623,10.24697905279469,10.316686089648421,5394747
2025-07-21,10.615431785583496,10.645306093604122,10.456100876557326,10.555683169542247,10907908
2025-07-22,10.575599670410156,10.874345616968288,10.51585105091084,10.625390819784375,12232387
2025-07-23,10.456101417541504,10.705056213197254,10.456101417541504,10.655265064128669,4440846
2025-07-24,10.75,10.920000076293945,10.510000228881836,10.5600004196167,7353016
2025-07-25,10.5600004196167,10.84000015258789,10.4399995803833,10.800000190734863,5034020
2025-07-28,10.319999694824219,10.600000381469727,10.3100004196167,10.569999694824219,4623565
2025-07-29,10.319999694824219,10.460000038146973,10.260000228881836,10.380000114440918,3702940
2025-07-30,10.380000114440918,10.520000457763672,10.300000190734863,10.319999694824219,4501273
2025-07-31,10.430000305175781,10.489999771118164,10.369999885559082,10.399999618530273,3983556
2025-08-01,10.630000114440918,10.75,10.430000305175781,10.4399995803833,9363593
2025-08-04,10.65999984741211,10.819999694824219,10.59000015258789,10.8100004196167,7071752
2025-08-05,10.680000305175781,10.770000457763672,10.65999984741211,10.699999809265137,4329048
2025-08-06,10.800000190734863,10.859999656677246,10.630000114440918,10.680000305175781,7752824
2025-08-07,10.800000190734863,11.069999694824219,10.800000190734863,10.84000015258789,6794149
2025-08-08,10.739999771118164,10.869999885559082,10.699999809265137,10.8100004196167,4278556
2025-08-11,10.539999961853027,10.630000114440918,10.380000114440918,10.5,9870638
2025-08-12,10.399999618530273,10.579999923706055,10.390000343322754,10.539999961853027,5149622
2025-08-13,10.359999656677246,10.449999809265137,10.300000190734863,10.380000114440918,3671385
2025-08-14,10.25,10.479999542236328,10.100000381469727,10.319999694824219,4508944
2025-08-15,10.470000267028809,10.539999961853027,10.25,10.260000228881836,8971432
2025-08-18,10.520000457763672,10.640000343322754,10.479999542236328,10.510000228881836,6445647
2025-08-19,10.369999885559082,10.640000343322754,10.279999732971191,10.520000457763672,10138307
2025-08-20,10.399999618530273,10.399999618530273,9.989999771118164,10.350000381469727,13176170
2025-08-21,10.710000038146973,10.770000457763672,10.399999618530273,10.399999618530273,11263138
2025-08-22,10.760000228881836,10.770000457763672,10.5600004196167,10.710000038146973,7199856
2025-08-25,11.300000190734863,11.380000114440918,10.789999961853027,10.789999961853027,14908074
2025-08-26,11.649999618530273,11.770000457763672,11.100000381469727,11.300000190734863,19180578
2025-08-27,12.100000381469727,12.239999771118164,11.600000381469727,11.649999618530273,20378920
2025-08-28,13.3100004196167,13.3100004196167,12.109999656677246,12.109999656677246,16511571
2025-08-29,13.420000076293945,14.5,13.109999656677246,13.710000038146973,76326713
2025-09-01,13.0,13.9399995803833,12.970000267028809,13.449999809265137,20066169
2025-09-02,12.75,13.399999618530273,12.3100004196167,13.0,20280886
2025-09-03,12.5,12.899999618530273,12.3100004196167,12.800000190734863,8753704
2025-09-04,12.4399995803833,12.699999809265137,12.359999656677246,12.5,6497480
2025-09-05,11.989999771118164,12.930000305175781,11.989999771118164,12.510000228881836,9207767
2025-09-08,11.510000228881836,11.90999984741211,11.510000228881836,11.90999984741211,5412800
2025-09-09,11.359999656677246,11.699999809265137,11.329999923706055,11.619999885559082,9270784
2025-09-10,11.199999809265137,11.489999771118164,11.119999885559082,11.420000076293945,6045193
2025-09-11,10.869999885559082,11.390000343322754,10.850000381469727,11.199999809265137,6891765
2025-09-12,10.800000190734863,10.989999771118164,10.609999656677246,10.869999885559082,5655497
2025-09-15,11.600000381469727,11.609999656677246,10.670000076293945,10.8100004196167,9834892
2025-09-16,11.699999809265137,11.779999732971191,11.449999809265137,11.609999656677246,7185582
2025-09-17,11.710000038146973,12.039999961853027,11.680000305175781,11.770000457763672,6509103
2025-09-18,11.479999542236328,11.970000267028809,11.470000267028809,11.75,6002203
2025-09-19,11.5600004196167,11.670000076293945,11.34000015258789,11.479999542236328,6403645
2025-09-22,11.710000038146973,11.9399995803833,11.600000381469727,11.800000190734863,5370926
2025-09-23,11.640000343322754,11.829999923706055,11.529999732971191,11.710000038146973,7008368
2025-09-24,11.699999809265137,11.850000381469727,11.510000228881836,11.640000343322754,6894389
2025-09-25,11.600000381469727,12.050000190734863,11.579999923706055,11.739999771118164,5754544
2025-09-26,11.3100004196167,11.6899995803833,11.300000190734863,11.600000381469727,4537976
2025-09-29,11.140000343322754,11.300000190734863,11.079999923706055,11.289999961853027,2919094
2025-09-30,11.239999771118164,11.239999771118164,11.069999694824219,11.180000305175781,2867520
2025-10-01,11.40999984741211,11.430000305175781,10.90999984741211,11.229999542236328,3964428
2025-10-02,11.1899995803833,11.779999732971191,11.140000343322754,11.470000267028809,5033868
2025-10-03,11.010000228881836,11.279999732971191,10.930000305175781,11.239999771118164,4415475
2025-10-06,10.75,11.149999618530273,10.65999984741211,11.039999961853027,4134301
2025-10-07,10.649999618530273,10.829999923706055,10.600000381469727,10.789999961853027,6729716
2025-10-08,10.279999732971191,10.720000267028809,10.229999542236328,10.649999618530273,7838638
2025-10-09,10.0,10.399999618530273,9.9399995803833,10.329999923706055,9617109
2025-10-10,9.75,10.119999885559082,9.670000076293945,10.010000228881836,14753636
2025-10-13,9.329999923706055,9.699999809265137,9.329999923706055,9.699999809265137,10796731
2025-10-14,9.050000190734863,9.420000076293945,9.050000190734863,9.329999923706055,5553237
2025-10-15,8.960000038146973,9.239999771118164,8.960000038146973,9.069999694824219,23930338
2025-10-16,8.869999885559082,9.15999984741211,8.850000381469727,9.020000457763672,14608537
2025-10-17,8.8100004196167,8.930000305175781,8.680000305175781,8.920000076293945,17028219
2025-10-20,8.640000343322754,8.90999984741211,8.539999961853027,8.8100004196167,26426813
2025-10-21,8.5,8.739999771118164,8.470000267028809,8.680000305175781,22537677
2025-10-22,8.40999984741211,8.640000343322754,8.390000343322754,8.640000343322754,14630122
2025-10-23,8.399999618530273,8.59000015258789,8.380000114440918,8.4399995803833,20395833
2025-10-24,8.699999809265137,8.789999961853027,8.430000305175781,8.449999809265137,37596883
2025-10-27,8.539999961853027,8.8100004196167,8.489999771118164,8.710000038146973,21518892
2025-10-28,8.5,8.579999923706055,8.4399995803833,8.550000190734863,4850178
2025-10-30,8.649999618530273,8.8100004196167,8.529999732971191,8.529999732971191,16047928
2025-10-31,8.789999961853027,8.819999694824219,8.59000015258789,8.649999618530273,14367409
2025-11-03,9.029999732971191,9.199999809265137,8.850000381469727,8.850000381469727,17455845
2025-11-04,8.960000038146973,9.100000381469727,8.880000114440918,9.029999732971191,9897348
2025-11-05,8.979999542236328,9.050000190734863,8.84000015258789,9.020000457763672,12677051
2025-11-06,9.079999923706055,9.199999809265137,8.960000038146973,9.029999732971191,10787803
2025-11-07,8.829999923706055,9.119999885559082,8.779999732971191,9.100000381469727,7801320
2025-11-10,8.699999809265137,8.90999984741211,8.6899995803833,8.890000343322754,8749339
2025-11-11,8.430000305175781,8.699999809265137,8.260000228881836,8.6899995803833,14665725
2025-11-12,8.34000015258789,8.569999694824219,8.319999694824219,8.479999542236328,10464934
2025-11-13,8.3100004196167,8.399999618530273,8.289999961853027,8.359999656677246,6888886
2025-11-14,8.229999542236328,8.34000015258789,8.1899995803833,8.300000190734863,7675349
2025-11-17,8.380000114440918,8.449999809265137,8.279999732971191,8.329999923706055,6531306
2025-11-18,8.34000015258789,8.4399995803833,8.319999694824219,8.380000114440918,5512320
2025-11-19,8.350000381469727,8.449999809265137,8.34000015258789,8.359999656677246,5473841
2025-11-20,8.350000381469727,8.5,8.319999694824219,8.40999984741211,5264394
2025-11-21,8.3100004196167,8.369999885559082,8.260000228881836,8.359999656677246,4204534
2025-11-24,8.75,9.020000457763672,8.350000381469727,8.449999809265137,64268855
2025-11-25,8.569999694824219,8.960000038146973,8.5,8.770000457763672,39703890
2025-11-26,8.399999618530273,8.520000457763672,8.399999618530273,8.5,10530337
2025-11-27,8.380000114440918,8.460000038146973,8.359999656677246,8.460000038146973,5948000
2025-11-28,8.399999618530273,8.460000038146973,8.34000015258789,8.350000381469727,4844341
2025-12-01,8.550000190734863,8.619999885559082,8.369999885559082,8.489999771118164,7668574
2025-12-02,8.529999732971191,8.640000343322754,8.460000038146973,8.550000190734863,4164921
2025-12-03,8.4399995803833,8.579999923706055,8.430000305175781,8.539999961853027,4272936
2025-12-04,8.390000343322754,8.539999961853027,8.380000114440918,8.479999542236328,3309726
2025-12-05,8.430000305175781,8.489999771118164,8.350000381469727,8.399999618530273,4263820
2025-12-08,8.5,8.720000267028809,8.4399995803833,8.4399995803833,10508139
2025-12-09,8.470000267028809,8.529999732971191,8.420000076293945,8.510000228881836,5027220
2025-12-10,8.350000381469727,8.520000457763672,8.350000381469727,8.479999542236328,5822594
2025-12-11,8.420000076293945,8.460000038146973,8.380000114440918,8.390000343322754,3907441
2025-12-12,8.470000267028809,8.539999961853027,8.40999984741211,8.430000305175781,4885177
2025-12-15,8.319999694824219,8.529999732971191,8.239999771118164,8.479999542236328,11246330
2025-12-16,8.229999542236328,8.34000015258789,8.210000038146973,8.329999923706055,5672647
2025-12-17,8.199999809265137,8.289999961853027,8.199999809265137,8.260000228881836,5411106
2025-12-18,8.170000076293945,8.25,8.149999618530273,8.229999542236328,4721013
2025-12-19,8.289999961853027,8.289999961853027,8.100000381469727,8.149999618530273,6217013
2025-12-22,8.100000381469727,8.300000190734863,8.079999923706055,8.289999961853027,5619967
2025-12-23,7.889999866485596,8.140000343322754,7.889999866485596,8.109999656677246,7814037
2025-12-24,7.909999847412109,7.96999979019165,7.889999866485596,7.909999847412109,5020963
2025-12-25,7.920000076293945,8.039999961853027,7.920000076293945,8.0,3580304
2025-12-26,7.900000095367432,7.960000038146973,7.869999885559082,7.949999809265137,3776530
2025-12-29,7.78000020980835,7.909999847412109,7.769999980926514,7.900000095367432,4616433
2025-12-30,7.760000228881836,7.820000171661377,7.619999885559082,7.800000190734863,4268199
2025-12-31,7.800000190734863,7.880000114440918,7.800000190734863,7.840000152587891,3273014
2026-01-02,7.960000038146973,7.96999979019165,7.809999942779541,7.809999942779541,4050643
2026-01-05,7.96999979019165,8.010000228881836,7.909999847412109,7.989999771118164,4797042
2026-01-06,8.029999732971191,8.0600004196167,7.949999809265137,7.980000019073486,6111149
2026-01-07,7.889999866485596,8.069999694824219,7.869999885559082,8.050000190734863,5079435
2026-01-08,7.860000133514404,7.900000095367432,7.75,7.889999866485596,6610111
2026-01-09,7.820000171661377,7.909999847412109,7.789999961853027,7.900000095367432,4625040
2026-01-12,7.860000133514404,7.929999828338623,7.829999923706055,7.840000152587891,5162389
2026-01-13,7.860000133514404,7.909999847412109,7.820000171661377,7.900000095367432,5238356
2026-01-14,7.809999942779541,7.96999979019165,7.800000190734863,7.889999866485596,10281378
2026-01-15,7.940000057220459,7.960000038146973,7.789999961853027,7.820000171661377,8707477
2026-01-16,8.170000076293945,8.260000228881836,7.860000133514404,7.949999809265137,14946297
2026-01-19,8.229999542236328,8.329999923706055,8.149999618530273,8.180000305175781,10634716
2026-01-20,8.029999732971191,8.25,8.0,8.229999542236328,7020530
2026-01-21,7.960000038146973,8.069999694824219,7.960000038146973,8.029999732971191,5748550
2026-01-22,8.039999961853027,8.09000015258789,7.980000019073486,8.0,7009179
2026-01-23,8.199999809265137,8.220000267028809,8.050000190734863,8.050000190734863,7243708
2026-01-26,8.319999694824219,8.350000381469727,8.1899995803833,8.199999809265137,8903532
2026-01-27,8.149999618530273,8.420000076293945,8.140000343322754,8.319999694824219,9632830
2026-01-28,8.270000457763672,8.359999656677246,8.149999618530273,8.149999618530273,12275913
2026-01-29,8.380000114440918,8.40999984741211,8.239999771118164,8.3100004196167,11729923
2026-01-30,8.239999771118164,8.430000305175781,8.140000343322754,8.399999618530273,10827184
2026-02-02,8.15999984741211,8.239999771118164,7.989999771118164,8.239999771118164,7806137
2026-02-03,8.289999961853027,8.350000381469727,8.180000305175781,8.180000305175781,8558596
2026-02-04,8.399999618530273,8.600000381469727,8.319999694824219,8.319999694824219,14329377
2026-02-05,8.300000190734863,8.430000305175781,8.239999771118164,8.420000076293945,9907518
2026-02-06,8.180000305175781,8.319999694824219,8.039999961853027,8.300000190734863,9240972
2026-02-09,8.460000038146973,8.470000267028809,8.220000267028809,8.220000267028809,9332294
2026-02-10,8.460000038146973,8.539999961853027,8.399999618530273,8.470000267028809,8079554
2026-02-11,8.399999618530273,8.529999732971191,8.390000343322754,8.470000267028809,6562705
2026-02-12,8.630000114440918,8.649999618530273,8.40999984741211,8.40999984741211,9934709
2026-02-13,8.59000015258789,8.710000038146973,8.5,8.670000076293945,10853777
2026-02-16,8.819999694824219,8.890000343322754,8.649999618530273,8.649999618530273,12580446
2026-02-17,8.760000228881836,8.890000343322754,8.710000038146973,8.829999923706055,8168657
2026-02-18,8.460000038146973,8.819999694824219,8.449999809265137,8.779999732971191,11491518
2026-02-19,8.100000381469727,8.579999923706055,8.020000457763672,8.579999923706055,8780805
2026-02-20,8.130000114440918,8.1899995803833,8.069999694824219,8.119999885559082,5845816
2026-02-23,8.1899995803833,8.350000381469727,8.170000076293945,8.180000305175781,5728052
2026-02-24,8.109999656677246,8.1899995803833,8.0600004196167,8.1899995803833,5163138
2026-02-25,8.15999984741211,8.90999984741211,7.960000038146973,8.130000114440918,35547888
2026-02-26,8.1899995803833,8.489999771118164,8.149999618530273,8.15999984741211,18006231
2026-02-27,8.050000190734863,8.3100004196167,7.949999809265137,8.1899995803833,11920837
2026-03-02,7.409999847412109,7.670000076293945,7.260000228881836,7.400000095367432,19140502
2026-03-03,7.329999923706055,7.519999980926514,7.309999942779541,7.420000076293945,8364189
2026-03-04,7.300000190734863,7.380000114440918,7.239999771118164,7.380000114440918,8170372
2026-03-05,7.460000038146973,7.489999771118164,7.349999904632568,7.349999904632568,4653569
2026-03-06,7.28000020980835,7.480000019073486,7.199999809265137,7.440000057220459,5777920
2026-03-09,7.159999847412109,7.260000228881836,7.010000228881836,7.260000228881836,7361561
2026-03-10,7.420000076293945,7.420000076293945,7.239999771118164,7.239999771118164,6720292
2026-03-11,7.300000190734863,7.460000038146973,7.269999980926514,7.449999809265137,3779093
2026-03-12,7.329999923706055,7.46999979019165,7.199999809265137,7.199999809265137,8333654
2026-03-13,7.269999980926514,7.380000114440918,7.179999828338623,7.380000114440918,4657297
2026-03-16,7.269999980926514,7.340000152587891,7.21999979019165,7.28000020980835,3970699
2026-03-17,7.320000171661377,7.349999904632568,7.269999980926514,7.300000190734863,4133984
2026-03-18,7.309999942779541,7.519999980926514,7.289999961853027,7.360000133514404,4391698
2026-03-19,7.119999885559082,7.340000152587891,7.119999885559082,7.309999942779541,4335971
2026-03-23,7.210000038146973,7.239999771118164,6.920000076293945,7.130000114440918,11164683
2026-03-24,7.099999904632568,7.21999979019165,7.090000152587891,7.21999979019165,3390597
2026-03-25,7.059999942779541,7.210000038146973,7.039999961853027,7.130000114440918,3782095
2026-03-26,7.050000190734863,7.119999885559082,7.039999961853027,7.099999904632568,2623417
2026-03-27,6.989999771118164,7.110000133514404,6.909999847412109,7.070000171661377,5098181
2026-03-30,6.960000038146973,7.019999980926514,6.920000076293945,7.019999980926514,4118943
2026-03-31,6.960000038146973,7.010000228881836,6.920000076293945,6.96999979019165,5870235
2026-04-01,7.059999942779541,7.090000152587891,7.010000228881836,7.019999980926514,4717375
2026-04-02,6.989999771118164,7.019999980926514,6.949999809265137,7.010000228881836,8332210
2026-04-03,7.039999961853027,7.269999980926514,6.949999809265137,6.989999771118164,16379964
2026-04-06,7.050000190734863,7.119999885559082,7.019999980926514,7.039999961853027,6443895
2026-04-07,6.880000114440918,7.099999904632568,6.869999885559082,7.050000190734863,8417569
2026-04-08,7.070000171661377,7.150000095367432,7.039999961853027,7.059999942779541,9296789
2026-04-09,7.010000228881836,7.110000133514404,7.0,7.099999904632568,7489744
2026-04-10,7.170000076293945,7.190000057220459,7.039999961853027,7.050000190734863,8734775
2026-04-13,7.110000133514404,7.150000095367432,7.039999961853027,7.099999904632568,4752757
2026-04-14,7.179999828338623,7.21999979019165,7.119999885559082,7.150000095367432,6090626
2026-04-15,7.300000190734863,7.349999904632568,7.179999828338623,7.190000057220459,6515099
2026-04-16,7.28000020980835,7.420000076293945,7.269999980926514,7.300000190734863,5480068
2026-04-17,7.659999847412109,7.679999828338623,7.28000020980835,7.309999942779541,9619918
2026-04-20,7.53000020980835,7.639999866485596,7.449999809265137,7.639999866485596,5654932
2026-04-21,7.460000038146973,7.619999885559082,7.440000057220459,7.550000190734863,4800486
2026-04-22,7.320000171661377,7.53000020980835,7.320000171661377,7.46999979019165,5796554
2026-04-24,7.400000095367432,7.420000076293945,7.25,7.320000171661377,4062388
2026-04-27,7.449999809265137,7.550000190734863,7.400000095367432,7.400000095367432,5989076
2026-04-28,7.179999828338623,7.449999809265137,7.179999828338623,7.449999809265137,7575627
2026-04-29,7.110000133514404,7.239999771118164,7.090000152587891,7.179999828338623,5102662
2026-04-30,7.119999885559082,7.150000095367432,7.079999923706055,7.150000095367432,5543766
2026-05-04,7.010000228881836,7.230000019073486,6.920000076293945,7.150000095367432,6763291
2026-05-05,7.03000020980835,7.070000171661377,7.0,7.039999961853027,5572620
2026-05-06,7.099999904632568,7.159999847412109,7.050000190734863,7.070000171661377,12645604
2026-05-07,7.260000228881836,7.289999961853027,7.099999904632568,7.099999904632568,12861267
2026-05-08,7.230000019073486,7.329999923706055,7.170000076293945,7.260000228881836,10561955
2026-05-11,7.400000095367432,7.53000020980835,7.210000038146973,7.230000019073486,16947249
2026-05-12,7.519999980926514,7.800000190734863,7.400000095367432,7.579999923706055,16265496
2026-05-13,7.25,7.570000171661377,7.25,7.550000190734863,11216412
2026-05-14,7.269999980926514,7.349999904632568,7.230000019073486,7.28000020980835,8559340
2026-05-15,7.099999904632568,7.25,7.070000171661377,7.25,5696599
2026-05-18,6.980000019073486,7.150000095367432,6.96999979019165,7.150000095367432,5516309
2026-05-20,6.909999847412109,7.050000190734863,6.849999904632568,7.010000228881836,6061049
2026-05-21,6.579999923706055,6.949999809265137,6.579999923706055,6.940000057220459,7674648
2026-05-22,6.75,6.760000228881836,6.510000228881836,6.519999980926514,10735978
2026-05-25,6.809999942779541,6.829999923706055,6.730000019073486,6.75,3999598
2026-05-26,6.769999980926514,6.829999923706055,6.730000019073486,6.760000228881836,1685739
2026-05-27,6.769999980926514,6.769999980926514,6.769999980926514,6.769999980926514,0
2026-05-28,6.769999980926514,6.769999980926514,6.769999980926514,6.769999980926514,0
2026-05-29,6.769999980926514,6.769999980926514,6.769999980926514,6.769999980926514,0
2026-06-01,6.860000133514404,6.940000057220459,6.789999961853027,6.809999942779541,5707990
2026-06-02,6.949999809265137,6.96999979019165,6.849999904632568,6.849999904632568,5125028
2026-06-03,6.789999961853027,6.949999809265137,6.789999961853027,6.940000057220459,4744322
2026-06-04,6.71999979019165,6.869999885559082,6.710000038146973,6.849999904632568,3452090
2026-06-05,6.619999885559082,6.789999961853027,6.619999885559082,6.789999961853027,2540157
2026-06-08,6.630000114440918,6.670000076293945,6.579999923706055,6.670000076293945,3588326
2026-06-09,6.53000020980835,6.679999828338623,6.519999980926514,6.659999847412109,3157566
2026-06-10,6.269999980926514,6.559999942779541,6.230000019073486,6.539999961853027,12360577
2026-06-11,6.199999809265137,6.300000190734863,6.159999847412109,6.269999980926514,6462277
2026-06-12,6.269999980926514,6.349999904632568,6.21999979019165,6.269999980926514,4111200
2026-06-15,6.429999828338623,6.46999979019165,6.380000114440918,6.409999847412109,4930807
2026-06-16,6.409999847412109,6.460000038146973,6.380000114440918,6.449999809265137,2947468
2026-06-17,6.400000095367432,6.429999828338623,6.329999923706055,6.420000076293945,4054673
2026-06-18,6.460000038146973,6.539999961853027,6.380000114440918,6.449999809265137,5384915
2026-06-19,6.230000019073486,6.449999809265137,6.230000019073486,6.429999828338623,4062294
2026-06-22,6.389999866485596,6.440000057220459,6.28000020980835,6.300000190734863,5669347
2026-06-23,6.300000190734863,6.480000019073486,6.28000020980835,6.349999904632568,5557012
2026-06-24,6.230000019073486,6.349999904632568,6.210000038146973,6.300000190734863,6360112
2026-06-25,6.119999885559082,6.300000190734863,6.099999904632568,6.25,6000804
2026-06-26,6.730000019073486,6.730000019073486,6.039999961853027,6.150000095367432,58418077
2026-06-29,7.400000095367432,7.400000095367432,6.980000019073486,6.989999771118164,37521082
2026-06-30,6.659999847412109,7.75,6.659999847412109,7.690000057220459,74464847
2026-07-01,6.480000019073486,6.71999979019165,6.460000038146973,6.519999980926514,28864237
2026-07-02,6.28000020980835,6.630000114440918,6.28000020980835,6.480000019073486,14572966
2026-07-03,6.260000228881836,6.429999828338623,6.25,6.289999961853027,9172197
2026-07-06,6.199999809265137,6.550000190734863,6.199999809265137,6.369999885559082,13608759
2026-07-07,6.159999847412109,6.260000228881836,6.159999847412109,6.210000038146973,7616404
2026-07-08,6.039999961853027,6.190000057220459,6.03000020980835,6.159999847412109,5512980
2026-07-09,6.039999961853027,6.400000095367432,5.980000019073486,6.059999942779541,23855336
2026-07-10,6.639999866485596,6.639999866485596,6.039999961853027,6.039999961853027,26019668
2026-07-13,6.349999904632568,6.789999961853027,6.349999904632568,6.710000038146973,27102753
2026-07-14,6.329999923706055,6.449999809265137,6.25,6.349999904632568,14125931
2026-07-16,6.340000152587891,6.409999847412109,6.320000171661377,6.329999923706055,6661483
2026-07-17,6.190000057220459,6.400000095367432,6.190000057220459,6.400000095367432,5407057
2026-07-20,6.21999979019165,6.380000114440918,6.150000095367432,6.199999809265137,8474713
2026-07-21,6.119999885559082,6.260000228881836,6.119999885559082,6.230000019073486,4108183
2026-07-22,6.130000114440918,6.179999828338623,6.110000133514404,6.130000114440918,7349483
2026-07-23,6.099999904632568,6.170000076293945,6.099999904632568,6.130000114440918,4987924
2026-07-24,6.119999885559082,6.25,6.059999942779541,6.119999885559082,16122246
2026-07-27,6.010000228881836,6.210000038146973,6.010000228881836,6.199999809265137,6345368
2026-07-28,6.03000020980835,6.360000133514404,6.010000228881836,6.010000228881836,30294025
2026-07-29,5.900000095367432,6.139999866485596,5.880000114440918,6.059999942779541,12687041
2026-07-30,5.789999961853027,5.940000057220459,5.789999961853027,5.940000057220459,7104289
2026-08-03,5.730000019073486,5.869999885559082,5.71999979019165,5.809999942779541,3901492
2026-08-04,5.809999942779541,5.829999923706055,5.699999809265137,5.739999771118164,5375735
2026-08-05,5.840000152587891,5.949999809265137,5.730000019073486,5.880000114440918,7593283
2026-08-06,5.75,5.920000076293945,5.75,5.900000095367432,4572832
2026-08-07,5.739999771118164,5.860000133514404,5.650000095367432,5.769999980926514,8865769
