Price,Close,High,Low,Open,Volume
2021-08-10,25.019115447998047,25.40977458846748,24.9172054947135,25.273893570868417,4050951
2021-08-11,24.441619873046875,25.0700699314308,24.28875333617496,25.01911333925392,2083324
2021-08-12,24.93419075012207,25.002131258167516,24.492576637911906,24.492576637911906,2146161
2021-08-13,25.138011932373047,25.138011932373047,24.832278840411856,24.951174322917,1486163
2021-08-16,25.23992156982422,25.341833139156023,25.087056645570676,25.13801162032186,1830575
2021-08-17,25.324848175048828,25.630581270064944,24.917205128246994,25.22293822326311,3859943
2021-08-18,24.900218963623047,25.54565458124012,24.883233432147204,25.392788037616413,2373668
2021-08-19,24.7133846282959,24.883235094915904,24.577503607068074,24.832280116912855,1957372
2021-08-20,24.900218963623047,24.98514500117282,24.662428002279,24.69639744540125,1763630
2021-08-23,25.307863235473633,26.05521045859819,25.307863235473633,25.83440339812182,8352906
2021-08-24,24.730369567871094,25.324848616529785,24.696398503463993,25.307863084326236,4118338
2021-08-25,24.441619873046875,24.88323233310763,24.390663280869994,24.781322388412597,2045761
2021-08-26,24.186843872070312,24.611472458110153,24.084933918525273,24.45860590796309,1708035
2021-08-27,24.39066505432129,24.54353160230817,23.983022006242596,24.186843530281944,2019663
2021-08-31,24.3566951751709,24.59448613905465,24.3566951751709,24.543531163912338,1690782
2021-09-01,24.50956153869629,24.713383057583705,24.390664437806546,24.390664437806546,1687173
2021-09-02,24.62845802307129,24.62845802307129,24.458605940497616,24.52654644956118,1345911
2021-09-03,25.053085327148438,25.053085327148438,24.407649714171185,24.628456762281516,1932113
2021-09-06,25.036100387573242,25.18896693371135,24.883233841435136,25.121026426519908,1361965
2021-09-07,24.764339447021484,25.002132042555527,24.662429491670846,24.883234934873737,1408217
2021-09-08,24.441619873046875,24.781322388412597,24.424634342321248,24.679410823888198,1105246
2021-09-09,24.49257469177246,24.594484635828294,24.25478212259325,24.373679217097532,1601895
2021-09-10,24.23780059814453,24.526546547950886,24.1358890242256,24.509562635488994,1623445
2021-09-13,24.305740356445312,24.356695331915535,24.101917214905484,24.186843253908837,1280609
2021-09-14,24.203828811645508,24.57750241176351,24.135888304335822,24.305740382524768,2281791
2021-09-15,24.220813751220703,24.356694762517726,24.03397614581523,24.203828219851218,1723692
2021-09-16,24.152873992919922,24.373681048067237,24.033976889484,24.18684343688056,1241364
2021-09-17,23.694272994995117,24.169856522038522,23.643318022054956,24.101916018175178,1639389
2021-09-20,23.72824478149414,23.864125793370587,23.201704645600827,23.35457118891919,1719345
2021-09-21,23.38854217529297,23.9490517524071,23.35457111252027,23.728244703872832,1535719
2021-09-22,23.81317138671875,23.830155298736223,23.43949778523325,23.57537880034989,1153642
2021-09-23,24.016992568969727,24.016992568969727,23.490452427983975,23.83015496096053,1496144
2021-09-24,24.135889053344727,24.135889053344727,23.643319955106243,23.881112547984294,1649448
2021-09-27,24.917205810546875,24.917205810546875,24.16985858444966,24.16985858444966,2477241
2021-09-28,24.645442962646484,25.053086007225318,24.54353139158704,24.934190524180526,2023752
2021-09-29,24.54353141784668,24.832278979689654,24.45860537851119,24.730369028350648,2128849
2021-09-30,24.308574676513672,24.6967725287914,24.216148043577324,24.54888780058322,2551815
2021-10-01,23.809463500976562,24.10523294921199,23.66157877685885,23.846433800543508,2378431
2021-10-04,23.43975257873535,23.79097837109044,23.38429448289636,23.735522038176487,9674707
2021-10-05,22.977611541748047,23.4397517464466,22.977611541748047,23.421265715156665,2298964
2021-10-06,22.792755126953125,22.959125885429792,22.40455727814924,22.86669749039553,2643200
2021-10-07,23.162466049194336,23.162466049194336,22.885182637730473,22.885182637730473,1929927
2021-10-08,22.94063949584961,23.291867038913892,22.94063949584961,23.143982314336817,1776422
2021-10-11,23.05155372619629,23.05155372619629,22.811240610055474,22.94063930223708,1416360
2021-10-12,22.792755126953125,23.14398267549831,22.73729879510257,22.922153822246088,2326327
2021-10-13,22.33061408996582,22.829726346962005,22.312128059056718,22.774268254234695,3775021
2021-10-14,22.071815490722656,22.386070972233174,21.86847443447908,22.256672278525897,3518576
2021-10-15,21.60967445373535,22.145757002254495,21.53573209404047,22.07181464255961,3716375
2021-10-18,21.665132522583008,21.90544563206619,21.46178971144536,21.628160461312557,2578132
2021-10-19,21.94241714477539,21.997873476825283,21.683617990334206,21.683617990334206,2081593
2021-10-20,22.182729721069336,22.219701783475102,21.849988211117306,21.997872934890438,2793723
2021-10-21,22.64487075805664,22.64487075805664,21.73907635083638,22.182730538504465,6091174
2021-10-22,22.811241149902344,22.903669544901586,22.256672542831904,22.55244199648947,2964607
2021-10-25,23.070037841796875,23.107009903847008,22.49698498341944,22.737298097970445,3581693
2021-10-26,23.273380279541016,23.439751030216833,23.088523498140127,23.143981590315345,3930888
2021-10-27,23.458236694335938,23.79097821549355,23.180953268654612,23.27338166485673,3764293
2021-10-28,23.421266555786133,23.532179221656644,23.38429449187927,23.513694952628253,830880
2021-11-01,23.217924118041992,23.73552064160927,22.848210552569004,23.32883677734394,5238606
2021-11-02,23.31035041809082,23.42126483875515,23.125495400883484,23.236408058622903,2909472
2021-11-03,23.199438095092773,23.45823547550218,22.145757253815418,23.310350754432537,4044277
2021-11-04,23.661579132080078,23.71703546372552,23.31035158483395,23.71703546372552,3986407
2021-11-05,23.938861846923828,24.30857365186021,23.680064464930833,23.754006825918108,5401013
2021-11-08,24.34554672241211,24.604345878051674,24.197661994310938,24.271604358361525,5062268
2021-11-09,24.770713806152344,25.177397672345275,24.216146981164187,24.38251597090567,7572611
2021-11-10,24.73374366760254,24.974056782687665,24.12371874581912,24.974056782687665,5366207
2021-11-11,24.844655990600586,25.047998803715668,24.474944188925342,24.65980097122543,3782731
2021-11-12,25.43619728088379,25.473167580525857,24.789200289360338,24.90011471413649,5258297
2021-11-15,26.71170425415039,26.71170425415039,25.6395390891701,25.65802512099649,6028796
2021-11-16,25.972280502319336,27.081415963414187,25.972280502319336,26.711704143049236,5010135
2021-11-17,26.175621032714844,26.452906214567108,25.824395251211953,25.879851582412414,3277930
2021-11-18,26.619274139404297,26.859587248857693,26.009249231916797,26.175619981763372,5862147
2021-11-19,26.988988876342773,27.21081596482881,26.434420273665182,26.7301897249799,4383258
2021-11-22,27.19232940673828,27.266271768134867,26.89655996115193,27.19232940673828,3225600
2021-11-23,28.227523803710938,29.11483212709462,26.98898794679419,27.17384296603666,12385957
2021-11-24,28.375410079956055,29.09634769149945,27.968726194646305,28.430866412476696,6110768
2021-11-25,27.839326858520508,28.449351791014735,27.746898464491842,28.412379728233276,3465432
2021-11-26,27.728412628173828,27.74689865969461,27.00747326518831,27.635984233494916,3729519
2021-11-29,28.634206771850586,28.634206771850586,27.488099271273075,27.728412390205857,5083630
2021-11-30,28.040000915527344,28.940000534057617,27.8799991607666,28.639999389648438,6381168
2021-12-01,28.639999389648438,28.68000030517578,28.100000381469727,28.100000381469727,3047376
2021-12-02,28.600000381469727,29.200000762939453,28.5,28.65999984741211,3829200
2021-12-03,28.420000076293945,28.799999237060547,28.299999237060547,28.639999389648438,4759220
2021-12-06,28.18000030517578,28.579999923706055,28.0,28.5,4226745
2021-12-07,28.3799991607666,28.6200008392334,28.219999313354492,28.239999771118164,5428142
2021-12-08,28.399999618530273,28.6200008392334,28.280000686645508,28.520000457763672,5730634
2021-12-09,29.059999465942383,29.459999084472656,28.420000076293945,28.420000076293945,14561062
2021-12-10,29.459999084472656,29.8799991607666,29.059999465942383,29.260000228881836,12117698
2021-12-13,30.31999969482422,30.780000686645508,30.139999389648438,30.200000762939453,10323729
2021-12-14,30.299999237060547,30.899999618530273,30.100000381469727,30.799999237060547,7260099
2021-12-15,29.68000030517578,30.6200008392334,29.6200008392334,30.6200008392334,7859851
2021-12-16,31.399999618530273,31.399999618530273,29.479999542236328,29.84000015258789,11950830
2021-12-17,28.260000228881836,33.34000015258789,28.260000228881836,32.099998474121094,16246053
2021-12-20,27.440000534057617,29.0,25.5,26.719999313354492,8887985
2021-12-21,25.200000762939453,29.979999542236328,25.040000915527344,28.6200008392334,7827732
2021-12-22,23.920000076293945,25.079999923706055,23.34000015258789,25.059999465942383,9532469
2021-12-23,23.559999465942383,24.639999389648438,22.440000534057617,24.299999237060547,7760397
2021-12-24,24.8799991607666,24.8799991607666,23.559999465942383,23.81999969482422,5600185
2021-12-27,24.68000030517578,25.6200008392334,24.360000610351562,24.940000534057617,5509774
2021-12-28,23.799999237060547,24.940000534057617,23.600000381469727,24.84000015258789,3375268
2021-12-29,24.280000686645508,24.459999084472656,23.440000534057617,23.8799991607666,3508444
2021-12-30,24.100000381469727,24.719999313354492,23.959999084472656,24.68000030517578,2987498
2021-12-31,25.040000915527344,25.040000915527344,23.84000015258789,24.139999389648438,4380325
2022-01-03,26.579999923706055,26.579999923706055,25.3799991607666,25.440000534057617,5717875
2022-01-04,27.059999465942383,27.540000915527344,26.0,26.979999542236328,8570844
2022-01-05,26.920000076293945,27.079999923706055,26.639999389648438,27.079999923706055,4899312
2022-01-06,26.420000076293945,26.860000610351562,26.239999771118164,26.600000381469727,4804148
2022-01-07,26.540000915527344,26.639999389648438,26.0,26.579999923706055,3887486
2022-01-10,27.059999465942383,27.5,26.739999771118164,26.81999969482422,6575359
2022-01-11,26.760000228881836,27.479999542236328,26.739999771118164,27.399999618530273,6544602
2022-01-12,26.739999771118164,27.139999389648438,26.739999771118164,27.020000457763672,4227119
2022-01-13,26.719999313354492,27.15999984741211,26.479999542236328,26.739999771118164,4453884
2022-01-14,27.020000457763672,27.239999771118164,26.799999237060547,26.799999237060547,6599492
2022-01-17,27.100000381469727,27.520000457763672,27.0,27.280000686645508,6771724
2022-01-18,25.719999313354492,27.059999465942383,25.719999313354492,27.059999465942383,5766995
2022-01-19,25.81999969482422,26.0,25.040000915527344,25.68000030517578,7389431
2022-01-20,24.84000015258789,25.920000076293945,24.68000030517578,25.84000015258789,8789709
2022-01-21,25.15999984741211,25.299999237060547,24.559999465942383,24.719999313354492,5013107
2022-01-24,23.520000457763672,25.280000686645508,23.5,25.15999984741211,8985110
2022-01-25,23.6200008392334,23.979999542236328,23.15999984741211,23.65999984741211,4411840
2022-01-26,23.84000015258789,24.1200008392334,23.6200008392334,23.700000762939453,3568964
2022-01-27,24.899999618530273,24.940000534057617,23.299999237060547,23.600000381469727,6023326
2022-01-28,24.399999618530273,25.18000030517578,24.239999771118164,25.020000457763672,5234622
2022-01-31,24.18000030517578,24.639999389648438,24.18000030517578,24.600000381469727,3091680
2022-02-01,24.360000610351562,24.68000030517578,24.200000762939453,24.299999237060547,3653395
2022-02-02,23.920000076293945,24.479999542236328,23.920000076293945,24.399999618530273,3636883
2022-02-03,23.559999465942383,24.100000381469727,23.420000076293945,23.899999618530273,3382171
2022-02-04,23.459999084472656,23.84000015258789,23.299999237060547,23.579999923706055,2482552
2022-02-07,23.8799991607666,23.979999542236328,23.020000457763672,23.459999084472656,3764105
2022-02-08,23.639999389648438,23.979999542236328,23.5,23.940000534057617,3766538
2022-02-09,24.200000762939453,24.260000228881836,23.739999771118164,23.739999771118164,4687515
2022-02-10,24.440000534057617,24.559999465942383,23.899999618530273,24.1200008392334,4965410
2022-02-11,24.440000534057617,24.540000915527344,23.860000610351562,24.18000030517578,4762156
2022-02-14,23.700000762939453,24.15999984741211,23.5,24.15999984741211,5357500
2022-02-15,24.079999923706055,24.260000228881836,23.639999389648438,23.719999313354492,4500784
2022-02-16,23.899999618530273,24.239999771118164,23.780000686645508,24.1200008392334,3768477
2022-02-17,23.559999465942383,24.040000915527344,23.459999084472656,23.940000534057617,4355674
2022-02-18,23.719999313354492,23.81999969482422,23.459999084472656,23.68000030517578,2463464
2022-02-21,23.719999313354492,24.059999465942383,23.3799991607666,23.780000686645508,4595609
2022-02-22,23.200000762939453,23.440000534057617,22.799999237060547,23.079999923706055,5332970
2022-02-23,23.100000381469727,23.3799991607666,23.059999465942383,23.260000228881836,3178692
2022-02-24,20.799999237060547,21.81999969482422,20.799999237060547,20.81999969482422,4000399
2022-02-25,21.860000610351562,22.1200008392334,20.959999084472656,21.299999237060547,6211570
2022-02-28,22.520000457763672,24.040000915527344,21.940000534057617,22.0,9558293
2022-03-01,22.260000228881836,23.020000457763672,22.020000457763672,22.8799991607666,5158101
2022-03-02,22.459999084472656,23.139999389648438,21.959999084472656,22.239999771118164,5120474
2022-03-03,23.299999237060547,23.540000915527344,22.600000381469727,22.600000381469727,6570505
2022-03-04,23.139999389648438,23.3799991607666,22.860000610351562,23.059999465942383,4564534
2022-03-07,22.940000534057617,23.100000381469727,22.440000534057617,22.899999618530273,4849541
2022-03-08,24.239999771118164,24.5,22.600000381469727,22.600000381469727,12453309
2022-03-09,24.15999984741211,24.700000762939453,24.020000457763672,24.600000381469727,7992722
2022-03-10,24.15999984741211,24.579999923706055,23.84000015258789,24.299999237060547,5856632
2022-03-11,24.459999084472656,24.719999313354492,24.020000457763672,24.079999923706055,10483709
2022-03-14,24.84000015258789,25.520000457763672,24.760000228881836,25.1200008392334,14443519
2022-03-15,24.700000762939453,24.940000534057617,24.459999084472656,24.799999237060547,7777287
2022-03-16,24.6200008392334,24.8799991607666,24.459999084472656,24.799999237060547,6726890
2022-03-17,25.079999923706055,25.18000030517578,24.700000762939453,24.780000686645508,8425464
2022-03-18,25.18000030517578,25.360000610351562,25.079999923706055,25.18000030517578,6798760
2022-03-21,25.81999969482422,25.84000015258789,25.299999237060547,25.31999969482422,7545953
2022-03-22,26.200000762939453,26.34000015258789,25.6200008392334,25.84000015258789,8671385
2022-03-23,25.760000228881836,26.34000015258789,25.639999389648438,26.31999969482422,7444294
2022-03-24,25.420000076293945,26.0,25.399999618530273,25.81999969482422,5216564
2022-03-25,25.059999465942383,25.559999465942383,25.040000915527344,25.5,7945878
2022-03-28,25.200000762939453,25.399999618530273,24.940000534057617,25.1200008392334,7726189
2022-03-29,25.540000915527344,25.579999923706055,25.139999389648438,25.360000610351562,11739281
2022-03-30,25.780000686645508,25.979999542236328,25.68000030517578,25.940000534057617,7585498
2022-03-31,25.799999237060547,26.0,25.700000762939453,25.799999237060547,9783923
2022-04-01,25.979999542236328,25.979999542236328,25.600000381469727,25.81999969482422,6429276
2022-04-04,27.360000610351562,27.360000610351562,26.1200008392334,26.239999771118164,20243042
2022-04-05,27.700000762939453,28.399999618530273,27.100000381469727,27.639999389648438,19036753
2022-04-06,27.3799991607666,27.84000015258789,27.15999984741211,27.760000228881836,10288109
2022-04-07,27.6200008392334,27.84000015258789,27.399999618530273,27.479999542236328,8162997
2022-04-08,28.299999237060547,28.31999969482422,27.600000381469727,27.719999313354492,12390505
2022-04-11,29.219999313354492,29.31999969482422,28.260000228881836,28.420000076293945,18054924
2022-04-12,30.860000610351562,31.1200008392334,28.520000457763672,29.200000762939453,23637430
2022-04-13,29.6200008392334,30.639999389648438,29.219999313354492,29.920000076293945,23254551
2022-04-14,29.540000915527344,30.079999923706055,29.399999618530273,29.65999984741211,15615309
2022-04-15,29.540000915527344,29.920000076293945,29.459999084472656,29.6200008392334,8197791
2022-04-18,29.81999969482422,30.18000030517578,29.559999465942383,29.579999923706055,15810708
2022-04-19,30.280000686645508,30.700000762939453,29.760000228881836,30.0,18208439
2022-04-20,30.1200008392334,30.5,29.899999618530273,30.399999618530273,9074895
2022-04-21,30.15999984741211,30.280000686645508,30.0,30.139999389648438,9278224
2022-04-22,28.420000076293945,30.100000381469727,28.399999618530273,30.040000915527344,11558906
2022-04-25,27.760000228881836,28.34000015258789,27.420000076293945,28.040000915527344,11507455
2022-04-26,26.520000457763672,28.040000915527344,26.260000228881836,27.860000610351562,9300758
2022-04-27,26.139999389648438,26.639999389648438,25.780000686645508,26.5,11166728
2022-04-28,26.440000534057617,27.260000228881836,26.31999969482422,26.31999969482422,17745726
2022-04-29,26.139999389648438,26.520000457763672,25.520000457763672,26.459999084472656,11344289
2022-05-05,27.34000015258789,27.799999237060547,26.639999389648438,26.940000534057617,11686427
2022-05-06,27.600000381469727,27.84000015258789,26.760000228881836,27.020000457763672,9988671
2022-05-09,27.459999084472656,28.239999771118164,27.299999237060547,27.639999389648438,10141222
2022-05-10,27.65999984741211,27.760000228881836,27.420000076293945,27.559999465942383,1565914
2022-05-11,26.940000534057617,27.639999389648438,26.479999542236328,27.6200008392334,12044051
2022-05-12,25.360000610351562,26.440000534057617,25.280000686645508,26.399999618530273,12089446
2022-05-13,25.799999237060547,26.059999465942383,25.65999984741211,25.799999237060547,6353254
2022-05-16,25.139999389648438,26.100000381469727,25.079999923706055,25.81999969482422,5901763
2022-05-17,25.5,25.760000228881836,25.1200008392334,25.200000762939453,7577061
2022-05-18,25.459999084472656,25.84000015258789,25.1200008392334,25.360000610351562,4601517
2022-05-20,25.239999771118164,25.68000030517578,25.1200008392334,25.399999618530273,3459767
2022-05-23,24.860000610351562,25.420000076293945,24.639999389648438,25.299999237060547,4695263
2022-05-24,24.5,25.1200008392334,24.5,24.940000534057617,4617855
2022-05-25,25.260000228881836,25.700000762939453,24.65999984741211,24.68000030517578,8896505
2022-05-26,25.739999771118164,25.860000610351562,25.239999771118164,25.299999237060547,7515845
2022-05-27,25.399999618530273,26.139999389648438,25.219999313354492,25.84000015258789,6817082
2022-05-30,26.459999084472656,26.600000381469727,25.899999618530273,26.0,11773660
2022-05-31,26.959999084472656,27.079999923706055,26.479999542236328,26.579999923706055,10405354
2022-06-01,26.860000610351562,27.34000015258789,26.719999313354492,27.040000915527344,6995739
2022-06-02,26.8799991607666,27.059999465942383,26.559999465942383,27.0,7767648
2022-06-03,26.81999969482422,27.18000030517578,26.600000381469727,27.059999465942383,6643834
2022-06-06,27.139999389648438,27.399999618530273,26.959999084472656,26.959999084472656,7185796
2022-06-07,27.280000686645508,27.760000228881836,26.940000534057617,27.15999984741211,9117014
2022-06-08,25.799999237060547,27.600000381469727,25.739999771118164,27.420000076293945,9994574
2022-06-09,26.5,26.5,25.68000030517578,25.81999969482422,8096027
2022-06-10,25.940000534057617,26.700000762939453,25.719999313354492,26.0,7320575
2022-06-13,25.68000030517578,25.959999084472656,25.440000534057617,25.68000030517578,4304034
2022-06-14,25.440000534057617,25.760000228881836,25.239999771118164,25.700000762939453,3429312
2022-06-15,25.360000610351562,25.68000030517578,25.219999313354492,25.440000534057617,4737635
2022-06-16,24.899999618530273,25.520000457763672,24.719999313354492,25.399999618530273,4559123
2022-06-17,25.100000381469727,25.1200008392334,24.719999313354492,25.020000457763672,4877323
2022-06-20,25.299999237060547,25.65999984741211,24.860000610351562,25.360000610351562,5319575
2022-06-21,25.979999542236328,26.18000030517578,25.34000015258789,25.459999084472656,10652198
2022-06-22,25.8799991607666,26.200000762939453,25.65999984741211,25.760000228881836,6860679
2022-06-23,25.420000076293945,26.0,25.3799991607666,25.780000686645508,4564189
2022-06-24,25.540000915527344,25.719999313354492,25.219999313354492,25.479999542236328,6060387
2022-06-27,25.559999465942383,25.780000686645508,24.700000762939453,24.799999237060547,5573957
2022-06-28,25.1200008392334,25.860000610351562,24.860000610351562,25.579999923706055,6288141
2022-06-29,24.399999618530273,25.280000686645508,24.219999313354492,25.1200008392334,5544323
2022-06-30,23.760000228881836,24.34000015258789,23.639999389648438,24.0,8888415
2022-07-01,23.940000534057617,24.100000381469727,23.68000030517578,23.799999237060547,3702223
2022-07-04,23.540000915527344,24.299999237060547,23.479999542236328,24.020000457763672,4005806
2022-07-05,23.1200008392334,23.700000762939453,22.739999771118164,23.540000915527344,5026502
2022-07-06,23.739999771118164,23.760000228881836,23.100000381469727,23.219999313354492,5049022
2022-07-07,23.68000030517578,23.940000534057617,23.600000381469727,23.799999237060547,6002167
2022-07-08,23.899999618530273,23.940000534057617,23.65999984741211,23.68000030517578,2002241
2022-07-13,23.399999618530273,24.219999313354492,23.399999618530273,23.940000534057617,7449017
2022-07-14,23.18000030517578,23.899999618530273,23.059999465942383,23.899999618530273,8565825
2022-07-18,23.459999084472656,23.68000030517578,23.31999969482422,23.520000457763672,5871342
2022-07-19,24.020000457763672,24.280000686645508,23.3799991607666,23.399999618530273,9378283
2022-07-20,24.5,24.760000228881836,24.059999465942383,24.059999465942383,8467117
2022-07-21,24.420000076293945,24.739999771118164,24.239999771118164,24.5,8540229
2022-07-22,24.420000076293945,24.600000381469727,24.200000762939453,24.600000381469727,4998790
2022-07-25,24.5,24.600000381469727,24.34000015258789,24.420000076293945,4653795
2022-07-26,24.200000762939453,24.65999984741211,24.100000381469727,24.540000915527344,4846102
2022-07-27,24.15999984741211,24.34000015258789,23.940000534057617,24.260000228881836,6081182
2022-07-28,24.1200008392334,24.3799991607666,23.940000534057617,24.299999237060547,6046189
2022-07-29,24.15999984741211,24.31999969482422,23.940000534057617,24.139999389648438,6315182
2022-08-01,26.059999465942383,26.5,24.399999618530273,24.479999542236328,22257714
2022-08-02,26.3799991607666,27.299999237060547,25.65999984741211,26.200000762939453,23905510
2022-08-03,26.399999618530273,26.860000610351562,26.280000686645508,26.719999313354492,8858138
2022-08-04,26.799999237060547,27.280000686645508,26.440000534057617,26.559999465942383,12902979
2022-08-05,27.1200008392334,27.459999084472656,26.579999923706055,26.979999542236328,12151806
2022-08-08,28.81999969482422,28.979999542236328,27.540000915527344,27.559999465942383,15997920
2022-08-09,27.959999084472656,28.899999618530273,27.65999984741211,28.84000015258789,9558416
2022-08-10,28.18000030517578,28.280000686645508,27.200000762939453,27.940000534057617,7542754
2022-08-11,28.059999465942383,28.760000228881836,28.059999465942383,28.399999618530273,10981443
2022-08-12,27.739999771118164,28.68000030517578,27.600000381469727,28.18000030517578,11531384
2022-08-15,27.299999237060547,28.239999771118164,27.239999771118164,28.100000381469727,7956509
2022-08-16,27.479999542236328,28.020000457763672,26.280000686645508,27.420000076293945,11588025
2022-08-17,27.979999542236328,28.1200008392334,27.559999465942383,27.700000762939453,9382656
2022-08-18,27.639999389648438,28.020000457763672,26.559999465942383,27.780000686645508,21557911
2022-08-19,28.520000457763672,29.1200008392334,28.260000228881836,28.719999313354492,23516289
2022-08-22,30.020000457763672,30.260000228881836,28.799999237060547,28.799999237060547,23207601
2022-08-23,30.059999465942383,30.700000762939453,29.760000228881836,30.479999542236328,19563491
2022-08-24,30.360000610351562,30.68000030517578,29.84000015258789,30.299999237060547,28065740
2022-08-25,30.239999771118164,30.8799991607666,30.100000381469727,30.520000457763672,20730588
2022-08-26,29.899999618530273,30.3799991607666,29.540000915527344,30.31999969482422,22177906
2022-08-29,29.15999984741211,29.8799991607666,29.15999984741211,29.8799991607666,14524433
2022-08-31,29.68000030517578,30.040000915527344,29.100000381469727,29.139999389648438,23481189
2022-09-01,29.899999618530273,30.479999542236328,29.239999771118164,29.440000534057617,23123582
2022-09-02,32.060001373291016,32.68000030517578,30.020000457763672,30.200000762939453,37508439
2022-09-05,33.18000030517578,33.97999954223633,32.880001068115234,32.900001525878906,27305507
2022-09-06,32.20000076293945,33.380001068115234,31.639999389648438,33.29999923706055,29461742
2022-09-07,34.0,34.63999938964844,31.65999984741211,32.31999969482422,44212952
2022-09-08,32.939998626708984,34.97999954223633,32.400001525878906,34.36000061035156,24576962
2022-09-09,32.63999938964844,33.41999816894531,32.400001525878906,32.959999084472656,34384649
2022-09-12,33.52000045776367,34.08000183105469,32.720001220703125,32.97999954223633,41046918
2022-09-13,30.700000762939453,33.91999816894531,30.700000762939453,33.91999816894531,29229257
2022-09-14,32.08000183105469,32.220001220703125,29.700000762939453,30.639999389648438,18340202
2022-09-15,31.8799991607666,33.29999923706055,31.479999542236328,32.15999984741211,21382521
2022-09-16,32.02000045776367,32.65999984741211,31.780000686645508,32.099998474121094,14626138
2022-09-19,31.059999465942383,33.15999984741211,31.0,32.29999923706055,18457803
2022-09-20,31.299999237060547,32.15999984741211,30.559999465942383,31.579999923706055,10965111
2022-09-21,31.600000381469727,32.08000183105469,31.239999771118164,31.700000762939453,14735635
2022-09-22,32.52000045776367,32.7400016784668,31.6200008392334,31.6200008392334,21663823
2022-09-23,35.7599983215332,35.7599983215332,32.900001525878906,33.13999938964844,35409334
2022-09-26,37.099998474121094,39.31999969482422,36.119998931884766,36.79999923706055,75886477
2022-09-27,36.29999923706055,38.68000030517578,35.5,37.099998474121094,38596919
2022-09-28,37.18000030517578,38.18000030517578,36.29999923706055,36.31999969482422,38261264
2022-09-29,37.720001220703125,38.880001068115234,35.720001220703125,37.599998474121094,34025085
2022-09-30,40.0,40.18000030517578,37.880001068115234,38.0,43494588
2022-10-03,41.31999969482422,42.84000015258789,40.20000076293945,40.900001525878906,35625019
2022-10-04,41.279998779296875,42.959999084472656,40.52000045776367,41.5,41060764
2022-10-05,40.380001068115234,42.2400016784668,40.20000076293945,41.599998474121094,23140535
2022-10-06,41.36000061035156,42.060001373291016,40.5,40.7599983215332,19469087
2022-10-07,43.47999954223633,43.5,41.279998779296875,41.439998626708984,32205983
2022-10-10,42.7599983215332,44.31999969482422,42.459999084472656,43.63999938964844,22391177
2022-10-11,41.400001525878906,43.119998931884766,41.400001525878906,42.79999923706055,15724175
2022-10-12,39.91999816894531,41.52000045776367,39.599998474121094,41.400001525878906,15308385
2022-10-13,40.400001525878906,41.380001068115234,39.97999954223633,40.0,17922333
2022-10-14,40.779998779296875,41.439998626708984,40.400001525878906,40.900001525878906,12374346
2022-10-17,41.63999938964844,42.2599983215332,41.279998779296875,41.31999969482422,17522475
2022-10-18,43.34000015258789,43.70000076293945,41.08000183105469,41.959999084472656,19542692
2022-10-19,44.70000076293945,45.91999816894531,43.560001373291016,43.880001068115234,32185571
2022-10-20,43.68000030517578,45.880001068115234,43.68000030517578,44.7400016784668,20020935
2022-10-21,43.20000076293945,44.380001068115234,43.02000045776367,43.900001525878906,12686459
2022-10-24,46.2599983215332,47.060001373291016,43.400001525878906,43.459999084472656,25544726
2022-10-25,46.52000045776367,48.79999923706055,45.779998779296875,46.599998474121094,29684739
2022-10-26,46.400001525878906,47.97999954223633,46.400001525878906,46.7599983215332,18030297
2022-10-27,47.08000183105469,47.29999923706055,45.619998931884766,46.720001220703125,18766826
2022-10-28,45.65999984741211,47.13999938964844,45.34000015258789,46.84000015258789,7215803
2022-10-31,46.099998474121094,47.2599983215332,44.439998626708984,45.70000076293945,21565630
2022-11-01,46.31999969482422,47.2599983215332,45.91999816894531,46.36000061035156,15479441
2022-11-02,45.599998474121094,46.7599983215332,45.599998474121094,46.400001525878906,12030696
2022-11-03,45.540000915527344,46.099998474121094,45.02000045776367,46.02000045776367,9331841
2022-11-04,45.70000076293945,46.97999954223633,45.599998474121094,45.70000076293945,11254796
2022-11-07,47.20000076293945,47.540000915527344,45.599998474121094,46.0,15270370
2022-11-08,47.099998474121094,48.5,47.040000915527344,47.63999938964844,17227208
2022-11-09,46.34000015258789,48.2400016784668,46.2599983215332,47.18000030517578,13532873
2022-11-10,44.34000015258789,44.900001525878906,42.060001373291016,42.060001373291016,22702798
2022-11-11,43.400001525878906,45.0,43.400001525878906,44.91999816894531,12291964
2022-11-14,43.099998474121094,43.86000061035156,43.0,43.439998626708984,12309962
2022-11-15,42.79999923706055,44.119998931884766,42.34000015258789,43.29999923706055,17848239
2022-11-16,41.439998626708984,43.15999984741211,41.41999816894531,42.97999954223633,11842593
2022-11-17,41.68000030517578,42.439998626708984,39.900001525878906,42.0,10479868
2022-11-18,43.20000076293945,43.41999816894531,41.65999984741211,41.7599983215332,9588729
2022-11-21,44.0,44.18000030517578,43.119998931884766,43.5,11628435
2022-11-22,45.36000061035156,45.560001373291016,44.41999816894531,45.0,11638027
2022-11-23,46.91999816894531,47.400001525878906,44.65999984741211,45.52000045776367,15370549
2022-11-24,49.720001220703125,50.20000076293945,47.31999969482422,47.5,31651406
2022-11-25,50.599998474121094,52.25,49.91999816894531,50.70000076293945,19946327
2022-11-28,52.29999923706055,52.849998474121094,49.720001220703125,51.099998474121094,19013250
2022-11-29,53.599998474121094,54.20000076293945,50.45000076293945,52.79999923706055,18192767
2022-11-30,59.650001525878906,59.650001525878906,53.29999923706055,53.849998474121094,15088677
2022-12-01,62.5,65.5999984741211,60.04999923706055,61.70000076293945,32620146
2022-12-02,65.5999984741211,67.3499984741211,61.95000076293945,63.29999923706055,23921672
2022-12-05,65.19999694824219,68.44999694824219,62.5,68.0,22042786
2022-12-06,66.5999984741211,67.30000305175781,63.099998474121094,64.5,16528021
2022-12-07,63.04999923706055,68.44999694824219,61.0,66.75,17486733
2022-12-08,60.04999923706055,63.54999923706055,57.5,63.099998474121094,23376226
2022-12-09,64.44999694824219,64.8499984741211,60.0,60.0,15655870
2022-12-12,66.3499984741211,67.1500015258789,64.55000305175781,65.19999694824219,11097494
2022-12-13,68.9000015258789,69.80000305175781,64.19999694824219,66.30000305175781,20660656
2022-12-14,66.3499984741211,73.94999694824219,65.9000015258789,69.3499984741211,26717772
2022-12-15,72.44999694824219,72.94999694824219,68.05000305175781,70.30000305175781,24743876
2022-12-16,73.55000305175781,75.0,71.05000305175781,72.55000305175781,9449799
2022-12-19,72.25,74.55000305175781,71.75,72.69999694824219,12951548
2022-12-20,70.1500015258789,71.3499984741211,69.19999694824219,71.19999694824219,11346049
2022-12-21,69.1500015258789,72.5,68.80000305175781,70.0,12146526
2022-12-22,74.0,74.25,69.30000305175781,69.9000015258789,36577944
2022-12-23,71.9000015258789,75.0999984741211,71.6500015258789,74.44999694824219,13822103
2022-12-26,71.3499984741211,73.5999984741211,71.25,73.05000305175781,10458829
2022-12-27,69.5999984741211,72.5,69.44999694824219,72.4000015258789,9120707
2022-12-28,70.5999984741211,71.19999694824219,66.80000305175781,69.69999694824219,17764821
2022-12-29,72.75,74.4000015258789,69.25,69.69999694824219,17651150
2022-12-30,71.25,75.25,70.94999694824219,73.4000015258789,14561689
2023-01-02,73.0,74.0,71.5999984741211,71.5999984741211,11665859
2023-01-03,78.5,80.30000305175781,72.3499984741211,73.80000305175781,31915932
2023-01-04,77.0,81.0999984741211,76.0,78.69999694824219,24028808
2023-01-05,73.3499984741211,79.30000305175781,70.80000305175781,78.0,15392278
2023-01-06,73.5,74.44999694824219,67.3499984741211,70.8499984741211,19497489
2023-01-09,69.19999694824219,74.94999694824219,68.0,74.6500015258789,13206790
2023-01-10,65.5,69.5,64.69999694824219,69.1500015258789,11836659
2023-01-11,59.70000076293945,67.0,59.599998474121094,65.5999984741211,12893233
2023-01-12,63.900001525878906,64.30000305175781,56.849998474121094,61.5,19770935
2023-01-13,62.54999923706055,65.3499984741211,61.150001525878906,63.0,10545105
2023-01-16,66.5,66.6500015258789,62.04999923706055,62.70000076293945,9519186
2023-01-17,67.0,68.5999984741211,65.5999984741211,66.5,13995815
2023-01-18,71.9000015258789,72.1500015258789,67.05000305175781,67.05000305175781,16371643
2023-01-19,71.5999984741211,74.25,71.30000305175781,71.9000015258789,11279471
2023-01-20,71.9000015258789,73.3499984741211,70.75,71.75,8029433
2023-01-23,68.9000015258789,72.80000305175781,68.9000015258789,72.5,10162804
2023-01-24,66.55000305175781,69.5,65.75,69.0,11436947
2023-01-25,65.94999694824219,68.05000305175781,64.1500015258789,67.25,10021071
2023-01-26,69.44999694824219,71.5,65.80000305175781,66.0,19544550
2023-01-27,67.0,71.80000305175781,65.30000305175781,68.69999694824219,18425060
2023-01-30,66.55000305175781,68.4000015258789,65.8499984741211,67.25,10486068
2023-01-31,63.20000076293945,66.5999984741211,62.54999923706055,66.0,10077812
2023-02-01,58.349998474121094,63.95000076293945,57.54999923706055,63.5,10570257
2023-02-02,56.45000076293945,59.900001525878906,52.70000076293945,58.5,17103863
2023-02-03,59.400001525878906,59.400001525878906,54.79999923706055,57.349998474121094,14718693
2023-02-06,58.5,59.29999923706055,54.70000076293945,57.0,2674258
2023-02-07,52.650001525878906,58.25,52.650001525878906,58.0,4694849
2023-02-08,47.5,47.5,47.5,47.5,4785
2023-02-15,57.900001525878906,57.900001525878906,53.5,55.0,2509918
2023-02-16,56.79999923706055,62.0,56.0,61.900001525878906,10088418
2023-02-17,55.349998474121094,58.0,54.849998474121094,55.20000076293945,4442162
2023-02-20,56.349998474121094,57.25,53.5,54.599998474121094,9345499
2023-02-21,59.70000076293945,61.400001525878906,55.70000076293945,55.900001525878906,12354756
2023-02-22,58.599998474121094,63.400001525878906,58.29999923706055,61.0,13490977
2023-02-23,58.599998474121094,60.5,58.099998474121094,58.5,5539990
2023-02-24,56.95000076293945,59.20000076293945,56.900001525878906,58.54999923706055,5055148
2023-02-27,57.099998474121094,58.0,54.45000076293945,57.29999923706055,5893879
2023-02-28,56.0,58.349998474121094,55.79999923706055,57.150001525878906,6846765
2023-03-01,58.0,58.04999923706055,56.400001525878906,56.45000076293945,6126269
2023-03-02,56.5,59.20000076293945,56.29999923706055,58.150001525878906,5333891
2023-03-03,57.29999923706055,59.04999923706055,55.5,56.25,9384116
2023-03-06,60.900001525878906,61.45000076293945,58.400001525878906,58.400001525878906,10537543
2023-03-07,60.849998474121094,63.25,60.29999923706055,62.349998474121094,11611874
2023-03-08,60.5,61.79999923706055,60.099998474121094,60.79999923706055,6631400
2023-03-09,59.95000076293945,62.45000076293945,59.70000076293945,61.099998474121094,5796611
2023-03-10,58.650001525878906,60.25,57.849998474121094,59.79999923706055,6399197
2023-03-13,55.900001525878906,57.75,55.599998474121094,56.70000076293945,7658281
2023-03-14,57.0,58.849998474121094,55.54999923706055,56.5,7686817
2023-03-15,55.099998474121094,57.5,53.849998474121094,57.400001525878906,7409646
2023-03-16,56.099998474121094,56.79999923706055,54.79999923706055,55.70000076293945,6007128
2023-03-17,55.75,57.099998474121094,54.20000076293945,57.0,7424816
2023-03-20,54.20000076293945,55.75,53.150001525878906,55.599998474121094,3922148
2023-03-21,52.400001525878906,54.45000076293945,52.29999923706055,53.900001525878906,3829683
2023-03-22,52.599998474121094,53.20000076293945,51.54999923706055,52.54999923706055,6044580
2023-03-23,53.400001525878906,54.099998474121094,52.400001525878906,52.5,4694545
2023-03-24,52.599998474121094,54.599998474121094,51.79999923706055,53.349998474121094,3691868
2023-03-27,51.79999923706055,53.400001525878906,51.79999923706055,53.099998474121094,2867939
2023-03-28,49.0,51.79999923706055,49.0,51.75,3872133
2023-03-29,49.5,49.619998931884766,47.380001068115234,48.619998931884766,4590678
2023-03-30,49.13999938964844,50.79999923706055,48.65999984741211,49.560001373291016,4003048
2023-03-31,47.31999969482422,48.939998626708984,46.70000076293945,48.65999984741211,4698677
2023-04-03,46.540000915527344,47.2400016784668,45.119998931884766,47.060001373291016,4601358
2023-04-04,47.5,47.5,46.5,46.540000915527344,5597095
2023-04-05,46.880001068115234,48.31999969482422,46.70000076293945,47.7599983215332,5453340
2023-04-06,46.13999938964844,47.400001525878906,45.5,46.63999938964844,3343152
2023-04-07,48.68000030517578,48.70000076293945,45.7599983215332,46.15999984741211,5714390
2023-04-10,51.0,51.0,49.099998474121094,49.2599983215332,5774761
2023-04-11,50.95000076293945,52.45000076293945,50.29999923706055,51.400001525878906,5377497
2023-04-12,50.20000076293945,51.45000076293945,50.0,51.20000076293945,8668332
2023-04-13,48.84000015258789,51.0,48.84000015258789,50.150001525878906,7120485
2023-04-14,49.15999984741211,50.25,49.040000915527344,49.060001373291016,5518945
2023-04-17,48.13999938964844,49.81999969482422,48.13999938964844,49.18000030517578,5018107
2023-04-18,47.939998626708984,48.70000076293945,47.58000183105469,48.18000030517578,3579976
2023-04-19,47.91999816894531,47.939998626708984,47.2400016784668,47.900001525878906,3235766
2023-04-20,47.459999084472656,47.91999816894531,47.0,47.91999816894531,885702
2023-04-24,46.86000061035156,48.13999938964844,46.65999984741211,47.459999084472656,3089457
2023-04-25,45.400001525878906,47.18000030517578,45.20000076293945,46.97999954223633,3944493
2023-04-26,43.5,45.5,43.20000076293945,45.20000076293945,3912620
2023-04-27,43.099998474121094,43.97999954223633,43.02000045776367,43.29999923706055,3097616
2023-04-28,41.29999923706055,43.36000061035156,41.02000045776367,43.15999984741211,4477417
2023-05-02,39.2400016784668,42.0,39.2400016784668,41.29999923706055,4364204
2023-05-03,38.400001525878906,39.220001220703125,37.2599983215332,39.220001220703125,4469434
2023-05-04,39.0,40.540000915527344,38.2599983215332,38.400001525878906,3402303
2023-05-05,38.619998931884766,39.939998626708984,38.29999923706055,39.0,3427674
2023-05-08,40.099998474121094,40.099998474121094,38.18000030517578,38.84000015258789,3086402
2023-05-09,39.97999954223633,40.79999923706055,39.29999923706055,40.20000076293945,3052671
2023-05-10,38.900001525878906,40.18000030517578,38.5,39.97999954223633,2232421
2023-05-11,40.79999923706055,41.599998474121094,37.29999923706055,38.0,9547393
2023-05-12,39.97999954223633,41.31999969482422,38.900001525878906,40.900001525878906,4677000
2023-05-15,38.63999938964844,41.36000061035156,38.0,39.0,5204311
2023-05-16,41.900001525878906,41.900001525878906,38.79999923706055,39.099998474121094,5476434
2023-05-17,41.2599983215332,42.68000030517578,40.79999923706055,42.040000915527344,9237057
2023-05-18,39.400001525878906,41.58000183105469,39.040000915527344,41.41999816894531,5896371
2023-05-22,38.400001525878906,40.0,38.0,39.97999954223633,4889648
2023-05-23,38.70000076293945,39.2599983215332,38.220001220703125,38.459999084472656,4044989
2023-05-24,37.97999954223633,38.84000015258789,37.58000183105469,38.65999984741211,5096952
2023-05-25,38.18000030517578,38.97999954223633,37.63999938964844,38.0,2723502
2023-05-26,40.119998931884766,40.15999984741211,38.18000030517578,38.18000030517578,4542785
2023-05-29,44.119998931884766,44.119998931884766,40.97999954223633,41.900001525878906,10679462
2023-05-30,45.7599983215332,46.47999954223633,44.5,45.15999984741211,7119668
2023-05-31,44.91999816894531,45.97999954223633,43.70000076293945,45.97999954223633,5934187
2023-06-01,47.2400016784668,48.15999984741211,45.380001068115234,45.380001068115234,10065621
2023-06-02,48.15999984741211,49.439998626708984,47.220001220703125,48.400001525878906,7146556
2023-06-05,49.47999954223633,49.779998779296875,48.52000045776367,49.20000076293945,8879437
2023-06-06,49.08000183105469,50.45000076293945,48.380001068115234,49.47999954223633,7705519
2023-06-07,50.70000076293945,51.54999923706055,49.900001525878906,50.79999923706055,8680364
2023-06-08,49.880001068115234,51.29999923706055,48.880001068115234,50.650001525878906,6770490
2023-06-09,51.45000076293945,51.849998474121094,49.599998474121094,49.959999084472656,6694975
2023-06-12,51.5,53.5,51.29999923706055,52.099998474121094,8805670
2023-06-13,49.900001525878906,51.29999923706055,49.540000915527344,51.29999923706055,6502542
2023-06-14,48.099998474121094,50.29999923706055,47.720001220703125,49.880001068115234,7321110
2023-06-15,48.58000183105469,48.779998779296875,47.47999954223633,48.099998474121094,5137736
2023-06-16,48.119998931884766,49.540000915527344,47.779998779296875,48.81999969482422,5012668
2023-06-19,45.779998779296875,48.119998931884766,45.70000076293945,48.099998474121094,4790177
2023-06-20,45.220001220703125,45.91999816894531,44.540000915527344,45.41999816894531,4006982
2023-06-21,45.619998931884766,47.060001373291016,45.13999938964844,45.36000061035156,10630550
2023-06-22,48.0,48.099998474121094,45.0,45.619998931884766,10750107
2023-06-23,50.0,50.599998474121094,49.099998474121094,49.5,8141880
2023-06-26,52.5,52.75,50.04999923706055,50.25,6734510
2023-06-27,57.0,57.25,52.20000076293945,53.0,8423367
2023-07-03,58.79999923706055,60.349998474121094,58.25,58.5,10117619
2023-07-04,57.29999923706055,59.099998474121094,57.25,58.79999923706055,8646667
2023-07-05,57.95000076293945,58.099998474121094,54.95000076293945,57.29999923706055,10469492
2023-07-06,57.25,59.70000076293945,57.150001525878906,58.45000076293945,10275325
2023-07-07,59.29999923706055,59.5,56.849998474121094,57.650001525878906,12261553
2023-07-10,61.45000076293945,62.54999923706055,60.400001525878906,60.400001525878906,11852538
2023-07-11,60.70000076293945,62.5,60.150001525878906,62.20000076293945,7560051
2023-07-12,59.400001525878906,61.0,58.95000076293945,60.54999923706055,8492720
2023-07-13,58.79999923706055,60.79999923706055,58.599998474121094,59.400001525878906,7088125
2023-07-14,60.20000076293945,60.849998474121094,58.54999923706055,59.20000076293945,7714288
2023-07-17,60.099998474121094,62.150001525878906,59.75,60.599998474121094,13737596
2023-07-18,56.04999923706055,60.5,55.95000076293945,60.20000076293945,10804645
2023-07-19,58.349998474121094,58.349998474121094,54.75,56.04999923706055,9392782
2023-07-20,58.25,59.25,57.04999923706055,58.849998474121094,9228868
2023-07-21,57.04999923706055,58.400001525878906,56.04999923706055,58.25,8697408
2023-07-24,60.79999923706055,60.900001525878906,56.599998474121094,57.25,22440149
2023-07-25,59.54999923706055,63.79999923706055,59.20000076293945,60.79999923706055,21166799
2023-07-26,60.0,60.75,58.599998474121094,59.400001525878906,9821160
2023-07-27,62.150001525878906,63.5,60.25,60.400001525878906,20527344
2023-07-28,61.650001525878906,64.4000015258789,60.95000076293945,63.0,17546434
2023-07-31,61.650001525878906,63.900001525878906,61.599998474121094,62.349998474121094,18262656
2023-08-01,60.599998474121094,63.04999923706055,60.599998474121094,61.650001525878906,16901959
2023-08-02,60.29999923706055,62.04999923706055,60.25,60.599998474121094,11564317
2023-08-03,59.150001525878906,61.25,58.849998474121094,60.400001525878906,10443977
2023-08-04,59.599998474121094,60.5,58.5,59.70000076293945,8377978
2023-08-07,62.25,62.70000076293945,60.04999923706055,60.599998474121094,11805339
2023-08-08,60.29999923706055,62.900001525878906,60.0,62.599998474121094,8437954
2023-08-09,59.70000076293945,60.599998474121094,59.20000076293945,60.5,8253516
2023-08-10,57.900001525878906,61.5,57.25,60.25,15300152
2023-08-11,60.0,60.0,56.79999923706055,57.900001525878906,8871954
2023-08-14,58.900001525878906,61.400001525878906,58.70000076293945,60.79999923706055,8419790
2023-08-15,58.849998474121094,59.400001525878906,58.04999923706055,59.29999923706055,5837923
2023-08-16,60.150001525878906,61.25,58.400001525878906,58.849998474121094,12794883
2023-08-17,60.95000076293945,61.79999923706055,59.79999923706055,60.099998474121094,8043648
2023-08-18,58.70000076293945,61.95000076293945,58.25,60.5,12143665
2023-08-21,61.150001525878906,61.45000076293945,57.650001525878906,58.5,9551015
2023-08-22,62.599998474121094,64.94999694824219,61.900001525878906,61.900001525878906,19915989
2023-08-23,61.599998474121094,65.5,61.599998474121094,62.900001525878906,20241116
2023-08-24,59.20000076293945,63.70000076293945,59.04999923706055,62.20000076293945,14574236
2023-08-25,64.4000015258789,64.4000015258789,58.75,60.150001525878906,12259184
2023-08-28,65.9000015258789,68.0,64.5999984741211,66.30000305175781,14164256
2023-08-29,64.3499984741211,66.5,63.5,66.19999694824219,10395630
2023-08-31,68.80000305175781,69.0999984741211,64.5999984741211,65.4000015258789,19166421
2023-09-01,68.0999984741211,68.80000305175781,67.05000305175781,68.80000305175781,9868449
2023-09-04,67.30000305175781,69.9000015258789,66.6500015258789,68.69999694824219,12959071
2023-09-05,66.44999694824219,67.5,65.4000015258789,67.30000305175781,8118549
2023-09-06,65.25,67.5,65.0,66.75,9285998
2023-09-07,68.55000305175781,68.5999984741211,65.4000015258789,65.5,13303405
2023-09-08,69.1500015258789,70.9000015258789,67.44999694824219,68.55000305175781,12122828
2023-09-11,67.30000305175781,70.5,66.5,69.5,10917895
2023-09-12,66.19999694824219,67.5999984741211,65.25,67.30000305175781,8928837
2023-09-13,63.849998474121094,67.19999694824219,63.54999923706055,66.19999694824219,12568725
2023-09-14,65.30000305175781,65.5,61.79999923706055,64.0,8936556
2023-09-15,63.900001525878906,66.4000015258789,63.650001525878906,65.3499984741211,6270979
2023-09-18,60.349998474121094,64.19999694824219,60.349998474121094,63.650001525878906,5672396
2023-09-19,61.04999923706055,61.650001525878906,59.849998474121094,60.5,7270361
2023-09-20,59.5,62.25,59.45000076293945,61.45000076293945,5877970
2023-09-21,61.900001525878906,62.04999923706055,58.400001525878906,59.04999923706055,7468164
2023-09-22,64.0999984741211,64.80000305175781,61.79999923706055,62.04999923706055,6829697
2023-09-25,64.75,65.3499984741211,63.900001525878906,64.4000015258789,7391352
2023-09-26,63.79999923706055,65.8499984741211,63.70000076293945,65.25,9288813
2023-09-27,62.0,64.3499984741211,61.79999923706055,64.0,8571157
2023-09-28,62.150001525878906,64.75,62.0,63.0,19995000
2023-09-29,63.400001525878906,64.0,62.20000076293945,62.349998474121094,9396843
2023-10-02,65.0,65.55000305175781,63.75,63.900001525878906,11227636
2023-10-03,68.25,69.0,65.1500015258789,65.19999694824219,14282730
2023-10-04,68.4000015258789,71.6500015258789,66.44999694824219,68.25,15452378
2023-10-05,70.0,70.5999984741211,66.80000305175781,69.19999694824219,16261150
2023-10-06,68.5,70.44999694824219,68.19999694824219,69.4000015258789,8311175
2023-10-09,64.8499984741211,68.05000305175781,64.0999984741211,66.5,9032564
2023-10-10,67.0,67.69999694824219,65.5999984741211,65.5999984741211,6172295
2023-10-11,67.1500015258789,67.19999694824219,64.9000015258789,66.75,7247278
2023-10-12,67.0,68.8499984741211,63.650001525878906,67.69999694824219,9054714
2023-10-13,65.69999694824219,67.3499984741211,64.6500015258789,67.19999694824219,5367191
2023-10-16,65.5,67.5,65.0999984741211,67.5,5969394
2023-10-17,67.69999694824219,67.80000305175781,65.5,65.5999984741211,6387505
2023-10-18,65.25,67.19999694824219,65.05000305175781,66.0,5231242
2023-10-19,64.5,67.0999984741211,63.150001525878906,66.1500015258789,8195521
2023-10-20,61.5,64.25,60.349998474121094,63.5,5974217
2023-10-23,62.29999923706055,62.95000076293945,60.45000076293945,62.5,5914287
2023-10-24,64.1500015258789,65.4000015258789,63.349998474121094,65.0,5804278
2023-10-25,58.54999923706055,64.8499984741211,58.54999923706055,63.849998474121094,6729909
2023-10-26,60.349998474121094,61.20000076293945,57.849998474121094,60.0,5982706
2023-10-27,61.5,61.5,58.599998474121094,60.0,4116015
2023-10-30,64.19999694824219,64.44999694824219,61.0,61.349998474121094,9792191
2023-10-31,60.95000076293945,64.4000015258789,60.900001525878906,64.0999984741211,5061757
2023-11-01,60.150001525878906,61.349998474121094,59.0,61.20000076293945,5286176
2023-11-02,62.45000076293945,62.45000076293945,60.25,61.0,3772360
2023-11-03,63.349998474121094,63.599998474121094,61.349998474121094,63.599998474121094,3866971
2023-11-06,63.900001525878906,64.80000305175781,63.150001525878906,64.30000305175781,4600983
2023-11-07,63.849998474121094,64.5999984741211,63.20000076293945,63.849998474121094,4240879
2023-11-08,61.900001525878906,63.900001525878906,61.849998474121094,63.849998474121094,7511301
2023-11-09,61.25,62.099998474121094,61.04999923706055,61.79999923706055,3049908
2023-11-10,60.599998474121094,61.70000076293945,60.5,61.5,3545945
2023-11-13,58.45000076293945,61.150001525878906,58.349998474121094,61.0,3645664
2023-11-14,59.29999923706055,59.79999923706055,58.25,58.45000076293945,3318800
2023-11-15,60.150001525878906,60.29999923706055,58.70000076293945,59.54999923706055,3292779
2023-11-16,59.75,60.650001525878906,59.29999923706055,59.900001525878906,3272005
2023-11-17,59.70000076293945,60.400001525878906,59.5,59.75,1896777
2023-11-20,61.79999923706055,61.79999923706055,60.099998474121094,60.150001525878906,3820532
2023-11-21,60.900001525878906,61.900001525878906,60.29999923706055,61.75,4371388
2023-11-22,61.25,61.95000076293945,60.650001525878906,60.900001525878906,3423811
2023-11-23,60.099998474121094,62.70000076293945,60.04999923706055,61.04999923706055,6808671
2023-11-24,59.400001525878906,60.099998474121094,58.75,60.0,4513668
2023-11-27,59.900001525878906,60.349998474121094,59.150001525878906,59.5,3977946
2023-11-28,59.650001525878906,60.400001525878906,59.54999923706055,59.79999923706055,4056285
2023-11-29,58.54999923706055,60.54999923706055,58.5,59.79999923706055,4176439
2023-11-30,59.75,59.75,57.79999923706055,58.5,6396885
2023-12-01,58.5,60.25,58.5,59.70000076293945,2669265
2023-12-04,58.04999923706055,58.849998474121094,57.54999923706055,58.5,2737689
2023-12-05,57.20000076293945,58.599998474121094,57.20000076293945,58.04999923706055,2317878
2023-12-06,54.349998474121094,57.45000076293945,54.349998474121094,57.25,4389884
2023-12-07,54.599998474121094,54.70000076293945,52.95000076293945,54.349998474121094,3556677
2023-12-08,53.349998474121094,55.0,53.349998474121094,54.5,3015485
2023-12-11,51.54999923706055,53.5,51.25,53.349998474121094,3918504
2023-12-12,50.400001525878906,51.650001525878906,50.29999923706055,51.099998474121094,4312345
2023-12-13,48.36000061035156,50.5,48.279998779296875,50.0,4840952
2023-12-14,49.779998779296875,50.20000076293945,48.400001525878906,48.720001220703125,4353442
2023-12-15,51.400001525878906,51.400001525878906,49.29999923706055,49.81999969482422,7335552
2023-12-18,48.08000183105469,51.599998474121094,47.720001220703125,51.0,6285288
2023-12-19,46.52000045776367,48.380001068115234,46.400001525878906,48.08000183105469,8406369
2023-12-20,45.91999816894531,47.2599983215332,45.20000076293945,46.58000183105469,5135709
2023-12-21,47.939998626708984,47.939998626708984,45.36000061035156,45.91999816894531,6515492
2023-12-22,46.15999984741211,48.34000015258789,46.15999984741211,47.939998626708984,4015137
2023-12-25,44.0,46.02000045776367,43.20000076293945,46.02000045776367,3766464
2023-12-26,43.31999969482422,44.70000076293945,42.779998779296875,44.13999938964844,4933389
2023-12-27,43.34000015258789,44.220001220703125,42.540000915527344,43.31999969482422,4888888
2023-12-28,44.720001220703125,44.720001220703125,43.52000045776367,43.81999969482422,4245167
2023-12-29,46.2400016784668,46.380001068115234,44.5,44.720001220703125,4360817
2024-01-02,46.58000183105469,47.099998474121094,46.279998779296875,46.70000076293945,3514688
2024-01-03,44.900001525878906,46.720001220703125,44.900001525878906,46.459999084472656,3903662
2024-01-04,45.880001068115234,45.880001068115234,44.560001373291016,44.900001525878906,2873843
2024-01-05,47.279998779296875,47.29999923706055,45.7400016784668,45.79999923706055,3145703
2024-01-08,48.0,48.720001220703125,47.400001525878906,47.400001525878906,3579222
2024-01-09,46.81999969482422,48.560001373291016,46.7400016784668,48.279998779296875,4085056
2024-01-10,48.63999938964844,48.79999923706055,46.619998931884766,46.81999969482422,4046921
2024-01-11,48.380001068115234,48.939998626708984,47.779998779296875,48.63999938964844,2869687
2024-01-12,48.439998626708984,49.18000030517578,47.18000030517578,48.18000030517578,4927583
2024-01-15,48.439998626708984,49.220001220703125,48.099998474121094,48.599998474121094,4669562
2024-01-16,48.540000915527344,49.220001220703125,47.900001525878906,48.70000076293945,3693069
2024-01-17,48.36000061035156,48.720001220703125,47.86000061035156,48.36000061035156,3836413
2024-01-18,48.70000076293945,49.2400016784668,48.29999923706055,48.560001373291016,3586230
2024-01-19,48.599998474121094,49.0,48.2599983215332,48.79999923706055,3245884
2024-01-22,48.81999969482422,50.20000076293945,48.400001525878906,48.52000045776367,5611744
2024-01-23,47.779998779296875,49.63999938964844,47.63999938964844,49.29999923706055,5627959
2024-01-24,48.63999938964844,49.459999084472656,47.63999938964844,47.959999084472656,5283964
2024-01-25,50.0,50.0,48.959999084472656,48.959999084472656,5387373
2024-01-26,50.599998474121094,50.70000076293945,49.63999938964844,50.150001525878906,6214661
2024-01-29,55.650001525878906,55.650001525878906,50.45000076293945,50.79999923706055,28250150
2024-01-30,61.20000076293945,61.20000076293945,54.75,55.650001525878906,38219001
2024-01-31,61.45000076293945,66.0999984741211,60.70000076293945,61.20000076293945,33334919
2024-02-01,64.9000015258789,65.69999694824219,61.150001525878906,61.599998474121094,16528363
2024-02-02,67.19999694824219,68.3499984741211,63.400001525878906,65.5,19506276
2024-02-05,65.75,67.55000305175781,65.69999694824219,67.19999694824219,10901177
2024-02-06,72.30000305175781,72.30000305175781,72.30000305175781,72.30000305175781,6502783
2024-02-07,79.4000015258789,79.5,74.5,77.75,57156175
2024-02-08,77.55000305175781,81.44999694824219,77.55000305175781,79.4000015258789,22916956
2024-02-09,81.5999984741211,84.0,75.55000305175781,78.30000305175781,32694129
2024-02-12,89.75,89.75,81.25,83.80000305175781,45156522
2024-02-13,87.0,94.75,85.9000015258789,90.9000015258789,31980275
2024-02-14,82.94999694824219,88.4000015258789,82.8499984741211,87.19999694824219,29248378
2024-02-15,82.6500015258789,86.6500015258789,80.3499984741211,83.0999984741211,36770195
2024-02-16,79.5999984741211,83.8499984741211,79.0,82.8499984741211,11499068
2024-02-19,82.0,87.55000305175781,78.5999984741211,79.75,41740660
2024-02-20,83.0,86.4000015258789,82.0999984741211,82.5,23630241
2024-02-21,91.30000305175781,91.30000305175781,82.4000015258789,83.19999694824219,42412666
2024-02-22,95.55000305175781,98.69999694824219,88.19999694824219,88.4000015258789,32156618
2024-02-23,92.5999984741211,96.0,89.80000305175781,95.55000305175781,19423249
2024-02-26,90.0999984741211,93.0999984741211,89.30000305175781,92.05000305175781,15020319
2024-02-27,84.75,90.0999984741211,84.5,90.0999984741211,7444116
2024-02-28,84.44999694824219,86.94999694824219,82.5999984741211,84.75,11515278
2024-02-29,83.05000305175781,87.0,83.05000305175781,84.5,10667087
2024-03-01,80.1500015258789,84.44999694824219,79.5,84.0,7414310
2024-03-04,76.5,81.5,76.5,80.1500015258789,7146319
2024-03-05,76.0,77.69999694824219,74.75,76.5,7188129
2024-03-06,74.0,77.3499984741211,73.5999984741211,76.0,7374377
2024-03-07,76.30000305175781,77.4000015258789,73.80000305175781,73.94999694824219,13883057
2024-03-08,77.80000305175781,81.8499984741211,74.30000305175781,76.5,24456678
2024-03-11,76.80000305175781,80.5,75.75,78.80000305175781,5464181
2024-03-12,84.44999694824219,84.44999694824219,78.5,80.1500015258789,35262551
2024-03-13,82.0999984741211,88.5,81.55000305175781,84.80000305175781,27621929
2024-03-14,81.0,85.75,79.25,81.0999984741211,16918042
2024-03-15,80.1500015258789,81.6500015258789,78.8499984741211,80.25,3179793
2024-03-18,75.55000305175781,79.75,75.55000305175781,79.75,5829960
2024-03-19,77.0,77.19999694824219,75.0,75.4000015258789,2698963
2024-03-20,78.0,78.0999984741211,76.0,77.0,2642935
2024-03-21,85.80000305175781,85.80000305175781,77.05000305175781,78.19999694824219,37815261
2024-03-22,83.0,92.4000015258789,83.0,86.69999694824219,43954773
2024-03-25,79.5,85.30000305175781,79.5,83.0,13137339
2024-03-26,78.0999984741211,80.94999694824219,76.30000305175781,79.94999694824219,6615142
2024-03-27,78.5,80.75,77.5,78.3499984741211,4233020
2024-03-28,85.0,86.3499984741211,79.5999984741211,79.5999984741211,19683889
2024-03-29,83.44999694824219,90.44999694824219,83.0,85.0,23489947
2024-04-01,85.80000305175781,88.80000305175781,81.19999694824219,84.0999984741211,15262001
2024-04-02,82.0,87.5,81.9000015258789,86.05000305175781,12932899
2024-04-03,90.19999694824219,90.19999694824219,81.5,82.0,37868355
2024-04-04,84.75,91.9000015258789,84.4000015258789,91.30000305175781,24824271
2024-04-05,86.25,87.25,85.19999694824219,85.25,10990703
2024-04-08,88.0999984741211,90.75,87.3499984741211,88.8499984741211,9077615
2024-04-15,86.19999694824219,89.5,85.94999694824219,87.5,7395592
2024-04-16,86.80000305175781,89.5999984741211,83.4000015258789,85.25,11507158
2024-04-17,88.1500015258789,89.9000015258789,87.19999694824219,88.1500015258789,8947461
2024-04-18,91.55000305175781,92.80000305175781,86.25,88.69999694824219,17376474
2024-04-19,87.19999694824219,92.19999694824219,86.69999694824219,90.0999984741211,16884766
2024-04-22,86.8499984741211,88.75,86.30000305175781,88.19999694824219,5388592
2024-04-24,86.30000305175781,88.1500015258789,86.19999694824219,87.25,4091992
2024-04-25,84.5,86.9000015258789,84.30000305175781,86.44999694824219,6428761
2024-04-26,84.44999694824219,87.0,83.8499984741211,85.0,11062015
2024-04-29,86.0,88.0999984741211,84.05000305175781,84.5,11968838
2024-04-30,83.5,87.25,83.3499984741211,86.25,6211706
2024-05-02,87.55000305175781,88.3499984741211,83.9000015258789,84.05000305175781,10738951
2024-05-03,96.30000305175781,96.30000305175781,86.44999694824219,87.3499984741211,35795971
2024-05-06,98.5,100.5999984741211,94.30000305175781,97.1500015258789,22110845
2024-05-07,94.19999694824219,103.0,92.69999694824219,98.5,27115881
2024-05-08,103.0,103.5999984741211,92.3499984741211,94.94999694824219,25638684
2024-05-09,102.80000305175781,107.30000305175781,101.0999984741211,103.0,14902543
2024-05-10,102.0,105.19999694824219,100.4000015258789,103.80000305175781,15669096
2024-05-13,97.9000015258789,102.69999694824219,97.9000015258789,102.30000305175781,5076704
2024-05-14,99.5,100.9000015258789,97.80000305175781,98.19999694824219,5770824
2024-05-15,97.80000305175781,100.30000305175781,97.5,100.0,3671867
2024-05-16,95.80000305175781,99.0,94.55000305175781,97.80000305175781,10192147
2024-05-17,97.55000305175781,99.44999694824219,95.9000015258789,96.30000305175781,6730583
2024-05-20,100.30000305175781,101.5,97.5,97.55000305175781,6979082
2024-05-21,96.0,102.4000015258789,96.0,101.0,10119228
2024-05-22,95.75,97.30000305175781,95.4000015258789,96.5,4566803
2024-05-23,91.69999694824219,97.0999984741211,91.0,95.75,6691255
2024-05-24,90.5,93.4000015258789,89.75,91.9000015258789,4962587
2024-05-27,89.9000015258789,92.0,89.0,91.30000305175781,4513634
2024-05-28,89.44999694824219,90.75,89.0,90.30000305175781,4262812
2024-05-29,86.5,91.3499984741211,86.5,89.5999984741211,7562569
2024-05-30,86.5,86.94999694824219,85.3499984741211,86.5,3820280
2024-05-31,83.69999694824219,88.0999984741211,83.69999694824219,86.5999984741211,11626685
2024-06-03,86.0,86.0,82.6500015258789,84.44999694824219,6057438
2024-06-04,86.55000305175781,87.55000305175781,85.25,86.19999694824219,3404803
2024-06-05,85.30000305175781,86.9000015258789,83.9000015258789,86.44999694824219,2834436
2024-06-06,82.94999694824219,87.5,82.75,85.6500015258789,5605001
2024-06-07,82.69999694824219,84.5999984741211,81.4000015258789,83.19999694824219,2798540
2024-06-10,80.9000015258789,82.80000305175781,80.55000305175781,82.80000305175781,2295918
2024-06-11,81.6500015258789,81.80000305175781,80.05000305175781,80.4000015258789,2386828
2024-06-12,83.80000305175781,85.0,81.5,81.80000305175781,3667528
2024-06-13,86.69999694824219,87.30000305175781,85.25,85.5,2934235
2024-06-14,87.69999694824219,88.55000305175781,87.0,88.0999984741211,2213703
2024-06-20,87.44999694824219,89.0,86.4000015258789,88.19999694824219,2684230
2024-06-21,87.55000305175781,88.75,85.69999694824219,87.0,4295937
2024-06-24,82.75,88.0,82.1500015258789,87.5,11157662
2024-06-25,80.55000305175781,83.05000305175781,79.0,82.75,4949121
2024-06-26,79.5999984741211,81.3499984741211,79.0,80.75,2803502
2024-06-27,80.4000015258789,80.4000015258789,78.19999694824219,79.69999694824219,3394577
2024-06-28,78.75,81.3499984741211,78.4000015258789,80.6500015258789,3474701
2024-07-01,76.0,79.4000015258789,75.25,79.0,3967318
2024-07-02,76.19999694824219,76.75,74.0,76.0999984741211,3475717
2024-07-03,76.8499984741211,77.4000015258789,75.0999984741211,76.5,2946775
2024-07-04,80.0,80.0,76.8499984741211,76.8499984741211,3189888
2024-07-05,79.0,80.0,78.44999694824219,80.0,3075159
2024-07-08,77.69999694824219,80.4000015258789,77.0999984741211,80.0999984741211,5536505
2024-07-09,77.05000305175781,78.94999694824219,77.0,77.8499984741211,2845825
2024-07-10,76.0999984741211,77.44999694824219,76.0999984741211,77.19999694824219,2330672
2024-07-11,78.5999984741211,78.5999984741211,76.5999984741211,76.80000305175781,3079550
2024-07-12,78.0,79.4000015258789,77.9000015258789,78.30000305175781,2939502
2024-07-16,76.5,78.94999694824219,75.94999694824219,78.44999694824219,4685805
2024-07-17,78.19999694824219,79.3499984741211,76.0999984741211,76.5,4798182
2024-07-18,77.9000015258789,80.5999984741211,77.3499984741211,80.0,8587649
2024-07-19,76.19999694824219,78.0,76.0999984741211,77.9000015258789,4449901
2024-07-22,75.0999984741211,77.9000015258789,75.0999984741211,76.55000305175781,8150994
2024-07-23,76.05000305175781,77.0,75.3499984741211,75.3499984741211,6521229
2024-07-24,74.3499984741211,77.25,74.3499984741211,76.5,7782846
2024-07-25,73.0,74.75,72.6500015258789,74.4000015258789,3440347
2024-07-26,75.30000305175781,76.8499984741211,72.75,73.0999984741211,7774810
2024-07-29,72.9000015258789,75.5,72.30000305175781,74.5,6211725
2024-07-30,71.69999694824219,73.3499984741211,71.69999694824219,72.94999694824219,4415300
2024-07-31,70.6500015258789,71.75,70.1500015258789,71.5,3984544
2024-08-01,72.30000305175781,73.1500015258789,71.05000305175781,71.05000305175781,3407933
2024-08-02,71.4000015258789,73.25,70.55000305175781,71.5,3921906
2024-08-05,66.3499984741211,68.30000305175781,65.0,65.5,4952868
2024-08-06,67.5,69.4000015258789,66.69999694824219,67.94999694824219,5063274
2024-08-07,68.75,70.05000305175781,67.0999984741211,68.0,5378346
2024-08-08,70.9000015258789,72.4000015258789,68.94999694824219,69.0,6616021
2024-08-09,69.0,72.9000015258789,68.8499984741211,72.5,5672951
2024-08-12,67.80000305175781,70.0999984741211,66.55000305175781,70.0,4744193
2024-08-13,68.44999694824219,68.55000305175781,66.0999984741211,67.9000015258789,2672749
2024-08-14,67.80000305175781,70.0,67.44999694824219,68.9000015258789,2906562
2024-08-15,69.75,69.75,66.80000305175781,68.5999984741211,3715733
2024-08-16,69.0,70.44999694824219,68.6500015258789,69.75,2753207
2024-08-19,70.05000305175781,70.05000305175781,67.9000015258789,69.0,4004327
2024-08-20,70.80000305175781,71.6500015258789,69.55000305175781,70.05000305175781,3650922
2024-08-21,70.1500015258789,71.44999694824219,69.94999694824219,70.69999694824219,2698931
2024-08-22,72.19999694824219,73.0,70.25,70.25,6207585
2024-08-23,67.69999694824219,72.19999694824219,67.5,72.19999694824219,5634341
2024-08-26,65.55000305175781,68.0,65.44999694824219,67.9000015258789,3572834
2024-08-27,65.8499984741211,66.3499984741211,65.0,65.5999984741211,2968273
2024-08-28,66.0,66.9000015258789,65.8499984741211,65.8499984741211,2514898
2024-08-29,66.05000305175781,66.94999694824219,65.3499984741211,66.19999694824219,3429076
2024-09-02,67.80000305175781,67.8499984741211,66.4000015258789,66.4000015258789,2771048
2024-09-03,66.3499984741211,68.5,66.3499984741211,67.80000305175781,2970357
2024-09-04,65.5,66.19999694824219,64.94999694824219,65.69999694824219,2958952
2024-09-05,66.55000305175781,67.9000015258789,65.69999694824219,65.69999694824219,3843581
2024-09-06,65.5,68.05000305175781,65.25,66.3499984741211,6444663
2024-09-09,62.45000076293945,65.19999694824219,62.349998474121094,64.80000305175781,3882100
2024-09-10,61.45000076293945,63.20000076293945,60.0,62.75,3472439
2024-09-11,59.349998474121094,61.5,59.0,61.25,3960415
2024-09-12,61.20000076293945,61.20000076293945,59.0,60.099998474121094,3520303
2024-09-13,64.0,64.0,60.849998474121094,61.150001525878906,3345633
2024-09-16,63.0,64.75,62.900001525878906,63.75,3004415
2024-09-17,64.5,64.8499984741211,63.04999923706055,63.29999923706055,2609123
2024-09-18,64.9000015258789,68.9000015258789,63.400001525878906,64.44999694824219,8122820
2024-09-19,66.5999984741211,66.5999984741211,65.1500015258789,65.5,3877862
2024-09-20,65.9000015258789,66.94999694824219,65.3499984741211,66.5999984741211,2558543
2024-09-23,66.30000305175781,67.75,65.9000015258789,67.19999694824219,4246101
2024-09-24,67.4000015258789,67.75,66.05000305175781,66.30000305175781,3808075
2024-09-25,65.80000305175781,67.8499984741211,65.5999984741211,67.5999984741211,3001741
2024-09-26,65.75,68.0999984741211,65.75,65.8499984741211,5523359
2024-09-27,66.25,68.19999694824219,65.44999694824219,65.9000015258789,5554251
2024-09-30,64.44999694824219,66.8499984741211,63.75,66.25,6359036
2024-10-01,62.650001525878906,64.9000015258789,61.29999923706055,64.19999694824219,4283831
2024-10-02,62.29999923706055,63.900001525878906,61.900001525878906,62.599998474121094,3841967
2024-10-03,60.900001525878906,63.45000076293945,60.75,62.150001525878906,4514975
2024-10-04,61.70000076293945,61.79999923706055,59.650001525878906,61.20000076293945,2934435
2024-10-07,60.29999923706055,62.75,60.099998474121094,62.0,3134431
2024-10-08,60.5,61.099998474121094,59.04999923706055,60.0,3899275
2024-10-09,61.70000076293945,61.70000076293945,59.5,60.099998474121094,2536252
2024-10-10,58.900001525878906,62.0,58.900001525878906,61.650001525878906,4560825
2024-10-11,57.650001525878906,59.5,57.0,59.04999923706055,5322370
2024-10-14,56.599998474121094,57.849998474121094,56.20000076293945,57.599998474121094,3691388
2024-10-15,58.5,58.5,56.599998474121094,56.599998474121094,3568464
2024-10-16,59.45000076293945,59.599998474121094,57.849998474121094,58.099998474121094,2478319
2024-10-17,60.599998474121094,61.0,59.099998474121094,59.45000076293945,3330531
2024-10-18,59.29999923706055,61.150001525878906,59.099998474121094,60.650001525878906,2695995
2024-10-21,58.45000076293945,59.599998474121094,57.95000076293945,59.400001525878906,2573060
2024-10-22,59.54999923706055,59.95000076293945,58.5,58.54999923706055,3458338
2024-10-23,57.45000076293945,59.849998474121094,56.5,59.150001525878906,5541990
2024-10-24,58.5,58.849998474121094,57.54999923706055,57.70000076293945,2938075
2024-10-25,58.75,58.79999923706055,57.5,58.099998474121094,2129506
2024-10-28,58.25,59.20000076293945,57.95000076293945,58.75,1244892
2024-10-30,58.79999923706055,59.400001525878906,57.95000076293945,58.25,3769404
2024-10-31,57.04999923706055,58.79999923706055,56.79999923706055,58.400001525878906,3360403
2024-11-01,57.04999923706055,58.04999923706055,56.70000076293945,57.5,2403967
2024-11-04,54.75,56.900001525878906,54.54999923706055,56.75,3161805
2024-11-05,55.45000076293945,55.849998474121094,54.099998474121094,54.95000076293945,2619406
2024-11-06,57.54999923706055,57.75,55.25,55.54999923706055,2942615
2024-11-07,58.25,58.5,57.04999923706055,57.5,2465737
2024-11-08,59.400001525878906,59.650001525878906,58.25,58.400001525878906,2401399
2024-11-11,58.849998474121094,59.099998474121094,57.20000076293945,57.95000076293945,5306834
2024-11-12,59.20000076293945,59.849998474121094,57.29999923706055,58.25,3769041
2024-11-13,59.04999923706055,60.25,58.20000076293945,59.0,3470785
2024-11-14,60.099998474121094,60.650001525878906,59.25,59.25,3021129
2024-11-15,59.95000076293945,60.900001525878906,59.79999923706055,60.150001525878906,2750618
2024-11-18,61.45000076293945,61.5,58.849998474121094,60.04999923706055,3994474
2024-11-19,58.75,62.0,58.45000076293945,61.5,4796820
2024-11-20,56.25,59.25,56.25,59.0,4079240
2024-11-21,58.75,58.75,56.45000076293945,56.54999923706055,3627774
2024-11-22,60.900001525878906,60.900001525878906,58.20000076293945,58.20000076293945,3303552
2024-11-25,62.25,64.05000305175781,61.95000076293945,62.400001525878906,5540595
2024-11-26,62.20000076293945,63.20000076293945,61.150001525878906,61.900001525878906,3830583
2024-11-27,62.70000076293945,64.9000015258789,62.20000076293945,62.79999923706055,6092910
2024-11-28,62.54999923706055,63.349998474121094,61.900001525878906,62.150001525878906,4159278
2024-11-29,63.849998474121094,64.05000305175781,61.29999923706055,62.54999923706055,4988100
2024-12-02,64.5,64.80000305175781,63.099998474121094,63.29999923706055,2780798
2024-12-03,63.79999923706055,64.94999694824219,62.0,64.5,3138129
2024-12-04,69.4000015258789,70.0,63.29999923706055,64.05000305175781,13953823
2024-12-05,70.0,70.75,68.4000015258789,69.30000305175781,10560631
2024-12-06,71.0999984741211,73.1500015258789,70.05000305175781,70.5,7558027
2024-12-09,74.4000015258789,74.55000305175781,71.25,71.4000015258789,9092132
2024-12-10,74.69999694824219,75.80000305175781,73.55000305175781,74.0,6155080
2024-12-11,72.6500015258789,75.6500015258789,72.55000305175781,74.69999694824219,10667686
2024-12-12,71.94999694824219,73.69999694824219,71.19999694824219,72.6500015258789,4533529
2024-12-13,71.1500015258789,72.30000305175781,70.44999694824219,71.69999694824219,3825097
2024-12-16,68.94999694824219,72.69999694824219,68.94999694824219,72.0,5790506
2024-12-17,69.5,70.25,67.69999694824219,68.8499984741211,4793826
2024-12-18,66.8499984741211,69.8499984741211,66.8499984741211,69.55000305175781,4857692
2024-12-19,67.19999694824219,69.30000305175781,66.0,66.3499984741211,5062876
2024-12-20,66.9000015258789,67.80000305175781,66.0,67.5,2794497
2024-12-23,65.8499984741211,67.19999694824219,65.6500015258789,67.0,2931787
2024-12-24,66.94999694824219,67.1500015258789,65.55000305175781,65.9000015258789,3719404
2024-12-25,67.94999694824219,68.80000305175781,67.30000305175781,67.6500015258789,2808937
2024-12-26,67.8499984741211,68.80000305175781,67.3499984741211,68.05000305175781,2728840
2024-12-27,69.75,70.3499984741211,67.75,67.8499984741211,4526445
2024-12-30,70.5,71.75,69.5,69.75,6077914
2024-12-31,71.30000305175781,71.6500015258789,69.5,70.05000305175781,4587880
2025-01-02,71.94999694824219,73.05000305175781,68.9000015258789,71.05000305175781,6832846
2025-01-03,71.4000015258789,72.5,70.69999694824219,72.05000305175781,3462724
2025-01-06,72.05000305175781,73.1500015258789,71.5999984741211,71.69999694824219,4242972
2025-01-07,70.6500015258789,72.1500015258789,70.25,71.8499984741211,3017720
2025-01-08,68.94999694824219,71.1500015258789,68.69999694824219,70.0,3238282
2025-01-09,69.5,70.0,68.80000305175781,69.1500015258789,3956707
2025-01-10,70.80000305175781,72.5999984741211,69.0999984741211,69.55000305175781,6226289
2025-01-13,66.94999694824219,71.1500015258789,66.3499984741211,70.94999694824219,7273413
2025-01-14,64.19999694824219,67.80000305175781,64.0999984741211,67.44999694824219,6995160
2025-01-15,65.0999984741211,65.0999984741211,62.400001525878906,64.4000015258789,5816120
2025-01-16,65.0,66.0999984741211,63.75,65.75,3141909
2025-01-17,65.3499984741211,65.75,64.5,64.80000305175781,2725718
2025-01-20,64.3499984741211,65.9000015258789,64.0,65.44999694824219,3377076
2025-01-21,63.5,65.3499984741211,63.5,64.1500015258789,4335499
2025-01-22,65.80000305175781,65.80000305175781,62.900001525878906,63.70000076293945,4436901
2025-01-23,65.0999984741211,66.19999694824219,65.0,65.80000305175781,2151205
2025-01-24,65.80000305175781,65.9000015258789,64.44999694824219,65.0999984741211,2495079
2025-01-27,63.849998474121094,65.80000305175781,63.5,65.30000305175781,2589521
2025-01-28,64.05000305175781,64.69999694824219,63.599998474121094,63.849998474121094,2718635
2025-01-29,62.70000076293945,64.6500015258789,62.599998474121094,64.1500015258789,3119532
2025-01-30,62.75,63.900001525878906,62.75,62.849998474121094,2301945
2025-01-31,61.349998474121094,63.099998474121094,59.79999923706055,62.849998474121094,5503258
2025-02-03,59.54999923706055,61.0,59.29999923706055,60.75,3218191
2025-02-04,59.70000076293945,60.95000076293945,59.0,59.75,4095755
2025-02-05,59.45000076293945,61.5,58.0,60.0,5750614
2025-02-06,59.45000076293945,60.70000076293945,59.29999923706055,59.54999923706055,3887658
2025-02-07,60.29999923706055,61.0,59.400001525878906,59.5,3390782
2025-02-10,61.0,61.900001525878906,60.400001525878906,60.400001525878906,3370097
2025-02-11,61.04999923706055,61.04999923706055,59.75,60.599998474121094,2634012
2025-02-12,60.25,61.599998474121094,60.04999923706055,60.95000076293945,2671640
2025-02-13,61.150001525878906,61.45000076293945,60.45000076293945,60.45000076293945,2284699
2025-02-14,60.599998474121094,63.29999923706055,60.599998474121094,63.20000076293945,4614248
2025-02-17,60.150001525878906,61.150001525878906,59.849998474121094,60.70000076293945,2779717
2025-02-18,60.45000076293945,60.650001525878906,59.04999923706055,60.0,4021938
2025-02-19,58.29999923706055,60.650001525878906,58.04999923706055,60.45000076293945,4219809
2025-02-20,59.0,59.45000076293945,58.29999923706055,58.349998474121094,3060107
2025-02-21,57.25,59.900001525878906,56.79999923706055,59.150001525878906,2662925
2025-02-24,58.25,59.400001525878906,57.650001525878906,57.79999923706055,2280737
2025-02-25,56.54999923706055,58.25,56.349998474121094,57.95000076293945,1900847
2025-02-26,56.599998474121094,57.20000076293945,55.900001525878906,56.400001525878906,2307071
2025-02-27,57.400001525878906,57.54999923706055,56.04999923706055,56.400001525878906,3802041
2025-02-28,55.95000076293945,57.70000076293945,55.75,57.0,4362540
2025-03-03,55.29999923706055,56.45000076293945,54.75,55.650001525878906,5609111
2025-03-04,55.95000076293945,56.29999923706055,54.95000076293945,55.29999923706055,4230680
2025-03-05,57.849998474121094,58.0,56.29999923706055,56.29999923706055,3874755
2025-03-06,60.20000076293945,60.25,58.0,58.400001525878906,3677838
2025-03-07,61.400001525878906,61.75,60.25,60.400001525878906,4981158
2025-03-10,60.849998474121094,62.099998474121094,60.45000076293945,61.400001525878906,3774293
2025-03-11,57.95000076293945,59.0,56.900001525878906,58.95000076293945,7992499
2025-03-12,58.400001525878906,59.099998474121094,57.349998474121094,58.349998474121094,5612212
2025-03-13,60.20000076293945,60.79999923706055,58.400001525878906,58.400001525878906,6664261
2025-03-14,59.95000076293945,61.04999923706055,59.54999923706055,60.5,5873789
2025-03-17,60.400001525878906,61.25,60.0,60.25,4824637
2025-03-18,58.849998474121094,60.25,58.45000076293945,60.20000076293945,9023667
2025-03-19,53.0,56.75,53.0,55.099998474121094,7494025
2025-03-20,51.95000076293945,54.25,51.0,52.900001525878906,9499169
2025-03-21,46.7599983215332,51.900001525878906,46.7599983215332,51.54999923706055,7598154
2025-03-24,48.380001068115234,48.7599983215332,45.15999984741211,47.220001220703125,7753730
2025-03-25,50.650001525878906,51.04999923706055,48.560001373291016,48.81999969482422,6128156
2025-03-26,49.380001068115234,50.04999923706055,48.20000076293945,49.540000915527344,7142241
2025-03-27,48.52000045776367,50.650001525878906,48.439998626708984,49.70000076293945,6523886
2025-03-28,48.91999816894531,49.47999954223633,47.63999938964844,48.599998474121094,4045787
2025-04-02,47.7599983215332,49.599998474121094,47.7599983215332,48.900001525878906,4770589
2025-04-03,48.20000076293945,49.08000183105469,47.7599983215332,47.7599983215332,4370736
2025-04-04,47.599998474121094,48.540000915527344,47.08000183105469,48.08000183105469,3767123
2025-04-07,47.81999969482422,48.08000183105469,45.36000061035156,45.959999084472656,5776776
2025-04-08,48.29999923706055,50.25,48.2400016784668,48.5,11388935
2025-04-09,47.939998626708984,48.41999816894531,47.380001068115234,47.70000076293945,6135501
2025-04-10,47.34000015258789,49.5,47.34000015258789,49.279998779296875,4795722
2025-04-11,47.0,47.63999938964844,46.439998626708984,47.380001068115234,5308574
2025-04-14,47.29999923706055,47.7599983215332,47.2400016784668,47.400001525878906,4382021
2025-04-15,46.47999954223633,47.91999816894531,46.279998779296875,47.29999923706055,9572059
2025-04-16,45.779998779296875,46.13999938964844,45.02000045776367,46.0,5849276
2025-04-17,46.099998474121094,46.459999084472656,44.79999923706055,45.5,7972465
2025-04-18,45.5,46.880001068115234,44.939998626708984,46.2400016784668,7683003
2025-04-21,46.13999938964844,46.29999923706055,45.02000045776367,45.47999954223633,5629847
2025-04-22,44.81999969482422,46.400001525878906,44.779998779296875,46.13999938964844,6608673
2025-04-24,44.880001068115234,45.220001220703125,43.52000045776367,44.900001525878906,6089284
2025-04-25,44.540000915527344,45.65999984741211,44.400001525878906,44.900001525878906,5826358
2025-04-28,43.279998779296875,45.0,43.279998779296875,44.599998474121094,5537114
2025-04-29,41.939998626708984,43.5,41.79999923706055,43.279998779296875,6927068
2025-04-30,40.380001068115234,42.060001373291016,40.08000183105469,41.939998626708984,7215299
2025-05-02,41.099998474121094,41.41999816894531,40.459999084472656,40.459999084472656,4059855
2025-05-05,42.459999084472656,42.70000076293945,40.58000183105469,41.20000076293945,7372465
2025-05-06,41.36000061035156,42.779998779296875,41.34000015258789,42.2400016784668,5165875
2025-05-07,39.65999984741211,41.81999969482422,39.36000061035156,41.36000061035156,9294940
2025-05-08,40.599998474121094,40.79999923706055,39.560001373291016,39.79999923706055,3430573
2025-05-09,41.5,41.5,40.70000076293945,40.84000015258789,4101775
2025-05-12,43.20000076293945,43.459999084472656,42.0,42.0,5777009
2025-05-13,43.13999938964844,44.060001373291016,41.0,42.400001525878906,10762904
2025-05-14,43.15999984741211,43.7599983215332,42.220001220703125,43.13999938964844,6867438
2025-05-15,41.099998474121094,43.58000183105469,41.0,43.13999938964844,8217274
2025-05-16,41.79999923706055,42.099998474121094,40.880001068115234,41.040000915527344,5855138
2025-05-20,41.220001220703125,42.400001525878906,40.5,41.79999923706055,7354901
2025-05-21,38.880001068115234,41.040000915527344,38.619998931884766,40.779998779296875,11664657
2025-05-22,39.79999923706055,40.5,38.41999816894531,38.900001525878906,11091948
2025-05-23,38.7400016784668,39.900001525878906,38.220001220703125,39.79999923706055,8349431
2025-05-26,38.2400016784668,39.5,37.97999954223633,38.70000076293945,6510885
2025-05-27,37.2599983215332,38.439998626708984,36.47999954223633,38.2599983215332,6075830
2025-05-28,37.0,37.540000915527344,36.47999954223633,37.2599983215332,5358386
2025-05-29,36.18000030517578,37.400001525878906,36.040000915527344,37.099998474121094,6533626
2025-05-30,33.119998931884766,36.15999984741211,33.119998931884766,36.15999984741211,13360354
2025-06-02,33.060001373291016,33.7400016784668,32.619998931884766,33.040000915527344,8754930
2025-06-03,34.20000076293945,34.79999923706055,33.380001068115234,33.380001068115234,8293577
2025-06-04,34.939998626708984,35.119998931884766,34.02000045776367,34.20000076293945,4542255
2025-06-05,34.79999923706055,34.84000015258789,34.2599983215332,34.63999938964844,2136828
2025-06-10,35.220001220703125,35.5,34.70000076293945,34.81999969482422,6000491
2025-06-11,35.279998779296875,35.939998626708984,34.91999816894531,35.220001220703125,4231069
2025-06-12,34.18000030517578,34.97999954223633,33.47999954223633,34.97999954223633,4389785
2025-06-13,32.7599983215332,33.0,31.31999969482422,32.880001068115234,7086851
2025-06-16,33.18000030517578,33.47999954223633,32.29999923706055,32.79999923706055,4533289
2025-06-17,32.900001525878906,33.459999084472656,32.619998931884766,33.060001373291016,3021958
2025-06-18,32.720001220703125,33.31999969482422,32.08000183105469,32.540000915527344,5123406
2025-06-19,32.18000030517578,33.29999923706055,32.08000183105469,33.0,4916953
2025-06-20,32.439998626708984,33.119998931884766,32.36000061035156,32.400001525878906,3620024
2025-06-23,31.760000228881836,32.20000076293945,31.65999984741211,32.0,3299248
2025-06-24,33.29999923706055,33.68000030517578,32.619998931884766,32.81999969482422,6189355
2025-06-25,32.900001525878906,34.099998474121094,32.7400016784668,33.68000030517578,5744664
2025-06-26,33.68000030517578,34.29999923706055,32.91999816894531,32.91999816894531,6097141
2025-06-27,32.86000061035156,34.099998474121094,32.29999923706055,33.70000076293945,8510690
2025-06-30,34.31999969482422,34.439998626708984,32.619998931884766,32.959999084472656,12195351
2025-07-01,35.900001525878906,36.18000030517578,34.02000045776367,34.36000061035156,7713499
2025-07-02,35.86000061035156,36.959999084472656,35.439998626708984,35.959999084472656,7566756
2025-07-03,36.5,36.68000030517578,35.959999084472656,36.220001220703125,3909527
2025-07-04,36.5,36.68000030517578,35.41999816894531,36.5,3853200
2025-07-07,35.31999969482422,35.97999954223633,35.060001373291016,35.86000061035156,4779662
2025-07-08,35.0,35.7400016784668,34.439998626708984,35.380001068115234,5526159
2025-07-09,35.86000061035156,35.939998626708984,34.779998779296875,34.900001525878906,4495042
2025-07-10,36.2599983215332,36.63999938964844,36.08000183105469,36.08000183105469,3720495
2025-07-11,37.29999923706055,38.36000061035156,35.84000015258789,36.459999084472656,14952237
2025-07-14,36.060001373291016,37.84000015258789,35.84000015258789,37.279998779296875,8640299
2025-07-16,35.58000183105469,36.560001373291016,34.880001068115234,36.060001373291016,7697296
2025-07-17,36.7599983215332,36.97999954223633,35.7400016784668,35.7400016784668,5398328
2025-07-18,37.2599983215332,37.779998779296875,36.439998626708984,36.65999984741211,5461910
2025-07-21,37.97999954223633,38.15999984741211,37.36000061035156,37.36000061035156,5199082
2025-07-22,39.060001373291016,40.20000076293945,37.81999969482422,38.0,10521471
2025-07-23,38.599998474121094,39.34000015258789,38.2400016784668,39.15999984741211,3407326
2025-07-24,38.86000061035156,39.47999954223633,38.47999954223633,38.65999984741211,5431681
2025-07-25,38.380001068115234,39.040000915527344,37.97999954223633,38.900001525878906,4489531
2025-07-28,37.880001068115234,38.560001373291016,37.52000045776367,38.5,4984766
2025-07-29,37.79999923706055,38.2599983215332,37.41999816894531,37.70000076293945,4418396
2025-07-30,38.20000076293945,39.099998474121094,37.5,37.7599983215332,7026938
2025-07-31,38.099998474121094,38.599998474121094,37.880001068115234,38.2599983215332,5110205
2025-08-01,39.70000076293945,39.779998779296875,37.79999923706055,38.0,10179180
2025-08-04,39.41999816894531,40.040000915527344,39.02000045776367,39.959999084472656,7539007
2025-08-05,39.119998931884766,39.619998931884766,39.040000915527344,39.599998474121094,4447932
2025-08-06,39.34000015258789,39.65999984741211,38.880001068115234,39.099998474121094,5164613
2025-08-07,38.97999954223633,39.97999954223633,38.97999954223633,39.5,7865093
2025-08-08,38.58000183105469,39.2599983215332,38.58000183105469,39.060001373291016,4971143
2025-08-11,38.63999938964844,39.040000915527344,38.400001525878906,38.7400016784668,4917214
2025-08-12,37.84000015258789,38.7599983215332,37.7599983215332,38.63999938964844,5458053
2025-08-13,37.720001220703125,38.08000183105469,37.560001373291016,37.86000061035156,3804074
2025-08-14,37.959999084472656,38.58000183105469,37.400001525878906,37.720001220703125,6389116
2025-08-15,39.08000183105469,39.41999816894531,37.31999969482422,37.599998474121094,10193153
2025-08-18,39.29999923706055,40.0,39.060001373291016,39.13999938964844,6466406
2025-08-19,38.52000045776367,40.220001220703125,38.29999923706055,39.400001525878906,9186699
2025-08-20,38.900001525878906,39.5,36.2599983215332,36.599998474121094,21457978
2025-08-21,39.84000015258789,40.560001373291016,39.08000183105469,39.15999984741211,8959629
2025-08-22,40.0,40.47999954223633,39.220001220703125,39.939998626708984,11347519
2025-08-25,41.099998474121094,41.099998474121094,39.91999816894531,40.5,11342834
2025-08-26,40.68000030517578,41.97999954223633,40.34000015258789,41.29999923706055,13509836
2025-08-27,40.7599983215332,41.20000076293945,40.29999923706055,40.79999923706055,8368311
2025-08-28,43.08000183105469,44.20000076293945,40.7599983215332,40.7599983215332,33487756
2025-08-29,42.29999923706055,46.0,42.099998474121094,43.099998474121094,32241962
2025-09-01,41.63999938964844,42.599998474121094,41.060001373291016,42.36000061035156,9664568
2025-09-02,39.7400016784668,41.959999084472656,38.65999984741211,41.720001220703125,12791105
2025-09-03,38.81999969482422,39.959999084472656,38.560001373291016,39.7400016784668,7895405
2025-09-04,38.68000030517578,39.20000076293945,38.47999954223633,38.81999969482422,8913032
2025-09-05,37.86000061035156,39.41999816894531,37.560001373291016,38.84000015258789,11224791
2025-09-08,36.279998779296875,37.29999923706055,36.279998779296875,37.119998931884766,6066345
2025-09-09,36.959999084472656,37.70000076293945,36.31999969482422,36.31999969482422,7525926
2025-09-10,37.279998779296875,37.5,36.58000183105469,37.31999969482422,4481428
2025-09-11,36.65999984741211,38.0,36.619998931884766,37.18000030517578,6640031
2025-09-12,36.91999816894531,37.279998779296875,36.08000183105469,36.68000030517578,4472826
2025-09-15,39.0,39.2400016784668,36.15999984741211,36.91999816894531,8486517
2025-09-16,39.86000061035156,39.86000061035156,38.65999984741211,39.20000076293945,6766759
2025-09-17,39.79999923706055,40.2400016784668,39.439998626708984,40.0,6172171
2025-09-18,39.20000076293945,40.400001525878906,38.79999923706055,39.900001525878906,7080283
2025-09-19,39.29999923706055,39.619998931884766,38.400001525878906,39.02000045776367,9166925
2025-09-22,39.959999084472656,40.29999923706055,39.65999984741211,39.900001525878906,6495660
2025-09-23,39.2599983215332,40.2400016784668,39.2599983215332,39.70000076293945,6694285
2025-09-24,39.540000915527344,40.0,38.65999984741211,39.34000015258789,6624350
2025-09-25,38.7400016784668,40.02000045776367,38.70000076293945,39.779998779296875,5253358
2025-09-26,38.040000915527344,38.959999084472656,37.720001220703125,38.900001525878906,4705452
2025-09-29,36.5,37.68000030517578,36.279998779296875,37.20000076293945,7223800
2025-09-30,36.400001525878906,36.68000030517578,35.5,36.68000030517578,12632042
2025-10-01,36.68000030517578,36.939998626708984,35.41999816894531,36.279998779296875,11546054
2025-10-02,36.040000915527344,37.2400016784668,35.540000915527344,36.68000030517578,22812305
2025-10-03,35.41999816894531,36.58000183105469,35.34000015258789,36.20000076293945,10547091
2025-10-06,35.0,35.599998474121094,34.459999084472656,35.58000183105469,7597169
2025-10-07,34.52000045776367,35.02000045776367,34.29999923706055,34.86000061035156,7198829
2025-10-08,33.79999923706055,34.7400016784668,33.619998931884766,34.52000045776367,7468426
2025-10-09,33.52000045776367,34.5,33.279998779296875,34.13999938964844,6832860
2025-10-10,33.459999084472656,34.040000915527344,33.040000915527344,33.65999984741211,6335131
2025-10-13,32.41999816894531,33.220001220703125,32.0,33.099998474121094,5467475
2025-10-14,31.81999969482422,32.70000076293945,31.420000076293945,32.619998931884766,6057365
2025-10-15,32.5,32.779998779296875,31.899999618530273,31.899999618530273,6834609
2025-10-16,32.20000076293945,33.18000030517578,32.18000030517578,32.5,6204977
2025-10-17,32.18000030517578,32.70000076293945,31.0,32.20000076293945,6881599
2025-10-20,32.459999084472656,32.5,31.600000381469727,32.220001220703125,5771369
2025-10-21,32.459999084472656,32.79999923706055,32.0,32.459999084472656,5155710
2025-10-22,31.979999542236328,32.81999969482422,31.8799991607666,32.540000915527344,6881302
2025-10-23,32.02000045776367,32.599998474121094,31.780000686645508,32.0,6686541
2025-10-24,33.29999923706055,33.560001373291016,32.13999938964844,32.13999938964844,9876420
2025-10-27,33.20000076293945,33.619998931884766,32.720001220703125,33.36000061035156,4662086
2025-10-28,33.060001373291016,33.400001525878906,32.619998931884766,33.0,3110391
2025-10-30,33.099998474121094,33.70000076293945,33.08000183105469,33.099998474121094,5870238
2025-10-31,33.31999969482422,33.380001068115234,32.68000030517578,33.20000076293945,6998104
2025-11-03,34.13999938964844,34.79999923706055,33.560001373291016,33.560001373291016,8739139
2025-11-04,33.91999816894531,34.29999923706055,33.599998474121094,34.0,5062350
2025-11-05,34.20000076293945,34.380001068115234,33.560001373291016,33.91999816894531,8027931
2025-11-06,34.20000076293945,34.34000015258789,33.79999923706055,34.34000015258789,5754491
2025-11-07,33.29999923706055,34.13999938964844,32.81999969482422,34.13999938964844,6141564
2025-11-10,32.65999984741211,33.560001373291016,32.52000045776367,33.29999923706055,5677870
2025-11-11,30.84000015258789,32.599998474121094,30.420000076293945,32.02000045776367,12169552
2025-11-12,30.059999465942383,31.3799991607666,30.059999465942383,31.079999923706055,8324709
2025-11-13,29.940000534057617,30.420000076293945,29.84000015258789,30.100000381469727,6848013
2025-11-14,29.8799991607666,30.059999465942383,29.3799991607666,29.940000534057617,4899159
2025-11-17,30.420000076293945,30.739999771118164,30.059999465942383,30.100000381469727,5622498
2025-11-18,30.299999237060547,30.6200008392334,30.0,30.420000076293945,4419300
2025-11-19,30.479999542236328,30.739999771118164,30.239999771118164,30.440000534057617,5218941
2025-11-20,30.700000762939453,30.940000534057617,30.31999969482422,30.6200008392334,3864296
2025-11-21,30.84000015258789,30.860000610351562,30.31999969482422,30.700000762939453,3455866
2025-11-24,33.91999816894531,33.91999816894531,31.760000228881836,31.760000228881836,11428800
2025-11-25,35.20000076293945,36.31999969482422,33.7400016784668,34.939998626708984,48874172
2025-11-26,33.29999923706055,34.939998626708984,33.29999923706055,34.79999923706055,15791920
2025-11-27,33.13999938964844,33.84000015258789,32.900001525878906,33.5,8438477
2025-11-28,32.099998474121094,33.68000030517578,31.8799991607666,33.13999938964844,7863025
2025-12-01,32.959999084472656,33.220001220703125,31.940000534057617,32.15999984741211,5575129
2025-12-02,32.5,33.380001068115234,32.2599983215332,32.79999923706055,4585384
2025-12-03,32.20000076293945,32.84000015258789,32.119998931884766,32.5,4406244
2025-12-04,32.15999984741211,32.880001068115234,31.940000534057617,32.2599983215332,5029563
2025-12-05,32.459999084472656,32.5,32.02000045776367,32.15999984741211,3330957
2025-12-08,33.119998931884766,34.560001373291016,32.65999984741211,32.65999984741211,10022534
2025-12-09,33.2400016784668,33.58000183105469,32.81999969482422,33.13999938964844,4820966
2025-12-10,32.439998626708984,33.599998474121094,32.36000061035156,33.439998626708984,4905490
2025-12-11,32.599998474121094,32.79999923706055,32.459999084472656,32.5,3509231
2025-12-12,32.63999938964844,33.18000030517578,32.5,32.65999984741211,3777035
2025-12-15,31.0,33.02000045776367,30.68000030517578,32.900001525878906,16049357
2025-12-16,30.780000686645508,31.1200008392334,30.600000381469727,31.1200008392334,4864097
2025-12-17,30.780000686645508,31.399999618530273,30.639999389648438,30.780000686645508,5177244
2025-12-18,30.860000610351562,31.020000457763672,30.520000457763672,30.959999084472656,4298823
2025-12-19,31.0,31.0,30.239999771118164,30.799999237060547,5037634
2025-12-22,30.299999237060547,31.0,30.200000762939453,31.0,3386827
2025-12-23,30.040000915527344,30.420000076293945,29.899999618530273,30.15999984741211,4827708
2025-12-24,29.940000534057617,30.239999771118164,29.899999618530273,30.100000381469727,3663556
2025-12-25,30.0,30.520000457763672,29.959999084472656,30.15999984741211,4381962
2025-12-26,29.639999389648438,30.079999923706055,29.540000915527344,30.059999465942383,3033107
2025-12-29,29.040000915527344,29.780000686645508,29.0,29.700000762939453,4193638
2025-12-30,28.639999389648438,29.200000762939453,28.360000610351562,29.200000762939453,5173737
2025-12-31,28.700000762939453,29.18000030517578,28.68000030517578,28.81999969482422,4877943
2026-01-02,29.420000076293945,29.459999084472656,28.700000762939453,28.700000762939453,4155012
2026-01-05,29.559999465942383,29.68000030517578,29.299999237060547,29.600000381469727,3756815
2026-01-06,30.0,30.15999984741211,29.540000915527344,29.639999389648438,4631379
2026-01-07,29.100000381469727,30.200000762939453,29.100000381469727,30.18000030517578,4700064
2026-01-08,28.979999542236328,29.200000762939453,28.5,29.139999389648438,4372068
2026-01-09,29.100000381469727,29.3799991607666,28.799999237060547,29.18000030517578,3440710
2026-01-12,28.899999618530273,29.260000228881836,28.799999237060547,29.200000762939453,3795497
2026-01-13,28.739999771118164,29.100000381469727,28.559999465942383,29.0,3981538
2026-01-14,29.299999237060547,29.700000762939453,28.700000762939453,28.81999969482422,7489028
2026-01-15,29.760000228881836,29.860000610351562,29.040000915527344,29.040000915527344,6405695
2026-01-16,30.200000762939453,30.3799991607666,29.5,29.760000228881836,5218925
2026-01-19,30.3799991607666,30.81999969482422,30.280000686645508,30.360000610351562,4604016
2026-01-20,29.65999984741211,30.299999237060547,29.540000915527344,30.260000228881836,4170170
2026-01-21,29.420000076293945,29.780000686645508,29.280000686645508,29.65999984741211,3282133
2026-01-22,29.940000534057617,29.959999084472656,29.059999465942383,29.719999313354492,3581414
2026-01-23,30.5,30.600000381469727,29.959999084472656,30.040000915527344,4176993
2026-01-26,30.959999084472656,31.15999984741211,30.459999084472656,30.799999237060547,4780726
2026-01-27,30.520000457763672,31.0,30.360000610351562,30.959999084472656,5018040
2026-01-28,31.6200008392334,32.040000915527344,30.520000457763672,30.520000457763672,6650309
2026-01-29,31.81999969482422,32.20000076293945,31.5,31.68000030517578,8803308
2026-01-30,31.399999618530273,32.119998931884766,30.899999618530273,31.719999313354492,10116162
2026-02-02,31.079999923706055,31.459999084472656,30.1200008392334,31.200000762939453,5001805
2026-02-03,32.13999938964844,32.20000076293945,31.079999923706055,31.459999084472656,4933865
2026-02-04,32.47999954223633,33.540000915527344,32.02000045776367,32.29999923706055,8598827
2026-02-05,31.299999237060547,32.5,31.260000228881836,32.439998626708984,6186552
2026-02-06,30.860000610351562,31.479999542236328,30.600000381469727,31.360000610351562,5035513
2026-02-09,32.08000183105469,32.20000076293945,31.31999969482422,31.3799991607666,4796628
2026-02-10,31.860000610351562,32.439998626708984,31.700000762939453,32.08000183105469,2978041
2026-02-11,31.639999389648438,31.959999084472656,31.459999084472656,31.6200008392334,3653586
2026-02-12,32.63999938964844,32.720001220703125,31.639999389648438,31.639999389648438,5752297
2026-02-13,32.5,33.08000183105469,32.29999923706055,32.65999984741211,4606514
2026-02-16,33.560001373291016,33.68000030517578,32.880001068115234,32.880001068115234,5218290
2026-02-17,33.099998474121094,33.63999938964844,33.0,33.560001373291016,4043568
2026-02-18,31.739999771118164,33.599998474121094,31.739999771118164,33.34000015258789,6292605
2026-02-19,30.020000457763672,31.959999084472656,29.719999313354492,31.8799991607666,6258988
2026-02-20,30.219999313354492,30.399999618530273,29.65999984741211,30.020000457763672,3734289
2026-02-23,30.5,30.959999084472656,30.420000076293945,30.459999084472656,2921542
2026-02-24,29.860000610351562,30.799999237060547,29.860000610351562,30.31999969482422,3789225
2026-02-25,31.0,32.70000076293945,29.299999237060547,30.020000457763672,21027560
2026-02-26,31.020000457763672,32.63999938964844,30.520000457763672,30.600000381469727,16526432
2026-02-27,30.18000030517578,31.5,29.84000015258789,31.1200008392334,10734482
2026-03-02,28.280000686645508,29.040000915527344,27.81999969482422,27.920000076293945,7816340
2026-03-03,28.18000030517578,29.479999542236328,27.8799991607666,28.219999313354492,9120859
2026-03-04,27.760000228881836,28.459999084472656,26.760000228881836,28.139999389648438,18585363
2026-03-05,28.600000381469727,28.68000030517578,28.020000457763672,28.020000457763672,4164486
2026-03-06,27.979999542236328,28.860000610351562,27.65999984741211,28.639999389648438,3860239
2026-03-09,27.600000381469727,27.760000228881836,26.860000610351562,27.700000762939453,2828719
2026-03-10,28.579999923706055,28.739999771118164,28.040000915527344,28.079999923706055,3240947
2026-03-11,28.100000381469727,28.68000030517578,27.920000076293945,28.459999084472656,2759501
2026-03-12,28.84000015258789,29.360000610351562,27.239999771118164,27.34000015258789,6966933
2026-03-13,28.280000686645508,28.600000381469727,27.799999237060547,28.600000381469727,4206350
2026-03-16,28.399999618530273,28.65999984741211,28.020000457763672,28.31999969482422,3512343
2026-03-17,28.700000762939453,28.940000534057617,28.3799991607666,28.399999618530273,2514863
2026-03-18,28.860000610351562,30.799999237060547,28.3799991607666,28.719999313354492,3625595
2026-03-19,29.020000457763672,29.200000762939453,28.520000457763672,28.639999389648438,1022223
2026-03-23,29.899999618530273,29.920000076293945,27.559999465942383,28.360000610351562,8224650
2026-03-24,29.059999465942383,29.899999618530273,28.979999542236328,29.700000762939453,2398576
2026-03-25,28.719999313354492,29.440000534057617,28.579999923706055,29.34000015258789,2543019
2026-03-26,28.0,28.719999313354492,28.0,28.600000381469727,2460221
2026-03-27,28.440000534057617,28.459999084472656,27.600000381469727,28.0,2299600
2026-03-30,28.6200008392334,29.15999984741211,28.0,28.1200008392334,3975923
2026-03-31,27.940000534057617,29.219999313354492,27.780000686645508,28.5,8132447
2026-04-01,28.520000457763672,28.6200008392334,28.15999984741211,28.299999237060547,4377441
2026-04-02,28.540000915527344,28.559999465942383,28.040000915527344,28.100000381469727,3644771
2026-04-03,29.079999923706055,30.6200008392334,28.479999542236328,28.520000457763672,7985084
2026-04-06,28.940000534057617,29.479999542236328,28.799999237060547,29.079999923706055,4066386
2026-04-07,28.0,29.18000030517578,27.979999542236328,28.940000534057617,3442106
2026-04-08,28.360000610351562,29.200000762939453,28.31999969482422,28.959999084472656,8222862
2026-04-09,27.520000457763672,28.6200008392334,27.440000534057617,28.399999618530273,12054320
2026-04-10,28.280000686645508,28.479999542236328,27.6200008392334,27.780000686645508,10678627
2026-04-13,27.860000610351562,28.139999389648438,27.639999389648438,28.139999389648438,5680083
2026-04-14,28.15999984741211,28.3799991607666,27.899999618530273,28.100000381469727,5211845
2026-04-15,28.65999984741211,28.959999084472656,28.219999313354492,28.219999313354492,5689401
2026-04-16,28.639999389648438,29.15999984741211,28.5,29.0,4906873
2026-04-17,30.079999923706055,30.079999923706055,28.520000457763672,28.639999389648438,9065453
2026-04-20,29.719999313354492,30.139999389648438,29.459999084472656,29.760000228881836,5720049
2026-04-21,29.399999618530273,30.299999237060547,29.139999389648438,29.719999313354492,5775878
2026-04-22,28.579999923706055,29.559999465942383,28.280000686645508,29.459999084472656,6013285
2026-04-24,28.739999771118164,28.899999618530273,28.100000381469727,28.579999923706055,6163649
2026-04-27,28.84000015258789,29.459999084472656,28.68000030517578,28.860000610351562,5373950
2026-04-28,27.940000534057617,29.15999984741211,27.920000076293945,28.559999465942383,5277718
2026-04-29,27.81999969482422,28.559999465942383,27.600000381469727,28.059999465942383,5706694
2026-04-30,27.799999237060547,27.959999084472656,27.5,27.81999969482422,4682590
2026-05-04,27.459999084472656,28.5,27.420000076293945,28.360000610351562,4893618
2026-05-05,27.799999237060547,28.0,27.3799991607666,27.5,4848709
2026-05-06,28.239999771118164,28.520000457763672,27.979999542236328,28.0,5788283
2026-05-07,28.6200008392334,28.899999618530273,28.299999237060547,28.299999237060547,6001158
2026-05-08,28.6200008392334,29.040000915527344,28.3799991607666,28.540000915527344,5993087
2026-05-11,29.719999313354492,30.020000457763672,28.559999465942383,28.579999923706055,11062484
2026-05-12,29.68000030517578,30.719999313354492,29.6200008392334,30.700000762939453,12456438
2026-05-13,29.059999465942383,29.979999542236328,28.920000076293945,29.579999923706055,7209386
2026-05-14,29.219999313354492,29.68000030517578,28.979999542236328,29.139999389648438,6205910
2026-05-15,28.0,29.100000381469727,27.81999969482422,28.8799991607666,8593241
2026-05-18,27.079999923706055,27.920000076293945,26.979999542236328,27.799999237060547,7775501
2026-05-20,27.0,27.399999618530273,26.68000030517578,26.760000228881836,6803588
2026-05-21,25.559999465942383,27.1200008392334,25.559999465942383,26.920000076293945,5399982
2026-05-22,26.200000762939453,26.459999084472656,24.639999389648438,25.0,9556624
2026-05-25,26.280000686645508,26.799999237060547,26.0,26.200000762939453,5277366
2026-05-26,26.360000610351562,26.420000076293945,26.0,26.219999313354492,1521778
2026-05-27,26.360000610351562,26.360000610351562,26.360000610351562,26.360000610351562,0
2026-05-28,26.360000610351562,26.360000610351562,26.360000610351562,26.360000610351562,0
2026-05-29,26.360000610351562,26.360000610351562,26.360000610351562,26.360000610351562,0
2026-06-01,26.440000534057617,27.0,26.360000610351562,26.360000610351562,4017010
2026-06-02,26.940000534057617,27.139999389648438,26.600000381469727,26.600000381469727,3887023
2026-06-03,26.200000762939453,26.959999084472656,26.200000762939453,26.940000534057617,5580174
2026-06-04,26.040000915527344,26.600000381469727,25.8799991607666,26.399999618530273,3879094
2026-06-05,25.540000915527344,26.239999771118164,25.5,26.079999923706055,3357381
2026-06-08,25.5,25.719999313354492,25.200000762939453,25.420000076293945,4743256
2026-06-09,25.100000381469727,25.65999984741211,24.940000534057617,25.600000381469727,4124099
2026-06-10,24.459999084472656,25.139999389648438,24.3799991607666,25.0,5313194
2026-06-11,24.139999389648438,24.639999389648438,23.979999542236328,24.459999084472656,3848480
2026-06-12,24.459999084472656,24.84000015258789,24.18000030517578,24.559999465942383,3669772
2026-06-15,25.1200008392334,25.260000228881836,24.899999618530273,25.239999771118164,4454594
2026-06-16,24.979999542236328,25.239999771118164,24.899999618530273,25.1200008392334,3166646
2026-06-17,24.860000610351562,25.1200008392334,24.5,25.020000457763672,5031352
2026-06-18,25.5,25.559999465942383,24.940000534057617,24.979999542236328,6836725
2026-06-19,24.299999237060547,25.299999237060547,24.299999237060547,25.299999237060547,6001111
2026-06-22,25.239999771118164,25.440000534057617,24.459999084472656,24.600000381469727,6384345
2026-06-23,24.700000762939453,25.84000015258789,24.540000915527344,25.020000457763672,6781568
2026-06-24,24.079999923706055,24.799999237060547,24.079999923706055,24.700000762939453,4432236
2026-06-25,23.68000030517578,24.31999969482422,23.520000457763672,24.059999465942383,5240132
2026-06-26,26.040000915527344,26.040000915527344,23.6200008392334,23.68000030517578,15605344
2026-06-29,28.639999389648438,28.639999389648438,27.200000762939453,28.0,8156976
2026-06-30,25.780000686645508,30.440000534057617,25.780000686645508,30.299999237060547,42005076
2026-07-01,25.520000457763672,26.559999465942383,24.420000076293945,25.700000762939453,15526898
2026-07-02,24.940000534057617,26.020000457763672,24.559999465942383,25.799999237060547,10377321
2026-07-03,24.920000076293945,25.68000030517578,24.780000686645508,24.940000534057617,6676311
2026-07-06,24.5,25.700000762939453,24.5,25.200000762939453,6513439
2026-07-07,24.440000534057617,24.739999771118164,24.360000610351562,24.399999618530273,5480917
2026-07-08,23.959999084472656,24.420000076293945,23.81999969482422,24.420000076293945,5065724
2026-07-09,24.020000457763672,25.959999084472656,23.739999771118164,24.020000457763672,20768010
2026-07-10,26.420000076293945,26.420000076293945,24.100000381469727,24.100000381469727,10617207
2026-07-13,25.920000076293945,26.760000228881836,25.34000015258789,25.81999969482422,17871794
2026-07-14,26.040000915527344,26.299999237060547,25.219999313354492,26.040000915527344,9926938
2026-07-16,25.760000228881836,26.440000534057617,25.420000076293945,26.059999465942383,5456894
2026-07-17,24.799999237060547,26.100000381469727,24.739999771118164,25.799999237060547,5957930
2026-07-20,25.15999984741211,25.959999084472656,24.68000030517578,24.799999237060547,7932851
2026-07-21,24.399999618530273,25.34000015258789,24.280000686645508,25.34000015258789,5184843
2026-07-22,24.65999984741211,24.959999084472656,24.399999618530273,24.399999618530273,4567267
2026-07-23,24.34000015258789,24.799999237060547,24.239999771118164,24.579999923706055,3931665
2026-07-24,24.420000076293945,25.31999969482422,24.100000381469727,24.34000015258789,10297099
2026-07-27,23.84000015258789,24.719999313354492,23.459999084472656,24.579999923706055,5379718
2026-07-28,24.15999984741211,25.959999084472656,23.959999084472656,24.059999465942383,24588703
2026-07-29,23.760000228881836,24.940000534057617,23.600000381469727,24.239999771118164,10036349
2026-07-30,23.100000381469727,24.299999237060547,23.0,23.899999618530273,7351312
2026-08-03,22.540000915527344,23.540000915527344,22.540000915527344,22.860000610351562,5891702
2026-08-04,22.8799991607666,23.1200008392334,22.559999465942383,22.600000381469727,4732148
2026-08-05,22.84000015258789,23.040000915527344,22.5,22.81999969482422,4720735
2026-08-06,22.700000762939453,23.100000381469727,22.68000030517578,22.860000610351562,2987447
2026-08-07,22.760000228881836,23.3799991607666,22.299999237060547,22.920000076293945,5734940
