Price,Close,High,Low,Open,Volume
2021-09-06,0.6931144595146179,0.6931144595146179,0.6931144595146179,0.6931144595146179,1241126
2021-09-07,0.7624250054359436,0.7624250054359436,0.7624250054359436,0.7624250054359436,2945981
2021-09-08,0.8386106491088867,0.8386106491088867,0.8386106491088867,0.8386106491088867,14189955
2021-09-09,0.9222428798675537,0.9222428798675537,0.9222428798675537,0.9222428798675537,79049680
2021-09-10,1.0144667625427246,1.0144667625427246,0.977233730757907,0.9835343375113232,54875654
2021-09-13,1.1158568859100342,1.1158568859100342,1.1158568859100342,1.1158568859100342,7969590
2021-09-14,1.2269845008850098,1.2269845008850098,1.2269845008850098,1.2269845008850098,5364047
2021-09-15,1.3495683670043945,1.3495683670043945,1.1341870357875345,1.3495683670043945,387652104
2021-09-16,1.483608365058899,1.483608365058899,1.4034131874565003,1.483608365058899,154921705
2021-09-17,1.4721521139144897,1.601036597949198,1.4079962094408902,1.5423225237349854,341628260
2021-09-20,1.4320545196533203,1.51797774124004,1.3753451650675257,1.5165454631999968,106027445
2021-09-21,1.5752596855163574,1.5752596855163574,1.4016946231685348,1.4750156887625263,113580341
2021-09-22,1.732785701751709,1.732785701751709,1.732785701751709,1.732785701751709,10920655
2021-09-23,1.906064510345459,1.906064510345459,1.775747746499775,1.8201411656324558,108343802
2021-09-24,2.096527576446533,2.096527576446533,1.9475942706093856,1.9919878067426366,78703362
2021-09-27,2.3056070804595947,2.3056070804595947,1.979099280869847,2.0822068889787486,29769366
2021-09-28,2.5361690521240234,2.5361690521240234,2.3342487686349576,2.3471371466312703,10682756
2021-09-29,2.435925006866455,2.789642225582844,2.282695091233733,2.789642225582844,44273512
2021-09-30,2.2082278728485107,2.5490574081311164,2.1924758832982674,2.4058513201699743,30085250
2021-10-01,1.987691879272461,2.2368690604226225,1.987691879272461,2.1194409155399345,30370321
2021-10-04,2.1853156089782715,2.1853156089782715,1.8330298281846327,1.9475944950193813,35271436
2021-10-05,2.3213603496551514,2.4015554086804185,2.1108482901944896,2.1752906513476935,32879134
2021-10-06,2.377210855484009,2.4058512217477204,2.2211161598688145,2.3199279975645406,19420027
2021-10-07,2.614932060241699,2.614932060241699,2.4473812577136638,2.520416107868475,23107060
2021-10-08,2.7180395126342773,2.861244654355823,2.551920990912243,2.6851023111459473,27953049
2021-10-11,2.4473812580108643,2.77818602866125,2.4473812580108643,2.6893980080983075,24925763
2021-10-12,2.2039318084716797,2.4115792971017056,2.2039318084716797,2.3915304747137416,56025792
2021-10-13,2.3170642852783203,2.4187394939468367,2.067885930515458,2.136625120875596,163569198
2021-10-14,2.205364227294922,2.400123115339809,2.205364227294922,2.3141998889618796,60344524
2021-10-15,2.0077407360076904,2.288422843859555,1.9962834559353493,2.2024996194931443,143900516
2021-10-18,2.0578622817993164,2.1709947794756035,1.9261133563809083,2.0077408122853813,85436530
2021-10-19,1.9619140625,2.1180087652295674,1.9275455269552526,2.076478838941801,63851896
2021-10-20,1.8989042043685913,2.019196911972643,1.8688314407382702,1.963346329896833,117954614
2021-10-21,1.7098731994628906,1.8989041534884343,1.7098731994628906,1.8903114294928351,113228387
2021-10-22,1.8802876472473145,1.8802876472473145,1.6368383856850868,1.7084409568680081,34198972
2021-10-25,1.973371148109436,2.059294490938497,1.8129807979563413,1.833029621244812,28573440
2021-10-26,1.8831511735916138,2.019196934979342,1.8774231236593726,1.9619140741100916,19047184
2021-10-27,1.8903114795684814,1.961914051160047,1.8129808581116802,1.8831511515629205,17213196
2021-10-28,1.9533225297927856,1.9919878999969733,1.8845834510087016,1.8903115009386937,7107185
2021-11-01,1.8616710901260376,1.9475943167115444,1.8416222664096826,1.9189528869510248,17168168
2021-11-02,1.7886362075805664,1.8616710550726812,1.7685873842417101,1.86023877697628,12908090
2021-11-03,1.7442418336868286,1.8487826730103891,1.6898245907927083,1.7771791546004798,15628380
2021-11-04,1.7872039079666138,1.8330296037821672,1.7098731717350364,1.7442417056133548,10906372
2021-11-05,1.790068507194519,1.8043882183199011,1.7471063038075763,1.7829080612451362,7636760
2021-11-08,1.896039605140686,1.9518901859514484,1.770019677065466,1.7771790602923137,93166527
2021-11-09,1.7829080820083618,1.9790993676734914,1.768587426097499,1.976234811412896,58241719
2021-11-10,1.702712893486023,1.79866005944511,1.702712893486023,1.7829080701276332,36313259
2021-11-11,1.6024689674377441,1.6869600377389926,1.592444082823875,1.6855277595518543,37727164
2021-11-12,1.5065206289291382,1.6683433745885865,1.4936322515388496,1.6382696674698938,47395729
2021-11-15,1.6039011478424072,1.646862288119408,1.4549668963099747,1.5093851986894924,56461162
2021-11-16,1.5022248029708862,1.6182217302887636,1.4621271580103026,1.6039010753300798,42968406
2021-11-17,1.489336371421814,1.560939058879144,1.4678553880686096,1.497929095379639,33368488
2021-11-18,1.425180435180664,1.4864718997352826,1.4142967749789273,1.4821760101627395,36114474
2021-11-19,1.4291900396347046,1.4750157366376648,1.4051316638335556,1.4251804874505207,36879076
2021-11-22,1.4478065967559814,1.5179778342105934,1.4205974450353276,1.4291900511058624,42581384
2021-11-23,1.403985619544983,1.456399206032143,1.3701896414449757,1.440646271984165,38140400
2021-11-24,1.4463753700256348,1.4764481356032255,1.3776364056241317,1.4028407240586425,59452309
2021-11-25,1.591012716293335,1.591012716293335,1.4303361394222716,1.45639923302648,53914065
2021-11-26,1.7499709129333496,1.7499709129333496,1.6210854796499252,1.6339739757473308,79365253
2021-11-29,1.6239500045776367,1.9060645170338744,1.6139251203690732,1.8043882379899319,106630924
2021-11-30,1.6797995567321777,1.7671551816037046,1.5537786797056512,1.6024689343448362,116735102
2021-12-01,1.67263925075531,1.7657229267917087,1.67263925075531,1.7213295060382547,55142949
2021-12-02,1.6812318563461304,1.7327857233396462,1.6554549818880442,1.6755038063388643,35480907
2021-12-03,1.6769360303878784,1.725625221380821,1.645430044243361,1.682664080210259,42373261
2021-12-06,1.6883922815322876,1.7428105861208962,1.684096391677138,1.7241929773822071,24938697
2021-12-07,1.7442418336868286,1.8358942947436687,1.7055765808093235,1.7299221218545375,58194271
2021-12-08,1.7829080820083618,1.861671099131409,1.7442417678932696,1.8043882393332782,48312741
2021-12-09,1.7270575761795044,1.7671552255669547,1.6941203731392565,1.744241844486845,29763279
2021-12-10,1.702712893486023,1.7585625301629744,1.6755037418985683,1.725625210711217,32523513
2021-12-13,1.6611831188201904,1.709873255090337,1.6468623446451964,1.70414520519049,32329086
2021-12-14,1.6697757244110107,1.71703370059234,1.6468623440465402,1.6611831182163284,35049030
2021-12-15,1.6081969738006592,1.6812318239355333,1.5938763177105206,1.6712069395940081,25459315
2021-12-16,1.6253812313079834,1.6497268896633015,1.575259761850288,1.61106151992697,24279815
2021-12-17,1.4635595083236694,1.6525903447227275,1.4635595083236694,1.626813471525161,34466647
2021-12-20,1.4177337884902954,1.535162053105065,1.3472762157192881,1.4034131330583777,35952693
2021-12-21,1.4821760654449463,1.5322985968278922,1.3976851173491056,1.5151133848140668,32275620
2021-12-22,1.4664231538772583,1.4936323058107568,1.4320546185637013,1.4492388862204797,17905243
2021-12-23,1.4291900396347046,1.489336392408262,1.4034131662487097,1.4750157366376648,17712683
2021-12-24,1.4778803586959839,1.5552109822983262,1.389092454271882,1.4463753160603652,43174972
2021-12-27,1.5194091796875,1.5423225599013946,1.4750157600948208,1.48217608809399,33784837
2021-12-28,1.6712069511413574,1.6712069511413574,1.535162134273121,1.5537786803178468,78531483
2021-12-29,1.5509151220321655,1.751402174927927,1.5408902380393608,1.7284897399828993,66875621
2021-12-30,1.5394580364227295,1.596740897791223,1.5151134402471702,1.5680994671069763,34980175
2021-12-31,1.5265694856643677,1.5552109153252036,1.5179778242688184,1.5466183093109447,13174554
2022-01-03,1.6039011478424072,1.6081969194458297,1.5265694658765532,1.5423225176598294,39417251
2022-01-04,1.580987811088562,1.605332524815573,1.5437548375834154,1.6039011912956733,24007299
2022-01-05,1.6039011478424072,1.655454894022287,1.555210895166131,1.5723951623531918,56637053
2022-01-06,1.549482822418213,1.5795554666643197,1.532298555486725,1.5609390397316498,28560644
2022-01-07,1.5781242847442627,1.5895805023006166,1.5494828552733435,1.5566431831217389,27603274
2022-01-10,1.5523463487625122,1.5938762738978014,1.5523463487625122,1.5766920066022998,17681558
2022-01-11,1.5222737789154053,1.565235866199904,1.5136811725347554,1.5552109816397972,16121400
2022-01-12,1.5322986841201782,1.5509152306930059,1.5036572528521783,1.5294341277226695,19711496
2022-01-13,1.5151134729385376,1.5423226260403096,1.4864720416362993,1.5179779112621252,15895917
2022-01-14,1.5165456533432007,1.5322987064441327,1.5007927183196157,1.503657274758858,12477285
2022-01-17,1.523706078529358,1.5580755599166942,1.519409243930541,1.5251383567289634,16431197
2022-01-18,1.4563992023468018,1.589580522728012,1.4563992023468018,1.5237060016010535,48978436
2022-01-19,1.4864718914031982,1.5122497083179836,1.4563991295586178,1.466423068633922,26903411
2022-01-20,1.4807437658309937,1.5122497512442727,1.4664231102593892,1.4922009279058963,30101366
2022-01-21,1.4707199335098267,1.4950645282585504,1.4578314380539883,1.4778802612418862,13690123
2022-01-24,1.5365943908691406,1.5852846448442686,1.4678554310498357,1.4721521473865737,65167343
2022-01-25,1.5953086614608765,1.6898246176949756,1.5151134799831545,1.5408903550043112,149248068
2022-01-26,1.754266619682312,1.754266619682312,1.5766920010599632,1.599604318014312,100771021
2022-01-27,1.9289767742156982,1.9289767742156982,1.7614270418788225,1.7614270418788225,125409674
2022-01-28,1.7843393087387085,1.9991479537733385,1.7671550422143356,1.9876918548086449,120642569
2022-01-31,1.69268798828125,1.8258691883203593,1.6898244947714125,1.761427064493879,47983023
2022-02-01,1.6497268676757812,1.6926880085610232,1.6282457658851355,1.6926880085610232,31652809
2022-02-02,1.8144131898880005,1.8144131898880005,1.6368384434134098,1.65975087970635,66982760
2022-02-03,1.8673992156982422,1.9547548420291485,1.7471063865962437,1.8158454665787478,96678637
2022-02-04,1.8688315153121948,1.9518903080511867,1.801524712739279,1.877423177184809,62008294
2022-02-07,1.8845834732055664,1.9404340565536224,1.861671155138392,1.8774231450347219,46604739
2022-02-08,1.7642905712127686,1.9060644963122473,1.7642905712127686,1.8960396122126686,33453840
2022-02-09,1.7929320335388184,1.8444857811588826,1.7714509314522136,1.7714509314522136,24747278
2022-02-10,1.7671551704406738,1.8301651362465385,1.7356502465764119,1.7957966007039812,17203720
2022-02-11,1.742810606956482,1.7599948750465726,1.7127368979867181,1.741378328781397,12287526
2022-02-14,1.6669111251831055,1.717033656370456,1.6511591359666187,1.6926879984845447,17761376
2022-02-15,1.7571302652359009,1.8101162906879102,1.6740714763478353,1.6812318043093168,47534754
2022-02-16,1.7227617502212524,1.791499765911796,1.7198971939247818,1.7743154981438423,16430852
2022-02-17,1.696984887123108,1.7556989634666587,1.682664112863881,1.731353422879023,16302651
2022-02-18,1.7127368450164795,1.7514022145261017,1.6669111475489726,1.699848349154159,17906764
2022-02-21,1.684096336364746,1.73135336668878,1.6654788463148709,1.7127368212576095,12794034
2022-02-22,1.6253812313079834,1.7055765270590193,1.5881482577881785,1.6153574097258059,24781585
2022-02-23,1.708440899848938,1.7327856126534464,1.6354060529713976,1.6354060529713976,29607412
2022-02-24,1.5380266904830933,1.603901213023512,1.5380266904830933,1.5466183521164325,12533414
2022-02-25,1.5953086614608765,1.6669112363919567,1.5322986930764377,1.5480506833438268,35451062
2022-02-28,1.5394580364227295,1.5809878452408657,1.5294340965506221,1.5609391389552503,19900874
2022-03-01,1.549482822418213,1.5981730743703437,1.5294339993296902,1.556643150114781,27084662
2022-03-02,1.5265694856643677,1.5652357994578467,1.5165455461504338,1.5437548157702239,14427820
2022-03-03,1.5337297916412354,1.5738274383613415,1.5208414141520632,1.532298576239353,23002376
2022-03-04,1.5265694856643677,1.576692017090165,1.5151133861093882,1.5294340419011367,23633211
2022-03-07,1.529434084892273,1.565235843455341,1.5108175388407845,1.5151134286979824,28707346
2022-03-08,1.5122498273849487,1.5408903134288268,1.5122498273849487,1.5237060454179685,12903110
2022-03-09,1.523706078529358,1.5494829534151693,1.512249860247385,1.5179779103496986,13699011
2022-03-10,1.5337297916412354,1.5408902375121163,1.5179778025749284,1.528001741945607,9562222
2022-03-11,1.5151134729385376,1.5466183979455999,1.5151134729385376,1.5466183979455999,13143671
2022-03-14,1.5007926225662231,1.5208414463507425,1.4936322946210836,1.5122497848960799,11734089
2022-03-15,1.4864718914031982,1.513681041755026,1.4836082799104453,1.5036571026797219,9204837
2022-03-16,1.6339739561080933,1.6339739561080933,1.6311103444474209,1.6311103444474209,7367840
2022-03-17,1.7972279787063599,1.7972279787063599,1.7972279787063599,1.7972279787063599,4809365
2022-03-18,1.835894227027893,1.9490256612736692,1.729922058047477,1.8330296707649025,153925567
2022-03-21,1.8373254537582397,1.9046322536237206,1.8043882519343197,1.8344619601737042,64995498
2022-03-22,1.7571302652359009,1.8588065444414539,1.7542666535916032,1.8401899987426849,39181323
2022-03-23,1.7399460077285767,1.8101163011535544,1.7313534015859067,1.7571302753951927,45733032
2022-03-24,1.7299220561981201,1.7829080815930143,1.7299220561981201,1.7456740456168938,29924507
2022-03-25,1.7127368450164795,1.7428105530561464,1.7098732333736204,1.7370823851517103,15164825
2022-03-28,1.6955525875091553,1.7757477651880371,1.6912557530913181,1.7184649050307053,25407025
2022-03-29,1.6697757244110107,1.71703370059234,1.6669111681140931,1.701280648274093,15752188
2022-03-30,1.6998482942581177,1.7671550915029675,1.6898244730584295,1.6969848007850739,37031347
2022-03-31,1.6783673763275146,1.7055765282846953,1.669775714801009,1.7027129166229877,11331124
2022-04-01,1.6755037307739258,1.6926879980980598,1.6669111248025064,1.6797995024116141,7700393
2022-04-04,1.6740715503692627,1.6912558186963504,1.6726392721744245,1.6826641568421865,9266327
2022-04-05,1.6769360303878784,1.7127368436064505,1.6697757024358886,1.6955525760619692,11711022
2022-04-06,1.6525903940200806,1.6840963805806781,1.6482946222705777,1.6840963805806781,10418470
2022-04-07,1.6497268676757812,1.6826640690351042,1.6382697054110544,1.6482945895556842,15170946
2022-04-08,1.6740715503692627,1.7184649716912,1.6439989036808418,1.6525904474576607,24043784
2022-04-11,1.7170336246490479,1.775747698029021,1.6812317498467417,1.6826640279318519,30739567
2022-04-12,1.6898244619369507,1.7327856014727185,1.6840962942552036,1.7198971061114525,10483660
2022-04-13,1.6755037307739258,1.7098732100408987,1.6726391745514384,1.6926879980980598,12368970
2022-04-14,1.6898244619369507,1.7456739787566495,1.6697756388961655,1.6797994600298825,21422644
2022-04-15,1.69268798828125,1.7227616957361211,1.6755037210567767,1.686959938565538,15854382
2022-04-18,1.6898244619369507,1.7084408888252935,1.6812317381049895,1.7041451172959885,9406354
2022-04-19,1.7213294506072998,1.7399459962913324,1.6883922490116399,1.6955525769674535,28404984
2022-04-20,1.7342180013656616,1.7571303194700898,1.6984161242985412,1.7299221114572625,30545658
2022-04-21,1.8101162910461426,1.9060645204407105,1.729922058405222,1.7456740478440924,69743132
2022-04-22,1.7256252765655518,1.8187089525314966,1.7256252765655518,1.8172766743560835,23416028
2022-04-25,1.7012805938720703,1.747106290439568,1.6683433929137654,1.7041451500773879,15123498
2022-04-26,1.6511590480804443,1.7170335649779815,1.6382696084584165,1.7027127919392735,12771831
2022-04-27,1.6482945680618286,1.6984160361979195,1.621085416841653,1.6669111133695194,11717974
2022-04-28,1.6898244619369507,1.6984160049955606,1.6611830331415396,1.6797994600298825,11884700
2022-04-29,1.6755037307739258,1.6826640586341015,1.6554549072273042,1.6755037307739258,6966466
2022-05-05,1.707008719444275,1.7413781976551725,1.6869598965136963,1.7041451079284828,15364648
2022-05-06,1.742810606956482,1.7585625968714877,1.6926880735464578,1.6955526298966275,17758609
2022-05-09,1.7786113023757935,1.7857716300763153,1.7385136561766075,1.7456739838771294,18346215
2022-05-10,1.7657228708267212,1.7929320226107417,1.7642905926956205,1.7800436448229515,2145376
2022-05-11,1.6812318563461304,1.7399460515227516,1.632541719162889,1.7184649488960921,26232321
2022-05-12,1.69268798828125,1.7385136848576572,1.6554548976264292,1.6783673326439519,19253059
2022-05-13,1.6912556886672974,1.7084409002918919,1.6797994713042472,1.6826640274736873,10760188
2022-05-16,1.6613825559616089,1.7074520572763678,1.6613825559616089,1.691616263436667,8506807
2022-05-17,1.664262294769287,1.6844177825071016,1.6498654499819705,1.6671411414223931,7819740
2022-05-18,1.654184103012085,1.6743395910780763,1.6412271561624963,1.6628224236950906,7980069
2022-05-20,1.6268311738967896,1.6556240335646104,1.6196327512451394,1.6527453055138663,8473469
2022-05-23,1.6225115060806274,1.6527452118802282,1.6052358149997696,1.6441067728121328,7188387
2022-05-24,1.646985650062561,1.6844177788027643,1.6167528933444695,1.6225115362823033,9582729
2022-05-25,1.6786593198776245,1.7045733328115797,1.6469857141374784,1.654184136795356,13263503
2022-05-26,1.6714608669281006,1.691616236334913,1.664262325695141,1.6829779156320386,7861655
2022-05-27,1.646985650062561,1.6657021892548047,1.6426670239757923,1.6527452426446787,10019033
2022-05-30,1.7045732736587524,1.7492028753200297,1.6513053514378204,1.6599436719974752,22680613
2022-05-31,1.721848964691162,1.7837552074558354,1.6815379891451623,1.7103317974755965,18628864
2022-06-01,1.7607200145721436,1.7794365535457484,1.7218489377847706,1.7276074619498,17325419
2022-06-02,1.7448842525482178,1.779436585208551,1.7391256095751864,1.7635997235050336,11314697
2022-06-03,1.6887364387512207,1.7276075167720926,1.6729006451767887,1.7204090942499257,12633394
2022-06-06,1.721848964691162,1.7405645543129524,1.6858576835987913,1.6916162078538062,17802911
2022-06-07,1.7261686325073242,1.7794365538925565,1.7146505158252132,1.7564012701726075,17027380
2022-06-08,1.6556240320205688,1.7420045102321127,1.6469857111766726,1.7333660706826766,10375241
2022-06-09,1.6973748207092285,1.7189700875448821,1.6513053217253157,1.6570638458781959,12796593
2022-06-10,1.6700209379196167,1.6901763069543074,1.652745246477127,1.671460836068485,10711045
2022-06-13,1.6498655080795288,1.6844178418213689,1.6498655080795288,1.6642623533738088,6683574
2022-06-14,1.6671411991119385,1.6916162634372374,1.64986550707371,1.64986550707371,8356439
2022-06-15,1.7333660125732422,1.7376857070253062,1.6657021952223543,1.670020940030131,11077248
2022-06-16,1.6930561065673828,1.785195106200017,1.6858576841587671,1.752082671754779,21472513
2022-06-17,1.6772193908691406,1.6829779152196989,1.6642623252873865,1.6700209683434826,9176064
2022-06-20,1.7304872274398804,1.7808753516614328,1.6829778310747565,1.688736355137402,19903399
2022-06-21,1.7938324213027954,1.8413418177925949,1.7333659598450626,1.7348058579519494,31413388
2022-06-22,1.7650395631790161,1.8053505374767733,1.7564012428890703,1.7823152541146492,17985234
2022-06-23,1.7880738973617554,1.8139879085940716,1.7564012433457095,1.765039563637901,23593336
2022-06-24,1.7635997533798218,1.7823153433592096,1.7477630101135715,1.7707982946291243,9516157
2022-06-27,1.901808261871338,1.9392394419570171,1.7218490034280318,1.7376857467479738,54598504
2022-06-28,1.8686957359313965,1.9176450307586348,1.8528588746750971,1.8758941581499453,26355749
2022-06-29,1.6829779148101807,1.9003683520024401,1.6829779148101807,1.8773341359002746,49176840
2022-06-30,1.729047417640686,1.7607200731887431,1.6570639045400812,1.6829779170258623,24298733
2022-07-01,1.7175302505493164,1.756401328638172,1.6844178155238356,1.729047417970528,14623112
2022-07-04,1.7060132026672363,1.740564586242215,1.7002536099567427,1.7290474188153762,11419139
2022-07-05,1.6944950819015503,1.717530247643771,1.6671411712801807,1.716090468174825,9705016
2022-07-06,1.8629372119903564,1.8629372119903564,1.693056062012912,1.6988147048238313,67349758
2022-07-07,1.8399019241333008,1.9867487399285417,1.8111090662638494,1.8658168850705381,57821947
2022-07-08,1.900368332862854,1.900368332862854,1.8183076701599281,1.8399019878698568,14855200
2022-07-13,2.0904059410095215,2.0904059410095215,1.924843529188559,1.9291621553507596,49402323
2022-07-14,2.129276990890503,2.2559683231227337,2.1033628601477985,2.1580706805255723,70061610
2022-07-18,2.2424089908599854,2.3262650966644287,2.053011894226074,2.1455419063568115,50618654
2022-07-19,2.4462649822235107,2.4462649822235107,2.2438549995422363,2.2438549995422363,37660625
2022-07-20,2.4693970680236816,2.551806926727295,2.4000000953674316,2.5098791122436523,45374195
2022-07-21,2.4375898838043213,2.6313250064849854,2.420241117477417,2.479517936706543,49404398
2022-07-22,2.342168092727661,2.488192081451416,2.3349390029907227,2.4375898838043213,33311806
2022-07-25,2.372529983520508,2.4809629917144775,2.346506118774414,2.346506118774414,29198015
2022-07-26,2.4462649822235107,2.4693970680236816,2.3146979808807373,2.3884329795837402,27448064
2022-07-27,2.6906020641326904,2.6906020641326904,2.540241003036499,2.599518060684204,52784746
2022-07-28,2.5474700927734375,2.8134939670562744,2.501204013824463,2.8134939670562744,93189179
2022-07-29,2.417349100112915,2.6804819107055664,2.4130120277404785,2.6746981143951416,51523181
2022-08-01,2.356626033782959,2.42746901512146,2.3233730792999268,2.3942160606384277,40489023
2022-08-02,2.3045780658721924,2.3797590732574463,2.1889150142669678,2.3479509353637695,69094038
2022-08-03,2.535325050354004,2.535325050354004,2.3410120010375977,2.3410120010375977,51879320
2022-08-04,2.7874701023101807,2.7874701023101807,2.5445780754089355,2.644047975540161,25804197
2022-08-05,2.7990360260009766,3.0187950134277344,2.7065060138702393,2.8337349891662598,100491449
2022-08-08,2.718071937561035,2.852241039276123,2.7018790245056152,2.801348924636841,25285032
2022-08-09,2.593156099319458,2.7365779876708984,2.593156099319458,2.7365779876708984,25404318
2022-08-10,2.611661911010742,2.727324962615967,2.491373062133789,2.6024088859558105,46189212
2022-08-11,2.627855062484741,2.694938898086548,2.5792770385742188,2.611661911010742,21343163
2022-08-12,2.570024013519287,2.639420986175537,2.5445780754089355,2.6324820518493652,11687238
2022-08-15,2.519131898880005,2.6186020374298096,2.5006260871887207,2.5723369121551514,11569274
2022-08-16,2.472867012023926,2.553831100463867,2.4242889881134033,2.551517963409424,12621843
2022-08-17,2.47749400138855,2.519131898880005,2.428915023803711,2.4844329357147217,11282327
2022-08-18,2.3919029235839844,2.4312291145324707,2.3363850116729736,2.417349100112915,15684059
2022-08-19,2.491373062133789,2.6000959873199463,2.3225059509277344,2.371083974838257,32681481
2022-08-22,2.4404819011688232,2.5445780754089355,2.435854911804199,2.5214450359344482,12782327
2022-08-23,2.4543609619140625,2.5561439990997314,2.4080960750579834,2.4520480632781982,17634741
2022-08-24,2.3942160606384277,2.4589879512786865,2.3826498985290527,2.4589879512786865,11758955
2022-08-25,2.3919029235839844,2.4404819011688232,2.3826498985290527,2.3826498985290527,8489723
2022-08-26,2.3687710762023926,2.4150359630584717,2.361830949783325,2.4034690856933594,7098894
2022-08-29,2.3479509353637695,2.4266018867492676,2.3248190879821777,2.371083974838257,11362621
2022-08-31,2.4242889881134033,2.4543609619140625,2.3225059509277344,2.359518051147461,18153681
2022-09-01,2.5399510860443115,2.637108087539673,2.5168190002441406,2.549204111099243,37273629
2022-09-02,2.5885300636291504,2.639420986175537,2.5098791122436523,2.6024088859558105,19662431
2022-09-05,2.5885300636291504,2.641735076904297,2.549204111099243,2.597783088684082,23995428
2022-09-06,2.5330119132995605,2.6070361137390137,2.4867470264434814,2.6047229766845703,14599396
2022-09-07,2.576962947845459,2.609349012374878,2.4936859607696533,2.5330119132995605,18976107
2022-09-08,2.727324962615967,2.741204023361206,2.553831100463867,2.581589937210083,38769246
2022-09-09,2.8499269485473633,2.8568670749664307,2.7065060138702393,2.741204023361206,38198042
2022-09-12,2.8684329986572266,2.9586501121520996,2.81754207611084,2.877686023712158,39695508
2022-09-13,2.891566038131714,2.949397087097168,2.7481439113616943,2.8684329986572266,130908441
2022-09-14,2.9170119762420654,2.9864089488983154,2.796722888946533,2.8892529010772705,28699116
2022-09-15,3.044240951538086,3.2061679363250732,2.9355180263519287,2.9794700145721436,62235100
2022-09-16,2.984096050262451,3.0789389610290527,2.9470839500427246,3.0534939765930176,20699023
2022-09-19,2.954024076461792,3.0812530517578125,2.954024076461792,2.981782913208008,20625611
2022-09-20,2.937830924987793,3.0650599002838135,2.847614049911499,2.995661973953247,17326958
2022-09-21,2.9517099857330322,3.0257349014282227,2.9031319618225098,2.937830924987793,15924145
2022-09-22,3.0928189754486084,3.129831075668335,2.9170119762420654,2.9517099857330322,26657359
2022-09-23,3.039613962173462,3.1113250255584717,3.0049149990081787,3.097445011138916,16311971
2022-09-26,3.044240951538086,3.180722951889038,3.01648211479187,3.0419270992279053,30168873
2022-09-27,3.0373010635375977,3.069685935974121,3.0095419883728027,3.051179885864258,12583171
2022-09-28,3.023421049118042,3.1668429374694824,3.0141680240631104,3.0303609371185303,32673130
2022-09-29,2.926265001296997,3.0465540885925293,2.8730599880218506,3.028048038482666,19253085
2022-09-30,2.9864089488983154,3.0303609371185303,2.910072088241577,2.9586501121520996,13179301
2022-10-03,3.0187950134277344,3.0303609371185303,2.954024076461792,2.9748430252075195,13560694
2022-10-04,3.146023988723755,3.2732529640197754,3.129831075668335,3.238554000854492,56514092
2022-10-05,3.4328670501708984,3.4606258869171143,3.1853489875793457,3.203855037689209,99491879
2022-10-06,3.6433730125427246,3.7266499996185303,3.354217052459717,3.4374940395355225,75511027
2022-10-07,3.604048013687134,3.8053009510040283,3.564723014831543,3.7104580402374268,49852979
2022-10-10,3.962601900100708,3.962601900100708,3.5346500873565674,3.604048013687134,76631250
2022-10-11,4.129156112670898,4.251759052276611,4.022747039794922,4.052818775177002,86728935
2022-10-12,4.540915012359619,4.540915012359619,4.163855075836182,4.163855075836182,78561043
2022-10-13,4.453011989593506,4.994312763214111,4.453011989593506,4.781494140625,45067078
2022-10-14,4.89715576171875,4.89715576171875,4.25638484954834,4.388240814208984,103707474
2022-10-17,5.385252952575684,5.385252952575684,5.144673824310303,5.144673824310303,40149095
2022-10-18,5.921926975250244,5.921926975250244,5.440771102905273,5.7253007888793945,86050539
2022-10-19,6.511806964874268,6.511806964874268,6.043373107910156,6.182168006896973,54849043
2022-10-20,6.887711048126221,7.159517765045166,6.604337215423584,6.63325309753418,62106121
2022-10-21,6.662168025970459,7.228916168212891,6.419277191162109,6.881927967071533,99079905
2022-10-24,6.153253078460693,7.009156227111816,5.997107982635498,6.881927967071533,69518004
2022-10-25,6.610119819641113,6.696866989135742,5.537927150726318,6.083855152130127,32641529
2022-10-26,6.245782852172852,6.57542085647583,6.014458179473877,6.57542085647583,13815306
2022-10-27,5.962409019470215,6.361445903778076,5.927711009979248,6.245782852172852,9667744
2022-10-28,6.124337196350098,6.257349014282227,5.968193054199219,5.968193054199219,3388933
2022-10-31,6.187952041625977,6.361445903778076,5.823614120483398,6.124337196350098,13563176
2022-11-01,6.500240802764893,6.708434104919434,5.985541820526123,6.187952041625977,21787274
2022-11-02,6.97445821762085,7.038072109222412,6.222650051116943,6.488675117492676,26968497
2022-11-03,7.448675155639648,7.541204929351807,7.009156227111816,7.009156227111816,17611855
2022-11-04,7.448675155639648,7.801445960998535,7.113253116607666,7.483373165130615,16067165
2022-11-07,7.240481853485107,7.674217224121094,7.217349052429199,7.4428911209106445,16422837
2022-11-08,7.344577789306641,7.518072128295898,6.881927967071533,7.240481853485107,14934941
2022-11-09,8.079035758972168,8.079035758972168,7.749396800994873,8.079035758972168,20111443
2022-11-10,8.640000343322754,8.882890701293945,8.148433685302734,8.148433685302734,23485920
2022-11-11,9.495903968811035,9.501687049865723,8.298794746398926,8.645783424377441,22100849
2022-11-14,10.444336891174316,10.444336891174316,9.501687049865723,9.501687049865723,11576744
2022-11-15,11.48530101776123,11.48530101776123,10.924337387084961,11.48530101776123,16830427
2022-11-16,12.630361557006836,12.630361557006836,12.26024055480957,12.630361557006836,17507215
2022-11-17,11.36963939666748,13.763855934143066,11.36963939666748,12.722891807556152,28324379
2022-11-18,10.23614501953125,10.918554306030273,10.23614501953125,10.374939918518066,7945641
2022-11-21,11.259758949279785,11.259758949279785,9.212530136108398,9.212530136108398,17503194
2022-11-22,12.375904083251953,12.375904083251953,11.820722579956055,12.005783081054688,7058639
2022-11-23,12.53783130645752,13.613493919372559,12.375904083251953,13.613493919372559,23521878
2022-11-24,11.43903636932373,12.954216957092285,11.288675308227539,12.595663070678711,18445841
2022-11-25,10.299758911132812,11.011083602905273,10.299758911132812,10.802891731262207,15383686
2022-11-28,10.28240966796875,10.976386070251465,9.276144981384277,10.299758911132812,18384343
2022-11-29,10.432770729064941,10.802891731262207,9.50747013092041,9.952771186828613,13207720
2022-11-30,9.663614273071289,10.23614501953125,9.62313175201416,10.23614501953125,12677575
2022-12-01,9.698312759399414,10.027952194213867,9.611565589904785,9.663614273071289,9494326
2022-12-02,9.229879379272461,9.813976287841797,8.969637870788574,9.704095840454102,13288031
2022-12-05,8.3103609085083,9.310843467712402,8.3103609085083,9.229879379272461,14052902
2022-12-06,8.628434181213379,8.790361404418945,7.483373165130615,7.749396800994873,19656966
2022-12-07,8.084818840026855,8.674698829650879,8.079035758972168,8.501205444335938,10904167
2022-12-08,8.674698829650879,8.674698829650879,8.674698829650879,8.674698829650879,8025606
2022-12-09,9.559517860412598,9.559517860412598,8.790361404418945,8.848193168640137,13483894
2022-12-12,10.317108154296875,10.317108154296875,10.317108154296875,10.317108154296875,12226046
2022-12-13,9.871807098388672,10.415422439575195,9.657831192016602,10.409639358520508,10743709
2022-12-14,9.322409629821777,10.06843376159668,9.206747055053711,9.704095840454102,11310262
2022-12-15,9.154699325561523,9.657831192016602,8.940723419189453,9.403372764587402,15724695
2022-12-16,9.235663414001465,9.709878921508789,9.206747055053711,9.611565589904785,9736271
2022-12-19,8.697831153869629,9.195180892944336,8.570602416992188,9.021686553955078,26259754
2022-12-20,8.674698829650879,8.981204986572266,8.582168579101562,8.744095802307129,16068332
2022-12-21,8.692048072814941,9.114216804504395,8.559036254882812,8.697831153869629,32674409
2022-12-22,8.830842971801758,9.085301399230957,8.605300903320312,8.697831153869629,29788499
2022-12-23,8.616867065429688,8.819276809692383,8.501205444335938,8.819276809692383,13137507
2022-12-26,8.304577827453613,8.645783424377441,8.223613739013672,8.599517822265625,16279489
2022-12-27,8.148433685302734,8.576384544372559,8.003854751586914,8.5648193359375,17280391
2022-12-28,8.136866569519043,8.663131713867188,8.003854751586914,8.19469928741455,21360048
2022-12-29,8.11373519897461,8.408675193786621,8.084818840026855,8.408675193786621,13687278
2022-12-30,8.07325267791748,8.171566009521484,7.946023941040039,8.125301361083984,13590964
2023-01-02,8.09638500213623,8.35084342956543,7.922891139984131,8.07325267791748,19466326
2023-01-03,7.6973490715026855,8.125301361083984,7.6973490715026855,8.107952117919922,12230697
2023-01-04,7.396625995635986,7.807229042053223,7.333012104034424,7.714698791503906,17530662
2023-01-05,7.026505947113037,7.483373165130615,6.71999979019165,7.396625995635986,16766353
2023-01-06,7.4313249588012695,7.4313249588012695,6.546505928039551,6.691083908081055,27511092
2023-01-09,7.749396800994873,8.084818840026855,7.448675155639648,7.518072128295898,37414963
2023-01-10,7.720481872558594,8.44337272644043,7.3619279861450195,7.749396800994873,59965275
2023-01-11,6.980240821838379,7.865059852600098,6.980240821838379,7.726264953613281,18684258
2023-01-12,6.997590065002441,7.327229022979736,6.477108001708984,6.997590065002441,22879069
2023-01-13,7.454458236694336,7.494939804077148,6.824096202850342,7.02072286605835,21668255
2023-01-16,7.784095764160156,7.905541896820068,7.286746978759766,7.454458236694336,28301200
2023-01-17,8.188916206359863,8.408675193786621,7.893976211547852,8.067469596862793,35496331
2023-01-18,8.090601921081543,8.524336814880371,8.003854751586914,8.420241355895996,25323497
2023-01-19,7.888193130493164,8.206265449523926,7.523855209350586,8.09638500213623,25533280
2023-01-20,7.668434143066406,7.888193130493164,7.59903621673584,7.876626014709473,15666465
2023-01-23,7.263614177703857,7.662650108337402,7.153735160827637,7.662650108337402,14687930
2023-01-24,7.286746978759766,7.541204929351807,7.06120491027832,7.1768670082092285,25114199
2023-01-25,7.1653008460998535,7.425541877746582,6.881927967071533,7.4197587966918945,12834885
2023-01-26,7.072771072387695,7.252048015594482,6.986023902893066,7.159517765045166,12145562
2023-01-27,6.951324939727783,7.066987991333008,6.772047996520996,7.066987991333008,10951745
2023-01-30,6.725782871246338,7.02072286605835,6.708434104919434,6.951324939727783,12459163
2023-01-31,6.488675117492676,6.70265007019043,6.355661869049072,6.685300827026367,12878910
2023-02-01,6.101204872131348,6.558072090148926,6.072288990020752,6.488675117492676,9633256
2023-02-02,6.106987953186035,6.326746940612793,5.748434066772461,6.101204872131348,14668857
2023-02-03,6.714217185974121,6.714217185974121,6.0028910636901855,6.106987953186035,21550482
2023-02-06,6.939758777618408,7.136384963989258,6.361445903778076,6.650601863861084,11228784
2023-02-07,6.245782852172852,6.818313121795654,6.245782852172852,6.818313121795654,14125501
2023-02-08,6.245782852172852,6.245782852172852,6.245782852172852,6.245782852172852,0
2023-02-15,6.870360851287842,6.870360851287842,5.985541820526123,6.245782852172852,16425638
2023-02-16,6.552289009094238,7.379277229309082,6.373012065887451,7.153735160827637,23816779
2023-02-17,6.211083889007568,6.477108001708984,6.187952041625977,6.303614139556885,11047238
2023-02-20,6.419277191162109,6.442409038543701,6.0896382331848145,6.309397220611572,16362895
2023-02-21,6.29204797744751,6.523373126983643,6.245782852172852,6.523373126983643,16959804
2023-02-22,6.268915176391602,6.534939765930176,6.112771034240723,6.245782852172852,20044421
2023-02-23,6.893494129180908,6.893494129180908,6.3209638595581055,6.355661869049072,38744268
2023-02-24,6.6563849449157715,7.205782890319824,6.477108001708984,6.708434104919434,31028009
2023-02-27,6.662168025970459,6.824096202850342,6.546505928039551,6.650601863861084,12955391
2023-02-28,7.159517765045166,7.327229022979736,6.685300827026367,6.685300827026367,56597654
2023-03-01,7.564336776733398,7.691565990447998,7.055421829223633,7.171083927154541,31241604
2023-03-02,7.390842914581299,7.824577808380127,7.309878826141357,7.691565990447998,36315187
2023-03-03,7.252048015594482,7.512289047241211,6.986023902893066,7.350360870361328,19431872
2023-03-06,7.974939823150635,7.974939823150635,7.523855209350586,7.633735179901123,42214238
2023-03-07,8.22939682006836,8.58795166015625,7.836143970489502,7.98650598526001,50324886
2023-03-08,7.9691572189331055,8.512770652770996,7.922891139984131,8.22939682006836,32992783
2023-03-09,7.865059852600098,8.345060348510742,7.836143970489502,8.084818840026855,16812142
2023-03-10,7.743614196777344,8.09638500213623,7.639517784118652,7.847711086273193,23850576
2023-03-13,7.633735179901123,8.038554191589355,7.616384983062744,7.743614196777344,24117922
2023-03-14,7.720481872558594,7.917108058929443,7.570119857788086,7.633735179901123,20928336
2023-03-15,8.212047576904297,8.44337272644043,7.749396800994873,7.807229042053223,61069797
2023-03-16,8.998554229736328,9.021686553955078,8.339277267456055,8.35084342956543,58156264
2023-03-17,9.07951831817627,9.50747013092041,8.969637870788574,9.154699325561523,61523695
2023-03-20,8.171566009521484,9.397589683532715,8.171566009521484,9.07951831817627,48759367
2023-03-21,7.980722904205322,8.385541915893555,7.778313159942627,8.171566009521484,38937399
2023-03-22,8.28144645690918,8.773012161254883,7.8303608894348145,8.107952117919922,55426135
2023-03-23,8.217830657958984,8.6573486328125,8.148433685302734,8.3103609085083,24454098
2023-03-24,8.188916206359863,8.321928024291992,8.009637832641602,8.235180854797363,16033316
2023-03-27,8.426024436950684,8.640000343322754,8.217830657958984,8.217830657958984,25578065
2023-03-28,7.807229042053223,8.420241355895996,7.668434143066406,8.420241355895996,19588656
2023-03-29,8.015421867370605,8.321928024291992,7.807229042053223,8.171566009521484,28231929
2023-03-30,7.951807022094727,8.321928024291992,7.911324977874756,8.321928024291992,18384637
2023-03-31,7.633735179901123,7.951807022094727,7.494939804077148,7.951807022094727,17656303
2023-04-03,7.263614177703857,7.59903621673584,7.0901198387146,7.59903621673584,19084491
2023-04-04,7.275180816650391,7.338795185089111,7.038072109222412,7.280963897705078,13597604
2023-04-05,7.385059833526611,7.518072128295898,7.18843412399292,7.275180816650391,15451711
2023-04-06,7.408193111419678,7.541204929351807,7.321445941925049,7.3734941482543945,13128489
2023-04-07,7.593253135681152,7.7609639167785645,7.263614177703857,7.286746978759766,20305750
2023-04-10,8.35084342956543,8.35084342956543,7.587470054626465,7.604818820953369,38654637
2023-04-11,8.038554191589355,8.605300903320312,7.865059852600098,8.501205444335938,46792665
2023-04-12,7.946023941040039,8.154216766357422,7.81301212310791,8.055903434753418,12842710
2023-04-13,8.22939682006836,8.437589645385742,7.865059852600098,7.940240859985352,33288600
2023-04-14,8.54168701171875,8.70939826965332,8.200482368469238,8.246747016906738,40592738
2023-04-17,8.859759330749512,9.276144981384277,8.49542236328125,8.674698829650879,51555257
2023-04-18,8.32771110534668,8.998554229736328,8.32771110534668,8.877107620239258,27084627
2023-04-19,8.645783424377441,8.645783424377441,8.316143989562988,8.35084342956543,19148436
2023-04-20,8.32771110534668,8.634217262268066,8.258313179016113,8.634217262268066,7308633
2023-04-24,8.206265449523926,8.426024436950684,8.188916206359863,8.35084342956543,12720795
2023-04-25,7.882410049438477,8.258313179016113,7.841928005218506,8.206265449523926,13889029
2023-04-26,7.708916187286377,8.044337272644043,7.541204929351807,7.893976211547852,16317799
2023-04-27,8.107952117919922,8.258313179016113,7.674217224121094,7.674217224121094,22712438
2023-04-28,7.708916187286377,8.154216766357422,7.674217224121094,8.107952117919922,12685632
2023-05-02,7.1768670082092285,7.807229042053223,7.136384963989258,7.708916187286377,15725793
2023-05-03,6.650601863861084,7.1768670082092285,6.482891082763672,7.1768670082092285,16288040
2023-05-04,6.951324939727783,7.286746978759766,6.563855171203613,6.604337215423584,18319957
2023-05-05,6.615902900695801,7.072771072387695,6.534939765930176,6.968675136566162,11188728
2023-05-08,6.806746959686279,6.812530040740967,6.442409038543701,6.5869879722595215,9688433
2023-05-09,6.650601863861084,6.893494129180908,6.558072090148926,6.806746959686279,8104508
2023-05-10,6.517590045928955,6.696866989135742,6.407711029052734,6.604337215423584,9641357
2023-05-11,6.70265007019043,6.939758777618408,6.546505928039551,6.615902900695801,20101310
2023-05-12,6.540722846984863,6.800963878631592,6.384578227996826,6.708434104919434,10794815
2023-05-15,6.326746940612793,6.9108428955078125,5.887228965759277,6.072288990020752,21470707
2023-05-16,6.569637775421143,6.592771053314209,6.361445903778076,6.361445903778076,8930816
2023-05-17,7.124818801879883,7.223132133483887,6.604337215423584,6.650601863861084,29840642
2023-05-18,6.754699230194092,7.159517765045166,6.650601863861084,7.113253116607666,15485689
2023-05-22,6.70265007019043,6.939758777618408,6.610119819641113,6.864577770233154,12644081
2023-05-23,6.63325309753418,6.858795166015625,6.5985541343688965,6.70265007019043,9076940
2023-05-24,6.517590045928955,6.824096202850342,6.442409038543701,6.63325309753418,11338517
2023-05-25,6.7893967628479,6.991806983947754,6.546505928039551,6.5985541343688965,23304220
2023-05-26,6.9108428955078125,7.101686954498291,6.6563849449157715,6.725782871246338,19152283
2023-05-29,7.425541877746582,7.437108039855957,6.986023902893066,7.171083927154541,15842278
2023-05-30,7.483373165130615,7.633735179901123,7.275180816650391,7.529637813568115,15813920
2023-05-31,7.402409076690674,7.575902938842773,7.298313140869141,7.4891557693481445,18385052
2023-06-01,7.546988010406494,7.656867027282715,7.3619279861450195,7.448675155639648,21365046
2023-06-02,7.616384983062744,7.841928005218506,7.4891557693481445,7.622169017791748,15458662
2023-06-05,7.784095764160156,7.899758815765381,7.639517784118652,7.85927677154541,16121089
2023-06-06,7.552771091461182,7.865059852600098,7.460240840911865,7.789878845214844,12847776
2023-06-07,7.518072128295898,7.726264953613281,7.518072128295898,7.6279520988464355,13777126
2023-06-08,8.119518280029297,8.177349090576172,7.541204929351807,7.564336776733398,43112558
2023-06-09,8.14264965057373,8.426024436950684,7.934457778930664,8.177349090576172,29493754
2023-06-12,8.952288627624512,8.952288627624512,8.790361404418945,8.952288627624512,9944549
2023-06-13,8.77879524230957,9.704095840454102,8.49542236328125,9.021686553955078,82788959
2023-06-14,8.293011665344238,8.848193168640137,8.293011665344238,8.726746559143066,29584743
2023-06-15,8.321928024291992,8.611083984375,8.102169036865234,8.3103609085083,19834569
2023-06-16,8.223613739013672,8.489638328552246,8.171566009521484,8.333494186401367,17143865
2023-06-19,7.928675174713135,8.559036254882812,7.824577808380127,8.316143989562988,20217113
2023-06-20,7.749396800994873,7.992289066314697,7.656867027282715,7.928675174713135,13043068
2023-06-21,7.737831115722656,7.963373184204102,7.64530086517334,7.807229042053223,17022616
2023-06-22,8.02698802947998,8.102169036865234,7.64530086517334,7.737831115722656,16121201
2023-06-23,8.246747016906738,8.362409591674805,8.038554191589355,8.15999984741211,12616051
2023-06-26,8.576384544372559,8.616867065429688,8.39710807800293,8.39710807800293,16500719
2023-06-27,8.952288627624512,8.952288627624512,8.449156761169434,8.576384544372559,11184482
2023-07-03,9.842891693115234,9.842891693115234,9.137349128723145,9.137349128723145,41130034
2023-07-04,9.640481948852539,10.409639358520508,9.640481948852539,10.062650680541992,58185694
2023-07-05,9.62313175201416,9.883373260498047,9.426506042480469,9.640481948852539,25259976
2023-07-06,9.634698867797852,9.831324577331543,9.524819374084473,9.657831192016602,18358561
2023-07-07,10.23614501953125,10.28240966796875,9.55373477935791,9.646265029907227,32903558
2023-07-10,10.883854866027832,11.011083602905273,10.357589721679688,10.409639358520508,43140709
2023-07-11,10.889638900756836,11.334939956665039,10.58313274383545,11.138313293457031,37452356
2023-07-12,10.959035873413086,11.22506046295166,10.484819412231445,10.889638900756836,28243307
2023-07-13,10.878071784973145,11.450601577758789,10.785541534423828,10.883854866027832,38393731
2023-07-14,11.46216869354248,11.959518432617188,10.646746635437012,10.883854866027832,54213557
2023-07-17,12.607229232788086,12.607229232788086,11.543132781982422,11.566265106201172,37599862
2023-07-18,13.867952346801758,13.867952346801758,12.954216957092285,13.474699020385742,49906989
2023-07-19,13.879517555236816,14.816386222839355,12.89638614654541,13.532529830932617,115350541
2023-07-20,15.267470359802246,15.267470359802246,13.729157447814941,14.214940071105957,71289811
2023-07-21,16.79421615600586,16.79421615600586,15.90361499786377,15.961445808410645,65033929
2023-07-24,18.47132682800293,18.47132682800293,17.129638671875,17.233734130859375,49466882
2023-07-25,16.63228988647461,18.47132682800293,16.63228988647461,18.47132682800293,94984892
2023-07-26,16.07710838317871,18.00867462158203,15.093976020812988,16.192771911621094,108035924
2023-07-27,15.660722732543945,16.65542221069336,15.498794555664062,16.192771911621094,34680208
2023-07-28,15.845783233642578,16.36626434326172,15.244338035583496,15.683856010437012,38479083
2023-07-31,17.430362701416016,17.430362701416016,16.805782318115234,17.118072509765625,23250304
2023-08-01,18.031808853149414,19.01494026184082,17.002410888671875,17.46506118774414,65462615
2023-08-02,19.8245792388916,19.8245792388916,17.349397659301758,18.031808853149414,72126080
2023-08-03,20.657350540161133,21.513254165649414,20.125301361083984,20.171567916870117,66323299
2023-08-04,20.345060348510742,21.779277801513672,20.02120590209961,21.455421447753906,63447418
2023-08-07,19.35036277770996,20.761445999145508,18.795181274414062,20.345060348510742,36722967
2023-08-08,21.28192710876465,21.28192710876465,18.529157638549805,19.35036277770996,68064043
2023-08-09,20.981204986572266,22.207229614257812,20.125301361083984,20.553253173828125,163849263
2023-08-10,19.234699249267578,20.796144485473633,18.887710571289062,20.761445999145508,111663110
2023-08-11,19.142169952392578,19.61638641357422,18.078073501586914,19.026506423950195,59812434
2023-08-14,19.142169952392578,20.079036712646484,18.575422286987305,19.315662384033203,86785669
2023-08-15,17.62698745727539,19.142169952392578,17.280000686645508,19.095903396606445,52256892
2023-08-16,16.690120697021484,17.62698745727539,16.308433532714844,17.349397659301758,42148236
2023-08-17,18.216867446899414,18.297832489013672,16.262168884277344,16.690120697021484,35773534
2023-08-18,18.355663299560547,19.66265106201172,17.58072280883789,18.506023406982422,40960826
2023-08-21,17.89301109313965,18.714216232299805,17.349397659301758,17.973976135253906,40741040
2023-08-22,17.303133010864258,18.482891082763672,17.245302200317383,18.27469825744629,37063959
2023-08-23,16.828916549682617,18.020240783691406,16.551326751708984,17.337831497192383,41519088
2023-08-24,15.880481719970703,17.210603713989258,15.730120658874512,16.828916549682617,29082636
2023-08-25,16.886747360229492,17.41879653930664,15.394699096679688,16.192771911621094,47215308
2023-08-28,17.476627349853516,18.216867446899414,17.129638671875,17.6848201751709,34679628
2023-08-29,16.898313522338867,17.6385555267334,16.79421615600586,17.499759674072266,23101138
2023-08-31,17.60385513305664,17.96240997314453,16.805782318115234,17.118072509765625,26334800
2023-09-01,18.67951774597168,19.08433723449707,18.20530128479004,18.806747436523438,54528092
2023-09-04,18.910844802856445,19.7783145904541,18.494457244873047,18.795181274414062,40065662
2023-09-05,19.63951873779297,20.02120590209961,18.27469825744629,18.922409057617188,58454234
2023-09-06,20.3797607421875,21.18939781188965,19.01494026184082,19.7783145904541,71737622
2023-09-07,19.68578338623047,20.96963882446289,19.477590560913086,20.3797607421875,37741455
2023-09-08,19.9171085357666,20.819278717041016,19.200000762939453,19.84771156311035,50334171
2023-09-11,21.90650749206543,21.90650749206543,19.84771156311035,20.356626510620117,90691104
2023-09-12,21.25879669189453,23.745542526245117,21.073734283447266,22.704578399658203,109874685
2023-09-13,20.414457321166992,21.825542449951172,20.032772064208984,21.1662654876709,48606630
2023-09-14,20.102169036865234,20.622650146484375,18.876144409179688,20.414457321166992,38790955
2023-09-15,19.7783145904541,20.5648193359375,19.44289207458496,20.15999984741211,24696864
2023-09-18,18.367229461669922,19.604820251464844,18.251567840576172,19.604820251464844,28658108
2023-09-19,20.194698333740234,20.194698333740234,17.973976135253906,18.27469825744629,47040680
2023-09-20,22.207229614257812,22.207229614257812,20.414457321166992,21.1662654876709,33664262
2023-09-21,24.42795181274414,24.42795181274414,22.09156608581543,23.132530212402344,109512935
2023-09-22,26.86843490600586,26.86843490600586,23.826507568359375,24.35855484008789,34397895
2023-09-25,29.551807403564453,29.551807403564453,27.759037017822266,28.048194885253906,15511549
2023-09-26,30.072290420532227,32.50120544433594,27.527711868286133,31.691566467285156,150783075
2023-09-27,33.07951736450195,33.07951736450195,30.41927719116211,30.41927719116211,36436946
2023-09-28,29.77156639099121,32.60530090332031,29.77156639099121,32.60530090332031,29362701
2023-09-29,29.20482063293457,32.36241149902344,26.949398040771484,27.87470054626465,117094544
2023-10-02,28.140724182128906,30.673736572265625,27.81686782836914,28.80000114440918,53369239
2023-10-03,28.93879508972168,29.551807403564453,27.759037017822266,28.337350845336914,50134081
2023-10-04,28.337350845336914,29.459278106689453,28.256385803222656,28.93879508972168,31715517
2023-10-05,28.34891700744629,29.054458618164062,26.926265716552734,28.337350845336914,31337608
2023-10-06,27.550844192504883,28.314218521118164,26.926265716552734,27.597108840942383,16509062
2023-10-09,26.024097442626953,27.643373489379883,25.561445236206055,26.38265037536621,23950366
2023-10-10,28.626506805419922,28.626506805419922,26.22072410583496,26.22072410583496,14341128
2023-10-11,30.072290420532227,31.11325454711914,29.019760131835938,29.840965270996094,63338706
2023-10-12,30.384578704833984,33.07951736450195,28.41831398010254,33.07951736450195,111022575
2023-10-13,28.34891700744629,30.546506881713867,28.337350845336914,30.384578704833984,25777645
2023-10-16,25.515180587768555,28.048194885253906,25.515180587768555,27.643373489379883,50094172
2023-10-17,26.000965118408203,27.157590866088867,24.323856353759766,25.515180587768555,50241877
2023-10-18,24.40481948852539,25.295421600341797,24.33542251586914,24.98313331604004,26351815
2023-10-19,23.826507568359375,25.38795280456543,23.57204818725586,24.636144638061523,26972500
2023-10-20,22.577350616455078,23.398555755615234,22.149398803710938,23.1672306060791,26812664
2023-10-23,24.83277130126953,24.83277130126953,22.669879913330078,23.363855361938477,37127843
2023-10-24,27.307952880859375,27.307952880859375,25.145061492919922,25.896867752075195,40270672
2023-10-25,24.948434829711914,29.470844268798828,24.751808166503906,27.759037017822266,66676326
2023-10-26,27.435182571411133,27.435182571411133,24.98313331604004,25.723373413085938,51014676
2023-10-27,28.580242156982422,29.644338607788086,27.238555908203125,28.453012466430664,62430081
2023-10-30,29.089157104492188,30.002891540527344,27.70120620727539,28.19855499267578,40041861
2023-10-31,26.787471771240234,29.63277244567871,26.660242080688477,29.505542755126953,35897835
2023-11-01,28.533977508544922,28.788434982299805,25.88530158996582,27.215421676635742,52856801
2023-11-02,27.84000015258789,29.366748809814453,27.585542678833008,28.996627807617188,31705471
2023-11-03,26.81060218811035,28.186988830566406,26.33638572692871,28.17542266845703,25679057
2023-11-06,28.453012466430664,29.46506118774414,27.192289352416992,27.527711868286133,50433953
2023-11-07,27.388916015625,28.279518127441406,27.22698974609375,28.24481964111328,24166909
2023-11-08,27.493013381958008,28.094459533691406,27.099760055541992,27.759037017822266,20590172
2023-11-09,27.27325439453125,27.90939712524414,26.60240936279297,26.949398040771484,21069808
2023-11-10,27.643373489379883,28.904096603393555,27.099760055541992,27.67807388305664,39269329
2023-11-13,26.17445945739746,27.96722984313965,25.677108764648438,27.87470054626465,21132741
2023-11-14,26.209157943725586,26.787471771240234,25.781206130981445,26.567712783813477,20802487
2023-11-15,26.35951805114746,26.949398040771484,26.012531280517578,26.833736419677734,21411993
2023-11-16,25.700241088867188,26.81060218811035,25.677108764648438,26.371084213256836,17558208
2023-11-17,25.90843391418457,26.255422592163086,25.607711791992188,25.79277229309082,16324274
2023-11-20,26.151325225830078,27.122892379760742,25.93156623840332,26.12819480895996,23597720
2023-11-21,27.41204833984375,28.337350845336914,26.371084213256836,27.065061569213867,62040275
2023-11-22,26.590843200683594,27.643373489379883,26.567712783813477,27.493013381958008,18670598
2023-11-23,26.209157943725586,27.157590866088867,26.19759178161621,26.57927894592285,18586336
2023-11-24,25.723373413085938,26.209157943725586,25.098796844482422,26.186025619506836,20416537
2023-11-27,24.96000099182129,25.966266632080078,24.879037857055664,25.804338455200195,18057703
2023-11-28,24.196626663208008,25.422651290893555,23.814939498901367,24.96000099182129,21981355
2023-11-29,23.42168617248535,24.566747665405273,23.42168617248535,24.462650299072266,20136974
2023-11-30,24.925302505493164,25.05253028869629,23.363855361938477,23.826507568359375,41442321
2023-12-01,24.43951988220215,25.226024627685547,24.000001907348633,25.098796844482422,12736392
2023-12-04,23.988433837890625,24.85590362548828,23.42168617248535,24.45108413696289,20194089
2023-12-05,23.768674850463867,24.300724029541016,23.629880905151367,23.988433837890625,14713953
2023-12-06,22.843374252319336,23.826507568359375,22.704578399658203,23.768674850463867,18381741
2023-12-07,23.59518051147461,23.699277877807617,22.09156608581543,22.83180809020996,25072076
2023-12-08,22.612049102783203,23.803373336791992,22.612049102783203,23.791807174682617,15632219
2023-12-11,21.698314666748047,22.612049102783203,21.605783462524414,22.612049102783203,12856984
2023-12-12,23.861204147338867,23.861204147338867,22.716144561767578,23.861204147338867,13943558
2023-12-13,22.322891235351562,24.57831382751465,22.195663452148438,24.520483016967773,37337971
2023-12-14,22.230361938476562,22.993736267089844,21.802410125732422,22.94746971130371,15324237
2023-12-15,22.461687088012695,23.09783172607422,21.941204071044922,22.241928100585938,17137744
2023-12-18,21.18939781188965,22.461687088012695,21.177831649780273,22.461687088012695,10114587
2023-12-19,21.06216812133789,21.61734962463379,20.356626510620117,21.05060386657715,16820710
2023-12-20,20.032772064208984,21.224096298217773,20.009639739990234,20.99277114868164,12093574
2023-12-21,20.125301361083984,20.391326904296875,19.130603790283203,19.94024085998535,18194602
2023-12-22,18.506023406982422,20.958072662353516,18.506023406982422,20.530120849609375,25261247
2023-12-25,16.65542221069336,18.459758758544922,16.65542221069336,18.459758758544922,17655491
2023-12-26,16.817350387573242,17.812049865722656,16.493494033813477,17.013975143432617,45729185
2023-12-27,18.101205825805664,18.494457244873047,16.470361709594727,16.817350387573242,59105386
2023-12-28,19.130603790283203,19.66265106201172,17.86988067626953,18.101205825805664,35543996
2023-12-29,19.026506423950195,19.7320499420166,18.575422286987305,19.546987533569336,27651310
2024-01-02,20.92337417602539,20.92337417602539,19.049638748168945,19.327228546142578,33206448
2024-01-03,20.680482864379883,22.507951736450195,20.264097213745117,21.1662654876709,58356069
2024-01-04,20.96963882446289,21.779277801513672,20.333494186401367,21.39759063720703,24857729
2024-01-05,21.39759063720703,21.57108497619629,20.680482864379883,21.28192710876465,18063531
2024-01-08,23.537349700927734,23.537349700927734,22.392290115356445,22.73927879333496,35538065
2024-01-09,25.88530158996582,25.88530158996582,23.93060302734375,24.115663528442383,56864914
2024-01-10,25.781206130981445,27.70120620727539,24.682409286499023,26.31325340270996,92253250
2024-01-11,25.31855583190918,26.926265716552734,25.31855583190918,25.781206130981445,33752138
2024-01-12,24.589879989624023,25.306989669799805,24.000001907348633,24.751808166503906,37917796
2024-01-15,24.127229690551758,25.040964126586914,23.988433837890625,24.636144638061523,25540395
2024-01-16,25.017831802368164,25.330120086669922,23.560483932495117,24.127229690551758,42031829
2024-01-17,24.705543518066406,25.45734977722168,24.64771270751953,25.017831802368164,29053707
2024-01-18,24.613012313842773,25.734939575195312,23.942169189453125,25.040964126586914,50304421
2024-01-19,24.497350692749023,24.798072814941406,24.185060501098633,24.520483016967773,22345258
2024-01-22,23.722410202026367,24.497350692749023,23.722410202026367,24.497350692749023,16629559
2024-01-23,23.780242919921875,24.40481948852539,23.664579391479492,23.861204147338867,20368665
2024-01-24,25.00626564025879,25.54987907409668,23.50265121459961,24.21976089477539,46417574
2024-01-25,25.02939796447754,25.584579467773438,24.86747169494629,25.214458465576172,24490774
2024-01-26,25.260723114013672,26.24385643005371,24.98313331604004,25.330120086669922,35184415
2024-01-29,25.156627655029297,26.29012107849121,25.156627655029297,25.45734977722168,34181075
2024-01-30,25.584579467773438,25.596145629882812,24.636144638061523,25.156627655029297,28729480
2024-01-31,25.48048210144043,25.989397048950195,25.145061492919922,25.584579467773438,21335529
2024-02-01,26.105060577392578,27.122892379760742,25.873735427856445,26.024097442626953,36770286
2024-02-02,25.896867752075195,26.57927894592285,25.653976440429688,26.255422592163086,22368386
2024-02-05,25.83903694152832,26.24385643005371,25.468915939331055,25.79277229309082,25107023
2024-02-06,26.405784606933594,26.822168350219727,25.677108764648438,26.012531280517578,42969426
2024-02-07,29.031326293945312,29.031326293945312,26.26698875427246,26.567712783813477,43110846
2024-02-08,29.031326293945312,31.344579696655273,28.51084327697754,29.72530174255371,77262897
2024-02-09,28.533977508544922,29.609638214111328,27.955663681030273,29.089157104492188,24586466
2024-02-12,28.603374481201172,29.840965270996094,28.360483169555664,29.06024169921875,26395866
2024-02-13,27.180723190307617,28.811567306518555,26.949398040771484,28.684337615966797,27501071
2024-02-14,27.388916015625,28.279518127441406,26.24385643005371,27.146024703979492,30863678
2024-02-15,27.41204833984375,28.46457862854004,27.354217529296875,27.493013381958008,31112738
2024-02-16,27.782169342041016,28.568675994873047,26.91469955444336,27.65494155883789,39698050
2024-02-19,27.516145706176758,28.649639129638672,27.458314895629883,28.337350845336914,29232589
2024-02-20,27.978796005249023,28.302650451660156,27.146024703979492,27.573976516723633,30511576
2024-02-21,28.973495483398438,29.349397659301758,27.782169342041016,28.32578468322754,71770840
2024-02-22,29.493976593017578,30.274700164794922,28.695903778076172,28.915664672851562,52353354
2024-02-23,31.66265106201172,32.44337463378906,29.696386337280273,29.72530174255371,105786131
2024-02-26,30.766265869140625,32.50120544433594,30.650602340698242,31.66265106201172,51313113
2024-02-27,28.915664672851562,31.11325454711914,28.730602264404297,30.795181274414062,38032111
2024-02-28,27.493013381958008,29.175905227661133,27.493013381958008,28.915664672851562,35127266
2024-02-29,28.0828914642334,28.453012466430664,27.423614501953125,27.423614501953125,30174735
2024-03-01,27.886266708374023,29.089157104492188,27.666507720947266,28.0828914642334,37900348
2024-03-04,26.590843200683594,28.360483169555664,26.41735076904297,28.29108428955078,25654883
2024-03-05,25.90843391418457,26.93783187866211,25.619277954101562,26.590843200683594,27973376
2024-03-06,24.971567153930664,26.058795928955078,24.83277130126953,25.850603103637695,29516899
2024-03-07,26.255422592163086,26.7412052154541,25.36482048034668,25.422651290893555,32870860
2024-03-08,25.989397048950195,26.55614471435547,25.341686248779297,26.48674774169922,23684930
2024-03-11,25.12192726135254,26.53301239013672,25.07566261291504,26.39421844482422,17416373
2024-03-12,25.098796844482422,25.989397048950195,24.5551815032959,25.110361099243164,27113081
2024-03-13,25.02939796447754,25.642410278320312,24.520483016967773,25.12192726135254,21676987
2024-03-14,25.538314819335938,25.700241088867188,24.64771270751953,25.02939796447754,22304130
2024-03-15,26.093494415283203,26.371084213256836,25.237590789794922,25.769638061523438,37005340
2024-03-18,24.42795181274414,26.35951805114746,24.42795181274414,26.105060577392578,33124131
2024-03-19,24.57831382751465,25.249156951904297,24.38168716430664,24.42795181274414,20250918
2024-03-20,24.566747665405273,25.179759979248047,24.5551815032959,24.659278869628906,18264728
2024-03-21,24.35855484008789,25.00626564025879,24.254457473754883,24.69397735595703,20070453
2024-03-22,24.566747665405273,25.272289276123047,24.31229019165039,24.43951988220215,21160312
2024-03-25,24.127229690551758,25.79277229309082,24.080965042114258,24.40481948852539,25786568
2024-03-26,23.132530212402344,24.43951988220215,22.92433738708496,24.127229690551758,18377271
2024-03-27,23.016868591308594,23.514217376708984,22.716144561767578,23.201927185058594,16518114
2024-03-28,23.248193740844727,23.687711715698242,22.87807273864746,23.02843475341797,18151589
2024-03-29,24.474218368530273,25.43421745300293,23.040000915527344,23.3060245513916,38038232
2024-04-01,25.017831802368164,26.91469955444336,24.80963897705078,24.844337463378906,38457382
2024-04-02,23.780242919921875,25.330120086669922,23.467952728271484,25.145061492919922,17614898
2024-04-03,23.3060245513916,24.104097366333008,23.248193740844727,23.491085052490234,18311424
2024-04-04,22.95903778076172,23.745542526245117,22.935903549194336,23.50265121459961,12165292
2024-04-05,24.231325149536133,24.43951988220215,23.537349700927734,23.757108688354492,16117406
2024-04-08,25.79277229309082,25.954700469970703,24.33542251586914,24.497350692749023,23553453
2024-04-09,25.79277229309082,25.79277229309082,25.79277229309082,25.79277229309082,0
2024-04-15,25.214458465576172,25.804338455200195,25.156627655029297,25.43421745300293,17876080
2024-04-16,23.965301513671875,25.249156951904297,23.872772216796875,25.202892303466797,17840728
2024-04-17,23.583614349365234,24.40481948852539,23.467952728271484,24.196626663208008,13847788
2024-04-18,23.59518051147461,24.000001907348633,23.467952728271484,23.664579391479492,11396599
2024-04-19,23.687711715698242,23.942169189453125,23.1672306060791,23.38698959350586,13630639
2024-04-22,24.728675842285156,25.561445236206055,23.907470703125,23.907470703125,32808869
2024-04-24,24.115663528442383,25.306989669799805,24.057832717895508,24.98313331604004,14622472
2024-04-25,24.86747169494629,24.86747169494629,24.02313232421875,24.057832717895508,16508422
2024-04-26,25.584579467773438,26.833736419677734,25.36482048034668,26.55614471435547,25350074
2024-04-29,24.85590362548828,26.162891387939453,24.78650665283203,25.873735427856445,14653338
2024-04-30,24.115663528442383,24.844337463378906,24.115663528442383,24.821205139160156,13200457
2024-05-02,26.255422592163086,26.521446228027344,24.33542251586914,24.33542251586914,49958544
2024-05-03,27.331085205078125,27.331085205078125,25.827470779418945,25.850603103637695,40515886
2024-05-06,25.36482048034668,26.6949405670166,25.36482048034668,26.6949405670166,23120643
2024-05-07,24.589879989624023,25.38795280456543,24.231325149536133,24.798072814941406,22737589
2024-05-08,24.40481948852539,24.98313331604004,24.31229019165039,24.705543518066406,11699843
2024-05-09,23.664579391479492,24.74024200439453,23.43325424194336,24.659278869628906,15935221
2024-05-10,23.699277877807617,24.196626663208008,23.32915687561035,23.606748580932617,14215210
2024-05-13,22.85494041442871,23.757108688354492,22.577350616455078,23.699277877807617,13888372
2024-05-14,22.73927879333496,23.34072494506836,22.646747589111328,22.843374252319336,10789999
2024-05-15,23.016868591308594,23.722410202026367,22.843374252319336,23.00530242919922,14714092
2024-05-16,23.398555755615234,23.41012191772461,23.05156707763672,23.063133239746094,8191485
2024-05-17,23.294458389282227,23.64144515991211,23.14409637451172,23.398555755615234,12201734
2024-05-20,23.07469940185547,23.28289222717285,22.322891235351562,23.28289222717285,11086957
2024-05-21,25.040964126586914,25.098796844482422,23.155662536621094,23.9537353515625,39908170
2024-05-22,24.86747169494629,25.677108764648438,24.45108413696289,25.017831802368164,28739180
2024-05-23,23.57204818725586,25.02939796447754,23.57204818725586,24.80963897705078,14974729
2024-05-24,22.83180809020996,23.444820404052734,22.646747589111328,23.363855361938477,15567911
2024-05-27,22.04530143737793,23.2134952545166,22.04530143737793,22.83180809020996,12098114
2024-05-28,21.628915786743164,22.346025466918945,21.339759826660156,22.056867599487305,13352235
2024-05-29,20.58795166015625,21.813976287841797,20.58795166015625,21.686748504638672,13656257
2024-05-30,20.668916702270508,20.888675689697266,20.356626510620117,20.599519729614258,10808994
2024-05-31,21.14313316345215,21.177831649780273,20.356626510620117,20.58795166015625,11379870
2024-06-03,21.813976287841797,22.54265022277832,21.09686851501465,21.39759063720703,18259281
2024-06-04,20.96963882446289,21.90650749206543,20.96963882446289,21.790843963623047,8508666
2024-06-05,20.796144485473633,21.154699325561523,20.44915771484375,20.99277114868164,10036247
2024-06-06,20.414457321166992,21.362892150878906,20.414457321166992,20.796144485473633,13420744
2024-06-07,19.720481872558594,20.576385498046875,19.63951873779297,20.414457321166992,9319887
2024-06-10,19.813011169433594,20.92337417602539,19.546987533569336,19.66265106201172,12183093
2024-06-11,19.627952575683594,20.287229537963867,19.627952575683594,19.8245792388916,6038785
2024-06-12,19.431325912475586,19.9171085357666,19.431325912475586,19.84771156311035,7357534
2024-06-13,19.720481872558594,19.99807357788086,19.604820251464844,19.604820251464844,8783016
2024-06-14,21.686748504638672,21.686748504638672,19.720481872558594,20.11373519897461,25997016
2024-06-20,21.108434677124023,22.750843048095703,20.94650650024414,22.588916778564453,22557989
2024-06-21,21.25879669189453,21.59421730041504,20.761445999145508,21.108434677124023,16707752
2024-06-24,23.37542152404785,23.37542152404785,22.92433738708496,23.37542152404785,13184566
2024-06-25,22.90120506286621,23.907470703125,22.762409210205078,23.59518051147461,29146097
2024-06-26,21.709880828857422,22.95903778076172,21.698314666748047,22.90120506286621,12466478
2024-06-27,22.010602951049805,22.42698860168457,21.64048194885254,21.744579315185547,10613685
2024-06-28,21.698314666748047,22.253494262695312,21.57108497619629,22.010602951049805,9241798
2024-07-01,20.483856201171875,21.86024284362793,20.298795700073242,21.744579315185547,11505087
2024-07-02,20.934940338134766,20.934940338134766,20.009639739990234,20.4722900390625,9164237
2024-07-03,21.744579315185547,22.95903778076172,20.726747512817383,20.94650650024414,29276450
2024-07-04,21.883373260498047,22.554216384887695,21.721445083618164,21.744579315185547,13379901
2024-07-05,21.42072296142578,21.987470626831055,21.339759826660156,21.848674774169922,8474550
2024-07-08,21.339759826660156,21.825542449951172,21.25879669189453,21.536386489868164,8220267
2024-07-09,21.432289123535156,21.767711639404297,21.2125301361084,21.39759063720703,10274137
2024-07-10,21.97590446472168,22.94746971130371,21.744579315185547,22.531084060668945,29751590
2024-07-11,23.05156707763672,23.64144515991211,22.11469841003418,22.334457397460938,32736633
2024-07-12,22.484819412231445,23.52578353881836,22.392290115356445,23.42168617248535,14735369
2024-07-16,23.491085052490234,23.83807373046875,22.11469841003418,22.484819412231445,26694648
2024-07-17,24.323856353759766,24.57831382751465,23.248193740844727,23.537349700927734,38247885
2024-07-18,24.138795852661133,24.659278869628906,23.965301513671875,24.138795852661133,22574693
2024-07-19,23.59518051147461,24.40481948852539,23.491085052490234,24.138795852661133,15321617
2024-07-22,23.225061416625977,23.942169189453125,23.19036293029785,23.699277877807617,10890144
2024-07-23,23.583614349365234,24.057832717895508,23.05156707763672,23.178796768188477,20052980
2024-07-24,23.19036293029785,24.173494338989258,23.12096405029297,23.699277877807617,21211919
2024-07-25,22.94746971130371,23.317590713500977,22.507951736450195,23.178796768188477,11606581
2024-07-26,23.895904541015625,24.659278869628906,22.635181427001953,22.94746971130371,43969196
2024-07-29,24.890602111816406,26.12819480895996,24.138795852661133,24.28915786743164,53514619
2024-07-30,24.682409286499023,26.17445945739746,24.682409286499023,25.00626564025879,38749749
2024-07-31,25.306989669799805,26.000965118408203,24.948434829711914,25.758073806762695,47050242
2024-08-01,24.890602111816406,25.83903694152832,24.890602111816406,25.45734977722168,21798349
2024-08-02,24.231325149536133,24.774940490722656,23.872772216796875,24.751808166503906,17079583
2024-08-05,22.207229614257812,23.467952728271484,21.813976287841797,21.813976287841797,20364446
2024-08-06,23.47951889038086,24.42795181274414,22.866506576538086,23.1672306060791,28609182
2024-08-07,23.063133239746094,23.768674850463867,22.750843048095703,23.676145553588867,18835068
2024-08-08,22.646747589111328,23.28289222717285,22.565784454345703,22.935903549194336,11319781
2024-08-09,22.06843376159668,22.912771224975586,22.056867599487305,22.762409210205078,10443128
2024-08-12,21.46698760986328,22.322891235351562,21.131567001342773,22.09156608581543,10054386
2024-08-13,21.28192710876465,22.103132247924805,21.09686851501465,21.964338302612305,14574972
2024-08-14,21.200963973999023,21.64048194885254,21.1200008392334,21.39759063720703,10110246
2024-08-15,21.513254165649414,21.652048110961914,20.773012161254883,21.200963973999023,12240675
2024-08-16,20.87710952758789,21.59421730041504,20.842409133911133,21.57108497619629,10946480
2024-08-19,21.57108497619629,22.241928100585938,20.58795166015625,21.027469635009766,35470307
2024-08-20,20.96963882446289,21.61734962463379,20.96963882446289,21.44385528564453,15076828
2024-08-21,20.622650146484375,21.224096298217773,20.576385498046875,20.934940338134766,8161986
2024-08-22,20.680482864379883,21.490121841430664,20.599519729614258,20.87710952758789,13290504
2024-08-23,20.703615188598633,21.23566246032715,20.553253173828125,20.703615188598633,14370065
2024-08-26,21.1662654876709,21.698314666748047,20.87710952758789,21.05060386657715,24315964
2024-08-27,21.131567001342773,21.513254165649414,20.92337417602539,21.455421447753906,17210567
2024-08-28,20.657350540161133,21.09686851501465,20.599519729614258,21.039037704467773,12182687
2024-08-29,20.842409133911133,20.853975296020508,20.402891159057617,20.680482864379883,10736127
2024-09-02,21.06216812133789,21.1662654876709,20.796144485473633,20.94650650024414,9465708
2024-09-03,20.761445999145508,21.35132598876953,20.703615188598633,20.958072662353516,11720040
2024-09-04,20.414457321166992,20.703615188598633,20.3797607421875,20.668916702270508,8282915
2024-09-05,20.506988525390625,20.761445999145508,20.4722900390625,20.668916702270508,7282895
2024-09-06,20.402891159057617,20.738313674926758,20.368192672729492,20.506988525390625,8126261
2024-09-09,19.9171085357666,20.402891159057617,19.882410049438477,20.356626510620117,6504190
2024-09-10,19.63951873779297,20.264097213745117,19.627952575683594,20.240964889526367,6981164
2024-09-11,18.980241775512695,19.743614196777344,18.841445922851562,19.546987533569336,10130711
2024-09-12,18.910844802856445,19.292530059814453,18.425060272216797,19.188434600830078,10096664
2024-09-13,19.766746520996094,19.766746520996094,18.031808853149414,18.864578247070312,11377717
2024-09-16,19.66265106201172,20.102169036865234,19.35036277770996,19.720481872558594,7729296
2024-09-17,19.743614196777344,19.789880752563477,19.35036277770996,19.46602439880371,7203707
2024-09-18,19.327228546142578,19.66265106201172,19.327228546142578,19.63951873779297,5275574
2024-09-19,19.720481872558594,19.720481872558594,19.373493194580078,19.546987533569336,7813654
2024-09-20,19.68578338623047,19.905542373657227,19.338796615600586,19.66265106201172,8712838
2024-09-23,19.01494026184082,19.9171085357666,19.01494026184082,19.766746520996094,7612880
2024-09-24,18.737350463867188,19.165302276611328,18.667951583862305,19.03807258605957,7504669
2024-09-25,18.853012084960938,19.049638748168945,18.13590431213379,18.737350463867188,11874394
2024-09-26,18.436626434326172,18.818313598632812,18.367229461669922,18.65638542175293,5844764
2024-09-27,18.737350463867188,18.887710571289062,18.309398651123047,18.436626434326172,9449670
2024-09-30,18.67951774597168,19.01494026184082,18.401927947998047,18.725784301757812,6626520
2024-10-01,18.51759147644043,19.61638641357422,18.22843360900879,18.933975219726562,23346671
2024-10-02,17.430362701416016,18.63325309753418,17.430362701416016,18.367229461669922,12544792
2024-10-03,17.1759033203125,17.84674644470215,17.1759033203125,17.360963821411133,12244946
2024-10-04,17.094940185546875,17.476627349853516,16.36626434326172,17.222169876098633,11972844
2024-10-07,18.795181274414062,18.795181274414062,17.118072509765625,17.118072509765625,28458450
2024-10-08,18.714216232299805,19.789880752563477,18.309398651123047,19.026506423950195,36808241
2024-10-09,18.425060272216797,19.003374099731445,18.18216896057129,18.575422286987305,7389411
2024-10-10,18.390361785888672,19.165302276611328,18.297832489013672,18.575422286987305,9564936
2024-10-11,17.96240997314453,19.049638748168945,17.93927764892578,18.691085815429688,8464011
2024-10-14,17.19903564453125,18.031808853149414,17.118072509765625,17.98554229736328,7416801
2024-10-15,17.84674644470215,18.193735122680664,17.349397659301758,17.372529983520508,11320680
2024-10-16,18.101205825805664,18.494457244873047,17.66168785095215,17.8236141204834,10062539
2024-10-17,18.15903663635254,18.413494110107422,17.742650985717773,18.020240783691406,6723743
2024-10-18,17.615421295166016,18.251567840576172,17.58072280883789,18.147470474243164,6016237
2024-10-21,19.373493194580078,19.373493194580078,18.459758758544922,18.56385612487793,11266376
2024-10-22,19.558555603027344,20.58795166015625,19.165302276611328,20.02120590209961,56857106
2024-10-23,18.876144409179688,20.611085891723633,18.829879760742188,19.813011169433594,26889257
2024-10-24,19.292530059814453,19.66265106201172,19.03807258605957,19.06120491027832,13284737
2024-10-25,20.298795700073242,20.599519729614258,19.200000762939453,19.66265106201172,20722755
2024-10-28,21.1200008392334,21.455421447753906,20.079036712646484,20.345060348510742,14110881
2024-10-30,21.513254165649414,22.612049102783203,21.513254165649414,21.744579315185547,27364450
2024-10-31,21.802410125732422,23.016868591308594,21.756145477294922,22.90120506286621,24490220
2024-11-01,21.559518814086914,22.103132247924805,21.432289123535156,21.698314666748047,20287455
2024-11-04,20.437591552734375,21.652048110961914,20.09060287475586,21.64048194885254,16834301
2024-11-05,20.217832565307617,20.692049026489258,19.8708438873291,20.483856201171875,10819187
2024-11-06,21.57108497619629,21.790843963623047,20.079036712646484,20.321928024291992,24484480
2024-11-07,21.39759063720703,22.103132247924805,20.911808013916016,21.57108497619629,16221735
2024-11-08,22.311325073242188,22.78554344177246,21.28192710876465,21.409156799316406,29581872
2024-11-11,24.000001907348633,24.393253326416016,22.346025466918945,22.35759162902832,31368750
2024-11-12,24.38168716430664,25.422651290893555,23.965301513671875,24.74024200439453,44537573
2024-11-13,24.115663528442383,24.774940490722656,23.398555755615234,24.28915786743164,29267830
2024-11-14,24.636144638061523,25.05253028869629,24.43951988220215,24.589879989624023,15699068
2024-11-15,24.98313331604004,26.17445945739746,24.98313331604004,25.665542602539062,29572915
2024-11-18,24.150362014770508,25.098796844482422,24.150362014770508,25.040964126586914,20691354
2024-11-19,23.59518051147461,24.31229019165039,23.07469940185547,24.231325149536133,19984419
2024-11-20,23.178796768188477,24.208192825317383,22.95903778076172,24.138795852661133,15263621
2024-11-21,24.115663528442383,24.115663528442383,22.95903778076172,23.248193740844727,16437137
2024-11-22,24.034698486328125,25.07566261291504,24.000001907348633,24.636144638061523,21181106
2024-11-25,24.40481948852539,24.543615341186523,23.560483932495117,24.543615341186523,14392700
2024-11-26,24.751808166503906,25.260723114013672,24.034698486328125,24.520483016967773,23054995
2024-11-27,24.659278869628906,25.330120086669922,24.393253326416016,25.249156951904297,20198688
2024-11-28,23.673795700073242,25.91927719116211,23.331626892089844,24.91415786743164,22705790
2024-11-29,23.82349395751953,24.807228088378906,22.989458084106445,23.524097442626953,17354432
2024-12-02,22.882530212402344,23.75933837890625,22.882530212402344,23.481325149536133,10318276
2024-12-03,22.283735275268555,23.075000762939453,22.240964889526367,22.775602340698242,12573225
2024-12-04,22.00572395324707,22.540361404418945,21.77048110961914,22.34789276123047,12032951
2024-12-05,22.240964889526367,23.160541534423828,22.198192596435547,22.41204833984375,16813426
2024-12-06,22.15542221069336,22.497591018676758,22.027109146118164,22.497591018676758,8959625
2024-12-09,22.625904083251953,22.92530059814453,22.240964889526367,22.283735275268555,14349935
2024-12-10,22.027109146118164,22.71144676208496,21.941566467285156,22.66867446899414,9684603
2024-12-11,21.599397659301758,22.21957778930664,21.513856887817383,22.15542221069336,8269963
2024-12-12,21.81325340270996,22.326505661010742,21.642169952392578,21.642169952392578,10193180
2024-12-13,22.34789276123047,22.390663146972656,21.70632553100586,21.834638595581055,9150321
2024-12-16,23.096385955810547,23.331626892089844,22.36927604675293,22.454818725585938,15140109
2024-12-17,22.647289276123047,23.26746940612793,22.454818725585938,23.01084327697754,10115565
2024-12-18,21.920181274414062,22.75421714782715,21.920181274414062,22.60451889038086,6810563
2024-12-19,21.81325340270996,22.176807403564453,21.385541915893555,21.684940338134766,9919360
2024-12-20,21.428312301635742,21.834638595581055,21.16313362121582,21.66355323791504,8568059
2024-12-23,20.974939346313477,21.920181274414062,20.838071823120117,21.66355323791504,6856629
2024-12-24,21.086145401000977,21.334217071533203,20.829517364501953,20.992048263549805,7905754
2024-12-25,21.086145401000977,21.535240173339844,20.974939346313477,21.492469787597656,4854036
2024-12-26,20.966386795043945,21.274337768554688,20.923614501953125,21.180240631103516,7114299
2024-12-27,22.26235008239746,22.66867446899414,20.974939346313477,20.974939346313477,18070142
2024-12-30,22.497591018676758,22.882530212402344,22.134035110473633,22.26235008239746,12208953
2024-12-31,22.112651824951172,22.66867446899414,21.81325340270996,22.34789276123047,9101003
2025-01-02,22.818374633789062,23.224699020385742,22.433433532714844,22.433433532714844,12198439
2025-01-03,24.122892379760742,24.636144638061523,23.353012084960938,23.75933837890625,21595435
2025-01-06,24.400903701782227,25.21355438232422,23.97319221496582,24.122892379760742,17158697
2025-01-07,23.82349395751953,24.42228889465332,23.609638214111328,24.400903701782227,10925591
2025-01-08,23.844879150390625,24.743072509765625,23.631023406982422,23.951807022094727,14416005
2025-01-09,23.951807022094727,24.080120086669922,23.481325149536133,23.930421829223633,6941663
2025-01-10,23.20331382751465,24.122892379760742,23.032228469848633,23.887651443481445,8681023
2025-01-13,22.732830047607422,23.331626892089844,22.51897621154785,23.224699020385742,7904342
2025-01-14,22.625904083251953,23.160541534423828,22.326505661010742,22.75421714782715,7925873
2025-01-15,23.181928634643555,23.288856506347656,22.56174659729004,22.625904083251953,7317045
2025-01-16,23.224699020385742,23.524097442626953,22.96807289123535,23.395782470703125,6399886
2025-01-17,22.882530212402344,23.26746940612793,22.882530212402344,23.246084213256836,5086943
2025-01-20,22.92530059814453,23.502710342407227,22.796987533569336,22.882530212402344,7963709
2025-01-21,22.690059661865234,23.31024169921875,22.51897621154785,23.224699020385742,6623722
2025-01-22,22.732830047607422,22.882530212402344,22.283735275268555,22.647289276123047,6671287
2025-01-23,22.75421714782715,23.20331382751465,22.56174659729004,22.796987533569336,9357148
2025-01-24,22.690059661865234,22.92530059814453,22.433433532714844,22.732830047607422,7577502
2025-01-27,21.941566467285156,22.796987533569336,21.599397659301758,22.60451889038086,11594353
2025-01-28,23.41716957092285,24.122892379760742,22.176807403564453,22.176807403564453,28619364
2025-01-29,22.989458084106445,24.35813331604004,22.796987533569336,23.224699020385742,14395956
2025-01-30,22.796987533569336,23.502710342407227,22.60451889038086,23.31024169921875,8134682
2025-01-31,23.31024169921875,23.31024169921875,22.433433532714844,22.75421714782715,8524747
2025-02-03,22.60451889038086,23.096385955810547,22.56174659729004,22.96807289123535,9137203
2025-02-04,23.609638214111328,23.75933837890625,22.540361404418945,22.647289276123047,14042655
2025-02-05,22.625904083251953,24.122892379760742,22.41204833984375,23.97319221496582,14179464
2025-02-06,22.66867446899414,23.096385955810547,22.540361404418945,23.075000762939453,7507798
2025-02-07,22.796987533569336,22.946687698364258,22.41204833984375,22.66867446899414,8025562
2025-02-10,22.454818725585938,22.96807289123535,22.36927604675293,22.796987533569336,8263624
2025-02-11,22.326505661010742,22.433433532714844,21.941566467285156,22.41204833984375,6021062
2025-02-12,21.96295166015625,22.796987533569336,21.898794174194336,22.326505661010742,9846263
2025-02-13,22.41204833984375,22.839759826660156,22.15542221069336,22.71144676208496,10210014
2025-02-14,22.26235008239746,22.36927604675293,22.048494338989258,22.36927604675293,5859355
2025-02-17,22.091264724731445,22.56174659729004,22.06987953186035,22.34789276123047,6665559
2025-02-18,22.390663146972656,22.583133697509766,22.06987953186035,22.176807403564453,8201346
2025-02-19,21.898794174194336,22.56174659729004,21.877410888671875,22.30512046813965,10798683
2025-02-20,21.74909782409668,22.15542221069336,21.62078285217285,21.877410888671875,8049526
2025-02-21,21.535240173339844,22.091264724731445,21.017711639404297,21.898794174194336,9522842
2025-02-24,21.231565475463867,21.727710723876953,21.09469985961914,21.578012466430664,6457507
2025-02-25,20.555782318115234,21.248674392700195,20.162288665771484,21.223012924194336,7341656
2025-02-26,20.949277877807617,21.877410888671875,20.205059051513672,20.555782318115234,18067801
2025-02-27,21.00060272216797,21.291446685791016,20.581445693969727,20.91506004333496,9655911
2025-02-28,20.701204299926758,21.060482025146484,20.641324996948242,20.95783042907715,6258326
2025-03-03,21.55662727355957,21.55662727355957,20.84662628173828,20.872289657592773,9768821
2025-03-04,21.274337768554688,21.44969940185547,21.00060272216797,21.385541915893555,5928364
2025-03-05,22.240964889526367,22.390663146972656,21.342771530151367,21.85602378845215,9343057
2025-03-06,23.31024169921875,23.395782470703125,22.26235008239746,22.26235008239746,13589959
2025-03-07,24.400903701782227,24.507831573486328,22.946687698364258,23.139156341552734,16109869
2025-03-10,25.192169189453125,25.555723190307617,24.443674087524414,24.55060386657715,16563727
2025-03-11,25.66265106201172,26.133132934570312,24.91415786743164,25.192169189453125,20261788
2025-03-12,24.55060386657715,24.999698638916016,24.080120086669922,24.678916931152344,16506758
2025-03-13,24.76445770263672,24.9355411529541,24.379518508911133,24.636144638061523,12720783
2025-03-14,24.72168731689453,25.384639739990234,24.593374252319336,24.91415786743164,9536304
2025-03-17,24.9355411529541,25.363252639770508,24.807228088378906,25.06385612487793,9809627
2025-03-18,25.66265106201172,25.897891998291016,24.187047958374023,24.892770767211914,17126558
2025-03-19,23.160541534423828,24.9355411529541,23.096385955810547,23.524097442626953,19039259
2025-03-20,24.379518508911133,24.72168731689453,23.160541534423828,23.160541534423828,19656880
2025-03-21,21.941566467285156,24.443674087524414,21.941566467285156,24.42228889465332,17791769
2025-03-24,22.497591018676758,23.90903663635254,21.25722885131836,22.027109146118164,24580222
2025-03-25,24.743072509765625,24.743072509765625,22.71144676208496,22.989458084106445,19193398
2025-03-26,22.882530212402344,24.101505279541016,22.86114501953125,23.802108764648438,40936064
2025-03-27,22.26235008239746,23.695180892944336,22.00572395324707,23.524097442626953,18665142
2025-03-28,22.134035110473633,22.56174659729004,21.727710723876953,22.476205825805664,13491247
2025-04-02,22.198192596435547,23.139156341552734,21.81325340270996,21.96295166015625,19658210
2025-04-03,21.791868209838867,22.497591018676758,21.74909782409668,22.198192596435547,11226680
2025-04-04,21.428312301635742,22.198192596435547,21.30855369567871,22.091264724731445,10943996
2025-04-07,21.684940338134766,21.941566467285156,20.376144409179688,20.649879455566406,17109544
2025-04-08,21.492469787597656,22.027109146118164,21.342771530151367,22.027109146118164,11687893
2025-04-09,20.897951126098633,21.55662727355957,20.880842208862305,21.299999237060547,14554884
2025-04-10,21.017711639404297,21.66355323791504,20.966386795043945,21.66355323791504,11192764
2025-04-11,21.017711639404297,21.299999237060547,20.812410354614258,21.043373107910156,14893355
2025-04-14,20.974939346313477,21.428312301635742,20.906505584716797,21.223012924194336,8399143
2025-04-15,20.68409538269043,21.17168617248535,20.649879455566406,20.974939346313477,9579406
2025-04-16,20.513011932373047,21.009157180786133,20.35903549194336,20.65843391418457,10879798
2025-04-17,20.513011932373047,20.7781925201416,20.187952041625977,20.692651748657227,12431627
2025-04-18,20.016868591308594,20.624216079711914,19.93988037109375,20.555782318115234,9229122
2025-04-21,19.631927490234375,20.12807273864746,19.529277801513672,20.068193435668945,10968129
2025-04-22,19.075904846191406,19.7773494720459,18.981807708740234,19.66614532470703,10432842
2025-04-24,19.170000076293945,19.452289581298828,18.844940185546875,19.084457397460938,12169293
2025-04-25,18.9903621673584,19.332529067993164,18.930482864379883,19.17855453491211,7901992
2025-04-28,18.229036331176758,18.981807708740234,18.21192741394043,18.981807708740234,14077351
2025-04-29,18.60542106628418,19.452289581298828,18.0921688079834,18.1948184967041,28475248
2025-04-30,18.109277725219727,19.195663452148438,17.972410202026367,18.60542106628418,16059000
2025-05-02,18.057952880859375,18.314577102661133,17.921083450317383,18.177711486816406,7638293
2025-05-05,17.767108917236328,18.3060245513916,17.75,18.066505432128906,7122302
2025-05-06,17.878313064575195,18.340240478515625,17.715782165527344,17.75,11251367
2025-05-07,17.767108917236328,18.58831214904785,17.664457321166992,17.775663375854492,13967239
2025-05-08,17.921083450317383,18.057952880859375,17.715782165527344,17.792770385742188,5650001
2025-05-09,18.451446533203125,18.759397506713867,17.963855743408203,18.177711486816406,13980701
2025-05-12,19.238433837890625,19.332529067993164,18.631084442138672,18.90481948852539,19194369
2025-05-13,18.066505432128906,18.408674240112305,17.963855743408203,18.220481872558594,19012512
2025-05-14,17.792770385742188,18.18626594543457,17.741445541381836,18.109277725219727,12403739
2025-05-15,17.416385650634766,17.989517211914062,17.4078311920166,17.826988220214844,8270645
2025-05-16,17.596023559570312,17.724336624145508,17.433494567871094,17.45060157775879,10218774
2025-05-20,17.442047119140625,17.98096466064453,17.442047119140625,17.852651596069336,7990786
2025-05-21,17.35650634765625,17.57036018371582,17.296627044677734,17.442047119140625,6376146
2025-05-22,17.88686752319336,19.084457397460938,17.861204147338867,18.60542106628418,30329618
2025-05-23,18.00662612915039,18.48566246032715,17.63024139404297,17.86975860595703,19858623
2025-05-26,17.91253089904785,18.519880294799805,17.80132484436035,18.391565322875977,10373250
2025-05-27,17.45060157775879,17.998071670532227,17.433494567871094,17.91253089904785,8139982
2025-05-28,17.211084365844727,17.86975860595703,17.15120506286621,17.390722274780273,8902046
2025-05-29,17.065662384033203,17.45060157775879,17.048553466796875,17.28807258605957,5820771
2025-05-30,17.116987228393555,17.17686653137207,16.82614517211914,17.074216842651367,5973285
2025-06-02,16.680723190307617,17.091325759887695,16.6208438873291,16.945903778076172,6266705
2025-06-03,17.347951889038086,17.373613357543945,16.73204803466797,16.740602493286133,7509895
2025-06-04,17.92963981628418,18.0921688079834,17.185422897338867,17.28807258605957,9820865
2025-06-05,17.946746826171875,18.0921688079834,17.647348403930664,17.86975860595703,3826482
2025-06-10,18.02373504638672,18.400121688842773,17.95530128479004,18.00662612915039,9632600
2025-06-11,17.86975860595703,18.220481872558594,17.835542678833008,18.02373504638672,8187026
2025-06-12,17.116987228393555,17.690120697021484,17.116987228393555,17.68156623840332,5475825
2025-06-13,16.25301170349121,16.483976364135742,15.4489164352417,16.244457244873047,9823587
2025-06-16,16.210241317749023,16.398433685302734,15.902289390563965,16.31289291381836,6981564
2025-06-17,16.381324768066406,17.091325759887695,16.33855438232422,16.63795280456543,15664166
2025-06-18,15.645663261413574,16.2957820892334,15.645663261413574,16.25301170349121,9327694
2025-06-19,15.414698600769043,15.8937349319458,15.252168655395508,15.688433647155762,9519251
2025-06-20,15.26927661895752,15.714096069335938,15.23505973815918,15.440361022949219,8508750
2025-06-23,14.610602378845215,15.098193168640137,14.525059700012207,15.072529792785645,10187501
2025-06-24,15.414698600769043,15.483132362365723,15.004096031188965,15.226506233215332,9865007
2025-06-25,15.132410049438477,15.799638748168945,15.132410049438477,15.799638748168945,7919221
2025-06-26,15.029759407043457,15.457469940185547,14.927107810974121,15.132410049438477,4993321
2025-06-27,14.892891883850098,15.1666259765625,14.756024360656738,15.055421829223633,6886505
2025-06-30,15.431806564331055,15.4489164352417,14.815903663635254,14.918554306030273,9548773
2025-07-01,15.765421867370605,16.022048950195312,15.303494453430176,15.414698600769043,18415193
2025-07-02,15.902289390563965,16.107589721679688,15.628554344177246,15.970723152160645,12435396
2025-07-03,16.71493911743164,17.091325759887695,16.11614418029785,16.11614418029785,27099436
2025-07-04,16.672168731689453,17.05710792541504,16.509639739990234,16.73204803466797,11534179
2025-07-07,16.081928253173828,16.629398345947266,16.047710418701172,16.449758529663086,7706729
2025-07-08,15.671324729919434,16.2957820892334,15.619999885559082,16.176023483276367,7934731
2025-07-09,16.415542602539062,16.75771141052246,15.637107849121094,15.671324729919434,15412173
2025-07-10,16.569517135620117,17.31373405456543,16.45831298828125,16.509639739990234,20298514
2025-07-11,16.569517135620117,16.774818420410156,16.449758529663086,16.586626052856445,12633703
2025-07-14,16.193132400512695,16.697830200195312,16.167470932006836,16.509639739990234,9044173
2025-07-16,16.261566162109375,17.17686653137207,16.030601501464844,16.193132400512695,19485467
2025-07-17,16.603734970092773,16.70638656616211,16.287229537963867,16.304336547851562,8923972
2025-07-18,16.501083374023438,16.629398345947266,16.355663299560547,16.603734970092773,6959474
2025-07-21,16.877470016479492,16.89457893371582,16.52674674987793,16.52674674987793,7431934
2025-07-22,17.21963882446289,17.21963882446289,16.740602493286133,16.945903778076172,14646165
2025-07-23,17.741445541381836,18.00662612915039,17.330842971801758,17.382169723510742,23808974
2025-07-24,17.459157943725586,18.083614349365234,17.365060806274414,17.741445541381836,14714017
2025-07-25,17.68156623840332,17.903976440429688,17.45060157775879,17.45060157775879,9210607
2025-07-28,17.998071670532227,18.365903854370117,17.75,17.767108917236328,15629565
2025-07-29,17.61313247680664,18.21192741394043,17.536144256591797,17.998071670532227,9367732
2025-07-30,17.459157943725586,17.732891082763672,17.382169723510742,17.58746910095215,9467959
2025-07-31,17.596023559570312,17.75,17.45060157775879,17.45060157775879,7991999
2025-08-01,17.604578018188477,17.767108917236328,17.510482788085938,17.604578018188477,6399147
2025-08-04,17.792770385742188,18.015180587768555,17.604578018188477,17.604578018188477,14455176
2025-08-05,17.58746910095215,17.963855743408203,17.578916549682617,17.878313064575195,9537487
2025-08-06,17.604578018188477,17.732891082763672,17.373613357543945,17.58746910095215,10900859
2025-08-07,17.61313247680664,17.826988220214844,17.536144256591797,17.56180763244629,11436702
2025-08-08,17.382169723510742,17.61313247680664,17.330842971801758,17.61313247680664,9437847
2025-08-11,17.861204147338867,17.98096466064453,17.390722274780273,17.390722274780273,18211889
2025-08-12,17.467710494995117,17.75,17.373613357543945,17.75,9823903
2025-08-13,16.886024475097656,17.536144256591797,16.886024475097656,17.365060806274414,14356004
2025-08-14,16.57807159423828,16.928794860839844,16.552410125732422,16.89457893371582,11780804
2025-08-15,17.279518127441406,17.330842971801758,16.52674674987793,16.57807159423828,14265366
2025-08-18,17.724336624145508,17.861204147338867,17.12554168701172,17.270963668823242,19292460
2025-08-19,17.339397430419922,17.989517211914062,17.253854751586914,17.91253089904785,10977923
2025-08-20,16.261566162109375,16.552410125732422,16.11614418029785,16.11614418029785,28589405
2025-08-21,16.45831298828125,16.535301208496094,16.2957820892334,16.449758529663086,16769221
2025-08-22,16.63795280456543,17.382169723510742,16.38987922668457,16.475421905517578,27705595
2025-08-25,17.159759521484375,17.42494010925293,16.749156951904297,16.749156951904297,19393950
2025-08-26,16.543855667114258,17.536144256591797,16.543855667114258,17.168312072753906,28149395
2025-08-27,16.27012062072754,17.022891998291016,16.124698638916016,16.66361427307129,18901708
2025-08-28,16.176023483276367,16.415542602539062,16.167470932006836,16.347108840942383,10991699
2025-08-29,16.287229537963867,16.518192291259766,16.107589721679688,16.2957820892334,13934067
2025-09-01,16.27012062072754,16.381324768066406,16.176023483276367,16.2957820892334,10381272
2025-09-02,15.748312950134277,16.415542602539062,14.884337425231934,16.304336547851562,19806193
2025-09-03,15.543011665344238,15.765421867370605,14.986988067626953,15.748312950134277,11584094
2025-09-04,15.756867408752441,16.11614418029785,15.671324729919434,16.03915786743164,10853558
2025-09-05,15.654216766357422,16.01349449157715,15.56011962890625,15.833854675292969,13266656
2025-09-08,14.978433609008789,15.329156875610352,14.90999984741211,15.329156875610352,10437509
2025-09-09,15.021204948425293,15.243614196777344,14.94421672821045,14.9955415725708,10867711
2025-09-10,14.84156608581543,15.1666259765625,14.833011627197266,15.072529792785645,8115410
2025-09-11,14.713253021240234,15.26927661895752,14.644819259643555,14.850119590759277,15029321
2025-09-12,14.567831039428711,14.790241241455078,14.328312873840332,14.781686782836914,10939041
2025-09-15,15.286384582519531,15.303494453430176,14.27698802947998,14.533614158630371,13875273
2025-09-16,15.84241008758545,15.979276657104492,15.371928215026855,15.414698600769043,18067154
2025-09-17,16.099035263061523,16.543855667114258,15.868071556091309,15.910842895507812,21591210
2025-09-18,16.235904693603516,16.680723190307617,16.176023483276367,16.244457244873047,16976723
2025-09-19,16.492530822753906,16.560964584350586,16.056264877319336,16.25301170349121,24009977
2025-09-22,16.843252182006836,17.168312072753906,16.569517135620117,16.740602493286133,22504481
2025-09-23,16.20168685913086,16.91168785095215,16.176023483276367,16.603734970092773,20155826
2025-09-24,16.150360107421875,16.415542602539062,15.910842895507812,16.210241317749023,14533105
2025-09-25,15.825301170349121,16.261566162109375,15.782529830932617,16.218795776367188,8611539
2025-09-26,16.107589721679688,17.108434677124023,15.8937349319458,15.936506271362305,33698132
2025-09-29,15.619999885559082,16.244457244873047,15.619999885559082,16.107589721679688,16513452
2025-09-30,15.654216766357422,15.99638557434082,15.53445816040039,15.619999885559082,11774735
2025-10-01,16.158916473388672,16.18457794189453,15.354819297790527,15.714096069335938,12474242
2025-10-02,16.030601501464844,16.552410125732422,15.910842895507812,16.13325309753418,12849454
2025-10-03,15.414698600769043,16.081928253173828,15.371928215026855,16.030601501464844,9539222
2025-10-06,15.081084251403809,15.508794784545898,15.072529792785645,15.457469940185547,7287743
2025-10-07,15.089637756347656,15.277831077575684,14.918554306030273,15.149518013000488,9304358
2025-10-08,15.029759407043457,15.671324729919434,15.029759407043457,15.106746673583984,17293685
2025-10-09,14.969879150390625,15.782529830932617,14.94421672821045,15.440361022949219,14307892
2025-10-10,15.149518013000488,15.431806564331055,15.021204948425293,15.312047958374023,13711608
2025-10-13,14.756024360656738,15.004096031188965,14.756024360656738,14.918554306030273,8243188
2025-10-14,14.294095993041992,14.986988067626953,14.294095993041992,14.80734920501709,9951267
2025-10-15,14.542168617248535,14.661928176879883,14.302651405334473,14.302651405334473,10207561
2025-10-16,14.388193130493164,14.653372764587402,14.15722942352295,14.51650619506836,6593910
2025-10-17,14.054577827453613,14.396746635437012,13.815059661865234,14.388193130493164,9856373
2025-10-20,14.199999809265137,14.217107772827148,13.823614120483398,14.063132286071777,7837462
2025-10-21,14.114458084106445,14.24277114868164,14.011807441711426,14.225663185119629,5770840
2025-10-22,14.020360946655273,14.259879112243652,14.020360946655273,14.165782928466797,5515726
2025-10-23,13.94337272644043,14.105903625488281,13.909156799316406,14.071686744689941,6589323
2025-10-24,14.533614158630371,14.696145057678223,13.969036102294922,13.969036102294922,15956429
2025-10-27,14.34542179107666,14.653372764587402,14.302651405334473,14.542168617248535,7047258
2025-10-28,14.24277114868164,14.48228931427002,14.234216690063477,14.379637718200684,3087789
2025-10-30,14.584939956665039,14.679036140441895,14.27698802947998,14.27698802947998,7785374
2025-10-31,14.679036140441895,14.730360984802246,14.413854598999023,14.584939956665039,7911396
2025-11-03,15.012651443481445,15.252168655395508,14.619156837463379,14.619156837463379,10646966
2025-11-04,14.833011627197266,15.106746673583984,14.790241241455078,15.106746673583984,8354800
2025-11-05,16.31289291381836,16.31289291381836,15.756867408752441,16.31289291381836,41963185
2025-11-06,16.31289291381836,16.809036254882812,16.11614418029785,16.629398345947266,45497316
2025-11-07,15.722650527954102,16.535301208496094,15.654216766357422,16.31289291381836,17570783
2025-11-10,16.210241317749023,16.680723190307617,15.73975944519043,15.73975944519043,28636565
2025-11-11,15.782529830932617,16.25301170349121,15.183734893798828,16.11614418029785,19202103
2025-11-12,15.466024398803711,15.953614234924316,15.4489164352417,15.910842895507812,10201721
2025-11-13,15.77397632598877,15.885181427001953,15.354819297790527,15.491686820983887,10821796
2025-11-14,15.60289192199707,15.919398307800293,15.457469940185547,15.80819320678711,9252750
2025-11-17,16.2957820892334,16.415542602539062,15.654216766357422,15.679879188537598,17825189
2025-11-18,15.92795181274414,16.25301170349121,15.876626014709473,16.107589721679688,11180291
2025-11-19,16.03915786743164,16.449758529663086,15.876626014709473,15.970723152160645,16140406
2025-11-20,16.107589721679688,16.560964584350586,16.03915786743164,16.141807556152344,15076694
2025-11-21,16.347108840942383,16.492530822753906,15.73975944519043,16.056264877319336,15224918
2025-11-24,15.80819320678711,16.492530822753906,15.782529830932617,16.449758529663086,12886137
2025-11-25,15.99638557434082,16.997228622436523,15.99638557434082,16.441204071044922,37941812
2025-11-26,15.765421867370605,16.441204071044922,15.705541610717773,16.03915786743164,12474317
2025-11-27,15.77397632598877,16.081928253173828,15.756867408752441,15.833854675292969,11815210
2025-11-28,15.474577903747559,15.84241008758545,15.389036178588867,15.765421867370605,8941395
2025-12-01,15.953614234924316,15.96216869354248,15.414698600769043,15.414698600769043,8261186
2025-12-02,16.33855438232422,16.483976364135742,15.833854675292969,15.945059776306152,13146203
2025-12-03,16.32144546508789,16.441204071044922,16.090482711791992,16.355663299560547,11586135
2025-12-04,16.2957820892334,16.70638656616211,16.11614418029785,16.355663299560547,13507517
2025-12-05,16.475421905517578,16.57807159423828,16.167470932006836,16.31289291381836,9928656
2025-12-08,16.655059814453125,16.791927337646484,16.449758529663086,16.6208438873291,11857772
2025-12-09,16.52674674987793,16.945903778076172,16.45831298828125,16.655059814453125,13302351
2025-12-10,16.612289428710938,17.228193283081055,16.535301208496094,16.937349319458008,19076071
2025-12-11,16.304336547851562,16.78337287902832,16.244457244873047,16.63795280456543,10760732
2025-12-12,15.987831115722656,16.381324768066406,15.953614234924316,16.33855438232422,10575621
2025-12-15,16.347108840942383,16.71493911743164,15.816746711730957,15.987831115722656,22248927
2025-12-16,15.987831115722656,16.466867446899414,15.868071556091309,16.36421775817871,10555224
2025-12-17,15.696988105773926,16.073373794555664,15.611446380615234,15.987831115722656,6766889
2025-12-18,15.765421867370605,16.004940032958984,15.628554344177246,15.731204986572266,8064333
2025-12-19,15.551566123962402,15.782529830932617,15.457469940185547,15.765421867370605,6425069
2025-12-22,15.585783004760742,16.22734832763672,15.525903701782227,15.987831115722656,14559478
2025-12-23,15.645663261413574,16.150360107421875,15.525903701782227,15.722650527954102,15106093
2025-12-24,15.765421867370605,15.945059776306152,15.611446380615234,15.645663261413574,8523445
2025-12-25,15.671324729919434,15.945059776306152,15.611446380615234,15.910842895507812,4873514
2025-12-26,15.850963592529297,15.953614234924316,15.551566123962402,15.825301170349121,9199565
2025-12-29,15.483132362365723,16.158916473388672,15.431806564331055,16.03915786743164,11928242
2025-12-30,15.816746711730957,15.816746711730957,15.483132362365723,15.56867504119873,8455195
2025-12-31,15.628554344177246,15.791084289550781,15.60289192199707,15.782529830932617,5313966
2026-01-02,15.876626014709473,15.876626014709473,15.611446380615234,15.628554344177246,8133691
2026-01-05,15.80819320678711,15.910842895507812,15.679879188537598,15.876626014709473,9563467
2026-01-06,15.885181427001953,16.022048950195312,15.825301170349121,15.876626014709473,11703623
2026-01-07,15.56867504119873,15.945059776306152,15.551566123962402,15.92795181274414,8801841
2026-01-08,15.56867504119873,15.714096069335938,14.884337425231934,15.543011665344238,9062903
2026-01-09,15.440361022949219,15.671324729919434,15.363372802734375,15.56867504119873,7532083
2026-01-12,15.294939994812012,15.92795181274414,15.23505973815918,15.466024398803711,14595837
2026-01-13,16.124698638916016,16.22734832763672,15.252168655395508,15.380481719970703,15908233
2026-01-14,16.081928253173828,16.603734970092773,15.919398307800293,16.141807556152344,21856604
2026-01-15,16.851806640625,16.92024040222168,15.868071556091309,15.979276657104492,18150373
2026-01-16,17.279518127441406,17.527589797973633,16.569517135620117,16.834699630737305,27011631
2026-01-19,17.596023559570312,17.98096466064453,17.390722274780273,17.75,25782324
2026-01-20,17.21963882446289,17.596023559570312,16.945903778076172,17.596023559570312,21226583
2026-01-21,16.501083374023438,17.23674774169922,16.4069881439209,17.21963882446289,20347334
2026-01-22,17.074216842651367,17.12554168701172,16.466867446899414,16.59518051147461,18411735
2026-01-23,18.58831214904785,18.67385482788086,16.91168785095215,17.339397430419922,46268682
2026-01-26,18.86204719543457,19.674699783325195,18.365903854370117,18.71662712097168,36379915
2026-01-27,18.562650680541992,19.358192443847656,18.48566246032715,18.870601654052734,25476818
2026-01-28,18.725181579589844,19.118675231933594,18.459999084472656,18.562650680541992,18845864
2026-01-29,18.947589874267578,19.332529067993164,18.46855354309082,18.90481948852539,28436682
2026-01-30,18.60542106628418,19.016023635864258,18.554096221923828,18.947589874267578,16261698
2026-02-02,18.819276809692383,19.495059967041016,18.34879493713379,18.83638572692871,32230619
2026-02-03,18.86204719543457,19.27265167236328,18.750843048095703,18.819276809692383,15589520
2026-02-04,18.86204719543457,20.10240936279297,18.86204719543457,20.093856811523438,34916036
2026-02-05,17.98096466064453,18.998916625976562,17.972410202026367,18.844940185546875,20950464
2026-02-06,17.80132484436035,18.066505432128906,17.416385650634766,17.963855743408203,15565714
2026-02-09,17.741445541381836,17.98096466064453,17.690120697021484,17.91253089904785,13735524
2026-02-10,17.442047119140625,17.835542678833008,17.416385650634766,17.775663375854492,12764714
2026-02-11,17.61313247680664,17.775663375854492,17.23674774169922,17.390722274780273,13588878
2026-02-12,18.220481872558594,18.32313346862793,17.56180763244629,17.638795852661133,18320456
2026-02-13,18.246145248413086,18.725181579589844,18.117830276489258,18.229036331176758,18491050
2026-02-16,18.870601654052734,19.075904846191406,18.37445831298828,18.477108001708984,19979534
2026-02-17,18.5369873046875,19.152891159057617,18.519880294799805,18.819276809692383,18365675
2026-02-18,17.673011779785156,18.519880294799805,17.604578018188477,18.126386642456055,24869974
2026-02-19,16.441204071044922,17.878313064575195,16.2957820892334,17.673011779785156,20567969
2026-02-20,17.022891998291016,17.527589797973633,16.552410125732422,16.6208438873291,20495949
2026-02-23,17.373613357543945,17.741445541381836,17.168312072753906,17.296627044677734,14831711
2026-02-24,17.159759521484375,17.732891082763672,17.022891998291016,17.09988021850586,15952980
2026-02-25,16.569517135620117,17.202529907226562,16.552410125732422,17.134096145629883,10474723
2026-02-26,16.91168785095215,16.997228622436523,16.381324768066406,16.569517135620117,9911735
2026-02-27,17.322288513183594,18.04939842224121,16.9630126953125,17.1939754486084,23494535
2026-03-02,16.886024475097656,17.005783081054688,16.03915786743164,16.073373794555664,15802925
2026-03-03,16.586626052856445,17.322288513183594,16.535301208496094,17.1939754486084,15310298
2026-03-04,17.022891998291016,17.578916549682617,16.59518051147461,16.603734970092773,19956482
2026-03-05,17.108434677124023,17.467710494995117,16.937349319458008,17.202529907226562,14932225
2026-03-06,16.766265869140625,17.211084365844727,16.629398345947266,17.09988021850586,11024169
2026-03-09,16.9630126953125,16.9630126953125,15.92795181274414,16.75771141052246,13364764
2026-03-10,17.989517211914062,18.00662612915039,17.134096145629883,17.3051815032959,15367987
2026-03-11,19.785903930664062,19.785903930664062,19.452289581298828,19.785903930664062,23415302
2026-03-12,21.74909782409668,21.74909782409668,20.367589950561523,20.530120849609375,68286211
2026-03-13,21.317108154296875,22.433433532714844,20.666988372802734,21.898794174194336,67091825
2026-03-16,20.641324996948242,22.66867446899414,20.530120849609375,21.513856887817383,40126061
2026-03-17,22.240964889526367,22.690059661865234,20.530120849609375,20.530120849609375,50229608
2026-03-18,21.32566261291504,23.20331382751465,21.248674392700195,22.71144676208496,37217084
2026-03-19,20.86373519897461,21.66355323791504,20.86373519897461,21.299999237060547,11297330
2026-03-23,22.00572395324707,22.41204833984375,20.205059051513672,20.461687088012695,43774369
2026-03-24,21.55662727355957,22.71144676208496,21.44969940185547,21.81325340270996,24047135
2026-03-25,22.283735275268555,23.05361557006836,22.198192596435547,22.454818725585938,33314814
2026-03-26,22.690059661865234,22.989458084106445,22.048494338989258,22.26235008239746,23076589
2026-03-27,21.791868209838867,23.032228469848633,21.55662727355957,22.796987533569336,17188226
2026-03-30,21.920181274414062,22.647289276123047,21.471084594726562,21.81325340270996,24197206
2026-03-31,21.941566467285156,22.41204833984375,21.471084594726562,21.96295166015625,20377911
2026-04-01,22.882530212402344,22.96807289123535,21.834638595581055,22.36927604675293,25042714
2026-04-02,23.31024169921875,23.631023406982422,22.36927604675293,22.647289276123047,25389547
2026-04-03,21.834638595581055,23.56686782836914,21.70632553100586,23.545482635498047,20934416
2026-04-06,22.112651824951172,22.41204833984375,21.684940338134766,21.81325340270996,16821537
2026-04-07,21.009157180786133,22.283735275268555,20.992048263549805,22.048494338989258,25034337
2026-04-08,21.684940338134766,22.390663146972656,21.492469787597656,21.984336853027344,24248797
2026-04-09,21.85602378845215,22.26235008239746,21.578012466430664,21.77048110961914,14996664
2026-04-10,22.36927604675293,22.36927604675293,21.70632553100586,22.00572395324707,14464980
2026-04-13,22.240964889526367,22.647289276123047,21.81325340270996,22.240964889526367,19598929
2026-04-14,22.497591018676758,22.775602340698242,22.21957778930664,22.583133697509766,14036344
2026-04-15,22.41204833984375,22.775602340698242,22.15542221069336,22.732830047607422,18495787
2026-04-16,21.70632553100586,22.775602340698242,21.66355323791504,22.56174659729004,16416230
2026-04-17,22.454818725585938,22.454818725585938,21.599397659301758,21.791868209838867,13708733
2026-04-20,22.66867446899414,23.096385955810547,21.920181274414062,22.26235008239746,23937741
2026-04-21,22.796987533569336,23.737951278686523,22.71144676208496,22.75421714782715,21780641
2026-04-22,22.41204833984375,23.01084327697754,22.176807403564453,23.01084327697754,12670831
2026-04-23,22.41204833984375,22.41204833984375,22.41204833984375,22.41204833984375,0
2026-04-24,22.30512046813965,22.647289276123047,22.112651824951172,22.21957778930664,11519127
2026-04-27,23.56686782836914,24.529216766357422,22.390663146972656,22.41204833984375,36151329
2026-04-28,23.246084213256836,24.22981834411621,23.032228469848633,23.56686782836914,26281956
2026-04-29,24.465059280395508,24.57198715209961,23.31024169921875,23.31024169921875,25005661
2026-04-30,23.86626434326172,24.57198715209961,23.353012084960938,24.529216766357422,21891829
2026-05-01,23.86626434326172,23.86626434326172,23.86626434326172,23.86626434326172,0
2026-05-04,26.240060806274414,26.240060806274414,23.930421829223633,24.16566276550293,50930666
2026-05-05,28.22891616821289,28.549699783325195,25.91927719116211,26.838855743408203,89399241
2026-05-06,28.506927490234375,28.7635555267334,27.33072280883789,28.22891616821289,42615135
2026-05-07,31.351205825805664,31.351205825805664,27.459035873413086,28.57108497619629,52359851
2026-05-08,34.47349548339844,34.47349548339844,30.816566467285156,31.99277114868164,96775682
2026-05-11,36.89006042480469,37.916568756103516,34.90120315551758,35.5,90584467
2026-05-12,40.56837463378906,40.56837463378906,36.46234893798828,36.52650833129883,72484954
2026-05-13,42.77108383178711,44.18252944946289,40.39728927612305,41.83012008666992,112093381
2026-05-14,43.41265106201172,46.962650299072266,42.685543060302734,44.738555908203125,69214263
2026-05-15,44.86686706542969,45.12349319458008,43.027713775634766,43.41265106201172,46797633
2026-05-18,47.604217529296875,47.94638442993164,41.91566467285156,45.46566390991211,63353947
2026-05-19,47.604217529296875,47.604217529296875,47.604217529296875,47.604217529296875,0
2026-05-20,48.54518127441406,50.89759063720703,46.4066276550293,48.03192901611328,57978820
2026-05-21,43.7120475769043,49.400604248046875,43.7120475769043,48.502410888671875,49776494
2026-05-22,48.07469940185547,48.07469940185547,43.7120475769043,43.7120475769043,47704639
2026-05-25,49.18674850463867,52.86506271362305,49.015663146972656,50.042171478271484,58882730
2026-05-26,45.97891616821289,49.61445999145508,45.16626739501953,49.61445999145508,29237401
2026-05-27,45.97891616821289,45.97891616821289,45.97891616821289,45.97891616821289,0
2026-05-28,45.97891616821289,45.97891616821289,45.97891616821289,45.97891616821289,0
2026-05-29,45.97891616821289,45.97891616821289,45.97891616821289,45.97891616821289,0
2026-06-01,48.03192901611328,48.88734817504883,46.10723114013672,47.13373565673828,30314198
2026-06-02,52.351806640625,52.651206970214844,48.2030143737793,48.33132553100586,37371838
2026-06-03,50.042171478271484,53.0361442565918,49.52891540527344,52.95060348510742,33321754
2026-06-04,48.502410888671875,51.23976135253906,48.07469940185547,50.89759063720703,28096427
2026-06-05,48.28855514526367,50.298797607421875,48.117469787597656,48.6307258605957,22505442
2026-06-08,49.82831573486328,51.53915786743164,47.56144714355469,47.90361404418945,28006095
2026-06-09,46.192771911621094,49.87108612060547,46.06446075439453,49.82831573486328,20870435
2026-06-10,47.77530288696289,47.90361404418945,44.481929779052734,46.192771911621094,30710125
2026-06-11,45.294578552246094,48.84457778930664,44.481929779052734,48.160240173339844,19651589
2026-06-12,45.251808166503906,46.8343391418457,44.69578552246094,45.9361457824707,17630478
2026-06-15,46.06446075439453,47.47590637207031,45.294578552246094,46.27831268310547,23584093
2026-06-16,49.61445999145508,49.61445999145508,46.06446075439453,46.534942626953125,31215473
2026-06-17,45.97891616821289,49.61445999145508,45.97891616821289,49.61445999145508,19514199
2026-06-18,46.150001525878906,46.962650299072266,44.31084442138672,46.6204833984375,23915698
2026-06-19,46.57771301269531,47.56144714355469,45.38011932373047,46.192771911621094,14219676
2026-06-22,46.192771911621094,47.68975830078125,46.192771911621094,46.57771301269531,13667235
2026-06-23,44.909637451171875,47.47590637207031,44.78132629394531,46.192771911621094,10764613
2026-06-24,45.33734893798828,46.49216842651367,43.96867370605469,45.42289352416992,14519152
2026-06-25,44.096988677978516,46.4066276550293,43.840362548828125,45.38011932373047,13987173
2026-06-26,46.02168655395508,46.4066276550293,44.05421829223633,44.86686706542969,12374890
2026-06-29,44.31084442138672,47.00542449951172,44.31084442138672,46.192771911621094,9653760
2026-06-30,43.49819564819336,45.12349319458008,43.15602493286133,45.12349319458008,8614714
2026-07-01,41.74457931518555,43.455421447753906,41.10301208496094,43.2415657043457,19717556
2026-07-02,41.594879150390625,42.55723190307617,41.57349395751953,41.76596450805664,11412976
2026-07-03,40.525604248046875,42.21506118774414,40.525604248046875,41.680423736572266,11380845
2026-07-06,41.29548263549805,42.00120544433594,40.39728927612305,41.06024169921875,12375301
2026-07-07,40.61114501953125,41.65903854370117,39.47771072387695,41.081626892089844,16147518
2026-07-08,36.569278717041016,41.038856506347656,36.569278717041016,41.038856506347656,28077276
2026-07-09,37.85240936279297,38.23735046386719,35.58554458618164,36.71897506713867,19714823
2026-07-10,38.10903549194336,38.8789176940918,37.5316276550293,37.895179748535156,14293943
2026-07-13,39.990966796875,41.423797607421875,38.921688079833984,39.04999923706055,23925822
2026-07-14,39.60602569580078,41.27409744262695,39.39216995239258,39.990966796875,15103317
2026-07-15,39.60602569580078,39.60602569580078,39.60602569580078,39.60602569580078,0
2026-07-16,40.696685791015625,42.55723190307617,39.26385498046875,39.60602569580078,20603168
2026-07-17,39.26385498046875,41.57349395751953,38.985843658447266,41.487953186035156,14350206
2026-07-20,38.8575325012207,40.589759826660156,38.729217529296875,39.47771072387695,11647106
2026-07-21,40.333133697509766,42.40753173828125,38.70783233642578,38.8575325012207,32363590
2026-07-22,41.29548263549805,43.41265106201172,40.54698944091797,41.16716766357422,28232781
2026-07-23,43.11325454711914,44.396385192871094,41.10301208496094,41.50933837890625,35334064
2026-07-24,41.95843505859375,43.54096603393555,40.73945999145508,43.49819564819336,27096586
2026-07-27,46.150001525878906,46.150001525878906,42.64277267456055,42.98493957519531,48610220
2026-07-28,41.83012008666992,45.76506042480469,41.55210876464844,45.294578552246094,34048593
2026-07-29,40.80361557006836,42.98493957519531,40.37590408325195,42.300601959228516,23826771
2026-07-30,39.77710723876953,41.35963821411133,39.60602569580078,40.93192672729492,11962611
2026-07-31,39.0,41.560001373291016,38.41999816894531,39.220001220703125,13812394
2026-08-03,37.84000015258789,39.779998779296875,37.68000030517578,39.47999954223633,8114754
2026-08-04,40.52000045776367,41.619998931884766,37.63999938964844,37.880001068115234,30531915
2026-08-05,39.97999954223633,40.91999816894531,39.52000045776367,40.900001525878906,10535726
2026-08-06,39.08000183105469,40.5,38.900001525878906,40.099998474121094,9609056
2026-08-07,39.29999923706055,39.29999923706055,38.34000015258789,39.08000183105469,8185787
